latitude,longitude,pass_type,brightness_temp_37v
35.25,-13.0,ascending,210.85
35.25,-12.75,ascending,210.70499
35.25,-12.5,ascending,210.65666
35.25,-12.25,ascending,210.29999
35.25,-12.0,ascending,210.045
35.25,-11.75,ascending,210.31999
35.25,-11.5,ascending,210.42332
35.25,-11.25,ascending,209.9
35.25,-11.0,ascending,209.62666
35.25,-10.75,ascending,209.445
35.25,-10.5,ascending,209.32332
35.25,-10.25,ascending,209.19666
35.25,-10.0,ascending,208.94666
35.25,-9.75,ascending,208.52
35.25,-9.5,ascending,208.16333
35.25,-9.25,ascending,208.02332
35.25,-9.0,ascending,207.92334
35.25,-8.75,ascending,207.79999
35.25,-8.5,ascending,207.43665
35.25,-8.25,ascending,207.10667
35.25,-8.0,ascending,206.9125
35.25,-7.75,ascending,206.775
35.25,-7.5,ascending,206.725
35.25,-7.25,ascending,206.63799
35.25,-7.0,ascending,206.656
35.25,-6.75,ascending,207.512
35.25,-6.5,ascending,214.5757
35.25,-6.25,ascending,237.83833
35.25,-6.0,ascending,254.65833
35.25,0.75,ascending,292.25998
35.25,1.0,ascending,291.69833
35.25,1.25,ascending,291.375
35.25,1.5,ascending,290.206
35.25,1.75,ascending,289.862
35.25,2.0,ascending,289.472
35.25,2.25,ascending,289.56332
35.25,2.5,ascending,288.4925
35.25,2.75,ascending,287.35498
35.25,3.0,ascending,286.41998
35.25,3.25,ascending,285.89667
35.25,3.5,ascending,285.61667
35.25,3.75,ascending,285.405
35.25,4.0,ascending,285.57498
35.25,4.25,ascending,286.52
35.25,4.5,ascending,288.66248
35.25,4.75,ascending,290.13
35.25,5.0,ascending,290.47998
35.25,5.25,ascending,290.565
35.25,5.5,ascending,288.80002
35.25,5.75,ascending,286.875
35.25,6.0,ascending,284.93668
35.25,6.25,ascending,283.72333
35.25,6.5,ascending,283.66998
35.25,6.75,ascending,283.93
35.25,7.0,ascending,283.99
35.25,7.25,ascending,284.08334
35.25,7.5,ascending,285.21667
35.25,7.75,ascending,286.22998
35.25,8.0,ascending,286.00668
35.25,8.25,ascending,286.58
35.25,8.5,ascending,287.12
35.25,8.75,ascending,287.21997
35.25,9.0,ascending,287.6033
35.25,9.25,ascending,288.94998
35.25,9.5,ascending,289.125
35.25,9.75,ascending,289.215
35.25,10.0,ascending,289.125
35.25,10.25,ascending,287.03
35.25,10.5,ascending,282.13333
35.25,10.75,ascending,274.645
35.25,11.0,ascending,259.115
35.25,11.25,ascending,231.16333
35.25,11.5,ascending,215.38335
35.25,11.75,ascending,213.285
35.25,12.0,ascending,212.88335
35.25,12.25,ascending,212.775
35.25,12.5,ascending,212.67665
35.25,12.75,ascending,212.16333
35.25,13.0,ascending,211.665
35.25,13.25,ascending,211.51001
35.25,13.5,ascending,211.17
35.25,13.75,ascending,211.01
35.25,14.0,ascending,210.975
35.25,14.25,ascending,212.23332
35.25,14.5,ascending,212.58667
35.25,14.75,ascending,211.58998
35.25,15.0,ascending,211.04668
35.25,15.25,ascending,210.83667
35.25,15.5,ascending,210.77666
35.25,15.75,ascending,210.70749
35.25,16.0,ascending,210.60333
35.25,16.25,ascending,210.56248
35.25,16.5,ascending,210.5
35.25,16.75,ascending,210.415
35.25,17.0,ascending,210.368
35.25,17.25,ascending,210.43
35.25,17.5,ascending,210.474
35.25,17.75,ascending,210.5
35.25,18.0,ascending,210.59499
35.25,18.25,ascending,210.74333
35.25,18.5,ascending,210.83443
35.25,18.75,ascending,210.83499
35.25,25.5,ascending,236.47667
35.25,25.75,ascending,234.0675
35.25,26.0,ascending,230.74165
35.25,26.25,ascending,221.60999
35.25,26.5,ascending,216.5675
35.25,26.75,ascending,212.13599
35.25,27.0,ascending,211.23749
35.25,27.25,ascending,211.88
35.25,27.5,ascending,211.44499
35.25,27.75,ascending,210.17
35.25,28.0,ascending,209.40666
35.25,28.25,ascending,208.825
35.25,28.5,ascending,208.64665
35.25,28.75,ascending,208.42
35.25,29.0,ascending,208.35664
35.25,29.25,ascending,208.435
35.25,29.5,ascending,208.405
35.25,29.75,ascending,208.35999
35.25,30.0,ascending,208.405
35.25,30.25,ascending,208.40334
35.25,30.5,ascending,208.29
35.25,30.75,ascending,208.07332
35.25,31.0,ascending,207.98999
35.25,31.25,ascending,207.90001
35.25,31.5,ascending,207.83499
35.25,31.75,ascending,207.94666
35.25,32.0,ascending,208.525
35.25,32.25,ascending,211.61665
35.25,32.5,ascending,216.815
35.25,32.75,ascending,221.87999
35.25,33.0,ascending,228.58499
35.25,33.25,ascending,235.86333
35.25,33.5,ascending,237.11665
35.25,33.75,ascending,238.315
35.25,34.0,ascending,230.5
35.25,34.25,ascending,224.55998
35.25,34.5,ascending,219.88998
35.25,34.75,ascending,214.30666
35.25,35.0,ascending,212.14499
35.25,35.25,ascending,211.745
35.25,35.5,ascending,212.95499
35.25,35.75,ascending,226.14
35.25,36.0,ascending,256.65
35.25,36.25,ascending,279.70667
35.25,36.5,ascending,289.63998
35.25,36.75,ascending,292.75
35.25,37.0,ascending,294.02667
35.25,37.25,ascending,294.54498
35.25,37.5,ascending,294.34998
35.25,37.75,ascending,293.53
35.25,38.0,ascending,292.36
35.5,-13.0,ascending,211.04
35.5,-12.75,ascending,211.02124
35.5,-12.5,ascending,211.345
35.5,-12.25,ascending,210.8457
35.5,-12.0,ascending,210.27249
35.5,-11.75,ascending,210.23856
35.5,-11.5,ascending,210.2925
35.5,-11.25,ascending,209.96124
35.5,-11.0,ascending,209.63
35.5,-10.75,ascending,209.5025
35.5,-10.5,ascending,209.3575
35.5,-10.25,ascending,209.26
35.5,-10.0,ascending,209.08333
35.5,-9.75,ascending,208.71889
35.5,-9.5,ascending,208.31778
35.5,-9.25,ascending,208.0511
35.5,-9.0,ascending,207.84222
35.5,-8.75,ascending,207.57777
35.5,-8.5,ascending,207.397
35.5,-8.25,ascending,207.09776
35.5,-8.0,ascending,206.83748
35.5,-7.75,ascending,206.646
35.5,-7.5,ascending,206.53152
35.5,-7.25,ascending,206.46167
35.5,-7.0,ascending,206.49399
35.5,-6.75,ascending,206.90562
35.5,-6.5,ascending,210.50368
35.5,-6.25,ascending,225.87076
35.5,-6.0,ascending,242.3146
35.5,-0.0,ascending,249.84999
35.5,0.75,ascending,292.69733
35.5,1.0,ascending,292.81946
35.5,1.25,ascending,292.73132
35.5,1.5,ascending,291.786
35.5,1.75,ascending,291.30768
35.5,2.0,ascending,290.82498
35.5,2.25,ascending,290.63818
35.5,2.5,ascending,290.0945
35.5,2.75,ascending,289.26498
35.5,3.0,ascending,288.58798
35.5,3.25,ascending,287.6222
35.5,3.5,ascending,286.745
35.5,3.75,ascending,285.95554
35.5,4.0,ascending,286.00998
35.5,4.25,ascending,286.90857
35.5,4.5,ascending,288.022
35.5,4.75,ascending,288.5675
35.5,5.0,ascending,288.29333
35.5,5.25,ascending,287.62125
35.5,5.5,ascending,286.11124
35.5,5.75,ascending,284.87875
35.5,6.0,ascending,283.43375
35.5,6.25,ascending,283.20166
35.5,6.5,ascending,283.3257
35.5,6.75,ascending,282.75
35.5,7.0,ascending,282.08
35.5,7.25,ascending,282.04572
35.5,7.5,ascending,284.37714
35.5,7.75,ascending,285.75858
35.5,8.0,ascending,286.0186
35.5,8.25,ascending,286.7214
35.5,8.5,ascending,287.13748
35.5,8.75,ascending,287.13165
35.5,9.0,ascending,287.2143
35.5,9.25,ascending,287.95123
35.5,9.5,ascending,288.4243
35.5,9.75,ascending,288.32123
35.5,10.0,ascending,288.33286
35.5,10.25,ascending,285.98
35.5,10.5,ascending,279.39
35.5,10.75,ascending,266.24167
35.5,11.0,ascending,245.59142
35.5,11.25,ascending,223.82286
35.5,11.5,ascending,215.7275
35.5,11.75,ascending,213.9625
35.5,12.0,ascending,213.39856
35.5,12.25,ascending,213.275
35.5,12.5,ascending,212.97427
35.5,12.75,ascending,212.55429
35.5,13.0,ascending,212.1875
35.5,13.25,ascending,211.98714
35.5,13.5,ascending,211.6675
35.5,13.75,ascending,211.52556
35.5,14.0,ascending,212.28223
35.5,14.25,ascending,214.46143
35.5,14.5,ascending,214.68
35.5,14.75,ascending,212.45
35.5,15.0,ascending,211.39125
35.5,15.25,ascending,211.08699
35.5,15.5,ascending,210.98375
35.5,15.75,ascending,210.91624
35.5,16.0,ascending,210.76299
35.5,16.25,ascending,210.672
35.5,16.5,ascending,210.56818
35.5,16.75,ascending,210.41547
35.5,17.0,ascending,210.3691
35.5,17.25,ascending,210.46461
35.5,17.5,ascending,210.59799
35.5,17.75,ascending,210.6375
35.5,18.0,ascending,210.61934
35.5,18.25,ascending,210.69904
35.5,18.5,ascending,210.8529
35.5,18.75,ascending,210.894
35.5,25.5,ascending,221.57132
35.5,25.75,ascending,218.1458
35.5,26.0,ascending,216.83733
35.5,26.25,ascending,211.97928
35.5,26.5,ascending,210.98286
35.5,26.75,ascending,210.43999
35.5,27.0,ascending,212.0123
35.5,27.25,ascending,213.54599
35.5,27.5,ascending,212.89546
35.5,27.75,ascending,211.009
35.5,28.0,ascending,209.81
35.5,28.25,ascending,209.755
35.5,28.5,ascending,209.27333
35.5,28.75,ascending,208.76
35.5,29.0,ascending,208.33249
35.5,29.25,ascending,208.2911
35.5,29.5,ascending,208.26776
35.5,29.75,ascending,208.30249
35.5,30.0,ascending,208.49445
35.5,30.25,ascending,208.89572
35.5,30.5,ascending,208.62999
35.5,30.75,ascending,208.14714
35.5,31.0,ascending,207.86
35.5,31.25,ascending,207.62572
35.5,31.5,ascending,207.50499
35.5,31.75,ascending,207.655
35.5,32.0,ascending,208.22285
35.5,32.25,ascending,209.54665
35.5,32.5,ascending,212.08875
35.5,32.75,ascending,216.58
35.5,33.0,ascending,222.46286
35.5,33.25,ascending,223.66667
35.5,33.5,ascending,225.32426
35.5,33.75,ascending,225.15428
35.5,34.0,ascending,223.69429
35.5,34.25,ascending,220.37
35.5,34.5,ascending,217.47874
35.5,34.75,ascending,213.64143
35.5,35.0,ascending,212.14166
35.5,35.25,ascending,211.82857
35.5,35.5,ascending,213.78778
35.5,35.75,ascending,228.82143
35.5,36.0,ascending,259.02335
35.5,36.25,ascending,281.5525
35.5,36.5,ascending,289.20834
35.5,36.75,ascending,292.49332
35.5,37.0,ascending,293.59
35.5,37.25,ascending,294.13873
35.5,37.5,ascending,293.63376
35.5,37.75,ascending,292.94427
35.5,38.0,ascending,291.13397
35.75,-13.0,ascending,211.11499
35.75,-12.75,ascending,211.41199
35.75,-12.5,ascending,212.23499
35.75,-12.25,ascending,212.12874
35.75,-12.0,ascending,210.97125
35.75,-11.75,ascending,210.51332
35.75,-11.5,ascending,210.39555
35.75,-11.25,ascending,210.08714
35.75,-11.0,ascending,209.80714
35.75,-10.75,ascending,209.65875
35.75,-10.5,ascending,209.46375
35.75,-10.25,ascending,209.33374
35.75,-10.0,ascending,209.155
35.75,-9.75,ascending,208.89374
35.75,-9.5,ascending,208.57555
35.75,-9.25,ascending,208.22665
35.75,-9.0,ascending,207.906
35.75,-8.75,ascending,207.50223
35.75,-8.5,ascending,207.19272
35.75,-8.25,ascending,207.06273
35.75,-8.0,ascending,206.91199
35.75,-7.75,ascending,206.65363
35.75,-7.5,ascending,206.34076
35.75,-7.25,ascending,206.21501
35.75,-7.0,ascending,206.37132
35.75,-6.75,ascending,206.80812
35.75,-6.5,ascending,209.07736
35.75,-6.25,ascending,216.0025
35.75,-6.0,ascending,225.52556
35.75,-0.0,ascending,248.59999
35.75,0.5,ascending,287.26498
35.75,0.75,ascending,290.705
35.75,1.0,ascending,292.8411
35.75,1.25,ascending,293.13858
35.75,1.5,ascending,292.4533
35.75,1.75,ascending,291.4618
35.75,2.0,ascending,290.5946
35.75,2.25,ascending,290.184
35.75,2.5,ascending,290.17453
35.75,2.75,ascending,290.188
35.75,3.0,ascending,289.55402
35.75,3.25,ascending,288.70444
35.75,3.5,ascending,287.71
35.75,3.75,ascending,286.91623
35.75,4.0,ascending,286.49445
35.75,4.25,ascending,286.19
35.75,4.5,ascending,285.61874
35.75,4.75,ascending,284.91855
35.75,5.0,ascending,284.0525
35.75,5.25,ascending,283.37143
35.75,5.5,ascending,282.8943
35.75,5.75,ascending,282.58426
35.75,6.0,ascending,282.39835
35.75,6.25,ascending,283.03888
35.75,6.5,ascending,282.75873
35.75,6.75,ascending,281.41287
35.75,7.0,ascending,280.68375
35.75,7.25,ascending,282.5
35.75,7.5,ascending,285.01572
35.75,7.75,ascending,286.2614
35.75,8.0,ascending,286.76572
35.75,8.25,ascending,287.41833
35.75,8.5,ascending,287.6
35.75,8.75,ascending,287.0957
35.75,9.0,ascending,286.82858
35.75,9.25,ascending,287.09
35.75,9.5,ascending,287.45374
35.75,9.75,ascending,287.452
35.75,10.0,ascending,287.4375
35.75,10.25,ascending,285.1
35.75,10.5,ascending,272.19666
35.75,10.75,ascending,249.85832
35.75,11.0,ascending,229.28499
35.75,11.25,ascending,218.82286
35.75,11.5,ascending,215.51111
35.75,11.75,ascending,214.84142
35.75,12.0,ascending,214.18124
35.75,12.25,ascending,213.84142
35.75,12.5,ascending,213.44286
35.75,12.75,ascending,213.02167
35.75,13.0,ascending,212.75624
35.75,13.25,ascending,212.53833
35.75,13.5,ascending,212.29889
35.75,13.75,ascending,212.29333
35.75,14.0,ascending,213.375
35.75,14.25,ascending,216.43143
35.75,14.5,ascending,217.29
35.75,14.75,ascending,213.92374
35.75,15.0,ascending,212.03333
35.75,15.25,ascending,211.56
35.75,15.5,ascending,211.36198
35.75,15.75,ascending,211.22
35.75,16.0,ascending,211.01334
35.75,16.25,ascending,210.83112
35.75,16.5,ascending,210.70454
35.75,16.75,ascending,210.50499
35.75,17.0,ascending,210.39
35.75,17.25,ascending,210.46333
35.75,17.5,ascending,210.63998
35.75,17.75,ascending,210.76384
35.75,18.0,ascending,210.72554
35.75,18.25,ascending,210.67166
35.75,18.5,ascending,210.79346
35.75,18.75,ascending,210.87997
35.75,25.25,ascending,213.30333
35.75,25.5,ascending,212.75607
35.75,25.75,ascending,210.66133
35.75,26.0,ascending,209.80875
35.75,26.25,ascending,208.99924
35.75,26.5,ascending,208.95384
35.75,26.75,ascending,209.60089
35.75,27.0,ascending,211.22818
35.75,27.25,ascending,212.43001
35.75,27.5,ascending,211.81221
35.75,27.75,ascending,212.03398
35.75,28.0,ascending,213.65332
35.75,28.25,ascending,215.78125
35.75,28.5,ascending,212.97444
35.75,28.75,ascending,210.57124
35.75,29.0,ascending,208.68
35.75,29.25,ascending,208.11624
35.75,29.5,ascending,208.7775
35.75,29.75,ascending,210.41142
35.75,30.0,ascending,212.8157
35.75,30.25,ascending,213.92857
35.75,30.5,ascending,212.48
35.75,30.75,ascending,210.385
35.75,31.0,ascending,209.09856
35.75,31.25,ascending,207.5975
35.75,31.5,ascending,207.23999
35.75,31.75,ascending,207.53285
35.75,32.0,ascending,208.14749
35.75,32.25,ascending,209.40166
35.75,32.5,ascending,214.74124
35.75,32.75,ascending,221.03667
35.75,33.0,ascending,227.28125
35.75,33.25,ascending,226.70332
35.75,33.5,ascending,225.12285
35.75,33.75,ascending,224.17
35.75,34.0,ascending,222.10999
35.75,34.25,ascending,218.65201
35.75,34.5,ascending,215.52625
35.75,34.75,ascending,212.934
35.75,35.0,ascending,212.05124
35.75,35.25,ascending,212.25713
35.75,35.5,ascending,214.105
35.75,35.75,ascending,227.504
35.75,36.0,ascending,258.7457
35.75,36.25,ascending,281.54248
35.75,36.5,ascending,289.8825
35.75,36.75,ascending,291.81
35.75,37.0,ascending,292.44498
35.75,37.25,ascending,292.36856
35.75,37.5,ascending,290.78125
35.75,37.75,ascending,289.44498
35.75,38.0,ascending,288.2725
36.0,-13.0,ascending,211.04
36.0,-12.75,ascending,211.38857
36.0,-12.5,ascending,212.46855
36.0,-12.25,ascending,212.74428
36.0,-12.0,ascending,211.96124
36.0,-11.75,ascending,211.2125
36.0,-11.5,ascending,210.77144
36.0,-11.25,ascending,210.37712
36.0,-11.0,ascending,210.10555
36.0,-10.75,ascending,209.90285
36.0,-10.5,ascending,209.64374
36.0,-10.25,ascending,209.43
36.0,-10.0,ascending,209.21375
36.0,-9.75,ascending,209.01445
36.0,-9.5,ascending,208.80875
36.0,-9.25,ascending,208.52444
36.0,-9.0,ascending,208.23
36.0,-8.75,ascending,207.754
36.0,-8.5,ascending,207.36374
36.0,-8.25,ascending,207.122
36.0,-8.0,ascending,207.06537
36.0,-7.75,ascending,206.92271
36.0,-7.5,ascending,206.48572
36.0,-7.25,ascending,206.16461
36.0,-7.0,ascending,206.3725
36.0,-6.75,ascending,208.11874
36.0,-6.5,ascending,213.83136
36.0,-6.25,ascending,221.27888
36.0,-6.0,ascending,224.41333
36.0,-0.0,ascending,247.185
36.0,0.5,ascending,278.18298
36.0,0.75,ascending,283.67834
36.0,1.0,ascending,288.57
36.0,1.25,ascending,290.3643
36.0,1.5,ascending,291.0169
36.0,1.75,ascending,290.4125
36.0,2.0,ascending,289.61908
36.0,2.25,ascending,288.9091
36.0,2.5,ascending,288.29636
36.0,2.75,ascending,288.143
36.0,3.0,ascending,287.70886
36.0,3.25,ascending,287.37363
36.0,3.5,ascending,287.05875
36.0,3.75,ascending,286.406
36.0,4.0,ascending,285.79248
36.0,4.25,ascending,285.21667
36.0,4.5,ascending,284.45248
36.0,4.75,ascending,283.58444
36.0,5.0,ascending,283.0525
36.0,5.25,ascending,282.76624
36.0,5.5,ascending,282.4475
36.0,5.75,ascending,281.83624
36.0,6.0,ascending,281.90665
36.0,6.25,ascending,282.535
36.0,6.5,ascending,281.9157
36.0,6.75,ascending,281.63
36.0,7.0,ascending,282.50626
36.0,7.25,ascending,284.1133
36.0,7.5,ascending,285.48874
36.0,7.75,ascending,286.26834
36.0,8.0,ascending,286.60333
36.0,8.25,ascending,286.81143
36.0,8.5,ascending,287.02
36.0,8.75,ascending,286.53
36.0,9.0,ascending,286.27875
36.0,9.25,ascending,286.8257
36.0,9.5,ascending,287.07855
36.0,9.75,ascending,287.12283
36.0,10.0,ascending,287.00375
36.0,10.25,ascending,283.31833
36.0,10.5,ascending,267.06714
36.0,10.75,ascending,241.20749
36.0,11.0,ascending,224.44858
36.0,11.25,ascending,217.44
36.0,11.5,ascending,215.85875
36.0,11.75,ascending,215.69429
36.0,12.0,ascending,215.37625
36.0,12.25,ascending,214.67714
36.0,12.5,ascending,214.16875
36.0,12.75,ascending,213.41286
36.0,13.0,ascending,213.1025
36.0,13.25,ascending,212.9125
36.0,13.5,ascending,212.78285
36.0,13.75,ascending,212.7625
36.0,14.0,ascending,213.325
36.0,14.25,ascending,215.85666
36.0,14.5,ascending,217.16222
36.0,14.75,ascending,215.29889
36.0,15.0,ascending,213.57874
36.0,15.25,ascending,212.37778
36.0,15.5,ascending,211.83777
36.0,15.75,ascending,211.495
36.0,16.0,ascending,211.20898
36.0,16.25,ascending,210.97
36.0,16.5,ascending,210.76299
36.0,16.75,ascending,210.59454
36.0,17.0,ascending,210.4925
36.0,17.25,ascending,210.53667
36.0,17.5,ascending,210.64537
36.0,17.75,ascending,210.77187
36.0,18.0,ascending,210.8275
36.0,18.25,ascending,210.78236
36.0,18.5,ascending,210.80408
36.0,25.25,ascending,211.31166
36.0,25.5,ascending,210.68633
36.0,25.75,ascending,209.8475
36.0,26.0,ascending,209.32857
36.0,26.25,ascending,208.99834
36.0,26.5,ascending,208.87692
36.0,26.75,ascending,209.14917
36.0,27.0,ascending,209.65636
36.0,27.25,ascending,210.18999
36.0,27.5,ascending,212.21635
36.0,27.75,ascending,218.376
36.0,28.0,ascending,224.43109
36.0,28.25,ascending,225.97443
36.0,28.5,ascending,219.03223
36.0,28.75,ascending,212.47125
36.0,29.0,ascending,209.22444
36.0,29.25,ascending,211.00555
36.0,29.5,ascending,217.95125
36.0,29.75,ascending,224.7225
36.0,30.0,ascending,233.60555
36.0,30.25,ascending,230.09999
36.0,30.5,ascending,225.0
36.0,30.75,ascending,220.23
36.0,31.0,ascending,212.41856
36.0,31.25,ascending,208.11427
36.0,31.5,ascending,207.53
36.0,31.75,ascending,208.13332
36.0,32.0,ascending,211.32625
36.0,32.25,ascending,217.51572
36.0,32.5,ascending,236.82999
36.0,32.75,ascending,245.70427
36.0,33.0,ascending,252.89624
36.0,33.25,ascending,247.65572
36.0,33.5,ascending,247.99428
36.0,33.75,ascending,240.64285
36.0,34.0,ascending,236.81166
36.0,34.25,ascending,224.9775
36.0,34.5,ascending,219.418
36.0,34.75,ascending,214.17374
36.0,35.0,ascending,213.73
36.0,35.25,ascending,214.56
36.0,35.5,ascending,216.83832
36.0,35.75,ascending,227.81874
36.0,36.0,ascending,254.59142
36.0,36.25,ascending,279.00375
36.0,36.5,ascending,289.45874
36.0,36.75,ascending,291.40143
36.0,37.0,ascending,291.45248
36.0,37.25,ascending,291.22833
36.0,37.5,ascending,289.455
36.0,37.75,ascending,288.1657
36.0,38.0,ascending,286.552
36.25,-13.0,ascending,210.77998
36.25,-12.75,ascending,211.0725
36.25,-12.5,ascending,211.87857
36.25,-12.25,ascending,212.356
36.25,-12.0,ascending,212.10222
36.25,-11.75,ascending,211.65666
36.25,-11.5,ascending,211.07715
36.25,-11.25,ascending,210.64624
36.25,-11.0,ascending,210.31749
36.25,-10.75,ascending,210.06714
36.25,-10.5,ascending,209.81625
36.25,-10.25,ascending,209.52856
36.25,-10.0,ascending,209.267
36.25,-9.75,ascending,209.06714
36.25,-9.5,ascending,208.89888
36.25,-9.25,ascending,208.86665
36.25,-9.0,ascending,208.749
36.25,-8.75,ascending,208.60698
36.25,-8.5,ascending,208.11455
36.25,-8.25,ascending,207.76727
36.25,-8.0,ascending,207.476
36.25,-7.75,ascending,207.29272
36.25,-7.5,ascending,207.04582
36.25,-7.25,ascending,206.60306
36.25,-7.0,ascending,207.50133
36.25,-6.75,ascending,212.23134
36.25,-6.5,ascending,224.47047
36.25,-6.25,ascending,236.72958
36.25,-0.0,ascending,245.44
36.25,0.5,ascending,251.19948
36.25,0.75,ascending,260.73874
36.25,1.0,ascending,269.11176
36.25,1.25,ascending,276.62152
36.25,1.5,ascending,281.75385
36.25,1.75,ascending,283.5275
36.25,2.0,ascending,283.616
36.25,2.25,ascending,283.91098
36.25,2.5,ascending,282.28998
36.25,2.75,ascending,283.40887
36.25,3.0,ascending,282.40555
36.25,3.25,ascending,282.28113
36.25,3.5,ascending,283.84778
36.25,3.75,ascending,283.485
36.25,4.0,ascending,283.6225
36.25,4.25,ascending,283.43124
36.25,4.5,ascending,283.3943
36.25,4.75,ascending,283.31375
36.25,5.0,ascending,283.11142
36.25,5.25,ascending,282.07
36.25,5.5,ascending,278.865
36.25,5.75,ascending,278.1857
36.25,6.0,ascending,277.58334
36.25,6.25,ascending,279.2375
36.25,6.5,ascending,279.55713
36.25,6.75,ascending,281.04498
36.25,7.0,ascending,281.77426
36.25,7.25,ascending,283.05667
36.25,7.5,ascending,283.2375
36.25,7.75,ascending,284.25333
36.25,8.0,ascending,282.75427
36.25,8.25,ascending,282.56165
36.25,8.5,ascending,282.62997
36.25,8.75,ascending,283.64716
36.25,9.0,ascending,283.77164
36.25,9.25,ascending,285.77124
36.25,9.5,ascending,286.58334
36.25,9.75,ascending,286.63144
36.25,10.0,ascending,286.374
36.25,10.25,ascending,281.99625
36.25,10.5,ascending,267.10858
36.25,10.75,ascending,248.77571
36.25,11.0,ascending,230.594
36.25,11.25,ascending,220.146
36.25,11.5,ascending,216.29199
36.25,11.75,ascending,216.31198
36.25,12.0,ascending,216.72499
36.25,12.25,ascending,216.38124
36.25,12.5,ascending,215.23
36.25,12.75,ascending,213.87428
36.25,13.0,ascending,213.32625
36.25,13.25,ascending,213.14333
36.25,13.5,ascending,213.1825
36.25,13.75,ascending,213.48143
36.25,14.0,ascending,214.17749
36.25,14.25,ascending,216.94624
36.25,14.5,ascending,220.9475
36.25,14.75,ascending,222.22427
36.25,15.0,ascending,218.06
36.25,15.25,ascending,214.105
36.25,15.5,ascending,212.49445
36.25,15.75,ascending,211.9789
36.25,16.0,ascending,211.47556
36.25,16.25,ascending,211.1918
36.25,16.5,ascending,210.873
36.25,16.75,ascending,210.59637
36.25,17.0,ascending,210.54364
36.25,17.25,ascending,210.63272
36.25,17.5,ascending,210.75932
36.25,17.75,ascending,210.86539
36.25,18.0,ascending,210.95842
36.25,18.25,ascending,210.94095
36.25,18.5,ascending,210.83875
36.25,25.0,ascending,212.57498
36.25,25.25,ascending,211.78947
36.25,25.5,ascending,211.44556
36.25,25.75,ascending,211.30643
36.25,26.0,ascending,210.68199
36.25,26.25,ascending,210.14583
36.25,26.5,ascending,209.78499
36.25,26.75,ascending,209.69081
36.25,27.0,ascending,209.69888
36.25,27.25,ascending,210.83545
36.25,27.5,ascending,215.2911
36.25,27.75,ascending,222.59444
36.25,28.0,ascending,229.09665
36.25,28.25,ascending,226.95749
36.25,28.5,ascending,219.9375
36.25,28.75,ascending,213.6975
36.25,29.0,ascending,214.6975
36.25,29.25,ascending,227.24875
36.25,29.5,ascending,245.92
36.25,29.75,ascending,256.94427
36.25,30.0,ascending,261.71124
36.25,30.25,ascending,255.55333
36.25,30.5,ascending,246.49715
36.25,30.75,ascending,232.48999
36.25,31.0,ascending,217.75374
36.25,31.25,ascending,211.03624
36.25,31.5,ascending,211.46855
36.25,31.75,ascending,214.16284
36.25,32.0,ascending,225.45667
36.25,32.25,ascending,241.24142
36.25,32.5,ascending,260.5657
36.25,32.75,ascending,271.77142
36.25,33.0,ascending,274.0
36.25,33.25,ascending,273.8257
36.25,33.5,ascending,269.36002
36.25,33.75,ascending,268.20712
36.25,34.0,ascending,254.74715
36.25,34.25,ascending,245.52284
36.25,34.5,ascending,227.55856
36.25,34.75,ascending,222.88857
36.25,35.0,ascending,220.39166
36.25,35.25,ascending,225.53572
36.25,35.5,ascending,228.73749
36.25,35.75,ascending,235.86427
36.25,36.0,ascending,252.60374
36.25,36.25,ascending,274.21713
36.25,36.5,ascending,287.7225
36.25,36.75,ascending,291.18143
36.25,37.0,ascending,291.06998
36.25,37.25,ascending,290.98428
36.25,37.5,ascending,290.82428
36.25,37.75,ascending,290.01874
36.25,38.0,ascending,288.55667
36.5,-13.0,ascending,210.48665
36.5,-12.75,ascending,210.5575
36.5,-12.5,ascending,210.87857
36.5,-12.25,ascending,211.15125
36.5,-12.0,ascending,210.99715
36.5,-11.75,ascending,211.1225
36.5,-11.5,ascending,210.84444
36.5,-11.25,ascending,210.68428
36.5,-11.0,ascending,210.42
36.5,-10.75,ascending,210.13124
36.5,-10.5,ascending,209.88222
36.5,-10.25,ascending,209.56667
36.5,-10.0,ascending,209.29625
36.5,-9.75,ascending,209.1025
36.5,-9.5,ascending,209.108
36.5,-9.25,ascending,210.20874
36.5,-9.0,ascending,211.50333
36.5,-8.75,ascending,212.06
36.5,-8.5,ascending,211.729
36.5,-8.25,ascending,212.36455
36.5,-8.0,ascending,210.6025
36.5,-7.75,ascending,208.98
36.5,-7.5,ascending,208.23665
36.5,-7.25,ascending,208.36928
36.5,-7.0,ascending,210.71646
36.5,-6.75,ascending,220.40579
36.5,-6.5,ascending,238.62453
36.5,-6.25,ascending,252.39273
36.5,-0.0,ascending,245.535
36.5,0.25,ascending,220.18999
36.5,0.5,ascending,223.20525
36.5,0.75,ascending,228.19374
36.5,1.0,ascending,235.34933
36.5,1.25,ascending,244.795
36.5,1.5,ascending,249.30153
36.5,1.75,ascending,256.23727
36.5,2.0,ascending,257.06638
36.5,2.25,ascending,260.55637
36.5,2.5,ascending,257.78998
36.5,2.75,ascending,262.7918
36.5,3.0,ascending,266.72333
36.5,3.25,ascending,268.22125
36.5,3.5,ascending,272.171
36.5,3.75,ascending,273.24374
36.5,4.0,ascending,274.76776
36.5,4.25,ascending,276.01776
36.5,4.5,ascending,276.93875
36.5,4.75,ascending,277.8825
36.5,5.0,ascending,274.425
36.5,5.25,ascending,267.6078
36.5,5.5,ascending,263.36
36.5,5.75,ascending,261.2725
36.5,6.0,ascending,265.5325
36.5,6.25,ascending,268.47858
36.5,6.5,ascending,271.69125
36.5,6.75,ascending,275.19623
36.5,7.0,ascending,274.88998
36.5,7.25,ascending,275.73428
36.5,7.5,ascending,274.82428
36.5,7.75,ascending,275.20874
36.5,8.0,ascending,272.55667
36.5,8.25,ascending,270.27856
36.5,8.5,ascending,271.43124
36.5,8.75,ascending,273.23166
36.5,9.0,ascending,277.21286
36.5,9.25,ascending,279.62
36.5,9.5,ascending,283.87
36.5,9.75,ascending,284.3583
36.5,10.0,ascending,283.69
36.5,10.25,ascending,274.26855
36.5,10.5,ascending,262.01428
36.5,10.75,ascending,251.09
36.5,11.0,ascending,239.28
36.5,11.25,ascending,223.83858
36.5,11.5,ascending,216.99777
36.5,11.75,ascending,216.64832
36.5,12.0,ascending,217.94499
36.5,12.25,ascending,218.57999
36.5,12.5,ascending,216.79625
36.5,12.75,ascending,214.5575
36.5,13.0,ascending,213.86284
36.5,13.25,ascending,213.8375
36.5,13.5,ascending,215.17874
36.5,13.75,ascending,217.00125
36.5,14.0,ascending,218.75125
36.5,14.25,ascending,223.99715
36.5,14.5,ascending,233.87125
36.5,14.75,ascending,239.4775
36.5,15.0,ascending,232.72667
36.5,15.25,ascending,219.922
36.5,15.5,ascending,213.61125
36.5,15.75,ascending,212.48334
36.5,16.0,ascending,211.91182
36.5,16.25,ascending,211.48334
36.5,16.5,ascending,211.07364
36.5,16.75,ascending,210.685
36.5,17.0,ascending,210.59082
36.5,17.25,ascending,210.73999
36.5,17.5,ascending,210.89867
36.5,17.75,ascending,210.97812
36.5,18.0,ascending,211.06944
36.5,18.25,ascending,211.08957
36.5,18.5,ascending,210.97223
36.5,25.0,ascending,214.30544
36.5,25.25,ascending,213.72646
36.5,25.5,ascending,213.67706
36.5,25.75,ascending,213.25212
36.5,26.0,ascending,212.43692
36.5,26.25,ascending,211.86082
36.5,26.5,ascending,211.53726
36.5,26.75,ascending,211.23799
36.5,27.0,ascending,211.4375
36.5,27.25,ascending,213.28299
36.5,27.5,ascending,217.16777
36.5,27.75,ascending,221.76999
36.5,28.0,ascending,225.79099
36.5,28.25,ascending,225.77625
36.5,28.5,ascending,223.91098
36.5,28.75,ascending,225.95999
36.5,29.0,ascending,236.69
36.5,29.25,ascending,257.6311
36.5,29.5,ascending,274.10623
36.5,29.75,ascending,278.95248
36.5,30.0,ascending,278.9025
36.5,30.25,ascending,272.76123
36.5,30.5,ascending,261.79376
36.5,30.75,ascending,245.03857
36.5,31.0,ascending,227.505
36.5,31.25,ascending,224.76
36.5,31.5,ascending,229.24428
36.5,31.75,ascending,240.15285
36.5,32.0,ascending,250.50856
36.5,32.25,ascending,269.85284
36.5,32.5,ascending,277.66998
36.5,32.75,ascending,281.33286
36.5,33.0,ascending,282.46286
36.5,33.25,ascending,283.93
36.5,33.5,ascending,282.7725
36.5,33.75,ascending,279.33
36.5,34.0,ascending,272.005
36.5,34.25,ascending,259.102
36.5,34.5,ascending,247.95665
36.5,34.75,ascending,240.88998
36.5,35.0,ascending,240.61249
36.5,35.25,ascending,248.72571
36.5,35.5,ascending,256.52374
36.5,35.75,ascending,250.19832
36.5,36.0,ascending,253.226
36.5,36.25,ascending,269.77798
36.5,36.5,ascending,285.81284
36.5,36.75,ascending,290.40286
36.5,37.0,ascending,290.73666
36.5,37.25,ascending,290.53165
36.5,37.5,ascending,290.68143
36.5,37.75,ascending,290.83624
36.5,38.0,ascending,289.652
36.75,-13.0,ascending,210.35333
36.75,-12.75,ascending,210.36665
36.75,-12.5,ascending,210.29555
36.75,-12.25,ascending,210.26857
36.75,-12.0,ascending,210.28398
36.75,-11.75,ascending,210.23625
36.75,-11.5,ascending,210.34
36.75,-11.25,ascending,210.46143
36.75,-11.0,ascending,210.36624
36.75,-10.75,ascending,210.1225
36.75,-10.5,ascending,209.91
36.75,-10.25,ascending,209.67749
36.75,-10.0,ascending,209.40375
36.75,-9.75,ascending,209.21332
36.75,-9.5,ascending,209.3725
36.75,-9.25,ascending,212.7711
36.75,-9.0,ascending,221.7127
36.75,-8.75,ascending,225.00801
36.75,-8.5,ascending,227.14365
36.75,-8.25,ascending,229.656
36.75,-8.0,ascending,226.59091
36.75,-7.75,ascending,220.87271
36.75,-7.5,ascending,215.58383
36.75,-7.25,ascending,215.93416
36.75,-7.0,ascending,221.466
36.75,-6.75,ascending,234.92561
36.75,-6.5,ascending,254.80174
36.75,-6.25,ascending,267.96997
36.75,-0.0,ascending,249.3
36.75,0.25,ascending,212.45534
36.75,0.5,ascending,212.01474
36.75,0.75,ascending,213.01643
36.75,1.0,ascending,214.02666
36.75,1.25,ascending,217.86615
36.75,1.5,ascending,218.36499
36.75,1.75,ascending,222.11
36.75,2.0,ascending,222.81273
36.75,2.25,ascending,227.06221
36.75,2.5,ascending,226.73907
36.75,2.75,ascending,231.4875
36.75,3.0,ascending,239.3511
36.75,3.25,ascending,241.51332
36.75,3.5,ascending,244.5275
36.75,3.75,ascending,249.74374
36.75,4.0,ascending,252.91624
36.75,4.25,ascending,254.9475
36.75,4.5,ascending,255.24142
36.75,4.75,ascending,255.48283
36.75,5.0,ascending,247.69998
36.75,5.25,ascending,238.12428
36.75,5.5,ascending,235.8475
36.75,5.75,ascending,238.80998
36.75,6.0,ascending,245.83
36.75,6.25,ascending,250.36284
36.75,6.5,ascending,256.35666
36.75,6.75,ascending,259.505
36.75,7.0,ascending,255.13124
36.75,7.25,ascending,256.34857
36.75,7.5,ascending,258.16284
36.75,7.75,ascending,254.51
36.75,8.0,ascending,251.37572
36.75,8.25,ascending,247.08571
36.75,8.5,ascending,251.09714
36.75,8.75,ascending,254.17
36.75,9.0,ascending,260.73856
36.75,9.25,ascending,269.65
36.75,9.5,ascending,275.05283
36.75,9.75,ascending,278.1
36.75,10.0,ascending,272.82373
36.75,10.25,ascending,262.57397
36.75,10.5,ascending,245.435
36.75,10.75,ascending,244.63374
36.75,11.0,ascending,237.3575
36.75,11.25,ascending,224.5457
36.75,11.5,ascending,217.63625
36.75,11.75,ascending,217.14429
36.75,12.0,ascending,219.0025
36.75,12.25,ascending,219.755
36.75,12.5,ascending,218.04375
36.75,12.75,ascending,216.01
36.75,13.0,ascending,215.30666
36.75,13.25,ascending,217.81999
36.75,13.5,ascending,222.39874
36.75,13.75,ascending,227.3
36.75,14.0,ascending,231.165
36.75,14.25,ascending,241.185
36.75,14.5,ascending,255.99875
36.75,14.75,ascending,262.495
36.75,15.0,ascending,254.70749
36.75,15.25,ascending,231.935
36.75,15.5,ascending,216.49727
36.75,15.75,ascending,213.07666
36.75,16.0,ascending,212.40887
36.75,16.25,ascending,211.83636
36.75,16.5,ascending,211.23499
36.75,16.75,ascending,210.7818
36.75,17.0,ascending,210.66846
36.75,17.25,ascending,210.84454
36.75,17.5,ascending,211.01857
36.75,17.75,ascending,211.08858
36.75,18.0,ascending,211.0935
36.75,18.25,ascending,211.05652
36.75,18.5,ascending,211.01846
36.75,25.0,ascending,216.46375
36.75,25.25,ascending,216.37
36.75,25.5,ascending,217.165
36.75,25.75,ascending,216.29614
36.75,26.0,ascending,215.60538
36.75,26.25,ascending,214.02
36.75,26.5,ascending,212.61998
36.75,26.75,ascending,212.24272
36.75,27.0,ascending,215.16098
36.75,27.25,ascending,219.31555
36.75,27.5,ascending,223.86777
36.75,27.75,ascending,228.53998
36.75,28.0,ascending,235.75446
36.75,28.25,ascending,241.25
36.75,28.5,ascending,245.90874
36.75,28.75,ascending,258.63858
36.75,29.0,ascending,269.2175
36.75,29.25,ascending,279.89716
36.75,29.5,ascending,284.69998
36.75,29.75,ascending,284.93143
36.75,30.0,ascending,283.90427
36.75,30.25,ascending,279.86667
36.75,30.5,ascending,272.04855
36.75,30.75,ascending,259.28143
36.75,31.0,ascending,250.70999
36.75,31.25,ascending,253.94429
36.75,31.5,ascending,258.07712
36.75,31.75,ascending,270.49
36.75,32.0,ascending,275.24374
36.75,32.25,ascending,279.15833
36.75,32.5,ascending,280.76285
36.75,32.75,ascending,283.09714
36.75,33.0,ascending,284.5357
36.75,33.25,ascending,285.11166
36.75,33.5,ascending,283.8583
36.75,33.75,ascending,280.61832
36.75,34.0,ascending,277.12
36.75,34.25,ascending,271.57428
36.75,34.5,ascending,267.21832
36.75,34.75,ascending,261.07285
36.75,35.0,ascending,269.54715
36.75,35.25,ascending,274.60428
36.75,35.5,ascending,275.66748
36.75,35.75,ascending,268.74
36.75,36.0,ascending,262.90427
36.75,36.25,ascending,273.36374
36.75,36.5,ascending,283.76398
36.75,36.75,ascending,288.78287
36.75,37.0,ascending,289.52713
36.75,37.25,ascending,289.0225
36.75,37.5,ascending,288.88284
36.75,37.75,ascending,289.22998
36.75,38.0,ascending,289.296
37.0,-13.0,ascending,210.67
37.0,-12.75,ascending,210.56001
37.0,-12.5,ascending,210.51125
37.0,-12.25,ascending,210.29001
37.0,-12.0,ascending,210.21777
37.0,-11.75,ascending,210.15572
37.0,-11.5,ascending,210.13284
37.0,-11.25,ascending,210.18
37.0,-11.0,ascending,210.22624
37.0,-10.75,ascending,210.1825
37.0,-10.5,ascending,210.01625
37.0,-10.25,ascending,209.8275
37.0,-10.0,ascending,209.63222
37.0,-9.75,ascending,209.4475
37.0,-9.5,ascending,209.55888
37.0,-9.25,ascending,214.91444
37.0,-9.0,ascending,233.84874
37.0,-8.75,ascending,249.61
37.0,-8.5,ascending,258.33453
37.0,-8.25,ascending,258.852
37.0,-8.0,ascending,260.1475
37.0,-7.75,ascending,253.17415
37.0,-7.5,ascending,244.33499
37.0,-7.25,ascending,239.44858
37.0,-7.0,ascending,246.56166
37.0,-6.75,ascending,259.83527
37.0,-6.5,ascending,272.9048
37.0,-6.25,ascending,281.6083
37.0,-0.0,ascending,219.295
37.0,0.25,ascending,209.43475
37.0,0.5,ascending,209.4194
37.0,0.75,ascending,209.73927
37.0,1.0,ascending,209.85071
37.0,1.25,ascending,210.43817
37.0,1.5,ascending,210.52922
37.0,1.75,ascending,211.19499
37.0,2.0,ascending,211.30908
37.0,2.25,ascending,212.274
37.0,2.5,ascending,213.01888
37.0,2.75,ascending,214.6611
37.0,3.0,ascending,217.61899
37.0,3.25,ascending,217.95374
37.0,3.5,ascending,220.78499
37.0,3.75,ascending,223.13875
37.0,4.0,ascending,225.75333
37.0,4.25,ascending,226.39
37.0,4.5,ascending,225.78221
37.0,4.75,ascending,225.01375
37.0,5.0,ascending,220.5725
37.0,5.25,ascending,217.87999
37.0,5.5,ascending,219.22714
37.0,5.75,ascending,221.62
37.0,6.0,ascending,226.33374
37.0,6.25,ascending,230.08875
37.0,6.5,ascending,236.85143
37.0,6.75,ascending,234.12143
37.0,7.0,ascending,231.64333
37.0,7.25,ascending,232.15572
37.0,7.5,ascending,236.72856
37.0,7.75,ascending,230.33427
37.0,8.0,ascending,227.15001
37.0,8.25,ascending,226.75334
37.0,8.5,ascending,227.89143
37.0,8.75,ascending,232.95714
37.0,9.0,ascending,240.94571
37.0,9.25,ascending,250.07143
37.0,9.5,ascending,257.50665
37.0,9.75,ascending,259.925
37.0,10.0,ascending,252.99834
37.0,10.25,ascending,242.8
37.0,10.5,ascending,228.62749
37.0,10.75,ascending,227.5457
37.0,11.0,ascending,227.69499
37.0,11.25,ascending,221.94998
37.0,11.5,ascending,218.2557
37.0,11.75,ascending,217.69
37.0,12.0,ascending,218.79857
37.0,12.25,ascending,220.1725
37.0,12.5,ascending,220.79
37.0,12.75,ascending,220.48
37.0,13.0,ascending,221.49875
37.0,13.25,ascending,229.40141
37.0,13.5,ascending,236.09856
37.0,13.75,ascending,245.72375
37.0,14.0,ascending,254.55556
37.0,14.25,ascending,264.59875
37.0,14.5,ascending,273.50223
37.0,14.75,ascending,277.15442
37.0,15.0,ascending,262.0589
37.0,15.25,ascending,235.80624
37.0,15.5,ascending,218.54
37.0,15.75,ascending,213.66399
37.0,16.0,ascending,212.78998
37.0,16.25,ascending,212.14499
37.0,16.5,ascending,211.46727
37.0,16.75,ascending,210.8225
37.0,17.0,ascending,210.63182
37.0,17.25,ascending,210.82924
37.0,17.5,ascending,211.05865
37.0,17.75,ascending,211.13562
37.0,18.0,ascending,211.06721
37.0,18.25,ascending,210.94423
37.0,18.5,ascending,210.86
37.0,24.75,ascending,217.67833
37.0,25.0,ascending,219.221
37.0,25.25,ascending,220.80061
37.0,25.5,ascending,222.70811
37.0,25.75,ascending,221.61333
37.0,26.0,ascending,217.95923
37.0,26.25,ascending,214.17271
37.0,26.5,ascending,212.12909
37.0,26.75,ascending,213.25908
37.0,27.0,ascending,216.86899
37.0,27.25,ascending,222.571
37.0,27.5,ascending,231.111
37.0,27.75,ascending,241.7925
37.0,28.0,ascending,256.02
37.0,28.25,ascending,266.06125
37.0,28.5,ascending,274.84555
37.0,28.75,ascending,281.69998
37.0,29.0,ascending,285.35333
37.0,29.25,ascending,287.3425
37.0,29.5,ascending,287.63373
37.0,29.75,ascending,287.47556
37.0,30.0,ascending,286.73285
37.0,30.25,ascending,284.20886
37.0,30.5,ascending,280.7
37.0,30.75,ascending,278.74142
37.0,31.0,ascending,276.93124
37.0,31.25,ascending,279.8757
37.0,31.5,ascending,280.76
37.0,31.75,ascending,281.38168
37.0,32.0,ascending,280.49625
37.0,32.25,ascending,280.69165
37.0,32.5,ascending,283.03
37.0,32.75,ascending,284.63168
37.0,33.0,ascending,285.91
37.0,33.25,ascending,285.54285
37.0,33.5,ascending,283.28143
37.0,33.75,ascending,280.4757
37.0,34.0,ascending,278.12625
37.0,34.25,ascending,276.46573
37.0,34.5,ascending,275.225
37.0,34.75,ascending,278.4975
37.0,35.0,ascending,282.27
37.0,35.25,ascending,284.54333
37.0,35.5,ascending,284.04623
37.0,35.75,ascending,283.25143
37.0,36.0,ascending,279.79623
37.0,36.25,ascending,281.61002
37.0,36.5,ascending,284.39874
37.0,36.75,ascending,286.70667
37.0,37.0,ascending,287.87714
37.0,37.25,ascending,287.10498
37.0,37.5,ascending,287.06375
37.0,37.75,ascending,287.71124
37.0,38.0,ascending,288.31
37.25,-13.0,ascending,211.33333
37.25,-12.75,ascending,211.18285
37.25,-12.5,ascending,211.06857
37.25,-12.25,ascending,210.8157
37.25,-12.0,ascending,210.59999
37.25,-11.75,ascending,210.50429
37.25,-11.5,ascending,210.37625
37.25,-11.25,ascending,210.23999
37.25,-11.0,ascending,210.06
37.25,-10.75,ascending,210.12856
37.25,-10.5,ascending,210.14374
37.25,-10.25,ascending,210.05444
37.25,-10.0,ascending,209.9625
37.25,-9.75,ascending,209.86111
37.25,-9.5,ascending,210.03778
37.25,-9.25,ascending,214.59
37.25,-9.0,ascending,234.63998
37.25,-8.75,ascending,264.96454
37.25,-8.5,ascending,279.49374
37.25,-8.25,ascending,283.2918
37.25,-8.0,ascending,285.10364
37.25,-7.75,ascending,283.36273
37.25,-7.5,ascending,278.73077
37.25,-7.25,ascending,274.95428
37.25,-7.0,ascending,276.80124
37.25,-6.75,ascending,282.9211
37.25,-6.5,ascending,288.1737
37.25,-6.25,ascending,291.145
37.25,-0.0,ascending,211.49153
37.25,0.25,ascending,208.92159
37.25,0.5,ascending,208.885
37.25,0.75,ascending,208.96385
37.25,1.0,ascending,209.01071
37.25,1.25,ascending,209.25
37.25,1.5,ascending,209.318
37.25,1.75,ascending,209.62271
37.25,2.0,ascending,209.721
37.25,2.25,ascending,209.93698
37.25,2.5,ascending,210.23778
37.25,2.75,ascending,210.5325
37.25,3.0,ascending,210.85898
37.25,3.25,ascending,211.29
37.25,3.5,ascending,212.06375
37.25,3.75,ascending,212.17857
37.25,4.0,ascending,212.79124
37.25,4.25,ascending,212.92285
37.25,4.5,ascending,212.92874
37.25,4.75,ascending,213.02428
37.25,5.0,ascending,212.87143
37.25,5.25,ascending,213.25334
37.25,5.5,ascending,213.88875
37.25,5.75,ascending,214.76749
37.25,6.0,ascending,216.35167
37.25,6.25,ascending,217.83
37.25,6.5,ascending,219.61714
37.25,6.75,ascending,217.08714
37.25,7.0,ascending,218.13374
37.25,7.25,ascending,218.88
37.25,7.5,ascending,219.55624
37.25,7.75,ascending,217.50601
37.25,8.0,ascending,216.26
37.25,8.25,ascending,216.82286
37.25,8.5,ascending,217.0757
37.25,8.75,ascending,220.72333
37.25,9.0,ascending,223.98665
37.25,9.25,ascending,229.73
37.25,9.5,ascending,234.97125
37.25,9.75,ascending,236.45601
37.25,10.0,ascending,234.84142
37.25,10.25,ascending,224.35715
37.25,10.5,ascending,218.37875
37.25,10.75,ascending,218.45
37.25,11.0,ascending,219.62666
37.25,11.25,ascending,218.92499
37.25,11.5,ascending,218.21167
37.25,11.75,ascending,218.14667
37.25,12.0,ascending,218.845
37.25,12.25,ascending,220.87285
37.25,12.5,ascending,224.70427
37.25,12.75,ascending,233.19286
37.25,13.0,ascending,235.91249
37.25,13.25,ascending,246.78714
37.25,13.5,ascending,257.57623
37.25,13.75,ascending,266.54144
37.25,14.0,ascending,273.03375
37.25,14.25,ascending,277.54572
37.25,14.5,ascending,282.31125
37.25,14.75,ascending,281.66666
37.25,15.0,ascending,265.15222
37.25,15.25,ascending,236.8511
37.25,15.5,ascending,220.58301
37.25,15.75,ascending,215.28899
37.25,16.0,ascending,213.27818
37.25,16.25,ascending,212.41455
37.25,16.5,ascending,211.71298
37.25,16.75,ascending,211.07726
37.25,17.0,ascending,210.75
37.25,17.25,ascending,210.88832
37.25,17.5,ascending,211.082
37.25,17.75,ascending,211.10625
37.25,18.0,ascending,211.005
37.25,18.25,ascending,210.8768
37.25,18.5,ascending,210.82666
37.25,24.75,ascending,217.96062
37.25,25.0,ascending,218.40234
37.25,25.25,ascending,219.61
37.25,25.5,ascending,218.98357
37.25,25.75,ascending,217.90833
37.25,26.0,ascending,214.42
37.25,26.25,ascending,212.35898
37.25,26.5,ascending,212.53271
37.25,26.75,ascending,213.89635
37.25,27.0,ascending,217.04555
37.25,27.25,ascending,225.551
37.25,27.5,ascending,242.88333
37.25,27.75,ascending,262.10498
37.25,28.0,ascending,275.58374
37.25,28.25,ascending,283.11887
37.25,28.5,ascending,286.22375
37.25,28.75,ascending,287.73856
37.25,29.0,ascending,288.5925
37.25,29.25,ascending,288.7614
37.25,29.5,ascending,289.01855
37.25,29.75,ascending,288.8157
37.25,30.0,ascending,287.19
37.25,30.25,ascending,285.90833
37.25,30.5,ascending,284.84
37.25,30.75,ascending,284.615
37.25,31.0,ascending,284.4114
37.25,31.25,ascending,283.504
37.25,31.5,ascending,281.6
37.25,31.75,ascending,279.41287
37.25,32.0,ascending,279.6014
37.25,32.25,ascending,282.8657
37.25,32.5,ascending,285.46857
37.25,32.75,ascending,286.9625
37.25,33.0,ascending,287.83142
37.25,33.25,ascending,286.93832
37.25,33.5,ascending,284.77713
37.25,33.75,ascending,282.21143
37.25,34.0,ascending,280.40665
37.25,34.25,ascending,279.64667
37.25,34.5,ascending,280.2875
37.25,34.75,ascending,282.5725
37.25,35.0,ascending,284.76285
37.25,35.25,ascending,285.03714
37.25,35.5,ascending,285.785
37.25,35.75,ascending,287.0957
37.25,36.0,ascending,286.1225
37.25,36.25,ascending,284.08286
37.25,36.5,ascending,283.31876
37.25,36.75,ascending,284.81714
37.25,37.0,ascending,285.9283
37.25,37.25,ascending,285.37857
37.25,37.5,ascending,285.85715
37.25,37.75,ascending,286.79285
37.25,38.0,ascending,287.4925
37.5,-13.0,ascending,212.03749
37.5,-12.75,ascending,211.85832
37.5,-12.5,ascending,211.61427
37.5,-12.25,ascending,211.37
37.5,-12.0,ascending,211.00374
37.5,-11.75,ascending,210.96571
37.5,-11.5,ascending,210.80249
37.5,-11.25,ascending,210.5957
37.5,-11.0,ascending,210.22624
37.5,-10.75,ascending,210.17625
37.5,-10.5,ascending,210.32332
37.5,-10.25,ascending,210.36856
37.5,-10.0,ascending,210.31125
37.5,-9.75,ascending,210.3075
37.5,-9.5,ascending,210.48222
37.5,-9.25,ascending,214.05124
37.5,-9.0,ascending,232.47778
37.5,-8.75,ascending,265.33887
37.5,-8.5,ascending,285.71454
37.5,-8.25,ascending,291.24182
37.5,-8.0,ascending,292.3775
37.5,-7.75,ascending,291.6292
37.5,-7.5,ascending,290.464
37.5,-7.25,ascending,289.60858
37.5,-7.0,ascending,289.70554
37.5,-6.75,ascending,290.27548
37.5,-6.5,ascending,291.38852
37.5,-6.25,ascending,292.56
37.5,-0.25,ascending,209.89333
37.5,-0.0,ascending,209.17166
37.5,0.25,ascending,208.90059
37.5,0.5,ascending,208.81332
37.5,0.75,ascending,208.72786
37.5,1.0,ascending,208.70082
37.5,1.25,ascending,208.81334
37.5,1.5,ascending,208.90636
37.5,1.75,ascending,209.13818
37.5,2.0,ascending,209.29332
37.5,2.25,ascending,209.471
37.5,2.5,ascending,209.677
37.5,2.75,ascending,209.90222
37.5,3.0,ascending,210.07777
37.5,3.25,ascending,210.2775
37.5,3.5,ascending,210.47112
37.5,3.75,ascending,210.58875
37.5,4.0,ascending,210.78624
37.5,4.25,ascending,210.93857
37.5,4.5,ascending,211.2111
37.5,4.75,ascending,211.75624
37.5,5.0,ascending,212.28
37.5,5.25,ascending,212.745
37.5,5.5,ascending,213.05713
37.5,5.75,ascending,213.05286
37.5,6.0,ascending,213.29999
37.5,6.25,ascending,213.625
37.5,6.5,ascending,213.69499
37.5,6.75,ascending,213.66
37.5,7.0,ascending,213.98749
37.5,7.25,ascending,214.57166
37.5,7.5,ascending,214.46571
37.5,7.75,ascending,214.4975
37.5,8.0,ascending,214.47125
37.5,8.25,ascending,214.606
37.5,8.5,ascending,214.9
37.5,8.75,ascending,215.55624
37.5,9.0,ascending,217.21571
37.5,9.25,ascending,218.2957
37.5,9.5,ascending,219.55142
37.5,9.75,ascending,221.69331
37.5,10.0,ascending,219.11665
37.5,10.25,ascending,216.36
37.5,10.5,ascending,215.18333
37.5,10.75,ascending,215.61856
37.5,11.0,ascending,216.51749
37.5,11.25,ascending,217.43999
37.5,11.5,ascending,217.65857
37.5,11.75,ascending,217.93
37.5,12.0,ascending,218.60286
37.5,12.25,ascending,221.62715
37.5,12.5,ascending,232.86874
37.5,12.75,ascending,247.21428
37.5,13.0,ascending,253.75749
37.5,13.25,ascending,263.82144
37.5,13.5,ascending,268.03748
37.5,13.75,ascending,272.1857
37.5,14.0,ascending,274.80875
37.5,14.25,ascending,277.52875
37.5,14.5,ascending,280.8175
37.5,14.75,ascending,280.32874
37.5,15.0,ascending,269.07666
37.5,15.25,ascending,243.49889
37.5,15.5,ascending,226.69249
37.5,15.75,ascending,221.40125
37.5,16.0,ascending,216.939
37.5,16.25,ascending,213.439
37.5,16.5,ascending,212.17499
37.5,16.75,ascending,211.67165
37.5,17.0,ascending,211.42
37.5,17.25,ascending,211.6857
37.5,17.5,ascending,211.67499
37.5,17.75,ascending,211.42944
37.5,18.0,ascending,211.24
37.5,18.25,ascending,211.23537
37.5,24.5,ascending,220.81999
37.5,24.75,ascending,219.72
37.5,25.0,ascending,219.27411
37.5,25.25,ascending,218.43
37.5,25.5,ascending,217.50845
37.5,25.75,ascending,215.4523
37.5,26.0,ascending,214.43298
37.5,26.25,ascending,214.52455
37.5,26.5,ascending,215.97272
37.5,26.75,ascending,217.501
37.5,27.0,ascending,223.25221
37.5,27.25,ascending,236.72
37.5,27.5,ascending,256.10556
37.5,27.75,ascending,273.84125
37.5,28.0,ascending,283.991
37.5,28.25,ascending,287.74713
37.5,28.5,ascending,288.47668
37.5,28.75,ascending,288.86
37.5,29.0,ascending,288.91888
37.5,29.25,ascending,288.85623
37.5,29.5,ascending,288.94376
37.5,29.75,ascending,287.9975
37.5,30.0,ascending,285.8
37.5,30.25,ascending,283.84
37.5,30.5,ascending,282.98
37.5,30.75,ascending,283.48248
37.5,31.0,ascending,281.52
37.5,31.25,ascending,279.38998
37.5,31.5,ascending,275.24286
37.5,31.75,ascending,273.71573
37.5,32.0,ascending,279.9814
37.5,32.25,ascending,284.93143
37.5,32.5,ascending,286.54666
37.5,32.75,ascending,287.94998
37.5,33.0,ascending,288.28
37.5,33.25,ascending,287.07373
37.5,33.5,ascending,286.13998
37.5,33.75,ascending,286.03143
37.5,34.0,ascending,285.05
37.5,34.25,ascending,284.49997
37.5,34.5,ascending,284.81
37.5,34.75,ascending,284.23712
37.5,35.0,ascending,283.86713
37.5,35.25,ascending,283.10873
37.5,35.5,ascending,283.97284
37.5,35.75,ascending,285.3375
37.5,36.0,ascending,284.5257
37.5,36.25,ascending,283.00125
37.5,36.5,ascending,282.13998
37.5,36.75,ascending,283.155
37.5,37.0,ascending,283.91855
37.5,37.25,ascending,283.1443
37.5,37.5,ascending,283.69873
37.5,37.75,ascending,284.92856
37.5,38.0,ascending,285.544
37.75,-13.0,ascending,212.36665
37.75,-12.75,ascending,212.27124
37.75,-12.5,ascending,212.07426
37.75,-12.25,ascending,211.72499
37.75,-12.0,ascending,211.38374
37.75,-11.75,ascending,211.23833
37.75,-11.5,ascending,211.15875
37.75,-11.25,ascending,210.9675
37.75,-11.0,ascending,210.63571
37.75,-10.75,ascending,210.46143
37.75,-10.5,ascending,210.54625
37.75,-10.25,ascending,210.65375
37.75,-10.0,ascending,210.61777
37.75,-9.75,ascending,210.6375
37.75,-9.5,ascending,211.43001
37.75,-9.25,ascending,215.82443
37.75,-9.0,ascending,233.06198
37.75,-8.75,ascending,264.39636
37.75,-8.5,ascending,286.2311
37.75,-8.25,ascending,292.4883
37.75,-8.0,ascending,293.48727
37.75,-7.75,ascending,292.6991
37.75,-7.5,ascending,291.77786
37.75,-7.25,ascending,291.21072
37.75,-7.0,ascending,290.91586
37.75,-6.75,ascending,290.56714
37.75,-6.5,ascending,290.6496
37.75,-0.25,ascending,211.373
37.75,-0.0,ascending,210.94684
37.75,0.25,ascending,208.97624
37.75,0.5,ascending,208.74284
37.75,0.75,ascending,208.62538
37.75,1.0,ascending,208.57832
37.75,1.25,ascending,208.65
37.75,1.5,ascending,208.748
37.75,1.75,ascending,208.8891
37.75,2.0,ascending,209.0211
37.75,2.25,ascending,209.15
37.75,2.5,ascending,209.3675
37.75,2.75,ascending,209.59778
37.75,3.0,ascending,209.84875
37.75,3.25,ascending,210.03624
37.75,3.5,ascending,210.14499
37.75,3.75,ascending,210.20749
37.75,4.0,ascending,210.29713
37.75,4.25,ascending,210.4475
37.75,4.5,ascending,210.77428
37.75,4.75,ascending,211.20285
37.75,5.0,ascending,211.665
37.75,5.25,ascending,212.12
37.75,5.5,ascending,212.10999
37.75,5.75,ascending,212.1843
37.75,6.0,ascending,212.19624
37.75,6.25,ascending,212.42499
37.75,6.5,ascending,212.64856
37.75,6.75,ascending,212.93571
37.75,7.0,ascending,213.06285
37.75,7.25,ascending,213.38571
37.75,7.5,ascending,213.52332
37.75,7.75,ascending,213.81
37.75,8.0,ascending,214.14333
37.75,8.25,ascending,214.515
37.75,8.5,ascending,214.85834
37.75,8.75,ascending,214.89166
37.75,9.0,ascending,214.82713
37.75,9.25,ascending,214.648
37.75,9.5,ascending,214.78857
37.75,9.75,ascending,215.05429
37.75,10.0,ascending,214.78333
37.75,10.25,ascending,214.8
37.75,10.5,ascending,214.67749
37.75,10.75,ascending,214.76572
37.75,11.0,ascending,215.47287
37.75,11.25,ascending,216.14124
37.75,11.5,ascending,216.57713
37.75,11.75,ascending,216.63374
37.75,12.0,ascending,217.524
37.75,12.25,ascending,221.96999
37.75,12.5,ascending,236.15428
37.75,12.75,ascending,251.0457
37.75,13.0,ascending,258.9275
37.75,13.25,ascending,262.90143
37.75,13.5,ascending,262.5625
37.75,13.75,ascending,260.9225
37.75,14.0,ascending,260.2325
37.75,14.25,ascending,260.84714
37.75,14.5,ascending,265.22446
37.75,14.75,ascending,269.38748
37.75,15.0,ascending,265.44873
37.75,15.25,ascending,251.0911
37.75,15.5,ascending,240.68999
37.75,15.75,ascending,238.13818
37.75,16.0,ascending,230.45909
37.75,16.25,ascending,218.45999
37.75,16.5,ascending,213.80727
37.75,16.75,ascending,212.54454
37.75,17.0,ascending,212.63153
37.75,17.25,ascending,213.03416
37.75,17.5,ascending,212.98938
37.75,17.75,ascending,212.44998
37.75,18.0,ascending,212.07303
37.75,18.25,ascending,212.068
37.75,24.5,ascending,221.91917
37.75,24.75,ascending,221.398
37.75,25.0,ascending,221.29332
37.75,25.25,ascending,219.64714
37.75,25.5,ascending,216.28749
37.75,25.75,ascending,214.05362
37.75,26.0,ascending,213.17249
37.75,26.25,ascending,214.70601
37.75,26.5,ascending,216.76498
37.75,26.75,ascending,221.63298
37.75,27.0,ascending,230.18889
37.75,27.25,ascending,244.89223
37.75,27.5,ascending,262.97
37.75,27.75,ascending,278.69556
37.75,28.0,ascending,286.8225
37.75,28.25,ascending,288.40143
37.75,28.5,ascending,288.715
37.75,28.75,ascending,288.7314
37.75,29.0,ascending,288.6425
37.75,29.25,ascending,288.90714
37.75,29.5,ascending,288.7775
37.75,29.75,ascending,287.25
37.75,30.0,ascending,284.43625
37.75,30.25,ascending,282.25858
37.75,30.5,ascending,282.51166
37.75,30.75,ascending,280.99167
37.75,31.0,ascending,276.13165
37.75,31.25,ascending,273.12375
37.75,31.5,ascending,270.5114
37.75,31.75,ascending,273.99
37.75,32.0,ascending,281.84625
37.75,32.25,ascending,284.71832
37.75,32.5,ascending,285.56
37.75,32.75,ascending,286.94998
37.75,33.0,ascending,286.6957
37.75,33.25,ascending,286.284
37.75,33.5,ascending,287.365
37.75,33.75,ascending,287.808
37.75,34.0,ascending,288.07748
37.75,34.25,ascending,287.9
37.75,34.5,ascending,286.91855
37.75,34.75,ascending,285.47858
37.75,35.0,ascending,283.80713
37.75,35.25,ascending,281.96
37.75,35.5,ascending,282.632
37.75,35.75,ascending,283.456
37.75,36.0,ascending,283.09198
37.75,36.25,ascending,281.83398
37.75,36.5,ascending,281.10165
37.75,36.75,ascending,281.49857
37.75,37.0,ascending,282.31
37.75,37.25,ascending,281.20834
37.75,37.5,ascending,281.28625
37.75,37.75,ascending,282.58
37.75,38.0,ascending,282.244
38.0,-13.0,ascending,212.25667
38.0,-12.75,ascending,212.4225
38.0,-12.5,ascending,212.46858
38.0,-12.25,ascending,212.12749
38.0,-12.0,ascending,211.67285
38.0,-11.75,ascending,211.45125
38.0,-11.5,ascending,211.33221
38.0,-11.25,ascending,211.11168
38.0,-11.0,ascending,210.91779
38.0,-10.75,ascending,210.76143
38.0,-10.5,ascending,210.79109
38.0,-10.25,ascending,210.90555
38.0,-10.0,ascending,210.95125
38.0,-9.75,ascending,211.748
38.0,-9.5,ascending,214.15875
38.0,-9.25,ascending,219.35443
38.0,-9.0,ascending,235.7175
38.0,-8.75,ascending,264.50598
38.0,-8.5,ascending,285.12634
38.0,-8.25,ascending,292.105
38.0,-8.0,ascending,292.93454
38.0,-7.75,ascending,291.585
38.0,-7.5,ascending,290.96213
38.0,-7.25,ascending,291.38068
38.0,-7.0,ascending,291.40115
38.0,-6.75,ascending,291.45566
38.0,-6.5,ascending,291.4195
38.0,-0.25,ascending,216.95842
38.0,-0.0,ascending,213.44705
38.0,0.25,ascending,210.18466
38.0,0.5,ascending,208.91075
38.0,0.75,ascending,208.64307
38.0,1.0,ascending,208.63364
38.0,1.25,ascending,208.71
38.0,1.5,ascending,208.7818
38.0,1.75,ascending,208.773
38.0,2.0,ascending,208.795
38.0,2.25,ascending,208.87665
38.0,2.5,ascending,209.09332
38.0,2.75,ascending,209.31999
38.0,3.0,ascending,209.54
38.0,3.25,ascending,209.77374
38.0,3.5,ascending,209.91333
38.0,3.75,ascending,210.02124
38.0,4.0,ascending,210.08714
38.0,4.25,ascending,210.13374
38.0,4.5,ascending,210.30875
38.0,4.75,ascending,210.58714
38.0,5.0,ascending,210.8875
38.0,5.25,ascending,211.14285
38.0,5.5,ascending,211.28572
38.0,5.75,ascending,211.53166
38.0,6.0,ascending,211.66167
38.0,6.25,ascending,211.82332
38.0,6.5,ascending,211.83333
38.0,6.75,ascending,211.97856
38.0,7.0,ascending,212.12428
38.0,7.25,ascending,212.29141
38.0,7.5,ascending,212.52284
38.0,7.75,ascending,212.83875
38.0,8.0,ascending,213.48714
38.0,8.25,ascending,213.69331
38.0,8.5,ascending,214.12
38.0,8.75,ascending,214.22166
38.0,9.0,ascending,213.89572
38.0,9.25,ascending,213.85428
38.0,9.5,ascending,213.73
38.0,9.75,ascending,213.83714
38.0,10.0,ascending,214.12666
38.0,10.25,ascending,214.35374
38.0,10.5,ascending,214.44142
38.0,10.75,ascending,214.46428
38.0,11.0,ascending,215.04375
38.0,11.25,ascending,215.45999
38.0,11.5,ascending,215.52124
38.0,11.75,ascending,215.06142
38.0,12.0,ascending,215.9725
38.0,12.25,ascending,218.91142
38.0,12.5,ascending,229.21286
38.0,12.75,ascending,239.47374
38.0,13.0,ascending,244.67857
38.0,13.25,ascending,249.18999
38.0,13.5,ascending,245.75624
38.0,13.75,ascending,238.09999
38.0,14.0,ascending,236.28624
38.0,14.25,ascending,236.84554
38.0,14.5,ascending,239.81375
38.0,14.75,ascending,246.14499
38.0,15.0,ascending,247.7
38.0,15.25,ascending,247.575
38.0,15.5,ascending,245.21625
38.0,15.75,ascending,254.03331
38.0,16.0,ascending,253.73776
38.0,16.25,ascending,235.55833
38.0,16.5,ascending,218.78908
38.0,16.75,ascending,214.23167
38.0,17.0,ascending,213.52083
38.0,17.25,ascending,213.914
38.0,17.5,ascending,214.12312
38.0,17.75,ascending,213.99579
38.0,18.0,ascending,213.77304
38.0,18.25,ascending,213.45706
38.0,24.25,ascending,229.07332
38.0,24.5,ascending,226.65999
38.0,24.75,ascending,225.03687
38.0,25.0,ascending,222.09874
38.0,25.25,ascending,217.1377
38.0,25.5,ascending,213.04077
38.0,25.75,ascending,211.6709
38.0,26.0,ascending,212.84001
38.0,26.25,ascending,215.65668
38.0,26.5,ascending,220.57364
38.0,26.75,ascending,229.14334
38.0,27.0,ascending,239.4911
38.0,27.25,ascending,259.16125
38.0,27.5,ascending,273.445
38.0,27.75,ascending,284.3211
38.0,28.0,ascending,287.505
38.0,28.25,ascending,288.0611
38.0,28.5,ascending,288.0225
38.0,28.75,ascending,288.28125
38.0,29.0,ascending,289.08557
38.0,29.25,ascending,289.55856
38.0,29.5,ascending,289.15427
38.0,29.75,ascending,287.6375
38.0,30.0,ascending,285.13498
38.0,30.25,ascending,283.84625
38.0,30.5,ascending,282.8575
38.0,30.75,ascending,278.01624
38.0,31.0,ascending,273.62833
38.0,31.25,ascending,274.0657
38.0,31.5,ascending,275.31998
38.0,31.75,ascending,278.69427
38.0,32.0,ascending,282.73
38.0,32.25,ascending,283.86713
38.0,32.5,ascending,285.20123
38.0,32.75,ascending,286.405
38.0,33.0,ascending,285.92374
38.0,33.25,ascending,286.29166
38.0,33.5,ascending,285.68
38.0,33.75,ascending,286.59
38.0,34.0,ascending,287.63858
38.0,34.25,ascending,288.09125
38.0,34.5,ascending,287.34283
38.0,34.75,ascending,286.65
38.0,35.0,ascending,285.06284
38.0,35.25,ascending,283.13333
38.0,35.5,ascending,283.03
38.0,35.75,ascending,283.17715
38.0,36.0,ascending,282.2575
38.0,36.25,ascending,280.96857
38.0,36.5,ascending,279.56
38.0,36.75,ascending,279.54666
38.0,37.0,ascending,281.02777
38.0,37.25,ascending,280.64832
38.0,37.5,ascending,280.21375
38.0,37.75,ascending,280.83875
38.0,38.0,ascending,280.965
38.25,-13.0,ascending,212.315
38.25,-12.75,ascending,212.56334
38.25,-12.5,ascending,212.74625
38.25,-12.25,ascending,212.48334
38.25,-12.0,ascending,211.93713
38.25,-11.75,ascending,211.61714
38.25,-11.5,ascending,211.42714
38.25,-11.25,ascending,211.16856
38.25,-11.0,ascending,211.00374
38.25,-10.75,ascending,210.96
38.25,-10.5,ascending,210.97249
38.25,-10.25,ascending,211.09142
38.25,-10.0,ascending,211.56699
38.25,-9.75,ascending,214.48999
38.25,-9.5,ascending,221.20778
38.25,-9.25,ascending,232.21
38.25,-9.0,ascending,245.31198
38.25,-8.75,ascending,266.70557
38.25,-8.5,ascending,284.83
38.25,-8.25,ascending,290.92545
38.25,-8.0,ascending,291.97583
38.25,-7.75,ascending,290.84818
38.25,-7.5,ascending,289.49356
38.25,-7.25,ascending,290.39264
38.25,-7.0,ascending,291.62888
38.25,-6.75,ascending,292.24948
38.25,-6.5,ascending,292.598
38.25,-0.5,ascending,239.54999
38.25,-0.25,ascending,232.505
38.25,-0.0,ascending,222.63556
38.25,0.25,ascending,216.07533
38.25,0.5,ascending,211.14383
38.25,0.75,ascending,209.71167
38.25,1.0,ascending,209.20546
38.25,1.25,ascending,209.01636
38.25,1.5,ascending,208.98299
38.25,1.75,ascending,208.95221
38.25,2.0,ascending,208.8511
38.25,2.25,ascending,208.84111
38.25,2.5,ascending,208.79124
38.25,2.75,ascending,208.95999
38.25,3.0,ascending,209.23999
38.25,3.25,ascending,209.575
38.25,3.5,ascending,209.81429
38.25,3.75,ascending,209.96875
38.25,4.0,ascending,210.00624
38.25,4.25,ascending,209.96143
38.25,4.5,ascending,210.0457
38.25,4.75,ascending,210.24875
38.25,5.0,ascending,210.42833
38.25,5.25,ascending,210.62999
38.25,5.5,ascending,210.84999
38.25,5.75,ascending,211.11499
38.25,6.0,ascending,211.23999
38.25,6.25,ascending,211.295
38.25,6.5,ascending,211.29
38.25,6.75,ascending,211.27428
38.25,7.0,ascending,211.35428
38.25,7.25,ascending,211.37143
38.25,7.5,ascending,211.60333
38.25,7.75,ascending,211.705
38.25,8.0,ascending,212.17429
38.25,8.25,ascending,212.54498
38.25,8.5,ascending,212.79
38.25,8.75,ascending,213.70375
38.25,9.0,ascending,214.29834
38.25,9.25,ascending,214.01857
38.25,9.5,ascending,213.42801
38.25,9.75,ascending,213.22833
38.25,10.0,ascending,213.32999
38.25,10.25,ascending,213.44858
38.25,10.5,ascending,213.73715
38.25,10.75,ascending,214.0
38.25,11.0,ascending,214.51799
38.25,11.25,ascending,215.02998
38.25,11.5,ascending,214.8675
38.25,11.75,ascending,214.31714
38.25,12.0,ascending,214.12375
38.25,12.25,ascending,215.66199
38.25,12.5,ascending,220.22
38.25,12.75,ascending,226.054
38.25,13.0,ascending,229.51125
38.25,13.25,ascending,231.5725
38.25,13.5,ascending,229.15
38.25,13.75,ascending,224.89143
38.25,14.0,ascending,222.12624
38.25,14.25,ascending,221.4775
38.25,14.5,ascending,222.655
38.25,14.75,ascending,224.655
38.25,15.0,ascending,226.14874
38.25,15.25,ascending,227.65363
38.25,15.5,ascending,234.376
38.25,15.75,ascending,248.293
38.25,16.0,ascending,264.09
38.25,16.25,ascending,256.526
38.25,16.5,ascending,232.57666
38.25,16.75,ascending,217.92801
38.25,17.0,ascending,214.495
38.25,17.25,ascending,214.35999
38.25,17.5,ascending,214.815
38.25,17.75,ascending,215.23666
38.25,18.0,ascending,215.66318
38.25,18.25,ascending,215.74924
38.25,24.25,ascending,231.46333
38.25,24.5,ascending,228.42
38.25,24.75,ascending,223.018
38.25,25.0,ascending,217.01785
38.25,25.25,ascending,212.76308
38.25,25.5,ascending,211.98332
38.25,25.75,ascending,214.69916
38.25,26.0,ascending,220.82901
38.25,26.25,ascending,228.318
38.25,26.5,ascending,236.51555
38.25,26.75,ascending,245.81999
38.25,27.0,ascending,256.97
38.25,27.25,ascending,269.46375
38.25,27.5,ascending,279.3578
38.25,27.75,ascending,285.40714
38.25,28.0,ascending,287.42126
38.25,28.25,ascending,287.59125
38.25,28.5,ascending,287.73712
38.25,28.75,ascending,288.70428
38.25,29.0,ascending,289.75858
38.25,29.25,ascending,290.08572
38.25,29.5,ascending,289.66623
38.25,29.75,ascending,287.95428
38.25,30.0,ascending,285.9625
38.25,30.25,ascending,285.30713
38.25,30.5,ascending,284.12143
38.25,30.75,ascending,280.84125
38.25,31.0,ascending,278.8975
38.25,31.25,ascending,278.51855
38.25,31.5,ascending,277.71335
38.25,31.75,ascending,279.5
38.25,32.0,ascending,282.40857
38.25,32.25,ascending,284.22797
38.25,32.5,ascending,286.29572
38.25,32.75,ascending,287.23285
38.25,33.0,ascending,286.495
38.25,33.25,ascending,284.18427
38.25,33.5,ascending,279.69598
38.25,33.75,ascending,281.04855
38.25,34.0,ascending,286.58167
38.25,34.25,ascending,287.45142
38.25,34.5,ascending,287.6
38.25,34.75,ascending,287.7
38.25,35.0,ascending,287.16876
38.25,35.25,ascending,285.23285
38.25,35.5,ascending,284.22858
38.25,35.75,ascending,283.69
38.25,36.0,ascending,282.27142
38.25,36.25,ascending,280.2457
38.25,36.5,ascending,278.08624
38.25,36.75,ascending,277.76834
38.25,37.0,ascending,279.11142
38.25,37.25,ascending,279.80426
38.25,37.5,ascending,279.81
38.25,37.75,ascending,280.43832
38.25,38.0,ascending,281.08798
38.5,-13.0,ascending,212.38666
38.5,-12.75,ascending,212.59856
38.5,-12.5,ascending,212.92375
38.5,-12.25,ascending,212.75143
38.5,-12.0,ascending,212.1825
38.5,-11.75,ascending,211.75285
38.5,-11.5,ascending,211.5625
38.5,-11.25,ascending,211.30556
38.5,-11.0,ascending,211.09749
38.5,-10.75,ascending,211.07571
38.5,-10.5,ascending,211.08571
38.5,-10.25,ascending,211.1789
38.5,-10.0,ascending,212.00375
38.5,-9.75,ascending,217.24889
38.5,-9.5,ascending,232.53223
38.5,-9.25,ascending,248.30714
38.5,-9.0,ascending,262.74545
38.5,-8.75,ascending,275.93597
38.5,-8.5,ascending,285.45
38.5,-8.25,ascending,289.9908
38.5,-8.0,ascending,291.18918
38.5,-7.75,ascending,291.21213
38.5,-7.5,ascending,290.63132
38.5,-7.25,ascending,290.88733
38.5,-7.0,ascending,291.95667
38.5,-6.75,ascending,292.59692
38.5,-6.5,ascending,292.762
38.5,-0.5,ascending,263.1
38.5,-0.25,ascending,256.22736
38.5,-0.0,ascending,240.59187
38.5,0.25,ascending,231.06999
38.5,0.5,ascending,220.72923
38.5,0.75,ascending,213.89333
38.5,1.0,ascending,210.84799
38.5,1.25,ascending,209.9918
38.5,1.5,ascending,210.24908
38.5,1.75,ascending,211.00497
38.5,2.0,ascending,210.18889
38.5,2.25,ascending,209.6675
38.5,2.5,ascending,208.79
38.5,2.75,ascending,208.72333
38.5,3.0,ascending,209.08374
38.5,3.25,ascending,209.49333
38.5,3.5,ascending,209.81142
38.5,3.75,ascending,209.89667
38.5,4.0,ascending,209.82286
38.5,4.25,ascending,209.82286
38.5,4.5,ascending,209.98286
38.5,4.75,ascending,210.1857
38.5,5.0,ascending,210.37625
38.5,5.25,ascending,210.53714
38.5,5.5,ascending,210.72499
38.5,5.75,ascending,210.93143
38.5,6.0,ascending,211.105
38.5,6.25,ascending,211.24571
38.5,6.5,ascending,211.30286
38.5,6.75,ascending,211.35333
38.5,7.0,ascending,211.2925
38.5,7.25,ascending,211.34499
38.5,7.5,ascending,211.32143
38.5,7.75,ascending,211.34666
38.5,8.0,ascending,211.345
38.5,8.25,ascending,211.73665
38.5,8.5,ascending,214.46855
38.5,8.75,ascending,218.122
38.5,9.0,ascending,220.035
38.5,9.25,ascending,219.63666
38.5,9.5,ascending,214.8011
38.5,9.75,ascending,213.83
38.5,10.0,ascending,212.72499
38.5,10.25,ascending,212.538
38.5,10.5,ascending,212.75334
38.5,10.75,ascending,213.23715
38.5,11.0,ascending,213.87572
38.5,11.25,ascending,214.33124
38.5,11.5,ascending,214.194
38.5,11.75,ascending,213.84714
38.5,12.0,ascending,213.60374
38.5,12.25,ascending,214.12143
38.5,12.5,ascending,215.9025
38.5,12.75,ascending,220.0957
38.5,13.0,ascending,222.85625
38.5,13.25,ascending,224.14833
38.5,13.5,ascending,222.58112
38.5,13.75,ascending,220.07625
38.5,14.0,ascending,219.35875
38.5,14.25,ascending,219.4557
38.5,14.5,ascending,218.63777
38.5,14.75,ascending,218.16444
38.5,15.0,ascending,217.83124
38.5,15.25,ascending,216.98143
38.5,15.5,ascending,219.8511
38.5,15.75,ascending,234.42554
38.5,16.0,ascending,255.37271
38.5,16.25,ascending,266.25272
38.5,16.5,ascending,249.84273
38.5,16.75,ascending,227.73538
38.5,17.0,ascending,217.70076
38.5,17.25,ascending,215.29713
38.5,17.5,ascending,215.95352
38.5,17.75,ascending,216.70349
38.5,18.0,ascending,216.65192
38.5,18.25,ascending,216.71832
38.5,24.25,ascending,233.71501
38.5,24.5,ascending,227.67749
38.5,24.75,ascending,220.18562
38.5,25.0,ascending,214.20499
38.5,25.25,ascending,212.12817
38.5,25.5,ascending,213.27
38.5,25.75,ascending,217.49364
38.5,26.0,ascending,224.63545
38.5,26.25,ascending,230.34221
38.5,26.5,ascending,235.92801
38.5,26.75,ascending,242.228
38.5,27.0,ascending,253.02333
38.5,27.25,ascending,266.83334
38.5,27.5,ascending,279.805
38.5,27.75,ascending,286.48874
38.5,28.0,ascending,288.06876
38.5,28.25,ascending,287.67334
38.5,28.5,ascending,287.77
38.5,28.75,ascending,288.75748
38.5,29.0,ascending,289.7143
38.5,29.25,ascending,289.9975
38.5,29.5,ascending,289.37143
38.5,29.75,ascending,287.85498
38.5,30.0,ascending,286.67166
38.5,30.25,ascending,286.37286
38.5,30.5,ascending,285.68332
38.5,30.75,ascending,284.58334
38.5,31.0,ascending,282.40332
38.5,31.25,ascending,278.77856
38.5,31.5,ascending,277.25427
38.5,31.75,ascending,280.36
38.5,32.0,ascending,282.97748
38.5,32.25,ascending,285.16855
38.5,32.5,ascending,287.03857
38.5,32.75,ascending,287.90143
38.5,33.0,ascending,285.64374
38.5,33.25,ascending,277.815
38.5,33.5,ascending,271.09998
38.5,33.75,ascending,277.974
38.5,34.0,ascending,284.96124
38.5,34.25,ascending,287.14667
38.5,34.5,ascending,287.83286
38.5,34.75,ascending,288.05875
38.5,35.0,ascending,287.6314
38.5,35.25,ascending,286.16855
38.5,35.5,ascending,284.52713
38.5,35.75,ascending,283.75125
38.5,36.0,ascending,282.66855
38.5,36.25,ascending,280.76855
38.5,36.5,ascending,278.19998
38.5,36.75,ascending,277.055
38.5,37.0,ascending,277.43
38.5,37.25,ascending,277.85748
38.5,37.5,ascending,278.89142
38.5,37.75,ascending,280.04874
38.5,38.0,ascending,280.654
38.75,-13.0,ascending,212.51666
38.75,-12.75,ascending,212.64
38.75,-12.5,ascending,213.02144
38.75,-12.25,ascending,213.05571
38.75,-12.0,ascending,212.52144
38.75,-11.75,ascending,212.01285
38.75,-11.5,ascending,211.74875
38.75,-11.25,ascending,211.52998
38.75,-11.0,ascending,211.26572
38.75,-10.75,ascending,211.13428
38.75,-10.5,ascending,211.12
38.75,-10.25,ascending,211.19875
38.75,-10.0,ascending,211.89624
38.75,-9.75,ascending,219.16779
38.75,-9.5,ascending,240.94499
38.75,-9.25,ascending,262.63898
38.75,-9.0,ascending,273.90442
38.75,-8.75,ascending,281.20886
38.75,-8.5,ascending,286.70364
38.75,-8.25,ascending,289.235
38.75,-8.0,ascending,290.2875
38.75,-7.75,ascending,291.0225
38.75,-7.5,ascending,291.31464
38.75,-7.25,ascending,291.524
38.75,-7.0,ascending,291.87094
38.75,-6.75,ascending,292.23477
38.75,-6.5,ascending,292.53165
38.75,-0.75,ascending,281.775
38.75,-0.5,ascending,277.672
38.75,-0.25,ascending,273.31732
38.75,-0.0,ascending,258.9575
38.75,0.25,ascending,244.1446
38.75,0.5,ascending,227.53917
38.75,0.75,ascending,215.81454
38.75,1.0,ascending,211.73183
38.75,1.25,ascending,213.06198
38.75,1.5,ascending,215.01445
38.75,1.75,ascending,216.74889
38.75,2.0,ascending,213.46098
38.75,2.25,ascending,210.485
38.75,2.5,ascending,208.84222
38.75,2.75,ascending,208.59999
38.75,3.0,ascending,209.11499
38.75,3.25,ascending,209.72144
38.75,3.5,ascending,210.35875
38.75,3.75,ascending,210.12143
38.75,4.0,ascending,209.73125
38.75,4.25,ascending,209.59856
38.75,4.5,ascending,209.9
38.75,4.75,ascending,210.20999
38.75,5.0,ascending,210.40833
38.75,5.25,ascending,210.55714
38.75,5.5,ascending,210.70999
38.75,5.75,ascending,210.87143
38.75,6.0,ascending,211.12857
38.75,6.25,ascending,211.56499
38.75,6.5,ascending,211.86714
38.75,6.75,ascending,211.93666
38.75,7.0,ascending,212.10625
38.75,7.25,ascending,212.14
38.75,7.5,ascending,212.28125
38.75,7.75,ascending,211.94167
38.75,8.0,ascending,211.55333
38.75,8.25,ascending,213.45285
38.75,8.5,ascending,220.46832
38.75,8.75,ascending,234.46715
38.75,9.0,ascending,237.60286
38.75,9.25,ascending,228.19199
38.75,9.5,ascending,224.02124
38.75,9.75,ascending,218.30833
38.75,10.0,ascending,213.2
38.75,10.25,ascending,211.69374
38.75,10.5,ascending,211.82426
38.75,10.75,ascending,212.20285
38.75,11.0,ascending,212.93625
38.75,11.25,ascending,213.32286
38.75,11.5,ascending,213.48856
38.75,11.75,ascending,213.352
38.75,12.0,ascending,213.57375
38.75,12.25,ascending,213.91
38.75,12.5,ascending,214.52501
38.75,12.75,ascending,216.57748
38.75,13.0,ascending,220.49428
38.75,13.25,ascending,223.27
38.75,13.5,ascending,222.85374
38.75,13.75,ascending,221.31499
38.75,14.0,ascending,220.83142
38.75,14.25,ascending,221.82555
38.75,14.5,ascending,221.02333
38.75,14.75,ascending,218.06375
38.75,15.0,ascending,216.27888
38.75,15.25,ascending,215.602
38.75,15.5,ascending,217.63301
38.75,15.75,ascending,226.83298
38.75,16.0,ascending,247.70442
38.75,16.25,ascending,266.299
38.75,16.5,ascending,264.29
38.75,16.75,ascending,247.00365
38.75,17.0,ascending,228.80692
38.75,17.25,ascending,218.91072
38.75,17.5,ascending,217.08832
38.75,17.75,ascending,218.00528
38.75,18.0,ascending,218.12192
38.75,18.25,ascending,217.6
38.75,24.0,ascending,228.96333
38.75,24.25,ascending,225.64896
38.75,24.5,ascending,222.30176
38.75,24.75,ascending,217.3423
38.75,25.0,ascending,214.70538
38.75,25.25,ascending,212.94077
38.75,25.5,ascending,212.9009
38.75,25.75,ascending,214.00908
38.75,26.0,ascending,216.8811
38.75,26.25,ascending,220.51544
38.75,26.5,ascending,226.29375
38.75,26.75,ascending,235.8575
38.75,27.0,ascending,250.13445
38.75,27.25,ascending,267.38373
38.75,27.5,ascending,281.12625
38.75,27.75,ascending,287.535
38.75,28.0,ascending,288.32748
38.75,28.25,ascending,287.52286
38.75,28.5,ascending,287.44376
38.75,28.75,ascending,288.02
38.75,29.0,ascending,288.65143
38.75,29.25,ascending,288.4475
38.75,29.5,ascending,288.23334
38.75,29.75,ascending,287.29288
38.75,30.0,ascending,286.74713
38.75,30.25,ascending,286.87714
38.75,30.5,ascending,286.91125
38.75,30.75,ascending,285.89142
38.75,31.0,ascending,282.94623
38.75,31.25,ascending,280.80832
38.75,31.5,ascending,281.21857
38.75,31.75,ascending,282.71335
38.75,32.0,ascending,283.9283
38.75,32.25,ascending,285.05426
38.75,32.5,ascending,286.46167
38.75,32.75,ascending,287.375
38.75,33.0,ascending,284.87
38.75,33.25,ascending,274.37286
38.75,33.5,ascending,269.92667
38.75,33.75,ascending,277.97858
38.75,34.0,ascending,284.8583
38.75,34.25,ascending,287.12332
38.75,34.5,ascending,287.33286
38.75,34.75,ascending,287.38873
38.75,35.0,ascending,287.40332
38.75,35.25,ascending,286.28497
38.75,35.5,ascending,284.4283
38.75,35.75,ascending,283.41998
38.75,36.0,ascending,282.70428
38.75,36.25,ascending,281.58167
38.75,36.5,ascending,280.1725
38.75,36.75,ascending,278.42572
38.75,37.0,ascending,277.52713
38.75,37.25,ascending,277.11285
38.75,37.5,ascending,277.95285
38.75,37.75,ascending,278.97998
38.75,38.0,ascending,279.39664
39.0,-13.0,ascending,212.67665
39.0,-12.75,ascending,212.73
39.0,-12.5,ascending,212.98
39.0,-12.25,ascending,213.18143
39.0,-12.0,ascending,212.81999
39.0,-11.75,ascending,212.33374
39.0,-11.5,ascending,212.03375
39.0,-11.25,ascending,211.78624
39.0,-11.0,ascending,211.52777
39.0,-10.75,ascending,211.2711
39.0,-10.5,ascending,211.17111
39.0,-10.25,ascending,211.25624
39.0,-10.0,ascending,211.79666
39.0,-9.75,ascending,216.15749
39.0,-9.5,ascending,235.57999
39.0,-9.25,ascending,265.24
39.0,-9.0,ascending,279.31198
39.0,-8.75,ascending,283.6175
39.0,-8.5,ascending,286.075
39.0,-8.25,ascending,287.62692
39.0,-8.0,ascending,289.0627
39.0,-7.75,ascending,290.3192
39.0,-7.5,ascending,290.93
39.0,-7.25,ascending,291.32645
39.0,-7.0,ascending,291.4005
39.0,-6.75,ascending,291.4225
39.0,-0.75,ascending,284.94
39.0,-0.5,ascending,279.58722
39.0,-0.25,ascending,270.4107
39.0,-0.0,ascending,255.31285
39.0,0.25,ascending,233.10167
39.0,0.5,ascending,219.52666
39.0,0.75,ascending,211.94453
39.0,1.0,ascending,211.90201
39.0,1.25,ascending,215.594
39.0,1.5,ascending,218.79399
39.0,1.75,ascending,217.18332
39.0,2.0,ascending,212.75801
39.0,2.25,ascending,209.56999
39.0,2.5,ascending,208.52625
39.0,2.75,ascending,209.28125
39.0,3.0,ascending,211.98334
39.0,3.25,ascending,213.92429
39.0,3.5,ascending,216.73283
39.0,3.75,ascending,213.9475
39.0,4.0,ascending,211.10333
39.0,4.25,ascending,209.95143
39.0,4.5,ascending,209.88875
39.0,4.75,ascending,210.20714
39.0,5.0,ascending,210.34874
39.0,5.25,ascending,210.52141
39.0,5.5,ascending,210.72714
39.0,5.75,ascending,211.05713
39.0,6.0,ascending,211.55124
39.0,6.25,ascending,212.41428
39.0,6.5,ascending,212.93
39.0,6.75,ascending,213.13428
39.0,7.0,ascending,213.56285
39.0,7.25,ascending,213.71666
39.0,7.5,ascending,213.78667
39.0,7.75,ascending,213.05998
39.0,8.0,ascending,212.53429
39.0,8.25,ascending,216.13165
39.0,8.5,ascending,233.77
39.0,8.75,ascending,254.94286
39.0,9.0,ascending,258.685
39.0,9.25,ascending,248.2525
39.0,9.5,ascending,243.17801
39.0,9.75,ascending,227.96167
39.0,10.0,ascending,214.8425
39.0,10.25,ascending,211.11143
39.0,10.5,ascending,211.0475
39.0,10.75,ascending,211.435
39.0,11.0,ascending,211.935
39.0,11.25,ascending,212.39714
39.0,11.5,ascending,212.54375
39.0,11.75,ascending,212.94499
39.0,12.0,ascending,213.57143
39.0,12.25,ascending,214.26
39.0,12.5,ascending,214.51375
39.0,12.75,ascending,215.26143
39.0,13.0,ascending,218.27713
39.0,13.25,ascending,222.3225
39.0,13.5,ascending,222.98856
39.0,13.75,ascending,222.30998
39.0,14.0,ascending,222.38889
39.0,14.25,ascending,223.56999
39.0,14.5,ascending,223.70999
39.0,14.75,ascending,220.91222
39.0,15.0,ascending,217.77556
39.0,15.25,ascending,216.98125
39.0,15.5,ascending,219.48375
39.0,15.75,ascending,230.49199
39.0,16.0,ascending,249.27818
39.0,16.25,ascending,267.051
39.0,16.5,ascending,272.42844
39.0,16.75,ascending,263.37
39.0,17.0,ascending,243.102
39.0,17.25,ascending,225.57332
39.0,17.5,ascending,218.55186
39.0,17.75,ascending,217.55904
39.0,18.0,ascending,217.67375
39.0,24.0,ascending,219.07823
39.0,24.25,ascending,217.46555
39.0,24.5,ascending,216.88562
39.0,24.75,ascending,215.26833
39.0,25.0,ascending,213.85846
39.0,25.25,ascending,212.25166
39.0,25.5,ascending,211.80698
39.0,25.75,ascending,213.73817
39.0,26.0,ascending,217.91667
39.0,26.25,ascending,227.38799
39.0,26.5,ascending,235.321
39.0,26.75,ascending,243.98776
39.0,27.0,ascending,255.90875
39.0,27.25,ascending,271.22446
39.0,27.5,ascending,282.50876
39.0,27.75,ascending,286.94778
39.0,28.0,ascending,287.31
39.0,28.25,ascending,286.82144
39.0,28.5,ascending,286.5557
39.0,28.75,ascending,286.61374
39.0,29.0,ascending,286.83624
39.0,29.25,ascending,287.06998
39.0,29.5,ascending,287.28375
39.0,29.75,ascending,287.11002
39.0,30.0,ascending,287.1925
39.0,30.25,ascending,287.61166
39.0,30.5,ascending,287.31165
39.0,30.75,ascending,286.17166
39.0,31.0,ascending,285.06125
39.0,31.25,ascending,284.595
39.0,31.5,ascending,285.23712
39.0,31.75,ascending,284.54
39.0,32.0,ascending,284.37332
39.0,32.25,ascending,284.80142
39.0,32.5,ascending,285.77332
39.0,32.75,ascending,286.58832
39.0,33.0,ascending,285.0475
39.0,33.25,ascending,279.31833
39.0,33.5,ascending,276.62857
39.0,33.75,ascending,280.90714
39.0,34.0,ascending,285.58334
39.0,34.25,ascending,286.73712
39.0,34.5,ascending,286.63126
39.0,34.75,ascending,287.2075
39.0,35.0,ascending,287.32144
39.0,35.25,ascending,286.22
39.0,35.5,ascending,284.63858
39.0,35.75,ascending,283.32623
39.0,36.0,ascending,282.70834
39.0,36.25,ascending,282.2617
39.0,36.5,ascending,281.92715
39.0,36.75,ascending,280.61624
39.0,37.0,ascending,278.82855
39.0,37.25,ascending,277.47714
39.0,37.5,ascending,277.27625
39.0,37.75,ascending,277.75
39.0,38.0,ascending,277.94998
39.25,-13.0,ascending,212.91501
39.25,-12.75,ascending,212.92857
39.25,-12.5,ascending,212.97499
39.25,-12.25,ascending,213.16429
39.25,-12.0,ascending,213.05998
39.25,-11.75,ascending,212.69429
39.25,-11.5,ascending,212.25832
39.25,-11.25,ascending,212.00624
39.25,-11.0,ascending,211.80124
39.25,-10.75,ascending,211.56857
39.25,-10.5,ascending,211.37375
39.25,-10.25,ascending,211.39
39.25,-10.0,ascending,211.61124
39.25,-9.75,ascending,213.59332
39.25,-9.5,ascending,226.971
39.25,-9.25,ascending,253.83899
39.25,-9.0,ascending,277.13556
39.25,-8.75,ascending,283.281
39.25,-8.5,ascending,284.50635
39.25,-8.25,ascending,285.92798
39.25,-8.0,ascending,287.63583
39.25,-7.75,ascending,289.11078
39.25,-7.5,ascending,290.17197
39.25,-7.25,ascending,290.98312
39.25,-7.0,ascending,291.3932
39.25,-6.75,ascending,291.35904
39.25,-1.0,ascending,288.148
39.25,-0.75,ascending,284.82156
39.25,-0.5,ascending,276.05624
39.25,-0.25,ascending,261.6257
39.25,-0.0,ascending,239.83437
39.25,0.25,ascending,223.98
39.25,0.5,ascending,213.86665
39.25,0.75,ascending,209.90273
39.25,1.0,ascending,210.34332
39.25,1.25,ascending,211.55635
39.25,1.5,ascending,212.62665
39.25,1.75,ascending,211.095
39.25,2.0,ascending,209.49889
39.25,2.25,ascending,208.82375
39.25,2.5,ascending,210.76888
39.25,2.75,ascending,217.56999
39.25,3.0,ascending,228.68625
39.25,3.25,ascending,232.24284
39.25,3.5,ascending,232.09
39.25,3.75,ascending,221.59286
39.25,4.0,ascending,213.55142
39.25,4.25,ascending,210.5057
39.25,4.5,ascending,210.4
39.25,4.75,ascending,210.77249
39.25,5.0,ascending,210.41333
39.25,5.25,ascending,210.50856
39.25,5.5,ascending,211.01166
39.25,5.75,ascending,211.705
39.25,6.0,ascending,212.455
39.25,6.25,ascending,213.40833
39.25,6.5,ascending,214.20624
39.25,6.75,ascending,214.83998
39.25,7.0,ascending,215.11714
39.25,7.25,ascending,215.23499
39.25,7.5,ascending,214.74165
39.25,7.75,ascending,213.77284
39.25,8.0,ascending,213.58286
39.25,8.25,ascending,221.08598
39.25,8.5,ascending,241.26285
39.25,8.75,ascending,268.44598
39.25,9.0,ascending,274.57623
39.25,9.25,ascending,270.18597
39.25,9.5,ascending,258.34143
39.25,9.75,ascending,237.03572
39.25,10.0,ascending,216.84856
39.25,10.25,ascending,211.02141
39.25,10.5,ascending,210.5625
39.25,10.75,ascending,210.84
39.25,11.0,ascending,211.18285
39.25,11.25,ascending,211.5925
39.25,11.5,ascending,211.90572
39.25,11.75,ascending,212.52428
39.25,12.0,ascending,213.34499
39.25,12.25,ascending,214.42
39.25,12.5,ascending,214.78833
39.25,12.75,ascending,214.98856
39.25,13.0,ascending,216.6175
39.25,13.25,ascending,219.56714
39.25,13.5,ascending,220.39429
39.25,13.75,ascending,219.68625
39.25,14.0,ascending,220.64624
39.25,14.25,ascending,222.49142
39.25,14.5,ascending,223.50777
39.25,14.75,ascending,222.45
39.25,15.0,ascending,220.5511
39.25,15.25,ascending,220.66
39.25,15.5,ascending,225.06181
39.25,15.75,ascending,237.9022
39.25,16.0,ascending,255.074
39.25,16.25,ascending,267.63364
39.25,16.5,ascending,268.4418
39.25,16.75,ascending,260.21832
39.25,17.0,ascending,244.91461
39.25,17.25,ascending,228.63857
39.25,17.5,ascending,220.07611
39.25,17.75,ascending,218.18227
39.25,18.0,ascending,218.29842
39.25,23.75,ascending,218.00665
39.25,24.0,ascending,217.51472
39.25,24.25,ascending,216.03865
39.25,24.5,ascending,214.79599
39.25,24.75,ascending,213.39082
39.25,25.0,ascending,212.60834
39.25,25.25,ascending,212.325
39.25,25.5,ascending,213.10817
39.25,25.75,ascending,217.63272
39.25,26.0,ascending,226.18889
39.25,26.25,ascending,235.08556
39.25,26.5,ascending,242.48502
39.25,26.75,ascending,249.40428
39.25,27.0,ascending,261.4222
39.25,27.25,ascending,275.22498
39.25,27.5,ascending,282.91248
39.25,27.75,ascending,285.27286
39.25,28.0,ascending,285.68625
39.25,28.25,ascending,285.88126
39.25,28.5,ascending,285.94623
39.25,28.75,ascending,285.97284
39.25,29.0,ascending,286.31668
39.25,29.25,ascending,286.9375
39.25,29.5,ascending,287.30426
39.25,29.75,ascending,287.56497
39.25,30.0,ascending,287.76498
39.25,30.25,ascending,287.72876
39.25,30.5,ascending,287.27142
39.25,30.75,ascending,287.01334
39.25,31.0,ascending,287.60428
39.25,31.25,ascending,287.42142
39.25,31.5,ascending,286.60165
39.25,31.75,ascending,285.47427
39.25,32.0,ascending,285.02832
39.25,32.25,ascending,285.08
39.25,32.5,ascending,285.26334
39.25,32.75,ascending,286.23
39.25,33.0,ascending,286.00143
39.25,33.25,ascending,283.68832
39.25,33.5,ascending,282.34335
39.25,33.75,ascending,284.07666
39.25,34.0,ascending,286.21625
39.25,34.25,ascending,286.956
39.25,34.5,ascending,287.148
39.25,34.75,ascending,287.67374
39.25,35.0,ascending,287.57855
39.25,35.25,ascending,286.67856
39.25,35.5,ascending,285.4471
39.25,35.75,ascending,283.64374
39.25,36.0,ascending,282.1557
39.25,36.25,ascending,281.63165
39.25,36.5,ascending,281.81497
39.25,36.75,ascending,281.08875
39.25,37.0,ascending,279.465
39.25,37.25,ascending,277.41714
39.25,37.5,ascending,276.21124
39.25,37.75,ascending,276.18427
39.25,38.0,ascending,276.0475
39.5,-13.0,ascending,213.09001
39.5,-12.75,ascending,213.26999
39.5,-12.5,ascending,213.08374
39.5,-12.25,ascending,213.16249
39.5,-12.0,ascending,213.30374
39.5,-11.75,ascending,213.14285
39.5,-11.5,ascending,212.6522
39.5,-11.25,ascending,212.20287
39.5,-11.0,ascending,212.05286
39.5,-10.75,ascending,211.87856
39.5,-10.5,ascending,211.7
39.5,-10.25,ascending,211.62874
39.5,-10.0,ascending,211.78398
39.5,-9.75,ascending,212.29625
39.5,-9.5,ascending,217.97777
39.5,-9.25,ascending,239.20999
39.5,-9.0,ascending,264.73453
39.5,-8.75,ascending,280.08698
39.5,-8.5,ascending,282.64725
39.5,-8.25,ascending,284.04
39.5,-8.0,ascending,286.19153
39.5,-7.75,ascending,287.8223
39.5,-7.5,ascending,289.2444
39.5,-7.25,ascending,290.46722
39.5,-7.0,ascending,291.07666
39.5,-6.75,ascending,291.21576
39.5,-1.0,ascending,287.91464
39.5,-0.75,ascending,283.79187
39.5,-0.5,ascending,275.15234
39.5,-0.25,ascending,259.18616
39.5,-0.0,ascending,237.59132
39.5,0.25,ascending,224.63249
39.5,0.5,ascending,214.34726
39.5,0.75,ascending,210.68599
39.5,1.0,ascending,209.23401
39.5,1.25,ascending,209.11111
39.5,1.5,ascending,209.13799
39.5,1.75,ascending,208.894
39.5,2.0,ascending,209.10222
39.5,2.25,ascending,211.74445
39.5,2.5,ascending,220.28125
39.5,2.75,ascending,234.1525
39.5,3.0,ascending,249.34665
39.5,3.25,ascending,251.6975
39.5,3.5,ascending,238.98999
39.5,3.75,ascending,222.48375
39.5,4.0,ascending,213.55249
39.5,4.25,ascending,212.93
39.5,4.5,ascending,213.83858
39.5,4.75,ascending,212.61284
39.5,5.0,ascending,210.63284
39.5,5.25,ascending,210.39429
39.5,5.5,ascending,210.97
39.5,5.75,ascending,211.7175
39.5,6.0,ascending,212.60286
39.5,6.25,ascending,213.61165
39.5,6.5,ascending,214.495
39.5,6.75,ascending,215.26999
39.5,7.0,ascending,215.52856
39.5,7.25,ascending,215.25285
39.5,7.5,ascending,214.63374
39.5,7.75,ascending,213.602
39.5,8.0,ascending,213.47142
39.5,8.25,ascending,220.155
39.5,8.5,ascending,241.96501
39.5,8.75,ascending,269.35123
39.5,9.0,ascending,281.59665
39.5,9.25,ascending,280.91833
39.5,9.5,ascending,272.69122
39.5,9.75,ascending,245.04286
39.5,10.0,ascending,219.58667
39.5,10.25,ascending,210.86002
39.5,10.5,ascending,210.27249
39.5,10.75,ascending,210.274
39.5,11.0,ascending,210.59799
39.5,11.25,ascending,210.85667
39.5,11.5,ascending,211.38625
39.5,11.75,ascending,212.05713
39.5,12.0,ascending,212.95285
39.5,12.25,ascending,213.98572
39.5,12.5,ascending,214.86221
39.5,12.75,ascending,215.53714
39.5,13.0,ascending,216.28
39.5,13.25,ascending,217.35571
39.5,13.5,ascending,217.18555
39.5,13.75,ascending,216.17874
39.5,14.0,ascending,216.58556
39.5,14.25,ascending,218.48874
39.5,14.5,ascending,221.1311
39.5,14.75,ascending,223.71666
39.5,15.0,ascending,225.01999
39.5,15.25,ascending,226.495
39.5,15.5,ascending,233.12221
39.5,15.75,ascending,247.101
39.5,16.0,ascending,262.04544
39.5,16.25,ascending,265.94272
39.5,16.5,ascending,256.6991
39.5,16.75,ascending,245.02498
39.5,17.0,ascending,234.74466
39.5,17.25,ascending,225.36934
39.5,17.5,ascending,220.71588
39.5,17.75,ascending,220.82173
39.5,18.0,ascending,221.76437
39.5,23.75,ascending,215.58734
39.5,24.0,ascending,214.82526
39.5,24.25,ascending,214.09355
39.5,24.5,ascending,213.61066
39.5,24.75,ascending,213.23499
39.5,25.0,ascending,213.15166
39.5,25.25,ascending,213.394
39.5,25.5,ascending,214.10727
39.5,25.75,ascending,217.01099
39.5,26.0,ascending,224.20819
39.5,26.25,ascending,233.58624
39.5,26.5,ascending,246.08556
39.5,26.75,ascending,258.31888
39.5,27.0,ascending,270.8622
39.5,27.25,ascending,279.13748
39.5,27.5,ascending,283.33664
39.5,27.75,ascending,284.60873
39.5,28.0,ascending,285.26624
39.5,28.25,ascending,285.74857
39.5,28.5,ascending,285.75858
39.5,28.75,ascending,285.82855
39.5,29.0,ascending,286.32748
39.5,29.25,ascending,286.84
39.5,29.5,ascending,287.30875
39.5,29.75,ascending,287.32498
39.5,30.0,ascending,287.39124
39.5,30.25,ascending,287.415
39.5,30.5,ascending,287.77875
39.5,30.75,ascending,288.41714
39.5,31.0,ascending,288.89667
39.5,31.25,ascending,288.28998
39.5,31.5,ascending,287.12833
39.5,31.75,ascending,286.32285
39.5,32.0,ascending,286.00626
39.5,32.25,ascending,285.52
39.5,32.5,ascending,285.26498
39.5,32.75,ascending,285.4625
39.5,33.0,ascending,285.652
39.5,33.25,ascending,285.535
39.5,33.5,ascending,285.23856
39.5,33.75,ascending,286.22998
39.5,34.0,ascending,287.30283
39.5,34.25,ascending,287.6743
39.5,34.5,ascending,287.9057
39.5,34.75,ascending,287.83286
39.5,35.0,ascending,287.3986
39.5,35.25,ascending,286.77286
39.5,35.5,ascending,285.87625
39.5,35.75,ascending,283.52
39.5,36.0,ascending,280.51123
39.5,36.25,ascending,279.115
39.5,36.5,ascending,279.27374
39.5,36.75,ascending,279.50668
39.5,37.0,ascending,278.49445
39.5,37.25,ascending,276.49713
39.5,37.5,ascending,275.20712
39.5,37.75,ascending,274.22626
39.5,38.0,ascending,274.47998
39.75,-13.0,ascending,213.16501
39.75,-12.75,ascending,213.37143
39.75,-12.5,ascending,213.27141
39.75,-12.25,ascending,213.21
39.75,-12.0,ascending,213.35286
39.75,-11.75,ascending,213.52571
39.75,-11.5,ascending,213.15999
39.75,-11.25,ascending,212.46333
39.75,-11.0,ascending,212.215
39.75,-10.75,ascending,212.06221
39.75,-10.5,ascending,211.9225
39.75,-10.25,ascending,211.85889
39.75,-10.0,ascending,211.94858
39.75,-9.75,ascending,212.19333
39.75,-9.5,ascending,214.20454
39.75,-9.25,ascending,226.52777
39.75,-9.0,ascending,254.297
39.75,-8.75,ascending,275.00555
39.75,-8.5,ascending,280.99362
39.75,-8.25,ascending,282.2091
39.75,-8.0,ascending,284.31
39.75,-7.75,ascending,286.49582
39.75,-7.5,ascending,288.07562
39.75,-7.25,ascending,289.2444
39.75,-7.0,ascending,289.6239
39.75,-6.75,ascending,289.79
39.75,-1.25,ascending,287.235
39.75,-1.0,ascending,287.611
39.75,-0.75,ascending,285.21436
39.75,-0.5,ascending,279.50784
39.75,-0.25,ascending,266.86078
39.75,-0.0,ascending,245.88266
39.75,0.25,ascending,233.972
39.75,0.5,ascending,221.2
39.75,0.75,ascending,214.12181
39.75,1.0,ascending,210.28555
39.75,1.25,ascending,209.1311
39.75,1.5,ascending,208.70555
39.75,1.75,ascending,208.75499
39.75,2.0,ascending,209.81
39.75,2.25,ascending,213.79428
39.75,2.5,ascending,222.62375
39.75,2.75,ascending,234.60625
39.75,3.0,ascending,240.65857
39.75,3.25,ascending,240.88713
39.75,3.5,ascending,226.29285
39.75,3.75,ascending,216.58249
39.75,4.0,ascending,215.97571
39.75,4.25,ascending,219.83167
39.75,4.5,ascending,218.26857
39.75,4.75,ascending,212.78142
39.75,5.0,ascending,210.2425
39.75,5.25,ascending,210.012
39.75,5.5,ascending,210.45999
39.75,5.75,ascending,210.98
39.75,6.0,ascending,211.59714
39.75,6.25,ascending,212.54285
39.75,6.5,ascending,213.26285
39.75,6.75,ascending,214.04333
39.75,7.0,ascending,214.21571
39.75,7.25,ascending,213.92665
39.75,7.5,ascending,213.66833
39.75,7.75,ascending,213.26999
39.75,8.0,ascending,213.59334
39.75,8.25,ascending,218.646
39.75,8.5,ascending,241.46143
39.75,8.75,ascending,267.36002
39.75,9.0,ascending,283.14142
39.75,9.25,ascending,284.17572
39.75,9.5,ascending,277.38666
39.75,9.75,ascending,248.14
39.75,10.0,ascending,218.39667
39.75,10.25,ascending,211.25284
39.75,10.5,ascending,210.06624
39.75,10.75,ascending,209.85167
39.75,11.0,ascending,209.93
39.75,11.25,ascending,210.27998
39.75,11.5,ascending,210.82857
39.75,11.75,ascending,211.62999
39.75,12.0,ascending,212.59875
39.75,12.25,ascending,213.818
39.75,12.5,ascending,214.88625
39.75,12.75,ascending,216.58833
39.75,13.0,ascending,217.22285
39.75,13.25,ascending,217.01125
39.75,13.5,ascending,216.03874
39.75,13.75,ascending,215.29333
39.75,14.0,ascending,215.04999
39.75,14.25,ascending,215.68
39.75,14.5,ascending,217.87999
39.75,14.75,ascending,223.88713
39.75,15.0,ascending,232.32452
39.75,15.25,ascending,237.66888
39.75,15.5,ascending,242.378
39.75,15.75,ascending,256.333
39.75,16.0,ascending,268.82272
39.75,16.25,ascending,267.65182
39.75,16.5,ascending,250.92818
39.75,16.75,ascending,234.93666
39.75,17.0,ascending,228.0654
39.75,17.25,ascending,225.15399
39.75,17.5,ascending,224.97157
39.75,17.75,ascending,228.23694
39.75,18.0,ascending,230.10222
39.75,23.5,ascending,220.84499
39.75,23.75,ascending,217.49054
39.75,24.0,ascending,216.56749
39.75,24.25,ascending,215.03285
39.75,24.5,ascending,214.72769
39.75,24.75,ascending,214.70454
39.75,25.0,ascending,215.54915
39.75,25.25,ascending,217.70454
39.75,25.5,ascending,218.61223
39.75,25.75,ascending,220.18599
39.75,26.0,ascending,226.17444
39.75,26.25,ascending,239.4511
39.75,26.5,ascending,256.9111
39.75,26.75,ascending,270.55124
39.75,27.0,ascending,278.64
39.75,27.25,ascending,282.41626
39.75,27.5,ascending,283.37
39.75,27.75,ascending,283.20572
39.75,28.0,ascending,283.34445
39.75,28.25,ascending,283.18124
39.75,28.5,ascending,283.38715
39.75,28.75,ascending,283.47333
39.75,29.0,ascending,283.90857
39.75,29.25,ascending,284.19427
39.75,29.5,ascending,285.19144
39.75,29.75,ascending,285.384
39.75,30.0,ascending,285.89716
39.75,30.25,ascending,287.11
39.75,30.5,ascending,288.12668
39.75,30.75,ascending,288.63428
39.75,31.0,ascending,288.53333
39.75,31.25,ascending,287.53
39.75,31.5,ascending,286.75143
39.75,31.75,ascending,286.40332
39.75,32.0,ascending,286.36166
39.75,32.25,ascending,285.885
39.75,32.5,ascending,284.96573
39.75,32.75,ascending,284.392
39.75,33.0,ascending,284.61374
39.75,33.25,ascending,285.395
39.75,33.5,ascending,286.4475
39.75,33.75,ascending,287.245
39.75,34.0,ascending,287.85498
39.75,34.25,ascending,288.0357
39.75,34.5,ascending,287.73428
39.75,34.75,ascending,287.13858
39.75,35.0,ascending,286.87668
39.75,35.25,ascending,286.3925
39.75,35.5,ascending,285.27664
39.75,35.75,ascending,282.87143
39.75,36.0,ascending,278.81714
39.75,36.25,ascending,276.2425
39.75,36.5,ascending,276.06665
39.75,36.75,ascending,277.33286
39.75,37.0,ascending,277.1443
39.75,37.25,ascending,275.65833
39.75,37.5,ascending,274.31375
39.75,37.75,ascending,273.4
39.75,38.0,ascending,273.3825
40.0,-13.0,ascending,212.76666
40.0,-12.75,ascending,213.01
40.0,-12.5,ascending,213.14125
40.0,-12.25,ascending,213.19331
40.0,-12.0,ascending,213.27625
40.0,-11.75,ascending,213.42125
40.0,-11.5,ascending,213.45714
40.0,-11.25,ascending,212.84999
40.0,-11.0,ascending,212.39
40.0,-10.75,ascending,212.23143
40.0,-10.5,ascending,212.05249
40.0,-10.25,ascending,211.9343
40.0,-10.0,ascending,211.94453
40.0,-9.75,ascending,212.16249
40.0,-9.5,ascending,213.03
40.0,-9.25,ascending,219.9009
40.0,-9.0,ascending,241.67334
40.0,-8.75,ascending,267.86252
40.0,-8.5,ascending,279.63165
40.0,-8.25,ascending,281.41272
40.0,-8.0,ascending,282.7677
40.0,-7.75,ascending,284.74933
40.0,-7.5,ascending,286.49265
40.0,-7.25,ascending,287.56525
40.0,-7.0,ascending,287.98782
40.0,-6.75,ascending,288.175
40.0,-1.25,ascending,286.41083
40.0,-1.0,ascending,286.68375
40.0,-0.75,ascending,286.23688
40.0,-0.5,ascending,283.454
40.0,-0.25,ascending,275.88547
40.0,-0.0,ascending,261.14767
40.0,0.25,ascending,246.71817
40.0,0.5,ascending,232.14299
40.0,0.75,ascending,220.84
40.0,1.0,ascending,213.79454
40.0,1.25,ascending,210.05556
40.0,1.5,ascending,208.95111
40.0,1.75,ascending,208.60555
40.0,2.0,ascending,209.05249
40.0,2.25,ascending,210.44333
40.0,2.5,ascending,214.19667
40.0,2.75,ascending,219.38857
40.0,3.0,ascending,219.14572
40.0,3.25,ascending,218.1525
40.0,3.5,ascending,213.18
40.0,3.75,ascending,213.97714
40.0,4.0,ascending,218.5475
40.0,4.25,ascending,219.26714
40.0,4.5,ascending,214.58499
40.0,4.75,ascending,210.20833
40.0,5.0,ascending,209.55165
40.0,5.25,ascending,209.67125
40.0,5.5,ascending,209.94429
40.0,5.75,ascending,210.31499
40.0,6.0,ascending,210.7943
40.0,6.25,ascending,211.40334
40.0,6.5,ascending,211.91856
40.0,6.75,ascending,212.33833
40.0,7.0,ascending,212.45285
40.0,7.25,ascending,212.67714
40.0,7.5,ascending,212.77875
40.0,7.75,ascending,212.932
40.0,8.0,ascending,213.64143
40.0,8.25,ascending,220.74142
40.0,8.5,ascending,245.105
40.0,8.75,ascending,273.98666
40.0,9.0,ascending,283.5843
40.0,9.25,ascending,284.3
40.0,9.5,ascending,274.494
40.0,9.75,ascending,250.23141
40.0,10.0,ascending,221.76874
40.0,10.25,ascending,211.88666
40.0,10.5,ascending,210.23
40.0,10.75,ascending,209.64572
40.0,11.0,ascending,209.53857
40.0,11.25,ascending,209.80713
40.0,11.5,ascending,210.40167
40.0,11.75,ascending,211.28
40.0,12.0,ascending,212.36427
40.0,12.25,ascending,213.55286
40.0,12.5,ascending,214.94858
40.0,12.75,ascending,216.69624
40.0,13.0,ascending,218.04222
40.0,13.25,ascending,217.3243
40.0,13.5,ascending,216.23283
40.0,13.75,ascending,215.92374
40.0,14.0,ascending,216.3575
40.0,14.25,ascending,217.43999
40.0,14.5,ascending,219.68332
40.0,14.75,ascending,228.0511
40.0,15.0,ascending,243.22125
40.0,15.25,ascending,252.69
40.0,15.5,ascending,257.95297
40.0,15.75,ascending,264.8909
40.0,16.0,ascending,272.9927
40.0,16.25,ascending,273.33398
40.0,16.5,ascending,260.77844
40.0,16.75,ascending,241.8107
40.0,17.0,ascending,232.122
40.0,17.25,ascending,232.68199
40.0,17.5,ascending,235.4338
40.0,17.75,ascending,240.39833
40.0,18.0,ascending,242.50166
40.0,23.5,ascending,230.90134
40.0,23.75,ascending,226.76704
40.0,24.0,ascending,227.00311
40.0,24.25,ascending,223.15846
40.0,24.5,ascending,220.61769
40.0,24.75,ascending,218.68166
40.0,25.0,ascending,218.91182
40.0,25.25,ascending,220.172
40.0,25.5,ascending,219.971
40.0,25.75,ascending,220.9211
40.0,26.0,ascending,227.12776
40.0,26.25,ascending,240.51666
40.0,26.5,ascending,254.45999
40.0,26.75,ascending,268.62625
40.0,27.0,ascending,276.68875
40.0,27.25,ascending,278.6475
40.0,27.5,ascending,278.21
40.0,27.75,ascending,275.60712
40.0,28.0,ascending,273.9425
40.0,28.25,ascending,275.15167
40.0,28.5,ascending,273.58875
40.0,28.75,ascending,274.31
40.0,29.0,ascending,274.02856
40.0,29.25,ascending,276.4471
40.0,29.5,ascending,279.64285
40.0,29.75,ascending,281.67856
40.0,30.0,ascending,283.30283
40.0,30.25,ascending,285.8657
40.0,30.5,ascending,287.3375
40.0,30.75,ascending,287.58835
40.0,31.0,ascending,287.19144
40.0,31.25,ascending,286.395
40.0,31.5,ascending,286.14572
40.0,31.75,ascending,286.15
40.0,32.0,ascending,286.18286
40.0,32.25,ascending,285.63715
40.0,32.5,ascending,284.54715
40.0,32.75,ascending,283.73856
40.0,33.0,ascending,283.9157
40.0,33.25,ascending,285.09427
40.0,33.5,ascending,286.46335
40.0,33.75,ascending,287.3943
40.0,34.0,ascending,287.49142
40.0,34.25,ascending,287.2214
40.0,34.5,ascending,287.055
40.0,34.75,ascending,286.625
40.0,35.0,ascending,286.26572
40.0,35.25,ascending,285.57428
40.0,35.5,ascending,284.64667
40.0,35.75,ascending,281.83398
40.0,36.0,ascending,277.9943
40.0,36.25,ascending,275.1425
40.0,36.5,ascending,274.6157
40.0,36.75,ascending,275.45572
40.0,37.0,ascending,275.81
40.0,37.25,ascending,274.59125
40.0,37.5,ascending,273.7743
40.0,37.75,ascending,273.64856
40.0,38.0,ascending,273.5925
40.25,-13.0,ascending,212.29
40.25,-12.75,ascending,212.43834
40.25,-12.5,ascending,212.76428
40.25,-12.25,ascending,212.98874
40.25,-12.0,ascending,213.08142
40.25,-11.75,ascending,213.14429
40.25,-11.5,ascending,213.23375
40.25,-11.25,ascending,213.00285
40.25,-11.0,ascending,212.65285
40.25,-10.75,ascending,212.44286
40.25,-10.5,ascending,212.25333
40.25,-10.25,ascending,212.01375
40.25,-10.0,ascending,211.85625
40.25,-9.75,ascending,211.97667
40.25,-9.5,ascending,212.66544
40.25,-9.25,ascending,217.155
40.25,-9.0,ascending,236.25699
40.25,-8.75,ascending,262.78888
40.25,-8.5,ascending,277.8725
40.25,-8.25,ascending,281.34726
40.25,-8.0,ascending,282.51538
40.25,-7.75,ascending,283.8925
40.25,-7.5,ascending,285.4135
40.25,-7.25,ascending,286.50647
40.25,-7.0,ascending,286.87845
40.25,-6.75,ascending,286.99332
40.25,-1.5,ascending,284.88998
40.25,-1.25,ascending,285.32895
40.25,-1.0,ascending,285.5722
40.25,-0.75,ascending,285.77713
40.25,-0.5,ascending,285.0193
40.25,-0.25,ascending,281.75635
40.25,-0.0,ascending,267.0964
40.25,0.25,ascending,262.09183
40.25,0.5,ascending,248.21777
40.25,0.75,ascending,231.77364
40.25,1.0,ascending,220.03874
40.25,1.25,ascending,213.20999
40.25,1.5,ascending,210.39223
40.25,1.75,ascending,208.7525
40.25,2.0,ascending,208.53
40.25,2.25,ascending,208.73625
40.25,2.5,ascending,209.43
40.25,2.75,ascending,210.39749
40.25,3.0,ascending,210.3457
40.25,3.25,ascending,209.88571
40.25,3.5,ascending,209.9157
40.25,3.75,ascending,211.41374
40.25,4.0,ascending,212.38
40.25,4.25,ascending,211.87856
40.25,4.5,ascending,209.705
40.25,4.75,ascending,209.27126
40.25,5.0,ascending,209.27571
40.25,5.25,ascending,209.43428
40.25,5.5,ascending,209.58714
40.25,5.75,ascending,209.83998
40.25,6.0,ascending,210.18571
40.25,6.25,ascending,210.55165
40.25,6.5,ascending,210.93428
40.25,6.75,ascending,211.09833
40.25,7.0,ascending,211.35286
40.25,7.25,ascending,211.84001
40.25,7.5,ascending,212.09799
40.25,7.75,ascending,212.73999
40.25,8.0,ascending,215.18166
40.25,8.25,ascending,225.22833
40.25,8.5,ascending,250.74199
40.25,8.75,ascending,273.13428
40.25,9.0,ascending,281.97165
40.25,9.25,ascending,283.74
40.25,9.5,ascending,276.49875
40.25,9.75,ascending,252.49333
40.25,10.0,ascending,224.9425
40.25,10.25,ascending,212.80858
40.25,10.5,ascending,210.68713
40.25,10.75,ascending,209.88428
40.25,11.0,ascending,209.65141
40.25,11.25,ascending,209.87428
40.25,11.5,ascending,210.39714
40.25,11.75,ascending,211.56834
40.25,12.0,ascending,212.39624
40.25,12.25,ascending,213.3657
40.25,12.5,ascending,214.53285
40.25,12.75,ascending,216.24428
40.25,13.0,ascending,217.2357
40.25,13.25,ascending,217.13428
40.25,13.5,ascending,216.81874
40.25,13.75,ascending,218.43857
40.25,14.0,ascending,220.82875
40.25,14.25,ascending,224.97427
40.25,14.5,ascending,228.845
40.25,14.75,ascending,237.8425
40.25,15.0,ascending,253.549
40.25,15.25,ascending,266.254
40.25,15.5,ascending,269.3578
40.25,15.75,ascending,270.75668
40.25,16.0,ascending,273.7111
40.25,16.25,ascending,276.14417
40.25,16.5,ascending,271.77417
40.25,16.75,ascending,259.045
40.25,17.0,ascending,248.60786
40.25,17.25,ascending,249.67313
40.25,17.5,ascending,253.80473
40.25,17.75,ascending,256.3248
40.25,18.0,ascending,252.73999
40.25,23.25,ascending,255.872
40.25,23.5,ascending,246.93578
40.25,23.75,ascending,243.87999
40.25,24.0,ascending,241.07077
40.25,24.25,ascending,233.29384
40.25,24.5,ascending,226.00922
40.25,24.75,ascending,220.01799
40.25,25.0,ascending,217.08453
40.25,25.25,ascending,216.29637
40.25,25.5,ascending,217.23999
40.25,25.75,ascending,220.08665
40.25,26.0,ascending,225.23398
40.25,26.25,ascending,235.0925
40.25,26.5,ascending,247.67874
40.25,26.75,ascending,259.18222
40.25,27.0,ascending,266.19223
40.25,27.25,ascending,265.81
40.25,27.5,ascending,260.84
40.25,27.75,ascending,257.04373
40.25,28.0,ascending,253.625
40.25,28.25,ascending,255.72571
40.25,28.5,ascending,250.55571
40.25,28.75,ascending,252.49715
40.25,29.0,ascending,254.78833
40.25,29.25,ascending,262.95142
40.25,29.5,ascending,268.24374
40.25,29.75,ascending,274.97333
40.25,30.0,ascending,279.7983
40.25,30.25,ascending,284.0057
40.25,30.5,ascending,285.355
40.25,30.75,ascending,285.53287
40.25,31.0,ascending,285.10284
40.25,31.25,ascending,285.06168
40.25,31.5,ascending,285.1314
40.25,31.75,ascending,285.404
40.25,32.0,ascending,285.255
40.25,32.25,ascending,284.74
40.25,32.5,ascending,284.14166
40.25,32.75,ascending,283.77798
40.25,33.0,ascending,283.75833
40.25,33.25,ascending,284.68143
40.25,33.5,ascending,286.314
40.25,33.75,ascending,286.39142
40.25,34.0,ascending,286.1257
40.25,34.25,ascending,286.085
40.25,34.5,ascending,286.33856
40.25,34.75,ascending,286.2386
40.25,35.0,ascending,285.59857
40.25,35.25,ascending,284.52142
40.25,35.5,ascending,283.445
40.25,35.75,ascending,280.92667
40.25,36.0,ascending,277.70667
40.25,36.25,ascending,275.82498
40.25,36.5,ascending,274.94446
40.25,36.75,ascending,274.996
40.25,37.0,ascending,274.58124
40.25,37.25,ascending,273.36667
40.25,37.5,ascending,272.8975
40.25,37.75,ascending,272.78143
40.25,38.0,ascending,273.2525
40.5,-13.0,ascending,211.94666
40.5,-12.75,ascending,212.05333
40.5,-12.5,ascending,212.38875
40.5,-12.25,ascending,212.75142
40.5,-12.0,ascending,212.89572
40.5,-11.75,ascending,212.99428
40.5,-11.5,ascending,213.08499
40.5,-11.25,ascending,213.01
40.5,-11.0,ascending,212.7975
40.5,-10.75,ascending,212.58
40.5,-10.5,ascending,212.37749
40.5,-10.25,ascending,212.14221
40.5,-10.0,ascending,211.9411
40.5,-9.75,ascending,211.93555
40.5,-9.5,ascending,212.455
40.5,-9.25,ascending,215.276
40.5,-9.0,ascending,228.097
40.5,-8.75,ascending,254.05544
40.5,-8.5,ascending,274.72455
40.5,-8.25,ascending,281.1
40.5,-8.0,ascending,282.6323
40.5,-7.75,ascending,283.85
40.5,-7.5,ascending,285.11118
40.5,-7.25,ascending,286.12668
40.5,-7.0,ascending,286.5852
40.5,-1.5,ascending,284.53442
40.5,-1.25,ascending,284.57315
40.5,-1.0,ascending,284.69135
40.5,-0.75,ascending,284.87286
40.5,-0.5,ascending,284.87
40.5,-0.25,ascending,284.08
40.5,-0.0,ascending,276.03
40.5,0.25,ascending,273.851
40.5,0.5,ascending,262.96198
40.5,0.75,ascending,245.78777
40.5,1.0,ascending,232.95801
40.5,1.25,ascending,219.426
40.5,1.5,ascending,212.7075
40.5,1.75,ascending,209.97665
40.5,2.0,ascending,208.77667
40.5,2.25,ascending,208.69286
40.5,2.5,ascending,208.87
40.5,2.75,ascending,209.09999
40.5,3.0,ascending,209.14125
40.5,3.25,ascending,209.04124
40.5,3.5,ascending,209.08427
40.5,3.75,ascending,209.26428
40.5,4.0,ascending,209.26857
40.5,4.25,ascending,209.12125
40.5,4.5,ascending,208.9
40.5,4.75,ascending,208.94
40.5,5.0,ascending,209.08665
40.5,5.25,ascending,209.25166
40.5,5.5,ascending,209.37
40.5,5.75,ascending,209.52498
40.5,6.0,ascending,209.75572
40.5,6.25,ascending,209.96999
40.5,6.5,ascending,210.23428
40.5,6.75,ascending,210.51166
40.5,7.0,ascending,210.71501
40.5,7.25,ascending,211.12572
40.5,7.5,ascending,211.68285
40.5,7.75,ascending,212.41399
40.5,8.0,ascending,216.72
40.5,8.25,ascending,230.46999
40.5,8.5,ascending,252.23624
40.5,8.75,ascending,267.01834
40.5,9.0,ascending,277.0843
40.5,9.25,ascending,279.85333
40.5,9.5,ascending,273.97498
40.5,9.75,ascending,249.18428
40.5,10.0,ascending,223.33
40.5,10.25,ascending,213.366
40.5,10.5,ascending,210.972
40.5,10.75,ascending,210.054
40.5,11.0,ascending,209.95125
40.5,11.25,ascending,210.31999
40.5,11.5,ascending,211.20749
40.5,11.75,ascending,212.35
40.5,12.0,ascending,213.37125
40.5,12.25,ascending,213.46167
40.5,12.5,ascending,214.0689
40.5,12.75,ascending,215.4357
40.5,13.0,ascending,216.4257
40.5,13.25,ascending,217.28125
40.5,13.5,ascending,218.9111
40.5,13.75,ascending,223.75499
40.5,14.0,ascending,229.705
40.5,14.25,ascending,239.03445
40.5,14.5,ascending,246.76776
40.5,14.75,ascending,252.555
40.5,15.0,ascending,264.85
40.5,15.25,ascending,273.58557
40.5,15.5,ascending,275.66727
40.5,15.75,ascending,274.27777
40.5,16.0,ascending,274.37332
40.5,16.25,ascending,275.12546
40.5,16.5,ascending,275.15308
40.5,16.75,ascending,271.64166
40.5,17.0,ascending,265.79623
40.5,17.25,ascending,263.36
40.5,17.5,ascending,263.61905
40.5,17.75,ascending,263.3409
40.5,23.25,ascending,270.116
40.5,23.5,ascending,266.19437
40.5,23.75,ascending,260.7506
40.5,24.0,ascending,250.00215
40.5,24.25,ascending,236.83383
40.5,24.5,ascending,228.7609
40.5,24.75,ascending,222.49399
40.5,25.0,ascending,221.37636
40.5,25.25,ascending,219.226
40.5,25.5,ascending,219.321
40.5,25.75,ascending,220.03874
40.5,26.0,ascending,224.59111
40.5,26.25,ascending,234.52556
40.5,26.5,ascending,246.92554
40.5,26.75,ascending,257.73428
40.5,27.0,ascending,260.68
40.5,27.25,ascending,257.91873
40.5,27.5,ascending,249.67375
40.5,27.75,ascending,241.96286
40.5,28.0,ascending,234.22856
40.5,28.25,ascending,230.81166
40.5,28.5,ascending,226.18124
40.5,28.75,ascending,230.34427
40.5,29.0,ascending,236.70499
40.5,29.25,ascending,249.39667
40.5,29.5,ascending,258.07498
40.5,29.75,ascending,268.09714
40.5,30.0,ascending,276.18625
40.5,30.25,ascending,279.93832
40.5,30.5,ascending,281.69333
40.5,30.75,ascending,280.8457
40.5,31.0,ascending,280.645
40.5,31.25,ascending,280.53854
40.5,31.5,ascending,280.04855
40.5,31.75,ascending,282.3457
40.5,32.0,ascending,283.72858
40.5,32.25,ascending,284.15
40.5,32.5,ascending,284.26373
40.5,32.75,ascending,283.96335
40.5,33.0,ascending,283.91376
40.5,33.25,ascending,284.57333
40.5,33.5,ascending,285.32498
40.5,33.75,ascending,284.76498
40.5,34.0,ascending,284.24832
40.5,34.25,ascending,284.62857
40.5,34.5,ascending,285.35
40.5,34.75,ascending,285.5
40.5,35.0,ascending,284.8075
40.5,35.25,ascending,283.72333
40.5,35.5,ascending,282.69125
40.5,35.75,ascending,280.40427
40.5,36.0,ascending,277.71573
40.5,36.25,ascending,276.25168
40.5,36.5,ascending,275.48856
40.5,36.75,ascending,274.96
40.5,37.0,ascending,272.70248
40.5,37.25,ascending,271.21664
40.5,37.5,ascending,268.60623
40.5,37.75,ascending,267.52426
40.5,38.0,ascending,268.12
40.75,-13.0,ascending,211.8475
40.75,-12.75,ascending,211.88666
40.75,-12.5,ascending,212.17
40.75,-12.25,ascending,212.54167
40.75,-12.0,ascending,212.75888
40.75,-11.75,ascending,213.01833
40.75,-11.5,ascending,213.245
40.75,-11.25,ascending,213.28667
40.75,-11.0,ascending,212.97333
40.75,-10.75,ascending,212.66856
40.75,-10.5,ascending,212.46
40.75,-10.25,ascending,212.29713
40.75,-10.0,ascending,212.1311
40.75,-9.75,ascending,212.0625
40.75,-9.5,ascending,212.55888
40.75,-9.25,ascending,215.49889
40.75,-9.0,ascending,225.894
40.75,-8.75,ascending,249.13727
40.75,-8.5,ascending,270.58817
40.75,-8.25,ascending,279.72455
40.75,-8.0,ascending,282.3643
40.75,-7.75,ascending,283.7177
40.75,-7.5,ascending,284.9911
40.75,-7.25,ascending,285.96054
40.75,-7.0,ascending,286.2495
40.75,-1.75,ascending,284.35
40.75,-1.5,ascending,284.37888
40.75,-1.25,ascending,284.3361
40.75,-1.0,ascending,284.33572
40.75,-0.75,ascending,284.52643
40.75,-0.5,ascending,284.85333
40.75,-0.25,ascending,285.05362
40.75,-0.0,ascending,278.50748
40.75,0.25,ascending,280.46298
40.75,0.5,ascending,274.83112
40.75,0.75,ascending,260.477
40.75,1.0,ascending,244.9022
40.75,1.25,ascending,229.06874
40.75,1.5,ascending,219.87111
40.75,1.75,ascending,215.65875
40.75,2.0,ascending,212.76625
40.75,2.25,ascending,210.86427
40.75,2.5,ascending,210.98286
40.75,2.75,ascending,209.6857
40.75,3.0,ascending,209.19286
40.75,3.25,ascending,208.82713
40.75,3.5,ascending,208.8525
40.75,3.75,ascending,208.94832
40.75,4.0,ascending,208.93375
40.75,4.25,ascending,208.83167
40.75,4.5,ascending,208.79167
40.75,4.75,ascending,208.86
40.75,5.0,ascending,208.99571
40.75,5.25,ascending,209.12712
40.75,5.5,ascending,209.23999
40.75,5.75,ascending,209.32166
40.75,6.0,ascending,209.46286
40.75,6.25,ascending,209.63199
40.75,6.5,ascending,209.8457
40.75,6.75,ascending,210.0975
40.75,7.0,ascending,210.39143
40.75,7.25,ascending,210.694
40.75,7.5,ascending,211.23143
40.75,7.75,ascending,212.645
40.75,8.0,ascending,217.27
40.75,8.25,ascending,230.15332
40.75,8.5,ascending,241.415
40.75,8.75,ascending,251.118
40.75,9.0,ascending,259.44125
40.75,9.25,ascending,268.5914
40.75,9.5,ascending,264.69
40.75,9.75,ascending,240.23999
40.75,10.0,ascending,219.71999
40.75,10.25,ascending,212.31834
40.75,10.5,ascending,210.845
40.75,10.75,ascending,210.06
40.75,11.0,ascending,210.04199
40.75,11.25,ascending,210.64143
40.75,11.5,ascending,211.9357
40.75,11.75,ascending,213.51855
40.75,12.0,ascending,214.33714
40.75,12.25,ascending,214.05713
40.75,12.5,ascending,215.06999
40.75,12.75,ascending,216.52167
40.75,13.0,ascending,219.79999
40.75,13.25,ascending,222.70714
40.75,13.5,ascending,225.31857
40.75,13.75,ascending,233.51749
40.75,14.0,ascending,246.0
40.75,14.25,ascending,256.54874
40.75,14.5,ascending,264.8375
40.75,14.75,ascending,269.15002
40.75,15.0,ascending,274.477
40.75,15.25,ascending,277.444
40.75,15.5,ascending,278.03375
40.75,15.75,ascending,276.02454
40.75,16.0,ascending,273.33698
40.75,16.25,ascending,271.40546
40.75,16.5,ascending,270.06638
40.75,16.75,ascending,268.935
40.75,17.0,ascending,266.87286
40.75,17.25,ascending,262.6841
40.75,17.5,ascending,258.15182
40.75,17.75,ascending,255.74944
40.75,23.0,ascending,275.68665
40.75,23.25,ascending,274.67157
40.75,23.5,ascending,272.08664
40.75,23.75,ascending,267.04288
40.75,24.0,ascending,258.2823
40.75,24.25,ascending,249.58453
40.75,24.5,ascending,245.18091
40.75,24.75,ascending,238.05817
40.75,25.0,ascending,237.80779
40.75,25.25,ascending,230.61636
40.75,25.5,ascending,233.56554
40.75,25.75,ascending,233.42874
40.75,26.0,ascending,246.96777
40.75,26.25,ascending,260.55124
40.75,26.5,ascending,267.74374
40.75,26.75,ascending,275.41998
40.75,27.0,ascending,273.8814
40.75,27.25,ascending,270.71286
40.75,27.5,ascending,257.86887
40.75,27.75,ascending,244.33499
40.75,28.0,ascending,235.15332
40.75,28.25,ascending,229.165
40.75,28.5,ascending,228.51143
40.75,28.75,ascending,231.13284
40.75,29.0,ascending,238.67332
40.75,29.25,ascending,246.84625
40.75,29.5,ascending,258.93
40.75,29.75,ascending,266.83713
40.75,30.0,ascending,269.78665
40.75,30.25,ascending,270.6443
40.75,30.5,ascending,272.5757
40.75,30.75,ascending,269.19333
40.75,31.0,ascending,267.18427
40.75,31.25,ascending,266.70856
40.75,31.5,ascending,269.69833
40.75,31.75,ascending,275.902
40.75,32.0,ascending,280.77856
40.75,32.25,ascending,283.095
40.75,32.5,ascending,283.58334
40.75,32.75,ascending,284.20856
40.75,33.0,ascending,284.38998
40.75,33.25,ascending,284.68332
40.75,33.5,ascending,284.66855
40.75,33.75,ascending,283.766
40.75,34.0,ascending,283.12
40.75,34.25,ascending,283.25714
40.75,34.5,ascending,284.09625
40.75,34.75,ascending,284.47333
40.75,35.0,ascending,283.77625
40.75,35.25,ascending,282.53143
40.75,35.5,ascending,281.0414
40.75,35.75,ascending,279.46857
40.75,36.0,ascending,277.02
40.75,36.25,ascending,274.24667
40.75,36.5,ascending,271.8857
40.75,36.75,ascending,270.96713
40.75,37.0,ascending,267.07333
40.75,37.25,ascending,262.28375
40.75,37.5,ascending,256.07712
40.75,37.75,ascending,255.44429
40.75,38.0,ascending,251.378
41.0,-13.0,ascending,212.18333
41.0,-12.75,ascending,212.08499
41.0,-12.5,ascending,212.20874
41.0,-12.25,ascending,212.44571
41.0,-12.0,ascending,212.69571
41.0,-11.75,ascending,212.94714
41.0,-11.5,ascending,213.33249
41.0,-11.25,ascending,213.65714
41.0,-11.0,ascending,213.51999
41.0,-10.75,ascending,213.07875
41.0,-10.5,ascending,212.625
41.0,-10.25,ascending,212.44444
41.0,-10.0,ascending,212.34222
41.0,-9.75,ascending,212.27182
41.0,-9.5,ascending,212.83556
41.0,-9.25,ascending,216.08798
41.0,-9.0,ascending,228.26544
41.0,-8.75,ascending,248.625
41.0,-8.5,ascending,268.20615
41.0,-8.25,ascending,277.69153
41.0,-8.0,ascending,281.07
41.0,-7.75,ascending,282.955
41.0,-7.5,ascending,284.2628
41.0,-7.25,ascending,285.28726
41.0,-7.0,ascending,285.7441
41.0,-1.75,ascending,284.20557
41.0,-1.5,ascending,284.2916
41.0,-1.25,ascending,284.34866
41.0,-1.0,ascending,284.51642
41.0,-0.75,ascending,285.19998
41.0,-0.5,ascending,285.97083
41.0,-0.25,ascending,286.88547
41.0,-0.0,ascending,280.16638
41.0,0.25,ascending,285.814
41.0,0.5,ascending,282.34332
41.0,0.75,ascending,273.80222
41.0,1.0,ascending,261.95667
41.0,1.25,ascending,249.87332
41.0,1.5,ascending,238.69249
41.0,1.75,ascending,234.64
41.0,2.0,ascending,228.18875
41.0,2.25,ascending,222.85625
41.0,2.5,ascending,219.37143
41.0,2.75,ascending,214.24374
41.0,3.0,ascending,211.54874
41.0,3.25,ascending,209.79124
41.0,3.5,ascending,209.21715
41.0,3.75,ascending,209.11284
41.0,4.0,ascending,208.92665
41.0,4.25,ascending,208.80713
41.0,4.5,ascending,208.75124
41.0,4.75,ascending,208.81999
41.0,5.0,ascending,208.94374
41.0,5.25,ascending,209.11429
41.0,5.5,ascending,209.22667
41.0,5.75,ascending,209.27428
41.0,6.0,ascending,209.34285
41.0,6.25,ascending,209.48167
41.0,6.5,ascending,209.63832
41.0,6.75,ascending,209.87666
41.0,7.0,ascending,210.21999
41.0,7.25,ascending,210.60143
41.0,7.5,ascending,211.04713
41.0,7.75,ascending,212.10571
41.0,8.0,ascending,215.87166
41.0,8.25,ascending,219.78333
41.0,8.5,ascending,225.12999
41.0,8.75,ascending,231.8
41.0,9.0,ascending,241.13335
41.0,9.25,ascending,252.952
41.0,9.5,ascending,248.6725
41.0,9.75,ascending,226.25166
41.0,10.0,ascending,213.83124
41.0,10.25,ascending,211.15714
41.0,10.5,ascending,210.41
41.0,10.75,ascending,210.02286
41.0,11.0,ascending,210.08286
41.0,11.25,ascending,210.66286
41.0,11.5,ascending,211.84856
41.0,11.75,ascending,213.80284
41.0,12.0,ascending,215.19286
41.0,12.25,ascending,216.38428
41.0,12.5,ascending,219.56999
41.0,12.75,ascending,225.74666
41.0,13.0,ascending,232.69998
41.0,13.25,ascending,236.6157
41.0,13.5,ascending,241.525
41.0,13.75,ascending,250.58858
41.0,14.0,ascending,261.24445
41.0,14.25,ascending,271.35248
41.0,14.5,ascending,275.3811
41.0,14.75,ascending,278.05
41.0,15.0,ascending,279.86667
41.0,15.25,ascending,279.99222
41.0,15.5,ascending,278.11725
41.0,15.75,ascending,272.54498
41.0,16.0,ascending,266.24637
41.0,16.25,ascending,261.07498
41.0,16.5,ascending,256.40787
41.0,16.75,ascending,253.75076
41.0,17.0,ascending,253.83499
41.0,17.25,ascending,252.83499
41.0,17.5,ascending,251.04999
41.0,17.75,ascending,249.76076
41.0,23.0,ascending,277.19284
41.0,23.25,ascending,277.07068
41.0,23.5,ascending,276.2875
41.0,23.75,ascending,275.26642
41.0,24.0,ascending,272.6423
41.0,24.25,ascending,268.67636
41.0,24.5,ascending,266.95544
41.0,24.75,ascending,261.9627
41.0,25.0,ascending,262.3322
41.0,25.25,ascending,257.55777
41.0,25.5,ascending,264.91223
41.0,25.75,ascending,267.81363
41.0,26.0,ascending,274.97
41.0,26.25,ascending,279.82623
41.0,26.5,ascending,283.465
41.0,26.75,ascending,285.93283
41.0,27.0,ascending,285.36334
41.0,27.25,ascending,281.34875
41.0,27.5,ascending,274.3857
41.0,27.75,ascending,265.4814
41.0,28.0,ascending,260.50998
41.0,28.25,ascending,255.51874
41.0,28.5,ascending,253.37334
41.0,28.75,ascending,251.17123
41.0,29.0,ascending,249.38713
41.0,29.25,ascending,250.93166
41.0,29.5,ascending,250.575
41.0,29.75,ascending,251.16333
41.0,30.0,ascending,251.71666
41.0,30.25,ascending,246.4557
41.0,30.5,ascending,248.73856
41.0,30.75,ascending,246.69331
41.0,31.0,ascending,239.97
41.0,31.25,ascending,244.15001
41.0,31.5,ascending,253.045
41.0,31.75,ascending,263.6957
41.0,32.0,ascending,273.01715
41.0,32.25,ascending,277.44498
41.0,32.5,ascending,280.795
41.0,32.75,ascending,282.496
41.0,33.0,ascending,284.16373
41.0,33.25,ascending,284.4
41.0,33.5,ascending,284.27997
41.0,33.75,ascending,283.5225
41.0,34.0,ascending,282.9243
41.0,34.25,ascending,282.91998
41.0,34.5,ascending,283.21198
41.0,34.75,ascending,283.47
41.0,35.0,ascending,282.645
41.0,35.25,ascending,280.248
41.0,35.5,ascending,277.4283
41.0,35.75,ascending,274.91855
41.0,36.0,ascending,272.22125
41.0,36.25,ascending,265.73166
41.0,36.5,ascending,257.57626
41.0,36.75,ascending,257.91165
41.0,37.0,ascending,250.78888
41.0,37.25,ascending,242.93286
41.0,37.5,ascending,237.13857
41.0,37.75,ascending,232.70374
41.0,38.0,ascending,233.5925
41.25,-13.0,ascending,212.55666
41.25,-12.75,ascending,212.4257
41.25,-12.5,ascending,212.44331
41.25,-12.25,ascending,212.5557
41.25,-12.0,ascending,212.71855
41.25,-11.75,ascending,212.89749
41.25,-11.5,ascending,213.10715
41.25,-11.25,ascending,213.44142
41.25,-11.0,ascending,213.77571
41.25,-10.75,ascending,213.92
41.25,-10.5,ascending,213.3089
41.25,-10.25,ascending,212.71715
41.25,-10.0,ascending,212.515
41.25,-9.75,ascending,212.39499
41.25,-9.5,ascending,213.15666
41.25,-9.25,ascending,218.538
41.25,-9.0,ascending,231.77888
41.25,-8.75,ascending,253.16635
41.25,-8.5,ascending,269.72455
41.25,-8.25,ascending,276.64334
41.25,-8.0,ascending,279.46713
41.25,-7.75,ascending,281.57922
41.25,-7.5,ascending,283.25262
41.25,-7.25,ascending,284.18317
41.25,-7.0,ascending,284.6077
41.25,-2.0,ascending,283.85
41.25,-1.75,ascending,284.05295
41.25,-1.5,ascending,284.3325
41.25,-1.25,ascending,284.76385
41.25,-1.0,ascending,285.32306
41.25,-0.75,ascending,286.595
41.25,-0.5,ascending,287.512
41.25,-0.25,ascending,288.18182
41.25,-0.0,ascending,281.62918
41.25,0.25,ascending,287.7389
41.25,0.5,ascending,286.49
41.25,0.75,ascending,283.40442
41.25,1.0,ascending,279.62622
41.25,1.25,ascending,275.195
41.25,1.5,ascending,266.1022
41.25,1.75,ascending,264.05286
41.25,2.0,ascending,255.19249
41.25,2.25,ascending,246.26
41.25,2.5,ascending,235.54141
41.25,2.75,ascending,225.47856
41.25,3.0,ascending,219.77856
41.25,3.25,ascending,214.73428
41.25,3.5,ascending,212.48286
41.25,3.75,ascending,210.32141
41.25,4.0,ascending,209.12857
41.25,4.25,ascending,208.74333
41.25,4.5,ascending,208.65999
41.25,4.75,ascending,208.69666
41.25,5.0,ascending,208.81334
41.25,5.25,ascending,209.00166
41.25,5.5,ascending,209.12334
41.25,5.75,ascending,209.10571
41.25,6.0,ascending,209.15167
41.25,6.25,ascending,209.255
41.25,6.5,ascending,209.46832
41.25,6.75,ascending,209.82999
41.25,7.0,ascending,210.29
41.25,7.25,ascending,210.54834
41.25,7.5,ascending,210.79668
41.25,7.75,ascending,211.29599
41.25,8.0,ascending,212.78749
41.25,8.25,ascending,215.0
41.25,8.5,ascending,216.26855
41.25,8.75,ascending,222.06665
41.25,9.0,ascending,238.83333
41.25,9.25,ascending,248.49834
41.25,9.5,ascending,236.04375
41.25,9.75,ascending,217.82857
41.25,10.0,ascending,211.12143
41.25,10.25,ascending,210.22142
41.25,10.5,ascending,210.14427
41.25,10.75,ascending,210.27428
41.25,11.0,ascending,210.55374
41.25,11.25,ascending,211.12
41.25,11.5,ascending,212.42
41.25,11.75,ascending,214.72998
41.25,12.0,ascending,218.64713
41.25,12.25,ascending,223.41333
41.25,12.5,ascending,233.38428
41.25,12.75,ascending,244.68166
41.25,13.0,ascending,251.35374
41.25,13.25,ascending,259.68
41.25,13.5,ascending,261.80124
41.25,13.75,ascending,266.70374
41.25,14.0,ascending,273.41748
41.25,14.25,ascending,277.60248
41.25,14.5,ascending,279.565
41.25,14.75,ascending,280.275
41.25,15.0,ascending,280.5133
41.25,15.25,ascending,279.96375
41.25,15.5,ascending,276.8
41.25,15.75,ascending,267.3
41.25,16.0,ascending,253.08101
41.25,16.25,ascending,242.6275
41.25,16.5,ascending,236.63666
41.25,16.75,ascending,233.44077
41.25,17.0,ascending,233.44667
41.25,17.25,ascending,234.87221
41.25,17.5,ascending,238.8891
41.25,17.75,ascending,241.71199
41.25,22.75,ascending,276.94
41.25,23.0,ascending,276.62048
41.25,23.25,ascending,276.02933
41.25,23.5,ascending,275.85
41.25,23.75,ascending,275.505
41.25,24.0,ascending,275.43832
41.25,24.25,ascending,275.39084
41.25,24.5,ascending,275.62363
41.25,24.75,ascending,276.02
41.25,25.0,ascending,277.34888
41.25,25.25,ascending,277.762
41.25,25.5,ascending,280.26666
41.25,25.75,ascending,281.44373
41.25,26.0,ascending,282.52554
41.25,26.25,ascending,283.89142
41.25,26.5,ascending,285.40875
41.25,26.75,ascending,287.07
41.25,27.0,ascending,288.18124
41.25,27.25,ascending,287.81857
41.25,27.5,ascending,286.365
41.25,27.75,ascending,283.15427
41.25,28.0,ascending,281.44427
41.25,28.25,ascending,273.40857
41.25,28.5,ascending,261.09286
41.25,28.75,ascending,249.70833
41.25,29.0,ascending,234.16428
41.25,29.25,ascending,231.69858
41.25,29.5,ascending,227.38832
41.25,29.75,ascending,224.18286
41.25,30.0,ascending,224.44571
41.25,30.25,ascending,223.06999
41.25,30.5,ascending,221.03714
41.25,30.75,ascending,220.96855
41.25,31.0,ascending,218.49333
41.25,31.25,ascending,222.58571
41.25,31.5,ascending,233.04713
41.25,31.75,ascending,244.27333
41.25,32.0,ascending,254.705
41.25,32.25,ascending,263.87332
41.25,32.5,ascending,271.4814
41.25,32.75,ascending,277.87
41.25,33.0,ascending,279.34
41.25,33.25,ascending,281.75
41.25,33.5,ascending,282.58
41.25,33.75,ascending,281.91165
41.25,34.0,ascending,281.82797
41.25,34.25,ascending,281.48398
41.25,34.5,ascending,281.6457
41.25,34.75,ascending,280.97714
41.25,35.0,ascending,279.9475
41.25,35.25,ascending,275.125
41.25,35.5,ascending,268.85284
41.25,35.75,ascending,263.954
41.25,36.0,ascending,257.63623
41.25,36.25,ascending,247.6614
41.25,36.5,ascending,234.32332
41.25,36.75,ascending,236.09427
41.25,37.0,ascending,227.74834
41.25,37.25,ascending,224.58714
41.25,37.5,ascending,219.0675
41.25,37.75,ascending,216.40167
41.25,38.0,ascending,217.81198
41.5,-13.0,ascending,213.14667
41.5,-12.75,ascending,212.84999
41.5,-12.5,ascending,212.80429
41.5,-12.25,ascending,212.81999
41.5,-12.0,ascending,212.91624
41.5,-11.75,ascending,212.99142
41.5,-11.5,ascending,212.98888
41.5,-11.25,ascending,213.0625
41.5,-11.0,ascending,213.53221
41.5,-10.75,ascending,214.40141
41.5,-10.5,ascending,214.25375
41.5,-10.25,ascending,213.252
41.5,-10.0,ascending,212.73555
41.5,-9.75,ascending,212.60222
41.5,-9.5,ascending,213.61182
41.5,-9.25,ascending,219.93124
41.5,-9.0,ascending,237.55083
41.5,-8.75,ascending,259.12
41.5,-8.5,ascending,272.1873
41.5,-8.25,ascending,276.36417
41.5,-8.0,ascending,278.20215
41.5,-7.75,ascending,280.3841
41.5,-7.5,ascending,282.3247
41.5,-7.25,ascending,283.276
41.5,-7.0,ascending,283.61285
41.5,-2.0,ascending,283.47455
41.5,-1.75,ascending,283.90186
41.5,-1.5,ascending,284.35812
41.5,-1.25,ascending,285.12845
41.5,-1.0,ascending,286.1064
41.5,-0.75,ascending,287.03818
41.5,-0.5,ascending,287.81546
41.5,-0.25,ascending,288.002
41.5,-0.0,ascending,280.73544
41.5,0.25,ascending,287.63
41.5,0.5,ascending,287.23444
41.5,0.75,ascending,286.71332
41.5,1.0,ascending,285.923
41.5,1.25,ascending,285.4725
41.5,1.5,ascending,283.6444
41.5,1.75,ascending,280.80856
41.5,2.0,ascending,276.5475
41.5,2.25,ascending,268.43625
41.5,2.5,ascending,255.47667
41.5,2.75,ascending,245.38857
41.5,3.0,ascending,236.35571
41.5,3.25,ascending,228.42665
41.5,3.5,ascending,219.91667
41.5,3.75,ascending,213.81999
41.5,4.0,ascending,210.05429
41.5,4.25,ascending,208.86624
41.5,4.5,ascending,208.62285
41.5,4.75,ascending,208.59856
41.5,5.0,ascending,208.69
41.5,5.25,ascending,208.77141
41.5,5.5,ascending,208.84143
41.5,5.75,ascending,208.84499
41.5,6.0,ascending,208.94142
41.5,6.25,ascending,209.15332
41.5,6.5,ascending,209.43713
41.5,6.75,ascending,209.79668
41.5,7.0,ascending,210.16286
41.5,7.25,ascending,210.41667
41.5,7.5,ascending,210.59
41.5,7.75,ascending,210.92142
41.5,8.0,ascending,211.78166
41.5,8.25,ascending,212.99428
41.5,8.5,ascending,215.84332
41.5,8.75,ascending,229.165
41.5,9.0,ascending,248.91142
41.5,9.25,ascending,255.83998
41.5,9.5,ascending,239.24142
41.5,9.75,ascending,219.41167
41.5,10.0,ascending,211.33598
41.5,10.25,ascending,210.24666
41.5,10.5,ascending,210.21375
41.5,10.75,ascending,210.80333
41.5,11.0,ascending,211.83571
41.5,11.25,ascending,212.64
41.5,11.5,ascending,215.96999
41.5,11.75,ascending,219.44875
41.5,12.0,ascending,227.52998
41.5,12.25,ascending,237.455
41.5,12.5,ascending,252.9225
41.5,12.75,ascending,260.965
41.5,13.0,ascending,269.4911
41.5,13.25,ascending,273.89142
41.5,13.5,ascending,274.445
41.5,13.75,ascending,276.24
41.5,14.0,ascending,277.95374
41.5,14.25,ascending,279.31665
41.5,14.5,ascending,278.93332
41.5,14.75,ascending,276.78375
41.5,15.0,ascending,273.595
41.5,15.25,ascending,273.147
41.5,15.5,ascending,269.13
41.5,15.75,ascending,261.63818
41.5,16.0,ascending,244.66083
41.5,16.25,ascending,230.44727
41.5,16.5,ascending,224.05666
41.5,16.75,ascending,221.94571
41.5,17.0,ascending,221.36647
41.5,17.25,ascending,221.88052
41.5,17.5,ascending,225.76076
41.5,17.75,ascending,228.5675
41.5,22.75,ascending,277.88583
41.5,23.0,ascending,277.47556
41.5,23.25,ascending,276.87997
41.5,23.5,ascending,276.11438
41.5,23.75,ascending,275.93362
41.5,24.0,ascending,275.9975
41.5,24.25,ascending,276.74545
41.5,24.5,ascending,277.671
41.5,24.75,ascending,278.896
41.5,25.0,ascending,280.27444
41.5,25.25,ascending,281.388
41.5,25.5,ascending,282.17776
41.5,25.75,ascending,282.6525
41.5,26.0,ascending,283.23776
41.5,26.25,ascending,284.215
41.5,26.5,ascending,285.66443
41.5,26.75,ascending,287.28497
41.5,27.0,ascending,288.3175
41.5,27.25,ascending,288.68857
41.5,27.5,ascending,288.00998
41.5,27.75,ascending,286.28833
41.5,28.0,ascending,278.75125
41.5,28.25,ascending,263.6857
41.5,28.5,ascending,238.35286
41.5,28.75,ascending,223.48
41.5,29.0,ascending,214.39
41.5,29.25,ascending,212.18428
41.5,29.5,ascending,211.09874
41.5,29.75,ascending,210.3243
41.5,30.0,ascending,210.79428
41.5,30.25,ascending,210.98164
41.5,30.5,ascending,209.98286
41.5,30.75,ascending,210.08667
41.5,31.0,ascending,210.75832
41.5,31.25,ascending,212.21799
41.5,31.5,ascending,217.41428
41.5,31.75,ascending,225.36333
41.5,32.0,ascending,234.55142
41.5,32.25,ascending,241.79143
41.5,32.5,ascending,254.84142
41.5,32.75,ascending,262.17715
41.5,33.0,ascending,269.122
41.5,33.25,ascending,270.9471
41.5,33.5,ascending,273.40875
41.5,33.75,ascending,275.46198
41.5,34.0,ascending,273.9457
41.5,34.25,ascending,273.30573
41.5,34.5,ascending,272.74142
41.5,34.75,ascending,271.56168
41.5,35.0,ascending,268.71875
41.5,35.25,ascending,260.57
41.5,35.5,ascending,248.65
41.5,35.75,ascending,246.40166
41.5,36.0,ascending,237.05833
41.5,36.25,ascending,226.50749
41.5,36.5,ascending,220.31166
41.5,36.75,ascending,215.955
41.5,37.0,ascending,215.625
41.5,37.25,ascending,213.02428
41.5,37.5,ascending,211.85374
41.5,37.75,ascending,211.82857
41.5,38.0,ascending,211.78201
41.75,-13.0,ascending,215.19666
41.75,-12.75,ascending,214.32571
41.75,-12.5,ascending,213.66286
41.75,-12.25,ascending,213.4725
41.75,-12.0,ascending,213.52144
41.75,-11.75,ascending,213.39998
41.75,-11.5,ascending,213.31
41.75,-11.25,ascending,213.20427
41.75,-11.0,ascending,213.26125
41.75,-10.75,ascending,213.9875
41.75,-10.5,ascending,214.48625
41.75,-10.25,ascending,213.79286
41.75,-10.0,ascending,213.03888
41.75,-9.75,ascending,212.81999
41.75,-9.5,ascending,213.91624
41.75,-9.25,ascending,221.25092
41.75,-9.0,ascending,241.424
41.75,-8.75,ascending,263.55798
41.75,-8.5,ascending,273.9718
41.75,-8.25,ascending,276.58334
41.75,-8.0,ascending,277.4493
41.75,-7.75,ascending,279.12534
41.75,-7.5,ascending,281.1115
41.75,-7.25,ascending,282.18304
41.75,-7.0,ascending,282.73666
41.75,-2.25,ascending,282.745
41.75,-2.0,ascending,283.05948
41.75,-1.75,ascending,283.53998
41.75,-1.5,ascending,284.24142
41.75,-1.25,ascending,285.17923
41.75,-1.0,ascending,286.0677
41.75,-0.75,ascending,286.651
41.75,-0.5,ascending,287.15
41.75,-0.25,ascending,287.25546
41.75,-0.0,ascending,272.96817
41.75,0.25,ascending,286.97125
41.75,0.5,ascending,286.7075
41.75,0.75,ascending,286.34888
41.75,1.0,ascending,286.50873
41.75,1.25,ascending,286.87375
41.75,1.5,ascending,286.90375
41.75,1.75,ascending,285.98856
41.75,2.0,ascending,283.74
41.75,2.25,ascending,280.05426
41.75,2.5,ascending,272.89142
41.75,2.75,ascending,267.14832
41.75,3.0,ascending,257.30374
41.75,3.25,ascending,246.58167
41.75,3.5,ascending,229.51285
41.75,3.75,ascending,216.92499
41.75,4.0,ascending,210.99715
41.75,4.25,ascending,209.33998
41.75,4.5,ascending,208.90999
41.75,4.75,ascending,208.71666
41.75,5.0,ascending,208.62
41.75,5.25,ascending,208.56334
41.75,5.5,ascending,208.59427
41.75,5.75,ascending,208.69832
41.75,6.0,ascending,208.83714
41.75,6.25,ascending,209.028
41.75,6.5,ascending,209.28429
41.75,6.75,ascending,209.65666
41.75,7.0,ascending,209.92499
41.75,7.25,ascending,210.06166
41.75,7.5,ascending,210.26143
41.75,7.75,ascending,210.54
41.75,8.0,ascending,211.37143
41.75,8.25,ascending,212.70332
41.75,8.5,ascending,219.77832
41.75,8.75,ascending,238.43834
41.75,9.0,ascending,263.27
41.75,9.25,ascending,264.77
41.75,9.5,ascending,244.85999
41.75,9.75,ascending,222.53
41.75,10.0,ascending,212.91
41.75,10.25,ascending,210.998
41.75,10.5,ascending,210.98001
41.75,10.75,ascending,211.97333
41.75,11.0,ascending,214.13666
41.75,11.25,ascending,217.18286
41.75,11.5,ascending,220.83998
41.75,11.75,ascending,232.11856
41.75,12.0,ascending,239.7557
41.75,12.25,ascending,256.14142
41.75,12.5,ascending,265.74
41.75,12.75,ascending,273.27374
41.75,13.0,ascending,276.10284
41.75,13.25,ascending,276.68143
41.75,13.5,ascending,277.24
41.75,13.75,ascending,277.59857
41.75,14.0,ascending,277.15
41.75,14.25,ascending,275.52713
41.75,14.5,ascending,271.8822
41.75,14.75,ascending,264.01553
41.75,15.0,ascending,254.69376
41.75,15.25,ascending,252.9911
41.75,15.5,ascending,247.83333
41.75,15.75,ascending,247.85698
41.75,16.0,ascending,238.733
41.75,16.25,ascending,227.27666
41.75,16.5,ascending,220.58167
41.75,16.75,ascending,218.55501
41.75,17.0,ascending,219.09799
41.75,17.25,ascending,220.97389
41.75,17.5,ascending,223.31291
41.75,22.5,ascending,279.67667
41.75,22.75,ascending,278.84262
41.75,23.0,ascending,278.21
41.75,23.25,ascending,277.25784
41.75,23.5,ascending,276.56927
41.75,23.75,ascending,276.48453
41.75,24.0,ascending,276.82092
41.75,24.25,ascending,277.371
41.75,24.5,ascending,278.19272
41.75,24.75,ascending,279.28552
41.75,25.0,ascending,280.51666
41.75,25.25,ascending,281.67886
41.75,25.5,ascending,282.52374
41.75,25.75,ascending,283.22125
41.75,26.0,ascending,284.00775
41.75,26.25,ascending,285.1
41.75,26.5,ascending,286.17123
41.75,26.75,ascending,286.96
41.75,27.0,ascending,287.09
41.75,27.25,ascending,286.81
41.75,27.5,ascending,285.41284
41.75,27.75,ascending,281.53
41.75,28.0,ascending,265.68713
41.75,28.25,ascending,242.915
41.75,28.5,ascending,221.11287
41.75,28.75,ascending,211.5425
41.75,29.0,ascending,208.97166
41.75,29.25,ascending,208.645
41.75,29.5,ascending,208.556
41.75,29.75,ascending,208.54333
41.75,30.0,ascending,208.575
41.75,30.25,ascending,208.64572
41.75,30.5,ascending,208.60832
41.75,30.75,ascending,208.69165
41.75,31.0,ascending,208.88142
41.75,31.25,ascending,209.68
41.75,31.5,ascending,211.33
41.75,31.75,ascending,213.23
41.75,32.0,ascending,218.32857
41.75,32.25,ascending,224.095
41.75,32.5,ascending,230.72856
41.75,32.75,ascending,237.86198
41.75,33.0,ascending,247.15875
41.75,33.25,ascending,248.67665
41.75,33.5,ascending,253.316
41.75,33.75,ascending,256.25143
41.75,34.0,ascending,254.45142
41.75,34.25,ascending,249.28142
41.75,34.5,ascending,248.99571
41.75,34.75,ascending,250.34
41.75,35.0,ascending,246.1857
41.75,35.25,ascending,236.76999
41.75,35.5,ascending,226.97856
41.75,35.75,ascending,222.84
41.75,36.0,ascending,219.21333
41.75,36.25,ascending,214.20833
41.75,36.5,ascending,211.095
41.75,36.75,ascending,210.09999
41.75,37.0,ascending,210.21715
41.75,37.25,ascending,209.91142
41.75,37.5,ascending,209.99834
41.75,37.75,ascending,210.3475
41.75,38.0,ascending,210.77332
42.0,-13.0,ascending,219.11499
42.0,-12.75,ascending,218.62285
42.0,-12.5,ascending,216.07143
42.0,-12.25,ascending,215.77571
42.0,-12.0,ascending,214.89572
42.0,-11.75,ascending,214.665
42.0,-11.5,ascending,214.25143
42.0,-11.25,ascending,214.02856
42.0,-11.0,ascending,213.97374
42.0,-10.75,ascending,213.93
42.0,-10.5,ascending,213.98334
42.0,-10.25,ascending,213.7
42.0,-10.0,ascending,213.23698
42.0,-9.75,ascending,213.08699
42.0,-9.5,ascending,214.30698
42.0,-9.25,ascending,221.401
42.0,-9.0,ascending,239.6109
42.0,-8.75,ascending,261.9691
42.0,-8.5,ascending,274.0246
42.0,-8.25,ascending,277.0493
42.0,-8.0,ascending,277.49213
42.0,-7.75,ascending,278.15936
42.0,-7.5,ascending,279.32578
42.0,-7.25,ascending,280.50638
42.0,-2.25,ascending,282.5109
42.0,-2.0,ascending,282.93936
42.0,-1.75,ascending,283.50934
42.0,-1.5,ascending,284.3857
42.0,-1.25,ascending,285.20834
42.0,-1.0,ascending,285.66583
42.0,-0.75,ascending,286.08817
42.0,-0.5,ascending,286.31
42.0,-0.25,ascending,286.24298
42.0,-0.0,ascending,273.25497
42.0,0.25,ascending,285.97446
42.0,0.5,ascending,285.40887
42.0,0.75,ascending,285.09
42.0,1.0,ascending,285.3289
42.0,1.25,ascending,285.35
42.0,1.5,ascending,285.10556
42.0,1.75,ascending,284.75223
42.0,2.0,ascending,284.14713
42.0,2.25,ascending,282.47144
42.0,2.5,ascending,280.19376
42.0,2.75,ascending,277.05573
42.0,3.0,ascending,269.63284
42.0,3.25,ascending,254.70714
42.0,3.5,ascending,232.69374
42.0,3.75,ascending,217.27571
42.0,4.0,ascending,211.42833
42.0,4.25,ascending,209.76
42.0,4.5,ascending,209.27856
42.0,4.75,ascending,208.95166
42.0,5.0,ascending,208.6757
42.0,5.25,ascending,208.50601
42.0,5.5,ascending,208.51428
42.0,5.75,ascending,208.62
42.0,6.0,ascending,208.77832
42.0,6.25,ascending,208.92429
42.0,6.5,ascending,209.13857
42.0,6.75,ascending,209.36499
42.0,7.0,ascending,209.53857
42.0,7.25,ascending,209.66833
42.0,7.5,ascending,209.83333
42.0,7.75,ascending,210.30142
42.0,8.0,ascending,210.90666
42.0,8.25,ascending,213.06999
42.0,8.5,ascending,222.02713
42.0,8.75,ascending,244.77571
42.0,9.0,ascending,267.4025
42.0,9.25,ascending,270.60428
42.0,9.5,ascending,252.74571
42.0,9.75,ascending,226.78142
42.0,10.0,ascending,214.78572
42.0,10.25,ascending,213.03429
42.0,10.5,ascending,212.84714
42.0,10.75,ascending,214.38832
42.0,11.0,ascending,219.78857
42.0,11.25,ascending,226.38332
42.0,11.5,ascending,234.17625
42.0,11.75,ascending,248.99333
42.0,12.0,ascending,258.80374
42.0,12.25,ascending,269.28
42.0,12.5,ascending,274.42374
42.0,12.75,ascending,276.71875
42.0,13.0,ascending,276.7257
42.0,13.25,ascending,276.5825
42.0,13.5,ascending,277.03
42.0,13.75,ascending,276.73624
42.0,14.0,ascending,272.61874
42.0,14.25,ascending,266.05124
42.0,14.5,ascending,255.26999
42.0,14.75,ascending,243.01999
42.0,15.0,ascending,233.965
42.0,15.25,ascending,227.90273
42.0,15.5,ascending,225.5889
42.0,15.75,ascending,225.60362
42.0,16.0,ascending,223.27272
42.0,16.25,ascending,220.94
42.0,16.5,ascending,217.97571
42.0,16.75,ascending,217.08858
42.0,17.0,ascending,217.89473
42.0,17.25,ascending,220.2085
42.0,17.5,ascending,222.95525
42.0,22.5,ascending,280.61832
42.0,22.75,ascending,279.82056
42.0,23.0,ascending,278.98215
42.0,23.25,ascending,277.75613
42.0,23.5,ascending,276.81644
42.0,23.75,ascending,276.5118
42.0,24.0,ascending,276.78726
42.0,24.25,ascending,277.254
42.0,24.5,ascending,278.0422
42.0,24.75,ascending,279.159
42.0,25.0,ascending,280.71887
42.0,25.25,ascending,281.97998
42.0,25.5,ascending,283.11
42.0,25.75,ascending,284.03427
42.0,26.0,ascending,285.16498
42.0,26.25,ascending,285.9943
42.0,26.5,ascending,286.69998
42.0,26.75,ascending,286.97375
42.0,27.0,ascending,286.8957
42.0,27.25,ascending,286.0257
42.0,27.5,ascending,283.4
42.0,27.75,ascending,272.75858
42.0,28.0,ascending,252.88571
42.0,28.25,ascending,227.37125
42.0,28.5,ascending,213.03166
42.0,28.75,ascending,209.24165
42.0,29.0,ascending,208.79625
42.0,29.25,ascending,208.78572
42.0,29.5,ascending,208.76999
42.0,29.75,ascending,208.77832
42.0,30.0,ascending,208.77856
42.0,30.25,ascending,208.72427
42.0,30.5,ascending,208.70332
42.0,30.75,ascending,208.73833
42.0,31.0,ascending,208.83142
42.0,31.25,ascending,209.075
42.0,31.5,ascending,209.49284
42.0,31.75,ascending,210.15833
42.0,32.0,ascending,211.25856
42.0,32.25,ascending,214.28429
42.0,32.5,ascending,215.82797
42.0,32.75,ascending,219.86
42.0,33.0,ascending,221.85428
42.0,33.25,ascending,227.41399
42.0,33.5,ascending,232.26572
42.0,33.75,ascending,227.49142
42.0,34.0,ascending,226.88625
42.0,34.25,ascending,225.446
42.0,34.5,ascending,226.2825
42.0,34.75,ascending,225.974
42.0,35.0,ascending,225.75
42.0,35.25,ascending,217.52429
42.0,35.5,ascending,212.51375
42.0,35.75,ascending,211.17168
42.0,36.0,ascending,210.55286
42.0,36.25,ascending,209.65572
42.0,36.5,ascending,209.13571
42.0,36.75,ascending,209.13428
42.0,37.0,ascending,209.25125
42.0,37.25,ascending,209.27856
42.0,37.5,ascending,209.33221
42.0,37.75,ascending,209.66
42.0,38.0,ascending,210.26999
42.25,-13.0,ascending,224.745
42.25,-12.75,ascending,223.374
42.25,-12.5,ascending,221.14499
42.25,-12.25,ascending,220.16667
42.25,-12.0,ascending,218.65625
42.25,-11.75,ascending,217.685
42.25,-11.5,ascending,216.15375
42.25,-11.25,ascending,215.6125
42.25,-11.0,ascending,216.06375
42.25,-10.75,ascending,215.8375
42.25,-10.5,ascending,214.5475
42.25,-10.25,ascending,214.02625
42.25,-10.0,ascending,213.82857
42.25,-9.75,ascending,214.1275
42.25,-9.5,ascending,216.771
42.25,-9.25,ascending,224.33
42.25,-9.0,ascending,240.674
42.25,-8.75,ascending,260.30002
42.25,-8.5,ascending,272.98083
42.25,-8.25,ascending,276.80917
42.25,-8.0,ascending,277.55066
42.25,-7.75,ascending,277.85333
42.25,-7.5,ascending,278.22607
42.25,-7.25,ascending,278.77682
42.25,-2.5,ascending,281.78
42.25,-2.25,ascending,282.21332
42.25,-2.0,ascending,282.87265
42.25,-1.75,ascending,283.58798
42.25,-1.5,ascending,284.18536
42.25,-1.25,ascending,284.47833
42.25,-1.0,ascending,284.09
42.25,-0.75,ascending,283.87363
42.25,-0.5,ascending,283.60727
42.25,-0.25,ascending,283.36667
42.25,-0.0,ascending,275.777
42.25,0.25,ascending,282.94
42.25,0.5,ascending,282.9989
42.25,0.75,ascending,282.77374
42.25,1.0,ascending,282.39124
42.25,1.25,ascending,282.3343
42.25,1.5,ascending,281.2875
42.25,1.75,ascending,281.00284
42.25,2.0,ascending,280.73373
42.25,2.25,ascending,279.91144
42.25,2.5,ascending,279.4
42.25,2.75,ascending,278.00168
42.25,3.0,ascending,271.76874
42.25,3.25,ascending,253.355
42.25,3.5,ascending,232.18333
42.25,3.75,ascending,216.93166
42.25,4.0,ascending,211.14375
42.25,4.25,ascending,209.93713
42.25,4.5,ascending,209.46571
42.25,4.75,ascending,209.07286
42.25,5.0,ascending,208.75285
42.25,5.25,ascending,208.605
42.25,5.5,ascending,208.6757
42.25,5.75,ascending,208.78499
42.25,6.0,ascending,208.895
42.25,6.25,ascending,209.052
42.25,6.5,ascending,209.19858
42.25,6.75,ascending,209.26666
42.25,7.0,ascending,209.28833
42.25,7.25,ascending,209.32166
42.25,7.5,ascending,209.51666
42.25,7.75,ascending,209.81285
42.25,8.0,ascending,210.565
42.25,8.25,ascending,212.33
42.25,8.5,ascending,218.96333
42.25,8.75,ascending,238.78198
42.25,9.0,ascending,261.19125
42.25,9.25,ascending,265.82333
42.25,9.5,ascending,252.62285
42.25,9.75,ascending,228.74428
42.25,10.0,ascending,216.63
42.25,10.25,ascending,216.72
42.25,10.5,ascending,217.78429
42.25,10.75,ascending,219.66428
42.25,11.0,ascending,231.59999
42.25,11.25,ascending,242.70857
42.25,11.5,ascending,253.19858
42.25,11.75,ascending,263.34833
42.25,12.0,ascending,270.44284
42.25,12.25,ascending,275.05286
42.25,12.5,ascending,276.8514
42.25,12.75,ascending,276.865
42.25,13.0,ascending,276.27667
42.25,13.25,ascending,276.51855
42.25,13.5,ascending,276.835
42.25,13.75,ascending,274.06427
42.25,14.0,ascending,265.6475
42.25,14.25,ascending,251.52625
42.25,14.5,ascending,236.1225
42.25,14.75,ascending,226.4375
42.25,15.0,ascending,219.6789
42.25,15.25,ascending,216.525
42.25,15.5,ascending,215.74454
42.25,15.75,ascending,215.59727
42.25,16.0,ascending,215.853
42.25,16.25,ascending,216.28667
42.25,16.5,ascending,216.47537
42.25,16.75,ascending,217.04785
42.25,17.0,ascending,218.34686
42.25,17.25,ascending,220.50667
42.25,17.5,ascending,222.59312
42.25,22.25,ascending,281.12
42.25,22.5,ascending,280.96332
42.25,22.75,ascending,280.45706
42.25,23.0,ascending,279.6
42.25,23.25,ascending,278.21167
42.25,23.5,ascending,277.21667
42.25,23.75,ascending,276.4809
42.25,24.0,ascending,276.48727
42.25,24.25,ascending,277.004
42.25,24.5,ascending,277.8422
42.25,24.75,ascending,278.65555
42.25,25.0,ascending,280.0111
42.25,25.25,ascending,280.83624
42.25,25.5,ascending,282.42874
42.25,25.75,ascending,284.06
42.25,26.0,ascending,285.5725
42.25,26.25,ascending,286.68
42.25,26.5,ascending,287.36142
42.25,26.75,ascending,287.67572
42.25,27.0,ascending,287.41998
42.25,27.25,ascending,285.54498
42.25,27.5,ascending,278.90375
42.25,27.75,ascending,261.53833
42.25,28.0,ascending,240.12334
42.25,28.25,ascending,220.82666
42.25,28.5,ascending,211.42374
42.25,28.75,ascending,209.03572
42.25,29.0,ascending,208.84166
42.25,29.25,ascending,208.93799
42.25,29.5,ascending,209.00166
42.25,29.75,ascending,209.01714
42.25,30.0,ascending,208.98283
42.25,30.25,ascending,208.89333
42.25,30.5,ascending,208.81142
42.25,30.75,ascending,208.78598
42.25,31.0,ascending,208.91142
42.25,31.25,ascending,209.27
42.25,31.5,ascending,209.64998
42.25,31.75,ascending,210.03667
42.25,32.0,ascending,210.44832
42.25,32.25,ascending,210.87666
42.25,32.5,ascending,211.54141
42.25,32.75,ascending,211.43
42.25,33.0,ascending,211.99399
42.25,33.25,ascending,214.05998
42.25,33.5,ascending,214.23286
42.25,33.75,ascending,213.298
42.25,34.0,ascending,212.658
42.25,34.25,ascending,213.13
42.25,34.5,ascending,213.77856
42.25,34.75,ascending,213.605
42.25,35.0,ascending,212.86429
42.25,35.25,ascending,210.29749
42.25,35.5,ascending,208.62856
42.25,35.75,ascending,208.53375
42.25,36.0,ascending,208.73799
42.25,36.25,ascending,208.85571
42.25,36.5,ascending,208.92714
42.25,36.75,ascending,208.93
42.25,37.0,ascending,208.96
42.25,37.25,ascending,208.87715
42.25,37.5,ascending,208.88713
42.25,37.75,ascending,209.21571
42.25,38.0,ascending,209.76599
42.5,-13.0,ascending,227.02666
42.5,-12.75,ascending,225.44221
42.5,-12.5,ascending,224.85834
42.5,-12.25,ascending,225.60374
42.5,-12.0,ascending,225.87999
42.5,-11.75,ascending,223.15714
42.5,-11.5,ascending,220.06778
42.5,-11.25,ascending,218.4257
42.5,-11.0,ascending,218.86221
42.5,-10.75,ascending,219.1757
42.5,-10.5,ascending,217.696
42.5,-10.25,ascending,216.19444
42.5,-10.0,ascending,216.096
42.5,-9.75,ascending,217.19221
42.5,-9.5,ascending,223.00598
42.5,-9.25,ascending,232.745
42.5,-9.0,ascending,249.03667
42.5,-8.75,ascending,264.216
42.5,-8.5,ascending,273.50076
42.5,-8.25,ascending,276.3831
42.5,-8.0,ascending,276.89734
42.5,-7.75,ascending,277.31354
42.5,-7.5,ascending,277.6819
42.5,-7.25,ascending,277.94733
42.5,-2.5,ascending,281.78198
42.5,-2.25,ascending,282.30527
42.5,-2.0,ascending,283.11642
42.5,-1.75,ascending,283.20538
42.5,-1.5,ascending,282.88248
42.5,-1.25,ascending,282.51364
42.5,-1.0,ascending,281.35165
42.5,-0.75,ascending,280.84665
42.5,-0.5,ascending,280.24817
42.5,-0.25,ascending,279.80444
42.5,-0.0,ascending,271.43887
42.5,0.25,ascending,278.75
42.5,0.5,ascending,278.25998
42.5,0.75,ascending,278.035
42.5,1.0,ascending,277.52554
42.5,1.25,ascending,277.5411
42.5,1.5,ascending,277.43857
42.5,1.75,ascending,276.96124
42.5,2.0,ascending,276.9857
42.5,2.25,ascending,277.5075
42.5,2.5,ascending,278.45374
42.5,2.75,ascending,277.68997
42.5,3.0,ascending,267.36
42.5,3.25,ascending,246.96332
42.5,3.5,ascending,226.81714
42.5,3.75,ascending,214.6025
42.5,4.0,ascending,210.81
42.5,4.25,ascending,209.90166
42.5,4.5,ascending,209.552
42.5,4.75,ascending,209.29167
42.5,5.0,ascending,209.09428
42.5,5.25,ascending,209.01857
42.5,5.5,ascending,209.39667
42.5,5.75,ascending,209.97499
42.5,6.0,ascending,210.98375
42.5,6.25,ascending,211.665
42.5,6.5,ascending,212.54285
42.5,6.75,ascending,211.52167
42.5,7.0,ascending,210.04428
42.5,7.25,ascending,209.40332
42.5,7.5,ascending,209.19374
42.5,7.75,ascending,209.404
42.5,8.0,ascending,209.86714
42.5,8.25,ascending,211.11427
42.5,8.5,ascending,218.074
42.5,8.75,ascending,229.03142
42.5,9.0,ascending,241.80142
42.5,9.25,ascending,248.82286
42.5,9.5,ascending,239.24715
42.5,9.75,ascending,223.57999
42.5,10.0,ascending,217.51428
42.5,10.25,ascending,220.39833
42.5,10.5,ascending,225.52141
42.5,10.75,ascending,231.89856
42.5,11.0,ascending,244.64572
42.5,11.25,ascending,261.40857
42.5,11.5,ascending,267.57144
42.5,11.75,ascending,272.13873
42.5,12.0,ascending,273.9
42.5,12.25,ascending,276.40427
42.5,12.5,ascending,277.23428
42.5,12.75,ascending,276.74857
42.5,13.0,ascending,276.46143
42.5,13.25,ascending,277.07144
42.5,13.5,ascending,276.52374
42.5,13.75,ascending,268.80875
42.5,14.0,ascending,250.83112
42.5,14.25,ascending,234.11
42.5,14.5,ascending,222.79999
42.5,14.75,ascending,217.63
42.5,15.0,ascending,215.59555
42.5,15.25,ascending,214.996
42.5,15.5,ascending,215.13727
42.5,15.75,ascending,215.7127
42.5,16.0,ascending,216.55249
42.5,16.25,ascending,217.5246
42.5,16.5,ascending,219.80933
42.5,16.75,ascending,221.19714
42.5,17.0,ascending,223.43472
42.5,17.25,ascending,227.02182
42.5,17.5,ascending,229.07384
42.5,22.25,ascending,281.00168
42.5,22.5,ascending,280.86166
42.5,22.75,ascending,280.44266
42.5,23.0,ascending,279.69077
42.5,23.25,ascending,278.60666
42.5,23.5,ascending,277.40637
42.5,23.75,ascending,276.673
42.5,24.0,ascending,276.63364
42.5,24.25,ascending,276.9178
42.5,24.5,ascending,277.25455
42.5,24.75,ascending,277.62332
42.5,25.0,ascending,278.46555
42.5,25.25,ascending,279.75626
42.5,25.5,ascending,281.49554
42.5,25.75,ascending,283.17572
42.5,26.0,ascending,284.37875
42.5,26.25,ascending,285.53625
42.5,26.5,ascending,286.39624
42.5,26.75,ascending,286.66855
42.5,27.0,ascending,286.23166
42.5,27.25,ascending,283.12143
42.5,27.5,ascending,273.09
42.5,27.75,ascending,256.40143
42.5,28.0,ascending,236.76714
42.5,28.25,ascending,222.49142
42.5,28.5,ascending,213.56831
42.5,28.75,ascending,209.575
42.5,29.0,ascending,208.85143
42.5,29.25,ascending,208.95999
42.5,29.5,ascending,209.07143
42.5,29.75,ascending,209.07797
42.5,30.0,ascending,209.00665
42.5,30.25,ascending,208.92857
42.5,30.5,ascending,208.85286
42.5,30.75,ascending,208.805
42.5,31.0,ascending,208.99142
42.5,31.25,ascending,209.37166
42.5,31.5,ascending,209.87749
42.5,31.75,ascending,210.418
42.5,32.0,ascending,210.85167
42.5,32.25,ascending,211.08667
42.5,32.5,ascending,210.6657
42.5,32.75,ascending,210.068
42.5,33.0,ascending,210.09
42.5,33.25,ascending,210.20999
42.5,33.5,ascending,210.185
42.5,33.75,ascending,209.95401
42.5,34.0,ascending,209.71143
42.5,34.25,ascending,209.1157
42.5,34.5,ascending,208.87856
42.5,34.75,ascending,208.92714
42.5,35.0,ascending,208.77428
42.5,35.25,ascending,208.51714
42.5,35.5,ascending,208.26799
42.5,35.75,ascending,208.45143
42.5,36.0,ascending,208.70375
42.5,36.25,ascending,208.83667
42.5,36.5,ascending,208.795
42.5,36.75,ascending,208.66284
42.5,37.0,ascending,208.64374
42.5,37.25,ascending,208.51572
42.5,37.5,ascending,208.59714
42.5,37.75,ascending,208.97374
42.5,38.0,ascending,209.5425
42.75,-13.0,ascending,221.06
42.75,-12.75,ascending,220.174
42.75,-12.5,ascending,223.0625
42.75,-12.25,ascending,226.82332
42.75,-12.0,ascending,231.05429
42.75,-11.75,ascending,231.6575
42.75,-11.5,ascending,226.64427
42.75,-11.25,ascending,222.22427
42.75,-11.0,ascending,222.29143
42.75,-10.75,ascending,223.54999
42.75,-10.5,ascending,222.71858
42.75,-10.25,ascending,220.88249
42.75,-10.0,ascending,220.40334
42.75,-9.75,ascending,222.11554
42.75,-9.5,ascending,228.98553
42.75,-9.25,ascending,243.03699
42.75,-9.0,ascending,259.231
42.75,-8.75,ascending,269.4575
42.75,-8.5,ascending,275.225
42.75,-8.25,ascending,276.58307
42.75,-8.0,ascending,276.6531
42.75,-7.75,ascending,276.71597
42.75,-7.5,ascending,276.96088
42.75,-7.25,ascending,277.26498
42.75,-2.75,ascending,276.84
42.75,-2.5,ascending,278.99524
42.75,-2.25,ascending,279.48334
42.75,-2.0,ascending,280.38867
42.75,-1.75,ascending,280.16998
42.75,-1.5,ascending,279.87332
42.75,-1.25,ascending,279.73456
42.75,-1.0,ascending,278.7191
42.75,-0.75,ascending,278.181
42.75,-0.5,ascending,276.73398
42.75,-0.25,ascending,275.95874
42.75,-0.0,ascending,274.96
42.75,0.25,ascending,274.78375
42.75,0.5,ascending,274.78668
42.75,0.75,ascending,275.1443
42.75,1.0,ascending,275.67624
42.75,1.25,ascending,276.13715
42.75,1.5,ascending,276.34875
42.75,1.75,ascending,276.79666
42.75,2.0,ascending,277.535
42.75,2.25,ascending,278.95142
42.75,2.5,ascending,279.80283
42.75,2.75,ascending,277.01428
42.75,3.0,ascending,265.99832
42.75,3.25,ascending,243.43875
42.75,3.5,ascending,224.73332
42.75,3.75,ascending,216.526
42.75,4.0,ascending,212.79
42.75,4.25,ascending,210.87166
42.75,4.5,ascending,210.14
42.75,4.75,ascending,210.01
42.75,5.0,ascending,210.47166
42.75,5.25,ascending,211.37712
42.75,5.5,ascending,212.92332
42.75,5.75,ascending,217.79668
42.75,6.0,ascending,221.75334
42.75,6.25,ascending,224.02167
42.75,6.5,ascending,223.97667
42.75,6.75,ascending,219.69666
42.75,7.0,ascending,214.15
42.75,7.25,ascending,210.84001
42.75,7.5,ascending,209.55165
42.75,7.75,ascending,209.25
42.75,8.0,ascending,209.335
42.75,8.25,ascending,209.726
42.75,8.5,ascending,212.19249
42.75,8.75,ascending,216.28166
42.75,9.0,ascending,220.90332
42.75,9.25,ascending,228.88998
42.75,9.5,ascending,229.38599
42.75,9.75,ascending,220.51498
42.75,10.0,ascending,217.654
42.75,10.25,ascending,223.515
42.75,10.5,ascending,234.14667
42.75,10.75,ascending,248.68285
42.75,11.0,ascending,260.32428
42.75,11.25,ascending,272.714
42.75,11.5,ascending,275.66998
42.75,11.75,ascending,275.662
42.75,12.0,ascending,274.70856
42.75,12.25,ascending,275.84167
42.75,12.5,ascending,277.13
42.75,12.75,ascending,277.05713
42.75,13.0,ascending,277.17856
42.75,13.25,ascending,277.745
42.75,13.5,ascending,274.8625
42.75,13.75,ascending,260.66376
42.75,14.0,ascending,240.86624
42.75,14.25,ascending,225.2357
42.75,14.5,ascending,218.1575
42.75,14.75,ascending,215.71124
42.75,15.0,ascending,215.20111
42.75,15.25,ascending,215.47
42.75,15.5,ascending,216.444
42.75,15.75,ascending,218.13799
42.75,16.0,ascending,220.82726
42.75,16.25,ascending,223.58751
42.75,16.5,ascending,227.7946
42.75,16.75,ascending,232.98466
42.75,17.0,ascending,236.73553
42.75,17.25,ascending,241.22607
42.75,17.5,ascending,243.85875
42.75,22.0,ascending,280.56198
42.75,22.25,ascending,280.44562
42.75,22.5,ascending,280.26117
42.75,22.75,ascending,279.888
42.75,23.0,ascending,279.36
42.75,23.25,ascending,278.5525
42.75,23.5,ascending,277.91666
42.75,23.75,ascending,277.5133
42.75,24.0,ascending,277.6736
42.75,24.25,ascending,277.61887
42.75,24.5,ascending,277.79333
42.75,24.75,ascending,278.12375
42.75,25.0,ascending,279.3678
42.75,25.25,ascending,280.75375
42.75,25.5,ascending,282.35873
42.75,25.75,ascending,282.94284
42.75,26.0,ascending,283.66873
42.75,26.25,ascending,284.16428
42.75,26.5,ascending,284.61713
42.75,26.75,ascending,284.91125
42.75,27.0,ascending,284.55
42.75,27.25,ascending,282.43625
42.75,27.5,ascending,276.60284
42.75,27.75,ascending,264.78287
42.75,28.0,ascending,247.62285
42.75,28.25,ascending,228.20833
42.75,28.5,ascending,216.00285
42.75,28.75,ascending,210.91142
42.75,29.0,ascending,209.52284
42.75,29.25,ascending,209.22142
42.75,29.5,ascending,209.04285
42.75,29.75,ascending,209.01714
42.75,30.0,ascending,208.89833
42.75,30.25,ascending,208.87834
42.75,30.5,ascending,208.82832
42.75,30.75,ascending,208.79668
42.75,31.0,ascending,209.00667
42.75,31.25,ascending,209.43834
42.75,31.5,ascending,209.93399
42.75,31.75,ascending,210.5
42.75,32.0,ascending,210.97166
42.75,32.25,ascending,210.92168
42.75,32.5,ascending,210.41
42.75,32.75,ascending,210.02571
42.75,33.0,ascending,210.12143
42.75,33.25,ascending,210.37498
42.75,33.5,ascending,210.18713
42.75,33.75,ascending,209.64143
42.75,34.0,ascending,209.07999
42.75,34.25,ascending,208.7
42.75,34.5,ascending,208.47571
42.75,34.75,ascending,208.33142
42.75,35.0,ascending,208.23428
42.75,35.25,ascending,208.23856
42.75,35.5,ascending,208.36165
42.75,35.75,ascending,208.57797
42.75,36.0,ascending,208.71375
42.75,36.25,ascending,208.74199
42.75,36.5,ascending,208.5275
42.75,36.75,ascending,208.396
42.75,37.0,ascending,208.30875
42.75,37.25,ascending,208.27832
42.75,37.5,ascending,208.37
42.75,37.75,ascending,208.77
42.75,38.0,ascending,209.352
43.0,-13.0,ascending,214.52333
43.0,-12.75,ascending,215.27286
43.0,-12.5,ascending,217.72499
43.0,-12.25,ascending,222.8757
43.0,-12.0,ascending,230.7275
43.0,-11.75,ascending,236.12
43.0,-11.5,ascending,233.07857
43.0,-11.25,ascending,227.56624
43.0,-11.0,ascending,226.3325
43.0,-10.75,ascending,228.42714
43.0,-10.5,ascending,228.575
43.0,-10.25,ascending,226.87222
43.0,-10.0,ascending,226.20444
43.0,-9.75,ascending,226.971
43.0,-9.5,ascending,231.32443
43.0,-9.25,ascending,241.63899
43.0,-9.0,ascending,254.82729
43.0,-8.75,ascending,265.94333
43.0,-8.5,ascending,272.03
43.0,-8.25,ascending,275.7123
43.0,-8.0,ascending,276.50064
43.0,-7.75,ascending,276.37576
43.0,-7.5,ascending,275.82523
43.0,-7.25,ascending,275.53427
43.0,-2.75,ascending,272.38443
43.0,-2.5,ascending,274.55527
43.0,-2.25,ascending,276.496
43.0,-2.0,ascending,277.31357
43.0,-1.75,ascending,276.4858
43.0,-1.5,ascending,277.26273
43.0,-1.25,ascending,277.13818
43.0,-1.0,ascending,276.563
43.0,-0.75,ascending,276.423
43.0,-0.5,ascending,275.68
43.0,-0.25,ascending,275.10126
43.0,-0.0,ascending,263.95166
43.0,0.25,ascending,275.25
43.0,0.5,ascending,276.0675
43.0,0.75,ascending,276.77444
43.0,1.0,ascending,277.50714
43.0,1.25,ascending,278.1925
43.0,1.5,ascending,278.6175
43.0,1.75,ascending,279.02426
43.0,2.0,ascending,279.71143
43.0,2.25,ascending,280.3557
43.0,2.5,ascending,280.2675
43.0,2.75,ascending,276.49832
43.0,3.0,ascending,265.80142
43.0,3.25,ascending,250.84001
43.0,3.5,ascending,235.30571
43.0,3.75,ascending,225.82715
43.0,4.0,ascending,220.67857
43.0,4.25,ascending,216.12
43.0,4.5,ascending,214.43286
43.0,4.75,ascending,216.34427
43.0,5.0,ascending,217.72427
43.0,5.25,ascending,221.76001
43.0,5.5,ascending,227.37143
43.0,5.75,ascending,237.71399
43.0,6.0,ascending,246.29141
43.0,6.25,ascending,248.58833
43.0,6.5,ascending,243.98999
43.0,6.75,ascending,236.28572
43.0,7.0,ascending,223.64429
43.0,7.25,ascending,216.79999
43.0,7.5,ascending,212.02167
43.0,7.75,ascending,210.58998
43.0,8.0,ascending,209.63998
43.0,8.25,ascending,209.55142
43.0,8.5,ascending,209.69429
43.0,8.75,ascending,210.81834
43.0,9.0,ascending,214.314
43.0,9.25,ascending,218.77667
43.0,9.5,ascending,221.045
43.0,9.75,ascending,218.46286
43.0,10.0,ascending,217.62334
43.0,10.25,ascending,224.32832
43.0,10.5,ascending,244.61499
43.0,10.75,ascending,262.955
43.0,11.0,ascending,273.21
43.0,11.25,ascending,276.8857
43.0,11.5,ascending,277.91998
43.0,11.75,ascending,276.46625
43.0,12.0,ascending,274.17715
43.0,12.25,ascending,274.74713
43.0,12.5,ascending,276.59747
43.0,12.75,ascending,276.9243
43.0,13.0,ascending,276.80667
43.0,13.25,ascending,275.91
43.0,13.5,ascending,270.72873
43.0,13.75,ascending,256.01428
43.0,14.0,ascending,237.88625
43.0,14.25,ascending,224.66399
43.0,14.5,ascending,219.69221
43.0,14.75,ascending,218.13998
43.0,15.0,ascending,216.99889
43.0,15.25,ascending,217.39635
43.0,15.5,ascending,218.377
43.0,15.75,ascending,220.95819
43.0,16.0,ascending,226.28082
43.0,16.25,ascending,233.21333
43.0,16.5,ascending,239.44933
43.0,16.75,ascending,247.00533
43.0,17.0,ascending,252.58398
43.0,17.25,ascending,257.272
43.0,17.5,ascending,256.9
43.0,22.0,ascending,281.06143
43.0,22.25,ascending,280.50266
43.0,22.5,ascending,279.89822
43.0,22.75,ascending,279.16666
43.0,23.0,ascending,278.70166
43.0,23.25,ascending,278.2925
43.0,23.5,ascending,278.172
43.0,23.75,ascending,278.47363
43.0,24.0,ascending,279.16443
43.0,24.25,ascending,279.41443
43.0,24.5,ascending,280.486
43.0,24.75,ascending,281.24
43.0,25.0,ascending,282.71445
43.0,25.25,ascending,283.85715
43.0,25.5,ascending,284.90875
43.0,25.75,ascending,285.05112
43.0,26.0,ascending,284.93857
43.0,26.25,ascending,284.835
43.0,26.5,ascending,284.66873
43.0,26.75,ascending,284.6143
43.0,27.0,ascending,284.39334
43.0,27.25,ascending,283.81876
43.0,27.5,ascending,280.88
43.0,27.75,ascending,273.21
43.0,28.0,ascending,255.40572
43.0,28.25,ascending,235.53
43.0,28.5,ascending,224.65498
43.0,28.75,ascending,217.32832
43.0,29.0,ascending,212.95833
43.0,29.25,ascending,210.36398
43.0,29.5,ascending,209.14429
43.0,29.75,ascending,208.88428
43.0,30.0,ascending,208.81999
43.0,30.25,ascending,208.83667
43.0,30.5,ascending,208.78874
43.0,30.75,ascending,208.77167
43.0,31.0,ascending,208.95427
43.0,31.25,ascending,209.31166
43.0,31.5,ascending,209.88428
43.0,31.75,ascending,210.30666
43.0,32.0,ascending,210.51714
43.0,32.25,ascending,210.31
43.0,32.5,ascending,210.07571
43.0,32.75,ascending,209.89285
43.0,33.0,ascending,210.2
43.0,33.25,ascending,210.39333
43.0,33.5,ascending,210.08142
43.0,33.75,ascending,209.37
43.0,34.0,ascending,208.85286
43.0,34.25,ascending,208.54285
43.0,34.5,ascending,208.34499
43.0,34.75,ascending,208.19714
43.0,35.0,ascending,208.2
43.0,35.25,ascending,208.35999
43.0,35.5,ascending,208.49284
43.0,35.75,ascending,208.59856
43.0,36.0,ascending,208.64429
43.0,36.25,ascending,208.56285
43.0,36.5,ascending,208.29
43.0,36.75,ascending,208.10889
43.0,37.0,ascending,208.09166
43.0,37.25,ascending,208.1625
43.0,37.5,ascending,208.28499
43.0,37.75,ascending,208.69286
43.0,38.0,ascending,209.31198
43.25,-13.0,ascending,211.92665
43.25,-12.75,ascending,212.61165
43.25,-12.5,ascending,214.7557
43.25,-12.25,ascending,219.09
43.25,-12.0,ascending,225.77
43.25,-11.75,ascending,232.85167
43.25,-11.5,ascending,233.6189
43.25,-11.25,ascending,230.37285
43.25,-11.0,ascending,227.20111
43.25,-10.75,ascending,227.81625
43.25,-10.5,ascending,230.9775
43.25,-10.25,ascending,231.70749
43.25,-10.0,ascending,231.1175
43.25,-9.75,ascending,231.22
43.25,-9.5,ascending,231.174
43.25,-9.25,ascending,233.08398
43.25,-9.0,ascending,238.08699
43.25,-8.75,ascending,245.58
43.25,-8.5,ascending,256.85333
43.25,-8.25,ascending,267.39142
43.25,-8.0,ascending,272.8125
43.25,-7.75,ascending,273.19055
43.25,-7.5,ascending,271.23398
43.25,-7.25,ascending,272.11
43.25,-3.0,ascending,255.22333
43.25,-2.75,ascending,262.46054
43.25,-2.5,ascending,261.01498
43.25,-2.25,ascending,262.76248
43.25,-2.0,ascending,263.11383
43.25,-1.75,ascending,259.84183
43.25,-1.5,ascending,264.32
43.25,-1.25,ascending,267.95456
43.25,-1.0,ascending,271.153
43.25,-0.75,ascending,274.075
43.25,-0.5,ascending,274.49667
43.25,-0.25,ascending,274.73123
43.25,-0.0,ascending,262.46454
43.25,0.25,ascending,275.38715
43.25,0.5,ascending,276.12
43.25,0.75,ascending,277.27
43.25,1.0,ascending,278.22333
43.25,1.25,ascending,278.58142
43.25,1.5,ascending,278.62
43.25,1.75,ascending,278.97427
43.25,2.0,ascending,279.2457
43.25,2.25,ascending,279.46832
43.25,2.5,ascending,279.13284
43.25,2.75,ascending,276.86374
43.25,3.0,ascending,270.49167
43.25,3.25,ascending,262.7914
43.25,3.5,ascending,253.91856
43.25,3.75,ascending,242.04999
43.25,4.0,ascending,235.21999
43.25,4.25,ascending,230.01599
43.25,4.5,ascending,228.86
43.25,4.75,ascending,234.23999
43.25,5.0,ascending,239.46286
43.25,5.25,ascending,243.83167
43.25,5.5,ascending,256.1257
43.25,5.75,ascending,264.495
43.25,6.0,ascending,270.93283
43.25,6.25,ascending,271.035
43.25,6.5,ascending,265.28857
43.25,6.75,ascending,254.618
43.25,7.0,ascending,241.24142
43.25,7.25,ascending,227.95999
43.25,7.5,ascending,221.56429
43.25,7.75,ascending,215.702
43.25,8.0,ascending,213.37143
43.25,8.25,ascending,212.65001
43.25,8.5,ascending,210.70999
43.25,8.75,ascending,210.73334
43.25,9.0,ascending,211.81285
43.25,9.25,ascending,214.84286
43.25,9.5,ascending,217.73428
43.25,9.75,ascending,218.10286
43.25,10.0,ascending,219.75285
43.25,10.25,ascending,230.27333
43.25,10.5,ascending,250.685
43.25,10.75,ascending,271.32428
43.25,11.0,ascending,277.8257
43.25,11.25,ascending,278.6733
43.25,11.5,ascending,277.91333
43.25,11.75,ascending,276.475
43.25,12.0,ascending,274.0857
43.25,12.25,ascending,273.69855
43.25,12.5,ascending,275.06857
43.25,12.75,ascending,274.72714
43.25,13.0,ascending,271.8925
43.25,13.25,ascending,268.50497
43.25,13.5,ascending,262.63126
43.25,13.75,ascending,251.09001
43.25,14.0,ascending,238.78749
43.25,14.25,ascending,230.04713
43.25,14.5,ascending,225.68875
43.25,14.75,ascending,224.35374
43.25,15.0,ascending,222.545
43.25,15.25,ascending,222.91624
43.25,15.5,ascending,224.46098
43.25,15.75,ascending,229.38501
43.25,16.0,ascending,236.31667
43.25,16.25,ascending,244.3125
43.25,16.5,ascending,252.12785
43.25,16.75,ascending,259.03937
43.25,17.0,ascending,263.43167
43.25,17.25,ascending,266.57303
43.25,21.75,ascending,282.04248
43.25,22.0,ascending,281.55368
43.25,22.25,ascending,280.63602
43.25,22.5,ascending,279.58075
43.25,22.75,ascending,278.50333
43.25,23.0,ascending,277.82834
43.25,23.25,ascending,278.02
43.25,23.5,ascending,278.672
43.25,23.75,ascending,279.624
43.25,24.0,ascending,280.96887
43.25,24.25,ascending,281.87778
43.25,24.5,ascending,283.32248
43.25,24.75,ascending,284.2111
43.25,25.0,ascending,285.58624
43.25,25.25,ascending,286.35498
43.25,25.5,ascending,286.96286
43.25,25.75,ascending,286.84
43.25,26.0,ascending,286.28125
43.25,26.25,ascending,285.725
43.25,26.5,ascending,285.48712
43.25,26.75,ascending,285.4075
43.25,27.0,ascending,285.33713
43.25,27.25,ascending,285.17572
43.25,27.5,ascending,282.98666
43.25,27.75,ascending,276.53287
43.25,28.0,ascending,265.02332
43.25,28.25,ascending,251.21167
43.25,28.5,ascending,240.75285
43.25,28.75,ascending,229.51714
43.25,29.0,ascending,217.87428
43.25,29.25,ascending,211.2
43.25,29.5,ascending,209.00832
43.25,29.75,ascending,208.69832
43.25,30.0,ascending,208.78714
43.25,30.25,ascending,208.842
43.25,30.5,ascending,208.79498
43.25,30.75,ascending,208.755
43.25,31.0,ascending,208.85832
43.25,31.25,ascending,209.17798
43.25,31.5,ascending,209.59499
43.25,31.75,ascending,209.89
43.25,32.0,ascending,209.93999
43.25,32.25,ascending,209.81334
43.25,32.5,ascending,209.72714
43.25,32.75,ascending,209.70999
43.25,33.0,ascending,209.9
43.25,33.25,ascending,209.89572
43.25,33.5,ascending,209.49857
43.25,33.75,ascending,209.015
43.25,34.0,ascending,208.665
43.25,34.25,ascending,208.444
43.25,34.5,ascending,208.288
43.25,34.75,ascending,208.15999
43.25,35.0,ascending,208.24857
43.25,35.25,ascending,208.44571
43.25,35.5,ascending,208.52998
43.25,35.75,ascending,208.54665
43.25,36.0,ascending,208.54713
43.25,36.25,ascending,208.40498
43.25,36.5,ascending,208.09375
43.25,36.75,ascending,207.89
43.25,37.0,ascending,207.925
43.25,37.25,ascending,208.085
43.25,37.5,ascending,208.26714
43.25,37.75,ascending,208.72374
43.25,38.0,ascending,209.4
43.5,-13.0,ascending,211.70667
43.5,-12.75,ascending,212.01874
43.5,-12.5,ascending,213.15857
43.5,-12.25,ascending,215.09427
43.5,-12.0,ascending,219.21715
43.5,-11.75,ascending,224.05222
43.5,-11.5,ascending,227.07858
43.5,-11.25,ascending,227.74625
43.5,-11.0,ascending,225.27374
43.5,-10.75,ascending,223.3425
43.5,-10.5,ascending,225.18333
43.5,-10.25,ascending,227.91667
43.5,-10.0,ascending,229.324
43.5,-9.75,ascending,230.27625
43.5,-9.5,ascending,230.01909
43.5,-9.25,ascending,228.4
43.5,-9.0,ascending,227.40916
43.5,-8.75,ascending,228.77083
43.5,-8.5,ascending,235.308
43.5,-8.25,ascending,246.04231
43.5,-8.0,ascending,255.18118
43.5,-7.75,ascending,257.5945
43.5,-7.5,ascending,256.90808
43.5,-3.0,ascending,230.75832
43.5,-2.75,ascending,233.05116
43.5,-2.5,ascending,227.06467
43.5,-2.25,ascending,229.4423
43.5,-2.0,ascending,228.93929
43.5,-1.75,ascending,230.13399
43.5,-1.5,ascending,241.37181
43.5,-1.25,ascending,250.58798
43.5,-1.0,ascending,262.05
43.5,-0.75,ascending,268.98666
43.5,-0.5,ascending,271.69333
43.5,-0.25,ascending,272.83875
43.5,-0.0,ascending,265.97775
43.5,0.25,ascending,274.1722
43.5,0.5,ascending,275.465
43.5,0.75,ascending,276.34
43.5,1.0,ascending,276.93713
43.5,1.25,ascending,277.03714
43.5,1.5,ascending,277.04877
43.5,1.75,ascending,277.6175
43.5,2.0,ascending,277.65
43.5,2.25,ascending,277.51834
43.5,2.5,ascending,276.82
43.5,2.75,ascending,276.24286
43.5,3.0,ascending,274.79498
43.5,3.25,ascending,272.52832
43.5,3.5,ascending,267.975
43.5,3.75,ascending,260.13284
43.5,4.0,ascending,257.0757
43.5,4.25,ascending,253.87715
43.5,4.5,ascending,253.29285
43.5,4.75,ascending,259.262
43.5,5.0,ascending,264.14667
43.5,5.25,ascending,267.83667
43.5,5.5,ascending,273.76334
43.5,5.75,ascending,277.27167
43.5,6.0,ascending,278.91333
43.5,6.25,ascending,278.14664
43.5,6.5,ascending,275.16
43.5,6.75,ascending,268.2757
43.5,7.0,ascending,258.21
43.5,7.25,ascending,246.35286
43.5,7.5,ascending,236.93333
43.5,7.75,ascending,230.85571
43.5,8.0,ascending,227.39285
43.5,8.25,ascending,219.74199
43.5,8.5,ascending,214.69571
43.5,8.75,ascending,213.88167
43.5,9.0,ascending,214.64624
43.5,9.25,ascending,216.27713
43.5,9.5,ascending,218.77498
43.5,9.75,ascending,221.4257
43.5,10.0,ascending,225.97285
43.5,10.25,ascending,240.6657
43.5,10.5,ascending,261.57834
43.5,10.75,ascending,275.06332
43.5,11.0,ascending,278.48285
43.5,11.25,ascending,278.84
43.5,11.5,ascending,277.73624
43.5,11.75,ascending,276.15427
43.5,12.0,ascending,274.48376
43.5,12.25,ascending,272.57
43.5,12.5,ascending,271.94427
43.5,12.75,ascending,267.58856
43.5,13.0,ascending,261.42285
43.5,13.25,ascending,253.84624
43.5,13.5,ascending,248.065
43.5,13.75,ascending,246.11284
43.5,14.0,ascending,244.11334
43.5,14.25,ascending,240.53777
43.5,14.5,ascending,234.608
43.5,14.75,ascending,232.45334
43.5,15.0,ascending,232.61778
43.5,15.25,ascending,233.28001
43.5,15.5,ascending,237.644
43.5,15.75,ascending,244.24916
43.5,16.0,ascending,252.74153
43.5,16.25,ascending,259.30582
43.5,16.5,ascending,263.55313
43.5,16.75,ascending,267.43933
43.5,17.0,ascending,269.52237
43.5,17.25,ascending,270.60895
43.5,21.75,ascending,282.31073
43.5,22.0,ascending,281.97223
43.5,22.25,ascending,281.27383
43.5,22.5,ascending,280.72427
43.5,22.75,ascending,280.0425
43.5,23.0,ascending,279.48273
43.5,23.25,ascending,279.55453
43.5,23.5,ascending,279.83398
43.5,23.75,ascending,280.47998
43.5,24.0,ascending,281.29776
43.5,24.25,ascending,282.408
43.5,24.5,ascending,283.1057
43.5,24.75,ascending,284.03775
43.5,25.0,ascending,284.67557
43.5,25.25,ascending,285.38873
43.5,25.5,ascending,285.8425
43.5,25.75,ascending,286.06
43.5,26.0,ascending,285.86124
43.5,26.25,ascending,285.60498
43.5,26.5,ascending,285.46664
43.5,26.75,ascending,285.45285
43.5,27.0,ascending,285.665
43.5,27.25,ascending,285.86874
43.5,27.5,ascending,284.8043
43.5,27.75,ascending,282.40714
43.5,28.0,ascending,276.10715
43.5,28.25,ascending,269.37
43.5,28.5,ascending,260.62857
43.5,28.75,ascending,243.08167
43.5,29.0,ascending,224.15428
43.5,29.25,ascending,212.34999
43.5,29.5,ascending,208.96858
43.5,29.75,ascending,208.61401
43.5,30.0,ascending,208.74284
43.5,30.25,ascending,208.80165
43.5,30.5,ascending,208.77832
43.5,30.75,ascending,208.75832
43.5,31.0,ascending,208.832
43.5,31.25,ascending,209.04428
43.5,31.5,ascending,209.37572
43.5,31.75,ascending,209.505
43.5,32.0,ascending,209.62143
43.5,32.25,ascending,209.70166
43.5,32.5,ascending,209.68333
43.5,32.75,ascending,209.53857
43.5,33.0,ascending,209.46498
43.5,33.25,ascending,209.404
43.5,33.5,ascending,209.096
43.5,33.75,ascending,208.75429
43.5,34.0,ascending,208.48856
43.5,34.25,ascending,208.36833
43.5,34.5,ascending,208.26285
43.5,34.75,ascending,208.18715
43.5,35.0,ascending,208.25334
43.5,35.25,ascending,208.39333
43.5,35.5,ascending,208.45999
43.5,35.75,ascending,208.46167
43.5,36.0,ascending,208.36287
43.5,36.25,ascending,208.19286
43.5,36.5,ascending,207.84999
43.5,36.75,ascending,207.71332
43.5,37.0,ascending,207.72874
43.5,37.25,ascending,207.96858
43.5,37.5,ascending,208.26999
43.5,37.75,ascending,208.73283
43.5,38.0,ascending,209.33199
43.75,-13.0,ascending,211.96
43.75,-12.75,ascending,211.94499
43.75,-12.5,ascending,212.245
43.75,-12.25,ascending,212.97166
43.75,-12.0,ascending,214.33249
43.75,-11.75,ascending,216.73286
43.75,-11.5,ascending,219.50499
43.75,-11.25,ascending,221.85857
43.75,-11.0,ascending,221.62332
43.75,-10.75,ascending,219.34749
43.75,-10.5,ascending,218.55624
43.75,-10.25,ascending,219.72856
43.75,-10.0,ascending,221.06099
43.75,-9.75,ascending,223.71443
43.75,-9.5,ascending,226.31332
43.75,-9.25,ascending,227.801
43.75,-9.0,ascending,226.69
43.75,-8.75,ascending,225.57582
43.75,-8.5,ascending,226.37166
43.75,-8.25,ascending,228.02
43.75,-8.0,ascending,229.88705
43.75,-7.75,ascending,230.77367
43.75,-7.5,ascending,233.01888
43.75,-3.25,ascending,213.55666
43.75,-3.0,ascending,214.80556
43.75,-2.75,ascending,213.295
43.75,-2.5,ascending,212.28642
43.75,-2.25,ascending,212.92
43.75,-2.0,ascending,214.4123
43.75,-1.75,ascending,219.09099
43.75,-1.5,ascending,229.123
43.75,-1.25,ascending,241.85799
43.75,-1.0,ascending,256.34665
43.75,-0.75,ascending,266.71198
43.75,-0.5,ascending,271.54715
43.75,-0.25,ascending,273.32333
43.75,-0.0,ascending,266.94998
43.75,0.25,ascending,274.70874
43.75,0.5,ascending,275.17444
43.75,0.75,ascending,275.21335
43.75,1.0,ascending,275.24
43.75,1.25,ascending,275.31857
43.75,1.5,ascending,275.8343
43.75,1.75,ascending,276.38333
43.75,2.0,ascending,276.18
43.75,2.25,ascending,275.70142
43.75,2.5,ascending,275.22165
43.75,2.75,ascending,275.29
43.75,3.0,ascending,275.46832
43.75,3.25,ascending,275.37286
43.75,3.5,ascending,274.78857
43.75,3.75,ascending,272.91333
43.75,4.0,ascending,272.09
43.75,4.25,ascending,273.07144
43.75,4.5,ascending,272.7257
43.75,4.75,ascending,273.31665
43.75,5.0,ascending,274.005
43.75,5.25,ascending,275.81833
43.75,5.5,ascending,277.33
43.75,5.75,ascending,278.53665
43.75,6.0,ascending,278.715
43.75,6.25,ascending,276.87332
43.75,6.5,ascending,274.88715
43.75,6.75,ascending,273.176
43.75,7.0,ascending,268.96143
43.75,7.25,ascending,261.58798
43.75,7.5,ascending,254.0
43.75,7.75,ascending,252.44331
43.75,8.0,ascending,246.176
43.75,8.25,ascending,234.53833
43.75,8.5,ascending,226.10875
43.75,8.75,ascending,222.61833
43.75,9.0,ascending,221.64998
43.75,9.25,ascending,221.66199
43.75,9.5,ascending,224.79
43.75,9.75,ascending,232.29
43.75,10.0,ascending,240.87999
43.75,10.25,ascending,253.30713
43.75,10.5,ascending,268.63428
43.75,10.75,ascending,276.056
43.75,11.0,ascending,278.04
43.75,11.25,ascending,278.4814
43.75,11.5,ascending,278.18332
43.75,11.75,ascending,277.21832
43.75,12.0,ascending,275.05667
43.75,12.25,ascending,270.11713
43.75,12.5,ascending,263.14716
43.75,12.75,ascending,255.40572
43.75,13.0,ascending,244.13124
43.75,13.25,ascending,234.08286
43.75,13.5,ascending,233.64445
43.75,13.75,ascending,240.89
43.75,14.0,ascending,247.44429
43.75,14.25,ascending,249.71124
43.75,14.5,ascending,245.77249
43.75,14.75,ascending,241.17665
43.75,15.0,ascending,243.47556
43.75,15.25,ascending,248.672
43.75,15.5,ascending,252.76271
43.75,15.75,ascending,259.24298
43.75,16.0,ascending,265.31497
43.75,16.25,ascending,268.95923
43.75,16.5,ascending,269.8857
43.75,16.75,ascending,270.86276
43.75,17.0,ascending,271.7125
43.75,17.25,ascending,272.35666
43.75,21.5,ascending,282.59
43.75,21.75,ascending,282.55765
43.75,22.0,ascending,282.51532
43.75,22.25,ascending,282.28357
43.75,22.5,ascending,281.8943
43.75,22.75,ascending,280.92636
43.75,23.0,ascending,279.919
43.75,23.25,ascending,278.361
43.75,23.5,ascending,278.05777
43.75,23.75,ascending,278.245
43.75,24.0,ascending,278.97
43.75,24.25,ascending,280.10248
43.75,24.5,ascending,280.7922
43.75,24.75,ascending,281.5075
43.75,25.0,ascending,282.39572
43.75,25.25,ascending,283.775
43.75,25.5,ascending,285.04288
43.75,25.75,ascending,285.58856
43.75,26.0,ascending,285.41998
43.75,26.25,ascending,285.01428
43.75,26.5,ascending,284.83713
43.75,26.75,ascending,285.16428
43.75,27.0,ascending,285.75858
43.75,27.25,ascending,286.02286
43.75,27.5,ascending,285.47998
43.75,27.75,ascending,284.33832
43.75,28.0,ascending,282.90143
43.75,28.25,ascending,278.73
43.75,28.5,ascending,268.222
43.75,28.75,ascending,247.49834
43.75,29.0,ascending,224.25334
43.75,29.25,ascending,212.47833
43.75,29.5,ascending,209.165
43.75,29.75,ascending,208.58
43.75,30.0,ascending,208.58571
43.75,30.25,ascending,208.66333
43.75,30.5,ascending,208.70285
43.75,30.75,ascending,208.735
43.75,31.0,ascending,208.80856
43.75,31.25,ascending,208.904
43.75,31.5,ascending,209.06999
43.75,31.75,ascending,209.29
43.75,32.0,ascending,209.51857
43.75,32.25,ascending,209.805
43.75,32.5,ascending,209.73999
43.75,32.75,ascending,209.34427
43.75,33.0,ascending,209.17801
43.75,33.25,ascending,209.15166
43.75,33.5,ascending,209.20833
43.75,33.75,ascending,209.98
43.75,34.0,ascending,210.33714
43.75,34.25,ascending,209.73286
43.75,34.5,ascending,208.93
43.75,34.75,ascending,208.34856
43.75,35.0,ascending,208.24284
43.75,35.25,ascending,208.3075
43.75,35.5,ascending,208.33875
43.75,35.75,ascending,208.34143
43.75,36.0,ascending,208.18001
43.75,36.25,ascending,207.97714
43.75,36.5,ascending,207.69286
43.75,36.75,ascending,207.50856
43.75,37.0,ascending,207.56334
43.75,37.25,ascending,207.9175
43.75,37.5,ascending,208.44374
43.75,37.75,ascending,209.32666
43.75,38.0,ascending,210.496
44.0,-13.0,ascending,211.91667
44.0,-12.75,ascending,211.98999
44.0,-12.5,ascending,212.1757
44.0,-12.25,ascending,212.34125
44.0,-12.0,ascending,212.47285
44.0,-11.75,ascending,213.20427
44.0,-11.5,ascending,214.13
44.0,-11.25,ascending,215.5689
44.0,-11.0,ascending,216.15857
44.0,-10.75,ascending,215.44624
44.0,-10.5,ascending,214.60443
44.0,-10.25,ascending,214.50497
44.0,-10.0,ascending,215.2325
44.0,-9.75,ascending,216.4918
44.0,-9.5,ascending,219.903
44.0,-9.25,ascending,223.57
44.0,-9.0,ascending,225.34332
44.0,-8.75,ascending,224.75
44.0,-8.5,ascending,224.52599
44.0,-8.25,ascending,223.95384
44.0,-8.0,ascending,221.06764
44.0,-7.75,ascending,218.88347
44.0,-7.5,ascending,219.56923
44.0,-3.25,ascending,210.92857
44.0,-3.0,ascending,211.05687
44.0,-2.75,ascending,210.78125
44.0,-2.5,ascending,211.1246
44.0,-2.25,ascending,211.73363
44.0,-2.0,ascending,212.79083
44.0,-1.75,ascending,216.526
44.0,-1.5,ascending,225.54181
44.0,-1.25,ascending,238.73332
44.0,-1.0,ascending,254.27777
44.0,-0.75,ascending,265.38098
44.0,-0.5,ascending,272.525
44.0,-0.25,ascending,275.1422
44.0,-0.0,ascending,269.138
44.0,0.25,ascending,275.67856
44.0,0.5,ascending,274.89374
44.0,0.75,ascending,274.1843
44.0,1.0,ascending,273.99
44.0,1.25,ascending,274.65875
44.0,1.5,ascending,275.54428
44.0,1.75,ascending,276.01572
44.0,2.0,ascending,275.7575
44.0,2.25,ascending,275.13666
44.0,2.5,ascending,274.44
44.0,2.75,ascending,274.05283
44.0,3.0,ascending,274.11285
44.0,3.25,ascending,274.68167
44.0,3.5,ascending,275.49332
44.0,3.75,ascending,276.18
44.0,4.0,ascending,276.89334
44.0,4.25,ascending,277.542
44.0,4.5,ascending,277.63858
44.0,4.75,ascending,276.98502
44.0,5.0,ascending,276.26572
44.0,5.25,ascending,276.164
44.0,5.5,ascending,276.7257
44.0,5.75,ascending,277.26334
44.0,6.0,ascending,276.40427
44.0,6.25,ascending,273.854
44.0,6.5,ascending,271.92572
44.0,6.75,ascending,271.60666
44.0,7.0,ascending,270.30283
44.0,7.25,ascending,268.17667
44.0,7.5,ascending,266.76498
44.0,7.75,ascending,266.1175
44.0,8.0,ascending,260.53998
44.0,8.25,ascending,254.50856
44.0,8.5,ascending,244.14
44.0,8.75,ascending,234.15799
44.0,9.0,ascending,231.248
44.0,9.25,ascending,232.52
44.0,9.5,ascending,239.35715
44.0,9.75,ascending,247.39833
44.0,10.0,ascending,257.2
44.0,10.25,ascending,266.93
44.0,10.5,ascending,273.26855
44.0,10.75,ascending,276.59857
44.0,11.0,ascending,277.71
44.0,11.25,ascending,278.3343
44.0,11.5,ascending,278.86285
44.0,11.75,ascending,278.8625
44.0,12.0,ascending,275.35
44.0,12.25,ascending,263.83572
44.0,12.5,ascending,249.87749
44.0,12.75,ascending,238.915
44.0,13.0,ascending,228.01375
44.0,13.25,ascending,221.95427
44.0,13.5,ascending,223.50856
44.0,13.75,ascending,233.1211
44.0,14.0,ascending,244.86
44.0,14.25,ascending,250.46443
44.0,14.5,ascending,251.16899
44.0,14.75,ascending,249.50554
44.0,15.0,ascending,251.826
44.0,15.25,ascending,258.763
44.0,15.5,ascending,263.6018
44.0,15.75,ascending,266.96664
44.0,16.0,ascending,270.31305
44.0,16.25,ascending,272.3
44.0,16.5,ascending,272.8725
44.0,16.75,ascending,273.14587
44.0,17.0,ascending,273.87
44.0,17.25,ascending,274.626
44.0,21.5,ascending,282.69623
44.0,21.75,ascending,282.645
44.0,22.0,ascending,282.59665
44.0,22.25,ascending,282.36078
44.0,22.5,ascending,281.52
44.0,22.75,ascending,280.10272
44.0,23.0,ascending,278.41
44.0,23.25,ascending,277.41333
44.0,23.5,ascending,277.2789
44.0,23.75,ascending,277.88397
44.0,24.0,ascending,278.59665
44.0,24.25,ascending,279.10443
44.0,24.5,ascending,279.71667
44.0,24.75,ascending,280.2825
44.0,25.0,ascending,281.96887
44.0,25.25,ascending,283.56857
44.0,25.5,ascending,284.90887
44.0,25.75,ascending,285.2657
44.0,26.0,ascending,284.8757
44.0,26.25,ascending,284.15
44.0,26.5,ascending,284.22284
44.0,26.75,ascending,285.00143
44.0,27.0,ascending,285.46286
44.0,27.25,ascending,285.175
44.0,27.5,ascending,284.55124
44.0,27.75,ascending,283.82834
44.0,28.0,ascending,283.1
44.0,28.25,ascending,280.60428
44.0,28.5,ascending,269.66998
44.0,28.75,ascending,248.76332
44.0,29.0,ascending,227.69571
44.0,29.25,ascending,214.918
44.0,29.5,ascending,209.83998
44.0,29.75,ascending,208.71332
44.0,30.0,ascending,208.48665
44.0,30.25,ascending,208.46832
44.0,30.5,ascending,208.56429
44.0,30.75,ascending,208.672
44.0,31.0,ascending,208.73999
44.0,31.25,ascending,208.80856
44.0,31.5,ascending,208.918
44.0,31.75,ascending,209.17285
44.0,32.0,ascending,209.52
44.0,32.25,ascending,209.78857
44.0,32.5,ascending,209.49571
44.0,32.75,ascending,209.1625
44.0,33.0,ascending,209.01999
44.0,33.25,ascending,209.42714
44.0,33.5,ascending,211.73999
44.0,33.75,ascending,217.04999
44.0,34.0,ascending,221.25285
44.0,34.25,ascending,217.85286
44.0,34.5,ascending,212.62715
44.0,34.75,ascending,209.98499
44.0,35.0,ascending,208.9557
44.0,35.25,ascending,208.40141
44.0,35.5,ascending,208.36714
44.0,35.75,ascending,208.21715
44.0,36.0,ascending,208.06285
44.0,36.25,ascending,207.84142
44.0,36.5,ascending,207.63857
44.0,36.75,ascending,207.49333
44.0,37.0,ascending,207.77249
44.0,37.25,ascending,209.2
44.0,37.5,ascending,210.19856
44.0,37.75,ascending,212.78125
44.0,38.0,ascending,217.43999
44.25,-13.0,ascending,211.39333
44.25,-12.75,ascending,211.5657
44.25,-12.5,ascending,211.95999
44.25,-12.25,ascending,212.23
44.25,-12.0,ascending,212.16124
44.25,-11.75,ascending,212.09856
44.25,-11.5,ascending,212.325
44.25,-11.25,ascending,212.44
44.25,-11.0,ascending,212.90668
44.25,-10.75,ascending,212.89713
44.25,-10.5,ascending,212.65375
44.25,-10.25,ascending,212.3525
44.25,-10.0,ascending,212.799
44.25,-9.75,ascending,213.94499
44.25,-9.5,ascending,215.90201
44.25,-9.25,ascending,218.58598
44.25,-9.0,ascending,220.54727
44.25,-8.75,ascending,220.57082
44.25,-8.5,ascending,220.40833
44.25,-8.25,ascending,220.59467
44.25,-8.0,ascending,219.30278
44.25,-7.75,ascending,217.07808
44.25,-7.5,ascending,216.30501
44.25,-3.5,ascending,210.25334
44.25,-3.25,ascending,210.32443
44.25,-3.0,ascending,210.57938
44.25,-2.75,ascending,211.1846
44.25,-2.5,ascending,211.51416
44.25,-2.25,ascending,211.79819
44.25,-2.0,ascending,212.94092
44.25,-1.75,ascending,215.604
44.25,-1.5,ascending,222.14333
44.25,-1.25,ascending,233.16888
44.25,-1.0,ascending,249.83199
44.25,-0.75,ascending,262.48856
44.25,-0.5,ascending,271.55902
44.25,-0.25,ascending,275.44144
44.25,-0.0,ascending,262.836
44.25,0.25,ascending,275.18713
44.25,0.5,ascending,274.1725
44.25,0.75,ascending,273.93427
44.25,1.0,ascending,274.51334
44.25,1.25,ascending,275.20856
44.25,1.5,ascending,275.77625
44.25,1.75,ascending,275.83856
44.25,2.0,ascending,275.43283
44.25,2.25,ascending,274.76715
44.25,2.5,ascending,273.75
44.25,2.75,ascending,273.0557
44.25,3.0,ascending,273.0533
44.25,3.25,ascending,273.55167
44.25,3.5,ascending,274.19427
44.25,3.75,ascending,275.26572
44.25,4.0,ascending,276.4957
44.25,4.25,ascending,277.3857
44.25,4.5,ascending,277.65
44.25,4.75,ascending,277.16
44.25,5.0,ascending,276.25668
44.25,5.25,ascending,275.645
44.25,5.5,ascending,275.88498
44.25,5.75,ascending,275.57834
44.25,6.0,ascending,273.95
44.25,6.25,ascending,271.15286
44.25,6.5,ascending,268.844
44.25,6.75,ascending,268.24832
44.25,7.0,ascending,267.972
44.25,7.25,ascending,268.58167
44.25,7.5,ascending,270.562
44.25,7.75,ascending,271.42285
44.25,8.0,ascending,270.40286
44.25,8.25,ascending,265.98248
44.25,8.5,ascending,258.27997
44.25,8.75,ascending,252.02141
44.25,9.0,ascending,249.20857
44.25,9.25,ascending,251.80428
44.25,9.5,ascending,258.90164
44.25,9.75,ascending,265.4457
44.25,10.0,ascending,268.95712
44.25,10.25,ascending,273.465
44.25,10.5,ascending,275.56857
44.25,10.75,ascending,276.5243
44.25,11.0,ascending,277.018
44.25,11.25,ascending,277.03427
44.25,11.5,ascending,278.28333
44.25,11.75,ascending,278.52335
44.25,12.0,ascending,272.18713
44.25,12.25,ascending,254.835
44.25,12.5,ascending,237.8257
44.25,12.75,ascending,226.1157
44.25,13.0,ascending,220.92374
44.25,13.25,ascending,218.1657
44.25,13.5,ascending,220.9911
44.25,13.75,ascending,228.67714
44.25,14.0,ascending,238.30875
44.25,14.25,ascending,244.8575
44.25,14.5,ascending,248.1157
44.25,14.75,ascending,251.58398
44.25,15.0,ascending,256.75998
44.25,15.25,ascending,262.92557
44.25,15.5,ascending,268.051
44.25,15.75,ascending,271.1227
44.25,16.0,ascending,273.03635
44.25,16.25,ascending,274.82144
44.25,16.5,ascending,276.43066
44.25,16.75,ascending,277.2628
44.25,17.0,ascending,277.7052
44.25,17.25,ascending,277.82797
44.25,21.25,ascending,282.93167
44.25,21.5,ascending,282.823
44.25,21.75,ascending,282.63132
44.25,22.0,ascending,282.22333
44.25,22.25,ascending,281.42386
44.25,22.5,ascending,280.21725
44.25,22.75,ascending,279.055
44.25,23.0,ascending,278.2111
44.25,23.25,ascending,277.788
44.25,23.5,ascending,277.7989
44.25,23.75,ascending,277.5575
44.25,24.0,ascending,277.68332
44.25,24.25,ascending,277.56625
44.25,24.5,ascending,278.145
44.25,24.75,ascending,278.95145
44.25,25.0,ascending,280.55875
44.25,25.25,ascending,282.33
44.25,25.5,ascending,283.0257
44.25,25.75,ascending,283.4114
44.25,26.0,ascending,282.83286
44.25,26.25,ascending,282.535
44.25,26.5,ascending,283.69626
44.25,26.75,ascending,285.16833
44.25,27.0,ascending,285.9283
44.25,27.25,ascending,285.85284
44.25,27.5,ascending,285.14166
44.25,27.75,ascending,284.11142
44.25,28.0,ascending,282.29715
44.25,28.25,ascending,279.03427
44.25,28.5,ascending,271.09167
44.25,28.75,ascending,256.335
44.25,29.0,ascending,236.41428
44.25,29.25,ascending,220.15332
44.25,29.5,ascending,212.38713
44.25,29.75,ascending,210.435
44.25,30.0,ascending,209.32332
44.25,30.25,ascending,208.54668
44.25,30.5,ascending,208.34799
44.25,30.75,ascending,208.48999
44.25,31.0,ascending,208.69429
44.25,31.25,ascending,208.75
44.25,31.5,ascending,208.84856
44.25,31.75,ascending,209.0775
44.25,32.0,ascending,209.43857
44.25,32.25,ascending,209.49834
44.25,32.5,ascending,209.24199
44.25,32.75,ascending,208.915
44.25,33.0,ascending,209.01428
44.25,33.25,ascending,211.16428
44.25,33.5,ascending,219.18333
44.25,33.75,ascending,233.14499
44.25,34.0,ascending,238.7475
44.25,34.25,ascending,234.1225
44.25,34.5,ascending,226.00285
44.25,34.75,ascending,216.88713
44.25,35.0,ascending,213.62334
44.25,35.25,ascending,211.1857
44.25,35.5,ascending,209.47667
44.25,35.75,ascending,209.03166
44.25,36.0,ascending,208.61714
44.25,36.25,ascending,208.37334
44.25,36.5,ascending,207.99428
44.25,36.75,ascending,207.92714
44.25,37.0,ascending,209.84572
44.25,37.25,ascending,213.45332
44.25,37.5,ascending,218.31874
44.25,37.75,ascending,225.07999
44.25,38.0,ascending,227.81
44.5,-13.0,ascending,210.72667
44.5,-12.75,ascending,210.895
44.5,-12.5,ascending,211.20427
44.5,-12.25,ascending,211.69666
44.5,-12.0,ascending,211.8
44.5,-11.75,ascending,211.76572
44.5,-11.5,ascending,211.85748
44.5,-11.25,ascending,211.95714
44.5,-11.0,ascending,212.01
44.5,-10.75,ascending,212.00223
44.5,-10.5,ascending,211.93443
44.5,-10.25,ascending,211.74666
44.5,-10.0,ascending,211.71799
44.5,-9.75,ascending,212.51799
44.5,-9.5,ascending,213.82199
44.5,-9.25,ascending,215.6875
44.5,-9.0,ascending,217.33691
44.5,-8.75,ascending,217.95091
44.5,-8.5,ascending,217.60124
44.5,-8.25,ascending,217.84866
44.5,-8.0,ascending,218.17706
44.5,-7.75,ascending,217.2608
44.5,-7.5,ascending,216.21666
44.5,-3.5,ascending,210.84065
44.5,-3.25,ascending,211.1053
44.5,-3.0,ascending,211.82642
44.5,-2.75,ascending,212.855
44.5,-2.5,ascending,213.43999
44.5,-2.25,ascending,213.41461
44.5,-2.0,ascending,213.31299
44.5,-1.75,ascending,214.30222
44.5,-1.5,ascending,218.83199
44.5,-1.25,ascending,229.68889
44.5,-1.0,ascending,245.66667
44.5,-0.75,ascending,260.29498
44.5,-0.5,ascending,270.20374
44.5,-0.25,ascending,274.20624
44.5,-0.0,ascending,267.50998
44.5,0.25,ascending,273.95712
44.5,0.5,ascending,274.06873
44.5,0.75,ascending,274.68875
44.5,1.0,ascending,275.28876
44.5,1.25,ascending,275.725
44.5,1.5,ascending,275.9471
44.5,1.75,ascending,275.90164
44.5,2.0,ascending,275.41876
44.5,2.25,ascending,274.54855
44.5,2.5,ascending,273.62332
44.5,2.75,ascending,272.65833
44.5,3.0,ascending,272.22998
44.5,3.25,ascending,272.3
44.5,3.5,ascending,273.29333
44.5,3.75,ascending,274.448
44.5,4.0,ascending,275.61
44.5,4.25,ascending,276.47
44.5,4.5,ascending,276.9157
44.5,4.75,ascending,276.81165
44.5,5.0,ascending,275.53165
44.5,5.25,ascending,274.97333
44.5,5.5,ascending,275.05856
44.5,5.75,ascending,274.00665
44.5,6.0,ascending,271.91144
44.5,6.25,ascending,269.206
44.5,6.5,ascending,266.6857
44.5,6.75,ascending,266.03833
44.5,7.0,ascending,266.67142
44.5,7.25,ascending,269.21832
44.5,7.5,ascending,271.75
44.5,7.75,ascending,272.8
44.5,8.0,ascending,273.61798
44.5,8.25,ascending,272.55856
44.5,8.5,ascending,268.8814
44.5,8.75,ascending,265.80167
44.5,9.0,ascending,266.1257
44.5,9.25,ascending,268.18
44.5,9.5,ascending,270.5557
44.5,9.75,ascending,272.715
44.5,10.0,ascending,273.61142
44.5,10.25,ascending,274.34332
44.5,10.5,ascending,274.67715
44.5,10.75,ascending,274.97
44.5,11.0,ascending,274.67224
44.5,11.25,ascending,274.00998
44.5,11.5,ascending,274.565
44.5,11.75,ascending,275.11002
44.5,12.0,ascending,268.45624
44.5,12.25,ascending,249.77141
44.5,12.5,ascending,228.40875
44.5,12.75,ascending,218.43001
44.5,13.0,ascending,217.03142
44.5,13.25,ascending,218.00334
44.5,13.5,ascending,223.97427
44.5,13.75,ascending,230.51999
44.5,14.0,ascending,235.396
44.5,14.25,ascending,238.83875
44.5,14.5,ascending,242.55092
44.5,14.75,ascending,249.79625
44.5,15.0,ascending,258.9418
44.5,15.25,ascending,265.31198
44.5,15.5,ascending,269.91727
44.5,15.75,ascending,273.43924
44.5,16.0,ascending,276.24
44.5,16.25,ascending,278.0925
44.5,16.5,ascending,279.58472
44.5,16.75,ascending,280.61472
44.5,17.0,ascending,280.67667
44.5,17.25,ascending,280.02
44.5,21.0,ascending,281.81
44.5,21.25,ascending,282.51624
44.5,21.5,ascending,282.06647
44.5,21.75,ascending,281.3425
44.5,22.0,ascending,280.55847
44.5,22.25,ascending,279.05
44.5,22.5,ascending,278.0327
44.5,22.75,ascending,277.55112
44.5,23.0,ascending,277.18082
44.5,23.25,ascending,277.02
44.5,23.5,ascending,276.78818
44.5,23.75,ascending,276.5257
44.5,24.0,ascending,276.602
44.5,24.25,ascending,276.66498
44.5,24.5,ascending,277.05875
44.5,24.75,ascending,277.88428
44.5,25.0,ascending,278.77374
44.5,25.25,ascending,280.13248
44.5,25.5,ascending,280.60858
44.5,25.75,ascending,280.97998
44.5,26.0,ascending,280.97125
44.5,26.25,ascending,281.94
44.5,26.5,ascending,283.92856
44.5,26.75,ascending,285.99713
44.5,27.0,ascending,287.44284
44.5,27.25,ascending,287.62
44.5,27.5,ascending,286.58142
44.5,27.75,ascending,284.2157
44.5,28.0,ascending,281.204
44.5,28.25,ascending,278.63834
44.5,28.5,ascending,273.56168
44.5,28.75,ascending,261.37598
44.5,29.0,ascending,243.26666
44.5,29.25,ascending,227.41713
44.5,29.5,ascending,219.36833
44.5,29.75,ascending,216.128
44.5,30.0,ascending,212.25285
44.5,30.25,ascending,209.39833
44.5,30.5,ascending,208.27141
44.5,30.75,ascending,208.328
44.5,31.0,ascending,208.57124
44.5,31.25,ascending,208.68799
44.5,31.5,ascending,208.77571
44.5,31.75,ascending,209.06499
44.5,32.0,ascending,209.27144
44.5,32.25,ascending,209.24199
44.5,32.5,ascending,209.02144
44.5,32.75,ascending,209.03285
44.5,33.0,ascending,209.84166
44.5,33.25,ascending,212.8875
44.5,33.5,ascending,228.27834
44.5,33.75,ascending,248.13167
44.5,34.0,ascending,259.3514
44.5,34.25,ascending,252.5757
44.5,34.5,ascending,245.56749
44.5,34.75,ascending,237.12428
44.5,35.0,ascending,227.66428
44.5,35.25,ascending,220.84332
44.5,35.5,ascending,215.83714
44.5,35.75,ascending,213.87715
44.5,36.0,ascending,213.80429
44.5,36.25,ascending,212.71715
44.5,36.5,ascending,210.37857
44.5,36.75,ascending,210.56285
44.5,37.0,ascending,214.73625
44.5,37.25,ascending,224.79874
44.5,37.5,ascending,238.2475
44.5,37.75,ascending,244.305
44.5,38.0,ascending,249.696
44.75,-13.0,ascending,210.10999
44.75,-12.75,ascending,210.25626
44.75,-12.5,ascending,210.40498
44.75,-12.25,ascending,210.80286
44.75,-12.0,ascending,210.93286
44.75,-11.75,ascending,211.04143
44.75,-11.5,ascending,211.155
44.75,-11.25,ascending,211.51666
44.75,-11.0,ascending,211.68
44.75,-10.75,ascending,211.70999
44.75,-10.5,ascending,211.6675
44.75,-10.25,ascending,211.48111
44.75,-10.0,ascending,211.26111
44.75,-9.75,ascending,211.252
44.75,-9.5,ascending,211.50899
44.75,-9.25,ascending,212.50899
44.75,-9.0,ascending,213.93364
44.75,-8.75,ascending,215.49165
44.75,-8.5,ascending,216.0446
44.75,-8.25,ascending,217.25665
44.75,-8.0,ascending,219.08798
44.75,-7.75,ascending,220.01047
44.75,-7.5,ascending,218.35
44.75,-3.75,ascending,211.58777
44.75,-3.5,ascending,211.59267
44.75,-3.25,ascending,211.89265
44.75,-3.0,ascending,212.64374
44.75,-2.75,ascending,213.39183
44.75,-2.5,ascending,213.55833
44.75,-2.25,ascending,212.877
44.75,-2.0,ascending,212.28
44.75,-1.75,ascending,213.248
44.75,-1.5,ascending,218.33499
44.75,-1.25,ascending,228.76428
44.75,-1.0,ascending,244.396
44.75,-0.75,ascending,259.89142
44.75,-0.5,ascending,268.76498
44.75,-0.25,ascending,272.52
44.75,-0.0,ascending,267.305
44.75,0.25,ascending,274.215
44.75,0.5,ascending,275.09625
44.75,0.75,ascending,275.495
44.75,1.0,ascending,275.68143
44.75,1.25,ascending,275.89285
44.75,1.5,ascending,275.89572
44.75,1.75,ascending,275.5
44.75,2.0,ascending,274.78857
44.75,2.25,ascending,273.53333
44.75,2.5,ascending,272.39572
44.75,2.75,ascending,271.58798
44.75,3.0,ascending,271.185
44.75,3.25,ascending,272.0483
44.75,3.5,ascending,273.555
44.75,3.75,ascending,274.7757
44.75,4.0,ascending,275.56665
44.75,4.25,ascending,276.016
44.75,4.5,ascending,276.29288
44.75,4.75,ascending,275.86832
44.75,5.0,ascending,274.80402
44.75,5.25,ascending,274.48666
44.75,5.5,ascending,274.12143
44.75,5.75,ascending,272.594
44.75,6.0,ascending,270.798
44.75,6.25,ascending,267.34857
44.75,6.5,ascending,265.312
44.75,6.75,ascending,265.52286
44.75,7.0,ascending,266.944
44.75,7.25,ascending,269.92667
44.75,7.5,ascending,271.58167
44.75,7.75,ascending,272.5325
44.75,8.0,ascending,273.3857
44.75,8.25,ascending,272.01166
44.75,8.5,ascending,268.99
44.75,8.75,ascending,267.78287
44.75,9.0,ascending,269.26498
44.75,9.25,ascending,271.26285
44.75,9.5,ascending,271.9857
44.75,9.75,ascending,271.83572
44.75,10.0,ascending,271.71335
44.75,10.25,ascending,272.04166
44.75,10.5,ascending,271.87857
44.75,10.75,ascending,272.09164
44.75,11.0,ascending,271.83334
44.75,11.25,ascending,270.95856
44.75,11.5,ascending,270.48666
44.75,11.75,ascending,270.42856
44.75,12.0,ascending,266.10666
44.75,12.25,ascending,248.32124
44.75,12.5,ascending,226.28285
44.75,12.75,ascending,217.37428
44.75,13.0,ascending,216.46625
44.75,13.25,ascending,220.81831
44.75,13.5,ascending,230.50334
44.75,13.75,ascending,240.24284
44.75,14.0,ascending,243.77713
44.75,14.25,ascending,242.3675
44.75,14.5,ascending,244.79443
44.75,14.75,ascending,251.38101
44.75,15.0,ascending,262.305
44.75,15.25,ascending,268.7
44.75,15.5,ascending,271.66544
44.75,15.75,ascending,273.542
44.75,16.0,ascending,275.99847
44.75,16.25,ascending,278.81784
44.75,16.5,ascending,280.5273
44.75,16.75,ascending,281.0961
44.75,17.0,ascending,281.08044
44.75,21.0,ascending,280.46555
44.75,21.25,ascending,280.46576
44.75,21.5,ascending,279.68283
44.75,21.75,ascending,278.99924
44.75,22.0,ascending,278.37668
44.75,22.25,ascending,277.80667
44.75,22.5,ascending,277.229
44.75,22.75,ascending,276.7191
44.75,23.0,ascending,276.1511
44.75,23.25,ascending,275.91
44.75,23.5,ascending,275.67664
44.75,23.75,ascending,275.88
44.75,24.0,ascending,276.12
44.75,24.25,ascending,276.27426
44.75,24.5,ascending,276.49875
44.75,24.75,ascending,277.06
44.75,25.0,ascending,277.86713
44.75,25.25,ascending,278.78714
44.75,25.5,ascending,279.6257
44.75,25.75,ascending,280.02664
44.75,26.0,ascending,280.64856
44.75,26.25,ascending,282.02167
44.75,26.5,ascending,284.30286
44.75,26.75,ascending,286.625
44.75,27.0,ascending,287.75833
44.75,27.25,ascending,287.6314
44.75,27.5,ascending,286.13666
44.75,27.75,ascending,283.05402
44.75,28.0,ascending,279.97858
44.75,28.25,ascending,278.54572
44.75,28.5,ascending,276.47998
44.75,28.75,ascending,266.97858
44.75,29.0,ascending,252.89333
44.75,29.25,ascending,239.80801
44.75,29.5,ascending,234.24165
44.75,29.75,ascending,225.41286
44.75,30.0,ascending,215.74165
44.75,30.25,ascending,210.00598
44.75,30.5,ascending,208.48398
44.75,30.75,ascending,208.29857
44.75,31.0,ascending,208.524
44.75,31.25,ascending,208.72166
44.75,31.5,ascending,208.852
44.75,31.75,ascending,209.02
44.75,32.0,ascending,209.11499
44.75,32.25,ascending,209.02333
44.75,32.5,ascending,209.44713
44.75,32.75,ascending,210.736
44.75,33.0,ascending,213.872
44.75,33.25,ascending,219.60143
44.75,33.5,ascending,237.33833
44.75,33.75,ascending,262.48428
44.75,34.0,ascending,275.68
44.75,34.25,ascending,273.40833
44.75,34.5,ascending,263.38428
44.75,34.75,ascending,259.63
44.75,35.0,ascending,253.00143
44.75,35.25,ascending,237.58858
44.75,35.5,ascending,227.656
44.75,35.75,ascending,227.27856
44.75,36.0,ascending,226.22833
44.75,36.25,ascending,225.02167
44.75,36.5,ascending,217.25143
44.75,36.75,ascending,217.69998
44.75,37.0,ascending,222.84856
44.75,37.25,ascending,239.29857
44.75,37.5,ascending,255.06166
44.75,37.75,ascending,265.55374
44.75,38.0,ascending,270.444
45.0,-13.0,ascending,209.665
45.0,-12.75,ascending,209.68713
45.0,-12.5,ascending,209.81999
45.0,-12.25,ascending,209.88875
45.0,-12.0,ascending,210.03625
45.0,-11.75,ascending,210.08571
45.0,-11.5,ascending,210.14777
45.0,-11.25,ascending,210.41667
45.0,-11.0,ascending,210.81
45.0,-10.75,ascending,211.0275
45.0,-10.5,ascending,211.04
45.0,-10.25,ascending,210.9925
45.0,-10.0,ascending,210.84555
45.0,-9.75,ascending,210.592
45.0,-9.5,ascending,210.449
45.0,-9.25,ascending,210.52728
45.0,-9.0,ascending,211.01082
45.0,-8.75,ascending,212.06915
45.0,-8.5,ascending,213.85687
45.0,-8.25,ascending,216.69812
45.0,-8.0,ascending,219.96684
45.0,-7.75,ascending,222.37141
45.0,-3.75,ascending,212.13586
45.0,-3.5,ascending,212.508
45.0,-3.25,ascending,212.84132
45.0,-3.0,ascending,213.06357
45.0,-2.75,ascending,213.06099
45.0,-2.5,ascending,212.6509
45.0,-2.25,ascending,212.04665
45.0,-2.0,ascending,211.94699
45.0,-1.75,ascending,213.556
45.0,-1.5,ascending,218.42555
45.0,-1.25,ascending,228.9475
45.0,-1.0,ascending,242.78699
45.0,-0.75,ascending,258.4
45.0,-0.5,ascending,266.59113
45.0,-0.25,ascending,271.22165
45.0,-0.0,ascending,260.88498
45.0,0.25,ascending,275.1325
45.0,0.5,ascending,275.52286
45.0,0.75,ascending,275.425
45.0,1.0,ascending,275.2614
45.0,1.25,ascending,275.175
45.0,1.5,ascending,274.60428
45.0,1.75,ascending,273.8033
45.0,2.0,ascending,272.76624
45.0,2.25,ascending,271.71335
45.0,2.5,ascending,270.96
45.0,2.75,ascending,270.61285
45.0,3.0,ascending,271.1157
45.0,3.25,ascending,272.8
45.0,3.5,ascending,274.63715
45.0,3.75,ascending,275.6133
45.0,4.0,ascending,276.00143
45.0,4.25,ascending,276.125
45.0,4.5,ascending,276.06598
45.0,4.75,ascending,275.16833
45.0,5.0,ascending,274.16
45.0,5.25,ascending,274.085
45.0,5.5,ascending,273.60284
45.0,5.75,ascending,272.35
45.0,6.0,ascending,269.90332
45.0,6.25,ascending,267.4
45.0,6.5,ascending,266.01715
45.0,6.75,ascending,265.938
45.0,7.0,ascending,266.32712
45.0,7.25,ascending,268.33286
45.0,7.5,ascending,271.146
45.0,7.75,ascending,272.44998
45.0,8.0,ascending,271.49167
45.0,8.25,ascending,265.92572
45.0,8.5,ascending,261.71
45.0,8.75,ascending,263.0025
45.0,9.0,ascending,266.91998
45.0,9.25,ascending,269.52
45.0,9.5,ascending,269.956
45.0,9.75,ascending,269.3857
45.0,10.0,ascending,269.17572
45.0,10.25,ascending,269.4
45.0,10.5,ascending,269.10834
45.0,10.75,ascending,269.11002
45.0,11.0,ascending,269.98285
45.0,11.25,ascending,269.67667
45.0,11.5,ascending,269.25714
45.0,11.75,ascending,268.56168
45.0,12.0,ascending,263.155
45.0,12.25,ascending,248.06
45.0,12.5,ascending,230.4257
45.0,12.75,ascending,220.13142
45.0,13.0,ascending,219.9075
45.0,13.25,ascending,225.01285
45.0,13.5,ascending,239.65999
45.0,13.75,ascending,255.03
45.0,14.0,ascending,258.32
45.0,14.25,ascending,253.65778
45.0,14.5,ascending,254.995
45.0,14.75,ascending,260.79666
45.0,15.0,ascending,267.104
45.0,15.25,ascending,273.56
45.0,15.5,ascending,275.31638
45.0,15.75,ascending,274.76462
45.0,16.0,ascending,274.38998
45.0,16.25,ascending,275.77383
45.0,16.5,ascending,277.79736
45.0,16.75,ascending,278.8458
45.0,17.0,ascending,279.0553
45.0,20.75,ascending,278.425
45.0,21.0,ascending,279.19562
45.0,21.25,ascending,278.98175
45.0,21.5,ascending,278.44
45.0,21.75,ascending,278.34833
45.0,22.0,ascending,278.1825
45.0,22.25,ascending,277.70502
45.0,22.5,ascending,276.85635
45.0,22.75,ascending,275.74445
45.0,23.0,ascending,274.73553
45.0,23.25,ascending,274.52112
45.0,23.5,ascending,274.55667
45.0,23.75,ascending,274.97998
45.0,24.0,ascending,275.36874
45.0,24.25,ascending,275.90625
45.0,24.5,ascending,276.5089
45.0,24.75,ascending,277.27
45.0,25.0,ascending,278.03125
45.0,25.25,ascending,278.6357
45.0,25.5,ascending,279.195
45.0,25.75,ascending,279.60858
45.0,26.0,ascending,280.34714
45.0,26.25,ascending,281.77713
45.0,26.5,ascending,283.93
45.0,26.75,ascending,285.64142
45.0,27.0,ascending,286.3414
45.0,27.25,ascending,286.28333
45.0,27.5,ascending,284.98712
45.0,27.75,ascending,282.2757
45.0,28.0,ascending,279.81
45.0,28.25,ascending,278.39334
45.0,28.5,ascending,275.45285
45.0,28.75,ascending,267.685
45.0,29.0,ascending,259.25333
45.0,29.25,ascending,253.075
45.0,29.5,ascending,246.90857
45.0,29.75,ascending,233.39998
45.0,30.0,ascending,221.46666
45.0,30.25,ascending,211.86
45.0,30.5,ascending,208.61499
45.0,30.75,ascending,208.4
45.0,31.0,ascending,208.65285
45.0,31.25,ascending,208.89166
45.0,31.5,ascending,208.92714
45.0,31.75,ascending,208.93666
45.0,32.0,ascending,208.92142
45.0,32.25,ascending,209.13832
45.0,32.5,ascending,211.16199
45.0,32.75,ascending,215.63332
45.0,33.0,ascending,224.47142
45.0,33.25,ascending,236.34143
45.0,33.5,ascending,252.96713
45.0,33.75,ascending,272.72498
45.0,34.0,ascending,282.52426
45.0,34.25,ascending,283.04166
45.0,34.5,ascending,280.1257
45.0,34.75,ascending,273.55713
45.0,35.0,ascending,265.56665
45.0,35.25,ascending,250.16
45.0,35.5,ascending,236.87285
45.0,35.75,ascending,238.14
45.0,36.0,ascending,241.63571
45.0,36.25,ascending,239.12285
45.0,36.5,ascending,229.1225
45.0,36.75,ascending,225.05571
45.0,37.0,ascending,229.47285
45.0,37.25,ascending,239.87
45.0,37.5,ascending,258.8875
45.0,37.75,ascending,273.48624
45.0,38.0,ascending,277.50333
45.25,-13.0,ascending,209.25
45.25,-12.75,ascending,209.25
45.25,-12.5,ascending,209.34874
45.25,-12.25,ascending,209.35832
45.25,-12.0,ascending,209.43001
45.25,-11.75,ascending,209.41249
45.25,-11.5,ascending,209.43143
45.25,-11.25,ascending,209.58221
45.25,-11.0,ascending,209.83858
45.25,-10.75,ascending,210.03624
45.25,-10.5,ascending,210.04666
45.25,-10.25,ascending,210.09799
45.25,-10.0,ascending,210.12625
45.25,-9.75,ascending,210.03444
45.25,-9.5,ascending,209.95908
45.25,-9.25,ascending,209.85898
45.25,-9.0,ascending,210.07364
45.25,-8.75,ascending,211.39769
45.25,-8.5,ascending,214.52583
45.25,-8.25,ascending,219.64066
45.25,-8.0,ascending,225.07227
45.25,-7.75,ascending,228.28865
45.25,-4.0,ascending,211.753
45.25,-3.75,ascending,211.85066
45.25,-3.5,ascending,212.06
45.25,-3.25,ascending,212.09143
45.25,-3.0,ascending,211.78583
45.25,-2.75,ascending,211.80501
45.25,-2.5,ascending,211.68546
45.25,-2.25,ascending,211.56999
45.25,-2.0,ascending,211.95111
45.25,-1.75,ascending,213.32556
45.25,-1.5,ascending,217.8111
45.25,-1.25,ascending,227.17125
45.25,-1.0,ascending,238.54713
45.25,-0.75,ascending,252.34625
45.25,-0.5,ascending,262.5825
45.25,-0.25,ascending,270.4475
45.25,-0.0,ascending,265.94873
45.25,0.25,ascending,275.1057
45.25,0.5,ascending,275.10165
45.25,0.75,ascending,275.04572
45.25,1.0,ascending,274.92715
45.25,1.25,ascending,274.38498
45.25,1.5,ascending,273.38834
45.25,1.75,ascending,272.17166
45.25,2.0,ascending,271.00833
45.25,2.25,ascending,270.68
45.25,2.5,ascending,270.57166
45.25,2.75,ascending,270.85
45.25,3.0,ascending,272.03
45.25,3.25,ascending,273.972
45.25,3.5,ascending,275.268
45.25,3.75,ascending,275.97165
45.25,4.0,ascending,276.27
45.25,4.25,ascending,276.14334
45.25,4.5,ascending,275.4157
45.25,4.75,ascending,273.87
45.25,5.0,ascending,273.13397
45.25,5.25,ascending,273.47665
45.25,5.5,ascending,273.29855
45.25,5.75,ascending,272.292
45.25,6.0,ascending,270.715
45.25,6.25,ascending,269.07
45.25,6.5,ascending,267.845
45.25,6.75,ascending,265.928
45.25,7.0,ascending,264.64832
45.25,7.25,ascending,266.416
45.25,7.5,ascending,269.9283
45.25,7.75,ascending,271.21857
45.25,8.0,ascending,268.94165
45.25,8.25,ascending,262.1775
45.25,8.5,ascending,258.632
45.25,8.75,ascending,260.79166
45.25,9.0,ascending,265.57712
45.25,9.25,ascending,268.2314
45.25,9.5,ascending,269.14667
45.25,9.75,ascending,268.898
45.25,10.0,ascending,268.48666
45.25,10.25,ascending,268.4114
45.25,10.5,ascending,267.495
45.25,10.75,ascending,266.78333
45.25,11.0,ascending,268.82144
45.25,11.25,ascending,270.01
45.25,11.5,ascending,270.14856
45.25,11.75,ascending,269.28287
45.25,12.0,ascending,264.34427
45.25,12.25,ascending,252.02501
45.25,12.5,ascending,237.535
45.25,12.75,ascending,228.55571
45.25,13.0,ascending,225.84856
45.25,13.25,ascending,232.27222
45.25,13.5,ascending,246.62874
45.25,13.75,ascending,262.40857
45.25,14.0,ascending,269.16125
45.25,14.25,ascending,266.24374
45.25,14.5,ascending,264.90497
45.25,14.75,ascending,270.0411
45.25,15.0,ascending,274.204
45.25,15.25,ascending,277.77997
45.25,15.5,ascending,278.75272
45.25,15.75,ascending,277.38
45.25,16.0,ascending,274.71164
45.25,16.25,ascending,273.33643
45.25,16.5,ascending,274.17813
45.25,16.75,ascending,275.63477
45.25,17.0,ascending,276.3369
45.25,20.75,ascending,276.7125
45.25,21.0,ascending,276.6173
45.25,21.25,ascending,276.2181
45.25,21.5,ascending,276.3475
45.25,21.75,ascending,277.16583
45.25,22.0,ascending,277.43
45.25,22.25,ascending,276.83798
45.25,22.5,ascending,275.601
45.25,22.75,ascending,274.257
45.25,23.0,ascending,273.44998
45.25,23.25,ascending,273.39886
45.25,23.5,ascending,273.51498
45.25,23.75,ascending,273.9325
45.25,24.0,ascending,274.2211
45.25,24.25,ascending,275.19
45.25,24.5,ascending,275.86374
45.25,24.75,ascending,276.59143
45.25,25.0,ascending,276.94998
45.25,25.25,ascending,277.37286
45.25,25.5,ascending,278.02713
45.25,25.75,ascending,278.9
45.25,26.0,ascending,279.94666
45.25,26.25,ascending,281.11166
45.25,26.5,ascending,282.53427
45.25,26.75,ascending,283.66165
45.25,27.0,ascending,284.38834
45.25,27.25,ascending,284.54
45.25,27.5,ascending,283.88498
45.25,27.75,ascending,282.168
45.25,28.0,ascending,280.1783
45.25,28.25,ascending,277.60165
45.25,28.5,ascending,273.77197
45.25,28.75,ascending,269.82
45.25,29.0,ascending,267.1
45.25,29.25,ascending,264.54333
45.25,29.5,ascending,259.12167
45.25,29.75,ascending,244.53333
45.25,30.0,ascending,226.61333
45.25,30.25,ascending,215.54599
45.25,30.5,ascending,211.16333
45.25,30.75,ascending,209.33
45.25,31.0,ascending,208.93799
45.25,31.25,ascending,208.805
45.25,31.5,ascending,208.73999
45.25,31.75,ascending,208.75832
45.25,32.0,ascending,208.90428
45.25,32.25,ascending,210.06999
45.25,32.5,ascending,215.67332
45.25,32.75,ascending,225.42334
45.25,33.0,ascending,237.86665
45.25,33.25,ascending,253.32999
45.25,33.5,ascending,266.98856
45.25,33.75,ascending,278.36002
45.25,34.0,ascending,284.14166
45.25,34.25,ascending,284.74332
45.25,34.5,ascending,282.50714
45.25,34.75,ascending,276.19858
45.25,35.0,ascending,262.412
45.25,35.25,ascending,239.335
45.25,35.5,ascending,231.25713
45.25,35.75,ascending,232.03166
45.25,36.0,ascending,237.0457
45.25,36.25,ascending,237.80666
45.25,36.5,ascending,229.36333
45.25,36.75,ascending,224.82571
45.25,37.0,ascending,225.53572
45.25,37.25,ascending,231.84856
45.25,37.5,ascending,245.23
45.25,37.75,ascending,264.66
45.25,38.0,ascending,274.00168
45.5,-13.0,ascending,208.79999
45.5,-12.75,ascending,208.88857
45.5,-12.5,ascending,208.97667
45.5,-12.25,ascending,209.07999
45.5,-12.0,ascending,209.06999
45.5,-11.75,ascending,209.16713
45.5,-11.5,ascending,209.25125
45.5,-11.25,ascending,209.33571
45.5,-11.0,ascending,209.45332
45.5,-10.75,ascending,209.46889
45.5,-10.5,ascending,209.35873
45.5,-10.25,ascending,209.30124
45.5,-10.0,ascending,209.34637
45.5,-9.75,ascending,209.43701
45.5,-9.5,ascending,209.62453
45.5,-9.25,ascending,209.91998
45.5,-9.0,ascending,210.46916
45.5,-8.75,ascending,212.0123
45.5,-8.5,ascending,216.10413
45.5,-8.25,ascending,223.16763
45.5,-8.0,ascending,229.832
45.5,-7.75,ascending,232.80846
45.5,-4.25,ascending,211.13
45.5,-4.0,ascending,211.2321
45.5,-3.75,ascending,211.00266
45.5,-3.5,ascending,210.87712
45.5,-3.25,ascending,210.67181
45.5,-3.0,ascending,210.57166
45.5,-2.75,ascending,210.70999
45.5,-2.5,ascending,210.81999
45.5,-2.25,ascending,210.90666
45.5,-2.0,ascending,211.27556
45.5,-1.75,ascending,212.226
45.5,-1.5,ascending,215.61444
45.5,-1.25,ascending,223.65875
45.5,-1.0,ascending,236.21375
45.5,-0.75,ascending,251.90778
45.5,-0.5,ascending,264.2457
45.5,-0.25,ascending,271.62125
45.5,-0.0,ascending,261.148
45.5,0.25,ascending,275.19858
45.5,0.5,ascending,275.19373
45.5,0.75,ascending,275.05283
45.5,1.0,ascending,274.66284
45.5,1.25,ascending,273.95856
45.5,1.5,ascending,272.91284
45.5,1.75,ascending,271.62
45.5,2.0,ascending,270.71832
45.5,2.25,ascending,270.68375
45.5,2.5,ascending,271.25333
45.5,2.75,ascending,272.05402
45.5,3.0,ascending,273.165
45.5,3.25,ascending,274.39572
45.5,3.5,ascending,275.2914
45.5,3.75,ascending,275.76166
45.5,4.0,ascending,275.905
45.5,4.25,ascending,275.54666
45.5,4.5,ascending,274.31332
45.5,4.75,ascending,272.7657
45.5,5.0,ascending,272.335
45.5,5.25,ascending,272.66998
45.5,5.5,ascending,272.25998
45.5,5.75,ascending,271.93
45.5,6.0,ascending,271.53833
45.5,6.25,ascending,270.8414
45.5,6.5,ascending,268.625
45.5,6.75,ascending,265.69998
45.5,7.0,ascending,263.83664
45.5,7.25,ascending,265.65833
45.5,7.5,ascending,268.05
45.5,7.75,ascending,269.185
45.5,8.0,ascending,267.50833
45.5,8.25,ascending,264.56284
45.5,8.5,ascending,262.7614
45.5,8.75,ascending,265.13998
45.5,9.0,ascending,267.71167
45.5,9.25,ascending,268.56
45.5,9.5,ascending,268.97998
45.5,9.75,ascending,269.065
45.5,10.0,ascending,268.68
45.5,10.25,ascending,268.52286
45.5,10.5,ascending,266.9343
45.5,10.75,ascending,266.15164
45.5,11.0,ascending,268.6743
45.5,11.25,ascending,270.6243
45.5,11.5,ascending,271.09833
45.5,11.75,ascending,271.14572
45.5,12.0,ascending,269.08286
45.5,12.25,ascending,262.67776
45.5,12.5,ascending,253.71715
45.5,12.75,ascending,245.86714
45.5,13.0,ascending,239.89998
45.5,13.25,ascending,238.87
45.5,13.5,ascending,246.165
45.5,13.75,ascending,260.62
45.5,14.0,ascending,269.63998
45.5,14.25,ascending,271.43555
45.5,14.5,ascending,272.11
45.5,14.75,ascending,274.7975
45.5,15.0,ascending,278.1618
45.5,15.25,ascending,279.92902
45.5,15.5,ascending,280.387
45.5,15.75,ascending,279.50168
45.5,16.0,ascending,277.27066
45.5,16.25,ascending,274.91266
45.5,16.5,ascending,274.64578
45.5,16.75,ascending,275.6619
45.5,17.0,ascending,276.17444
45.5,20.5,ascending,277.41
45.5,20.75,ascending,276.01248
45.5,21.0,ascending,274.57266
45.5,21.25,ascending,274.01132
45.5,21.5,ascending,274.395
45.5,21.75,ascending,275.40454
45.5,22.0,ascending,275.82416
45.5,22.25,ascending,275.55112
45.5,22.5,ascending,274.872
45.5,22.75,ascending,274.274
45.5,23.0,ascending,273.955
45.5,23.25,ascending,273.688
45.5,23.5,ascending,273.54285
45.5,23.75,ascending,273.4611
45.5,24.0,ascending,273.7975
45.5,24.25,ascending,274.3922
45.5,24.5,ascending,274.79285
45.5,24.75,ascending,275.21857
45.5,25.0,ascending,275.98856
45.5,25.25,ascending,276.99713
45.5,25.5,ascending,278.44873
45.5,25.75,ascending,279.48428
45.5,26.0,ascending,280.53287
45.5,26.25,ascending,281.12833
45.5,26.5,ascending,281.6025
45.5,26.75,ascending,282.005
45.5,27.0,ascending,282.21143
45.5,27.25,ascending,282.60666
45.5,27.5,ascending,282.44998
45.5,27.75,ascending,281.74832
45.5,28.0,ascending,280.93283
45.5,28.25,ascending,279.26834
45.5,28.5,ascending,277.11142
45.5,28.75,ascending,276.26834
45.5,29.0,ascending,277.62668
45.5,29.25,ascending,275.62332
45.5,29.5,ascending,268.81143
45.5,29.75,ascending,254.42499
45.5,30.0,ascending,240.57666
45.5,30.25,ascending,227.42142
45.5,30.5,ascending,217.98
45.5,30.75,ascending,212.875
45.5,31.0,ascending,209.53499
45.5,31.25,ascending,208.71
45.5,31.5,ascending,208.48665
45.5,31.75,ascending,208.78285
45.5,32.0,ascending,209.54199
45.5,32.25,ascending,211.60999
45.5,32.5,ascending,217.89285
45.5,32.75,ascending,228.76
45.5,33.0,ascending,241.08798
45.5,33.25,ascending,254.54999
45.5,33.5,ascending,265.145
45.5,33.75,ascending,275.03198
45.5,34.0,ascending,281.124
45.5,34.25,ascending,279.71
45.5,34.5,ascending,275.02167
45.5,34.75,ascending,263.80426
45.5,35.0,ascending,246.38713
45.5,35.25,ascending,226.34999
45.5,35.5,ascending,216.16286
45.5,35.75,ascending,216.385
45.5,36.0,ascending,220.45142
45.5,36.25,ascending,220.99715
45.5,36.5,ascending,220.26572
45.5,36.75,ascending,215.41142
45.5,37.0,ascending,215.81874
45.5,37.25,ascending,216.53
45.5,37.5,ascending,226.48286
45.5,37.75,ascending,246.30624
45.5,38.0,ascending,259.7525
45.75,-13.0,ascending,208.73499
45.75,-12.75,ascending,208.68999
45.75,-12.5,ascending,208.73
45.75,-12.25,ascending,208.74625
45.75,-12.0,ascending,208.77571
45.75,-11.75,ascending,208.92
45.75,-11.5,ascending,209.08875
45.75,-11.25,ascending,209.23375
45.75,-11.0,ascending,209.35555
45.75,-10.75,ascending,209.26334
45.75,-10.5,ascending,209.06778
45.75,-10.25,ascending,208.94
45.75,-10.0,ascending,208.90778
45.75,-9.75,ascending,209.13445
45.75,-9.5,ascending,209.8891
45.75,-9.25,ascending,211.522
45.75,-9.0,ascending,213.35089
45.75,-8.75,ascending,215.79308
45.75,-8.5,ascending,218.42133
45.75,-8.25,ascending,223.17313
45.75,-8.0,ascending,229.375
45.75,-7.75,ascending,232.58598
45.75,-4.25,ascending,210.83833
45.75,-4.0,ascending,210.72765
45.75,-3.75,ascending,210.55214
45.75,-3.5,ascending,210.4346
45.75,-3.25,ascending,210.45917
45.75,-3.0,ascending,210.51817
45.75,-2.75,ascending,210.55801
45.75,-2.5,ascending,210.7
45.75,-2.25,ascending,210.79889
45.75,-2.0,ascending,211.04
45.75,-1.75,ascending,212.21625
45.75,-1.5,ascending,216.35555
45.75,-1.25,ascending,226.4525
45.75,-1.0,ascending,240.64143
45.75,-0.75,ascending,255.32999
45.75,-0.5,ascending,267.25873
45.75,-0.25,ascending,273.57285
45.75,-0.0,ascending,259.83667
45.75,0.25,ascending,275.08
45.75,0.5,ascending,274.73428
45.75,0.75,ascending,274.20285
45.75,1.0,ascending,273.87833
45.75,1.25,ascending,273.285
45.75,1.5,ascending,272.29
45.75,1.75,ascending,271.24
45.75,2.0,ascending,270.81857
45.75,2.25,ascending,271.84
45.75,2.5,ascending,273.06
45.75,2.75,ascending,273.94165
45.75,3.0,ascending,274.4714
45.75,3.25,ascending,274.77332
45.75,3.5,ascending,274.935
45.75,3.75,ascending,275.25665
45.75,4.0,ascending,275.70285
45.75,4.25,ascending,275.32333
45.75,4.5,ascending,273.91333
45.75,4.75,ascending,272.502
45.75,5.0,ascending,271.58713
45.75,5.25,ascending,270.79166
45.75,5.5,ascending,271.03833
45.75,5.75,ascending,271.67798
45.75,6.0,ascending,272.28143
45.75,6.25,ascending,271.3
45.75,6.5,ascending,268.61713
45.75,6.75,ascending,265.59998
45.75,7.0,ascending,263.96
45.75,7.25,ascending,265.31714
45.75,7.5,ascending,265.995
45.75,7.75,ascending,265.51166
45.75,8.0,ascending,265.3
45.75,8.25,ascending,267.02664
45.75,8.5,ascending,267.70712
45.75,8.75,ascending,267.83713
45.75,9.0,ascending,268.44333
45.75,9.25,ascending,267.95834
45.75,9.5,ascending,267.7257
45.75,9.75,ascending,268.19165
45.75,10.0,ascending,268.17667
45.75,10.25,ascending,267.83002
45.75,10.5,ascending,266.93286
45.75,10.75,ascending,267.05167
45.75,11.0,ascending,269.49832
45.75,11.25,ascending,271.0
45.75,11.5,ascending,271.38715
45.75,11.75,ascending,271.69165
45.75,12.0,ascending,271.53143
45.75,12.25,ascending,269.86166
45.75,12.5,ascending,266.00858
45.75,12.75,ascending,262.155
45.75,13.0,ascending,256.70712
45.75,13.25,ascending,250.60873
45.75,13.5,ascending,250.22556
45.75,13.75,ascending,255.33144
45.75,14.0,ascending,263.31375
45.75,14.25,ascending,267.53552
45.75,14.5,ascending,271.68887
45.75,14.75,ascending,276.46698
45.75,15.0,ascending,279.4925
45.75,15.25,ascending,280.8309
45.75,15.5,ascending,281.236
45.75,15.75,ascending,281.04
45.75,16.0,ascending,280.10614
45.75,16.25,ascending,278.6446
45.75,16.5,ascending,277.7784
45.75,16.75,ascending,277.84225
45.75,17.0,ascending,277.97998
45.75,20.5,ascending,279.16464
45.75,20.75,ascending,278.04666
45.75,21.0,ascending,276.59644
45.75,21.25,ascending,276.11273
45.75,21.5,ascending,275.50333
45.75,21.75,ascending,275.26398
45.75,22.0,ascending,275.2375
45.75,22.25,ascending,275.03223
45.75,22.5,ascending,274.8611
45.75,22.75,ascending,274.7411
45.75,23.0,ascending,274.42776
45.75,23.25,ascending,274.10248
45.75,23.5,ascending,273.87125
45.75,23.75,ascending,273.82748
45.75,24.0,ascending,273.98856
45.75,24.25,ascending,274.46143
45.75,24.5,ascending,275.38623
45.75,24.75,ascending,276.5957
45.75,25.0,ascending,278.26428
45.75,25.25,ascending,279.77856
45.75,25.5,ascending,280.83
45.75,25.75,ascending,281.32166
45.75,26.0,ascending,281.82834
45.75,26.25,ascending,281.71
45.75,26.5,ascending,281.18857
45.75,26.75,ascending,280.85165
45.75,27.0,ascending,280.97833
45.75,27.25,ascending,281.22714
45.75,27.5,ascending,281.53143
45.75,27.75,ascending,282.202
45.75,28.0,ascending,282.524
45.75,28.25,ascending,282.55667
45.75,28.5,ascending,282.63998
45.75,28.75,ascending,283.04166
45.75,29.0,ascending,283.35333
45.75,29.25,ascending,282.78998
45.75,29.5,ascending,278.68832
45.75,29.75,ascending,269.90665
45.75,30.0,ascending,259.4
45.75,30.25,ascending,247.11398
45.75,30.5,ascending,232.15833
45.75,30.75,ascending,219.68399
45.75,31.0,ascending,213.59499
45.75,31.25,ascending,209.54
45.75,31.5,ascending,208.79857
45.75,31.75,ascending,209.51999
45.75,32.0,ascending,211.87166
45.75,32.25,ascending,219.1757
45.75,32.5,ascending,225.726
45.75,32.75,ascending,232.63599
45.75,33.0,ascending,240.10832
45.75,33.25,ascending,248.34499
45.75,33.5,ascending,259.19714
45.75,33.75,ascending,269.20834
45.75,34.0,ascending,273.76712
45.75,34.25,ascending,272.624
45.75,34.5,ascending,264.61667
45.75,34.75,ascending,252.09999
45.75,35.0,ascending,234.68428
45.75,35.25,ascending,219.842
45.75,35.5,ascending,211.85571
45.75,35.75,ascending,210.01999
45.75,36.0,ascending,209.91713
45.75,36.25,ascending,210.67334
45.75,36.5,ascending,210.555
45.75,36.75,ascending,209.75832
45.75,37.0,ascending,209.37
45.75,37.25,ascending,210.15334
45.75,37.5,ascending,214.29443
45.75,37.75,ascending,227.80428
45.75,38.0,ascending,241.90799
46.0,-13.0,ascending,208.93333
46.0,-12.75,ascending,208.77167
46.0,-12.5,ascending,208.5422
46.0,-12.25,ascending,208.39665
46.0,-12.0,ascending,208.39714
46.0,-11.75,ascending,208.36249
46.0,-11.5,ascending,208.50499
46.0,-11.25,ascending,208.75429
46.0,-11.0,ascending,209.04143
46.0,-10.75,ascending,209.09999
46.0,-10.5,ascending,208.98
46.0,-10.25,ascending,208.82443
46.0,-10.0,ascending,208.749
46.0,-9.75,ascending,209.01363
46.0,-9.5,ascending,210.31332
46.0,-9.25,ascending,213.94539
46.0,-9.0,ascending,219.65384
46.0,-8.75,ascending,225.05692
46.0,-8.5,ascending,227.19133
46.0,-8.25,ascending,227.70421
46.0,-8.0,ascending,229.53864
46.0,-7.75,ascending,231.53667
46.0,-4.5,ascending,210.85748
46.0,-4.25,ascending,210.78789
46.0,-4.0,ascending,210.76067
46.0,-3.75,ascending,210.77498
46.0,-3.5,ascending,210.84769
46.0,-3.25,ascending,210.94635
46.0,-3.0,ascending,210.92818
46.0,-2.75,ascending,210.83699
46.0,-2.5,ascending,210.78555
46.0,-2.25,ascending,210.84888
46.0,-2.0,ascending,211.288
46.0,-1.75,ascending,213.02144
46.0,-1.5,ascending,217.96222
46.0,-1.25,ascending,228.22
46.0,-1.0,ascending,244.55779
46.0,-0.75,ascending,259.97427
46.0,-0.5,ascending,270.62
46.0,-0.25,ascending,274.70334
46.0,-0.0,ascending,275.075
46.0,0.25,ascending,274.53143
46.0,0.5,ascending,274.10626
46.0,0.75,ascending,273.94284
46.0,1.0,ascending,273.7443
46.0,1.25,ascending,273.29428
46.0,1.5,ascending,272.53833
46.0,1.75,ascending,272.09143
46.0,2.0,ascending,272.535
46.0,2.25,ascending,273.74832
46.0,2.5,ascending,274.82855
46.0,2.75,ascending,275.2557
46.0,3.0,ascending,275.052
46.0,3.25,ascending,274.77335
46.0,3.5,ascending,274.9833
46.0,3.75,ascending,275.64835
46.0,4.0,ascending,276.145
46.0,4.25,ascending,275.692
46.0,4.5,ascending,274.54666
46.0,4.75,ascending,272.98666
46.0,5.0,ascending,270.91
46.0,5.25,ascending,270.185
46.0,5.5,ascending,271.07428
46.0,5.75,ascending,272.34164
46.0,6.0,ascending,272.36398
46.0,6.25,ascending,270.38715
46.0,6.5,ascending,267.63397
46.0,6.75,ascending,264.61142
46.0,7.0,ascending,263.91428
46.0,7.25,ascending,265.095
46.0,7.5,ascending,264.45572
46.0,7.75,ascending,262.54428
46.0,8.0,ascending,262.98
46.0,8.25,ascending,265.73334
46.0,8.5,ascending,267.31143
46.0,8.75,ascending,267.53665
46.0,9.0,ascending,267.27
46.0,9.25,ascending,266.33142
46.0,9.5,ascending,265.415
46.0,9.75,ascending,265.335
46.0,10.0,ascending,265.5
46.0,10.25,ascending,265.51285
46.0,10.5,ascending,264.69333
46.0,10.75,ascending,266.50375
46.0,11.0,ascending,269.56714
46.0,11.25,ascending,270.982
46.0,11.5,ascending,270.95874
46.0,11.75,ascending,270.83
46.0,12.0,ascending,271.04855
46.0,12.25,ascending,270.875
46.0,12.5,ascending,269.68777
46.0,12.75,ascending,268.51834
46.0,13.0,ascending,265.875
46.0,13.25,ascending,262.41998
46.0,13.5,ascending,259.54572
46.0,13.75,ascending,257.71777
46.0,14.0,ascending,259.30334
46.0,14.25,ascending,262.44998
46.0,14.5,ascending,266.0089
46.0,14.75,ascending,272.225
46.0,15.0,ascending,277.53543
46.0,15.25,ascending,280.04272
46.0,15.5,ascending,281.2475
46.0,15.75,ascending,281.79
46.0,16.0,ascending,281.61667
46.0,16.25,ascending,280.94064
46.0,16.5,ascending,280.09317
46.0,16.75,ascending,279.4329
46.0,20.25,ascending,278.79248
46.0,20.5,ascending,279.03186
46.0,20.75,ascending,278.89798
46.0,21.0,ascending,278.09427
46.0,21.25,ascending,277.26917
46.0,21.5,ascending,276.59818
46.0,21.75,ascending,275.98453
46.0,22.0,ascending,275.61298
46.0,22.25,ascending,275.36
46.0,22.5,ascending,275.06335
46.0,22.75,ascending,274.69
46.0,23.0,ascending,274.27
46.0,23.25,ascending,273.79498
46.0,23.5,ascending,273.60126
46.0,23.75,ascending,273.60715
46.0,24.0,ascending,274.1311
46.0,24.25,ascending,275.31714
46.0,24.5,ascending,276.97284
46.0,24.75,ascending,278.93713
46.0,25.0,ascending,280.21713
46.0,25.25,ascending,281.27875
46.0,25.5,ascending,281.84332
46.0,25.75,ascending,281.9857
46.0,26.0,ascending,281.80374
46.0,26.25,ascending,281.35
46.0,26.5,ascending,280.82166
46.0,26.75,ascending,280.56143
46.0,27.0,ascending,280.58142
46.0,27.25,ascending,280.672
46.0,27.5,ascending,281.41666
46.0,27.75,ascending,282.62
46.0,28.0,ascending,283.66125
46.0,28.25,ascending,284.36002
46.0,28.5,ascending,284.78598
46.0,28.75,ascending,285.25168
46.0,29.0,ascending,285.70142
46.0,29.25,ascending,285.68286
46.0,29.5,ascending,283.81
46.0,29.75,ascending,279.874
46.0,30.0,ascending,275.975
46.0,30.25,ascending,262.62997
46.0,30.5,ascending,245.55833
46.0,30.75,ascending,233.23833
46.0,31.0,ascending,220.58167
46.0,31.25,ascending,213.95714
46.0,31.5,ascending,212.83998
46.0,31.75,ascending,214.51
46.0,32.0,ascending,221.91429
46.0,32.25,ascending,234.76799
46.0,32.5,ascending,244.67998
46.0,32.75,ascending,249.57166
46.0,33.0,ascending,254.0743
46.0,33.25,ascending,256.405
46.0,33.5,ascending,262.4057
46.0,33.75,ascending,268.72287
46.0,34.0,ascending,271.00833
46.0,34.25,ascending,268.89334
46.0,34.5,ascending,264.93832
46.0,34.75,ascending,256.09
46.0,35.0,ascending,241.23833
46.0,35.25,ascending,227.28429
46.0,35.5,ascending,219.77428
46.0,35.75,ascending,212.67714
46.0,36.0,ascending,212.36856
46.0,36.25,ascending,210.21286
46.0,36.5,ascending,209.71143
46.0,36.75,ascending,208.99857
46.0,37.0,ascending,208.68428
46.0,37.25,ascending,209.18375
46.0,37.5,ascending,212.5457
46.0,37.75,ascending,220.21858
46.0,38.0,ascending,231.774
46.25,-13.0,ascending,209.46
46.25,-12.75,ascending,209.02713
46.25,-12.5,ascending,208.53333
46.25,-12.25,ascending,208.23714
46.25,-12.0,ascending,207.98
46.25,-11.75,ascending,207.87143
46.25,-11.5,ascending,207.93875
46.25,-11.25,ascending,208.16374
46.25,-11.0,ascending,208.4322
46.25,-10.75,ascending,208.60777
46.25,-10.5,ascending,208.7
46.25,-10.25,ascending,208.68555
46.25,-10.0,ascending,208.63666
46.25,-9.75,ascending,208.743
46.25,-9.5,ascending,210.004
46.25,-9.25,ascending,214.46635
46.25,-9.0,ascending,223.335
46.25,-8.75,ascending,232.84769
46.25,-8.5,ascending,238.69
46.25,-8.25,ascending,239.04124
46.25,-8.0,ascending,236.5575
46.25,-4.5,ascending,210.97533
46.25,-4.25,ascending,210.87823
46.25,-4.0,ascending,210.85214
46.25,-3.75,ascending,210.84082
46.25,-3.5,ascending,210.79915
46.25,-3.25,ascending,210.69818
46.25,-3.0,ascending,210.63399
46.25,-2.75,ascending,210.673
46.25,-2.5,ascending,210.80333
46.25,-2.25,ascending,211.14374
46.25,-2.0,ascending,212.522
46.25,-1.75,ascending,216.52249
46.25,-1.5,ascending,225.23875
46.25,-1.25,ascending,240.59427
46.25,-1.0,ascending,256.335
46.25,-0.75,ascending,269.0657
46.25,-0.5,ascending,274.3943
46.25,-0.25,ascending,275.33713
46.25,-0.0,ascending,259.77112
46.25,0.25,ascending,274.66833
46.25,0.5,ascending,274.92715
46.25,0.75,ascending,275.24
46.25,1.0,ascending,275.12167
46.25,1.25,ascending,274.81
46.25,1.5,ascending,274.05167
46.25,1.75,ascending,274.0433
46.25,2.0,ascending,274.4975
46.25,2.25,ascending,275.128
46.25,2.5,ascending,275.58334
46.25,2.75,ascending,275.49
46.25,3.0,ascending,275.19284
46.25,3.25,ascending,275.13333
46.25,3.5,ascending,275.43
46.25,3.75,ascending,276.23398
46.25,4.0,ascending,276.67502
46.25,4.25,ascending,276.33667
46.25,4.5,ascending,275.60428
46.25,4.75,ascending,273.902
46.25,5.0,ascending,272.17856
46.25,5.25,ascending,271.09332
46.25,5.5,ascending,271.416
46.25,5.75,ascending,271.87
46.25,6.0,ascending,271.32333
46.25,6.25,ascending,269.18597
46.25,6.5,ascending,265.36398
46.25,6.75,ascending,263.08667
46.25,7.0,ascending,263.6825
46.25,7.25,ascending,265.69
46.25,7.5,ascending,265.25284
46.25,7.75,ascending,263.1783
46.25,8.0,ascending,262.11398
46.25,8.25,ascending,263.66748
46.25,8.5,ascending,265.0625
46.25,8.75,ascending,266.00397
46.25,9.0,ascending,265.8425
46.25,9.25,ascending,264.762
46.25,9.5,ascending,263.2143
46.25,9.75,ascending,262.11
46.25,10.0,ascending,262.11832
46.25,10.25,ascending,262.205
46.25,10.5,ascending,261.74857
46.25,10.75,ascending,263.702
46.25,11.0,ascending,267.58
46.25,11.25,ascending,270.05426
46.25,11.5,ascending,270.06497
46.25,11.75,ascending,269.25143
46.25,12.0,ascending,269.3957
46.25,12.25,ascending,269.85126
46.25,12.5,ascending,270.11002
46.25,12.75,ascending,270.21713
46.25,13.0,ascending,269.69873
46.25,13.25,ascending,268.31714
46.25,13.5,ascending,266.27
46.25,13.75,ascending,264.28857
46.25,14.0,ascending,263.146
46.25,14.25,ascending,262.4025
46.25,14.5,ascending,263.91333
46.25,14.75,ascending,268.0822
46.25,15.0,ascending,273.352
46.25,15.25,ascending,277.168
46.25,15.5,ascending,279.49417
46.25,15.75,ascending,280.775
46.25,16.0,ascending,281.19077
46.25,16.25,ascending,280.9853
46.25,16.5,ascending,280.56412
46.25,16.75,ascending,280.23444
46.25,20.0,ascending,276.74
46.25,20.25,ascending,277.18185
46.25,20.5,ascending,276.83798
46.25,20.75,ascending,276.62286
46.25,21.0,ascending,275.82358
46.25,21.25,ascending,275.53598
46.25,21.5,ascending,275.48636
46.25,21.75,ascending,275.20456
46.25,22.0,ascending,274.98108
46.25,22.25,ascending,274.85443
46.25,22.5,ascending,274.465
46.25,22.75,ascending,273.9471
46.25,23.0,ascending,273.505
46.25,23.25,ascending,272.65375
46.25,23.5,ascending,272.46875
46.25,23.75,ascending,272.5543
46.25,24.0,ascending,273.41498
46.25,24.25,ascending,274.715
46.25,24.5,ascending,276.50626
46.25,24.75,ascending,278.19498
46.25,25.0,ascending,279.16
46.25,25.25,ascending,280.34
46.25,25.5,ascending,280.80832
46.25,25.75,ascending,280.57834
46.25,26.0,ascending,280.39856
46.25,26.25,ascending,280.374
46.25,26.5,ascending,280.31714
46.25,26.75,ascending,280.42
46.25,27.0,ascending,280.36832
46.25,27.25,ascending,280.59665
46.25,27.5,ascending,281.75858
46.25,27.75,ascending,283.245
46.25,28.0,ascending,284.225
46.25,28.25,ascending,284.77832
46.25,28.5,ascending,285.12427
46.25,28.75,ascending,285.53665
46.25,29.0,ascending,286.1433
46.25,29.25,ascending,286.58398
46.25,29.5,ascending,286.40833
46.25,29.75,ascending,284.81143
46.25,30.0,ascending,279.31198
46.25,30.25,ascending,272.09
46.25,30.5,ascending,261.65
46.25,30.75,ascending,252.38199
46.25,31.0,ascending,235.34
46.25,31.25,ascending,225.35501
46.25,31.5,ascending,225.89833
46.25,31.75,ascending,230.39713
46.25,32.0,ascending,238.09999
46.25,32.25,ascending,252.92833
46.25,32.5,ascending,264.57285
46.25,32.75,ascending,271.31998
46.25,33.0,ascending,272.92667
46.25,33.25,ascending,274.54288
46.25,33.5,ascending,275.49667
46.25,33.75,ascending,276.8957
46.25,34.0,ascending,276.5257
46.25,34.25,ascending,275.305
46.25,34.5,ascending,273.37332
46.25,34.75,ascending,272.67502
46.25,35.0,ascending,263.22
46.25,35.25,ascending,248.37
46.25,35.5,ascending,240.71501
46.25,35.75,ascending,228.31857
46.25,36.0,ascending,225.50665
46.25,36.25,ascending,220.99284
46.25,36.5,ascending,216.48164
46.25,36.75,ascending,215.28142
46.25,37.0,ascending,211.68999
46.25,37.25,ascending,210.91856
46.25,37.5,ascending,213.71286
46.25,37.75,ascending,223.6843
46.25,38.0,ascending,234.65
46.5,-13.0,ascending,209.54333
46.5,-12.75,ascending,209.16374
46.5,-12.5,ascending,208.66713
46.5,-12.25,ascending,208.26625
46.5,-12.0,ascending,207.89429
46.5,-11.75,ascending,207.69624
46.5,-11.5,ascending,207.68001
46.5,-11.25,ascending,207.81142
46.5,-11.0,ascending,208.04124
46.5,-10.75,ascending,208.20857
46.5,-10.5,ascending,208.36899
46.5,-10.25,ascending,208.47499
46.5,-10.0,ascending,208.46999
46.5,-9.75,ascending,208.46
46.5,-9.5,ascending,209.26181
46.5,-9.25,ascending,212.50334
46.5,-9.0,ascending,220.28572
46.5,-8.75,ascending,230.16537
46.5,-8.5,ascending,237.57437
46.5,-8.25,ascending,240.245
46.5,-8.0,ascending,240.22646
46.5,-4.75,ascending,211.10857
46.5,-4.5,ascending,211.00578
46.5,-4.25,ascending,210.936
46.5,-4.0,ascending,210.73582
46.5,-3.75,ascending,210.54668
46.5,-3.5,ascending,210.40251
46.5,-3.25,ascending,210.37
46.5,-3.0,ascending,210.48499
46.5,-2.75,ascending,210.828
46.5,-2.5,ascending,211.60222
46.5,-2.25,ascending,213.5
46.5,-2.0,ascending,219.81888
46.5,-1.75,ascending,229.85857
46.5,-1.5,ascending,245.72556
46.5,-1.25,ascending,261.62125
46.5,-1.0,ascending,271.03427
46.5,-0.75,ascending,275.18857
46.5,-0.5,ascending,275.805
46.5,-0.25,ascending,275.93875
46.5,-0.0,ascending,258.645
46.5,0.25,ascending,276.33875
46.5,0.5,ascending,276.8414
46.5,0.75,ascending,277.18832
46.5,1.0,ascending,276.95428
46.5,1.25,ascending,276.08713
46.5,1.5,ascending,275.14285
46.5,1.75,ascending,274.91998
46.5,2.0,ascending,275.096
46.5,2.25,ascending,275.44284
46.5,2.5,ascending,275.51712
46.5,2.75,ascending,275.4283
46.5,3.0,ascending,275.59833
46.5,3.25,ascending,275.87427
46.5,3.5,ascending,276.25833
46.5,3.75,ascending,276.705
46.5,4.0,ascending,277.07333
46.5,4.25,ascending,277.12
46.5,4.5,ascending,276.8
46.5,4.75,ascending,275.59665
46.5,5.0,ascending,273.52
46.5,5.25,ascending,272.1325
46.5,5.5,ascending,271.7214
46.5,5.75,ascending,271.79
46.5,6.0,ascending,271.44144
46.5,6.25,ascending,269.096
46.5,6.5,ascending,266.3457
46.5,6.75,ascending,264.67334
46.5,7.0,ascending,265.30002
46.5,7.25,ascending,266.90833
46.5,7.5,ascending,267.56
46.5,7.75,ascending,265.648
46.5,8.0,ascending,262.96664
46.5,8.25,ascending,262.46143
46.5,8.5,ascending,263.00833
46.5,8.75,ascending,263.91998
46.5,9.0,ascending,264.0483
46.5,9.25,ascending,263.84164
46.5,9.5,ascending,263.40332
46.5,9.75,ascending,262.09167
46.5,10.0,ascending,260.9243
46.5,10.25,ascending,260.85858
46.5,10.5,ascending,260.83
46.5,10.75,ascending,262.29666
46.5,11.0,ascending,265.4457
46.5,11.25,ascending,268.51373
46.5,11.5,ascending,269.1614
46.5,11.75,ascending,268.32166
46.5,12.0,ascending,267.88
46.5,12.25,ascending,268.18332
46.5,12.5,ascending,269.3643
46.5,12.75,ascending,270.31445
46.5,13.0,ascending,270.65286
46.5,13.25,ascending,270.23166
46.5,13.5,ascending,269.31125
46.5,13.75,ascending,268.19556
46.5,14.0,ascending,267.16855
46.5,14.25,ascending,266.579
46.5,14.5,ascending,266.778
46.5,14.75,ascending,269.80554
46.5,15.0,ascending,273.43
46.5,15.25,ascending,276.32666
46.5,15.5,ascending,278.14166
46.5,15.75,ascending,279.63
46.5,16.0,ascending,280.59665
46.5,16.25,ascending,280.905
46.5,16.5,ascending,280.86572
46.5,16.75,ascending,280.805
46.5,20.0,ascending,276.36
46.5,20.25,ascending,276.13266
46.5,20.5,ascending,275.704
46.5,20.75,ascending,275.36356
46.5,21.0,ascending,275.225
46.5,21.25,ascending,275.22998
46.5,21.5,ascending,275.131
46.5,21.75,ascending,274.965
46.5,22.0,ascending,274.6411
46.5,22.25,ascending,274.27444
46.5,22.5,ascending,273.787
46.5,22.75,ascending,272.9475
46.5,23.0,ascending,272.0789
46.5,23.25,ascending,271.38284
46.5,23.5,ascending,270.995
46.5,23.75,ascending,270.94284
46.5,24.0,ascending,270.895
46.5,24.25,ascending,272.33145
46.5,24.5,ascending,273.63623
46.5,24.75,ascending,275.72748
46.5,25.0,ascending,277.495
46.5,25.25,ascending,278.30856
46.5,25.5,ascending,278.705
46.5,25.75,ascending,279.09143
46.5,26.0,ascending,279.39832
46.5,26.25,ascending,279.50333
46.5,26.5,ascending,279.69
46.5,26.75,ascending,279.8
46.5,27.0,ascending,279.64667
46.5,27.25,ascending,280.15857
46.5,27.5,ascending,281.646
46.5,27.75,ascending,283.11832
46.5,28.0,ascending,284.03333
46.5,28.25,ascending,284.485
46.5,28.5,ascending,284.77664
46.5,28.75,ascending,285.068
46.5,29.0,ascending,285.50333
46.5,29.25,ascending,285.96332
46.5,29.5,ascending,285.8633
46.5,29.75,ascending,284.776
46.5,30.0,ascending,282.20712
46.5,30.25,ascending,278.97
46.5,30.5,ascending,274.94
46.5,30.75,ascending,263.59332
46.5,31.0,ascending,257.465
46.5,31.25,ascending,246.53667
46.5,31.5,ascending,251.43713
46.5,31.75,ascending,251.025
46.5,32.0,ascending,256.78
46.5,32.25,ascending,267.40332
46.5,32.5,ascending,277.03287
46.5,32.75,ascending,280.56284
46.5,33.0,ascending,281.284
46.5,33.25,ascending,280.81
46.5,33.5,ascending,280.3
46.5,33.75,ascending,280.08286
46.5,34.0,ascending,281.5114
46.5,34.25,ascending,282.10165
46.5,34.5,ascending,281.58286
46.5,34.75,ascending,281.276
46.5,35.0,ascending,279.45856
46.5,35.25,ascending,270.22284
46.5,35.5,ascending,263.05
46.5,35.75,ascending,256.69144
46.5,36.0,ascending,249.80142
46.5,36.25,ascending,242.52597
46.5,36.5,ascending,238.8225
46.5,36.75,ascending,232.70166
46.5,37.0,ascending,226.47142
46.5,37.25,ascending,218.21
46.5,37.5,ascending,217.19666
46.5,37.75,ascending,223.74857
46.5,38.0,ascending,232.64
46.75,-13.0,ascending,208.81331
46.75,-12.75,ascending,208.705
46.75,-12.5,ascending,208.54874
46.75,-12.25,ascending,208.33167
46.75,-12.0,ascending,208.1125
46.75,-11.75,ascending,207.95999
46.75,-11.5,ascending,207.87888
46.75,-11.25,ascending,207.9075
46.75,-11.0,ascending,208.071
46.75,-10.75,ascending,208.23874
46.75,-10.5,ascending,208.37625
46.75,-10.25,ascending,208.46889
46.75,-10.0,ascending,208.45375
46.75,-9.75,ascending,208.39499
46.75,-9.5,ascending,208.92363
46.75,-9.25,ascending,211.23299
46.75,-9.0,ascending,216.66083
46.75,-8.75,ascending,224.49214
46.75,-8.5,ascending,231.4961
46.75,-8.25,ascending,234.59554
46.75,-8.0,ascending,235.80865
46.75,-5.0,ascending,211.4
46.75,-4.75,ascending,211.4225
46.75,-4.5,ascending,211.33705
46.75,-4.25,ascending,211.11165
46.75,-4.0,ascending,210.8023
46.75,-3.75,ascending,210.55362
46.75,-3.5,ascending,210.58751
46.75,-3.25,ascending,210.69444
46.75,-3.0,ascending,210.924
46.75,-2.75,ascending,211.87888
46.75,-2.5,ascending,213.68
46.75,-2.25,ascending,219.68498
46.75,-2.0,ascending,232.51712
46.75,-1.75,ascending,246.52249
46.75,-1.5,ascending,263.1575
46.75,-1.25,ascending,271.06665
46.75,-1.0,ascending,274.75375
46.75,-0.75,ascending,275.99832
46.75,-0.5,ascending,276.50873
46.75,-0.25,ascending,276.90665
46.75,-0.0,ascending,267.09143
46.75,0.25,ascending,277.68283
46.75,0.5,ascending,278.24167
46.75,0.75,ascending,278.30167
46.75,1.0,ascending,277.61667
46.75,1.25,ascending,276.415
46.75,1.5,ascending,275.53714
46.75,1.75,ascending,275.21664
46.75,2.0,ascending,275.40164
46.75,2.25,ascending,275.63998
46.75,2.5,ascending,275.624
46.75,2.75,ascending,275.806
46.75,3.0,ascending,276.22
46.75,3.25,ascending,276.388
46.75,3.5,ascending,276.52332
46.75,3.75,ascending,276.85
46.75,4.0,ascending,277.15164
46.75,4.25,ascending,277.25
46.75,4.5,ascending,277.185
46.75,4.75,ascending,276.27
46.75,5.0,ascending,274.708
46.75,5.25,ascending,273.3033
46.75,5.5,ascending,272.948
46.75,5.75,ascending,273.05997
46.75,6.0,ascending,273.03
46.75,6.25,ascending,271.65286
46.75,6.5,ascending,269.31403
46.75,6.75,ascending,267.596
46.75,7.0,ascending,266.94855
46.75,7.25,ascending,268.068
46.75,7.5,ascending,269.026
46.75,7.75,ascending,268.27167
46.75,8.0,ascending,266.76166
46.75,8.25,ascending,265.12997
46.75,8.5,ascending,263.34167
46.75,8.75,ascending,262.99997
46.75,9.0,ascending,263.46713
46.75,9.25,ascending,264.3
46.75,9.5,ascending,264.83398
46.75,9.75,ascending,264.36798
46.75,10.0,ascending,262.70572
46.75,10.25,ascending,261.77664
46.75,10.5,ascending,262.492
46.75,10.75,ascending,263.06427
46.75,11.0,ascending,265.2333
46.75,11.25,ascending,267.608
46.75,11.5,ascending,268.82144
46.75,11.75,ascending,268.27832
46.75,12.0,ascending,267.2543
46.75,12.25,ascending,267.16666
46.75,12.5,ascending,268.32333
46.75,12.75,ascending,269.66333
46.75,13.0,ascending,270.56625
46.75,13.25,ascending,270.80112
46.75,13.5,ascending,271.06445
46.75,13.75,ascending,271.22998
46.75,14.0,ascending,270.95798
46.75,14.25,ascending,271.06284
46.75,14.5,ascending,271.476
46.75,14.75,ascending,272.949
46.75,15.0,ascending,275.0175
46.75,15.25,ascending,276.49908
46.75,15.5,ascending,277.96335
46.75,15.75,ascending,279.39417
46.75,16.0,ascending,280.41464
46.75,16.25,ascending,280.82373
46.75,16.5,ascending,280.81427
46.75,16.75,ascending,280.77182
46.75,19.75,ascending,91.88
46.75,20.0,ascending,259.15646
46.75,20.25,ascending,274.89532
46.75,20.5,ascending,274.59283
46.75,20.75,ascending,274.29166
46.75,21.0,ascending,274.60165
46.75,21.25,ascending,275.127
46.75,21.5,ascending,275.4609
46.75,21.75,ascending,275.60443
46.75,22.0,ascending,275.30112
46.75,22.25,ascending,274.65375
46.75,22.5,ascending,273.68665
46.75,22.75,ascending,272.54144
46.75,23.0,ascending,271.38373
46.75,23.25,ascending,270.28998
46.75,23.5,ascending,269.22125
46.75,23.75,ascending,268.72833
46.75,24.0,ascending,268.75284
46.75,24.25,ascending,270.10715
46.75,24.5,ascending,272.14334
46.75,24.75,ascending,274.45856
46.75,25.0,ascending,276.18167
46.75,25.25,ascending,276.78665
46.75,25.5,ascending,277.4943
46.75,25.75,ascending,278.19165
46.75,26.0,ascending,278.4833
46.75,26.25,ascending,278.645
46.75,26.5,ascending,278.69855
46.75,26.75,ascending,278.68
46.75,27.0,ascending,278.65332
46.75,27.25,ascending,279.656
46.75,27.5,ascending,281.17142
46.75,27.75,ascending,282.43668
46.75,28.0,ascending,283.23166
46.75,28.25,ascending,283.766
46.75,28.5,ascending,284.03333
46.75,28.75,ascending,284.28165
46.75,29.0,ascending,284.62332
46.75,29.25,ascending,285.095
46.75,29.5,ascending,285.25833
46.75,29.75,ascending,285.30713
46.75,30.0,ascending,285.038
46.75,30.25,ascending,284.322
46.75,30.5,ascending,281.79666
46.75,30.75,ascending,277.685
46.75,31.0,ascending,275.09
46.75,31.25,ascending,271.0957
46.75,31.5,ascending,272.2025
46.75,31.75,ascending,271.22165
46.75,32.0,ascending,273.485
46.75,32.25,ascending,279.46573
46.75,32.5,ascending,282.8275
46.75,32.75,ascending,284.336
46.75,33.0,ascending,283.654
46.75,33.25,ascending,282.51428
46.75,33.5,ascending,280.28
46.75,33.75,ascending,278.3875
46.75,34.0,ascending,279.448
46.75,34.25,ascending,281.31332
46.75,34.5,ascending,282.31284
46.75,34.75,ascending,282.35165
46.75,35.0,ascending,281.232
46.75,35.25,ascending,279.95285
46.75,35.5,ascending,278.40427
46.75,35.75,ascending,275.86166
46.75,36.0,ascending,275.225
46.75,36.25,ascending,268.29428
46.75,36.5,ascending,266.13428
46.75,36.75,ascending,258.88284
46.75,37.0,ascending,253.39832
46.75,37.25,ascending,241.32748
46.75,37.5,ascending,234.00284
46.75,37.75,ascending,231.34999
46.75,38.0,ascending,232.05798
47.0,-13.0,ascending,208.19334
47.0,-12.75,ascending,208.3257
47.0,-12.5,ascending,208.37166
47.0,-12.25,ascending,208.3675
47.0,-12.0,ascending,208.57625
47.0,-11.75,ascending,208.87428
47.0,-11.5,ascending,208.7057
47.0,-11.25,ascending,208.47714
47.0,-11.0,ascending,208.57713
47.0,-10.75,ascending,208.69777
47.0,-10.5,ascending,208.62776
47.0,-10.25,ascending,208.55
47.0,-10.0,ascending,208.46999
47.0,-9.75,ascending,208.4709
47.0,-9.5,ascending,209.13182
47.0,-9.25,ascending,211.49461
47.0,-9.0,ascending,217.12285
47.0,-8.75,ascending,224.46231
47.0,-8.5,ascending,231.16687
47.0,-8.25,ascending,235.97781
47.0,-8.0,ascending,237.91667
47.0,-5.0,ascending,211.03917
47.0,-4.75,ascending,211.09312
47.0,-4.5,ascending,210.955
47.0,-4.25,ascending,210.91417
47.0,-4.0,ascending,210.96727
47.0,-3.75,ascending,211.26544
47.0,-3.5,ascending,211.78271
47.0,-3.25,ascending,211.84999
47.0,-3.0,ascending,212.01334
47.0,-2.75,ascending,213.64333
47.0,-2.5,ascending,216.9775
47.0,-2.25,ascending,226.097
47.0,-2.0,ascending,241.15999
47.0,-1.75,ascending,255.45714
47.0,-1.5,ascending,267.96625
47.0,-1.25,ascending,273.38284
47.0,-1.0,ascending,275.34375
47.0,-0.75,ascending,276.315
47.0,-0.5,ascending,276.76666
47.0,-0.25,ascending,276.90143
47.0,-0.0,ascending,269.3722
47.0,0.25,ascending,277.65833
47.0,0.5,ascending,278.28
47.0,0.75,ascending,278.44144
47.0,1.0,ascending,277.78
47.0,1.25,ascending,276.93167
47.0,1.5,ascending,276.2617
47.0,1.75,ascending,275.99667
47.0,2.0,ascending,276.05
47.0,2.25,ascending,276.09198
47.0,2.5,ascending,276.1743
47.0,2.75,ascending,276.47333
47.0,3.0,ascending,276.625
47.0,3.25,ascending,276.56332
47.0,3.5,ascending,276.75668
47.0,3.75,ascending,276.95834
47.0,4.0,ascending,276.83167
47.0,4.25,ascending,276.80402
47.0,4.5,ascending,276.835
47.0,4.75,ascending,276.20166
47.0,5.0,ascending,275.01834
47.0,5.25,ascending,274.18198
47.0,5.5,ascending,273.96143
47.0,5.75,ascending,274.218
47.0,6.0,ascending,274.27286
47.0,6.25,ascending,273.58167
47.0,6.5,ascending,271.94333
47.0,6.75,ascending,270.35858
47.0,7.0,ascending,268.81
47.0,7.25,ascending,269.19666
47.0,7.5,ascending,270.1
47.0,7.75,ascending,270.14716
47.0,8.0,ascending,269.38998
47.0,8.25,ascending,267.81332
47.0,8.5,ascending,265.8157
47.0,8.75,ascending,264.68167
47.0,9.0,ascending,264.72714
47.0,9.25,ascending,264.97333
47.0,9.5,ascending,265.46
47.0,9.75,ascending,265.62598
47.0,10.0,ascending,265.27
47.0,10.25,ascending,264.3033
47.0,10.5,ascending,264.82144
47.0,10.75,ascending,265.38666
47.0,11.0,ascending,266.19873
47.0,11.25,ascending,267.96713
47.0,11.5,ascending,269.29572
47.0,11.75,ascending,269.10623
47.0,12.0,ascending,268.32428
47.0,12.25,ascending,267.67123
47.0,12.5,ascending,268.51428
47.0,12.75,ascending,269.6014
47.0,13.0,ascending,270.87375
47.0,13.25,ascending,271.56332
47.0,13.5,ascending,271.995
47.0,13.75,ascending,272.6743
47.0,14.0,ascending,273.34375
47.0,14.25,ascending,273.822
47.0,14.5,ascending,274.44373
47.0,14.75,ascending,275.063
47.0,15.0,ascending,275.72455
47.0,15.25,ascending,276.07635
47.0,15.5,ascending,276.83167
47.0,15.75,ascending,278.5169
47.0,16.0,ascending,280.064
47.0,16.25,ascending,280.66312
47.0,16.5,ascending,280.40588
47.0,16.75,ascending,280.11124
47.0,19.75,ascending,215.99715
47.0,20.0,ascending,274.47598
47.0,20.25,ascending,273.97665
47.0,20.5,ascending,273.46616
47.0,20.75,ascending,273.43817
47.0,21.0,ascending,273.8891
47.0,21.25,ascending,274.685
47.0,21.5,ascending,275.166
47.0,21.75,ascending,275.31125
47.0,22.0,ascending,275.03668
47.0,22.25,ascending,274.08197
47.0,22.5,ascending,272.94
47.0,22.75,ascending,271.8
47.0,23.0,ascending,270.51874
47.0,23.25,ascending,269.4357
47.0,23.5,ascending,268.705
47.0,23.75,ascending,268.22858
47.0,24.0,ascending,268.85855
47.0,24.25,ascending,270.35
47.0,24.5,ascending,272.5875
47.0,24.75,ascending,274.21832
47.0,25.0,ascending,275.18286
47.0,25.25,ascending,275.82874
47.0,25.5,ascending,276.54166
47.0,25.75,ascending,277.23285
47.0,26.0,ascending,277.692
47.0,26.25,ascending,277.98428
47.0,26.5,ascending,277.87332
47.0,26.75,ascending,277.76
47.0,27.0,ascending,278.43143
47.0,27.25,ascending,279.975
47.0,27.5,ascending,281.18668
47.0,27.75,ascending,281.98712
47.0,28.0,ascending,282.61667
47.0,28.25,ascending,283.13165
47.0,28.5,ascending,283.424
47.0,28.75,ascending,283.72
47.0,29.0,ascending,284.128
47.0,29.25,ascending,284.51498
47.0,29.5,ascending,285.27164
47.0,29.75,ascending,286.086
47.0,30.0,ascending,286.41144
47.0,30.25,ascending,286.126
47.0,30.5,ascending,285.70712
47.0,30.75,ascending,284.428
47.0,31.0,ascending,283.5114
47.0,31.25,ascending,283.12
47.0,31.5,ascending,282.44333
47.0,31.75,ascending,282.00714
47.0,32.0,ascending,282.6133
47.0,32.25,ascending,284.685
47.0,32.5,ascending,286.2383
47.0,32.75,ascending,286.28
47.0,33.0,ascending,285.73
47.0,33.25,ascending,284.46664
47.0,33.5,ascending,281.39716
47.0,33.75,ascending,277.14832
47.0,34.0,ascending,275.65665
47.0,34.25,ascending,275.998
47.0,34.5,ascending,277.3943
47.0,34.75,ascending,277.97165
47.0,35.0,ascending,276.95712
47.0,35.25,ascending,278.11832
47.0,35.5,ascending,280.9783
47.0,35.75,ascending,282.22
47.0,36.0,ascending,281.935
47.0,36.25,ascending,281.71124
47.0,36.5,ascending,280.51855
47.0,36.75,ascending,280.53287
47.0,37.0,ascending,275.78625
47.0,37.25,ascending,271.22284
47.0,37.5,ascending,261.9725
47.0,37.75,ascending,256.02832
47.0,38.0,ascending,255.972
47.25,-13.0,ascending,208.07332
47.25,-12.75,ascending,208.24284
47.25,-12.5,ascending,208.3657
47.25,-12.25,ascending,208.47714
47.25,-12.0,ascending,209.17
47.25,-11.75,ascending,210.19286
47.25,-11.5,ascending,210.48111
47.25,-11.25,ascending,209.7922
47.25,-11.0,ascending,209.46666
47.25,-10.75,ascending,209.25499
47.25,-10.5,ascending,208.97556
47.25,-10.25,ascending,208.68
47.25,-10.0,ascending,208.47777
47.25,-9.75,ascending,208.53198
47.25,-9.5,ascending,209.59819
47.25,-9.25,ascending,212.98634
47.25,-9.0,ascending,219.29384
47.25,-8.75,ascending,226.46143
47.25,-8.5,ascending,233.20842
47.25,-8.25,ascending,237.9343
47.25,-8.0,ascending,240.04399
47.25,-5.25,ascending,210.76399
47.25,-5.0,ascending,210.785
47.25,-4.75,ascending,210.78882
47.25,-4.5,ascending,210.915
47.25,-4.25,ascending,211.27916
47.25,-4.0,ascending,211.93083
47.25,-3.75,ascending,212.658
47.25,-3.5,ascending,213.41
47.25,-3.25,ascending,213.98444
47.25,-3.0,ascending,215.451
47.25,-2.75,ascending,219.99124
47.25,-2.5,ascending,225.07999
47.25,-2.25,ascending,240.396
47.25,-2.0,ascending,254.83142
47.25,-1.75,ascending,265.96124
47.25,-1.5,ascending,272.41284
47.25,-1.25,ascending,274.6857
47.25,-1.0,ascending,275.7914
47.25,-0.75,ascending,276.19427
47.25,-0.5,ascending,276.1857
47.25,-0.25,ascending,275.86166
47.25,-0.0,ascending,266.3414
47.25,0.25,ascending,277.245
47.25,0.5,ascending,278.28665
47.25,0.75,ascending,278.61832
47.25,1.0,ascending,278.42
47.25,1.25,ascending,277.83713
47.25,1.5,ascending,277.235
47.25,1.75,ascending,277.07
47.25,2.0,ascending,276.96
47.25,2.25,ascending,276.93997
47.25,2.5,ascending,277.0833
47.25,2.75,ascending,277.115
47.25,3.0,ascending,276.9
47.25,3.25,ascending,276.72
47.25,3.5,ascending,276.75833
47.25,3.75,ascending,276.61398
47.25,4.0,ascending,276.33334
47.25,4.25,ascending,276.29
47.25,4.5,ascending,276.03
47.25,4.75,ascending,275.24
47.25,5.0,ascending,274.538
47.25,5.25,ascending,274.1733
47.25,5.5,ascending,274.28598
47.25,5.75,ascending,274.57498
47.25,6.0,ascending,274.572
47.25,6.25,ascending,273.98798
47.25,6.5,ascending,272.89426
47.25,6.75,ascending,271.6775
47.25,7.0,ascending,270.30426
47.25,7.25,ascending,269.96832
47.25,7.5,ascending,270.02
47.25,7.75,ascending,269.89832
47.25,8.0,ascending,269.788
47.25,8.25,ascending,268.935
47.25,8.5,ascending,267.7775
47.25,8.75,ascending,266.9475
47.25,9.0,ascending,266.62286
47.25,9.25,ascending,265.05167
47.25,9.5,ascending,264.4643
47.25,9.75,ascending,265.86166
47.25,10.0,ascending,267.142
47.25,10.25,ascending,267.24832
47.25,10.5,ascending,267.59283
47.25,10.75,ascending,267.59
47.25,11.0,ascending,267.82797
47.25,11.25,ascending,268.335
47.25,11.5,ascending,269.28714
47.25,11.75,ascending,269.68
47.25,12.0,ascending,269.48712
47.25,12.25,ascending,269.2457
47.25,12.5,ascending,269.65854
47.25,12.75,ascending,270.54248
47.25,13.0,ascending,271.48624
47.25,13.25,ascending,272.17123
47.25,13.5,ascending,272.6125
47.25,13.75,ascending,273.12778
47.25,14.0,ascending,273.6511
47.25,14.25,ascending,274.1175
47.25,14.5,ascending,274.82098
47.25,14.75,ascending,275.6111
47.25,15.0,ascending,275.91443
47.25,15.25,ascending,275.72092
47.25,15.5,ascending,275.7715
47.25,15.75,ascending,276.93668
47.25,16.0,ascending,278.6133
47.25,16.25,ascending,279.74237
47.25,16.5,ascending,280.008
47.25,16.75,ascending,280.07
47.25,19.5,ascending,273.31497
47.25,19.75,ascending,225.04236
47.25,20.0,ascending,273.17532
47.25,20.25,ascending,273.1246
47.25,20.5,ascending,272.75998
47.25,20.75,ascending,272.6227
47.25,21.0,ascending,272.971
47.25,21.25,ascending,273.57333
47.25,21.5,ascending,273.593
47.25,21.75,ascending,273.29443
47.25,22.0,ascending,273.0975
47.25,22.25,ascending,272.22888
47.25,22.5,ascending,271.49
47.25,22.75,ascending,270.76
47.25,23.0,ascending,270.12857
47.25,23.25,ascending,269.50858
47.25,23.5,ascending,268.96
47.25,23.75,ascending,268.785
47.25,24.0,ascending,269.52335
47.25,24.25,ascending,271.07
47.25,24.5,ascending,272.72333
47.25,24.75,ascending,273.64285
47.25,25.0,ascending,274.225
47.25,25.25,ascending,274.83167
47.25,25.5,ascending,275.83667
47.25,25.75,ascending,276.774
47.25,26.0,ascending,277.4157
47.25,26.25,ascending,277.52
47.25,26.5,ascending,277.06332
47.25,26.75,ascending,277.2314
47.25,27.0,ascending,278.656
47.25,27.25,ascending,280.174
47.25,27.5,ascending,281.13666
47.25,27.75,ascending,281.646
47.25,28.0,ascending,282.18167
47.25,28.25,ascending,282.85165
47.25,28.5,ascending,283.38498
47.25,28.75,ascending,283.84335
47.25,29.0,ascending,284.0
47.25,29.25,ascending,284.27664
47.25,29.5,ascending,285.21002
47.25,29.75,ascending,286.0914
47.25,30.0,ascending,286.405
47.25,30.25,ascending,286.45834
47.25,30.5,ascending,286.52
47.25,30.75,ascending,286.37167
47.25,31.0,ascending,286.034
47.25,31.25,ascending,285.68198
47.25,31.5,ascending,285.49857
47.25,31.75,ascending,285.13748
47.25,32.0,ascending,285.612
47.25,32.25,ascending,286.53
47.25,32.5,ascending,287.24713
47.25,32.75,ascending,287.12167
47.25,33.0,ascending,286.72333
47.25,33.25,ascending,285.895
47.25,33.5,ascending,283.86142
47.25,33.75,ascending,278.95834
47.25,34.0,ascending,272.63
47.25,34.25,ascending,271.074
47.25,34.5,ascending,272.24332
47.25,34.75,ascending,271.94333
47.25,35.0,ascending,269.04572
47.25,35.25,ascending,272.71
47.25,35.5,ascending,278.95
47.25,35.75,ascending,281.78143
47.25,36.0,ascending,282.51715
47.25,36.25,ascending,282.94833
47.25,36.5,ascending,283.53857
47.25,36.75,ascending,283.75665
47.25,37.0,ascending,283.46124
47.25,37.25,ascending,282.39334
47.25,37.5,ascending,279.35715
47.25,37.75,ascending,278.25998
47.25,38.0,ascending,277.1775
47.5,-13.0,ascending,208.13
47.5,-12.75,ascending,208.23833
47.5,-12.5,ascending,208.38873
47.5,-12.25,ascending,208.53833
47.5,-12.0,ascending,209.26445
47.5,-11.75,ascending,210.82713
47.5,-11.5,ascending,211.56
47.5,-11.25,ascending,210.93834
47.5,-11.0,ascending,210.04
47.5,-10.75,ascending,209.35555
47.5,-10.5,ascending,208.9311
47.5,-10.25,ascending,208.599
47.5,-10.0,ascending,208.43091
47.5,-9.75,ascending,208.51555
47.5,-9.5,ascending,209.566
47.5,-9.25,ascending,213.40384
47.5,-9.0,ascending,221.43214
47.5,-8.75,ascending,230.728
47.5,-8.5,ascending,236.80588
47.5,-8.25,ascending,239.38832
47.5,-8.0,ascending,239.62
47.5,-5.5,ascending,210.45999
47.5,-5.25,ascending,210.5657
47.5,-5.0,ascending,210.76132
47.5,-4.75,ascending,211.05882
47.5,-4.5,ascending,211.54333
47.5,-4.25,ascending,212.12
47.5,-4.0,ascending,213.02637
47.5,-3.75,ascending,215.48799
47.5,-3.5,ascending,217.82555
47.5,-3.25,ascending,220.96889
47.5,-3.0,ascending,230.52364
47.5,-2.75,ascending,239.31714
47.5,-2.5,ascending,246.80124
47.5,-2.25,ascending,262.3675
47.5,-2.0,ascending,268.8025
47.5,-1.75,ascending,274.4
47.5,-1.5,ascending,275.34125
47.5,-1.25,ascending,275.9
47.5,-1.0,ascending,276.2875
47.5,-0.75,ascending,276.31857
47.5,-0.5,ascending,275.98712
47.5,-0.25,ascending,276.04
47.5,-0.0,ascending,269.17557
47.5,0.25,ascending,278.11713
47.5,0.5,ascending,278.9943
47.5,0.75,ascending,279.228
47.5,1.0,ascending,279.21857
47.5,1.25,ascending,278.95572
47.5,1.5,ascending,278.3343
47.5,1.75,ascending,277.89832
47.5,2.0,ascending,277.53665
47.5,2.25,ascending,277.404
47.5,2.5,ascending,277.34833
47.5,2.75,ascending,277.31
47.5,3.0,ascending,277.068
47.5,3.25,ascending,276.75168
47.5,3.5,ascending,276.50665
47.5,3.75,ascending,276.275
47.5,4.0,ascending,275.97833
47.5,4.25,ascending,275.76334
47.5,4.5,ascending,275.23666
47.5,4.75,ascending,274.63858
47.5,5.0,ascending,274.32
47.5,5.25,ascending,274.33572
47.5,5.5,ascending,274.47165
47.5,5.75,ascending,274.59665
47.5,6.0,ascending,274.32333
47.5,6.25,ascending,273.41
47.5,6.5,ascending,272.22
47.5,6.75,ascending,271.18332
47.5,7.0,ascending,270.495
47.5,7.25,ascending,270.0414
47.5,7.5,ascending,269.5475
47.5,7.75,ascending,269.11
47.5,8.0,ascending,269.5186
47.5,8.25,ascending,270.085
47.5,8.5,ascending,269.9757
47.5,8.75,ascending,269.085
47.5,9.0,ascending,267.6725
47.5,9.25,ascending,265.865
47.5,9.5,ascending,264.89572
47.5,9.75,ascending,266.54166
47.5,10.0,ascending,268.9
47.5,10.25,ascending,269.77332
47.5,10.5,ascending,269.67
47.5,10.75,ascending,269.22665
47.5,11.0,ascending,268.455
47.5,11.25,ascending,268.11166
47.5,11.5,ascending,268.19427
47.5,11.75,ascending,268.65
47.5,12.0,ascending,268.47858
47.5,12.25,ascending,268.49286
47.5,12.5,ascending,269.22876
47.5,12.75,ascending,270.27142
47.5,13.0,ascending,270.85858
47.5,13.25,ascending,271.2457
47.5,13.5,ascending,271.90125
47.5,13.75,ascending,272.66855
47.5,14.0,ascending,273.19556
47.5,14.25,ascending,273.55334
47.5,14.5,ascending,274.328
47.5,14.75,ascending,275.43362
47.5,15.0,ascending,276.00452
47.5,15.25,ascending,276.04333
47.5,15.5,ascending,275.9125
47.5,15.75,ascending,276.31714
47.5,16.0,ascending,277.02798
47.5,16.25,ascending,277.28998
47.5,16.5,ascending,277.5785
47.5,19.25,ascending,270.91998
47.5,19.5,ascending,271.53577
47.5,19.75,ascending,203.65833
47.5,20.0,ascending,271.70398
47.5,20.25,ascending,271.705
47.5,20.5,ascending,271.33273
47.5,20.75,ascending,270.973
47.5,21.0,ascending,271.003
47.5,21.25,ascending,271.25223
47.5,21.5,ascending,270.82333
47.5,21.75,ascending,270.83334
47.5,22.0,ascending,270.92874
47.5,22.25,ascending,270.81198
47.5,22.5,ascending,270.59283
47.5,22.75,ascending,270.14856
47.5,23.0,ascending,269.68286
47.5,23.25,ascending,268.94666
47.5,23.5,ascending,268.5533
47.5,23.75,ascending,269.0114
47.5,24.0,ascending,270.25284
47.5,24.25,ascending,271.92572
47.5,24.5,ascending,272.78287
47.5,24.75,ascending,273.225
47.5,25.0,ascending,273.68286
47.5,25.25,ascending,274.66
47.5,25.5,ascending,275.94998
47.5,25.75,ascending,276.85834
47.5,26.0,ascending,277.03165
47.5,26.25,ascending,276.4575
47.5,26.5,ascending,276.206
47.5,26.75,ascending,277.05
47.5,27.0,ascending,278.6614
47.5,27.25,ascending,279.96832
47.5,27.5,ascending,280.715
47.5,27.75,ascending,281.51166
47.5,28.0,ascending,282.69284
47.5,28.25,ascending,283.51834
47.5,28.5,ascending,283.86166
47.5,28.75,ascending,283.85748
47.5,29.0,ascending,283.76334
47.5,29.25,ascending,284.19333
47.5,29.5,ascending,285.05
47.5,29.75,ascending,285.296
47.5,30.0,ascending,285.63333
47.5,30.25,ascending,285.83
47.5,30.5,ascending,286.10333
47.5,30.75,ascending,286.278
47.5,31.0,ascending,286.29
47.5,31.25,ascending,286.04572
47.5,31.5,ascending,285.9475
47.5,31.75,ascending,286.2314
47.5,32.0,ascending,286.68
47.5,32.25,ascending,287.08334
47.5,32.5,ascending,287.26715
47.5,32.75,ascending,287.27332
47.5,33.0,ascending,286.91284
47.5,33.25,ascending,285.76334
47.5,33.5,ascending,284.49667
47.5,33.75,ascending,282.04498
47.5,34.0,ascending,276.62997
47.5,34.25,ascending,272.27832
47.5,34.5,ascending,273.69858
47.5,34.75,ascending,271.93832
47.5,35.0,ascending,268.74332
47.5,35.25,ascending,270.20667
47.5,35.5,ascending,277.31284
47.5,35.75,ascending,281.77332
47.5,36.0,ascending,282.38998
47.5,36.25,ascending,282.73
47.5,36.5,ascending,283.34714
47.5,36.75,ascending,283.75998
47.5,37.0,ascending,283.75
47.5,37.25,ascending,283.585
47.5,37.5,ascending,283.14374
47.5,37.75,ascending,283.12668
47.5,38.0,ascending,283.298
47.75,-13.0,ascending,208.44331
47.75,-12.75,ascending,208.41
47.75,-12.5,ascending,208.48714
47.75,-12.25,ascending,208.59
47.75,-12.0,ascending,208.96713
47.75,-11.75,ascending,209.88
47.75,-11.5,ascending,210.72375
47.75,-11.25,ascending,210.69333
47.75,-11.0,ascending,210.0175
47.75,-10.75,ascending,209.14375
47.75,-10.5,ascending,208.61198
47.75,-10.25,ascending,208.4111
47.75,-10.0,ascending,208.375
47.75,-9.75,ascending,208.55092
47.75,-9.5,ascending,209.71999
47.75,-9.25,ascending,212.99454
47.75,-9.0,ascending,219.04768
47.75,-8.75,ascending,226.74284
47.75,-8.5,ascending,232.37999
47.75,-8.25,ascending,236.48946
47.75,-5.5,ascending,210.512
47.75,-5.25,ascending,210.69705
47.75,-5.0,ascending,211.57071
47.75,-4.75,ascending,213.14917
47.75,-4.5,ascending,215.66333
47.75,-4.25,ascending,218.405
47.75,-4.0,ascending,224.43916
47.75,-3.75,ascending,235.20331
47.75,-3.5,ascending,240.73999
47.75,-3.25,ascending,248.75446
47.75,-3.0,ascending,260.15875
47.75,-2.75,ascending,265.11624
47.75,-2.5,ascending,269.4425
47.75,-2.25,ascending,273.7557
47.75,-2.0,ascending,274.75998
47.75,-1.75,ascending,275.33
47.75,-1.5,ascending,275.53427
47.75,-1.25,ascending,275.96
47.75,-1.0,ascending,276.48856
47.75,-0.75,ascending,276.79
47.75,-0.5,ascending,277.10428
47.75,-0.25,ascending,277.51285
47.75,-0.0,ascending,260.53
47.75,0.25,ascending,278.815
47.75,0.5,ascending,279.32166
47.75,0.75,ascending,279.49332
47.75,1.0,ascending,279.43668
47.75,1.25,ascending,279.02
47.75,1.5,ascending,278.38834
47.75,1.75,ascending,277.71332
47.75,2.0,ascending,277.03198
47.75,2.25,ascending,276.8633
47.75,2.5,ascending,276.9833
47.75,2.75,ascending,277.16333
47.75,3.0,ascending,276.99857
47.75,3.25,ascending,276.55334
47.75,3.5,ascending,276.21332
47.75,3.75,ascending,275.97
47.75,4.0,ascending,275.768
47.75,4.25,ascending,275.45667
47.75,4.5,ascending,274.85333
47.75,4.75,ascending,274.492
47.75,5.0,ascending,274.45834
47.75,5.25,ascending,274.55
47.75,5.5,ascending,274.6
47.75,5.75,ascending,274.472
47.75,6.0,ascending,273.76285
47.75,6.25,ascending,272.365
47.75,6.5,ascending,271.262
47.75,6.75,ascending,270.76715
47.75,7.0,ascending,270.57797
47.75,7.25,ascending,270.28998
47.75,7.5,ascending,269.39835
47.75,7.75,ascending,268.81168
47.75,8.0,ascending,269.52335
47.75,8.25,ascending,270.935
47.75,8.5,ascending,271.65427
47.75,8.75,ascending,271.025
47.75,9.0,ascending,269.4371
47.75,9.25,ascending,268.0075
47.75,9.5,ascending,268.28333
47.75,9.75,ascending,269.18832
47.75,10.0,ascending,270.402
47.75,10.25,ascending,271.16284
47.75,10.5,ascending,270.79
47.75,10.75,ascending,269.91333
47.75,11.0,ascending,268.43427
47.75,11.25,ascending,267.29855
47.75,11.5,ascending,266.87167
47.75,11.75,ascending,267.1443
47.75,12.0,ascending,266.835
47.75,12.25,ascending,266.63858
47.75,12.5,ascending,267.56857
47.75,12.75,ascending,269.23666
47.75,13.0,ascending,270.21667
47.75,13.25,ascending,270.61
47.75,13.5,ascending,271.0075
47.75,13.75,ascending,271.7633
47.75,14.0,ascending,272.4625
47.75,14.25,ascending,272.91556
47.75,14.5,ascending,273.75555
47.75,14.75,ascending,275.376
47.75,15.0,ascending,276.88098
47.75,15.25,ascending,277.45273
47.75,15.5,ascending,277.4975
47.75,15.75,ascending,277.25537
47.75,16.0,ascending,277.09332
47.75,16.25,ascending,276.59167
47.75,16.5,ascending,275.71555
47.75,19.25,ascending,270.70502
47.75,19.5,ascending,270.87
47.75,19.75,ascending,203.265
47.75,20.0,ascending,271.0623
47.75,20.25,ascending,270.88455
47.75,20.5,ascending,270.50583
47.75,20.75,ascending,270.02
47.75,21.0,ascending,269.66
47.75,21.25,ascending,269.357
47.75,21.5,ascending,269.05112
47.75,21.75,ascending,269.44855
47.75,22.0,ascending,269.78
47.75,22.25,ascending,269.88428
47.75,22.5,ascending,269.62888
47.75,22.75,ascending,268.9283
47.75,23.0,ascending,268.4225
47.75,23.25,ascending,267.96
47.75,23.5,ascending,268.61667
47.75,23.75,ascending,269.97833
47.75,24.0,ascending,271.3425
47.75,24.25,ascending,272.40332
47.75,24.5,ascending,272.845
47.75,24.75,ascending,273.18713
47.75,25.0,ascending,273.9714
47.75,25.25,ascending,275.115
47.75,25.5,ascending,276.21573
47.75,25.75,ascending,276.66998
47.75,26.0,ascending,276.37714
47.75,26.25,ascending,275.942
47.75,26.5,ascending,276.45712
47.75,26.75,ascending,277.5483
47.75,27.0,ascending,278.59283
47.75,27.25,ascending,279.52
47.75,27.5,ascending,280.72833
47.75,27.75,ascending,282.13
47.75,28.0,ascending,283.128
47.75,28.25,ascending,283.58398
47.75,28.5,ascending,283.6
47.75,28.75,ascending,283.54834
47.75,29.0,ascending,283.59
47.75,29.25,ascending,283.8375
47.75,29.5,ascending,284.07166
47.75,29.75,ascending,284.26834
47.75,30.0,ascending,284.408
47.75,30.25,ascending,284.88666
47.75,30.5,ascending,285.22998
47.75,30.75,ascending,285.83664
47.75,31.0,ascending,286.00833
47.75,31.25,ascending,286.19
47.75,31.5,ascending,286.51834
47.75,31.75,ascending,286.88
47.75,32.0,ascending,287.05716
47.75,32.25,ascending,287.184
47.75,32.5,ascending,287.3225
47.75,32.75,ascending,287.38
47.75,33.0,ascending,286.905
47.75,33.25,ascending,285.5525
47.75,33.5,ascending,284.59665
47.75,33.75,ascending,284.355
47.75,34.0,ascending,282.6
47.75,34.25,ascending,280.37833
47.75,34.5,ascending,280.77164
47.75,34.75,ascending,278.785
47.75,35.0,ascending,274.77
47.75,35.25,ascending,275.284
47.75,35.5,ascending,279.41
47.75,35.75,ascending,282.3343
47.75,36.0,ascending,282.692
47.75,36.25,ascending,282.82428
47.75,36.5,ascending,283.25998
47.75,36.75,ascending,283.52856
47.75,37.0,ascending,283.4457
47.75,37.25,ascending,282.9457
47.75,37.5,ascending,282.27124
47.75,37.75,ascending,282.12714
47.75,38.0,ascending,282.638
48.0,-13.0,ascending,209.11665
48.0,-12.75,ascending,208.80713
48.0,-12.5,ascending,208.63571
48.0,-12.25,ascending,208.7625
48.0,-12.0,ascending,208.94624
48.0,-11.75,ascending,209.09332
48.0,-11.5,ascending,209.285
48.0,-11.25,ascending,209.37856
48.0,-11.0,ascending,209.13333
48.0,-10.75,ascending,208.69444
48.0,-10.5,ascending,208.36111
48.0,-10.25,ascending,208.31999
48.0,-10.0,ascending,208.44545
48.0,-9.75,ascending,208.82
48.0,-9.5,ascending,210.23749
48.0,-9.25,ascending,213.87152
48.0,-9.0,ascending,219.20067
48.0,-8.75,ascending,223.89812
48.0,-8.5,ascending,226.874
48.0,-8.25,ascending,228.93687
48.0,-5.75,ascending,210.44998
48.0,-5.5,ascending,210.57588
48.0,-5.25,ascending,211.34532
48.0,-5.0,ascending,213.62215
48.0,-4.75,ascending,218.08818
48.0,-4.5,ascending,225.51363
48.0,-4.25,ascending,235.34
48.0,-4.0,ascending,248.37364
48.0,-3.75,ascending,259.6075
48.0,-3.5,ascending,265.66223
48.0,-3.25,ascending,270.45886
48.0,-3.0,ascending,273.775
48.0,-2.75,ascending,274.44855
48.0,-2.5,ascending,274.8422
48.0,-2.25,ascending,275.05624
48.0,-2.0,ascending,274.88998
48.0,-1.75,ascending,274.77664
48.0,-1.5,ascending,275.02777
48.0,-1.25,ascending,275.67166
48.0,-1.0,ascending,276.2914
48.0,-0.75,ascending,277.2157
48.0,-0.5,ascending,277.9357
48.0,-0.25,ascending,278.53287
48.0,-0.0,ascending,268.6057
48.0,0.25,ascending,278.94427
48.0,0.5,ascending,278.81427
48.0,0.75,ascending,278.51666
48.0,1.0,ascending,278.2686
48.0,1.25,ascending,277.84
48.0,1.5,ascending,277.1
48.0,1.75,ascending,276.65164
48.0,2.0,ascending,276.2225
48.0,2.25,ascending,276.35165
48.0,2.5,ascending,276.74332
48.0,2.75,ascending,276.85498
48.0,3.0,ascending,276.6
48.0,3.25,ascending,276.21002
48.0,3.5,ascending,275.8633
48.0,3.75,ascending,275.68164
48.0,4.0,ascending,275.48715
48.0,4.25,ascending,275.09198
48.0,4.5,ascending,274.54333
48.0,4.75,ascending,274.275
48.0,5.0,ascending,274.32
48.0,5.25,ascending,274.32
48.0,5.5,ascending,274.274
48.0,5.75,ascending,273.80713
48.0,6.0,ascending,272.872
48.0,6.25,ascending,271.66428
48.0,6.5,ascending,270.535
48.0,6.75,ascending,270.354
48.0,7.0,ascending,270.64835
48.0,7.25,ascending,270.69333
48.0,7.5,ascending,269.99332
48.0,7.75,ascending,269.11
48.0,8.0,ascending,269.91165
48.0,8.25,ascending,271.43832
48.0,8.5,ascending,272.13666
48.0,8.75,ascending,271.97
48.0,9.0,ascending,271.4714
48.0,9.25,ascending,270.81998
48.0,9.5,ascending,271.275
48.0,9.75,ascending,271.0957
48.0,10.0,ascending,271.285
48.0,10.25,ascending,271.3643
48.0,10.5,ascending,270.96286
48.0,10.75,ascending,269.54166
48.0,11.0,ascending,267.99667
48.0,11.25,ascending,266.6743
48.0,11.5,ascending,266.1157
48.0,11.75,ascending,266.04855
48.0,12.0,ascending,266.11
48.0,12.25,ascending,266.02426
48.0,12.5,ascending,266.61002
48.0,12.75,ascending,268.22775
48.0,13.0,ascending,269.92572
48.0,13.25,ascending,270.72
48.0,13.5,ascending,271.09375
48.0,13.75,ascending,271.42374
48.0,14.0,ascending,271.924
48.0,14.25,ascending,272.59665
48.0,14.5,ascending,273.46
48.0,14.75,ascending,274.794
48.0,15.0,ascending,276.30637
48.0,15.25,ascending,277.44
48.0,15.5,ascending,277.82416
48.0,15.75,ascending,277.60214
48.0,16.0,ascending,276.8711
48.0,16.25,ascending,276.41104
48.0,16.5,ascending,276.02072
48.0,19.0,ascending,270.20798
48.0,19.25,ascending,270.48108
48.0,19.5,ascending,270.49
48.0,19.75,ascending,202.92915
48.0,20.0,ascending,270.60165
48.0,20.25,ascending,270.41415
48.0,20.5,ascending,270.08197
48.0,20.75,ascending,269.58398
48.0,21.0,ascending,268.93
48.0,21.25,ascending,268.36298
48.0,21.5,ascending,268.1425
48.0,21.75,ascending,268.375
48.0,22.0,ascending,268.578
48.0,22.25,ascending,268.715
48.0,22.5,ascending,268.4475
48.0,22.75,ascending,267.8475
48.0,23.0,ascending,267.68
48.0,23.25,ascending,268.2457
48.0,23.5,ascending,269.33667
48.0,23.75,ascending,270.50333
48.0,24.0,ascending,271.44858
48.0,24.25,ascending,272.07855
48.0,24.5,ascending,272.49142
48.0,24.75,ascending,273.14166
48.0,25.0,ascending,274.20166
48.0,25.25,ascending,275.39285
48.0,25.5,ascending,276.23502
48.0,25.75,ascending,276.545
48.0,26.0,ascending,276.53
48.0,26.25,ascending,276.76334
48.0,26.5,ascending,277.55856
48.0,26.75,ascending,278.2383
48.0,27.0,ascending,278.76202
48.0,27.25,ascending,279.548
48.0,27.5,ascending,280.57498
48.0,27.75,ascending,281.58
48.0,28.0,ascending,282.25998
48.0,28.25,ascending,282.62167
48.0,28.5,ascending,282.72998
48.0,28.75,ascending,283.07166
48.0,29.0,ascending,283.085
48.0,29.25,ascending,282.82333
48.0,29.5,ascending,282.77835
48.0,29.75,ascending,282.77832
48.0,30.0,ascending,283.41666
48.0,30.25,ascending,283.90714
48.0,30.5,ascending,284.572
48.0,30.75,ascending,285.1014
48.0,31.0,ascending,285.602
48.0,31.25,ascending,286.20667
48.0,31.5,ascending,286.5957
48.0,31.75,ascending,286.66
48.0,32.0,ascending,286.805
48.0,32.25,ascending,286.96198
48.0,32.5,ascending,287.15
48.0,32.75,ascending,287.24167
48.0,33.0,ascending,286.94833
48.0,33.25,ascending,285.91
48.0,33.5,ascending,285.24167
48.0,33.75,ascending,285.57333
48.0,34.0,ascending,285.27856
48.0,34.25,ascending,284.25
48.0,34.5,ascending,283.40802
48.0,34.75,ascending,282.08572
48.0,35.0,ascending,279.36002
48.0,35.25,ascending,279.07
48.0,35.5,ascending,281.77
48.0,35.75,ascending,282.865
48.0,36.0,ascending,282.9157
48.0,36.25,ascending,283.0043
48.0,36.5,ascending,283.16144
48.0,36.75,ascending,283.29
48.0,37.0,ascending,283.13123
48.0,37.25,ascending,282.70856
48.0,37.5,ascending,282.1133
48.0,37.75,ascending,281.39124
48.0,38.0,ascending,281.232
48.25,-13.0,ascending,209.24666
48.25,-12.75,ascending,208.9357
48.25,-12.5,ascending,208.74571
48.25,-12.25,ascending,208.87141
48.25,-12.0,ascending,209.13142
48.25,-11.75,ascending,209.09749
48.25,-11.5,ascending,208.77556
48.25,-11.25,ascending,208.46625
48.25,-11.0,ascending,208.33875
48.25,-10.75,ascending,208.18625
48.25,-10.5,ascending,208.17221
48.25,-10.25,ascending,208.21
48.25,-10.0,ascending,208.40111
48.25,-9.75,ascending,209.0709
48.25,-9.5,ascending,211.23584
48.25,-9.25,ascending,215.46999
48.25,-9.0,ascending,221.93922
48.25,-8.75,ascending,227.002
48.25,-8.5,ascending,228.40332
48.25,-8.25,ascending,228.39417
48.25,-6.0,ascending,210.5
48.25,-5.75,ascending,210.49356
48.25,-5.5,ascending,210.80333
48.25,-5.25,ascending,212.03384
48.25,-5.0,ascending,215.23357
48.25,-4.75,ascending,222.20636
48.25,-4.5,ascending,231.75
48.25,-4.25,ascending,244.30801
48.25,-4.0,ascending,257.40997
48.25,-3.75,ascending,266.7689
48.25,-3.5,ascending,271.88443
48.25,-3.25,ascending,273.7125
48.25,-3.0,ascending,274.37286
48.25,-2.75,ascending,274.565
48.25,-2.5,ascending,273.4425
48.25,-2.25,ascending,273.39142
48.25,-2.0,ascending,271.975
48.25,-1.75,ascending,272.27167
48.25,-1.5,ascending,271.82
48.25,-1.25,ascending,273.275
48.25,-1.0,ascending,274.17856
48.25,-0.75,ascending,276.3633
48.25,-0.5,ascending,277.94333
48.25,-0.25,ascending,278.67667
48.25,-0.0,ascending,262.80667
48.25,0.25,ascending,278.43283
48.25,0.5,ascending,277.955
48.25,0.75,ascending,277.53998
48.25,1.0,ascending,277.2383
48.25,1.25,ascending,276.84164
48.25,1.5,ascending,276.40286
48.25,1.75,ascending,276.086
48.25,2.0,ascending,276.188
48.25,2.25,ascending,276.528
48.25,2.5,ascending,276.638
48.25,2.75,ascending,276.302
48.25,3.0,ascending,275.79834
48.25,3.25,ascending,275.58832
48.25,3.5,ascending,275.40833
48.25,3.75,ascending,275.33835
48.25,4.0,ascending,275.128
48.25,4.25,ascending,274.662
48.25,4.5,ascending,273.865
48.25,4.75,ascending,273.6475
48.25,5.0,ascending,273.41998
48.25,5.25,ascending,273.495
48.25,5.5,ascending,273.15
48.25,5.75,ascending,272.74
48.25,6.0,ascending,271.30667
48.25,6.25,ascending,269.98334
48.25,6.5,ascending,269.47
48.25,6.75,ascending,269.605
48.25,7.0,ascending,270.38333
48.25,7.25,ascending,271.00497
48.25,7.5,ascending,270.67715
48.25,7.75,ascending,269.76834
48.25,8.0,ascending,270.18832
48.25,8.25,ascending,271.66998
48.25,8.5,ascending,272.6133
48.25,8.75,ascending,272.74332
48.25,9.0,ascending,272.535
48.25,9.25,ascending,272.35666
48.25,9.5,ascending,272.41998
48.25,9.75,ascending,272.06
48.25,10.0,ascending,271.61
48.25,10.25,ascending,271.22598
48.25,10.5,ascending,270.645
48.25,10.75,ascending,269.27856
48.25,11.0,ascending,267.93665
48.25,11.25,ascending,267.055
48.25,11.5,ascending,266.62
48.25,11.75,ascending,266.32333
48.25,12.0,ascending,266.4125
48.25,12.25,ascending,266.545
48.25,12.5,ascending,266.9625
48.25,12.75,ascending,268.11832
48.25,13.0,ascending,269.42776
48.25,13.25,ascending,270.5225
48.25,13.5,ascending,271.25
48.25,13.75,ascending,271.60126
48.25,14.0,ascending,271.895
48.25,14.25,ascending,272.56998
48.25,14.5,ascending,273.61453
48.25,14.75,ascending,274.43777
48.25,15.0,ascending,274.773
48.25,15.25,ascending,274.88333
48.25,15.5,ascending,275.12308
48.25,15.75,ascending,275.06305
48.25,16.0,ascending,274.4
48.25,16.25,ascending,274.0335
48.25,16.5,ascending,273.8811
48.25,18.75,ascending,269.33
48.25,19.0,ascending,269.54642
48.25,19.25,ascending,269.34296
48.25,19.5,ascending,269.16614
48.25,19.75,ascending,246.63666
48.25,20.0,ascending,220.30273
48.25,20.25,ascending,269.14636
48.25,20.5,ascending,269.12997
48.25,20.75,ascending,268.98666
48.25,21.0,ascending,268.706
48.25,21.25,ascending,268.50626
48.25,21.5,ascending,268.34875
48.25,21.75,ascending,268.2675
48.25,22.0,ascending,268.17554
48.25,22.25,ascending,267.97665
48.25,22.5,ascending,267.73874
48.25,22.75,ascending,267.69714
48.25,23.0,ascending,268.29285
48.25,23.25,ascending,269.04666
48.25,23.5,ascending,270.0025
48.25,23.75,ascending,270.8257
48.25,24.0,ascending,271.25287
48.25,24.25,ascending,271.80832
48.25,24.5,ascending,272.56665
48.25,24.75,ascending,273.41333
48.25,25.0,ascending,274.09332
48.25,25.25,ascending,274.87833
48.25,25.5,ascending,275.88666
48.25,25.75,ascending,276.662
48.25,26.0,ascending,277.2175
48.25,26.25,ascending,277.78198
48.25,26.5,ascending,278.35
48.25,26.75,ascending,278.798
48.25,27.0,ascending,279.07428
48.25,27.25,ascending,279.21335
48.25,27.5,ascending,279.392
48.25,27.75,ascending,279.88498
48.25,28.0,ascending,280.495
48.25,28.25,ascending,281.038
48.25,28.5,ascending,281.24667
48.25,28.75,ascending,281.78665
48.25,29.0,ascending,281.465
48.25,29.25,ascending,281.1325
48.25,29.5,ascending,280.97
48.25,29.75,ascending,281.495
48.25,30.0,ascending,282.38498
48.25,30.25,ascending,283.10248
48.25,30.5,ascending,283.68857
48.25,30.75,ascending,284.345
48.25,31.0,ascending,285.01834
48.25,31.25,ascending,285.52
48.25,31.5,ascending,285.77997
48.25,31.75,ascending,285.906
48.25,32.0,ascending,286.01
48.25,32.25,ascending,286.01498
48.25,32.5,ascending,286.16833
48.25,32.75,ascending,286.36713
48.25,33.0,ascending,286.15665
48.25,33.25,ascending,285.88168
48.25,33.5,ascending,285.62833
48.25,33.75,ascending,285.2875
48.25,34.0,ascending,283.655
48.25,34.25,ascending,282.36713
48.25,34.5,ascending,281.89664
48.25,34.75,ascending,281.098
48.25,35.0,ascending,279.92667
48.25,35.25,ascending,279.93167
48.25,35.5,ascending,281.94333
48.25,35.75,ascending,282.926
48.25,36.0,ascending,283.0057
48.25,36.25,ascending,283.15
48.25,36.5,ascending,283.27426
48.25,36.75,ascending,283.15286
48.25,37.0,ascending,282.87143
48.25,37.25,ascending,282.64142
48.25,37.5,ascending,282.49222
48.25,37.75,ascending,282.14124
48.25,38.0,ascending,281.6525
48.5,-13.0,ascending,208.91333
48.5,-12.75,ascending,208.78572
48.5,-12.5,ascending,208.83125
48.5,-12.25,ascending,208.97142
48.5,-12.0,ascending,209.10124
48.5,-11.75,ascending,209.08427
48.5,-11.5,ascending,208.62999
48.5,-11.25,ascending,208.175
48.5,-11.0,ascending,207.95798
48.5,-10.75,ascending,207.92499
48.5,-10.5,ascending,208.04399
48.5,-10.25,ascending,208.20999
48.5,-10.0,ascending,208.46454
48.5,-9.75,ascending,209.54668
48.5,-9.5,ascending,212.25455
48.5,-9.25,ascending,217.04077
48.5,-9.0,ascending,222.40874
48.5,-8.75,ascending,226.29176
48.5,-8.5,ascending,227.45549
48.5,-8.25,ascending,227.70375
48.5,-6.0,ascending,210.55333
48.5,-5.75,ascending,210.60666
48.5,-5.5,ascending,211.11467
48.5,-5.25,ascending,213.00784
48.5,-5.0,ascending,217.60834
48.5,-4.75,ascending,225.0711
48.5,-4.5,ascending,235.73273
48.5,-4.25,ascending,246.56909
48.5,-4.0,ascending,254.13889
48.5,-3.75,ascending,260.59
48.5,-3.5,ascending,265.26776
48.5,-3.25,ascending,265.4375
48.5,-3.0,ascending,266.835
48.5,-2.75,ascending,264.8722
48.5,-2.5,ascending,261.52856
48.5,-2.25,ascending,260.24374
48.5,-2.0,ascending,255.58858
48.5,-1.75,ascending,257.95248
48.5,-1.5,ascending,257.23
48.5,-1.25,ascending,263.27856
48.5,-1.0,ascending,268.78857
48.5,-0.75,ascending,274.73
48.5,-0.5,ascending,277.60428
48.5,-0.25,ascending,278.44498
48.5,-0.0,ascending,268.1143
48.5,0.25,ascending,278.04834
48.5,0.5,ascending,277.73285
48.5,0.75,ascending,277.552
48.5,1.0,ascending,277.30856
48.5,1.25,ascending,277.05
48.5,1.5,ascending,276.785
48.5,1.75,ascending,276.85666
48.5,2.0,ascending,276.91165
48.5,2.25,ascending,276.43668
48.5,2.5,ascending,275.51166
48.5,2.75,ascending,274.965
48.5,3.0,ascending,275.07834
48.5,3.25,ascending,275.294
48.5,3.5,ascending,275.346
48.5,3.75,ascending,275.295
48.5,4.0,ascending,274.85715
48.5,4.25,ascending,274.122
48.5,4.5,ascending,273.27
48.5,4.75,ascending,272.64166
48.5,5.0,ascending,272.30402
48.5,5.25,ascending,272.37332
48.5,5.5,ascending,271.68
48.5,5.75,ascending,270.8583
48.5,6.0,ascending,269.14664
48.5,6.25,ascending,267.878
48.5,6.5,ascending,268.06497
48.5,6.75,ascending,268.93668
48.5,7.0,ascending,270.44144
48.5,7.25,ascending,271.504
48.5,7.5,ascending,271.4925
48.5,7.75,ascending,270.82748
48.5,8.0,ascending,270.82
48.5,8.25,ascending,271.86002
48.5,8.5,ascending,273.03
48.5,8.75,ascending,273.40332
48.5,9.0,ascending,272.96286
48.5,9.25,ascending,272.62
48.5,9.5,ascending,272.744
48.5,9.75,ascending,272.79428
48.5,10.0,ascending,272.34665
48.5,10.25,ascending,271.58875
48.5,10.5,ascending,270.22665
48.5,10.75,ascending,269.07498
48.5,11.0,ascending,268.255
48.5,11.25,ascending,267.98166
48.5,11.5,ascending,268.18832
48.5,11.75,ascending,267.94427
48.5,12.0,ascending,268.07858
48.5,12.25,ascending,267.6614
48.5,12.5,ascending,267.87375
48.5,12.75,ascending,268.60428
48.5,13.0,ascending,269.83572
48.5,13.25,ascending,270.94873
48.5,13.5,ascending,271.66876
48.5,13.75,ascending,271.93375
48.5,14.0,ascending,272.0722
48.5,14.25,ascending,272.59
48.5,14.5,ascending,273.393
48.5,14.75,ascending,273.75998
48.5,15.0,ascending,273.51498
48.5,15.25,ascending,273.09164
48.5,15.5,ascending,273.08914
48.5,15.75,ascending,273.07312
48.5,16.0,ascending,272.91278
48.5,16.25,ascending,272.64
48.5,16.5,ascending,272.6225
48.5,18.75,ascending,268.6911
48.5,19.0,ascending,268.56223
48.5,19.25,ascending,268.25427
48.5,19.5,ascending,268.1275
48.5,19.75,ascending,268.15
48.5,20.0,ascending,201.24916
48.5,20.25,ascending,268.445
48.5,20.5,ascending,268.56555
48.5,20.75,ascending,268.6611
48.5,21.0,ascending,268.74777
48.5,21.25,ascending,268.78375
48.5,21.5,ascending,268.65625
48.5,21.75,ascending,268.40375
48.5,22.0,ascending,268.14142
48.5,22.25,ascending,268.07
48.5,22.5,ascending,268.335
48.5,22.75,ascending,268.91
48.5,23.0,ascending,269.53375
48.5,23.25,ascending,270.10666
48.5,23.5,ascending,270.7557
48.5,23.75,ascending,271.2657
48.5,24.0,ascending,271.74167
48.5,24.25,ascending,272.30142
48.5,24.5,ascending,272.75
48.5,24.75,ascending,273.08145
48.5,25.0,ascending,273.57834
48.5,25.25,ascending,274.525
48.5,25.5,ascending,275.87
48.5,25.75,ascending,276.87833
48.5,26.0,ascending,277.645
48.5,26.25,ascending,278.2617
48.5,26.5,ascending,278.67667
48.5,26.75,ascending,278.81833
48.5,27.0,ascending,278.44498
48.5,27.25,ascending,277.955
48.5,27.5,ascending,278.04666
48.5,27.75,ascending,278.34198
48.5,28.0,ascending,278.435
48.5,28.25,ascending,278.64163
48.5,28.5,ascending,278.534
48.5,28.75,ascending,278.81165
48.5,29.0,ascending,278.48666
48.5,29.25,ascending,278.70166
48.5,29.5,ascending,278.998
48.5,29.75,ascending,280.11667
48.5,30.0,ascending,281.34332
48.5,30.25,ascending,281.88333
48.5,30.5,ascending,282.246
48.5,30.75,ascending,283.13858
48.5,31.0,ascending,283.65665
48.5,31.25,ascending,284.07797
48.5,31.5,ascending,284.59
48.5,31.75,ascending,284.84
48.5,32.0,ascending,284.78333
48.5,32.25,ascending,284.44333
48.5,32.5,ascending,283.79144
48.5,32.75,ascending,282.61832
48.5,33.0,ascending,282.17667
48.5,33.25,ascending,283.08167
48.5,33.5,ascending,284.0114
48.5,33.75,ascending,283.03
48.5,34.0,ascending,279.98798
48.5,34.25,ascending,278.11142
48.5,34.5,ascending,279.09332
48.5,34.75,ascending,280.58572
48.5,35.0,ascending,280.56
48.5,35.25,ascending,280.78854
48.5,35.5,ascending,282.12668
48.5,35.75,ascending,283.12875
48.5,36.0,ascending,283.43857
48.5,36.25,ascending,283.6275
48.5,36.5,ascending,283.66333
48.5,36.75,ascending,283.47498
48.5,37.0,ascending,282.89285
48.5,37.25,ascending,282.35715
48.5,37.5,ascending,282.29855
48.5,37.75,ascending,282.72
48.5,38.0,ascending,282.814
48.75,-13.0,ascending,208.65
48.75,-12.75,ascending,208.65572
48.75,-12.5,ascending,208.87428
48.75,-12.25,ascending,209.02571
48.75,-12.0,ascending,208.88428
48.75,-11.75,ascending,208.68713
48.75,-11.5,ascending,208.28667
48.75,-11.25,ascending,207.92714
48.75,-11.0,ascending,207.76285
48.75,-10.75,ascending,207.7922
48.75,-10.5,ascending,208.01776
48.75,-10.25,ascending,208.3089
48.75,-10.0,ascending,208.663
48.75,-9.75,ascending,209.899
48.75,-9.5,ascending,213.93
48.75,-9.25,ascending,220.53416
48.75,-9.0,ascending,225.59714
48.75,-8.75,ascending,226.10187
48.75,-8.5,ascending,225.19958
48.75,-8.25,ascending,225.63666
48.75,-6.25,ascending,210.54333
48.75,-6.0,ascending,210.53722
48.75,-5.75,ascending,210.63081
48.75,-5.5,ascending,210.95465
48.75,-5.25,ascending,211.88332
48.75,-5.0,ascending,213.91635
48.75,-4.75,ascending,218.618
48.75,-4.5,ascending,224.91399
48.75,-4.25,ascending,226.47443
48.75,-4.0,ascending,231.79332
48.75,-3.75,ascending,239.22374
48.75,-3.5,ascending,241.1375
48.75,-3.25,ascending,241.245
48.75,-3.0,ascending,244.75713
48.75,-2.75,ascending,238.92499
48.75,-2.5,ascending,236.38249
48.75,-2.25,ascending,233.21
48.75,-2.0,ascending,231.89374
48.75,-1.75,ascending,234.25667
48.75,-1.5,ascending,240.80165
48.75,-1.25,ascending,253.66429
48.75,-1.0,ascending,266.51666
48.75,-0.75,ascending,273.82834
48.75,-0.5,ascending,276.81497
48.75,-0.25,ascending,277.39142
48.75,-0.0,ascending,259.53125
48.75,0.25,ascending,276.612
48.75,0.5,ascending,276.94165
48.75,0.75,ascending,277.15833
48.75,1.0,ascending,277.4833
48.75,1.25,ascending,277.48798
48.75,1.5,ascending,277.37427
48.75,1.75,ascending,277.15
48.75,2.0,ascending,276.37997
48.75,2.25,ascending,275.06833
48.75,2.5,ascending,274.14166
48.75,2.75,ascending,274.43668
48.75,3.0,ascending,275.116
48.75,3.25,ascending,275.465
48.75,3.5,ascending,275.495
48.75,3.75,ascending,275.232
48.75,4.0,ascending,274.562
48.75,4.25,ascending,273.54666
48.75,4.5,ascending,272.656
48.75,4.75,ascending,272.102
48.75,5.0,ascending,271.86832
48.75,5.25,ascending,271.434
48.75,5.5,ascending,270.23798
48.75,5.75,ascending,268.63
48.75,6.0,ascending,267.0075
48.75,6.25,ascending,266.59665
48.75,6.5,ascending,267.61832
48.75,6.75,ascending,269.43332
48.75,7.0,ascending,271.1475
48.75,7.25,ascending,272.324
48.75,7.5,ascending,272.49667
48.75,7.75,ascending,272.295
48.75,8.0,ascending,272.13168
48.75,8.25,ascending,272.175
48.75,8.5,ascending,272.72
48.75,8.75,ascending,273.34198
48.75,9.0,ascending,272.80716
48.75,9.25,ascending,272.23166
48.75,9.5,ascending,272.62833
48.75,9.75,ascending,272.822
48.75,10.0,ascending,272.70834
48.75,10.25,ascending,272.336
48.75,10.5,ascending,271.04715
48.75,10.75,ascending,269.75665
48.75,11.0,ascending,269.62668
48.75,11.25,ascending,269.82428
48.75,11.5,ascending,270.27286
48.75,11.75,ascending,270.68375
48.75,12.0,ascending,270.27664
48.75,12.25,ascending,269.86374
48.75,12.5,ascending,269.2383
48.75,12.75,ascending,269.8375
48.75,13.0,ascending,270.96222
48.75,13.25,ascending,271.80573
48.75,13.5,ascending,272.2
48.75,13.75,ascending,272.29428
48.75,14.0,ascending,272.1422
48.75,14.25,ascending,272.145
48.75,14.5,ascending,272.33698
48.75,14.75,ascending,272.66888
48.75,15.0,ascending,272.544
48.75,15.25,ascending,272.13455
48.75,15.5,ascending,271.89786
48.75,15.75,ascending,271.8877
48.75,16.0,ascending,271.95944
48.75,16.25,ascending,271.77
48.75,16.5,ascending,271.97998
48.75,18.5,ascending,268.5875
48.75,18.75,ascending,268.32645
48.75,19.0,ascending,268.18176
48.75,19.25,ascending,268.12167
48.75,19.5,ascending,268.13666
48.75,19.75,ascending,268.23898
48.75,20.0,ascending,170.82454
48.75,20.25,ascending,268.693
48.75,20.5,ascending,268.88443
48.75,20.75,ascending,269.01373
48.75,21.0,ascending,269.0422
48.75,21.25,ascending,268.98126
48.75,21.5,ascending,268.7333
48.75,21.75,ascending,268.6314
48.75,22.0,ascending,268.66855
48.75,22.25,ascending,269.04623
48.75,22.5,ascending,269.63998
48.75,22.75,ascending,270.1657
48.75,23.0,ascending,270.44833
48.75,23.25,ascending,270.75626
48.75,23.5,ascending,271.24332
48.75,23.75,ascending,271.78833
48.75,24.0,ascending,272.09857
48.75,24.25,ascending,272.26202
48.75,24.5,ascending,272.19998
48.75,24.75,ascending,272.61667
48.75,25.0,ascending,273.42667
48.75,25.25,ascending,274.442
48.75,25.5,ascending,275.48428
48.75,25.75,ascending,276.576
48.75,26.0,ascending,277.35666
48.75,26.25,ascending,277.88834
48.75,26.5,ascending,278.35165
48.75,26.75,ascending,278.414
48.75,27.0,ascending,278.06
48.75,27.25,ascending,277.78165
48.75,27.5,ascending,277.52
48.75,27.75,ascending,277.208
48.75,28.0,ascending,276.20834
48.75,28.25,ascending,275.74332
48.75,28.5,ascending,275.352
48.75,28.75,ascending,275.464
48.75,29.0,ascending,275.44165
48.75,29.25,ascending,276.235
48.75,29.5,ascending,277.21573
48.75,29.75,ascending,278.4975
48.75,30.0,ascending,279.38498
48.75,30.25,ascending,279.542
48.75,30.5,ascending,280.388
48.75,30.75,ascending,281.06665
48.75,31.0,ascending,281.55402
48.75,31.25,ascending,282.362
48.75,31.5,ascending,282.87332
48.75,31.75,ascending,283.125
48.75,32.0,ascending,282.49
48.75,32.25,ascending,280.68497
48.75,32.5,ascending,277.43
48.75,32.75,ascending,273.39166
48.75,33.0,ascending,272.31998
48.75,33.25,ascending,276.39716
48.75,33.5,ascending,280.11832
48.75,33.75,ascending,280.06998
48.75,34.0,ascending,278.174
48.75,34.25,ascending,277.252
48.75,34.5,ascending,278.93668
48.75,34.75,ascending,281.29834
48.75,35.0,ascending,282.1914
48.75,35.25,ascending,282.148
48.75,35.5,ascending,283.0183
48.75,35.75,ascending,283.8157
48.75,36.0,ascending,283.88666
48.75,36.25,ascending,283.82834
48.75,36.5,ascending,283.80856
48.75,36.75,ascending,283.66855
48.75,37.0,ascending,283.28857
48.75,37.25,ascending,282.27875
48.75,37.5,ascending,281.7457
48.75,37.75,ascending,282.19223
48.75,38.0,ascending,282.748
49.0,-13.0,ascending,208.83499
49.0,-12.75,ascending,208.91713
49.0,-12.5,ascending,208.93
49.0,-12.25,ascending,208.94374
49.0,-12.0,ascending,208.73
49.0,-11.75,ascending,208.3275
49.0,-11.5,ascending,207.96443
49.0,-11.25,ascending,207.76749
49.0,-11.0,ascending,207.701
49.0,-10.75,ascending,207.7775
49.0,-10.5,ascending,208.00555
49.0,-10.25,ascending,208.396
49.0,-10.0,ascending,208.991
49.0,-9.75,ascending,210.325
49.0,-9.5,ascending,214.3725
49.0,-9.25,ascending,222.00154
49.0,-9.0,ascending,228.58687
49.0,-8.75,ascending,229.35889
49.0,-8.5,ascending,226.35046
49.0,-6.5,ascending,210.51999
49.0,-6.25,ascending,210.52141
49.0,-6.0,ascending,210.636
49.0,-5.75,ascending,210.7925
49.0,-5.5,ascending,211.08858
49.0,-5.25,ascending,211.6109
49.0,-5.0,ascending,212.37001
49.0,-4.75,ascending,213.56444
49.0,-4.5,ascending,215.156
49.0,-4.25,ascending,215.56555
49.0,-4.0,ascending,217.57874
49.0,-3.75,ascending,219.53624
49.0,-3.5,ascending,218.95499
49.0,-3.25,ascending,220.40999
49.0,-3.0,ascending,222.15111
49.0,-2.75,ascending,221.27124
49.0,-2.5,ascending,222.11427
49.0,-2.25,ascending,221.19
49.0,-2.0,ascending,221.54834
49.0,-1.75,ascending,225.40714
49.0,-1.5,ascending,238.32625
49.0,-1.25,ascending,253.885
49.0,-1.0,ascending,266.49142
49.0,-0.75,ascending,271.5
49.0,-0.5,ascending,272.99
49.0,-0.25,ascending,269.16714
49.0,-0.0,ascending,254.70999
49.0,0.25,ascending,268.88397
49.0,0.5,ascending,271.0114
49.0,0.75,ascending,274.138
49.0,1.0,ascending,276.1957
49.0,1.25,ascending,276.61166
49.0,1.5,ascending,276.50668
49.0,1.75,ascending,276.294
49.0,2.0,ascending,275.736
49.0,2.25,ascending,275.11002
49.0,2.5,ascending,275.18332
49.0,2.75,ascending,275.52832
49.0,3.0,ascending,275.68332
49.0,3.25,ascending,275.63998
49.0,3.5,ascending,275.39334
49.0,3.75,ascending,274.665
49.0,4.0,ascending,273.65332
49.0,4.25,ascending,272.68
49.0,4.5,ascending,272.16144
49.0,4.75,ascending,271.746
49.0,5.0,ascending,271.40143
49.0,5.25,ascending,270.692
49.0,5.5,ascending,269.625
49.0,5.75,ascending,267.96667
49.0,6.0,ascending,266.49832
49.0,6.25,ascending,266.70334
49.0,6.5,ascending,268.23798
49.0,6.75,ascending,270.41998
49.0,7.0,ascending,272.02832
49.0,7.25,ascending,273.19666
49.0,7.5,ascending,273.87167
49.0,7.75,ascending,274.13666
49.0,8.0,ascending,273.51715
49.0,8.25,ascending,272.47
49.0,8.5,ascending,272.41333
49.0,8.75,ascending,272.962
49.0,9.0,ascending,272.58398
49.0,9.25,ascending,271.84283
49.0,9.5,ascending,271.99167
49.0,9.75,ascending,272.035
49.0,10.0,ascending,271.97998
49.0,10.25,ascending,272.19
49.0,10.5,ascending,271.87997
49.0,10.75,ascending,271.16998
49.0,11.0,ascending,271.00168
49.0,11.25,ascending,271.91666
49.0,11.5,ascending,272.77625
49.0,11.75,ascending,273.266
49.0,12.0,ascending,272.97775
49.0,12.25,ascending,272.298
49.0,12.5,ascending,271.4822
49.0,12.75,ascending,271.46857
49.0,13.0,ascending,271.81427
49.0,13.25,ascending,272.4225
49.0,13.5,ascending,272.735
49.0,13.75,ascending,272.783
49.0,14.0,ascending,272.66888
49.0,14.25,ascending,272.44098
49.0,14.5,ascending,272.30777
49.0,14.75,ascending,272.247
49.0,15.0,ascending,272.2475
49.0,15.25,ascending,271.8446
49.0,15.5,ascending,271.20572
49.0,15.75,ascending,270.768
49.0,16.0,ascending,270.693
49.0,16.25,ascending,270.75366
49.0,18.25,ascending,269.3
49.0,18.5,ascending,269.13858
49.0,18.75,ascending,269.06882
49.0,19.0,ascending,269.18167
49.0,19.25,ascending,269.07333
49.0,19.5,ascending,268.8575
49.0,19.75,ascending,268.73334
49.0,20.0,ascending,195.45909
49.0,20.25,ascending,268.87222
49.0,20.5,ascending,269.05554
49.0,20.75,ascending,269.22223
49.0,21.0,ascending,269.24777
49.0,21.25,ascending,269.1375
49.0,21.5,ascending,269.08875
49.0,21.75,ascending,269.255
49.0,22.0,ascending,269.51624
49.0,22.25,ascending,269.9925
49.0,22.5,ascending,270.32715
49.0,22.75,ascending,270.48428
49.0,23.0,ascending,270.67715
49.0,23.25,ascending,271.055
49.0,23.5,ascending,271.39124
49.0,23.75,ascending,271.50665
49.0,24.0,ascending,271.46
49.0,24.25,ascending,271.6486
49.0,24.5,ascending,272.016
49.0,24.75,ascending,272.5357
49.0,25.0,ascending,273.33856
49.0,25.25,ascending,274.27798
49.0,25.5,ascending,275.47165
49.0,25.75,ascending,276.43286
49.0,26.0,ascending,276.958
49.0,26.25,ascending,277.32
49.0,26.5,ascending,277.71664
49.0,26.75,ascending,277.88666
49.0,27.0,ascending,277.88
49.0,27.25,ascending,277.486
49.0,27.5,ascending,276.5483
49.0,27.75,ascending,275.68332
49.0,28.0,ascending,274.97498
49.0,28.25,ascending,274.18665
49.0,28.5,ascending,273.59857
49.0,28.75,ascending,273.48398
49.0,29.0,ascending,273.54166
49.0,29.25,ascending,274.625
49.0,29.5,ascending,275.448
49.0,29.75,ascending,276.49832
49.0,30.0,ascending,276.345
49.0,30.25,ascending,277.30667
49.0,30.5,ascending,277.81168
49.0,30.75,ascending,278.474
49.0,31.0,ascending,279.455
49.0,31.25,ascending,279.74832
49.0,31.5,ascending,280.22998
49.0,31.75,ascending,280.13666
49.0,32.0,ascending,279.07248
49.0,32.25,ascending,275.0125
49.0,32.5,ascending,269.075
49.0,32.75,ascending,262.975
49.0,33.0,ascending,263.0025
49.0,33.25,ascending,271.64835
49.0,33.5,ascending,278.13666
49.0,33.75,ascending,279.84665
49.0,34.0,ascending,279.5533
49.0,34.25,ascending,279.6
49.0,34.5,ascending,280.9733
49.0,34.75,ascending,282.07397
49.0,35.0,ascending,282.5057
49.0,35.25,ascending,282.77
49.0,35.5,ascending,283.49142
49.0,35.75,ascending,283.994
49.0,36.0,ascending,283.85428
49.0,36.25,ascending,283.51666
49.0,36.5,ascending,283.20123
49.0,36.75,ascending,283.365
49.0,37.0,ascending,283.215
49.0,37.25,ascending,282.49167
49.0,37.5,ascending,281.76123
49.0,37.75,ascending,282.2443
49.0,38.0,ascending,282.80997
49.25,-13.0,ascending,209.08667
49.25,-12.75,ascending,209.20833
49.25,-12.5,ascending,208.98778
49.25,-12.25,ascending,208.63332
49.25,-12.0,ascending,208.41286
49.25,-11.75,ascending,208.09999
49.25,-11.5,ascending,207.89285
49.25,-11.25,ascending,207.81714
49.25,-11.0,ascending,207.81
49.25,-10.75,ascending,207.86624
49.25,-10.5,ascending,208.099
49.25,-10.25,ascending,208.58556
49.25,-10.0,ascending,209.521
49.25,-9.75,ascending,211.56728
49.25,-9.5,ascending,216.02333
49.25,-9.25,ascending,223.37999
49.25,-9.0,ascending,230.25856
49.25,-8.75,ascending,232.31313
49.25,-8.5,ascending,230.09221
49.25,-6.5,ascending,210.6011
49.25,-6.25,ascending,210.71333
49.25,-6.0,ascending,210.928
49.25,-5.75,ascending,211.19
49.25,-5.5,ascending,211.55307
49.25,-5.25,ascending,211.875
49.25,-5.0,ascending,212.13399
49.25,-4.75,ascending,212.50444
49.25,-4.5,ascending,212.802
49.25,-4.25,ascending,212.97
49.25,-4.0,ascending,213.14624
49.25,-3.75,ascending,213.24445
49.25,-3.5,ascending,213.67
49.25,-3.25,ascending,215.02
49.25,-3.0,ascending,216.93625
49.25,-2.75,ascending,218.9157
49.25,-2.5,ascending,219.61856
49.25,-2.25,ascending,219.28499
49.25,-2.0,ascending,220.84
49.25,-1.75,ascending,229.26714
49.25,-1.5,ascending,243.56831
49.25,-1.25,ascending,256.52832
49.25,-1.0,ascending,261.55667
49.25,-0.75,ascending,256.40665
49.25,-0.5,ascending,252.12498
49.25,-0.25,ascending,244.83398
49.25,-0.0,ascending,240.77284
49.25,0.25,ascending,252.75598
49.25,0.5,ascending,260.305
49.25,0.75,ascending,267.90833
49.25,1.0,ascending,272.32285
49.25,1.25,ascending,274.218
49.25,1.5,ascending,275.026
49.25,1.75,ascending,275.76166
49.25,2.0,ascending,276.13168
49.25,2.25,ascending,276.335
49.25,2.5,ascending,276.556
49.25,2.75,ascending,276.388
49.25,3.0,ascending,276.03998
49.25,3.25,ascending,275.50333
49.25,3.5,ascending,274.625
49.25,3.75,ascending,273.4325
49.25,4.0,ascending,272.44
49.25,4.25,ascending,271.198
49.25,4.5,ascending,270.854
49.25,4.75,ascending,270.62833
49.25,5.0,ascending,270.636
49.25,5.25,ascending,270.395
49.25,5.5,ascending,269.6975
49.25,5.75,ascending,268.422
49.25,6.0,ascending,267.6257
49.25,6.25,ascending,268.2475
49.25,6.5,ascending,270.11
49.25,6.75,ascending,271.68832
49.25,7.0,ascending,273.02
49.25,7.25,ascending,273.96167
49.25,7.5,ascending,274.69998
49.25,7.75,ascending,275.03143
49.25,8.0,ascending,274.21335
49.25,8.25,ascending,272.65
49.25,8.5,ascending,272.04
49.25,8.75,ascending,272.645
49.25,9.0,ascending,272.56198
49.25,9.25,ascending,271.78165
49.25,9.5,ascending,271.51834
49.25,9.75,ascending,271.25168
49.25,10.0,ascending,270.93286
49.25,10.25,ascending,271.50833
49.25,10.5,ascending,271.96664
49.25,10.75,ascending,272.044
49.25,11.0,ascending,272.28998
49.25,11.25,ascending,273.37668
49.25,11.5,ascending,274.32666
49.25,11.75,ascending,274.69284
49.25,12.0,ascending,274.795
49.25,12.25,ascending,273.99875
49.25,12.5,ascending,273.12857
49.25,12.75,ascending,272.48856
49.25,13.0,ascending,272.38873
49.25,13.25,ascending,272.77374
49.25,13.5,ascending,273.28
49.25,13.75,ascending,273.52124
49.25,14.0,ascending,273.58624
49.25,14.25,ascending,273.848
49.25,14.5,ascending,273.72
49.25,14.75,ascending,273.55453
49.25,15.0,ascending,273.27997
49.25,15.25,ascending,272.73398
49.25,15.5,ascending,271.95572
49.25,15.75,ascending,271.086
49.25,16.0,ascending,270.66
49.25,16.25,ascending,270.69998
49.25,18.25,ascending,269.913
49.25,18.5,ascending,269.84665
49.25,18.75,ascending,270.01248
49.25,19.0,ascending,270.11917
49.25,19.25,ascending,269.93362
49.25,19.5,ascending,269.669
49.25,19.75,ascending,269.30817
49.25,20.0,ascending,269.31223
49.25,20.25,ascending,179.54443
49.25,20.5,ascending,269.38
49.25,20.75,ascending,269.7811
49.25,21.0,ascending,269.81
49.25,21.25,ascending,269.71375
49.25,21.5,ascending,269.85873
49.25,21.75,ascending,270.04
49.25,22.0,ascending,270.2075
49.25,22.25,ascending,270.38
49.25,22.5,ascending,270.45142
49.25,22.75,ascending,270.68427
49.25,23.0,ascending,270.99142
49.25,23.25,ascending,271.22
49.25,23.5,ascending,271.23666
49.25,23.75,ascending,271.18167
49.25,24.0,ascending,271.37833
49.25,24.25,ascending,271.78665
49.25,24.5,ascending,272.295
49.25,24.75,ascending,273.012
49.25,25.0,ascending,273.80167
49.25,25.25,ascending,274.9283
49.25,25.5,ascending,275.80402
49.25,25.75,ascending,276.34
49.25,26.0,ascending,276.68857
49.25,26.25,ascending,277.115
49.25,26.5,ascending,277.51666
49.25,26.75,ascending,277.70667
49.25,27.0,ascending,277.45334
49.25,27.25,ascending,276.862
49.25,27.5,ascending,276.242
49.25,27.75,ascending,275.735
49.25,28.0,ascending,275.04834
49.25,28.25,ascending,274.202
49.25,28.5,ascending,273.658
49.25,28.75,ascending,273.06168
49.25,29.0,ascending,272.998
49.25,29.25,ascending,273.376
49.25,29.5,ascending,273.95667
49.25,29.75,ascending,273.88397
49.25,30.0,ascending,273.96
49.25,30.25,ascending,274.70166
49.25,30.5,ascending,275.768
49.25,30.75,ascending,276.274
49.25,31.0,ascending,276.395
49.25,31.25,ascending,276.29666
49.25,31.5,ascending,277.016
49.25,31.75,ascending,275.8475
49.25,32.0,ascending,274.12167
49.25,32.25,ascending,269.46
49.25,32.5,ascending,264.43332
49.25,32.75,ascending,260.54333
49.25,33.0,ascending,263.24
49.25,33.25,ascending,272.26398
49.25,33.5,ascending,279.84198
49.25,33.75,ascending,281.35333
49.25,34.0,ascending,281.685
49.25,34.25,ascending,281.74667
49.25,34.5,ascending,281.65
49.25,34.75,ascending,282.03833
49.25,35.0,ascending,282.26834
49.25,35.25,ascending,282.49832
49.25,35.5,ascending,283.02856
49.25,35.75,ascending,283.3633
49.25,36.0,ascending,283.00668
49.25,36.25,ascending,282.6014
49.25,36.5,ascending,282.18668
49.25,36.75,ascending,282.8
49.25,37.0,ascending,283.06165
49.25,37.25,ascending,282.55124
49.25,37.5,ascending,281.9575
49.25,37.75,ascending,282.51373
49.25,38.0,ascending,283.246
49.5,-13.0,ascending,208.815
49.5,-12.75,ascending,208.87999
49.5,-12.5,ascending,208.53499
49.5,-12.25,ascending,208.23999
49.5,-12.0,ascending,208.015
49.5,-11.75,ascending,208.01222
49.5,-11.5,ascending,207.995
49.5,-11.25,ascending,208.00555
49.5,-11.0,ascending,208.07375
49.5,-10.75,ascending,208.11
49.5,-10.5,ascending,208.39099
49.5,-10.25,ascending,209.20801
49.5,-10.0,ascending,210.88832
49.5,-9.75,ascending,213.92636
49.5,-9.5,ascending,219.50768
49.5,-9.25,ascending,225.88582
49.5,-9.0,ascending,230.75647
49.5,-8.75,ascending,232.148
49.5,-8.5,ascending,231.24538
49.5,-6.75,ascending,210.7175
49.5,-6.5,ascending,210.80823
49.5,-6.25,ascending,211.04999
49.5,-6.0,ascending,211.32799
49.5,-5.75,ascending,211.63818
49.5,-5.5,ascending,211.96167
49.5,-5.25,ascending,212.08221
49.5,-5.0,ascending,212.148
49.5,-4.75,ascending,212.249
49.5,-4.5,ascending,212.33665
49.5,-4.25,ascending,212.40625
49.5,-4.0,ascending,212.50888
49.5,-3.75,ascending,213.015
49.5,-3.5,ascending,213.9557
49.5,-3.25,ascending,215.13666
49.5,-3.0,ascending,216.35875
49.5,-2.75,ascending,217.55714
49.5,-2.5,ascending,217.23
49.5,-2.25,ascending,217.685
49.5,-2.0,ascending,221.44624
49.5,-1.75,ascending,230.825
49.5,-1.5,ascending,239.18571
49.5,-1.25,ascending,242.8157
49.5,-1.0,ascending,241.40999
49.5,-0.75,ascending,229.65285
49.5,-0.5,ascending,224.94998
49.5,-0.25,ascending,223.00601
49.5,-0.0,ascending,224.33499
49.5,0.25,ascending,238.11665
49.5,0.5,ascending,249.86427
49.5,0.75,ascending,259.518
49.5,1.0,ascending,264.218
49.5,1.25,ascending,267.77335
49.5,1.5,ascending,270.6857
49.5,1.75,ascending,272.16998
49.5,2.0,ascending,274.90286
49.5,2.25,ascending,276.18198
49.5,2.5,ascending,276.88998
49.5,2.75,ascending,276.57666
49.5,3.0,ascending,275.41333
49.5,3.25,ascending,274.372
49.5,3.5,ascending,273.395
49.5,3.75,ascending,272.12668
49.5,4.0,ascending,270.745
49.5,4.25,ascending,269.62997
49.5,4.5,ascending,269.34283
49.5,4.75,ascending,269.61
49.5,5.0,ascending,270.15167
49.5,5.25,ascending,270.50168
49.5,5.5,ascending,270.19998
49.5,5.75,ascending,269.68167
49.5,6.0,ascending,269.3325
49.5,6.25,ascending,270.22665
49.5,6.5,ascending,271.935
49.5,6.75,ascending,273.11667
49.5,7.0,ascending,273.79428
49.5,7.25,ascending,274.24
49.5,7.5,ascending,274.75
49.5,7.75,ascending,274.7383
49.5,8.0,ascending,273.745
49.5,8.25,ascending,272.43668
49.5,8.5,ascending,272.05
49.5,8.75,ascending,272.57666
49.5,9.0,ascending,272.59833
49.5,9.25,ascending,271.82144
49.5,9.5,ascending,271.3033
49.5,9.75,ascending,271.06598
49.5,10.0,ascending,270.9883
49.5,10.25,ascending,271.38998
49.5,10.5,ascending,272.16165
49.5,10.75,ascending,272.44
49.5,11.0,ascending,272.69427
49.5,11.25,ascending,273.45428
49.5,11.5,ascending,274.45856
49.5,11.75,ascending,275.15625
49.5,12.0,ascending,275.09164
49.5,12.25,ascending,274.41
49.5,12.5,ascending,273.56873
49.5,12.75,ascending,272.86713
49.5,13.0,ascending,272.425
49.5,13.25,ascending,272.7275
49.5,13.5,ascending,273.64664
49.5,13.75,ascending,274.28
49.5,14.0,ascending,274.559
49.5,14.25,ascending,274.955
49.5,14.5,ascending,275.302
49.5,14.75,ascending,275.18817
49.5,15.0,ascending,274.7591
49.5,15.25,ascending,274.27356
49.5,15.5,ascending,273.60428
49.5,15.75,ascending,272.83667
49.5,16.0,ascending,272.1745
49.5,16.25,ascending,271.92453
49.5,18.0,ascending,270.08197
49.5,18.25,ascending,270.19186
49.5,18.5,ascending,270.33557
49.5,18.75,ascending,270.46335
49.5,19.0,ascending,270.542
49.5,19.25,ascending,270.4327
49.5,19.5,ascending,270.22
49.5,19.75,ascending,270.372
49.5,20.0,ascending,270.78113
49.5,20.25,ascending,169.28876
49.5,20.5,ascending,271.224
49.5,20.75,ascending,271.40625
49.5,21.0,ascending,271.2575
49.5,21.25,ascending,271.0625
49.5,21.5,ascending,270.97
49.5,21.75,ascending,270.74
49.5,22.0,ascending,270.5589
49.5,22.25,ascending,270.51334
49.5,22.5,ascending,270.8225
49.5,22.75,ascending,271.245
49.5,23.0,ascending,271.6314
49.5,23.25,ascending,271.7757
49.5,23.5,ascending,271.79572
49.5,23.75,ascending,271.9157
49.5,24.0,ascending,272.22998
49.5,24.25,ascending,272.6843
49.5,24.5,ascending,273.2457
49.5,24.75,ascending,274.086
49.5,25.0,ascending,275.01373
49.5,25.25,ascending,275.814
49.5,25.5,ascending,276.29834
49.5,25.75,ascending,276.6133
49.5,26.0,ascending,277.1243
49.5,26.25,ascending,277.604
49.5,26.5,ascending,278.03165
49.5,26.75,ascending,278.09167
49.5,27.0,ascending,277.73166
49.5,27.25,ascending,277.2333
49.5,27.5,ascending,276.88168
49.5,27.75,ascending,276.522
49.5,28.0,ascending,275.78165
49.5,28.25,ascending,274.91165
49.5,28.5,ascending,274.00665
49.5,28.75,ascending,273.452
49.5,29.0,ascending,272.95285
49.5,29.25,ascending,272.77997
49.5,29.5,ascending,272.55334
49.5,29.75,ascending,272.43167
49.5,30.0,ascending,272.585
49.5,30.25,ascending,272.998
49.5,30.5,ascending,273.84833
49.5,30.75,ascending,273.8343
49.5,31.0,ascending,273.466
49.5,31.25,ascending,272.72
49.5,31.5,ascending,272.4833
49.5,31.75,ascending,272.07498
49.5,32.0,ascending,271.38666
49.5,32.25,ascending,270.07166
49.5,32.5,ascending,269.22
49.5,32.75,ascending,268.62
49.5,33.0,ascending,271.16833
49.5,33.25,ascending,277.02286
49.5,33.5,ascending,280.624
49.5,33.75,ascending,281.595
49.5,34.0,ascending,281.985
49.5,34.25,ascending,281.972
49.5,34.5,ascending,281.34283
49.5,34.75,ascending,281.31998
49.5,35.0,ascending,281.47333
49.5,35.25,ascending,281.87167
49.5,35.5,ascending,281.78833
49.5,35.75,ascending,281.59875
49.5,36.0,ascending,281.38428
49.5,36.25,ascending,280.81284
49.5,36.5,ascending,280.80713
49.5,36.75,ascending,281.39572
49.5,37.0,ascending,282.4475
49.5,37.25,ascending,282.66855
49.5,37.5,ascending,282.17142
49.5,37.75,ascending,282.415
49.5,38.0,ascending,283.056
49.75,-13.0,ascending,208.455
49.75,-12.75,ascending,208.33875
49.75,-12.5,ascending,208.14
49.75,-12.25,ascending,207.97714
49.75,-12.0,ascending,208.13857
49.75,-11.75,ascending,208.49666
49.75,-11.5,ascending,208.7975
49.75,-11.25,ascending,208.98874
49.75,-11.0,ascending,209.07874
49.75,-10.75,ascending,209.11665
49.75,-10.5,ascending,209.20667
49.75,-10.25,ascending,209.98999
49.75,-10.0,ascending,212.01099
49.75,-9.75,ascending,215.83453
49.75,-9.5,ascending,221.53
49.75,-9.25,ascending,226.92786
49.75,-9.0,ascending,229.39937
49.75,-8.75,ascending,229.13333
49.75,-8.5,ascending,228.50365
49.75,-7.0,ascending,210.95999
49.75,-6.75,ascending,210.85857
49.75,-6.5,ascending,211.09933
49.75,-6.25,ascending,211.43916
49.75,-6.0,ascending,211.76332
49.75,-5.75,ascending,212.28
49.75,-5.5,ascending,212.91
49.75,-5.25,ascending,213.06099
49.75,-5.0,ascending,213.3011
49.75,-4.75,ascending,213.82666
49.75,-4.5,ascending,214.46222
49.75,-4.25,ascending,213.88249
49.75,-4.0,ascending,213.68124
49.75,-3.75,ascending,213.82625
49.75,-3.5,ascending,214.12625
49.75,-3.25,ascending,214.74142
49.75,-3.0,ascending,215.1075
49.75,-2.75,ascending,215.45
49.75,-2.5,ascending,215.38857
49.75,-2.25,ascending,216.71
49.75,-2.0,ascending,219.53285
49.75,-1.75,ascending,224.69165
49.75,-1.5,ascending,223.99666
49.75,-1.25,ascending,221.13284
49.75,-1.0,ascending,218.62834
49.75,-0.75,ascending,215.23999
49.75,-0.5,ascending,214.64166
49.75,-0.25,ascending,215.776
49.75,-0.0,ascending,217.87285
49.75,0.25,ascending,226.36165
49.75,0.5,ascending,236.30333
49.75,0.75,ascending,243.33333
49.75,1.0,ascending,247.63832
49.75,1.25,ascending,253.62798
49.75,1.5,ascending,258.884
49.75,1.75,ascending,265.18597
49.75,2.0,ascending,270.75668
49.75,2.25,ascending,275.055
49.75,2.5,ascending,276.50833
49.75,2.75,ascending,275.784
49.75,3.0,ascending,274.416
49.75,3.25,ascending,273.14664
49.75,3.5,ascending,271.96002
49.75,3.75,ascending,270.978
49.75,4.0,ascending,269.914
49.75,4.25,ascending,269.172
49.75,4.5,ascending,269.262
49.75,4.75,ascending,270.06833
49.75,5.0,ascending,270.72998
49.75,5.25,ascending,271.24
49.75,5.5,ascending,271.13333
49.75,5.75,ascending,270.9925
49.75,6.0,ascending,271.47
49.75,6.25,ascending,272.76834
49.75,6.5,ascending,273.80667
49.75,6.75,ascending,274.138
49.75,7.0,ascending,274.03
49.75,7.25,ascending,274.0775
49.75,7.5,ascending,274.4225
49.75,7.75,ascending,274.27
49.75,8.0,ascending,273.2175
49.75,8.25,ascending,272.1875
49.75,8.5,ascending,272.09833
49.75,8.75,ascending,272.46
49.75,9.0,ascending,272.485
49.75,9.25,ascending,272.15833
49.75,9.5,ascending,271.85498
49.75,9.75,ascending,271.62833
49.75,10.0,ascending,271.766
49.75,10.25,ascending,272.074
49.75,10.5,ascending,272.79166
49.75,10.75,ascending,272.94855
49.75,11.0,ascending,272.81598
49.75,11.25,ascending,273.07858
49.75,11.5,ascending,274.01715
49.75,11.75,ascending,274.58002
49.75,12.0,ascending,274.47223
49.75,12.25,ascending,273.846
49.75,12.5,ascending,273.1057
49.75,12.75,ascending,272.36624
49.75,13.0,ascending,272.02625
49.75,13.25,ascending,272.2557
49.75,13.5,ascending,273.38123
49.75,13.75,ascending,274.43665
49.75,14.0,ascending,274.97668
49.75,14.25,ascending,275.40332
49.75,14.5,ascending,276.094
49.75,14.75,ascending,276.366
49.75,15.0,ascending,276.08817
49.75,15.25,ascending,275.66916
49.75,15.5,ascending,275.24734
49.75,15.75,ascending,274.66562
49.75,16.0,ascending,274.2135
49.75,16.25,ascending,273.5657
49.75,17.75,ascending,271.83
49.75,18.0,ascending,270.98334
49.75,18.25,ascending,270.44714
49.75,18.5,ascending,270.53143
49.75,18.75,ascending,270.4275
49.75,19.0,ascending,270.4725
49.75,19.25,ascending,270.68887
49.75,19.5,ascending,271.1527
49.75,19.75,ascending,272.063
49.75,20.0,ascending,272.66498
49.75,20.25,ascending,212.42667
49.75,20.5,ascending,239.04749
49.75,20.75,ascending,273.43124
49.75,21.0,ascending,273.02
49.75,21.25,ascending,272.65625
49.75,21.5,ascending,272.15143
49.75,21.75,ascending,271.54855
49.75,22.0,ascending,271.48
49.75,22.25,ascending,271.35
49.75,22.5,ascending,272.04715
49.75,22.75,ascending,272.27
49.75,23.0,ascending,272.80667
49.75,23.25,ascending,273.21832
49.75,23.5,ascending,273.53
49.75,23.75,ascending,273.87714
49.75,24.0,ascending,273.84164
49.75,24.25,ascending,274.51398
49.75,24.5,ascending,274.81998
49.75,24.75,ascending,275.78665
49.75,25.0,ascending,276.70334
49.75,25.25,ascending,277.08334
49.75,25.5,ascending,277.168
49.75,25.75,ascending,277.418
49.75,26.0,ascending,277.896
49.75,26.25,ascending,278.354
49.75,26.5,ascending,278.62
49.75,26.75,ascending,278.526
49.75,27.0,ascending,278.21335
49.75,27.25,ascending,277.94
49.75,27.5,ascending,277.6783
49.75,27.75,ascending,277.08197
49.75,28.0,ascending,276.15665
49.75,28.25,ascending,275.435
49.75,28.5,ascending,274.75665
49.75,28.75,ascending,274.08398
49.75,29.0,ascending,273.508
49.75,29.25,ascending,273.18332
49.75,29.5,ascending,272.76
49.75,29.75,ascending,272.43713
49.75,30.0,ascending,272.22
49.75,30.25,ascending,272.136
49.75,30.5,ascending,271.89334
49.75,30.75,ascending,271.6575
49.75,31.0,ascending,270.684
49.75,31.25,ascending,269.18997
49.75,31.5,ascending,267.66666
49.75,31.75,ascending,268.75
49.75,32.0,ascending,271.02167
49.75,32.25,ascending,272.71832
49.75,32.5,ascending,274.07285
49.75,32.75,ascending,274.50998
49.75,33.0,ascending,275.93
49.75,33.25,ascending,278.205
49.75,33.5,ascending,279.8633
49.75,33.75,ascending,280.664
49.75,34.0,ascending,281.24832
49.75,34.25,ascending,281.47165
49.75,34.5,ascending,280.80402
49.75,34.75,ascending,280.37668
49.75,35.0,ascending,280.13834
49.75,35.25,ascending,280.53143
49.75,35.5,ascending,280.19498
49.75,35.75,ascending,279.57834
49.75,36.0,ascending,279.3157
49.75,36.25,ascending,279.07
49.75,36.5,ascending,278.97998
49.75,36.75,ascending,279.50333
49.75,37.0,ascending,280.44
49.75,37.25,ascending,281.80286
49.75,37.5,ascending,281.79776
49.75,37.75,ascending,281.68222
49.75,38.0,ascending,281.962
50.0,-13.0,ascending,208.3375
50.0,-12.75,ascending,208.228
50.0,-12.5,ascending,208.09222
50.0,-12.25,ascending,208.32713
50.0,-12.0,ascending,209.0725
50.0,-11.75,ascending,210.84776
50.0,-11.5,ascending,211.86374
50.0,-11.25,ascending,212.05624
50.0,-11.0,ascending,212.288
50.0,-10.75,ascending,212.2711
50.0,-10.5,ascending,212.06221
50.0,-10.25,ascending,212.099
50.0,-10.0,ascending,213.95454
50.0,-9.75,ascending,217.11333
50.0,-9.5,ascending,221.3225
50.0,-9.25,ascending,224.98386
50.0,-9.0,ascending,226.24834
50.0,-8.75,ascending,225.45903
50.0,-8.5,ascending,224.85
50.0,-7.0,ascending,210.91544
50.0,-6.75,ascending,211.11061
50.0,-6.5,ascending,211.52417
50.0,-6.25,ascending,212.15416
50.0,-6.0,ascending,213.28615
50.0,-5.75,ascending,216.024
50.0,-5.5,ascending,218.387
50.0,-5.25,ascending,221.17332
50.0,-5.0,ascending,222.27888
50.0,-4.75,ascending,224.34222
50.0,-4.5,ascending,223.07625
50.0,-4.25,ascending,220.11714
50.0,-4.0,ascending,219.265
50.0,-3.75,ascending,219.67125
50.0,-3.5,ascending,217.98856
50.0,-3.25,ascending,218.89714
50.0,-3.0,ascending,217.25856
50.0,-2.75,ascending,216.22874
50.0,-2.5,ascending,215.81665
50.0,-2.25,ascending,215.90428
50.0,-2.0,ascending,215.63
50.0,-1.75,ascending,215.02249
50.0,-1.5,ascending,213.94165
50.0,-1.25,ascending,213.01
50.0,-1.0,ascending,213.20285
50.0,-0.75,ascending,213.37
50.0,-0.5,ascending,213.87666
50.0,-0.25,ascending,214.77144
50.0,-0.0,ascending,213.11
50.0,0.25,ascending,218.616
50.0,0.5,ascending,221.98874
50.0,0.75,ascending,225.66399
50.0,1.0,ascending,228.802
50.0,1.25,ascending,235.61165
50.0,1.5,ascending,244.26666
50.0,1.75,ascending,255.95665
50.0,2.0,ascending,266.922
50.0,2.25,ascending,273.3825
50.0,2.5,ascending,275.17502
50.0,2.75,ascending,274.45834
50.0,3.0,ascending,272.81168
50.0,3.25,ascending,271.79
50.0,3.5,ascending,271.285
50.0,3.75,ascending,270.86856
50.0,4.0,ascending,270.414
50.0,4.25,ascending,270.352
50.0,4.5,ascending,270.73715
50.0,4.75,ascending,271.496
50.0,5.0,ascending,272.02832
50.0,5.25,ascending,272.23666
50.0,5.5,ascending,272.16
50.0,5.75,ascending,272.61166
50.0,6.0,ascending,273.47833
50.0,6.25,ascending,274.08334
50.0,6.5,ascending,274.39
50.0,6.75,ascending,274.362
50.0,7.0,ascending,274.18497
50.0,7.25,ascending,274.24332
50.0,7.5,ascending,274.50333
50.0,7.75,ascending,274.4
50.0,8.0,ascending,273.54166
50.0,8.25,ascending,272.47
50.0,8.5,ascending,272.06598
50.0,8.75,ascending,272.14334
50.0,9.0,ascending,272.345
50.0,9.25,ascending,272.44
50.0,9.5,ascending,272.6057
50.0,9.75,ascending,272.4833
50.0,10.0,ascending,272.46143
50.0,10.25,ascending,272.7157
50.0,10.5,ascending,273.33167
50.0,10.75,ascending,273.6367
50.0,11.0,ascending,273.34
50.0,11.25,ascending,273.15164
50.0,11.5,ascending,273.235
50.0,11.75,ascending,273.495
50.0,12.0,ascending,273.32498
50.0,12.25,ascending,273.10748
50.0,12.5,ascending,272.38443
50.0,12.75,ascending,271.77426
50.0,13.0,ascending,271.45776
50.0,13.25,ascending,271.67374
50.0,13.5,ascending,272.60373
50.0,13.75,ascending,273.84555
50.0,14.0,ascending,274.714
50.0,14.25,ascending,275.376
50.0,14.5,ascending,276.153
50.0,14.75,ascending,276.81915
50.0,15.0,ascending,276.82834
50.0,15.25,ascending,276.31998
50.0,15.5,ascending,275.82785
50.0,15.75,ascending,275.55057
50.0,16.0,ascending,275.32635
50.0,16.25,ascending,274.92334
50.0,17.75,ascending,273.37363
50.0,18.0,ascending,272.9025
50.0,18.25,ascending,272.75287
50.0,18.5,ascending,273.1
50.0,18.75,ascending,272.6618
50.0,19.0,ascending,272.63098
50.0,19.25,ascending,272.449
50.0,19.5,ascending,273.28
50.0,19.75,ascending,274.08
50.0,20.0,ascending,274.4275
50.0,20.25,ascending,274.8225
50.0,20.5,ascending,153.07555
50.0,20.75,ascending,275.46143
50.0,21.0,ascending,274.9675
50.0,21.25,ascending,274.56445
50.0,21.5,ascending,273.74167
50.0,21.75,ascending,273.10748
50.0,22.0,ascending,273.11002
50.0,22.25,ascending,273.02426
50.0,22.5,ascending,273.475
50.0,22.75,ascending,274.035
50.0,23.0,ascending,274.70834
50.0,23.25,ascending,275.4457
50.0,23.5,ascending,275.93832
50.0,23.75,ascending,276.30334
50.0,24.0,ascending,276.23428
50.0,24.25,ascending,276.668
50.0,24.5,ascending,277.07123
50.0,24.75,ascending,277.69
50.0,25.0,ascending,278.08142
50.0,25.25,ascending,278.06998
50.0,25.5,ascending,277.90665
50.0,25.75,ascending,278.10165
50.0,26.0,ascending,278.405
50.0,26.25,ascending,278.63834
50.0,26.5,ascending,278.61
50.0,26.75,ascending,278.44
50.0,27.0,ascending,278.216
50.0,27.25,ascending,278.01334
50.0,27.5,ascending,277.64334
50.0,27.75,ascending,277.13165
50.0,28.0,ascending,276.82797
50.0,28.25,ascending,276.15857
50.0,28.5,ascending,275.358
50.0,28.75,ascending,274.792
50.0,29.0,ascending,274.33286
50.0,29.25,ascending,274.13998
50.0,29.5,ascending,273.76334
50.0,29.75,ascending,273.472
50.0,30.0,ascending,272.87332
50.0,30.25,ascending,272.13284
50.0,30.5,ascending,270.84998
50.0,30.75,ascending,269.33832
50.0,31.0,ascending,268.22833
50.0,31.25,ascending,267.37332
50.0,31.5,ascending,267.06168
50.0,31.75,ascending,268.375
50.0,32.0,ascending,270.5125
50.0,32.25,ascending,272.215
50.0,32.5,ascending,273.202
50.0,32.75,ascending,273.80667
50.0,33.0,ascending,275.09833
50.0,33.25,ascending,276.63666
50.0,33.5,ascending,278.05002
50.0,33.75,ascending,279.2333
50.0,34.0,ascending,280.11
50.0,34.25,ascending,280.63165
50.0,34.5,ascending,280.28714
50.0,34.75,ascending,279.62143
50.0,35.0,ascending,279.166
50.0,35.25,ascending,279.2914
50.0,35.5,ascending,279.12997
50.0,35.75,ascending,278.69833
50.0,36.0,ascending,278.2333
50.0,36.25,ascending,278.1125
50.0,36.5,ascending,278.21335
50.0,36.75,ascending,278.365
50.0,37.0,ascending,278.94858
50.0,37.25,ascending,280.11856
50.0,37.5,ascending,280.4357
50.0,37.75,ascending,280.24167
50.0,38.0,ascending,280.31
50.25,-13.0,ascending,208.40666
50.25,-12.75,ascending,208.33124
50.25,-12.5,ascending,208.46
50.25,-12.25,ascending,209.11143
50.25,-12.0,ascending,211.53572
50.25,-11.75,ascending,215.61284
50.25,-11.5,ascending,218.11
50.25,-11.25,ascending,218.07124
50.25,-11.0,ascending,217.65
50.25,-10.75,ascending,217.40111
50.25,-10.5,ascending,217.19666
50.25,-10.25,ascending,216.816
50.25,-10.0,ascending,218.29181
50.25,-9.75,ascending,220.475
50.25,-9.5,ascending,222.68428
50.25,-9.25,ascending,224.58786
50.25,-9.0,ascending,225.11166
50.25,-8.75,ascending,224.42448
50.25,-8.5,ascending,223.735
50.25,-7.25,ascending,211.02666
50.25,-7.0,ascending,211.09666
50.25,-6.75,ascending,211.23334
50.25,-6.5,ascending,211.53333
50.25,-6.25,ascending,212.3609
50.25,-6.0,ascending,214.02998
50.25,-5.75,ascending,217.31778
50.25,-5.5,ascending,222.63799
50.25,-5.25,ascending,228.70665
50.25,-5.0,ascending,233.34222
50.25,-4.75,ascending,235.94333
50.25,-4.5,ascending,237.50874
50.25,-4.25,ascending,234.48141
50.25,-4.0,ascending,238.62999
50.25,-3.75,ascending,239.43857
50.25,-3.5,ascending,235.70554
50.25,-3.25,ascending,232.91333
50.25,-3.0,ascending,225.31999
50.25,-2.75,ascending,220.98143
50.25,-2.5,ascending,217.57857
50.25,-2.25,ascending,216.48167
50.25,-2.0,ascending,215.75334
50.25,-1.75,ascending,216.68666
50.25,-1.5,ascending,216.33667
50.25,-1.25,ascending,215.89833
50.25,-1.0,ascending,216.21
50.25,-0.75,ascending,215.82666
50.25,-0.5,ascending,216.424
50.25,-0.25,ascending,215.91
50.25,-0.0,ascending,213.29428
50.25,0.25,ascending,216.19666
50.25,0.5,ascending,216.604
50.25,0.75,ascending,217.696
50.25,1.0,ascending,220.03285
50.25,1.25,ascending,223.31198
50.25,1.5,ascending,233.62572
50.25,1.75,ascending,247.644
50.25,2.0,ascending,261.89832
50.25,2.25,ascending,270.61832
50.25,2.5,ascending,272.09
50.25,2.75,ascending,271.8033
50.25,3.0,ascending,270.854
50.25,3.25,ascending,270.47598
50.25,3.5,ascending,270.745
50.25,3.75,ascending,271.198
50.25,4.0,ascending,271.47
50.25,4.25,ascending,271.616
50.25,4.5,ascending,271.75168
50.25,4.75,ascending,272.184
50.25,5.0,ascending,272.63666
50.25,5.25,ascending,272.79498
50.25,5.5,ascending,273.06598
50.25,5.75,ascending,273.59332
50.25,6.0,ascending,274.08197
50.25,6.25,ascending,274.1525
50.25,6.5,ascending,274.18832
50.25,6.75,ascending,274.15833
50.25,7.0,ascending,274.1083
50.25,7.25,ascending,274.51498
50.25,7.5,ascending,275.01
50.25,7.75,ascending,275.1133
50.25,8.0,ascending,274.55832
50.25,8.25,ascending,273.36166
50.25,8.5,ascending,272.40997
50.25,8.75,ascending,272.175
50.25,9.0,ascending,272.38333
50.25,9.25,ascending,272.58167
50.25,9.5,ascending,272.80402
50.25,9.75,ascending,272.86002
50.25,10.0,ascending,272.77164
50.25,10.25,ascending,272.90332
50.25,10.5,ascending,273.42142
50.25,10.75,ascending,273.81198
50.25,11.0,ascending,273.7257
50.25,11.25,ascending,273.41833
50.25,11.5,ascending,273.08142
50.25,11.75,ascending,272.62857
50.25,12.0,ascending,272.45572
50.25,12.25,ascending,272.25284
50.25,12.5,ascending,271.87332
50.25,12.75,ascending,271.49286
50.25,13.0,ascending,271.10858
50.25,13.25,ascending,271.15427
50.25,13.5,ascending,271.96698
50.25,13.75,ascending,273.27142
50.25,14.0,ascending,274.27875
50.25,14.25,ascending,275.152
50.25,14.5,ascending,276.102
50.25,14.75,ascending,276.827
50.25,15.0,ascending,276.97165
50.25,15.25,ascending,276.62418
50.25,15.5,ascending,276.06464
50.25,15.75,ascending,275.7039
50.25,16.0,ascending,275.65
50.25,17.5,ascending,274.93857
50.25,17.75,ascending,274.75714
50.25,18.0,ascending,274.852
50.25,18.25,ascending,275.29355
50.25,18.5,ascending,275.47
50.25,18.75,ascending,275.438
50.25,19.0,ascending,275.117
50.25,19.25,ascending,275.06332
50.25,19.5,ascending,275.601
50.25,19.75,ascending,275.84375
50.25,20.0,ascending,276.14124
50.25,20.25,ascending,276.55777
50.25,20.5,ascending,242.3725
50.25,20.75,ascending,184.46
50.25,21.0,ascending,276.33875
50.25,21.25,ascending,275.7257
50.25,21.5,ascending,275.005
50.25,21.75,ascending,274.73856
50.25,22.0,ascending,274.5757
50.25,22.25,ascending,274.82834
50.25,22.5,ascending,275.29166
50.25,22.75,ascending,276.16333
50.25,23.0,ascending,276.48
50.25,23.25,ascending,277.28333
50.25,23.5,ascending,277.73
50.25,23.75,ascending,278.27832
50.25,24.0,ascending,278.2283
50.25,24.25,ascending,278.41833
50.25,24.5,ascending,278.475
50.25,24.75,ascending,278.508
50.25,25.0,ascending,278.596
50.25,25.25,ascending,278.61002
50.25,25.5,ascending,278.68713
50.25,25.75,ascending,278.724
50.25,26.0,ascending,278.77856
50.25,26.25,ascending,278.58398
50.25,26.5,ascending,278.15833
50.25,26.75,ascending,277.795
50.25,27.0,ascending,277.73666
50.25,27.25,ascending,277.704
50.25,27.5,ascending,277.71198
50.25,27.75,ascending,277.60333
50.25,28.0,ascending,277.2
50.25,28.25,ascending,276.37598
50.25,28.5,ascending,275.454
50.25,28.75,ascending,274.73398
50.25,29.0,ascending,274.57797
50.25,29.25,ascending,274.525
50.25,29.5,ascending,274.34497
50.25,29.75,ascending,273.998
50.25,30.0,ascending,273.58832
50.25,30.25,ascending,272.155
50.25,30.5,ascending,269.24
50.25,30.75,ascending,267.45334
50.25,31.0,ascending,268.345
50.25,31.25,ascending,268.83
50.25,31.5,ascending,268.3425
50.25,31.75,ascending,268.15
50.25,32.0,ascending,268.88498
50.25,32.25,ascending,270.20334
50.25,32.5,ascending,271.33
50.25,32.75,ascending,272.45248
50.25,33.0,ascending,273.59
50.25,33.25,ascending,274.97333
50.25,33.5,ascending,276.365
50.25,33.75,ascending,277.746
50.25,34.0,ascending,278.836
50.25,34.25,ascending,279.49667
50.25,34.5,ascending,279.42798
50.25,34.75,ascending,279.08002
50.25,35.0,ascending,278.785
50.25,35.25,ascending,278.912
50.25,35.5,ascending,278.99713
50.25,35.75,ascending,278.66998
50.25,36.0,ascending,278.1
50.25,36.25,ascending,277.585
50.25,36.5,ascending,277.73373
50.25,36.75,ascending,278.22665
50.25,37.0,ascending,278.72
50.25,37.25,ascending,279.15375
50.25,37.5,ascending,279.34998
50.25,37.75,ascending,279.30856
50.25,38.0,ascending,279.178
50.5,-13.0,ascending,208.67334
50.5,-12.75,ascending,208.88284
50.5,-12.5,ascending,209.30856
50.5,-12.25,ascending,211.0125
50.5,-12.0,ascending,215.36777
50.5,-11.75,ascending,221.03857
50.5,-11.5,ascending,226.30556
50.5,-11.25,ascending,225.78714
50.5,-11.0,ascending,224.73444
50.5,-10.75,ascending,223.48553
50.5,-10.5,ascending,222.722
50.5,-10.25,ascending,222.76454
50.5,-10.0,ascending,223.25546
50.5,-9.75,ascending,224.34749
50.5,-9.5,ascending,225.01384
50.5,-9.25,ascending,224.53928
50.5,-9.0,ascending,223.22157
50.5,-8.75,ascending,221.7711
50.5,-7.5,ascending,211.12334
50.5,-7.25,ascending,211.14732
50.5,-7.0,ascending,211.28357
50.5,-6.75,ascending,211.43384
50.5,-6.5,ascending,211.69453
50.5,-6.25,ascending,212.20273
50.5,-6.0,ascending,213.14726
50.5,-5.75,ascending,214.96666
50.5,-5.5,ascending,218.41556
50.5,-5.25,ascending,224.38333
50.5,-5.0,ascending,230.6522
50.5,-4.75,ascending,238.86874
50.5,-4.5,ascending,246.92714
50.5,-4.25,ascending,253.00998
50.5,-4.0,ascending,258.92834
50.5,-3.75,ascending,258.435
50.5,-3.5,ascending,255.4557
50.5,-3.25,ascending,246.14874
50.5,-3.0,ascending,236.25856
50.5,-2.75,ascending,233.26166
50.5,-2.5,ascending,230.8257
50.5,-2.25,ascending,231.37285
50.5,-2.0,ascending,232.26572
50.5,-1.75,ascending,233.394
50.5,-1.5,ascending,233.46286
50.5,-1.25,ascending,229.59332
50.5,-1.0,ascending,230.38832
50.5,-0.75,ascending,226.61142
50.5,-0.5,ascending,226.79834
50.5,-0.25,ascending,225.38428
50.5,-0.0,ascending,220.795
50.5,0.25,ascending,225.176
50.5,0.5,ascending,225.48665
50.5,0.75,ascending,225.87166
50.5,1.0,ascending,225.77832
50.5,1.25,ascending,228.07166
50.5,1.5,ascending,235.98499
50.5,1.75,ascending,249.17165
50.5,2.0,ascending,261.07166
50.5,2.25,ascending,266.4
50.5,2.5,ascending,268.004
50.5,2.75,ascending,268.00598
50.5,3.0,ascending,268.74167
50.5,3.25,ascending,269.476
50.5,3.5,ascending,270.565
50.5,3.75,ascending,271.88284
50.5,4.0,ascending,272.37598
50.5,4.25,ascending,272.19498
50.5,4.5,ascending,271.88
50.5,4.75,ascending,272.23712
50.5,5.0,ascending,272.88397
50.5,5.25,ascending,273.13998
50.5,5.5,ascending,273.33
50.5,5.75,ascending,273.672
50.5,6.0,ascending,274.048
50.5,6.25,ascending,274.14166
50.5,6.5,ascending,274.315
50.5,6.75,ascending,274.14334
50.5,7.0,ascending,273.97833
50.5,7.25,ascending,274.61398
50.5,7.5,ascending,275.53143
50.5,7.75,ascending,275.72
50.5,8.0,ascending,275.32333
50.5,8.25,ascending,274.24167
50.5,8.5,ascending,273.08667
50.5,8.75,ascending,272.62
50.5,9.0,ascending,272.615
50.5,9.25,ascending,272.7333
50.5,9.5,ascending,272.88126
50.5,9.75,ascending,272.90164
50.5,10.0,ascending,272.706
50.5,10.25,ascending,272.71
50.5,10.5,ascending,272.9714
50.5,10.75,ascending,273.34857
50.5,11.0,ascending,273.42166
50.5,11.25,ascending,273.30856
50.5,11.5,ascending,272.96857
50.5,11.75,ascending,272.44666
50.5,12.0,ascending,271.8375
50.5,12.25,ascending,271.28375
50.5,12.5,ascending,271.0114
50.5,12.75,ascending,270.63998
50.5,13.0,ascending,270.56668
50.5,13.25,ascending,270.85376
50.5,13.5,ascending,271.4711
50.5,13.75,ascending,272.45554
50.5,14.0,ascending,273.48102
50.5,14.25,ascending,274.4889
50.5,14.5,ascending,275.54333
50.5,14.75,ascending,276.53833
50.5,15.0,ascending,277.04
50.5,15.25,ascending,276.91614
50.5,15.5,ascending,276.6306
50.5,15.75,ascending,276.38998
50.5,16.0,ascending,276.43057
50.5,17.25,ascending,276.09998
50.5,17.5,ascending,275.77374
50.5,17.75,ascending,276.00998
50.5,18.0,ascending,276.52667
50.5,18.25,ascending,277.102
50.5,18.5,ascending,277.4491
50.5,18.75,ascending,277.291
50.5,19.0,ascending,277.18002
50.5,19.25,ascending,277.2009
50.5,19.5,ascending,277.3825
50.5,19.75,ascending,277.40555
50.5,20.0,ascending,277.47125
50.5,20.25,ascending,277.8125
50.5,20.5,ascending,277.83713
50.5,20.75,ascending,185.08833
50.5,21.0,ascending,215.39555
50.5,21.25,ascending,276.48166
50.5,21.5,ascending,276.01443
50.5,21.75,ascending,276.08
50.5,22.0,ascending,276.25427
50.5,22.25,ascending,276.67285
50.5,22.5,ascending,277.23856
50.5,22.75,ascending,277.84164
50.5,23.0,ascending,278.1957
50.5,23.25,ascending,278.90665
50.5,23.5,ascending,279.00333
50.5,23.75,ascending,279.50287
50.5,24.0,ascending,279.49167
50.5,24.25,ascending,279.365
50.5,24.5,ascending,279.18668
50.5,24.75,ascending,279.15665
50.5,25.0,ascending,279.42166
50.5,25.25,ascending,279.60165
50.5,25.5,ascending,279.546
50.5,25.75,ascending,279.336
50.5,26.0,ascending,279.034
50.5,26.25,ascending,278.55402
50.5,26.5,ascending,278.048
50.5,26.75,ascending,277.828
50.5,27.0,ascending,277.95398
50.5,27.25,ascending,277.94333
50.5,27.5,ascending,277.97
50.5,27.75,ascending,277.65802
50.5,28.0,ascending,277.07397
50.5,28.25,ascending,276.0957
50.5,28.5,ascending,275.106
50.5,28.75,ascending,274.542
50.5,29.0,ascending,274.25998
50.5,29.25,ascending,274.01166
50.5,29.5,ascending,274.01166
50.5,29.75,ascending,273.89166
50.5,30.0,ascending,273.288
50.5,30.25,ascending,270.93832
50.5,30.5,ascending,266.41666
50.5,30.75,ascending,265.45667
50.5,31.0,ascending,268.43
50.5,31.25,ascending,269.55402
50.5,31.5,ascending,268.79
50.5,31.75,ascending,267.81332
50.5,32.0,ascending,267.88333
50.5,32.25,ascending,268.88498
50.5,32.5,ascending,269.905
50.5,32.75,ascending,270.87833
50.5,33.0,ascending,271.836
50.5,33.25,ascending,272.88333
50.5,33.5,ascending,274.1083
50.5,33.75,ascending,275.7383
50.5,34.0,ascending,276.79855
50.5,34.25,ascending,277.99667
50.5,34.5,ascending,278.30832
50.5,34.75,ascending,278.30832
50.5,35.0,ascending,278.43625
50.5,35.25,ascending,278.87
50.5,35.5,ascending,279.045
50.5,35.75,ascending,278.775
50.5,36.0,ascending,277.9157
50.5,36.25,ascending,276.59164
50.5,36.5,ascending,275.83286
50.5,36.75,ascending,277.05856
50.5,37.0,ascending,278.34888
50.5,37.25,ascending,278.982
50.5,37.5,ascending,278.97998
50.5,37.75,ascending,279.00446
50.5,38.0,ascending,279.108
50.75,-13.0,ascending,209.40666
50.75,-12.75,ascending,209.96666
50.75,-12.5,ascending,211.15375
50.75,-12.25,ascending,214.01166
50.75,-12.0,ascending,219.70857
50.75,-11.75,ascending,227.81142
50.75,-11.5,ascending,235.23553
50.75,-11.25,ascending,236.4075
50.75,-11.0,ascending,233.84442
50.75,-10.75,ascending,230.97887
50.75,-10.5,ascending,228.493
50.75,-10.25,ascending,227.31221
50.75,-10.0,ascending,226.06299
50.75,-9.75,ascending,224.71727
50.75,-9.5,ascending,222.94
50.75,-9.25,ascending,220.55928
50.75,-9.0,ascending,218.10843
50.75,-8.75,ascending,216.71199
50.75,-7.5,ascending,211.28749
50.75,-7.25,ascending,211.34215
50.75,-7.0,ascending,211.51534
50.75,-6.75,ascending,211.743
50.75,-6.5,ascending,212.15727
50.75,-6.25,ascending,212.83751
50.75,-6.0,ascending,213.68001
50.75,-5.75,ascending,214.5711
50.75,-5.5,ascending,215.90334
50.75,-5.25,ascending,218.51625
50.75,-5.0,ascending,222.31221
50.75,-4.75,ascending,230.02713
50.75,-4.5,ascending,241.03125
50.75,-4.25,ascending,251.1075
50.75,-4.0,ascending,258.89
50.75,-3.75,ascending,262.8775
50.75,-3.5,ascending,262.8583
50.75,-3.25,ascending,259.46335
50.75,-3.0,ascending,256.28143
50.75,-2.75,ascending,255.63832
50.75,-2.5,ascending,258.3514
50.75,-2.25,ascending,258.96167
50.75,-2.0,ascending,259.78287
50.75,-1.75,ascending,256.255
50.75,-1.5,ascending,256.63
50.75,-1.25,ascending,253.77666
50.75,-1.0,ascending,251.1657
50.75,-0.75,ascending,247.66199
50.75,-0.5,ascending,249.47833
50.75,-0.25,ascending,245.904
50.75,-0.0,ascending,240.41429
50.75,0.25,ascending,247.795
50.75,0.5,ascending,246.002
50.75,0.75,ascending,243.94199
50.75,1.0,ascending,241.48398
50.75,1.25,ascending,240.698
50.75,1.5,ascending,243.75798
50.75,1.75,ascending,249.18
50.75,2.0,ascending,253.63832
50.75,2.25,ascending,257.525
50.75,2.5,ascending,259.594
50.75,2.75,ascending,260.70166
50.75,3.0,ascending,264.048
50.75,3.25,ascending,265.91202
50.75,3.5,ascending,269.07144
50.75,3.75,ascending,271.44
50.75,4.0,ascending,272.04333
50.75,4.25,ascending,271.735
50.75,4.5,ascending,271.50168
50.75,4.75,ascending,272.22998
50.75,5.0,ascending,273.3633
50.75,5.25,ascending,274.05
50.75,5.5,ascending,274.242
50.75,5.75,ascending,274.4425
50.75,6.0,ascending,274.81165
50.75,6.25,ascending,275.12833
50.75,6.5,ascending,275.27664
50.75,6.75,ascending,274.55667
50.75,7.0,ascending,274.0
50.75,7.25,ascending,274.885
50.75,7.5,ascending,275.902
50.75,7.75,ascending,276.07498
50.75,8.0,ascending,275.63666
50.75,8.25,ascending,274.67667
50.75,8.5,ascending,273.58167
50.75,8.75,ascending,272.94598
50.75,9.0,ascending,272.808
50.75,9.25,ascending,272.8933
50.75,9.5,ascending,273.064
50.75,9.75,ascending,272.9957
50.75,10.0,ascending,272.62
50.75,10.25,ascending,272.43167
50.75,10.5,ascending,272.522
50.75,10.75,ascending,272.73428
50.75,11.0,ascending,272.955
50.75,11.25,ascending,272.99
50.75,11.5,ascending,272.7757
50.75,11.75,ascending,272.12997
50.75,12.0,ascending,271.38284
50.75,12.25,ascending,270.71167
50.75,12.5,ascending,270.20874
50.75,12.75,ascending,269.985
50.75,13.0,ascending,270.12857
50.75,13.25,ascending,270.70776
50.75,13.5,ascending,271.38284
50.75,13.75,ascending,272.18777
50.75,14.0,ascending,273.03876
50.75,14.25,ascending,274.072
50.75,14.5,ascending,275.256
50.75,14.75,ascending,276.68634
50.75,15.0,ascending,277.80545
50.75,15.25,ascending,278.17462
50.75,15.5,ascending,278.06937
50.75,15.75,ascending,277.81842
50.75,16.0,ascending,277.76166
50.75,17.25,ascending,277.44308
50.75,17.5,ascending,277.1486
50.75,17.75,ascending,277.42188
50.75,18.0,ascending,278.05
50.75,18.25,ascending,278.63544
50.75,18.5,ascending,278.95798
50.75,18.75,ascending,279.19778
50.75,19.0,ascending,279.149
50.75,19.25,ascending,279.43555
50.75,19.5,ascending,279.27875
50.75,19.75,ascending,279.245
50.75,20.0,ascending,279.16714
50.75,20.25,ascending,279.41998
50.75,20.5,ascending,279.155
50.75,20.75,ascending,278.57333
50.75,21.0,ascending,174.02374
50.75,21.25,ascending,277.70334
50.75,21.5,ascending,277.56
50.75,21.75,ascending,277.76834
50.75,22.0,ascending,278.15143
50.75,22.25,ascending,278.48798
50.75,22.5,ascending,278.80832
50.75,22.75,ascending,279.13165
50.75,23.0,ascending,279.42166
50.75,23.25,ascending,279.81
50.75,23.5,ascending,280.12
50.75,23.75,ascending,280.46
50.75,24.0,ascending,280.454
50.75,24.25,ascending,280.32333
50.75,24.5,ascending,280.39398
50.75,24.75,ascending,280.44165
50.75,25.0,ascending,280.354
50.75,25.25,ascending,279.98
50.75,25.5,ascending,279.49667
50.75,25.75,ascending,279.19833
50.75,26.0,ascending,278.98666
50.75,26.25,ascending,278.73798
50.75,26.5,ascending,278.63168
50.75,26.75,ascending,278.694
50.75,27.0,ascending,278.66333
50.75,27.25,ascending,278.43198
50.75,27.5,ascending,278.07
50.75,27.75,ascending,277.58197
50.75,28.0,ascending,276.80167
50.75,28.25,ascending,276.10498
50.75,28.5,ascending,275.442
50.75,28.75,ascending,274.72797
50.75,29.0,ascending,274.15332
50.75,29.25,ascending,273.656
50.75,29.5,ascending,273.66833
50.75,29.75,ascending,273.4875
50.75,30.0,ascending,272.23798
50.75,30.25,ascending,268.44168
50.75,30.5,ascending,263.508
50.75,30.75,ascending,264.0
50.75,31.0,ascending,267.93997
50.75,31.25,ascending,268.97833
50.75,31.5,ascending,268.206
50.75,31.75,ascending,267.41165
50.75,32.0,ascending,267.60834
50.75,32.25,ascending,268.41998
50.75,32.5,ascending,268.90332
50.75,32.75,ascending,269.22833
50.75,33.0,ascending,269.982
50.75,33.25,ascending,270.874
50.75,33.5,ascending,271.75497
50.75,33.75,ascending,273.07498
50.75,34.0,ascending,274.06
50.75,34.25,ascending,275.36
50.75,34.5,ascending,276.374
50.75,34.75,ascending,276.66833
50.75,35.0,ascending,277.26202
50.75,35.25,ascending,278.1971
50.75,35.5,ascending,278.65665
50.75,35.75,ascending,278.52
50.75,36.0,ascending,277.75714
50.75,36.25,ascending,276.15286
50.75,36.5,ascending,274.26715
50.75,36.75,ascending,274.64713
50.75,37.0,ascending,276.43668
50.75,37.25,ascending,278.07498
50.75,37.5,ascending,278.31445
50.75,37.75,ascending,278.45166
50.75,38.0,ascending,278.78
51.0,-13.0,ascending,210.755
51.0,-12.75,ascending,211.64143
51.0,-12.5,ascending,213.6225
51.0,-12.25,ascending,216.11
51.0,-12.0,ascending,222.16556
51.0,-11.75,ascending,231.36374
51.0,-11.5,ascending,239.29428
51.0,-11.25,ascending,242.16556
51.0,-11.0,ascending,241.01776
51.0,-10.75,ascending,237.64667
51.0,-10.5,ascending,233.90727
51.0,-10.25,ascending,229.92181
51.0,-10.0,ascending,226.35167
51.0,-9.75,ascending,222.88307
51.0,-9.5,ascending,219.3243
51.0,-9.25,ascending,216.784
51.0,-9.0,ascending,215.91473
51.0,-8.75,ascending,216.55692
51.0,-7.75,ascending,211.49889
51.0,-7.5,ascending,211.35562
51.0,-7.25,ascending,211.435
51.0,-7.0,ascending,211.67845
51.0,-6.75,ascending,212.13364
51.0,-6.5,ascending,212.91333
51.0,-6.25,ascending,214.03444
51.0,-6.0,ascending,214.926
51.0,-5.75,ascending,215.34
51.0,-5.5,ascending,215.44666
51.0,-5.25,ascending,215.93555
51.0,-5.0,ascending,217.68375
51.0,-4.75,ascending,223.08286
51.0,-4.5,ascending,231.16624
51.0,-4.25,ascending,239.67499
51.0,-4.0,ascending,249.16833
51.0,-3.75,ascending,254.98224
51.0,-3.5,ascending,259.18167
51.0,-3.25,ascending,261.07428
51.0,-3.0,ascending,262.11856
51.0,-2.75,ascending,264.33286
51.0,-2.5,ascending,267.15
51.0,-2.25,ascending,269.29428
51.0,-2.0,ascending,270.275
51.0,-1.75,ascending,270.41855
51.0,-1.5,ascending,269.25
51.0,-1.25,ascending,268.81665
51.0,-1.0,ascending,267.55002
51.0,-0.75,ascending,266.12
51.0,-0.5,ascending,266.35333
51.0,-0.25,ascending,265.20834
51.0,-0.0,ascending,251.43375
51.0,0.25,ascending,265.056
51.0,0.5,ascending,262.32498
51.0,0.75,ascending,259.305
51.0,1.0,ascending,254.71
51.0,1.25,ascending,251.874
51.0,1.5,ascending,246.40498
51.0,1.75,ascending,243.11499
51.0,2.0,ascending,240.3375
51.0,2.25,ascending,240.63332
51.0,2.5,ascending,243.78198
51.0,2.75,ascending,244.59499
51.0,3.0,ascending,251.644
51.0,3.25,ascending,256.874
51.0,3.5,ascending,260.83
51.0,3.75,ascending,265.915
51.0,4.0,ascending,267.18597
51.0,4.25,ascending,269.0533
51.0,4.5,ascending,270.01202
51.0,4.75,ascending,272.46164
51.0,5.0,ascending,274.50668
51.0,5.25,ascending,275.525
51.0,5.5,ascending,276.21164
51.0,5.75,ascending,276.63333
51.0,6.0,ascending,276.60498
51.0,6.25,ascending,276.48398
51.0,6.5,ascending,275.6875
51.0,6.75,ascending,274.365
51.0,7.0,ascending,274.03
51.0,7.25,ascending,274.92334
51.0,7.5,ascending,275.83398
51.0,7.75,ascending,276.04
51.0,8.0,ascending,275.67166
51.0,8.25,ascending,274.90335
51.0,8.5,ascending,273.935
51.0,8.75,ascending,273.2333
51.0,9.0,ascending,273.14572
51.0,9.25,ascending,273.22
51.0,9.5,ascending,273.31
51.0,9.75,ascending,273.3583
51.0,10.0,ascending,272.98285
51.0,10.25,ascending,272.58
51.0,10.5,ascending,272.6057
51.0,10.75,ascending,272.72
51.0,11.0,ascending,272.80875
51.0,11.25,ascending,272.77832
51.0,11.5,ascending,272.46332
51.0,11.75,ascending,271.73285
51.0,12.0,ascending,270.83713
51.0,12.25,ascending,270.32
51.0,12.5,ascending,270.31143
51.0,12.75,ascending,270.55777
51.0,13.0,ascending,270.87125
51.0,13.25,ascending,271.56284
51.0,13.5,ascending,272.31998
51.0,13.75,ascending,273.04373
51.0,14.0,ascending,273.89548
51.0,14.25,ascending,274.835
51.0,14.5,ascending,276.13272
51.0,14.75,ascending,277.729
51.0,15.0,ascending,279.1346
51.0,15.25,ascending,279.91846
51.0,15.5,ascending,280.15625
51.0,15.75,ascending,279.8684
51.0,16.0,ascending,279.501
51.0,17.0,ascending,278.69446
51.0,17.25,ascending,278.65802
51.0,17.5,ascending,278.6136
51.0,17.75,ascending,278.66922
51.0,18.0,ascending,278.95416
51.0,18.25,ascending,279.25
51.0,18.5,ascending,279.615
51.0,18.75,ascending,279.95334
51.0,19.0,ascending,280.22455
51.0,19.25,ascending,280.4943
51.0,19.5,ascending,280.565
51.0,19.75,ascending,280.6125
51.0,20.0,ascending,280.547
51.0,20.25,ascending,280.555
51.0,20.5,ascending,280.26572
51.0,20.75,ascending,279.93375
51.0,21.0,ascending,279.65
51.0,21.25,ascending,119.67285
51.0,21.5,ascending,279.44998
51.0,21.75,ascending,279.50833
51.0,22.0,ascending,279.73856
51.0,22.25,ascending,279.79144
51.0,22.5,ascending,279.775
51.0,22.75,ascending,279.8814
51.0,23.0,ascending,280.00168
51.0,23.25,ascending,280.19998
51.0,23.5,ascending,280.47858
51.0,23.75,ascending,280.602
51.0,24.0,ascending,280.5557
51.0,24.25,ascending,280.63998
51.0,24.5,ascending,280.74
51.0,24.75,ascending,280.678
51.0,25.0,ascending,280.25168
51.0,25.25,ascending,279.57166
51.0,25.5,ascending,279.00668
51.0,25.75,ascending,278.68665
51.0,26.0,ascending,278.55
51.0,26.25,ascending,278.525
51.0,26.5,ascending,278.785
51.0,26.75,ascending,278.93668
51.0,27.0,ascending,278.66
51.0,27.25,ascending,278.21167
51.0,27.5,ascending,277.705
51.0,27.75,ascending,277.34
51.0,28.0,ascending,276.92
51.0,28.25,ascending,276.41666
51.0,28.5,ascending,275.874
51.0,28.75,ascending,275.34164
51.0,29.0,ascending,274.59747
51.0,29.25,ascending,274.18332
51.0,29.5,ascending,273.94998
51.0,29.75,ascending,273.21167
51.0,30.0,ascending,271.40332
51.0,30.25,ascending,268.26248
51.0,30.5,ascending,263.632
51.0,30.75,ascending,264.20667
51.0,31.0,ascending,267.52167
51.0,31.25,ascending,268.04666
51.0,31.5,ascending,267.21335
51.0,31.75,ascending,266.91165
51.0,32.0,ascending,267.22665
51.0,32.25,ascending,267.70166
51.0,32.5,ascending,267.82166
51.0,32.75,ascending,267.895
51.0,33.0,ascending,268.60666
51.0,33.25,ascending,269.448
51.0,33.5,ascending,270.01166
51.0,33.75,ascending,270.99667
51.0,34.0,ascending,271.68167
51.0,34.25,ascending,272.31497
51.0,34.5,ascending,273.17856
51.0,34.75,ascending,273.87833
51.0,35.0,ascending,275.335
51.0,35.25,ascending,276.70667
51.0,35.5,ascending,277.11856
51.0,35.75,ascending,277.3343
51.0,36.0,ascending,277.01498
51.0,36.25,ascending,276.3
51.0,36.5,ascending,274.8633
51.0,36.75,ascending,273.9457
51.0,37.0,ascending,274.71222
51.0,37.25,ascending,276.20123
51.0,37.5,ascending,276.82
51.0,37.75,ascending,277.22748
51.0,38.0,ascending,277.74
51.25,-13.0,ascending,212.59001
51.25,-12.75,ascending,214.25
51.25,-12.5,ascending,216.00665
51.25,-12.25,ascending,218.74571
51.25,-12.0,ascending,224.12
51.25,-11.75,ascending,231.33124
51.25,-11.5,ascending,237.95221
51.25,-11.25,ascending,240.71571
51.25,-11.0,ascending,240.50667
51.25,-10.75,ascending,238.47667
51.25,-10.5,ascending,235.86778
51.25,-10.25,ascending,233.328
51.25,-10.0,ascending,231.06999
51.25,-9.75,ascending,230.12817
51.25,-9.5,ascending,226.64644
51.25,-9.25,ascending,223.40437
51.25,-9.0,ascending,222.06262
51.25,-8.75,ascending,222.16333
51.25,-8.0,ascending,214.61401
51.25,-7.75,ascending,212.78534
51.25,-7.5,ascending,211.84616
51.25,-7.25,ascending,211.59917
51.25,-7.0,ascending,211.82832
51.25,-6.75,ascending,212.38545
51.25,-6.5,ascending,213.145
51.25,-6.25,ascending,214.04443
51.25,-6.0,ascending,214.79222
51.25,-5.75,ascending,215.25124
51.25,-5.5,ascending,215.61499
51.25,-5.25,ascending,217.14777
51.25,-5.0,ascending,219.26714
51.25,-4.75,ascending,222.6175
51.25,-4.5,ascending,226.97833
51.25,-4.25,ascending,231.75375
51.25,-4.0,ascending,237.61333
51.25,-3.75,ascending,239.18666
51.25,-3.5,ascending,245.17749
51.25,-3.25,ascending,250.52998
51.25,-3.0,ascending,255.48
51.25,-2.75,ascending,261.1133
51.25,-2.5,ascending,265.402
51.25,-2.25,ascending,269.03143
51.25,-2.0,ascending,271.292
51.25,-1.75,ascending,272.05167
51.25,-1.5,ascending,272.12
51.25,-1.25,ascending,271.83
51.25,-1.0,ascending,271.452
51.25,-0.75,ascending,271.052
51.25,-0.5,ascending,270.41998
51.25,-0.25,ascending,269.792
51.25,-0.0,ascending,259.3633
51.25,0.25,ascending,269.05002
51.25,0.5,ascending,268.06
51.25,0.75,ascending,265.15
51.25,1.0,ascending,258.85498
51.25,1.25,ascending,248.605
51.25,1.5,ascending,237.31665
51.25,1.75,ascending,228.72
51.25,2.0,ascending,225.89667
51.25,2.25,ascending,224.495
51.25,2.5,ascending,225.44167
51.25,2.75,ascending,228.03398
51.25,3.0,ascending,235.18399
51.25,3.25,ascending,238.16333
51.25,3.5,ascending,247.99834
51.25,3.75,ascending,252.318
51.25,4.0,ascending,258.41998
51.25,4.25,ascending,262.336
51.25,4.5,ascending,268.14398
51.25,4.75,ascending,272.43
51.25,5.0,ascending,275.2425
51.25,5.25,ascending,276.99667
51.25,5.5,ascending,277.78165
51.25,5.75,ascending,277.7383
51.25,6.0,ascending,277.44
51.25,6.25,ascending,277.03198
51.25,6.5,ascending,276.04333
51.25,6.75,ascending,274.798
51.25,7.0,ascending,274.31332
51.25,7.25,ascending,274.79333
51.25,7.5,ascending,275.43332
51.25,7.75,ascending,275.65332
51.25,8.0,ascending,275.2575
51.25,8.25,ascending,274.75
51.25,8.5,ascending,274.25833
51.25,8.75,ascending,273.86832
51.25,9.0,ascending,274.06
51.25,9.25,ascending,274.105
51.25,9.5,ascending,274.005
51.25,9.75,ascending,274.12332
51.25,10.0,ascending,273.83398
51.25,10.25,ascending,273.68832
51.25,10.5,ascending,273.52426
51.25,10.75,ascending,273.15
51.25,11.0,ascending,272.99167
51.25,11.25,ascending,272.77335
51.25,11.5,ascending,272.3343
51.25,11.75,ascending,271.76248
51.25,12.0,ascending,271.02
51.25,12.25,ascending,271.00287
51.25,12.5,ascending,271.375
51.25,12.75,ascending,272.3043
51.25,13.0,ascending,273.01624
51.25,13.25,ascending,273.86874
51.25,13.5,ascending,274.20554
51.25,13.75,ascending,274.57126
51.25,14.0,ascending,275.13333
51.25,14.25,ascending,275.8122
51.25,14.5,ascending,276.98544
51.25,14.75,ascending,278.54727
51.25,15.0,ascending,279.98083
51.25,15.25,ascending,280.92615
51.25,15.5,ascending,281.206
51.25,15.75,ascending,280.96332
51.25,16.0,ascending,280.77997
51.25,16.75,ascending,278.932
51.25,17.0,ascending,278.82562
51.25,17.25,ascending,278.8583
51.25,17.5,ascending,278.84
51.25,17.75,ascending,278.8823
51.25,18.0,ascending,278.98816
51.25,18.25,ascending,279.23666
51.25,18.5,ascending,279.5922
51.25,18.75,ascending,279.99332
51.25,19.0,ascending,280.34442
51.25,19.25,ascending,280.5375
51.25,19.5,ascending,280.58624
51.25,19.75,ascending,280.51874
51.25,20.0,ascending,280.39124
51.25,20.25,ascending,280.37833
51.25,20.5,ascending,280.41626
51.25,20.75,ascending,280.43665
51.25,21.0,ascending,280.47626
51.25,21.25,ascending,280.59833
51.25,21.5,ascending,140.34499
51.25,21.75,ascending,280.58142
51.25,22.0,ascending,280.41833
51.25,22.25,ascending,280.20166
51.25,22.5,ascending,280.13498
51.25,22.75,ascending,280.15164
51.25,23.0,ascending,280.16666
51.25,23.25,ascending,280.15
51.25,23.5,ascending,280.064
51.25,23.75,ascending,279.912
51.25,24.0,ascending,279.625
51.25,24.25,ascending,279.74667
51.25,24.5,ascending,280.09
51.25,24.75,ascending,280.11667
51.25,25.0,ascending,279.72165
51.25,25.25,ascending,279.202
51.25,25.5,ascending,278.55402
51.25,25.75,ascending,277.9925
51.25,26.0,ascending,277.52597
51.25,26.25,ascending,277.608
51.25,26.5,ascending,277.88
51.25,26.75,ascending,277.866
51.25,27.0,ascending,277.6
51.25,27.25,ascending,276.77197
51.25,27.5,ascending,276.6925
51.25,27.75,ascending,276.63333
51.25,28.0,ascending,276.52997
51.25,28.25,ascending,276.46
51.25,28.5,ascending,276.13
51.25,28.75,ascending,275.7625
51.25,29.0,ascending,275.33667
51.25,29.25,ascending,274.9375
51.25,29.5,ascending,274.164
51.25,29.75,ascending,272.71164
51.25,30.0,ascending,271.095
51.25,30.25,ascending,268.396
51.25,30.5,ascending,266.57166
51.25,30.75,ascending,267.34164
51.25,31.0,ascending,268.315
51.25,31.25,ascending,267.674
51.25,31.5,ascending,266.76498
51.25,31.75,ascending,266.55
51.25,32.0,ascending,266.55334
51.25,32.25,ascending,266.77
51.25,32.5,ascending,267.04166
51.25,32.75,ascending,267.26666
51.25,33.0,ascending,267.68832
51.25,33.25,ascending,268.50168
51.25,33.5,ascending,269.388
51.25,33.75,ascending,270.025
51.25,34.0,ascending,270.392
51.25,34.25,ascending,270.38168
51.25,34.5,ascending,270.415
51.25,34.75,ascending,270.97665
51.25,35.0,ascending,272.37833
51.25,35.25,ascending,274.07333
51.25,35.5,ascending,274.91333
51.25,35.75,ascending,275.13168
51.25,36.0,ascending,275.4157
51.25,36.25,ascending,275.275
51.25,36.5,ascending,275.04572
51.25,36.75,ascending,274.52832
51.25,37.0,ascending,274.43286
51.25,37.25,ascending,274.88998
51.25,37.5,ascending,275.48712
51.25,37.75,ascending,275.80713
51.25,38.0,ascending,276.16666
51.5,-13.0,ascending,215.11665
51.5,-12.75,ascending,217.16833
51.5,-12.5,ascending,219.22375
51.5,-12.25,ascending,222.22249
51.5,-12.0,ascending,225.37
51.5,-11.75,ascending,230.26332
51.5,-11.5,ascending,234.51666
51.5,-11.25,ascending,236.33333
51.5,-11.0,ascending,235.39667
51.5,-10.75,ascending,235.14499
51.5,-10.5,ascending,236.33624
51.5,-10.25,ascending,239.03726
51.5,-10.0,ascending,243.50084
51.5,-9.75,ascending,249.09538
51.5,-9.5,ascending,251.60312
51.5,-9.25,ascending,249.56937
51.5,-9.0,ascending,245.45
51.5,-8.75,ascending,239.39249
51.5,-8.25,ascending,227.47
51.5,-8.0,ascending,219.92499
51.5,-7.75,ascending,215.35077
51.5,-7.5,ascending,213.32082
51.5,-7.25,ascending,212.31999
51.5,-7.0,ascending,212.18
51.5,-6.75,ascending,212.51299
51.5,-6.5,ascending,213.08798
51.5,-6.25,ascending,213.84999
51.5,-6.0,ascending,215.03444
51.5,-5.75,ascending,216.72
51.5,-5.5,ascending,219.74666
51.5,-5.25,ascending,223.97142
51.5,-5.0,ascending,227.52875
51.5,-4.75,ascending,231.45125
51.5,-4.5,ascending,234.76428
51.5,-4.25,ascending,236.45285
51.5,-4.0,ascending,241.55374
51.5,-3.75,ascending,247.22667
51.5,-3.5,ascending,251.165
51.5,-3.25,ascending,258.75143
51.5,-3.0,ascending,263.13428
51.5,-2.75,ascending,265.52286
51.5,-2.5,ascending,268.18857
51.5,-2.25,ascending,270.122
51.5,-2.0,ascending,271.1843
51.5,-1.75,ascending,271.476
51.5,-1.5,ascending,271.27713
51.5,-1.25,ascending,271.00833
51.5,-1.0,ascending,270.77
51.5,-0.75,ascending,270.63998
51.5,-0.5,ascending,270.34
51.5,-0.25,ascending,269.976
51.5,-0.0,ascending,252.13098
51.5,0.25,ascending,270.4275
51.5,0.5,ascending,269.844
51.5,0.75,ascending,265.438
51.5,1.0,ascending,255.93001
51.5,1.25,ascending,243.168
51.5,1.5,ascending,232.06999
51.5,1.75,ascending,224.69167
51.5,2.0,ascending,219.33199
51.5,2.25,ascending,216.59856
51.5,2.5,ascending,216.16599
51.5,2.75,ascending,217.3925
51.5,3.0,ascending,219.78499
51.5,3.25,ascending,225.06999
51.5,3.5,ascending,229.54834
51.5,3.75,ascending,238.78
51.5,4.0,ascending,245.40999
51.5,4.25,ascending,255.374
51.5,4.5,ascending,263.45834
51.5,4.75,ascending,270.09
51.5,5.0,ascending,274.46667
51.5,5.25,ascending,276.37332
51.5,5.5,ascending,277.216
51.5,5.75,ascending,277.5225
51.5,6.0,ascending,277.58398
51.5,6.25,ascending,277.50168
51.5,6.5,ascending,277.00665
51.5,6.75,ascending,276.18832
51.5,7.0,ascending,275.67334
51.5,7.25,ascending,275.492
51.5,7.5,ascending,275.59833
51.5,7.75,ascending,275.46
51.5,8.0,ascending,275.16833
51.5,8.25,ascending,275.058
51.5,8.5,ascending,275.00333
51.5,8.75,ascending,274.91666
51.5,9.0,ascending,275.01166
51.5,9.25,ascending,275.03333
51.5,9.5,ascending,274.91284
51.5,9.75,ascending,274.895
51.5,10.0,ascending,274.81
51.5,10.25,ascending,274.83667
51.5,10.5,ascending,274.75333
51.5,10.75,ascending,274.10666
51.5,11.0,ascending,273.48
51.5,11.25,ascending,273.28857
51.5,11.5,ascending,273.03
51.5,11.75,ascending,272.972
51.5,12.0,ascending,272.9875
51.5,12.25,ascending,273.04715
51.5,12.5,ascending,274.07443
51.5,12.75,ascending,275.63623
51.5,13.0,ascending,276.16376
51.5,13.25,ascending,276.92874
51.5,13.5,ascending,276.7689
51.5,13.75,ascending,276.66
51.5,14.0,ascending,276.725
51.5,14.25,ascending,277.31097
51.5,14.5,ascending,278.00998
51.5,14.75,ascending,278.89365
51.5,15.0,ascending,279.9569
51.5,15.25,ascending,280.81134
51.5,15.5,ascending,281.18887
51.5,15.75,ascending,281.16635
51.5,16.5,ascending,278.96002
51.5,16.75,ascending,279.00534
51.5,17.0,ascending,278.94
51.5,17.25,ascending,278.84665
51.5,17.5,ascending,278.6243
51.5,17.75,ascending,278.67902
51.5,18.0,ascending,278.89908
51.5,18.25,ascending,279.29776
51.5,18.5,ascending,279.67557
51.5,18.75,ascending,279.847
51.5,19.0,ascending,279.78
51.5,19.25,ascending,279.91428
51.5,19.5,ascending,279.75873
51.5,19.75,ascending,279.65
51.5,20.0,ascending,279.52875
51.5,20.25,ascending,279.77664
51.5,20.5,ascending,280.0411
51.5,20.75,ascending,280.27
51.5,21.0,ascending,280.4883
51.5,21.25,ascending,280.48285
51.5,21.5,ascending,245.3675
51.5,21.75,ascending,140.06667
51.5,22.0,ascending,280.08167
51.5,22.25,ascending,280.11285
51.5,22.5,ascending,280.24832
51.5,22.75,ascending,280.26666
51.5,23.0,ascending,280.17
51.5,23.25,ascending,280.035
51.5,23.5,ascending,279.77832
51.5,23.75,ascending,279.29666
51.5,24.0,ascending,279.0914
51.5,24.25,ascending,279.448
51.5,24.5,ascending,279.76334
51.5,24.75,ascending,279.665
51.5,25.0,ascending,279.108
51.5,25.25,ascending,278.442
51.5,25.5,ascending,277.57166
51.5,25.75,ascending,276.645
51.5,26.0,ascending,276.09665
51.5,26.25,ascending,276.1225
51.5,26.5,ascending,276.05167
51.5,26.75,ascending,275.966
51.5,27.0,ascending,275.585
51.5,27.25,ascending,274.77
51.5,27.5,ascending,274.88666
51.5,27.75,ascending,275.11002
51.5,28.0,ascending,275.31598
51.5,28.25,ascending,275.555
51.5,28.5,ascending,275.366
51.5,28.75,ascending,275.455
51.5,29.0,ascending,275.204
51.5,29.25,ascending,274.69498
51.5,29.5,ascending,273.30832
51.5,29.75,ascending,271.66998
51.5,30.0,ascending,270.545
51.5,30.25,ascending,270.50665
51.5,30.5,ascending,270.225
51.5,30.75,ascending,269.65802
51.5,31.0,ascending,269.07748
51.5,31.25,ascending,268.24
51.5,31.5,ascending,267.43332
51.5,31.75,ascending,266.81
51.5,32.0,ascending,266.45166
51.5,32.25,ascending,266.4975
51.5,32.5,ascending,267.018
51.5,32.75,ascending,267.30832
51.5,33.0,ascending,267.43167
51.5,33.25,ascending,267.88333
51.5,33.5,ascending,268.675
51.5,33.75,ascending,269.256
51.5,34.0,ascending,269.51334
51.5,34.25,ascending,269.29166
51.5,34.5,ascending,269.33835
51.5,34.75,ascending,269.4833
51.5,35.0,ascending,269.99142
51.5,35.25,ascending,271.13498
51.5,35.5,ascending,272.23
51.5,35.75,ascending,272.68
51.5,36.0,ascending,272.71
51.5,36.25,ascending,273.11713
51.5,36.5,ascending,273.0914
51.5,36.75,ascending,273.31
51.5,37.0,ascending,273.29373
51.5,37.25,ascending,273.95
51.5,37.5,ascending,274.46
51.5,37.75,ascending,274.8522
51.5,38.0,ascending,275.05
51.75,-13.0,ascending,218.60332
51.75,-12.75,ascending,219.93999
51.75,-12.5,ascending,222.84427
51.75,-12.25,ascending,225.11398
51.75,-12.0,ascending,226.91667
51.75,-11.75,ascending,228.31223
51.75,-11.5,ascending,229.04
51.75,-11.25,ascending,228.86499
51.75,-11.0,ascending,228.9675
51.75,-10.75,ascending,230.37221
51.75,-10.5,ascending,237.16399
51.75,-10.25,ascending,247.50455
51.75,-10.0,ascending,256.787
51.75,-9.75,ascending,264.17
51.75,-9.5,ascending,268.835
51.75,-9.25,ascending,269.79587
51.75,-9.0,ascending,267.424
51.75,-8.25,ascending,244.68416
51.75,-8.0,ascending,235.16466
51.75,-7.75,ascending,227.48584
51.75,-7.5,ascending,221.43834
51.75,-7.25,ascending,216.9425
51.75,-7.0,ascending,215.08301
51.75,-6.75,ascending,214.84637
51.75,-6.5,ascending,214.8189
51.75,-6.25,ascending,215.44374
51.75,-6.0,ascending,217.45749
51.75,-5.75,ascending,220.82625
51.75,-5.5,ascending,226.52333
51.75,-5.25,ascending,233.53
51.75,-5.0,ascending,239.295
51.75,-4.75,ascending,246.14665
51.75,-4.5,ascending,252.35167
51.75,-4.25,ascending,255.52124
51.75,-4.0,ascending,263.87167
51.75,-3.75,ascending,266.925
51.75,-3.5,ascending,270.1725
51.75,-3.25,ascending,272.27332
51.75,-3.0,ascending,272.25
51.75,-2.75,ascending,272.044
51.75,-2.5,ascending,271.92502
51.75,-2.25,ascending,271.94833
51.75,-2.0,ascending,271.9283
51.75,-1.75,ascending,271.442
51.75,-1.5,ascending,271.15164
51.75,-1.25,ascending,271.10602
51.75,-1.0,ascending,271.47333
51.75,-0.75,ascending,271.94598
51.75,-0.5,ascending,272.665
51.75,-0.25,ascending,273.31598
51.75,-0.0,ascending,263.52832
51.75,0.25,ascending,274.4283
51.75,0.5,ascending,273.57666
51.75,0.75,ascending,269.22333
51.75,1.0,ascending,260.38397
51.75,1.25,ascending,253.53398
51.75,1.5,ascending,241.16667
51.75,1.75,ascending,231.58798
51.75,2.0,ascending,221.60167
51.75,2.25,ascending,215.89
51.75,2.5,ascending,213.58598
51.75,2.75,ascending,213.23833
51.75,3.0,ascending,213.48999
51.75,3.25,ascending,216.03285
51.75,3.5,ascending,219.3575
51.75,3.75,ascending,225.13799
51.75,4.0,ascending,234.53198
51.75,4.25,ascending,244.34166
51.75,4.5,ascending,255.9025
51.75,4.75,ascending,266.29666
51.75,5.0,ascending,271.44498
51.75,5.25,ascending,274.04333
51.75,5.5,ascending,275.498
51.75,5.75,ascending,276.58167
51.75,6.0,ascending,277.38333
51.75,6.25,ascending,278.02
51.75,6.5,ascending,278.214
51.75,6.75,ascending,278.17667
51.75,7.0,ascending,277.745
51.75,7.25,ascending,277.26834
51.75,7.5,ascending,276.69333
51.75,7.75,ascending,276.07166
51.75,8.0,ascending,275.66333
51.75,8.25,ascending,275.615
51.75,8.5,ascending,275.512
51.75,8.75,ascending,275.41165
51.75,9.0,ascending,275.296
51.75,9.25,ascending,275.03165
51.75,9.5,ascending,274.932
51.75,9.75,ascending,274.835
51.75,10.0,ascending,274.92166
51.75,10.25,ascending,275.24332
51.75,10.5,ascending,275.50333
51.75,10.75,ascending,275.43997
51.75,11.0,ascending,274.88715
51.75,11.25,ascending,274.36667
51.75,11.5,ascending,274.38998
51.75,11.75,ascending,274.73126
51.75,12.0,ascending,275.38
51.75,12.25,ascending,275.8643
51.75,12.5,ascending,277.02286
51.75,12.75,ascending,278.07666
51.75,13.0,ascending,278.70334
51.75,13.25,ascending,279.06143
51.75,13.5,ascending,278.9625
51.75,13.75,ascending,278.7633
51.75,14.0,ascending,278.53125
51.75,14.25,ascending,278.81
51.75,14.5,ascending,279.31454
51.75,14.75,ascending,279.78635
51.75,15.0,ascending,280.30615
51.75,15.25,ascending,280.82385
51.75,15.5,ascending,281.13824
51.75,15.75,ascending,281.21765
51.75,16.5,ascending,278.34998
51.75,16.75,ascending,278.40927
51.75,17.0,ascending,278.295
51.75,17.25,ascending,278.046
51.75,17.5,ascending,277.7958
51.75,17.75,ascending,277.89334
51.75,18.0,ascending,278.12442
51.75,18.25,ascending,278.43
51.75,18.5,ascending,278.72498
51.75,18.75,ascending,278.784
51.75,19.0,ascending,278.91714
51.75,19.25,ascending,279.09
51.75,19.5,ascending,279.15125
51.75,19.75,ascending,279.16998
51.75,20.0,ascending,279.22998
51.75,20.25,ascending,279.38333
51.75,20.5,ascending,279.45874
51.75,20.75,ascending,279.52332
51.75,21.0,ascending,279.47498
51.75,21.25,ascending,279.38165
51.75,21.5,ascending,279.33
51.75,21.75,ascending,279.44
51.75,22.0,ascending,139.89833
51.75,22.25,ascending,233.47998
51.75,22.5,ascending,280.42667
51.75,22.75,ascending,280.4833
51.75,23.0,ascending,280.38666
51.75,23.25,ascending,280.255
51.75,23.5,ascending,279.98166
51.75,23.75,ascending,279.692
51.75,24.0,ascending,279.70667
51.75,24.25,ascending,279.90665
51.75,24.5,ascending,279.76398
51.75,24.75,ascending,279.014
51.75,25.0,ascending,278.06165
51.75,25.25,ascending,277.184
51.75,25.5,ascending,276.49667
51.75,25.75,ascending,275.792
51.75,26.0,ascending,274.93997
51.75,26.25,ascending,274.31332
51.75,26.5,ascending,274.2
51.75,26.75,ascending,273.878
51.75,27.0,ascending,273.494
51.75,27.25,ascending,272.56332
51.75,27.5,ascending,272.716
51.75,27.75,ascending,272.918
51.75,28.0,ascending,273.352
51.75,28.25,ascending,273.568
51.75,28.5,ascending,273.934
51.75,28.75,ascending,274.076
51.75,29.0,ascending,273.902
51.75,29.25,ascending,273.42502
51.75,29.5,ascending,272.6875
51.75,29.75,ascending,272.00833
51.75,30.0,ascending,272.63168
51.75,30.25,ascending,273.04166
51.75,30.5,ascending,271.8725
51.75,30.75,ascending,270.815
51.75,31.0,ascending,270.46832
51.75,31.25,ascending,270.09665
51.75,31.5,ascending,269.202
51.75,31.75,ascending,268.375
51.75,32.0,ascending,267.64166
51.75,32.25,ascending,267.58835
51.75,32.5,ascending,267.818
51.75,32.75,ascending,267.886
51.75,33.0,ascending,267.51834
51.75,33.25,ascending,267.275
51.75,33.5,ascending,267.865
51.75,33.75,ascending,268.718
51.75,34.0,ascending,269.02335
51.75,34.25,ascending,268.8033
51.75,34.5,ascending,268.68
51.75,34.75,ascending,268.925
51.75,35.0,ascending,269.19
51.75,35.25,ascending,269.30713
51.75,35.5,ascending,269.635
51.75,35.75,ascending,270.19626
51.75,36.0,ascending,270.164
51.75,36.25,ascending,270.27625
51.75,36.5,ascending,270.735
51.75,36.75,ascending,270.78714
51.75,37.0,ascending,271.27164
51.75,37.25,ascending,272.34714
51.75,37.5,ascending,273.1457
51.75,37.75,ascending,273.6657
51.75,38.0,ascending,274.19
52.0,-13.0,ascending,223.73332
52.0,-12.75,ascending,223.87999
52.0,-12.5,ascending,224.81
52.0,-12.25,ascending,226.86874
52.0,-12.0,ascending,228.02428
52.0,-11.75,ascending,227.29
52.0,-11.5,ascending,225.56444
52.0,-11.25,ascending,223.41875
52.0,-11.0,ascending,222.788
52.0,-10.75,ascending,225.14667
52.0,-10.5,ascending,233.33272
52.0,-10.25,ascending,246.46362
52.0,-10.0,ascending,259.70917
52.0,-9.75,ascending,268.815
52.0,-9.5,ascending,273.806
52.0,-9.25,ascending,274.85498
52.0,-9.0,ascending,273.8694
52.0,-8.5,ascending,268.94446
52.0,-8.25,ascending,265.55865
52.0,-8.0,ascending,260.37
52.0,-7.75,ascending,252.89667
52.0,-7.5,ascending,243.05666
52.0,-7.25,ascending,234.17888
52.0,-7.0,ascending,230.35635
52.0,-6.75,ascending,229.23776
52.0,-6.5,ascending,225.20888
52.0,-6.25,ascending,222.75749
52.0,-6.0,ascending,223.51125
52.0,-5.75,ascending,226.00333
52.0,-5.5,ascending,229.49571
52.0,-5.25,ascending,234.84125
52.0,-5.0,ascending,242.09749
52.0,-4.75,ascending,247.22499
52.0,-4.5,ascending,253.705
52.0,-4.25,ascending,258.66998
52.0,-4.0,ascending,263.30124
52.0,-3.75,ascending,269.20334
52.0,-3.5,ascending,271.8743
52.0,-3.25,ascending,274.378
52.0,-3.0,ascending,275.08286
52.0,-2.75,ascending,274.86166
52.0,-2.5,ascending,274.55002
52.0,-2.25,ascending,273.78
52.0,-2.0,ascending,273.19
52.0,-1.75,ascending,272.3657
52.0,-1.5,ascending,272.27997
52.0,-1.25,ascending,272.62167
52.0,-1.0,ascending,273.53
52.0,-0.75,ascending,274.568
52.0,-0.5,ascending,275.17334
52.0,-0.25,ascending,276.34247
52.0,-0.0,ascending,260.60623
52.0,0.25,ascending,277.89166
52.0,0.5,ascending,277.99667
52.0,0.75,ascending,276.354
52.0,1.0,ascending,272.9883
52.0,1.25,ascending,265.68167
52.0,1.5,ascending,255.68999
52.0,1.75,ascending,242.18599
52.0,2.0,ascending,229.026
52.0,2.25,ascending,218.57199
52.0,2.5,ascending,213.18
52.0,2.75,ascending,211.92749
52.0,3.0,ascending,211.90332
52.0,3.25,ascending,212.47
52.0,3.5,ascending,213.78667
52.0,3.75,ascending,217.576
52.0,4.0,ascending,222.79167
52.0,4.25,ascending,232.45
52.0,4.5,ascending,247.23833
52.0,4.75,ascending,257.75
52.0,5.0,ascending,265.702
52.0,5.25,ascending,269.7333
52.0,5.5,ascending,270.78833
52.0,5.75,ascending,273.69165
52.0,6.0,ascending,276.598
52.0,6.25,ascending,278.29333
52.0,6.5,ascending,279.2625
52.0,6.75,ascending,279.245
52.0,7.0,ascending,278.7725
52.0,7.25,ascending,278.34198
52.0,7.5,ascending,277.68332
52.0,7.75,ascending,276.91666
52.0,8.0,ascending,276.20334
52.0,8.25,ascending,275.73398
52.0,8.5,ascending,275.34332
52.0,8.75,ascending,274.97833
52.0,9.0,ascending,274.77832
52.0,9.25,ascending,274.47165
52.0,9.5,ascending,274.50668
52.0,9.75,ascending,274.4
52.0,10.0,ascending,274.57166
52.0,10.25,ascending,275.07166
52.0,10.5,ascending,275.67572
52.0,10.75,ascending,276.13858
52.0,11.0,ascending,276.19998
52.0,11.25,ascending,275.78857
52.0,11.5,ascending,275.485
52.0,11.75,ascending,275.99713
52.0,12.0,ascending,276.59714
52.0,12.25,ascending,277.195
52.0,12.5,ascending,277.60248
52.0,12.75,ascending,278.11124
52.0,13.0,ascending,278.255
52.0,13.25,ascending,278.565
52.0,13.5,ascending,278.91
52.0,13.75,ascending,279.22775
52.0,14.0,ascending,279.496
52.0,14.25,ascending,279.70444
52.0,14.5,ascending,279.97546
52.0,14.75,ascending,280.18076
52.0,15.0,ascending,280.2736
52.0,15.25,ascending,280.33868
52.0,15.5,ascending,280.465
52.0,15.75,ascending,280.55402
52.0,16.25,ascending,277.9533
52.0,16.5,ascending,277.82867
52.0,16.75,ascending,277.7125
52.0,17.0,ascending,277.5493
52.0,17.25,ascending,277.41153
52.0,17.5,ascending,277.46332
52.0,17.75,ascending,277.69
52.0,18.0,ascending,278.044
52.0,18.25,ascending,278.3675
52.0,18.5,ascending,278.483
52.0,18.75,ascending,278.56
52.0,19.0,ascending,278.74713
52.0,19.25,ascending,278.87427
52.0,19.5,ascending,278.89886
52.0,19.75,ascending,279.02374
52.0,20.0,ascending,279.17166
52.0,20.25,ascending,279.19427
52.0,20.5,ascending,279.04248
52.0,20.75,ascending,278.85
52.0,21.0,ascending,278.275
52.0,21.25,ascending,278.275
52.0,21.5,ascending,278.35834
52.0,21.75,ascending,279.1157
52.0,22.0,ascending,279.83667
52.0,22.25,ascending,200.24428
52.0,22.5,ascending,168.326
52.0,22.75,ascending,280.38858
52.0,23.0,ascending,280.366
52.0,23.25,ascending,280.19598
52.0,23.5,ascending,280.00143
52.0,23.75,ascending,279.925
52.0,24.0,ascending,279.976
52.0,24.25,ascending,279.904
52.0,24.5,ascending,279.3633
52.0,24.75,ascending,278.382
52.0,25.0,ascending,277.59
52.0,25.25,ascending,277.07834
52.0,25.5,ascending,276.50168
52.0,25.75,ascending,275.62
52.0,26.0,ascending,274.50333
52.0,26.25,ascending,273.58398
52.0,26.5,ascending,273.306
52.0,26.75,ascending,273.06
52.0,27.0,ascending,272.27164
52.0,27.25,ascending,271.632
52.0,27.5,ascending,271.36398
52.0,27.75,ascending,271.474
52.0,28.0,ascending,271.94165
52.0,28.25,ascending,272.746
52.0,28.5,ascending,273.33334
52.0,28.75,ascending,273.154
52.0,29.0,ascending,272.91333
52.0,29.25,ascending,273.145
52.0,29.5,ascending,273.87997
52.0,29.75,ascending,274.52
52.0,30.0,ascending,274.506
52.0,30.25,ascending,273.68332
52.0,30.5,ascending,272.62332
52.0,30.75,ascending,271.9283
52.0,31.0,ascending,271.97797
52.0,31.25,ascending,272.095
52.0,31.5,ascending,271.43332
52.0,31.75,ascending,270.40164
52.0,32.0,ascending,269.75
52.0,32.25,ascending,269.47165
52.0,32.5,ascending,269.22797
52.0,32.75,ascending,268.596
52.0,33.0,ascending,267.83334
52.0,33.25,ascending,266.98
52.0,33.5,ascending,267.27997
52.0,33.75,ascending,268.40668
52.0,34.0,ascending,269.15
52.0,34.25,ascending,269.102
52.0,34.5,ascending,268.66
52.0,34.75,ascending,268.585
52.0,35.0,ascending,268.77664
52.0,35.25,ascending,268.59833
52.0,35.5,ascending,268.28665
52.0,35.75,ascending,268.13834
52.0,36.0,ascending,268.37625
52.0,36.25,ascending,268.516
52.0,36.5,ascending,268.97
52.0,36.75,ascending,269.32
52.0,37.0,ascending,269.90875
52.0,37.25,ascending,270.70624
52.0,37.5,ascending,271.63873
52.0,37.75,ascending,272.38998
52.0,38.0,ascending,273.046
52.25,-13.0,ascending,227.40999
52.25,-12.75,ascending,226.65
52.25,-12.5,ascending,225.28
52.25,-12.25,ascending,225.045
52.25,-12.0,ascending,225.38777
52.25,-11.75,ascending,225.16833
52.25,-11.5,ascending,223.28667
52.25,-11.25,ascending,221.36874
52.25,-11.0,ascending,219.88889
52.25,-10.75,ascending,221.33
52.25,-10.5,ascending,226.98201
52.25,-10.25,ascending,238.85817
52.25,-10.0,ascending,252.91167
52.25,-9.75,ascending,264.67166
52.25,-9.5,ascending,272.2507
52.25,-9.25,ascending,274.555
52.25,-9.0,ascending,275.15768
52.25,-8.75,ascending,275.596
52.25,-8.5,ascending,275.34686
52.25,-8.25,ascending,275.72665
52.25,-8.0,ascending,274.98166
52.25,-7.75,ascending,272.19666
52.25,-7.5,ascending,266.379
52.25,-7.25,ascending,261.7191
52.25,-7.0,ascending,260.761
52.25,-6.75,ascending,256.08777
52.25,-6.5,ascending,249.98
52.25,-6.25,ascending,240.71375
52.25,-6.0,ascending,234.65875
52.25,-5.75,ascending,231.655
52.25,-5.5,ascending,228.25
52.25,-5.25,ascending,228.555
52.25,-5.0,ascending,229.36998
52.25,-4.75,ascending,231.66167
52.25,-4.5,ascending,237.26
52.25,-4.25,ascending,241.48
52.25,-4.0,ascending,250.41833
52.25,-3.75,ascending,259.54666
52.25,-3.5,ascending,267.67
52.25,-3.25,ascending,273.81857
52.25,-3.0,ascending,276.01602
52.25,-2.75,ascending,276.29666
52.25,-2.5,ascending,275.646
52.25,-2.25,ascending,274.97333
52.25,-2.0,ascending,273.95334
52.25,-1.75,ascending,273.546
52.25,-1.5,ascending,273.7357
52.25,-1.25,ascending,274.275
52.25,-1.0,ascending,275.4
52.25,-0.75,ascending,276.45
52.25,-0.5,ascending,277.03857
52.25,-0.25,ascending,278.12
52.25,-0.0,ascending,261.405
52.25,0.25,ascending,279.42398
52.25,0.5,ascending,279.68
52.25,0.75,ascending,279.22598
52.25,1.0,ascending,277.456
52.25,1.25,ascending,274.63998
52.25,1.5,ascending,266.115
52.25,1.75,ascending,250.9
52.25,2.0,ascending,231.658
52.25,2.25,ascending,218.22667
52.25,2.5,ascending,212.50598
52.25,2.75,ascending,211.09332
52.25,3.0,ascending,210.816
52.25,3.25,ascending,211.02832
52.25,3.5,ascending,211.4175
52.25,3.75,ascending,212.68166
52.25,4.0,ascending,215.5975
52.25,4.25,ascending,223.61833
52.25,4.5,ascending,235.22333
52.25,4.75,ascending,250.65666
52.25,5.0,ascending,259.254
52.25,5.25,ascending,259.32834
52.25,5.5,ascending,259.99832
52.25,5.75,ascending,267.78
52.25,6.0,ascending,274.705
52.25,6.25,ascending,278.20248
52.25,6.5,ascending,279.38998
52.25,6.75,ascending,279.468
52.25,7.0,ascending,278.985
52.25,7.25,ascending,278.20752
52.25,7.5,ascending,277.57748
52.25,7.75,ascending,277.00168
52.25,8.0,ascending,276.16333
52.25,8.25,ascending,275.486
52.25,8.5,ascending,274.93
52.25,8.75,ascending,274.63333
52.25,9.0,ascending,274.37668
52.25,9.25,ascending,274.15332
52.25,9.5,ascending,274.215
52.25,9.75,ascending,274.1783
52.25,10.0,ascending,274.39398
52.25,10.25,ascending,275.03
52.25,10.5,ascending,275.615
52.25,10.75,ascending,275.95334
52.25,11.0,ascending,276.22714
52.25,11.25,ascending,276.37668
52.25,11.5,ascending,276.43
52.25,11.75,ascending,276.63165
52.25,12.0,ascending,277.0
52.25,12.25,ascending,277.192
52.25,12.5,ascending,277.04
52.25,12.75,ascending,276.65125
52.25,13.0,ascending,276.24124
52.25,13.25,ascending,276.21124
52.25,13.5,ascending,276.86
52.25,13.75,ascending,277.87625
52.25,14.0,ascending,278.8
52.25,14.25,ascending,279.544
52.25,14.5,ascending,279.8018
52.25,14.75,ascending,280.09363
52.25,15.0,ascending,280.19153
52.25,15.25,ascending,280.00467
52.25,15.5,ascending,279.89334
52.25,15.75,ascending,279.93
52.25,16.0,ascending,278.05832
52.25,16.25,ascending,277.96667
52.25,16.5,ascending,277.69333
52.25,16.75,ascending,277.36078
52.25,17.0,ascending,276.90427
52.25,17.25,ascending,276.65555
52.25,17.5,ascending,276.66092
52.25,17.75,ascending,276.755
52.25,18.0,ascending,276.9733
52.25,18.25,ascending,277.1625
52.25,18.5,ascending,277.03668
52.25,18.75,ascending,277.22427
52.25,19.0,ascending,277.57623
52.25,19.25,ascending,277.835
52.25,19.5,ascending,277.805
52.25,19.75,ascending,278.07285
52.25,20.0,ascending,278.06143
52.25,20.25,ascending,277.88998
52.25,20.5,ascending,277.73
52.25,20.75,ascending,277.5057
52.25,21.0,ascending,277.185
52.25,21.25,ascending,277.49857
52.25,21.5,ascending,278.32166
52.25,21.75,ascending,279.198
52.25,22.0,ascending,279.835
52.25,22.25,ascending,280.056
52.25,22.5,ascending,233.29668
52.25,22.75,ascending,111.93199
52.25,23.0,ascending,279.93167
52.25,23.25,ascending,279.925
52.25,23.5,ascending,279.918
52.25,23.75,ascending,279.908
52.25,24.0,ascending,279.86166
52.25,24.25,ascending,279.61398
52.25,24.5,ascending,278.94998
52.25,24.75,ascending,278.2175
52.25,25.0,ascending,277.598
52.25,25.25,ascending,276.784
52.25,25.5,ascending,276.12
52.25,25.75,ascending,275.59
52.25,26.0,ascending,274.958
52.25,26.25,ascending,274.31998
52.25,26.5,ascending,274.158
52.25,26.75,ascending,273.81198
52.25,27.0,ascending,273.206
52.25,27.25,ascending,272.67596
52.25,27.5,ascending,272.152
52.25,27.75,ascending,272.42
52.25,28.0,ascending,273.0925
52.25,28.25,ascending,273.784
52.25,28.5,ascending,274.4725
52.25,28.75,ascending,274.01166
52.25,29.0,ascending,273.7375
52.25,29.25,ascending,274.64667
52.25,29.5,ascending,275.4833
52.25,29.75,ascending,275.27
52.25,30.0,ascending,274.398
52.25,30.25,ascending,273.11166
52.25,30.5,ascending,272.425
52.25,30.75,ascending,272.724
52.25,31.0,ascending,272.93332
52.25,31.25,ascending,272.82166
52.25,31.5,ascending,272.58664
52.25,31.75,ascending,272.11798
52.25,32.0,ascending,271.63165
52.25,32.25,ascending,271.25833
52.25,32.5,ascending,270.54333
52.25,32.75,ascending,269.55798
52.25,33.0,ascending,268.65802
52.25,33.25,ascending,267.62665
52.25,33.5,ascending,267.232
52.25,33.75,ascending,268.174
52.25,34.0,ascending,269.32834
52.25,34.25,ascending,269.72833
52.25,34.5,ascending,269.15
52.25,34.75,ascending,268.63998
52.25,35.0,ascending,268.44998
52.25,35.25,ascending,268.15665
52.25,35.5,ascending,267.52856
52.25,35.75,ascending,267.145
52.25,36.0,ascending,267.17715
52.25,36.25,ascending,267.59143
52.25,36.5,ascending,268.27332
52.25,36.75,ascending,269.10834
52.25,37.0,ascending,269.97855
52.25,37.25,ascending,270.55334
52.25,37.5,ascending,271.12125
52.25,37.75,ascending,271.63748
52.25,38.0,ascending,272.1
52.5,-13.0,ascending,229.29333
52.5,-12.75,ascending,227.948
52.5,-12.5,ascending,225.30249
52.5,-12.25,ascending,222.63832
52.5,-12.0,ascending,221.22427
52.5,-11.75,ascending,221.01888
52.5,-11.5,ascending,220.9225
52.5,-11.25,ascending,220.47
52.5,-11.0,ascending,219.788
52.5,-10.75,ascending,219.9322
52.5,-10.5,ascending,221.58101
52.5,-10.25,ascending,226.7409
52.5,-10.0,ascending,237.3125
52.5,-9.75,ascending,251.88615
52.5,-9.5,ascending,263.91443
52.5,-9.25,ascending,268.97778
52.5,-9.0,ascending,271.38
52.5,-8.75,ascending,275.15927
52.5,-8.5,ascending,276.63922
52.5,-8.25,ascending,277.61917
52.5,-8.0,ascending,278.13583
52.5,-7.75,ascending,278.09363
52.5,-7.5,ascending,277.591
52.5,-7.25,ascending,277.00635
52.5,-7.0,ascending,275.75446
52.5,-6.75,ascending,271.95123
52.5,-6.5,ascending,265.70874
52.5,-6.25,ascending,255.34286
52.5,-6.0,ascending,245.231
52.5,-5.75,ascending,235.27167
52.5,-5.5,ascending,227.1875
52.5,-5.25,ascending,222.31857
52.5,-5.0,ascending,219.82875
52.5,-4.75,ascending,221.21332
52.5,-4.5,ascending,225.38571
52.5,-4.25,ascending,231.46
52.5,-4.0,ascending,244.06429
52.5,-3.75,ascending,257.12
52.5,-3.5,ascending,268.124
52.5,-3.25,ascending,274.37857
52.5,-3.0,ascending,276.835
52.5,-2.75,ascending,277.15
52.5,-2.5,ascending,276.6314
52.5,-2.25,ascending,275.974
52.5,-2.0,ascending,275.40164
52.5,-1.75,ascending,274.97833
52.5,-1.5,ascending,275.47833
52.5,-1.25,ascending,276.36667
52.5,-1.0,ascending,277.205
52.5,-0.75,ascending,278.02
52.5,-0.5,ascending,278.63666
52.5,-0.25,ascending,279.18832
52.5,-0.0,ascending,259.10858
52.5,0.25,ascending,278.754
52.5,0.5,ascending,277.15164
52.5,0.75,ascending,275.28833
52.5,1.0,ascending,274.58002
52.5,1.25,ascending,270.04333
52.5,1.5,ascending,260.982
52.5,1.75,ascending,244.855
52.5,2.0,ascending,225.996
52.5,2.25,ascending,215.608
52.5,2.5,ascending,211.124
52.5,2.75,ascending,210.33199
52.5,3.0,ascending,210.18198
52.5,3.25,ascending,210.18999
52.5,3.5,ascending,210.385
52.5,3.75,ascending,210.642
52.5,4.0,ascending,212.33167
52.5,4.25,ascending,215.05801
52.5,4.5,ascending,224.83499
52.5,4.75,ascending,240.83667
52.5,5.0,ascending,248.57166
52.5,5.25,ascending,246.50398
52.5,5.5,ascending,248.7275
52.5,5.75,ascending,261.768
52.5,6.0,ascending,272.31332
52.5,6.25,ascending,277.22
52.5,6.5,ascending,278.91
52.5,6.75,ascending,279.155
52.5,7.0,ascending,278.64398
52.5,7.25,ascending,277.84
52.5,7.5,ascending,277.32797
52.5,7.75,ascending,276.83197
52.5,8.0,ascending,275.94165
52.5,8.25,ascending,274.87997
52.5,8.5,ascending,274.36398
52.5,8.75,ascending,274.185
52.5,9.0,ascending,274.15833
52.5,9.25,ascending,273.886
52.5,9.5,ascending,273.88666
52.5,9.75,ascending,274.09332
52.5,10.0,ascending,274.4814
52.5,10.25,ascending,275.0757
52.5,10.5,ascending,275.43332
52.5,10.75,ascending,275.5
52.5,11.0,ascending,275.68997
52.5,11.25,ascending,276.1143
52.5,11.5,ascending,276.47833
52.5,11.75,ascending,276.68713
52.5,12.0,ascending,276.76425
52.5,12.25,ascending,276.97
52.5,12.5,ascending,276.8089
52.5,12.75,ascending,276.39716
52.5,13.0,ascending,275.84125
52.5,13.25,ascending,275.3175
52.5,13.5,ascending,275.376
52.5,13.75,ascending,276.0422
52.5,14.0,ascending,277.0091
52.5,14.25,ascending,277.9591
52.5,14.5,ascending,278.35452
52.5,14.75,ascending,278.84665
52.5,15.0,ascending,279.32928
52.5,15.25,ascending,279.55267
52.5,15.5,ascending,279.51715
52.5,15.75,ascending,278.877
52.5,16.0,ascending,277.71133
52.5,16.25,ascending,277.53833
52.5,16.5,ascending,277.26416
52.5,16.75,ascending,276.92267
52.5,17.0,ascending,276.51273
52.5,17.25,ascending,276.27777
52.5,17.5,ascending,276.03775
52.5,17.75,ascending,275.81555
52.5,18.0,ascending,275.68375
52.5,18.25,ascending,275.58197
52.5,18.5,ascending,275.67374
52.5,18.75,ascending,276.00143
52.5,19.0,ascending,276.29166
52.5,19.25,ascending,276.2489
52.5,19.5,ascending,275.97574
52.5,19.75,ascending,276.2257
52.5,20.0,ascending,276.28
52.5,20.25,ascending,276.56
52.5,20.5,ascending,276.99142
52.5,20.75,ascending,277.2443
52.5,21.0,ascending,277.44165
52.5,21.25,ascending,277.85858
52.5,21.5,ascending,278.44598
52.5,21.75,ascending,278.97714
52.5,22.0,ascending,279.378
52.5,22.25,ascending,279.35858
52.5,22.5,ascending,279.23666
52.5,22.75,ascending,279.224
52.5,23.0,ascending,159.56142
52.5,23.25,ascending,186.505
52.5,23.5,ascending,279.706
52.5,23.75,ascending,279.58334
52.5,24.0,ascending,279.27164
52.5,24.25,ascending,279.0625
52.5,24.5,ascending,278.56198
52.5,24.75,ascending,278.08167
52.5,25.0,ascending,277.25168
52.5,25.25,ascending,276.594
52.5,25.5,ascending,276.24
52.5,25.75,ascending,275.91202
52.5,26.0,ascending,275.33835
52.5,26.25,ascending,275.1475
52.5,26.5,ascending,275.245
52.5,26.75,ascending,274.8633
52.5,27.0,ascending,274.13998
52.5,27.25,ascending,273.7775
52.5,27.5,ascending,273.65833
52.5,27.75,ascending,273.91998
52.5,28.0,ascending,274.38498
52.5,28.25,ascending,275.18
52.5,28.5,ascending,275.44165
52.5,28.75,ascending,274.98248
52.5,29.0,ascending,274.67667
52.5,29.25,ascending,274.83798
52.5,29.5,ascending,274.746
52.5,29.75,ascending,274.39667
52.5,30.0,ascending,273.01834
52.5,30.25,ascending,271.85602
52.5,30.5,ascending,272.16833
52.5,30.75,ascending,272.96335
52.5,31.0,ascending,272.595
52.5,31.25,ascending,272.63
52.5,31.5,ascending,272.8425
52.5,31.75,ascending,272.33
52.5,32.0,ascending,272.048
52.5,32.25,ascending,272.13998
52.5,32.5,ascending,271.78665
52.5,32.75,ascending,270.796
52.5,33.0,ascending,270.09
52.5,33.25,ascending,269.42166
52.5,33.5,ascending,268.568
52.5,33.75,ascending,268.80283
52.5,34.0,ascending,269.37668
52.5,34.25,ascending,270.3214
52.5,34.5,ascending,270.09332
52.5,34.75,ascending,269.2657
52.5,35.0,ascending,268.57666
52.5,35.25,ascending,268.00427
52.5,35.5,ascending,267.37
52.5,35.75,ascending,266.8257
52.5,36.0,ascending,266.68
52.5,36.25,ascending,266.85428
52.5,36.5,ascending,267.65875
52.5,36.75,ascending,268.9725
52.5,37.0,ascending,270.29855
52.5,37.25,ascending,271.19623
52.5,37.5,ascending,271.74374
52.5,37.75,ascending,271.93
52.5,38.0,ascending,217.566
52.75,-13.0,ascending,226.83249
52.75,-12.75,ascending,225.8575
52.75,-12.5,ascending,222.99428
52.75,-12.25,ascending,220.83875
52.75,-12.0,ascending,218.58875
52.75,-11.75,ascending,218.4325
52.75,-11.5,ascending,219.50749
52.75,-11.25,ascending,219.84375
52.75,-11.0,ascending,219.265
52.75,-10.75,ascending,218.371
52.75,-10.5,ascending,218.394
52.75,-10.25,ascending,220.50816
52.75,-10.0,ascending,226.61916
52.75,-9.75,ascending,239.60306
52.75,-9.5,ascending,254.27356
52.75,-9.25,ascending,264.06848
52.75,-9.0,ascending,269.365
52.75,-8.75,ascending,272.70923
52.75,-8.5,ascending,274.96213
52.75,-8.25,ascending,276.71667
52.75,-8.0,ascending,277.75333
52.75,-7.75,ascending,278.4222
52.75,-7.5,ascending,278.70084
52.75,-7.25,ascending,278.6811
52.75,-7.0,ascending,277.97375
52.75,-6.75,ascending,275.86624
52.75,-6.5,ascending,271.22427
52.75,-6.25,ascending,262.68887
52.75,-6.0,ascending,252.215
52.75,-5.75,ascending,238.12856
52.75,-5.5,ascending,227.44334
52.75,-5.25,ascending,220.43143
52.75,-5.0,ascending,216.96571
52.75,-4.75,ascending,218.165
52.75,-4.5,ascending,223.91284
52.75,-4.25,ascending,234.50334
52.75,-4.0,ascending,248.26332
52.75,-3.75,ascending,261.108
52.75,-3.5,ascending,270.62997
52.75,-3.25,ascending,275.65833
52.75,-3.0,ascending,277.13
52.75,-2.75,ascending,277.46
52.75,-2.5,ascending,277.36398
52.75,-2.25,ascending,277.16202
52.75,-2.0,ascending,277.24832
52.75,-1.75,ascending,277.492
52.75,-1.5,ascending,277.758
52.75,-1.25,ascending,278.42596
52.75,-1.0,ascending,278.81497
52.75,-0.75,ascending,279.135
52.75,-0.5,ascending,279.468
52.75,-0.25,ascending,279.28598
52.75,-0.0,ascending,260.3675
52.75,0.25,ascending,273.23398
52.75,0.5,ascending,266.85333
52.75,0.75,ascending,262.404
52.75,1.0,ascending,258.03665
52.75,1.25,ascending,249.63
52.75,1.5,ascending,241.60999
52.75,1.75,ascending,228.876
52.75,2.0,ascending,216.054
52.75,2.25,ascending,211.568
52.75,2.5,ascending,209.995
52.75,2.75,ascending,209.71
52.75,3.0,ascending,209.58398
52.75,3.25,ascending,209.55
52.75,3.5,ascending,209.64249
52.75,3.75,ascending,209.78
52.75,4.0,ascending,210.21999
52.75,4.25,ascending,212.24666
52.75,4.5,ascending,219.15332
52.75,4.75,ascending,229.96832
52.75,5.0,ascending,237.0375
52.75,5.25,ascending,234.54749
52.75,5.5,ascending,241.78833
52.75,5.75,ascending,257.51663
52.75,6.0,ascending,269.18597
52.75,6.25,ascending,274.46164
52.75,6.5,ascending,276.766
52.75,6.75,ascending,276.77167
52.75,7.0,ascending,276.495
52.75,7.25,ascending,276.685
52.75,7.5,ascending,277.31998
52.75,7.75,ascending,277.28748
52.75,8.0,ascending,276.04166
52.75,8.25,ascending,274.652
52.75,8.5,ascending,274.02164
52.75,8.75,ascending,273.93
52.75,9.0,ascending,273.88834
52.75,9.25,ascending,273.434
52.75,9.5,ascending,273.1
52.75,9.75,ascending,273.396
52.75,10.0,ascending,274.42166
52.75,10.25,ascending,275.15332
52.75,10.5,ascending,275.17667
52.75,10.75,ascending,275.09833
52.75,11.0,ascending,275.25998
52.75,11.25,ascending,275.545
52.75,11.5,ascending,275.76855
52.75,11.75,ascending,275.61374
52.75,12.0,ascending,275.74332
52.75,12.25,ascending,275.66376
52.75,12.5,ascending,275.73428
52.75,12.75,ascending,275.89426
52.75,13.0,ascending,275.68445
52.75,13.25,ascending,275.60748
52.75,13.5,ascending,275.42123
52.75,13.75,ascending,275.22556
52.75,14.0,ascending,275.33112
52.75,14.25,ascending,275.801
52.75,14.5,ascending,276.44363
52.75,14.75,ascending,277.22635
52.75,15.0,ascending,277.82333
52.75,15.25,ascending,278.43213
52.75,15.5,ascending,278.6527
52.75,15.75,ascending,277.744
52.75,16.0,ascending,277.65213
52.75,16.25,ascending,277.55786
52.75,16.5,ascending,277.495
52.75,16.75,ascending,277.43417
52.75,17.0,ascending,277.04553
52.75,17.25,ascending,276.61334
52.75,17.5,ascending,276.0722
52.75,17.75,ascending,275.61
52.75,18.0,ascending,275.43
52.75,18.25,ascending,275.57428
52.75,18.5,ascending,275.80856
52.75,18.75,ascending,275.98123
52.75,19.0,ascending,275.9275
52.75,19.25,ascending,275.81
52.75,19.5,ascending,275.79572
52.75,19.75,ascending,276.21143
52.75,20.0,ascending,276.83572
52.75,20.25,ascending,277.44165
52.75,20.5,ascending,277.76
52.75,20.75,ascending,277.83835
52.75,21.0,ascending,277.80402
52.75,21.25,ascending,277.92667
52.75,21.5,ascending,278.32834
52.75,21.75,ascending,278.66998
52.75,22.0,ascending,278.79572
52.75,22.25,ascending,278.544
52.75,22.5,ascending,278.326
52.75,22.75,ascending,278.35165
52.75,23.0,ascending,278.252
52.75,23.25,ascending,278.516
52.75,23.5,ascending,139.205
52.75,23.75,ascending,222.84799
52.75,24.0,ascending,278.17596
52.75,24.25,ascending,278.206
52.75,24.5,ascending,278.145
52.75,24.75,ascending,277.93668
52.75,25.0,ascending,277.698
52.75,25.25,ascending,277.46332
52.75,25.5,ascending,277.056
52.75,25.75,ascending,276.31
52.75,26.0,ascending,275.7525
52.75,26.25,ascending,275.85666
52.75,26.5,ascending,275.71198
52.75,26.75,ascending,275.0575
52.75,27.0,ascending,274.322
52.75,27.25,ascending,273.98666
52.75,27.5,ascending,274.12
52.75,27.75,ascending,274.528
52.75,28.0,ascending,274.9675
52.75,28.25,ascending,275.3633
52.75,28.5,ascending,275.36
52.75,28.75,ascending,274.59833
52.75,29.0,ascending,273.88998
52.75,29.25,ascending,273.42
52.75,29.5,ascending,273.122
52.75,29.75,ascending,272.68
52.75,30.0,ascending,271.718
52.75,30.25,ascending,271.024
52.75,30.5,ascending,271.97498
52.75,30.75,ascending,272.2075
52.75,31.0,ascending,271.978
52.75,31.25,ascending,272.29166
52.75,31.5,ascending,272.67596
52.75,31.75,ascending,272.168
52.75,32.0,ascending,271.6425
52.75,32.25,ascending,271.85
52.75,32.5,ascending,271.95334
52.75,32.75,ascending,271.63666
52.75,33.0,ascending,271.262
52.75,33.25,ascending,270.994
52.75,33.5,ascending,270.60666
52.75,33.75,ascending,270.22748
52.75,34.0,ascending,269.91833
52.75,34.25,ascending,270.47797
52.75,34.5,ascending,270.87332
52.75,34.75,ascending,270.25
52.75,35.0,ascending,269.18332
52.75,35.25,ascending,268.37
52.75,35.5,ascending,267.74832
52.75,35.75,ascending,267.27832
52.75,36.0,ascending,266.93713
52.75,36.25,ascending,266.93832
52.75,36.5,ascending,267.28427
52.75,36.75,ascending,268.36
52.75,37.0,ascending,269.8157
52.75,37.25,ascending,271.1575
52.75,37.5,ascending,203.97
52.75,37.75,ascending,194.34142
52.75,38.0,ascending,217.63599
53.0,-13.0,ascending,222.34
53.0,-12.75,ascending,220.32713
53.0,-12.5,ascending,218.66833
53.0,-12.25,ascending,216.52249
53.0,-12.0,ascending,216.05374
53.0,-11.75,ascending,216.32286
53.0,-11.5,ascending,216.725
53.0,-11.25,ascending,216.78375
53.0,-11.0,ascending,216.626
53.0,-10.75,ascending,216.654
53.0,-10.5,ascending,218.623
53.0,-10.25,ascending,221.7809
53.0,-10.0,ascending,227.19666
53.0,-9.75,ascending,235.02856
53.0,-9.5,ascending,246.91295
53.0,-9.25,ascending,258.5678
53.0,-9.0,ascending,264.03687
53.0,-8.75,ascending,268.85846
53.0,-8.5,ascending,272.51453
53.0,-8.25,ascending,275.177
53.0,-8.0,ascending,276.82
53.0,-7.75,ascending,277.7191
53.0,-7.5,ascending,278.28113
53.0,-7.25,ascending,278.48108
53.0,-7.0,ascending,278.14124
53.0,-6.75,ascending,276.66998
53.0,-6.5,ascending,272.86374
53.0,-6.25,ascending,266.14624
53.0,-6.0,ascending,253.90285
53.0,-5.75,ascending,239.69998
53.0,-5.5,ascending,226.84856
53.0,-5.25,ascending,219.26666
53.0,-5.0,ascending,215.70999
53.0,-4.75,ascending,218.44286
53.0,-4.5,ascending,225.95667
53.0,-4.25,ascending,237.28598
53.0,-4.0,ascending,249.48286
53.0,-3.75,ascending,261.35715
53.0,-3.5,ascending,267.66
53.0,-3.25,ascending,267.91165
53.0,-3.0,ascending,271.13
53.0,-2.75,ascending,271.95
53.0,-2.5,ascending,273.21
53.0,-2.25,ascending,276.15143
53.0,-2.0,ascending,277.924
53.0,-1.75,ascending,278.88498
53.0,-1.5,ascending,279.2333
53.0,-1.25,ascending,279.35333
53.0,-1.0,ascending,279.416
53.0,-0.75,ascending,279.496
53.0,-0.5,ascending,279.39835
53.0,-0.25,ascending,278.18332
53.0,-0.0,ascending,252.02333
53.0,0.25,ascending,263.22998
53.0,0.5,ascending,251.25598
53.0,0.75,ascending,238.81999
53.0,1.0,ascending,232.976
53.0,1.25,ascending,224.288
53.0,1.5,ascending,217.29399
53.0,1.75,ascending,214.092
53.0,2.0,ascending,211.03249
53.0,2.25,ascending,209.58
53.0,2.5,ascending,209.20999
53.0,2.75,ascending,209.04668
53.0,3.0,ascending,208.98999
53.0,3.25,ascending,208.946
53.0,3.5,ascending,209.04333
53.0,3.75,ascending,209.08998
53.0,4.0,ascending,209.23999
53.0,4.25,ascending,210.39333
53.0,4.5,ascending,213.82666
53.0,4.75,ascending,220.20999
53.0,5.0,ascending,223.92801
53.0,5.25,ascending,226.02167
53.0,5.5,ascending,236.03833
53.0,5.75,ascending,249.7
53.0,6.0,ascending,259.14334
53.0,6.25,ascending,264.808
53.0,6.5,ascending,265.54
53.0,6.75,ascending,266.455
53.0,7.0,ascending,267.66998
53.0,7.25,ascending,270.638
53.0,7.5,ascending,275.09833
53.0,7.75,ascending,276.326
53.0,8.0,ascending,273.75598
53.0,8.25,ascending,272.17596
53.0,8.5,ascending,273.13333
53.0,8.75,ascending,274.32428
53.0,9.0,ascending,274.91666
53.0,9.25,ascending,274.31198
53.0,9.5,ascending,273.01498
53.0,9.75,ascending,272.79834
53.0,10.0,ascending,273.96002
53.0,10.25,ascending,275.025
53.0,10.5,ascending,275.01666
53.0,10.75,ascending,274.41833
53.0,11.0,ascending,274.41287
53.0,11.25,ascending,274.65143
53.0,11.5,ascending,274.93283
53.0,11.75,ascending,274.6
53.0,12.0,ascending,274.26334
53.0,12.25,ascending,273.50998
53.0,12.5,ascending,273.65286
53.0,12.75,ascending,273.84875
53.0,13.0,ascending,274.48123
53.0,13.25,ascending,275.05374
53.0,13.5,ascending,275.48444
53.0,13.75,ascending,275.49777
53.0,14.0,ascending,275.211
53.0,14.25,ascending,275.18
53.0,14.5,ascending,275.56818
53.0,14.75,ascending,276.32306
53.0,15.0,ascending,277.0815
53.0,15.25,ascending,277.60648
53.0,15.5,ascending,277.32547
53.0,15.75,ascending,276.7564
53.0,16.0,ascending,277.25076
53.0,16.25,ascending,277.4093
53.0,16.5,ascending,277.43
53.0,16.75,ascending,277.45554
53.0,17.0,ascending,277.241
53.0,17.25,ascending,276.85126
53.0,17.5,ascending,276.45444
53.0,17.75,ascending,276.15625
53.0,18.0,ascending,276.15442
53.0,18.25,ascending,276.24
53.0,18.5,ascending,276.2457
53.0,18.75,ascending,276.125
53.0,19.0,ascending,275.81888
53.0,19.25,ascending,275.75333
53.0,19.5,ascending,276.0625
53.0,19.75,ascending,276.4
53.0,20.0,ascending,276.915
53.0,20.25,ascending,277.37
53.0,20.5,ascending,277.38428
53.0,20.75,ascending,277.46
53.0,21.0,ascending,277.7075
53.0,21.25,ascending,278.086
53.0,21.5,ascending,278.40143
53.0,21.75,ascending,278.44333
53.0,22.0,ascending,278.01498
53.0,22.25,ascending,277.40802
53.0,22.5,ascending,277.13998
53.0,22.75,ascending,276.72833
53.0,23.0,ascending,276.766
53.0,23.25,ascending,277.00168
53.0,23.5,ascending,277.16
53.0,23.75,ascending,231.11165
53.0,24.0,ascending,138.73
53.0,24.25,ascending,166.672
53.0,24.5,ascending,277.83398
53.0,24.75,ascending,277.86398
53.0,25.0,ascending,277.76248
53.0,25.25,ascending,277.558
53.0,25.5,ascending,277.094
53.0,25.75,ascending,276.59198
53.0,26.0,ascending,276.16165
53.0,26.25,ascending,275.7975
53.0,26.5,ascending,275.42596
53.0,26.75,ascending,274.795
53.0,27.0,ascending,274.194
53.0,27.25,ascending,274.142
53.0,27.5,ascending,274.378
53.0,27.75,ascending,274.636
53.0,28.0,ascending,274.77335
53.0,28.25,ascending,274.582
53.0,28.5,ascending,274.25668
53.0,28.75,ascending,273.28665
53.0,29.0,ascending,272.41248
53.0,29.25,ascending,272.10834
53.0,29.5,ascending,271.74332
53.0,29.75,ascending,271.748
53.0,30.0,ascending,271.05
53.0,30.25,ascending,270.444
53.0,30.5,ascending,270.81833
53.0,30.75,ascending,271.18198
53.0,31.0,ascending,271.29166
53.0,31.25,ascending,271.922
53.0,31.5,ascending,272.16165
53.0,31.75,ascending,271.68
53.0,32.0,ascending,271.33334
53.0,32.25,ascending,271.36002
53.0,32.5,ascending,271.53833
53.0,32.75,ascending,271.766
53.0,33.0,ascending,271.88834
53.0,33.25,ascending,271.79666
53.0,33.5,ascending,271.425
53.0,33.75,ascending,270.85858
53.0,34.0,ascending,270.19498
53.0,34.25,ascending,270.22665
53.0,34.5,ascending,270.83334
53.0,34.75,ascending,270.854
53.0,35.0,ascending,270.24
53.0,35.25,ascending,269.23874
53.0,35.5,ascending,268.34833
53.0,35.75,ascending,268.01334
53.0,36.0,ascending,267.95428
53.0,36.25,ascending,268.03165
53.0,36.5,ascending,268.35748
53.0,36.75,ascending,268.61856
53.0,37.0,ascending,201.965
53.0,37.25,ascending,192.8243
53.0,37.5,ascending,236.83875
53.0,37.75,ascending,271.16498
53.0,38.0,ascending,271.256
53.25,-13.0,ascending,217.8375
53.25,-12.75,ascending,215.86833
53.25,-12.5,ascending,214.46889
53.25,-12.25,ascending,213.58427
53.25,-12.0,ascending,213.98
53.25,-11.75,ascending,214.24142
53.25,-11.5,ascending,214.06429
53.25,-11.25,ascending,213.65555
53.25,-11.0,ascending,213.78888
53.25,-10.75,ascending,216.126
53.25,-10.5,ascending,222.27444
53.25,-10.25,ascending,231.47182
53.25,-10.0,ascending,242.13846
53.25,-9.75,ascending,249.41856
53.25,-9.5,ascending,254.70119
53.25,-9.25,ascending,258.88452
53.25,-9.0,ascending,260.38617
53.25,-8.75,ascending,266.05417
53.25,-8.5,ascending,271.0911
53.25,-8.25,ascending,274.81726
53.25,-8.0,ascending,277.19998
53.25,-7.75,ascending,277.98666
53.25,-7.5,ascending,278.22446
53.25,-7.25,ascending,278.06625
53.25,-7.0,ascending,277.645
53.25,-6.75,ascending,276.20572
53.25,-6.5,ascending,272.46875
53.25,-6.25,ascending,264.54285
53.25,-6.0,ascending,251.81998
53.25,-5.75,ascending,237.79834
53.25,-5.5,ascending,225.30714
53.25,-5.25,ascending,216.96
53.25,-5.0,ascending,214.37
53.25,-4.75,ascending,216.81999
53.25,-4.5,ascending,223.66833
53.25,-4.25,ascending,233.96571
53.25,-4.0,ascending,240.97333
53.25,-3.75,ascending,243.76799
53.25,-3.5,ascending,243.94334
53.25,-3.25,ascending,247.35
53.25,-3.0,ascending,251.34666
53.25,-2.75,ascending,258.445
53.25,-2.5,ascending,267.366
53.25,-2.25,ascending,273.28198
53.25,-2.0,ascending,277.302
53.25,-1.75,ascending,278.80402
53.25,-1.5,ascending,279.16165
53.25,-1.25,ascending,279.122
53.25,-1.0,ascending,279.17667
53.25,-0.75,ascending,279.214
53.25,-0.5,ascending,278.872
53.25,-0.25,ascending,276.56198
53.25,-0.0,ascending,249.14665
53.25,0.25,ascending,254.866
53.25,0.5,ascending,235.745
53.25,0.75,ascending,221.66399
53.25,1.0,ascending,213.605
53.25,1.25,ascending,210.998
53.25,1.5,ascending,209.78
53.25,1.75,ascending,208.98398
53.25,2.0,ascending,208.76166
53.25,2.25,ascending,208.66
53.25,2.5,ascending,208.60333
53.25,2.75,ascending,208.52249
53.25,3.0,ascending,208.522
53.25,3.25,ascending,208.53398
53.25,3.5,ascending,208.58
53.25,3.75,ascending,208.69666
53.25,4.0,ascending,208.86198
53.25,4.25,ascending,209.21832
53.25,4.5,ascending,210.59749
53.25,4.75,ascending,213.06201
53.25,5.0,ascending,214.81665
53.25,5.25,ascending,217.31198
53.25,5.5,ascending,223.81166
53.25,5.75,ascending,235.11499
53.25,6.0,ascending,241.8225
53.25,6.25,ascending,245.2225
53.25,6.5,ascending,247.405
53.25,6.75,ascending,247.7
53.25,7.0,ascending,248.64166
53.25,7.25,ascending,256.418
53.25,7.5,ascending,264.41833
53.25,7.75,ascending,268.94
53.25,8.0,ascending,265.952
53.25,8.25,ascending,261.296
53.25,8.5,ascending,264.79333
53.25,8.75,ascending,271.27597
53.25,9.0,ascending,275.474
53.25,9.25,ascending,276.05167
53.25,9.5,ascending,274.84332
53.25,9.75,ascending,273.75333
53.25,10.0,ascending,274.11667
53.25,10.25,ascending,275.05167
53.25,10.5,ascending,274.844
53.25,10.75,ascending,273.79144
53.25,11.0,ascending,273.22998
53.25,11.25,ascending,273.416
53.25,11.5,ascending,274.27875
53.25,11.75,ascending,274.47714
53.25,12.0,ascending,273.85626
53.25,12.25,ascending,272.70285
53.25,12.5,ascending,272.05222
53.25,12.75,ascending,272.47858
53.25,13.0,ascending,273.7975
53.25,13.25,ascending,274.50375
53.25,13.5,ascending,274.79776
53.25,13.75,ascending,274.61374
53.25,14.0,ascending,274.31906
53.25,14.25,ascending,274.56223
53.25,14.5,ascending,275.29272
53.25,14.75,ascending,276.28308
53.25,15.0,ascending,277.086
53.25,15.25,ascending,276.47958
53.25,15.5,ascending,276.58905
53.25,15.75,ascending,275.90082
53.25,16.0,ascending,276.224
53.25,16.25,ascending,276.30554
53.25,16.5,ascending,276.53543
53.25,16.75,ascending,276.5911
53.25,17.0,ascending,276.57443
53.25,17.25,ascending,276.41376
53.25,17.5,ascending,276.16498
53.25,17.75,ascending,275.919
53.25,18.0,ascending,275.52856
53.25,18.25,ascending,275.32285
53.25,18.5,ascending,275.2514
53.25,18.75,ascending,275.0525
53.25,19.0,ascending,274.8633
53.25,19.25,ascending,274.89835
53.25,19.5,ascending,275.01498
53.25,19.75,ascending,275.148
53.25,20.0,ascending,275.53
53.25,20.25,ascending,275.845
53.25,20.5,ascending,276.18497
53.25,20.75,ascending,276.69284
53.25,21.0,ascending,277.022
53.25,21.25,ascending,277.51855
53.25,21.5,ascending,277.6
53.25,21.75,ascending,277.34164
53.25,22.0,ascending,276.668
53.25,22.25,ascending,275.75998
53.25,22.5,ascending,275.20667
53.25,22.75,ascending,274.978
53.25,23.0,ascending,275.22333
53.25,23.25,ascending,275.81198
53.25,23.5,ascending,276.388
53.25,23.75,ascending,276.79666
53.25,24.0,ascending,276.985
53.25,24.25,ascending,277.048
53.25,24.5,ascending,184.73833
53.25,24.75,ascending,138.67499
53.25,25.0,ascending,231.03333
53.25,25.25,ascending,277.006
53.25,25.5,ascending,276.624
53.25,25.75,ascending,276.038
53.25,26.0,ascending,275.58798
53.25,26.25,ascending,275.094
53.25,26.5,ascending,274.716
53.25,26.75,ascending,274.45798
53.25,27.0,ascending,274.22397
53.25,27.25,ascending,274.068
53.25,27.5,ascending,273.906
53.25,27.75,ascending,273.6325
53.25,28.0,ascending,273.41998
53.25,28.25,ascending,273.14398
53.25,28.5,ascending,272.75668
53.25,28.75,ascending,272.18668
53.25,29.0,ascending,271.57397
53.25,29.25,ascending,271.18167
53.25,29.5,ascending,271.35748
53.25,29.75,ascending,271.6875
53.25,30.0,ascending,271.13
53.25,30.25,ascending,270.052
53.25,30.5,ascending,269.67834
53.25,30.75,ascending,270.25
53.25,31.0,ascending,270.72665
53.25,31.25,ascending,271.145
53.25,31.5,ascending,271.205
53.25,31.75,ascending,270.948
53.25,32.0,ascending,270.99667
53.25,32.25,ascending,271.1
53.25,32.5,ascending,271.31
53.25,32.75,ascending,271.636
53.25,33.0,ascending,271.99
53.25,33.25,ascending,271.835
53.25,33.5,ascending,271.235
53.25,33.75,ascending,270.71167
53.25,34.0,ascending,270.44833
53.25,34.25,ascending,270.26202
53.25,34.5,ascending,270.44165
53.25,34.75,ascending,270.54855
53.25,35.0,ascending,270.33334
53.25,35.25,ascending,270.13834
53.25,35.5,ascending,269.38998
53.25,35.75,ascending,268.63834
53.25,36.0,ascending,268.61142
53.25,36.25,ascending,269.06284
53.25,36.5,ascending,179.64833
53.25,36.75,ascending,154.04285
53.25,37.0,ascending,269.52
53.25,37.25,ascending,269.45856
53.25,37.5,ascending,269.43124
53.25,37.75,ascending,269.48428
53.25,38.0,ascending,269.666
53.5,-13.0,ascending,213.88
53.5,-12.75,ascending,213.06857
53.5,-12.5,ascending,212.24834
53.5,-12.25,ascending,212.29428
53.5,-12.0,ascending,212.47333
53.5,-11.75,ascending,212.40625
53.5,-11.5,ascending,212.21332
53.5,-11.25,ascending,212.04
53.5,-11.0,ascending,212.58818
53.5,-10.75,ascending,215.476
53.5,-10.5,ascending,222.81454
53.5,-10.25,ascending,235.62999
53.5,-10.0,ascending,249.6975
53.5,-9.75,ascending,259.3363
53.5,-9.5,ascending,263.12558
53.5,-9.25,ascending,266.58185
53.5,-9.0,ascending,267.87167
53.5,-8.75,ascending,271.81665
53.5,-8.5,ascending,274.94556
53.5,-8.25,ascending,276.777
53.5,-8.0,ascending,277.46
53.5,-7.75,ascending,277.50375
53.5,-7.5,ascending,277.45
53.5,-7.25,ascending,277.43375
53.5,-7.0,ascending,277.18857
53.5,-6.75,ascending,275.6875
53.5,-6.5,ascending,271.70374
53.5,-6.25,ascending,262.29428
53.5,-6.0,ascending,249.06857
53.5,-5.75,ascending,233.88428
53.5,-5.5,ascending,222.94331
53.5,-5.25,ascending,215.70166
53.5,-5.0,ascending,212.6925
53.5,-4.75,ascending,213.52998
53.5,-4.5,ascending,217.23833
53.5,-4.25,ascending,217.99142
53.5,-4.0,ascending,219.26999
53.5,-3.75,ascending,218.46571
53.5,-3.5,ascending,221.26599
53.5,-3.25,ascending,225.53572
53.5,-3.0,ascending,236.46501
53.5,-2.75,ascending,248.722
53.5,-2.5,ascending,263.1083
53.5,-2.25,ascending,271.466
53.5,-2.0,ascending,276.38333
53.5,-1.75,ascending,278.335
53.5,-1.5,ascending,278.742
53.5,-1.25,ascending,278.78665
53.5,-1.0,ascending,278.89334
53.5,-0.75,ascending,278.60748
53.5,-0.5,ascending,277.145
53.5,-0.25,ascending,273.165
53.5,-0.0,ascending,249.55998
53.5,0.25,ascending,244.29199
53.5,0.5,ascending,224.39333
53.5,0.75,ascending,211.19199
53.5,1.0,ascending,208.55801
53.5,1.25,ascending,207.846
53.5,1.5,ascending,207.81166
53.5,1.75,ascending,207.842
53.5,2.0,ascending,207.95999
53.5,2.25,ascending,208.02333
53.5,2.5,ascending,208.05
53.5,2.75,ascending,208.078
53.5,3.0,ascending,208.13998
53.5,3.25,ascending,208.13666
53.5,3.5,ascending,208.18198
53.5,3.75,ascending,208.324
53.5,4.0,ascending,208.34833
53.5,4.25,ascending,208.5325
53.5,4.5,ascending,209.03667
53.5,4.75,ascending,209.34
53.5,5.0,ascending,210.15833
53.5,5.25,ascending,211.7125
53.5,5.5,ascending,214.665
53.5,5.75,ascending,220.81999
53.5,6.0,ascending,221.976
53.5,6.25,ascending,224.87
53.5,6.5,ascending,226.37166
53.5,6.75,ascending,229.75998
53.5,7.0,ascending,227.16
53.5,7.25,ascending,235.32199
53.5,7.5,ascending,242.52498
53.5,7.75,ascending,247.15999
53.5,8.0,ascending,246.28833
53.5,8.25,ascending,238.84833
53.5,8.5,ascending,248.97667
53.5,8.75,ascending,261.25998
53.5,9.0,ascending,270.53665
53.5,9.25,ascending,275.204
53.5,9.5,ascending,275.70834
53.5,9.75,ascending,275.62
53.5,10.0,ascending,275.22714
53.5,10.25,ascending,274.8583
53.5,10.5,ascending,273.40857
53.5,10.75,ascending,270.684
53.5,11.0,ascending,268.64426
53.5,11.25,ascending,270.06427
53.5,11.5,ascending,271.53598
53.5,11.75,ascending,273.65143
53.5,12.0,ascending,274.5
53.5,12.25,ascending,273.89285
53.5,12.5,ascending,273.22858
53.5,12.75,ascending,272.9157
53.5,13.0,ascending,273.313
53.5,13.25,ascending,272.82123
53.5,13.5,ascending,270.408
53.5,13.75,ascending,267.46
53.5,14.0,ascending,264.07776
53.5,14.25,ascending,266.91272
53.5,14.5,ascending,270.89084
53.5,14.75,ascending,274.88248
53.5,15.0,ascending,274.77045
53.5,15.25,ascending,274.50452
53.5,15.5,ascending,274.95193
53.5,15.75,ascending,275.36
53.5,16.0,ascending,275.57922
53.5,16.25,ascending,275.5111
53.5,16.5,ascending,275.59445
53.5,16.75,ascending,275.77
53.5,17.0,ascending,275.9425
53.5,17.25,ascending,275.92874
53.5,17.5,ascending,275.75998
53.5,17.75,ascending,275.56876
53.5,18.0,ascending,275.4
53.5,18.25,ascending,275.31
53.5,18.5,ascending,275.21143
53.5,18.75,ascending,275.04498
53.5,19.0,ascending,274.75668
53.5,19.25,ascending,274.39667
53.5,19.5,ascending,274.06125
53.5,19.75,ascending,273.88168
53.5,20.0,ascending,274.10165
53.5,20.25,ascending,274.1314
53.5,20.5,ascending,274.49
53.5,20.75,ascending,274.4883
53.5,21.0,ascending,274.87
53.5,21.25,ascending,275.164
53.5,21.5,ascending,275.11832
53.5,21.75,ascending,273.96
53.5,22.0,ascending,273.18832
53.5,22.25,ascending,272.72797
53.5,22.5,ascending,272.87714
53.5,22.75,ascending,273.474
53.5,23.0,ascending,274.052
53.5,23.25,ascending,275.05002
53.5,23.5,ascending,275.83167
53.5,23.75,ascending,276.26398
53.5,24.0,ascending,276.372
53.5,24.25,ascending,276.37668
53.5,24.5,ascending,276.434
53.5,24.75,ascending,276.47998
53.5,25.0,ascending,184.29333
53.5,25.25,ascending,165.818
53.5,25.5,ascending,165.70999
53.5,25.75,ascending,275.535
53.5,26.0,ascending,274.935
53.5,26.25,ascending,274.576
53.5,26.5,ascending,274.34
53.5,26.75,ascending,274.08835
53.5,27.0,ascending,273.724
53.5,27.25,ascending,272.84665
53.5,27.5,ascending,272.19598
53.5,27.75,ascending,271.85248
53.5,28.0,ascending,271.676
53.5,28.25,ascending,271.79166
53.5,28.5,ascending,271.892
53.5,28.75,ascending,271.77997
53.5,29.0,ascending,271.39166
53.5,29.25,ascending,271.3775
53.5,29.5,ascending,271.892
53.5,29.75,ascending,272.02
53.5,30.0,ascending,271.2333
53.5,30.25,ascending,269.922
53.5,30.5,ascending,269.48166
53.5,30.75,ascending,270.02
53.5,31.0,ascending,270.335
53.5,31.25,ascending,270.324
53.5,31.5,ascending,270.12167
53.5,31.75,ascending,270.05
53.5,32.0,ascending,270.48
53.5,32.25,ascending,270.95
53.5,32.5,ascending,271.18832
53.5,32.75,ascending,271.40997
53.5,33.0,ascending,271.69998
53.5,33.25,ascending,271.68597
53.5,33.5,ascending,270.97333
53.5,33.75,ascending,270.44833
53.5,34.0,ascending,270.64398
53.5,34.25,ascending,270.735
53.5,34.5,ascending,270.32666
53.5,34.75,ascending,269.76334
53.5,35.0,ascending,269.64166
53.5,35.25,ascending,269.90802
53.5,35.5,ascending,231.34
53.5,35.75,ascending,192.33427
53.5,36.0,ascending,161.22598
53.5,36.25,ascending,201.53749
53.5,36.5,ascending,269.26428
53.5,36.75,ascending,269.37714
53.5,37.0,ascending,269.34714
53.5,37.25,ascending,268.98123
53.5,37.5,ascending,268.50668
53.5,37.75,ascending,268.12375
53.5,38.0,ascending,268.076
53.75,-13.0,ascending,211.77998
53.75,-12.75,ascending,211.50749
53.75,-12.5,ascending,211.48375
53.75,-12.25,ascending,211.62856
53.75,-12.0,ascending,211.65375
53.75,-11.75,ascending,211.4875
53.75,-11.5,ascending,211.24124
53.75,-11.25,ascending,211.28125
53.75,-11.0,ascending,212.1711
53.75,-10.75,ascending,215.19556
53.75,-10.5,ascending,222.66
53.75,-10.25,ascending,234.64
53.75,-10.0,ascending,247.77888
53.75,-9.75,ascending,255.61893
53.75,-9.5,ascending,262.84375
53.75,-9.25,ascending,266.3535
53.75,-9.0,ascending,270.37332
53.75,-8.75,ascending,274.70554
53.75,-8.5,ascending,277.13455
53.75,-8.25,ascending,278.193
53.75,-8.0,ascending,278.28775
53.75,-7.75,ascending,277.95374
53.75,-7.5,ascending,277.70374
53.75,-7.25,ascending,277.44623
53.75,-7.0,ascending,276.83856
53.75,-6.75,ascending,274.49
53.75,-6.5,ascending,269.02664
53.75,-6.25,ascending,259.26712
53.75,-6.0,ascending,245.70667
53.75,-5.75,ascending,232.35715
53.75,-5.5,ascending,221.14833
53.75,-5.25,ascending,214.645
53.75,-5.0,ascending,212.26
53.75,-4.75,ascending,210.67665
53.75,-4.5,ascending,210.67285
53.75,-4.25,ascending,210.76201
53.75,-4.0,ascending,211.37143
53.75,-3.75,ascending,211.95
53.75,-3.5,ascending,214.16333
53.75,-3.25,ascending,219.624
53.75,-3.0,ascending,230.47
53.75,-2.75,ascending,245.48999
53.75,-2.5,ascending,261.23285
53.75,-2.25,ascending,273.05667
53.75,-2.0,ascending,277.48398
53.75,-1.75,ascending,279.0225
53.75,-1.5,ascending,279.33835
53.75,-1.25,ascending,279.33798
53.75,-1.0,ascending,279.154
53.75,-0.75,ascending,278.31598
53.75,-0.5,ascending,275.36832
53.75,-0.25,ascending,267.678
53.75,-0.0,ascending,240.3375
53.75,0.25,ascending,227.486
53.75,0.5,ascending,214.728
53.75,0.75,ascending,209.16
53.75,1.0,ascending,207.36165
53.75,1.25,ascending,207.15201
53.75,1.5,ascending,207.17749
53.75,1.75,ascending,207.288
53.75,2.0,ascending,207.44167
53.75,2.25,ascending,207.48999
53.75,2.5,ascending,207.61665
53.75,2.75,ascending,207.68
53.75,3.0,ascending,207.67
53.75,3.25,ascending,207.672
53.75,3.5,ascending,207.73201
53.75,3.75,ascending,207.78
53.75,4.0,ascending,207.8175
53.75,4.25,ascending,207.96666
53.75,4.5,ascending,207.94199
53.75,4.75,ascending,208.092
53.75,5.0,ascending,208.43333
53.75,5.25,ascending,209.01001
53.75,5.5,ascending,209.77666
53.75,5.75,ascending,209.96599
53.75,6.0,ascending,210.78166
53.75,6.25,ascending,211.25801
53.75,6.5,ascending,212.2
53.75,6.75,ascending,212.81334
53.75,7.0,ascending,214.48001
53.75,7.25,ascending,218.155
53.75,7.5,ascending,220.32832
53.75,7.75,ascending,221.624
53.75,8.0,ascending,223.62
53.75,8.25,ascending,220.25499
53.75,8.5,ascending,229.89667
53.75,8.75,ascending,245.79
53.75,9.0,ascending,261.93
53.75,9.25,ascending,272.59167
53.75,9.5,ascending,275.37167
53.75,9.75,ascending,275.47998
53.75,10.0,ascending,274.702
53.75,10.25,ascending,272.57834
53.75,10.5,ascending,268.48502
53.75,10.75,ascending,262.95374
53.75,11.0,ascending,255.926
53.75,11.25,ascending,254.40714
53.75,11.5,ascending,259.77625
53.75,11.75,ascending,263.18
53.75,12.0,ascending,269.94873
53.75,12.25,ascending,272.56998
53.75,12.5,ascending,273.58624
53.75,12.75,ascending,272.89716
53.75,13.0,ascending,270.42374
53.75,13.25,ascending,266.94125
53.75,13.5,ascending,260.935
53.75,13.75,ascending,252.64886
53.75,14.0,ascending,247.1522
53.75,14.25,ascending,245.68272
53.75,14.5,ascending,251.54915
53.75,14.75,ascending,261.50067
53.75,15.0,ascending,267.03125
53.75,15.25,ascending,270.34128
53.75,15.5,ascending,271.6119
53.75,15.75,ascending,274.57693
53.75,16.0,ascending,275.55222
53.75,16.25,ascending,275.629
53.75,16.5,ascending,275.61444
53.75,16.75,ascending,275.60876
53.75,17.0,ascending,275.6078
53.75,17.25,ascending,275.57123
53.75,17.5,ascending,275.4411
53.75,17.75,ascending,275.32712
53.75,18.0,ascending,275.39426
53.75,18.25,ascending,275.42166
53.75,18.5,ascending,275.25223
53.75,18.75,ascending,274.94333
53.75,19.0,ascending,274.61832
53.75,19.25,ascending,274.165
53.75,19.5,ascending,273.62665
53.75,19.75,ascending,273.21
53.75,20.0,ascending,272.955
53.75,20.25,ascending,273.05
53.75,20.5,ascending,273.20166
53.75,20.75,ascending,273.43
53.75,21.0,ascending,273.426
53.75,21.25,ascending,272.98
53.75,21.5,ascending,271.7333
53.75,21.75,ascending,270.395
53.75,22.0,ascending,269.96
53.75,22.25,ascending,270.402
53.75,22.5,ascending,271.32397
53.75,22.75,ascending,272.572
53.75,23.0,ascending,273.66333
53.75,23.25,ascending,274.48248
53.75,23.5,ascending,274.846
53.75,23.75,ascending,275.24
53.75,24.0,ascending,275.328
53.75,24.25,ascending,275.57166
53.75,24.5,ascending,275.85
53.75,24.75,ascending,276.10797
53.75,25.0,ascending,276.136
53.75,25.25,ascending,276.034
53.75,25.5,ascending,275.62997
53.75,25.75,ascending,165.074
53.75,26.0,ascending,137.31
53.75,26.25,ascending,164.594
53.75,26.5,ascending,182.57832
53.75,26.75,ascending,273.42667
53.75,27.0,ascending,272.52
53.75,27.25,ascending,271.2475
53.75,27.5,ascending,270.602
53.75,27.75,ascending,270.41748
53.75,28.0,ascending,270.72833
53.75,28.25,ascending,271.32748
53.75,28.5,ascending,271.57797
53.75,28.75,ascending,271.474
53.75,29.0,ascending,271.44
53.75,29.25,ascending,271.77997
53.75,29.5,ascending,272.13333
53.75,29.75,ascending,271.918
53.75,30.0,ascending,271.01666
53.75,30.25,ascending,269.882
53.75,30.5,ascending,269.41
53.75,30.75,ascending,269.6425
53.75,31.0,ascending,269.8
53.75,31.25,ascending,269.9025
53.75,31.5,ascending,269.664
53.75,31.75,ascending,269.62598
53.75,32.0,ascending,270.23
53.75,32.25,ascending,270.89166
53.75,32.5,ascending,271.02597
53.75,32.75,ascending,270.974
53.75,33.0,ascending,271.13834
53.75,33.25,ascending,271.198
53.75,33.5,ascending,270.74
53.75,33.75,ascending,270.45
53.75,34.0,ascending,270.64334
53.75,34.25,ascending,270.77
53.75,34.5,ascending,270.215
53.75,34.75,ascending,179.57166
53.75,35.0,ascending,179.085
53.75,35.25,ascending,191.87999
53.75,35.5,ascending,215.102
53.75,35.75,ascending,268.75427
53.75,36.0,ascending,268.2975
53.75,36.25,ascending,267.87833
53.75,36.5,ascending,267.77142
53.75,36.75,ascending,267.86285
53.75,37.0,ascending,267.80374
53.75,37.25,ascending,267.58572
53.75,37.5,ascending,267.37
53.75,37.75,ascending,266.98624
53.75,38.0,ascending,266.78
54.0,-13.0,ascending,211.09999
54.0,-12.75,ascending,211.116
54.0,-12.5,ascending,211.245
54.0,-12.25,ascending,211.42624
54.0,-12.0,ascending,211.49875
54.0,-11.75,ascending,211.33499
54.0,-11.5,ascending,211.104
54.0,-11.25,ascending,211.20375
54.0,-11.0,ascending,212.0
54.0,-10.75,ascending,214.58899
54.0,-10.5,ascending,220.84908
54.0,-10.25,ascending,232.45357
54.0,-10.0,ascending,241.45593
54.0,-9.75,ascending,250.96855
54.0,-9.5,ascending,258.31592
54.0,-9.25,ascending,262.57062
54.0,-9.0,ascending,269.84
54.0,-8.75,ascending,274.48666
54.0,-8.5,ascending,275.24332
54.0,-8.25,ascending,275.8925
54.0,-8.0,ascending,276.14874
54.0,-7.75,ascending,276.68
54.0,-7.5,ascending,276.9475
54.0,-7.25,ascending,277.02
54.0,-7.0,ascending,276.28888
54.0,-6.75,ascending,274.465
54.0,-6.5,ascending,269.27
54.0,-6.25,ascending,259.7333
54.0,-6.0,ascending,251.00125
54.0,-5.75,ascending,241.665
54.0,-5.5,ascending,230.34001
54.0,-5.25,ascending,222.6525
54.0,-5.0,ascending,217.25166
54.0,-4.75,ascending,214.60715
54.0,-4.5,ascending,215.376
54.0,-4.25,ascending,215.03166
54.0,-4.0,ascending,214.88332
54.0,-3.75,ascending,213.96333
54.0,-3.5,ascending,215.37572
54.0,-3.25,ascending,223.78166
54.0,-3.0,ascending,236.552
54.0,-2.75,ascending,254.06166
54.0,-2.5,ascending,268.454
54.0,-2.25,ascending,276.21664
54.0,-2.0,ascending,279.68332
54.0,-1.75,ascending,280.452
54.0,-1.5,ascending,280.416
54.0,-1.25,ascending,280.06497
54.0,-1.0,ascending,279.472
54.0,-0.75,ascending,277.45166
54.0,-0.5,ascending,270.97998
54.0,-0.25,ascending,255.935
54.0,-0.0,ascending,227.47333
54.0,0.25,ascending,219.64166
54.0,0.5,ascending,210.148
54.0,0.75,ascending,207.57199
54.0,1.0,ascending,206.93799
54.0,1.25,ascending,206.828
54.0,1.5,ascending,206.876
54.0,1.75,ascending,206.95
54.0,2.0,ascending,207.065
54.0,2.25,ascending,207.128
54.0,2.5,ascending,207.17998
54.0,2.75,ascending,207.245
54.0,3.0,ascending,207.2525
54.0,3.25,ascending,207.23198
54.0,3.5,ascending,207.205
54.0,3.75,ascending,207.33249
54.0,4.0,ascending,207.35498
54.0,4.25,ascending,207.35
54.0,4.5,ascending,207.418
54.0,4.75,ascending,207.5775
54.0,5.0,ascending,207.62666
54.0,5.25,ascending,207.66167
54.0,5.5,ascending,207.564
54.0,5.75,ascending,207.596
54.0,6.0,ascending,207.54
54.0,6.25,ascending,207.556
54.0,6.5,ascending,207.47333
54.0,6.75,ascending,207.66167
54.0,7.0,ascending,207.93198
54.0,7.25,ascending,209.28398
54.0,7.5,ascending,208.60832
54.0,7.75,ascending,209.72
54.0,8.0,ascending,210.74165
54.0,8.25,ascending,212.818
54.0,8.5,ascending,220.63335
54.0,8.75,ascending,238.61333
54.0,9.0,ascending,256.6083
54.0,9.25,ascending,270.47284
54.0,9.5,ascending,273.605
54.0,9.75,ascending,271.19666
54.0,10.0,ascending,267.57144
54.0,10.25,ascending,263.27332
54.0,10.5,ascending,257.60333
54.0,10.75,ascending,250.77332
54.0,11.0,ascending,242.57625
54.0,11.25,ascending,234.736
54.0,11.5,ascending,235.11143
54.0,11.75,ascending,241.23999
54.0,12.0,ascending,248.30428
54.0,12.25,ascending,258.59143
54.0,12.5,ascending,264.1275
54.0,12.75,ascending,266.13998
54.0,13.0,ascending,262.1125
54.0,13.25,ascending,255.18443
54.0,13.5,ascending,245.87
54.0,13.75,ascending,234.267
54.0,14.0,ascending,227.4418
54.0,14.25,ascending,222.66725
54.0,14.5,ascending,224.6707
54.0,14.75,ascending,237.46768
54.0,15.0,ascending,245.11096
54.0,15.25,ascending,251.55313
54.0,15.5,ascending,256.44232
54.0,15.75,ascending,263.28583
54.0,16.0,ascending,267.93445
54.0,16.25,ascending,271.16248
54.0,16.5,ascending,272.40442
54.0,16.75,ascending,273.715
54.0,17.0,ascending,274.5075
54.0,17.25,ascending,274.44666
54.0,17.5,ascending,274.78287
54.0,17.75,ascending,274.7557
54.0,18.0,ascending,274.54428
54.0,18.25,ascending,274.43
54.0,18.5,ascending,274.07666
54.0,18.75,ascending,274.03
54.0,19.0,ascending,273.82498
54.0,19.25,ascending,272.2175
54.0,19.5,ascending,270.7983
54.0,19.75,ascending,269.50858
54.0,20.0,ascending,268.74832
54.0,20.25,ascending,270.65
54.0,20.5,ascending,271.38284
54.0,20.75,ascending,272.76602
54.0,21.0,ascending,273.09
54.0,21.25,ascending,272.676
54.0,21.5,ascending,271.63498
54.0,21.75,ascending,270.26334
54.0,22.0,ascending,269.86
54.0,22.25,ascending,270.67334
54.0,22.5,ascending,271.88
54.0,22.75,ascending,272.64667
54.0,23.0,ascending,272.94498
54.0,23.25,ascending,273.314
54.0,23.5,ascending,273.58
54.0,23.75,ascending,273.8175
54.0,24.0,ascending,274.178
54.0,24.25,ascending,274.59
54.0,24.5,ascending,275.05402
54.0,24.75,ascending,275.4875
54.0,25.0,ascending,275.522
54.0,25.25,ascending,275.27197
54.0,25.5,ascending,275.052
54.0,25.75,ascending,274.74
54.0,26.0,ascending,274.06168
54.0,26.25,ascending,273.43198
54.0,26.5,ascending,272.86398
54.0,26.75,ascending,181.36833
54.0,27.0,ascending,135.70749
54.0,27.25,ascending,180.545
54.0,27.5,ascending,162.068
54.0,27.75,ascending,216.288
54.0,28.0,ascending,216.88998
54.0,28.25,ascending,271.31
54.0,28.5,ascending,271.162
54.0,28.75,ascending,271.055
54.0,29.0,ascending,271.17166
54.0,29.25,ascending,271.302
54.0,29.5,ascending,271.28833
54.0,29.75,ascending,271.0
54.0,30.0,ascending,270.28748
54.0,30.25,ascending,269.425
54.0,30.5,ascending,269.07333
54.0,30.75,ascending,268.97598
54.0,31.0,ascending,269.15
54.0,31.25,ascending,269.516
54.0,31.5,ascending,269.65997
54.0,31.75,ascending,269.898
54.0,32.0,ascending,270.305
54.0,32.25,ascending,270.574
54.0,32.5,ascending,270.63165
54.0,32.75,ascending,270.47
54.0,33.0,ascending,270.41
54.0,33.25,ascending,270.46198
54.0,33.5,ascending,180.29668
54.0,33.75,ascending,162.25
54.0,34.0,ascending,180.11665
54.0,34.25,ascending,192.90144
54.0,34.5,ascending,179.58
54.0,34.75,ascending,268.57166
54.0,35.0,ascending,267.82666
54.0,35.25,ascending,267.40143
54.0,35.5,ascending,267.58286
54.0,35.75,ascending,267.524
54.0,36.0,ascending,267.14166
54.0,36.25,ascending,266.85
54.0,36.5,ascending,266.41998
54.0,36.75,ascending,266.17715
54.0,37.0,ascending,265.68427
54.0,37.25,ascending,265.54874
54.0,37.5,ascending,265.715
54.0,37.75,ascending,265.66498
54.0,38.0,ascending,265.53833
54.25,-13.0,ascending,211.17499
54.25,-12.75,ascending,211.26625
54.25,-12.5,ascending,211.37715
54.25,-12.25,ascending,211.37428
54.25,-12.0,ascending,211.38875
54.25,-11.75,ascending,211.27249
54.25,-11.5,ascending,211.18857
54.25,-11.25,ascending,211.4611
54.25,-11.0,ascending,212.42332
54.25,-10.75,ascending,214.176
54.25,-10.5,ascending,217.33417
54.25,-10.25,ascending,223.15166
54.25,-10.0,ascending,229.55713
54.25,-9.75,ascending,236.43887
54.25,-9.5,ascending,241.62437
54.25,-9.25,ascending,250.34091
54.25,-9.0,ascending,257.375
54.25,-8.75,ascending,254.82332
54.25,-8.5,ascending,254.73776
54.25,-8.25,ascending,261.22375
54.25,-8.0,ascending,265.7675
54.25,-7.75,ascending,270.45428
54.25,-7.5,ascending,273.775
54.25,-7.25,ascending,275.85
54.25,-7.0,ascending,276.6157
54.25,-6.75,ascending,276.33142
54.25,-6.5,ascending,274.01334
54.25,-6.25,ascending,269.44427
54.25,-6.0,ascending,264.0
54.25,-5.75,ascending,254.48999
54.25,-5.5,ascending,242.79
54.25,-5.25,ascending,234.57166
54.25,-5.0,ascending,224.59999
54.25,-4.75,ascending,220.13399
54.25,-4.5,ascending,218.92334
54.25,-4.25,ascending,217.92499
54.25,-4.0,ascending,216.27501
54.25,-3.75,ascending,216.754
54.25,-3.5,ascending,222.126
54.25,-3.25,ascending,234.46399
54.25,-3.0,ascending,250.38399
54.25,-2.75,ascending,267.048
54.25,-2.5,ascending,275.528
54.25,-2.25,ascending,279.784
54.25,-2.0,ascending,280.655
54.25,-1.75,ascending,280.5525
54.25,-1.5,ascending,279.99832
54.25,-1.25,ascending,279.242
54.25,-1.0,ascending,275.97
54.25,-0.75,ascending,269.162
54.25,-0.5,ascending,255.71999
54.25,-0.25,ascending,241.45999
54.25,-0.0,ascending,217.26375
54.25,0.25,ascending,210.43999
54.25,0.5,ascending,207.97798
54.25,0.75,ascending,207.142
54.25,1.0,ascending,206.90999
54.25,1.25,ascending,206.772
54.25,1.5,ascending,206.71199
54.25,1.75,ascending,206.694
54.25,2.0,ascending,206.73398
54.25,2.25,ascending,206.798
54.25,2.5,ascending,206.892
54.25,2.75,ascending,206.9325
54.25,3.0,ascending,206.88599
54.25,3.25,ascending,206.83833
54.25,3.5,ascending,206.84999
54.25,3.75,ascending,206.93399
54.25,4.0,ascending,206.915
54.25,4.25,ascending,206.92
54.25,4.5,ascending,206.95999
54.25,4.75,ascending,207.03198
54.25,5.0,ascending,206.99165
54.25,5.25,ascending,206.894
54.25,5.5,ascending,206.825
54.25,5.75,ascending,206.696
54.25,6.0,ascending,206.628
54.25,6.25,ascending,206.42334
54.25,6.5,ascending,206.31665
54.25,6.75,ascending,206.16599
54.25,7.0,ascending,206.15598
54.25,7.25,ascending,206.17833
54.25,7.5,ascending,206.02249
54.25,7.75,ascending,206.33398
54.25,8.0,ascending,207.495
54.25,8.25,ascending,211.066
54.25,8.5,ascending,221.02333
54.25,8.75,ascending,237.41399
54.25,9.0,ascending,258.386
54.25,9.25,ascending,269.042
54.25,9.5,ascending,270.76666
54.25,9.75,ascending,263.28165
54.25,10.0,ascending,253.59001
54.25,10.25,ascending,246.575
54.25,10.5,ascending,240.32666
54.25,10.75,ascending,236.53166
54.25,11.0,ascending,233.73665
54.25,11.25,ascending,228.2175
54.25,11.5,ascending,223.99428
54.25,11.75,ascending,222.62999
54.25,12.0,ascending,224.34427
54.25,12.25,ascending,231.52571
54.25,12.5,ascending,239.04875
54.25,12.75,ascending,242.91374
54.25,13.0,ascending,246.18625
54.25,13.25,ascending,241.06749
54.25,13.5,ascending,231.21443
54.25,13.75,ascending,220.89624
54.25,14.0,ascending,214.29199
54.25,14.25,ascending,210.61665
54.25,14.5,ascending,211.8484
54.25,14.75,ascending,214.24481
54.25,15.0,ascending,216.53749
54.25,15.25,ascending,220.56093
54.25,15.5,ascending,225.1711
54.25,15.75,ascending,231.46889
54.25,16.0,ascending,238.73221
54.25,16.25,ascending,246.95001
54.25,16.5,ascending,255.56223
54.25,16.75,ascending,263.34
54.25,17.0,ascending,266.6122
54.25,17.25,ascending,268.35284
54.25,17.5,ascending,271.97427
54.25,17.75,ascending,272.94498
54.25,18.0,ascending,273.34283
54.25,18.25,ascending,272.23428
54.25,18.5,ascending,270.70667
54.25,18.75,ascending,268.31833
54.25,19.0,ascending,262.87
54.25,19.25,ascending,254.25667
54.25,19.5,ascending,252.69499
54.25,19.75,ascending,250.80666
54.25,20.0,ascending,251.38799
54.25,20.25,ascending,259.99142
54.25,20.5,ascending,264.3675
54.25,20.75,ascending,269.40665
54.25,21.0,ascending,271.476
54.25,21.25,ascending,272.94666
54.25,21.5,ascending,272.77
54.25,21.75,ascending,272.228
54.25,22.0,ascending,272.31168
54.25,22.25,ascending,272.91248
54.25,22.5,ascending,273.07498
54.25,22.75,ascending,272.788
54.25,23.0,ascending,272.626
54.25,23.25,ascending,272.88998
54.25,23.5,ascending,273.11798
54.25,23.75,ascending,273.195
54.25,24.0,ascending,273.31833
54.25,24.25,ascending,273.57
54.25,24.5,ascending,273.82834
54.25,24.75,ascending,274.10797
54.25,25.0,ascending,274.056
54.25,25.25,ascending,273.98398
54.25,25.5,ascending,273.73398
54.25,25.75,ascending,273.668
54.25,26.0,ascending,273.0675
54.25,26.25,ascending,272.638
54.25,26.5,ascending,271.898
54.25,26.75,ascending,271.405
54.25,27.0,ascending,270.702
54.25,27.25,ascending,270.565
54.25,27.5,ascending,270.91165
54.25,27.75,ascending,271.57
54.25,28.0,ascending,217.52397
54.25,28.25,ascending,180.84167
54.25,28.5,ascending,90.20333
54.25,28.75,ascending,180.325
54.25,29.0,ascending,180.16667
54.25,29.25,ascending,134.965
54.25,29.5,ascending,180.21667
54.25,29.75,ascending,162.076
54.25,30.0,ascending,179.78667
54.25,30.25,ascending,161.504
54.25,30.5,ascending,161.304
54.25,30.75,ascending,179.01833
54.25,31.0,ascending,214.92798
54.25,31.25,ascending,179.52832
54.25,31.5,ascending,161.876
54.25,31.75,ascending,162.002
54.25,32.0,ascending,161.998
54.25,32.25,ascending,216.038
54.25,32.5,ascending,180.03667
54.25,32.75,ascending,134.9075
54.25,33.0,ascending,179.765
54.25,33.25,ascending,161.61198
54.25,33.5,ascending,269.32166
54.25,33.75,ascending,269.73398
54.25,34.0,ascending,269.36667
54.25,34.25,ascending,269.035
54.25,34.5,ascending,268.57666
54.25,34.75,ascending,267.86
54.25,35.0,ascending,267.43668
54.25,35.25,ascending,267.13998
54.25,35.5,ascending,267.0483
54.25,35.75,ascending,266.7875
54.25,36.0,ascending,266.40833
54.25,36.25,ascending,266.09625
54.25,36.5,ascending,265.79572
54.25,36.75,ascending,265.35126
54.25,37.0,ascending,264.90125
54.25,37.25,ascending,264.6083
54.25,37.5,ascending,264.70776
54.25,37.75,ascending,264.97
54.25,38.0,ascending,265.152
54.5,-13.0,ascending,211.3725
54.5,-12.75,ascending,211.52625
54.5,-12.5,ascending,211.50856
54.5,-12.25,ascending,211.33714
54.5,-12.0,ascending,211.11111
54.5,-11.75,ascending,210.915
54.5,-11.5,ascending,210.93
54.5,-11.25,ascending,211.45601
54.5,-11.0,ascending,212.89299
54.5,-10.75,ascending,214.77701
54.5,-10.5,ascending,214.9274
54.5,-10.25,ascending,215.85889
54.5,-10.0,ascending,216.61958
54.5,-9.75,ascending,217.98927
54.5,-9.5,ascending,219.94234
54.5,-9.25,ascending,224.3511
54.5,-9.0,ascending,224.37083
54.5,-8.75,ascending,226.16
54.5,-8.5,ascending,233.40778
54.5,-8.25,ascending,244.35625
54.5,-8.0,ascending,255.5657
54.5,-7.75,ascending,263.88428
54.5,-7.5,ascending,270.56857
54.5,-7.25,ascending,274.79776
54.5,-7.0,ascending,276.5957
54.5,-6.75,ascending,276.04
54.5,-6.5,ascending,273.97
54.5,-6.25,ascending,270.62286
54.5,-6.0,ascending,266.37668
54.5,-5.75,ascending,259.8333
54.5,-5.5,ascending,248.22624
54.5,-5.25,ascending,234.12334
54.5,-5.0,ascending,224.04399
54.5,-4.75,ascending,219.62
54.5,-4.5,ascending,219.10667
54.5,-4.25,ascending,220.09
54.5,-4.0,ascending,223.89667
54.5,-3.75,ascending,226.47
54.5,-3.5,ascending,236.08667
54.5,-3.25,ascending,251.44331
54.5,-3.0,ascending,265.16
54.5,-2.75,ascending,273.664
54.5,-2.5,ascending,277.91833
54.5,-2.25,ascending,279.63998
54.5,-2.0,ascending,279.93597
54.5,-1.75,ascending,279.438
54.5,-1.5,ascending,277.39166
54.5,-1.25,ascending,272.03665
54.5,-1.0,ascending,262.32748
54.5,-0.75,ascending,247.27998
54.5,-0.5,ascending,230.426
54.5,-0.25,ascending,219.21
54.5,-0.0,ascending,211.11143
54.5,0.25,ascending,207.935
54.5,0.5,ascending,207.45801
54.5,0.75,ascending,207.16599
54.5,1.0,ascending,206.955
54.5,1.25,ascending,206.8275
54.5,1.5,ascending,206.694
54.5,1.75,ascending,206.58598
54.5,2.0,ascending,206.56831
54.5,2.25,ascending,206.63249
54.5,2.5,ascending,206.676
54.5,2.75,ascending,206.69165
54.5,3.0,ascending,206.606
54.5,3.25,ascending,206.59
54.5,3.5,ascending,206.608
54.5,3.75,ascending,206.555
54.5,4.0,ascending,206.51399
54.5,4.25,ascending,206.54599
54.5,4.5,ascending,206.5
54.5,4.75,ascending,206.42334
54.5,5.0,ascending,206.38332
54.5,5.25,ascending,206.236
54.5,5.5,ascending,206.26997
54.5,5.75,ascending,206.065
54.5,6.0,ascending,205.9075
54.5,6.25,ascending,205.79
54.5,6.5,ascending,205.724
54.5,6.75,ascending,205.7
54.5,7.0,ascending,205.62
54.5,7.25,ascending,205.58398
54.5,7.5,ascending,205.594
54.5,7.75,ascending,206.00166
54.5,8.0,ascending,208.17334
54.5,8.25,ascending,214.25601
54.5,8.5,ascending,227.97667
54.5,8.75,ascending,245.59799
54.5,9.0,ascending,261.07855
54.5,9.25,ascending,268.99
54.5,9.5,ascending,265.725
54.5,9.75,ascending,255.774
54.5,10.0,ascending,243.61165
54.5,10.25,ascending,232.47571
54.5,10.5,ascending,227.04167
54.5,10.75,ascending,226.67499
54.5,11.0,ascending,229.21501
54.5,11.25,ascending,232.79167
54.5,11.5,ascending,232.30168
54.5,11.75,ascending,228.94858
54.5,12.0,ascending,220.42499
54.5,12.25,ascending,216.78888
54.5,12.5,ascending,216.15714
54.5,12.75,ascending,218.50713
54.5,13.0,ascending,222.06667
54.5,13.25,ascending,223.9625
54.5,13.5,ascending,221.11888
54.5,13.75,ascending,215.50111
54.5,14.0,ascending,210.62001
54.5,14.25,ascending,207.80908
54.5,14.5,ascending,207.45833
54.5,14.75,ascending,207.22862
54.5,15.0,ascending,208.00371
54.5,15.25,ascending,209.75888
54.5,15.5,ascending,207.946
54.5,15.75,ascending,210.995
54.5,16.0,ascending,215.00777
54.5,16.25,ascending,220.55998
54.5,16.5,ascending,230.5722
54.5,16.75,ascending,240.785
54.5,17.0,ascending,245.48125
54.5,17.25,ascending,251.39713
54.5,17.5,ascending,257.61856
54.5,17.75,ascending,264.5257
54.5,18.0,ascending,264.61572
54.5,18.25,ascending,261.115
54.5,18.5,ascending,257.57166
54.5,18.75,ascending,247.38
54.5,19.0,ascending,235.28142
54.5,19.25,ascending,226.23164
54.5,19.5,ascending,224.64714
54.5,19.75,ascending,225.404
54.5,20.0,ascending,234.54141
54.5,20.25,ascending,244.50832
54.5,20.5,ascending,255.855
54.5,20.75,ascending,263.77664
54.5,21.0,ascending,268.49167
54.5,21.25,ascending,269.968
54.5,21.5,ascending,269.91165
54.5,21.75,ascending,271.07166
54.5,22.0,ascending,272.50333
54.5,22.25,ascending,273.1133
54.5,22.5,ascending,273.21
54.5,22.75,ascending,273.11832
54.5,23.0,ascending,273.31
54.5,23.25,ascending,273.4425
54.5,23.5,ascending,273.26666
54.5,23.75,ascending,273.018
54.5,24.0,ascending,272.75
54.5,24.25,ascending,272.352
54.5,24.5,ascending,272.268
54.5,24.75,ascending,272.366
54.5,25.0,ascending,272.18597
54.5,25.25,ascending,272.40802
54.5,25.5,ascending,272.398
54.5,25.75,ascending,272.47
54.5,26.0,ascending,271.97998
54.5,26.25,ascending,271.505
54.5,26.5,ascending,270.95798
54.5,26.75,ascending,270.11832
54.5,27.0,ascending,269.48398
54.5,27.25,ascending,270.192
54.5,27.5,ascending,271.122
54.5,27.75,ascending,271.862
54.5,28.0,ascending,271.72333
54.5,28.25,ascending,271.04
54.5,28.5,ascending,270.352
54.5,28.75,ascending,269.74667
54.5,29.0,ascending,268.9675
54.5,29.25,ascending,268.81
54.5,29.5,ascending,268.96335
54.5,29.75,ascending,269.36
54.5,30.0,ascending,269.374
54.5,30.25,ascending,269.22797
54.5,30.5,ascending,268.955
54.5,30.75,ascending,268.768
54.5,31.0,ascending,269.02
54.5,31.25,ascending,269.458
54.5,31.5,ascending,269.71332
54.5,31.75,ascending,269.788
54.5,32.0,ascending,269.6825
54.5,32.25,ascending,269.59198
54.5,32.5,ascending,269.34
54.5,32.75,ascending,269.208
54.5,33.0,ascending,268.87
54.5,33.25,ascending,268.48666
54.5,33.5,ascending,268.295
54.5,33.75,ascending,268.7383
54.5,34.0,ascending,268.31833
54.5,34.25,ascending,268.016
54.5,34.5,ascending,267.70334
54.5,34.75,ascending,267.485
54.5,35.0,ascending,267.33142
54.5,35.25,ascending,267.32834
54.5,35.5,ascending,267.40665
54.5,35.75,ascending,267.25
54.5,36.0,ascending,266.7257
54.5,36.25,ascending,266.486
54.5,36.5,ascending,266.36996
54.5,36.75,ascending,266.155
54.5,37.0,ascending,265.685
54.5,37.25,ascending,265.4911
54.5,37.5,ascending,265.54498
54.5,37.75,ascending,265.685
54.5,38.0,ascending,265.672
54.75,-13.0,ascending,211.36
54.75,-12.75,ascending,211.50665
54.75,-12.5,ascending,211.5475
54.75,-12.25,ascending,211.27249
54.75,-12.0,ascending,210.87
54.75,-11.75,ascending,210.55142
54.75,-11.5,ascending,210.43332
54.75,-11.25,ascending,210.70749
54.75,-11.0,ascending,211.50111
54.75,-10.75,ascending,211.91579
54.75,-10.5,ascending,212.1008
54.75,-10.25,ascending,211.96916
54.75,-10.0,ascending,211.51259
54.75,-9.75,ascending,211.27321
54.75,-9.5,ascending,211.61305
54.75,-9.25,ascending,212.22461
54.75,-9.0,ascending,214.83777
54.75,-8.75,ascending,221.2675
54.75,-8.5,ascending,230.75624
54.75,-8.25,ascending,243.26
54.75,-8.0,ascending,255.35715
54.75,-7.75,ascending,265.06143
54.75,-7.5,ascending,271.15
54.75,-7.25,ascending,274.37668
54.75,-7.0,ascending,275.25998
54.75,-6.75,ascending,274.50168
54.75,-6.5,ascending,272.09375
54.75,-6.25,ascending,269.128
54.75,-6.0,ascending,264.86166
54.75,-5.75,ascending,255.11
54.75,-5.5,ascending,241.355
54.75,-5.25,ascending,230.38799
54.75,-5.0,ascending,225.5457
54.75,-4.75,ascending,227.66599
54.75,-4.5,ascending,234.96498
54.75,-4.25,ascending,241.368
54.75,-4.0,ascending,244.95999
54.75,-3.75,ascending,248.74199
54.75,-3.5,ascending,256.78287
54.75,-3.25,ascending,262.645
54.75,-3.0,ascending,269.30832
54.75,-2.75,ascending,275.10333
54.75,-2.5,ascending,278.22
54.75,-2.25,ascending,279.41748
54.75,-2.0,ascending,279.155
54.75,-1.75,ascending,277.235
54.75,-1.5,ascending,271.108
54.75,-1.25,ascending,260.27
54.75,-1.0,ascending,239.84499
54.75,-0.75,ascending,221.556
54.75,-0.5,ascending,213.10167
54.75,-0.25,ascending,209.288
54.75,-0.0,ascending,208.47571
54.75,0.25,ascending,207.74199
54.75,0.5,ascending,207.38
54.75,0.75,ascending,207.15999
54.75,1.0,ascending,207.01599
54.75,1.25,ascending,206.878
54.75,1.5,ascending,206.746
54.75,1.75,ascending,206.658
54.75,2.0,ascending,206.5975
54.75,2.25,ascending,206.56999
54.75,2.5,ascending,206.538
54.75,2.75,ascending,206.48499
54.75,3.0,ascending,206.42334
54.75,3.25,ascending,206.39998
54.75,3.5,ascending,206.344
54.75,3.75,ascending,206.275
54.75,4.0,ascending,206.225
54.75,4.25,ascending,206.185
54.75,4.5,ascending,206.104
54.75,4.75,ascending,206.01999
54.75,5.0,ascending,205.96999
54.75,5.25,ascending,205.92332
54.75,5.5,ascending,205.77998
54.75,5.75,ascending,205.606
54.75,6.0,ascending,205.58998
54.75,6.25,ascending,205.6275
54.75,6.5,ascending,205.65666
54.75,6.75,ascending,205.694
54.75,7.0,ascending,205.70166
54.75,7.25,ascending,205.68
54.75,7.5,ascending,205.752
54.75,7.75,ascending,206.54498
54.75,8.0,ascending,209.165
54.75,8.25,ascending,216.56001
54.75,8.5,ascending,233.23833
54.75,8.75,ascending,251.25998
54.75,9.0,ascending,266.29666
54.75,9.25,ascending,268.40997
54.75,9.5,ascending,261.34833
54.75,9.75,ascending,251.12334
54.75,10.0,ascending,241.98833
54.75,10.25,ascending,235.63998
54.75,10.5,ascending,231.37143
54.75,10.75,ascending,227.77501
54.75,11.0,ascending,229.88713
54.75,11.25,ascending,236.17714
54.75,11.5,ascending,241.28874
54.75,11.75,ascending,241.53166
54.75,12.0,ascending,234.28
54.75,12.25,ascending,222.80333
54.75,12.5,ascending,214.11111
54.75,12.75,ascending,210.6857
54.75,13.0,ascending,210.8811
54.75,13.25,ascending,211.37625
54.75,13.5,ascending,211.03667
54.75,13.75,ascending,210.144
54.75,14.0,ascending,207.58
54.75,14.25,ascending,207.87749
54.75,14.5,ascending,208.50499
54.75,14.75,ascending,208.82799
54.75,15.0,ascending,208.9523
54.75,15.25,ascending,208.65826
54.75,15.5,ascending,206.37665
54.75,15.75,ascending,206.58778
54.75,16.0,ascending,207.4289
54.75,16.25,ascending,209.85286
54.75,16.5,ascending,212.62375
54.75,16.75,ascending,215.3089
54.75,17.0,ascending,219.77
54.75,17.25,ascending,225.63
54.75,17.5,ascending,232.76166
54.75,17.75,ascending,236.56999
54.75,18.0,ascending,236.70285
54.75,18.25,ascending,235.32666
54.75,18.5,ascending,232.305
54.75,18.75,ascending,222.93
54.75,19.0,ascending,214.47166
54.75,19.25,ascending,211.18857
54.75,19.5,ascending,211.418
54.75,19.75,ascending,215.52666
54.75,20.0,ascending,223.46199
54.75,20.25,ascending,234.84332
54.75,20.5,ascending,245.815
54.75,20.75,ascending,250.63799
54.75,21.0,ascending,253.64166
54.75,21.25,ascending,257.05
54.75,21.5,ascending,257.105
54.75,21.75,ascending,264.905
54.75,22.0,ascending,268.62
54.75,22.25,ascending,272.192
54.75,22.5,ascending,273.53
54.75,22.75,ascending,273.82248
54.75,23.0,ascending,273.70398
54.75,23.25,ascending,273.226
54.75,23.5,ascending,272.835
54.75,23.75,ascending,272.41998
54.75,24.0,ascending,271.8925
54.75,24.25,ascending,271.45834
54.75,24.5,ascending,271.39398
54.75,24.75,ascending,271.542
54.75,25.0,ascending,271.69498
54.75,25.25,ascending,271.742
54.75,25.5,ascending,271.628
54.75,25.75,ascending,271.452
54.75,26.0,ascending,270.91998
54.75,26.25,ascending,270.552
54.75,26.5,ascending,269.542
54.75,26.75,ascending,268.72998
54.75,27.0,ascending,268.708
54.75,27.25,ascending,269.56
54.75,27.5,ascending,270.62
54.75,27.75,ascending,270.688
54.75,28.0,ascending,270.7975
54.75,28.25,ascending,270.466
54.75,28.5,ascending,269.66165
54.75,28.75,ascending,268.85
54.75,29.0,ascending,268.146
54.75,29.25,ascending,267.994
54.75,29.5,ascending,268.46167
54.75,29.75,ascending,268.798
54.75,30.0,ascending,268.93332
54.75,30.25,ascending,268.97797
54.75,30.5,ascending,268.982
54.75,30.75,ascending,268.99832
54.75,31.0,ascending,269.15997
54.75,31.25,ascending,269.32
54.75,31.5,ascending,269.355
54.75,31.75,ascending,269.33798
54.75,32.0,ascending,269.324
54.75,32.25,ascending,269.232
54.75,32.5,ascending,268.72833
54.75,32.75,ascending,268.218
54.75,33.0,ascending,267.905
54.75,33.25,ascending,267.688
54.75,33.5,ascending,267.806
54.75,33.75,ascending,267.9
54.75,34.0,ascending,267.24832
54.75,34.25,ascending,266.66998
54.75,34.5,ascending,266.71835
54.75,34.75,ascending,266.7983
54.75,35.0,ascending,267.01834
54.75,35.25,ascending,267.45166
54.75,35.5,ascending,267.785
54.75,35.75,ascending,267.795
54.75,36.0,ascending,267.5875
54.75,36.25,ascending,267.41287
54.75,36.5,ascending,267.705
54.75,36.75,ascending,267.55713
54.75,37.0,ascending,267.35858
54.75,37.25,ascending,267.05
54.75,37.5,ascending,266.78375
54.75,37.75,ascending,266.7225
54.75,38.0,ascending,266.5
55.0,-13.0,ascending,211.09666
55.0,-12.75,ascending,211.25
55.0,-12.5,ascending,211.38875
55.0,-12.25,ascending,211.26749
55.0,-12.0,ascending,210.92249
55.0,-11.75,ascending,210.54443
55.0,-11.5,ascending,210.26599
55.0,-11.25,ascending,210.18799
55.0,-11.0,ascending,210.47554
55.0,-10.75,ascending,210.54086
55.0,-10.5,ascending,210.41423
55.0,-10.25,ascending,210.13565
55.0,-10.0,ascending,209.88593
55.0,-9.75,ascending,209.64107
55.0,-9.5,ascending,209.76651
55.0,-9.25,ascending,210.72624
55.0,-9.0,ascending,212.89874
55.0,-8.75,ascending,217.415
55.0,-8.5,ascending,225.99428
55.0,-8.25,ascending,236.12125
55.0,-8.0,ascending,249.28
55.0,-7.75,ascending,255.025
55.0,-7.5,ascending,259.77142
55.0,-7.25,ascending,263.22333
55.0,-7.0,ascending,265.8743
55.0,-6.75,ascending,262.85428
55.0,-6.5,ascending,263.04248
55.0,-6.25,ascending,259.2425
55.0,-6.0,ascending,251.24998
55.0,-5.75,ascending,239.25856
55.0,-5.5,ascending,229.33598
55.0,-5.25,ascending,225.54428
55.0,-5.0,ascending,231.01599
55.0,-4.75,ascending,242.25166
55.0,-4.5,ascending,251.35
55.0,-4.25,ascending,260.26834
55.0,-4.0,ascending,266.20834
55.0,-3.75,ascending,269.04834
55.0,-3.5,ascending,271.652
55.0,-3.25,ascending,274.09332
55.0,-3.0,ascending,276.964
55.0,-2.75,ascending,278.30402
55.0,-2.5,ascending,279.59332
55.0,-2.25,ascending,279.54248
55.0,-2.0,ascending,278.21402
55.0,-1.75,ascending,273.80402
55.0,-1.5,ascending,262.06665
55.0,-1.25,ascending,242.512
55.0,-1.0,ascending,223.38501
55.0,-0.75,ascending,212.9175
55.0,-0.5,ascending,209.53198
55.0,-0.25,ascending,208.314
55.0,-0.0,ascending,209.6225
55.0,0.25,ascending,207.602
55.0,0.5,ascending,207.38
55.0,0.75,ascending,207.202
55.0,1.0,ascending,207.08199
55.0,1.25,ascending,207.01799
55.0,1.5,ascending,206.90833
55.0,1.75,ascending,206.8075
55.0,2.0,ascending,206.68333
55.0,2.25,ascending,206.54199
55.0,2.5,ascending,206.446
55.0,2.75,ascending,206.366
55.0,3.0,ascending,206.326
55.0,3.25,ascending,206.274
55.0,3.5,ascending,206.1825
55.0,3.75,ascending,206.08833
55.0,4.0,ascending,205.998
55.0,4.25,ascending,205.95601
55.0,4.5,ascending,205.8575
55.0,4.75,ascending,205.7875
55.0,5.0,ascending,205.76001
55.0,5.25,ascending,205.672
55.0,5.5,ascending,205.53333
55.0,5.75,ascending,205.51999
55.0,6.0,ascending,205.628
55.0,6.25,ascending,205.752
55.0,6.5,ascending,205.86499
55.0,6.75,ascending,205.9625
55.0,7.0,ascending,206.05333
55.0,7.25,ascending,206.08398
55.0,7.5,ascending,206.2
55.0,7.75,ascending,207.31999
55.0,8.0,ascending,211.52998
55.0,8.25,ascending,219.58798
55.0,8.5,ascending,238.54333
55.0,8.75,ascending,255.998
55.0,9.0,ascending,269.88498
55.0,9.25,ascending,269.57834
55.0,9.5,ascending,260.66833
55.0,9.75,ascending,251.33333
55.0,10.0,ascending,247.575
55.0,10.25,ascending,245.04832
55.0,10.5,ascending,242.172
55.0,10.75,ascending,236.29713
55.0,11.0,ascending,235.17285
55.0,11.25,ascending,239.35167
55.0,11.5,ascending,246.83998
55.0,11.75,ascending,249.285
55.0,12.0,ascending,244.26125
55.0,12.25,ascending,231.09856
55.0,12.5,ascending,221.97499
55.0,12.75,ascending,217.61249
55.0,13.0,ascending,217.41
55.0,13.25,ascending,216.05444
55.0,13.5,ascending,213.81699
55.0,13.75,ascending,211.33667
55.0,14.0,ascending,209.35321
55.0,14.25,ascending,210.58751
55.0,14.5,ascending,212.7968
55.0,14.75,ascending,214.46614
55.0,15.0,ascending,214.78572
55.0,15.25,ascending,212.77187
55.0,15.5,ascending,210.88374
55.0,15.75,ascending,209.50125
55.0,16.0,ascending,207.91624
55.0,16.25,ascending,206.83624
55.0,16.5,ascending,206.55498
55.0,16.75,ascending,206.47499
55.0,17.0,ascending,207.575
55.0,17.25,ascending,209.42
55.0,17.5,ascending,211.10857
55.0,17.75,ascending,211.57999
55.0,18.0,ascending,212.54141
55.0,18.25,ascending,212.33249
55.0,18.5,ascending,211.31857
55.0,18.75,ascending,209.13571
55.0,19.0,ascending,207.62334
55.0,19.25,ascending,207.555
55.0,19.5,ascending,208.96834
55.0,19.75,ascending,212.85834
55.0,20.0,ascending,216.49165
55.0,20.25,ascending,221.272
55.0,20.5,ascending,226.09999
55.0,20.75,ascending,226.91202
55.0,21.0,ascending,228.96832
55.0,21.25,ascending,236.995
55.0,21.5,ascending,247.15201
55.0,21.75,ascending,258.91
55.0,22.0,ascending,267.4475
55.0,22.25,ascending,271.77335
55.0,22.5,ascending,273.808
55.0,22.75,ascending,273.848
55.0,23.0,ascending,273.22333
55.0,23.25,ascending,272.6925
55.0,23.5,ascending,272.506
55.0,23.75,ascending,272.28748
55.0,24.0,ascending,271.88248
55.0,24.25,ascending,271.8375
55.0,24.5,ascending,271.99667
55.0,24.75,ascending,272.08197
55.0,25.0,ascending,272.02
55.0,25.25,ascending,271.78198
55.0,25.5,ascending,271.176
55.0,25.75,ascending,270.57
55.0,26.0,ascending,270.165
55.0,26.25,ascending,269.716
55.0,26.5,ascending,269.048
55.0,26.75,ascending,268.35
55.0,27.0,ascending,268.33398
55.0,27.25,ascending,268.98248
55.0,27.5,ascending,269.03833
55.0,27.75,ascending,269.0025
55.0,28.0,ascending,269.49832
55.0,28.25,ascending,269.28598
55.0,28.5,ascending,268.714
55.0,28.75,ascending,268.14398
55.0,29.0,ascending,267.60834
55.0,29.25,ascending,267.818
55.0,29.5,ascending,268.23166
55.0,29.75,ascending,268.23398
55.0,30.0,ascending,268.39334
55.0,30.25,ascending,268.495
55.0,30.5,ascending,268.565
55.0,30.75,ascending,268.46
55.0,31.0,ascending,268.62332
55.0,31.25,ascending,268.862
55.0,31.5,ascending,268.976
55.0,31.75,ascending,268.95667
55.0,32.0,ascending,269.042
55.0,32.25,ascending,269.04
55.0,32.5,ascending,268.64334
55.0,32.75,ascending,268.03998
55.0,33.0,ascending,267.83667
55.0,33.25,ascending,267.742
55.0,33.5,ascending,267.88858
55.0,33.75,ascending,267.7
55.0,34.0,ascending,266.7383
55.0,34.25,ascending,265.81198
55.0,34.5,ascending,265.77
55.0,34.75,ascending,266.085
55.0,35.0,ascending,266.44
55.0,35.25,ascending,267.16165
55.0,35.5,ascending,267.955
55.0,35.75,ascending,268.29666
55.0,36.0,ascending,268.292
55.0,36.25,ascending,268.3043
55.0,36.5,ascending,268.506
55.0,36.75,ascending,268.66498
55.0,37.0,ascending,268.28998
55.0,37.25,ascending,267.68286
55.0,37.5,ascending,267.26248
55.0,37.75,ascending,266.87
55.0,38.0,ascending,266.60666
55.25,-13.0,ascending,211.01666
55.25,-12.75,ascending,211.03857
55.25,-12.5,ascending,211.15625
55.25,-12.25,ascending,211.19832
55.25,-12.0,ascending,211.00874
55.25,-11.75,ascending,210.70749
55.25,-11.5,ascending,210.44
55.25,-11.25,ascending,210.6023
55.25,-11.0,ascending,210.60583
55.25,-10.75,ascending,210.26582
55.25,-10.5,ascending,209.9813
55.25,-10.25,ascending,209.69144
55.25,-10.0,ascending,209.52608
55.25,-9.75,ascending,209.35678
55.25,-9.5,ascending,209.40057
55.25,-9.25,ascending,209.74666
55.25,-9.0,ascending,210.56625
55.25,-8.75,ascending,212.08427
55.25,-8.5,ascending,216.31429
55.25,-8.25,ascending,221.54713
55.25,-8.0,ascending,226.23999
55.25,-7.75,ascending,229.62856
55.25,-7.5,ascending,231.8457
55.25,-7.25,ascending,237.58167
55.25,-7.0,ascending,242.11427
55.25,-6.75,ascending,232.10834
55.25,-6.5,ascending,232.41167
55.25,-6.25,ascending,231.668
55.25,-6.0,ascending,226.32166
55.25,-5.75,ascending,222.11833
55.25,-5.5,ascending,222.59799
55.25,-5.25,ascending,227.34999
55.25,-5.0,ascending,234.35
55.25,-4.75,ascending,243.205
55.25,-4.5,ascending,254.95166
55.25,-4.25,ascending,265.47165
55.25,-4.0,ascending,272.53998
55.25,-3.75,ascending,276.948
55.25,-3.5,ascending,279.016
55.25,-3.25,ascending,280.31598
55.25,-3.0,ascending,280.48398
55.25,-2.75,ascending,280.59
55.25,-2.5,ascending,280.06998
55.25,-2.25,ascending,279.005
55.25,-2.0,ascending,275.80597
55.25,-1.75,ascending,269.065
55.25,-1.5,ascending,253.01999
55.25,-1.25,ascending,232.4225
55.25,-1.0,ascending,218.585
55.25,-0.75,ascending,210.452
55.25,-0.5,ascending,208.435
55.25,-0.25,ascending,207.99399
55.25,-0.0,ascending,209.29333
55.25,0.25,ascending,207.576
55.25,0.5,ascending,207.40201
55.25,0.75,ascending,207.2625
55.25,1.0,ascending,207.19199
55.25,1.25,ascending,207.0875
55.25,1.5,ascending,207.0025
55.25,1.75,ascending,206.86165
55.25,2.0,ascending,206.71667
55.25,2.25,ascending,206.56331
55.25,2.5,ascending,206.425
55.25,2.75,ascending,206.318
55.25,3.0,ascending,206.275
55.25,3.25,ascending,206.22
55.25,3.5,ascending,206.10397
55.25,3.75,ascending,205.96
55.25,4.0,ascending,205.8825
55.25,4.25,ascending,205.815
55.25,4.5,ascending,205.73167
55.25,4.75,ascending,205.65
55.25,5.0,ascending,205.63
55.25,5.25,ascending,205.59999
55.25,5.5,ascending,205.602
55.25,5.75,ascending,205.68599
55.25,6.0,ascending,205.88832
55.25,6.25,ascending,206.05998
55.25,6.5,ascending,206.16167
55.25,6.75,ascending,206.248
55.25,7.0,ascending,206.40999
55.25,7.25,ascending,206.472
55.25,7.5,ascending,206.71399
55.25,7.75,ascending,208.46199
55.25,8.0,ascending,215.82832
55.25,8.25,ascending,229.48332
55.25,8.5,ascending,248.75998
55.25,8.75,ascending,263.78833
55.25,9.0,ascending,273.472
55.25,9.25,ascending,273.064
55.25,9.5,ascending,264.46667
55.25,9.75,ascending,253.694
55.25,10.0,ascending,248.39998
55.25,10.25,ascending,247.29857
55.25,10.5,ascending,243.93666
55.25,10.75,ascending,237.95601
55.25,11.0,ascending,238.61333
55.25,11.25,ascending,247.34142
55.25,11.5,ascending,255.41573
55.25,11.75,ascending,259.62857
55.25,12.0,ascending,253.89833
55.25,12.25,ascending,240.99374
55.25,12.5,ascending,233.10428
55.25,12.75,ascending,231.62874
55.25,13.0,ascending,236.96375
55.25,13.25,ascending,239.15
55.25,13.5,ascending,229.2845
55.25,13.75,ascending,222.89307
55.25,14.0,ascending,218.95189
55.25,14.25,ascending,215.54825
55.25,14.5,ascending,214.0
55.25,14.75,ascending,214.36333
55.25,15.0,ascending,214.12964
55.25,15.25,ascending,213.72537
55.25,15.5,ascending,212.04333
55.25,15.75,ascending,209.485
55.25,16.0,ascending,207.35286
55.25,16.25,ascending,206.29222
55.25,16.5,ascending,205.85715
55.25,16.75,ascending,205.74571
55.25,17.0,ascending,205.81
55.25,17.25,ascending,205.97285
55.25,17.5,ascending,206.27
55.25,17.75,ascending,206.375
55.25,18.0,ascending,206.60664
55.25,18.25,ascending,206.75856
55.25,18.5,ascending,206.774
55.25,18.75,ascending,206.76
55.25,19.0,ascending,206.88571
55.25,19.25,ascending,207.09749
55.25,19.5,ascending,207.61333
55.25,19.75,ascending,208.272
55.25,20.0,ascending,209.18198
55.25,20.25,ascending,210.13998
55.25,20.5,ascending,211.02167
55.25,20.75,ascending,213.52333
55.25,21.0,ascending,218.6875
55.25,21.25,ascending,228.422
55.25,21.5,ascending,243.32199
55.25,21.75,ascending,258.68597
55.25,22.0,ascending,268.91666
55.25,22.25,ascending,273.1775
55.25,22.5,ascending,274.12167
55.25,22.75,ascending,273.852
55.25,23.0,ascending,273.288
55.25,23.25,ascending,273.005
55.25,23.5,ascending,273.018
55.25,23.75,ascending,272.88498
55.25,24.0,ascending,272.606
55.25,24.25,ascending,272.522
55.25,24.5,ascending,272.4975
55.25,24.75,ascending,272.4425
55.25,25.0,ascending,272.30167
55.25,25.25,ascending,271.854
55.25,25.5,ascending,271.1725
55.25,25.75,ascending,270.482
55.25,26.0,ascending,269.8175
55.25,26.25,ascending,269.29
55.25,26.5,ascending,268.522
55.25,26.75,ascending,267.90497
55.25,27.0,ascending,267.674
55.25,27.25,ascending,267.58798
55.25,27.5,ascending,267.66
55.25,27.75,ascending,268.1275
55.25,28.0,ascending,268.482
55.25,28.25,ascending,268.5
55.25,28.5,ascending,268.194
55.25,28.75,ascending,267.91
55.25,29.0,ascending,267.84
55.25,29.25,ascending,268.098
55.25,29.5,ascending,268.09332
55.25,29.75,ascending,267.99332
55.25,30.0,ascending,268.0183
55.25,30.25,ascending,268.104
55.25,30.5,ascending,268.06665
55.25,30.75,ascending,267.88
55.25,31.0,ascending,267.97998
55.25,31.25,ascending,268.248
55.25,31.5,ascending,268.58
55.25,31.75,ascending,268.744
55.25,32.0,ascending,268.83
55.25,32.25,ascending,268.68668
55.25,32.5,ascending,268.56497
55.25,32.75,ascending,268.326
55.25,33.0,ascending,268.35834
55.25,33.25,ascending,268.268
55.25,33.5,ascending,268.464
55.25,33.75,ascending,268.105
55.25,34.0,ascending,266.998
55.25,34.25,ascending,265.72165
55.25,34.5,ascending,265.19
55.25,34.75,ascending,265.486
55.25,35.0,ascending,266.155
55.25,35.25,ascending,267.03833
55.25,35.5,ascending,267.85
55.25,35.75,ascending,268.38748
55.25,36.0,ascending,268.65427
55.25,36.25,ascending,268.79
55.25,36.5,ascending,268.8
55.25,36.75,ascending,268.54333
55.25,37.0,ascending,267.9883
55.25,37.25,ascending,267.055
55.25,37.5,ascending,266.53625
55.25,37.75,ascending,266.28714
55.25,38.0,ascending,266.20834
55.5,-13.0,ascending,211.23999
55.5,-12.75,ascending,211.125
55.5,-12.5,ascending,211.15833
55.5,-12.25,ascending,211.14749
55.5,-12.0,ascending,210.99777
55.5,-11.75,ascending,210.75624
55.5,-11.5,ascending,210.70152
55.5,-11.25,ascending,210.71347
55.5,-11.0,ascending,210.4579
55.5,-10.75,ascending,210.19849
55.5,-10.5,ascending,209.95961
55.5,-10.25,ascending,209.66039
55.5,-10.0,ascending,209.4156
55.5,-9.75,ascending,209.26443
55.5,-9.5,ascending,209.40546
55.5,-9.25,ascending,209.35143
55.5,-9.0,ascending,209.19249
55.5,-8.75,ascending,209.11143
55.5,-8.5,ascending,209.76572
55.5,-8.25,ascending,210.44499
55.5,-8.0,ascending,210.83
55.5,-7.75,ascending,211.76
55.5,-7.5,ascending,213.42
55.5,-7.25,ascending,214.95166
55.5,-7.0,ascending,214.42374
55.5,-6.75,ascending,212.995
55.5,-6.5,ascending,214.625
55.5,-6.25,ascending,217.22833
55.5,-6.0,ascending,220.78285
55.5,-5.75,ascending,225.08249
55.5,-5.5,ascending,230.52374
55.5,-5.25,ascending,235.47
55.5,-5.0,ascending,239.48856
55.5,-4.75,ascending,246.85799
55.5,-4.5,ascending,256.41333
55.5,-4.25,ascending,266.85602
55.5,-4.0,ascending,275.10333
55.5,-3.75,ascending,279.078
55.5,-3.5,ascending,280.2983
55.5,-3.25,ascending,280.26752
55.5,-3.0,ascending,279.72998
55.5,-2.75,ascending,278.20334
55.5,-2.5,ascending,277.62
55.5,-2.25,ascending,274.77335
55.5,-2.0,ascending,267.146
55.5,-1.75,ascending,257.5075
55.5,-1.5,ascending,238.69832
55.5,-1.25,ascending,220.694
55.5,-1.0,ascending,212.026
55.5,-0.75,ascending,208.545
55.5,-0.5,ascending,207.824
55.5,-0.25,ascending,207.6575
55.5,-0.0,ascending,208.79001
55.5,0.25,ascending,207.45801
55.5,0.5,ascending,207.38199
55.5,0.75,ascending,207.29399
55.5,1.0,ascending,207.17801
55.5,1.25,ascending,207.052
55.5,1.5,ascending,206.935
55.5,1.75,ascending,206.82748
55.5,2.0,ascending,206.68
55.5,2.25,ascending,206.53333
55.5,2.5,ascending,206.376
55.5,2.75,ascending,206.25166
55.5,3.0,ascending,206.2125
55.5,3.25,ascending,206.125
55.5,3.5,ascending,205.96599
55.5,3.75,ascending,205.88335
55.5,4.0,ascending,205.81665
55.5,4.25,ascending,205.74399
55.5,4.5,ascending,205.648
55.5,4.75,ascending,205.574
55.5,5.0,ascending,205.555
55.5,5.25,ascending,205.606
55.5,5.5,ascending,205.69666
55.5,5.75,ascending,205.876
55.5,6.0,ascending,206.08598
55.5,6.25,ascending,206.272
55.5,6.5,ascending,206.34833
55.5,6.75,ascending,206.42801
55.5,7.0,ascending,206.59
55.5,7.25,ascending,206.76599
55.5,7.5,ascending,207.335
55.5,7.75,ascending,210.65201
55.5,8.0,ascending,222.63165
55.5,8.25,ascending,241.824
55.5,8.5,ascending,259.38998
55.5,8.75,ascending,272.05
55.5,9.0,ascending,276.45166
55.5,9.25,ascending,275.86713
55.5,9.5,ascending,268.15
55.5,9.75,ascending,258.25
55.5,10.0,ascending,246.39333
55.5,10.25,ascending,239.228
55.5,10.5,ascending,231.80249
55.5,10.75,ascending,228.47427
55.5,11.0,ascending,231.16833
55.5,11.25,ascending,240.91
55.5,11.5,ascending,253.9525
55.5,11.75,ascending,258.94855
55.5,12.0,ascending,259.62875
55.5,12.25,ascending,252.80713
55.5,12.5,ascending,244.44
55.5,12.75,ascending,243.7525
55.5,13.0,ascending,252.844
55.5,13.25,ascending,255.45528
55.5,13.5,ascending,252.80576
55.5,13.75,ascending,250.1109
55.5,14.0,ascending,241.40454
55.5,14.25,ascending,232.03166
55.5,14.5,ascending,221.43001
55.5,14.75,ascending,215.80583
55.5,15.0,ascending,212.83516
55.5,15.25,ascending,211.12
55.5,15.5,ascending,208.4157
55.5,15.75,ascending,206.85875
55.5,16.0,ascending,206.04666
55.5,16.25,ascending,205.91713
55.5,16.5,ascending,205.90428
55.5,16.75,ascending,205.94331
55.5,17.0,ascending,205.99998
55.5,17.25,ascending,206.14499
55.5,17.5,ascending,206.28429
55.5,17.75,ascending,206.45833
55.5,18.0,ascending,206.60664
55.5,18.25,ascending,206.8057
55.5,18.5,ascending,206.918
55.5,18.75,ascending,206.97833
55.5,19.0,ascending,207.08665
55.5,19.25,ascending,207.18666
55.5,19.5,ascending,207.302
55.5,19.75,ascending,207.42833
55.5,20.0,ascending,207.70166
55.5,20.25,ascending,208.07797
55.5,20.5,ascending,209.02165
55.5,20.75,ascending,211.616
55.5,21.0,ascending,219.25665
55.5,21.25,ascending,230.3775
55.5,21.5,ascending,246.54
55.5,21.75,ascending,262.71
55.5,22.0,ascending,271.346
55.5,22.25,ascending,274.086
55.5,22.5,ascending,274.372
55.5,22.75,ascending,274.03
55.5,23.0,ascending,273.7383
55.5,23.25,ascending,273.572
55.5,23.5,ascending,273.37396
55.5,23.75,ascending,273.11798
55.5,24.0,ascending,272.895
55.5,24.25,ascending,272.7375
55.5,24.5,ascending,272.62
55.5,24.75,ascending,272.59665
55.5,25.0,ascending,272.61
55.5,25.25,ascending,272.456
55.5,25.5,ascending,271.88998
55.5,25.75,ascending,271.13
55.5,26.0,ascending,270.07333
55.5,26.25,ascending,268.954
55.5,26.5,ascending,268.198
55.5,26.75,ascending,267.5925
55.5,27.0,ascending,267.14667
55.5,27.25,ascending,266.7075
55.5,27.5,ascending,267.02167
55.5,27.75,ascending,267.69598
55.5,28.0,ascending,268.158
55.5,28.25,ascending,268.166
55.5,28.5,ascending,268.07834
55.5,28.75,ascending,268.138
55.5,29.0,ascending,268.245
55.5,29.25,ascending,268.0625
55.5,29.5,ascending,267.84332
55.5,29.75,ascending,267.702
55.5,30.0,ascending,267.66165
55.5,30.25,ascending,267.692
55.5,30.5,ascending,267.568
55.5,30.75,ascending,267.346
55.5,31.0,ascending,267.33835
55.5,31.25,ascending,267.57
55.5,31.5,ascending,267.84
55.5,31.75,ascending,268.28198
55.5,32.0,ascending,268.43167
55.5,32.25,ascending,268.318
55.5,32.5,ascending,268.268
55.5,32.75,ascending,268.49167
55.5,33.0,ascending,268.78998
55.5,33.25,ascending,268.82834
55.5,33.5,ascending,268.83398
55.5,33.75,ascending,268.34665
55.5,34.0,ascending,267.38165
55.5,34.25,ascending,266.01834
55.5,34.5,ascending,265.185
55.5,34.75,ascending,265.27664
55.5,35.0,ascending,266.14166
55.5,35.25,ascending,267.1
55.5,35.5,ascending,267.77
55.5,35.75,ascending,268.094
55.5,36.0,ascending,268.3757
55.5,36.25,ascending,268.702
55.5,36.5,ascending,268.77
55.5,36.75,ascending,268.31375
55.5,37.0,ascending,267.125
55.5,37.25,ascending,265.6975
55.5,37.5,ascending,265.09888
55.5,37.75,ascending,265.51553
55.5,38.0,ascending,265.63623
55.75,-13.0,ascending,211.36333
55.75,-12.75,ascending,211.265
55.75,-12.5,ascending,211.25499
55.75,-12.25,ascending,211.2325
55.75,-12.0,ascending,211.01
55.75,-11.75,ascending,210.77455
55.75,-11.5,ascending,210.66608
55.75,-11.25,ascending,210.52348
55.75,-11.0,ascending,210.36519
55.75,-10.75,ascending,210.1918
55.75,-10.5,ascending,210.00879
55.75,-10.25,ascending,209.71428
55.75,-10.0,ascending,209.5584
55.75,-9.75,ascending,209.35538
55.75,-9.5,ascending,209.83667
55.75,-9.25,ascending,209.42714
55.75,-9.0,ascending,209.00713
55.75,-8.75,ascending,208.58286
55.75,-8.5,ascending,208.25
55.75,-8.25,ascending,208.02875
55.75,-8.0,ascending,207.91667
55.75,-7.75,ascending,207.96832
55.75,-7.5,ascending,208.14833
55.75,-7.25,ascending,208.4857
55.75,-7.0,ascending,209.15498
55.75,-6.75,ascending,211.36833
55.75,-6.5,ascending,215.03
55.75,-6.25,ascending,220.87
55.75,-6.0,ascending,227.36665
55.75,-5.75,ascending,232.79665
55.75,-5.5,ascending,237.63799
55.75,-5.25,ascending,242.12334
55.75,-5.0,ascending,249.302
55.75,-4.75,ascending,254.7275
55.75,-4.5,ascending,263.53665
55.75,-4.25,ascending,272.122
55.75,-4.0,ascending,275.96664
55.75,-3.75,ascending,277.882
55.75,-3.5,ascending,277.862
55.75,-3.25,ascending,276.11398
55.75,-3.0,ascending,274.08197
55.75,-2.75,ascending,269.68
55.75,-2.5,ascending,266.784
55.75,-2.25,ascending,259.126
55.75,-2.0,ascending,243.41998
55.75,-1.75,ascending,233.29399
55.75,-1.5,ascending,217.22667
55.75,-1.25,ascending,209.856
55.75,-1.0,ascending,208.082
55.75,-0.75,ascending,207.4175
55.75,-0.5,ascending,207.20798
55.75,-0.25,ascending,207.196
55.75,-0.0,ascending,208.295
55.75,0.25,ascending,207.158
55.75,0.5,ascending,207.1975
55.75,0.75,ascending,207.12
55.75,1.0,ascending,206.99399
55.75,1.25,ascending,206.89
55.75,1.5,ascending,206.84999
55.75,1.75,ascending,206.73999
55.75,2.0,ascending,206.6025
55.75,2.25,ascending,206.43599
55.75,2.5,ascending,206.26999
55.75,2.75,ascending,206.1225
55.75,3.0,ascending,206.052
55.75,3.25,ascending,205.944
55.75,3.5,ascending,205.8575
55.75,3.75,ascending,205.788
55.75,4.0,ascending,205.72499
55.75,4.25,ascending,205.63998
55.75,4.5,ascending,205.56999
55.75,4.75,ascending,205.51399
55.75,5.0,ascending,205.5325
55.75,5.25,ascending,205.60999
55.75,5.5,ascending,205.69
55.75,5.75,ascending,205.89499
55.75,6.0,ascending,206.17
55.75,6.25,ascending,206.374
55.75,6.5,ascending,206.44199
55.75,6.75,ascending,206.51999
55.75,7.0,ascending,206.70801
55.75,7.25,ascending,207.03398
55.75,7.5,ascending,207.96666
55.75,7.75,ascending,211.85999
55.75,8.0,ascending,225.18399
55.75,8.25,ascending,245.24399
55.75,8.5,ascending,264.775
55.75,8.75,ascending,274.8
55.75,9.0,ascending,278.51398
55.75,9.25,ascending,278.332
55.75,9.5,ascending,275.10333
55.75,9.75,ascending,266.805
55.75,10.0,ascending,251.0
55.75,10.25,ascending,236.68
55.75,10.5,ascending,225.97998
55.75,10.75,ascending,218.67833
55.75,11.0,ascending,218.60143
55.75,11.25,ascending,224.65
55.75,11.5,ascending,232.45166
55.75,11.75,ascending,242.86165
55.75,12.0,ascending,249.83855
55.75,12.25,ascending,253.69286
55.75,12.5,ascending,253.90572
55.75,12.75,ascending,256.22498
55.75,13.0,ascending,256.94687
55.75,13.25,ascending,260.1819
55.75,13.5,ascending,263.8924
55.75,13.75,ascending,262.89407
55.75,14.0,ascending,256.346
55.75,14.25,ascending,245.34695
55.75,14.5,ascending,230.31651
55.75,14.75,ascending,220.52435
55.75,15.0,ascending,217.39
55.75,15.25,ascending,212.76888
55.75,15.5,ascending,208.81857
55.75,15.75,ascending,208.10889
55.75,16.0,ascending,207.86
55.75,16.25,ascending,207.68428
55.75,16.5,ascending,207.02428
55.75,16.75,ascending,206.87
55.75,17.0,ascending,206.63332
55.75,17.25,ascending,206.88832
55.75,17.5,ascending,206.72833
55.75,17.75,ascending,206.79999
55.75,18.0,ascending,206.99625
55.75,18.25,ascending,207.135
55.75,18.5,ascending,207.17833
55.75,18.75,ascending,207.23
55.75,19.0,ascending,207.332
55.75,19.25,ascending,207.382
55.75,19.5,ascending,207.4857
55.75,19.75,ascending,207.61198
55.75,20.0,ascending,207.79834
55.75,20.25,ascending,208.18799
55.75,20.5,ascending,209.324
55.75,20.75,ascending,212.5425
55.75,21.0,ascending,220.08667
55.75,21.25,ascending,236.77832
55.75,21.5,ascending,253.644
55.75,21.75,ascending,266.45502
55.75,22.0,ascending,272.6433
55.75,22.25,ascending,274.47748
55.75,22.5,ascending,274.58
55.75,22.75,ascending,274.412
55.75,23.0,ascending,274.154
55.75,23.25,ascending,273.815
55.75,23.5,ascending,273.5125
55.75,23.75,ascending,273.47
55.75,24.0,ascending,273.30798
55.75,24.25,ascending,273.04498
55.75,24.5,ascending,272.802
55.75,24.75,ascending,272.77
55.75,25.0,ascending,272.88834
55.75,25.25,ascending,272.8
55.75,25.5,ascending,272.41498
55.75,25.75,ascending,271.38834
55.75,26.0,ascending,270.50998
55.75,26.25,ascending,269.73798
55.75,26.5,ascending,269.21
55.75,26.75,ascending,268.72333
55.75,27.0,ascending,267.94666
55.75,27.25,ascending,267.45798
55.75,27.5,ascending,267.382
55.75,27.75,ascending,267.79666
55.75,28.0,ascending,268.06168
55.75,28.25,ascending,267.82
55.75,28.5,ascending,267.705
55.75,28.75,ascending,267.81
55.75,29.0,ascending,267.802
55.75,29.25,ascending,267.548
55.75,29.5,ascending,267.362
55.75,29.75,ascending,267.2383
55.75,30.0,ascending,267.156
55.75,30.25,ascending,267.31
55.75,30.5,ascending,267.292
55.75,30.75,ascending,267.09833
55.75,31.0,ascending,266.882
55.75,31.25,ascending,266.84198
55.75,31.5,ascending,267.146
55.75,31.75,ascending,267.66998
55.75,32.0,ascending,267.94165
55.75,32.25,ascending,268.016
55.75,32.5,ascending,268.194
55.75,32.75,ascending,268.69
55.75,33.0,ascending,269.15665
55.75,33.25,ascending,269.25998
55.75,33.5,ascending,269.08
55.75,33.75,ascending,268.76996
55.75,34.0,ascending,268.07834
55.75,34.25,ascending,266.865
55.75,34.5,ascending,265.998
55.75,34.75,ascending,265.99
55.75,35.0,ascending,266.64832
55.75,35.25,ascending,267.49167
55.75,35.5,ascending,268.06332
55.75,35.75,ascending,268.2257
55.75,36.0,ascending,268.3757
55.75,36.25,ascending,268.5325
55.75,36.5,ascending,268.61667
55.75,36.75,ascending,268.41165
55.75,37.0,ascending,267.61624
55.75,37.25,ascending,266.36667
55.75,37.5,ascending,265.53375
55.75,37.75,ascending,265.0556
55.75,38.0,ascending,265.31232
56.0,-13.0,ascending,211.47333
56.0,-12.75,ascending,211.28714
56.0,-12.5,ascending,211.16624
56.0,-12.25,ascending,211.19142
56.0,-12.0,ascending,211.1275
56.0,-11.75,ascending,210.95607
56.0,-11.5,ascending,210.75749
56.0,-11.25,ascending,210.5684
56.0,-11.0,ascending,210.38249
56.0,-10.75,ascending,210.2135
56.0,-10.5,ascending,210.01999
56.0,-10.25,ascending,209.85136
56.0,-10.0,ascending,209.6496
56.0,-9.75,ascending,209.55713
56.0,-9.5,ascending,210.01125
56.0,-9.25,ascending,209.64
56.0,-9.0,ascending,209.18857
56.0,-8.75,ascending,208.73
56.0,-8.5,ascending,208.38625
56.0,-8.25,ascending,208.12834
56.0,-8.0,ascending,207.91429
56.0,-7.75,ascending,207.78398
56.0,-7.5,ascending,207.8525
56.0,-7.25,ascending,208.20166
56.0,-7.0,ascending,209.27
56.0,-6.75,ascending,211.65666
56.0,-6.5,ascending,214.53833
56.0,-6.25,ascending,219.305
56.0,-6.0,ascending,225.29399
56.0,-5.75,ascending,232.13142
56.0,-5.5,ascending,240.5925
56.0,-5.25,ascending,248.78333
56.0,-5.0,ascending,258.18668
56.0,-4.75,ascending,265.56998
56.0,-4.5,ascending,270.948
56.0,-4.25,ascending,274.174
56.0,-4.0,ascending,276.18597
56.0,-3.75,ascending,276.2333
56.0,-3.5,ascending,274.42398
56.0,-3.25,ascending,270.888
56.0,-3.0,ascending,265.60602
56.0,-2.75,ascending,259.36002
56.0,-2.5,ascending,250.2225
56.0,-2.25,ascending,237.36499
56.0,-2.0,ascending,222.23799
56.0,-1.75,ascending,214.04
56.0,-1.5,ascending,209.23799
56.0,-1.25,ascending,207.41
56.0,-1.0,ascending,206.924
56.0,-0.75,ascending,206.71199
56.0,-0.5,ascending,206.618
56.0,-0.25,ascending,206.726
56.0,-0.0,ascending,209.61714
56.0,0.25,ascending,206.748
56.0,0.5,ascending,206.776
56.0,0.75,ascending,206.70999
56.0,1.0,ascending,206.674
56.0,1.25,ascending,206.66
56.0,1.5,ascending,206.65666
56.0,1.75,ascending,206.54999
56.0,2.0,ascending,206.43999
56.0,2.25,ascending,206.23799
56.0,2.5,ascending,206.066
56.0,2.75,ascending,205.96199
56.0,3.0,ascending,205.90999
56.0,3.25,ascending,205.84666
56.0,3.5,ascending,205.765
56.0,3.75,ascending,205.684
56.0,4.0,ascending,205.61198
56.0,4.25,ascending,205.575
56.0,4.5,ascending,205.5275
56.0,4.75,ascending,205.505
56.0,5.0,ascending,205.54399
56.0,5.25,ascending,205.626
56.0,5.5,ascending,205.74333
56.0,5.75,ascending,205.95
56.0,6.0,ascending,206.22667
56.0,6.25,ascending,206.41399
56.0,6.5,ascending,206.524
56.0,6.75,ascending,206.65332
56.0,7.0,ascending,206.876
56.0,7.25,ascending,207.21
56.0,7.5,ascending,208.28667
56.0,7.75,ascending,211.94249
56.0,8.0,ascending,224.0
56.0,8.25,ascending,244.99199
56.0,8.5,ascending,263.03833
56.0,8.75,ascending,273.71167
56.0,9.0,ascending,277.302
56.0,9.25,ascending,278.022
56.0,9.5,ascending,276.83667
56.0,9.75,ascending,273.33
56.0,10.0,ascending,265.09427
56.0,10.25,ascending,249.87834
56.0,10.5,ascending,232.92857
56.0,10.75,ascending,221.835
56.0,11.0,ascending,214.09427
56.0,11.25,ascending,212.3225
56.0,11.5,ascending,213.98283
56.0,11.75,ascending,220.75
56.0,12.0,ascending,229.17429
56.0,12.25,ascending,239.48427
56.0,12.5,ascending,250.64445
56.0,12.75,ascending,256.92267
56.0,13.0,ascending,260.60593
56.0,13.25,ascending,265.85095
56.0,13.5,ascending,268.95728
56.0,13.75,ascending,269.48367
56.0,14.0,ascending,266.6295
56.0,14.25,ascending,259.87714
56.0,14.5,ascending,249.87218
56.0,14.75,ascending,239.17308
56.0,15.0,ascending,232.53427
56.0,15.25,ascending,224.8057
56.0,15.5,ascending,224.249
56.0,15.75,ascending,223.13284
56.0,16.0,ascending,221.3157
56.0,16.25,ascending,218.38666
56.0,16.5,ascending,215.5743
56.0,16.75,ascending,212.61714
56.0,17.0,ascending,210.7675
56.0,17.25,ascending,209.51599
56.0,17.5,ascending,208.185
56.0,17.75,ascending,207.61143
56.0,18.0,ascending,207.46832
56.0,18.25,ascending,207.29
56.0,18.5,ascending,207.30713
56.0,18.75,ascending,207.33398
56.0,19.0,ascending,207.375
56.0,19.25,ascending,207.41833
56.0,19.5,ascending,207.5
56.0,19.75,ascending,207.62428
56.0,20.0,ascending,207.78398
56.0,20.25,ascending,208.265
56.0,20.5,ascending,209.97
56.0,20.75,ascending,214.366
56.0,21.0,ascending,224.654
56.0,21.25,ascending,238.604
56.0,21.5,ascending,256.555
56.0,21.75,ascending,267.38998
56.0,22.0,ascending,273.016
56.0,22.25,ascending,274.90997
56.0,22.5,ascending,275.14166
56.0,22.75,ascending,275.035
56.0,23.0,ascending,274.7425
56.0,23.25,ascending,274.41
56.0,23.5,ascending,274.42798
56.0,23.75,ascending,274.51
56.0,24.0,ascending,274.236
56.0,24.25,ascending,273.8025
56.0,24.5,ascending,273.318
56.0,24.75,ascending,273.038
56.0,25.0,ascending,273.01248
56.0,25.25,ascending,272.83
56.0,25.5,ascending,272.25
56.0,25.75,ascending,271.6125
56.0,26.0,ascending,271.10666
56.0,26.25,ascending,270.56
56.0,26.5,ascending,270.512
56.0,26.75,ascending,270.16998
56.0,27.0,ascending,269.094
56.0,27.25,ascending,268.344
56.0,27.5,ascending,267.824
56.0,27.75,ascending,268.016
56.0,28.0,ascending,268.18665
56.0,28.25,ascending,267.955
56.0,28.5,ascending,267.5525
56.0,28.75,ascending,267.554
56.0,29.0,ascending,267.43665
56.0,29.25,ascending,267.168
56.0,29.5,ascending,267.06598
56.0,29.75,ascending,267.06598
56.0,30.0,ascending,267.245
56.0,30.25,ascending,267.518
56.0,30.5,ascending,267.542
56.0,30.75,ascending,267.596
56.0,31.0,ascending,267.19998
56.0,31.25,ascending,266.65
56.0,31.5,ascending,266.79333
56.0,31.75,ascending,267.274
56.0,32.0,ascending,267.75
56.0,32.25,ascending,268.168
56.0,32.5,ascending,268.55002
56.0,32.75,ascending,269.018
56.0,33.0,ascending,269.48
56.0,33.25,ascending,269.61
56.0,33.5,ascending,269.41833
56.0,33.75,ascending,269.07
56.0,34.0,ascending,268.7333
56.0,34.25,ascending,268.2283
56.0,34.5,ascending,267.69
56.0,34.75,ascending,267.59332
56.0,35.0,ascending,267.96667
56.0,35.25,ascending,268.30002
56.0,35.5,ascending,268.42572
56.0,35.75,ascending,268.34143
56.0,36.0,ascending,268.344
56.0,36.25,ascending,268.39142
56.0,36.5,ascending,268.57126
56.0,36.75,ascending,268.525
56.0,37.0,ascending,268.33713
56.0,37.25,ascending,267.9275
56.0,37.5,ascending,266.76498
56.0,37.75,ascending,266.35855
56.0,38.0,ascending,266.71075
56.25,-13.0,ascending,211.6125
56.25,-12.75,ascending,211.29875
56.25,-12.5,ascending,211.04428
56.25,-12.25,ascending,211.38399
56.25,-12.0,ascending,211.73668
56.25,-11.75,ascending,211.57086
56.25,-11.5,ascending,211.3145
56.25,-11.25,ascending,211.00749
56.25,-11.0,ascending,210.66525
56.25,-10.75,ascending,210.4115
56.25,-10.5,ascending,210.18285
56.25,-10.25,ascending,209.974
56.25,-10.0,ascending,209.73878
56.25,-9.75,ascending,209.64157
56.25,-9.5,ascending,209.97571
56.25,-9.25,ascending,209.74571
56.25,-9.0,ascending,209.4257
56.25,-8.75,ascending,209.1425
56.25,-8.5,ascending,208.78
56.25,-8.25,ascending,208.38666
56.25,-8.0,ascending,208.10999
56.25,-7.75,ascending,207.99571
56.25,-7.5,ascending,208.07143
56.25,-7.25,ascending,208.33
56.25,-7.0,ascending,208.935
56.25,-6.75,ascending,210.92375
56.25,-6.5,ascending,213.86249
56.25,-6.25,ascending,218.59499
56.25,-6.0,ascending,227.10999
56.25,-5.75,ascending,236.63599
56.25,-5.5,ascending,248.19998
56.25,-5.25,ascending,258.72797
56.25,-5.0,ascending,265.94598
56.25,-4.75,ascending,270.138
56.25,-4.5,ascending,273.912
56.25,-4.25,ascending,276.318
56.25,-4.0,ascending,276.90997
56.25,-3.75,ascending,276.41498
56.25,-3.5,ascending,274.662
56.25,-3.25,ascending,270.77798
56.25,-3.0,ascending,264.962
56.25,-2.75,ascending,255.59
56.25,-2.5,ascending,243.5
56.25,-2.25,ascending,230.03
56.25,-2.0,ascending,219.19
56.25,-1.75,ascending,212.72
56.25,-1.5,ascending,209.07748
56.25,-1.25,ascending,207.38399
56.25,-1.0,ascending,206.54999
56.25,-0.75,ascending,206.385
56.25,-0.5,ascending,206.342
56.25,-0.25,ascending,206.38998
56.25,-0.0,ascending,208.48889
56.25,0.25,ascending,206.31499
56.25,0.5,ascending,206.3275
56.25,0.75,ascending,206.27249
56.25,1.0,ascending,206.3
56.25,1.25,ascending,206.304
56.25,1.5,ascending,206.33249
56.25,1.75,ascending,206.22
56.25,2.0,ascending,206.102
56.25,2.25,ascending,205.88998
56.25,2.5,ascending,205.81831
56.25,2.75,ascending,205.805
56.25,3.0,ascending,205.815
56.25,3.25,ascending,205.774
56.25,3.5,ascending,205.65666
56.25,3.75,ascending,205.56999
56.25,4.0,ascending,205.51666
56.25,4.25,ascending,205.50749
56.25,4.5,ascending,205.48332
56.25,4.75,ascending,205.496
56.25,5.0,ascending,205.602
56.25,5.25,ascending,205.72998
56.25,5.5,ascending,205.874
56.25,5.75,ascending,206.004
56.25,6.0,ascending,206.198
56.25,6.25,ascending,206.39249
56.25,6.5,ascending,206.555
56.25,6.75,ascending,206.74199
56.25,7.0,ascending,206.948
56.25,7.25,ascending,207.2225
56.25,7.5,ascending,208.22333
56.25,7.75,ascending,212.474
56.25,8.0,ascending,224.012
56.25,8.25,ascending,243.87666
56.25,8.5,ascending,259.948
56.25,8.75,ascending,267.942
56.25,9.0,ascending,272.90164
56.25,9.25,ascending,275.27597
56.25,9.5,ascending,275.815
56.25,9.75,ascending,273.68
56.25,10.0,ascending,266.78998
56.25,10.25,ascending,255.0743
56.25,10.5,ascending,241.69499
56.25,10.75,ascending,227.81334
56.25,11.0,ascending,216.898
56.25,11.25,ascending,210.29832
56.25,11.5,ascending,208.15001
56.25,11.75,ascending,209.28499
56.25,12.0,ascending,214.30875
56.25,12.25,ascending,222.29001
56.25,12.5,ascending,236.50215
56.25,12.75,ascending,248.97047
56.25,13.0,ascending,259.5259
56.25,13.25,ascending,266.68585
56.25,13.5,ascending,269.89236
56.25,13.75,ascending,272.13892
56.25,14.0,ascending,271.7135
56.25,14.25,ascending,269.68668
56.25,14.5,ascending,266.34912
56.25,14.75,ascending,262.42166
56.25,15.0,ascending,257.08765
56.25,15.25,ascending,255.78445
56.25,15.5,ascending,257.87283
56.25,15.75,ascending,251.66856
56.25,16.0,ascending,246.83286
56.25,16.25,ascending,239.00665
56.25,16.5,ascending,231.04665
56.25,16.75,ascending,226.55856
56.25,17.0,ascending,220.09499
56.25,17.25,ascending,214.34999
56.25,17.5,ascending,210.95499
56.25,17.75,ascending,209.23
56.25,18.0,ascending,207.90833
56.25,18.25,ascending,207.385
56.25,18.5,ascending,207.30165
56.25,18.75,ascending,207.288
56.25,19.0,ascending,207.30798
56.25,19.25,ascending,207.34999
56.25,19.5,ascending,207.42
56.25,19.75,ascending,207.48001
56.25,20.0,ascending,207.65999
56.25,20.25,ascending,208.106
56.25,20.5,ascending,210.00801
56.25,20.75,ascending,215.852
56.25,21.0,ascending,226.6225
56.25,21.25,ascending,241.88399
56.25,21.5,ascending,255.98398
56.25,21.75,ascending,268.225
56.25,22.0,ascending,273.07
56.25,22.25,ascending,274.724
56.25,22.5,ascending,275.50998
56.25,22.75,ascending,275.45248
56.25,23.0,ascending,275.274
56.25,23.25,ascending,275.18
56.25,23.5,ascending,275.28833
56.25,23.75,ascending,275.082
56.25,24.0,ascending,274.3675
56.25,24.25,ascending,273.51398
56.25,24.5,ascending,272.972
56.25,24.75,ascending,273.0975
56.25,25.0,ascending,273.01
56.25,25.25,ascending,272.6725
56.25,25.5,ascending,272.1925
56.25,25.75,ascending,271.534
56.25,26.0,ascending,271.2175
56.25,26.25,ascending,271.03598
56.25,26.5,ascending,270.944
56.25,26.75,ascending,270.31998
56.25,27.0,ascending,269.434
56.25,27.25,ascending,268.4225
56.25,27.5,ascending,268.156
56.25,27.75,ascending,268.382
56.25,28.0,ascending,268.68
56.25,28.25,ascending,268.61
56.25,28.5,ascending,268.33197
56.25,28.75,ascending,268.37997
56.25,29.0,ascending,267.976
56.25,29.25,ascending,267.418
56.25,29.5,ascending,266.974
56.25,29.75,ascending,267.01334
56.25,30.0,ascending,267.43332
56.25,30.25,ascending,267.904
56.25,30.5,ascending,268.00665
56.25,30.75,ascending,268.262
56.25,31.0,ascending,268.216
56.25,31.25,ascending,267.6
56.25,31.5,ascending,267.378
56.25,31.75,ascending,267.454
56.25,32.0,ascending,267.766
56.25,32.25,ascending,268.272
56.25,32.5,ascending,268.745
56.25,32.75,ascending,269.19598
56.25,33.0,ascending,269.61398
56.25,33.25,ascending,269.79166
56.25,33.5,ascending,269.78998
56.25,33.75,ascending,269.54666
56.25,34.0,ascending,269.40665
56.25,34.25,ascending,269.198
56.25,34.5,ascending,269.0483
56.25,34.75,ascending,269.03
56.25,35.0,ascending,269.1733
56.25,35.25,ascending,269.15833
56.25,35.5,ascending,268.86002
56.25,35.75,ascending,268.11856
56.25,36.0,ascending,267.42123
56.25,36.25,ascending,267.15997
56.25,36.5,ascending,267.6257
56.25,36.75,ascending,267.96713
56.25,37.0,ascending,268.24
56.25,37.25,ascending,267.66614
56.25,37.5,ascending,267.32303
56.25,37.75,ascending,267.69748
56.25,38.0,ascending,268.005
56.5,-13.0,ascending,211.89499
56.5,-12.75,ascending,211.72714
56.5,-12.5,ascending,211.9123
56.5,-12.25,ascending,212.17041
56.5,-12.0,ascending,212.085
56.5,-11.75,ascending,211.97055
56.5,-11.5,ascending,211.78682
56.5,-11.25,ascending,211.31421
56.5,-11.0,ascending,210.96736
56.5,-10.75,ascending,210.59789
56.5,-10.5,ascending,210.37238
56.5,-10.25,ascending,210.21954
56.5,-10.0,ascending,210.03
56.5,-9.75,ascending,210.23563
56.5,-9.5,ascending,210.59142
56.5,-9.25,ascending,210.6757
56.5,-9.0,ascending,210.40666
56.5,-8.75,ascending,210.01166
56.5,-8.5,ascending,209.37
56.5,-8.25,ascending,208.83
56.5,-8.0,ascending,208.48833
56.5,-7.75,ascending,208.51428
56.5,-7.5,ascending,208.74666
56.5,-7.25,ascending,209.29199
56.5,-7.0,ascending,210.67
56.5,-6.75,ascending,213.23401
56.5,-6.5,ascending,217.48
56.5,-6.25,ascending,224.512
56.5,-6.0,ascending,233.3057
56.5,-5.75,ascending,245.068
56.5,-5.5,ascending,252.54
56.5,-5.25,ascending,261.008
56.5,-5.0,ascending,267.865
56.5,-4.75,ascending,272.97797
56.5,-4.5,ascending,275.82166
56.5,-4.25,ascending,276.78497
56.5,-4.0,ascending,277.12
56.5,-3.75,ascending,277.19
56.5,-3.5,ascending,276.8033
56.5,-3.25,ascending,275.4
56.5,-3.0,ascending,269.8033
56.5,-2.75,ascending,262.69998
56.5,-2.5,ascending,254.29399
56.5,-2.25,ascending,237.48999
56.5,-2.0,ascending,226.30249
56.5,-1.75,ascending,218.50801
56.5,-1.5,ascending,211.844
56.5,-1.25,ascending,208.50601
56.5,-1.0,ascending,206.79199
56.5,-0.75,ascending,206.325
56.5,-0.5,ascending,206.16199
56.5,-0.25,ascending,206.11198
56.5,-0.0,ascending,207.37
56.5,0.25,ascending,205.99165
56.5,0.5,ascending,206.004
56.5,0.75,ascending,205.99199
56.5,1.0,ascending,205.97
56.5,1.25,ascending,205.9625
56.5,1.5,ascending,205.932
56.5,1.75,ascending,205.80798
56.5,2.0,ascending,205.694
56.5,2.25,ascending,205.53398
56.5,2.5,ascending,205.57199
56.5,2.75,ascending,205.69499
56.5,3.0,ascending,205.684
56.5,3.25,ascending,205.618
56.5,3.5,ascending,205.526
56.5,3.75,ascending,205.44
56.5,4.0,ascending,205.426
56.5,4.25,ascending,205.41399
56.5,4.5,ascending,205.38998
56.5,4.75,ascending,205.452
56.5,5.0,ascending,205.59
56.5,5.25,ascending,205.79668
56.5,5.5,ascending,205.96
56.5,5.75,ascending,206.05798
56.5,6.0,ascending,206.182
56.5,6.25,ascending,206.32797
56.5,6.5,ascending,206.51799
56.5,6.75,ascending,206.6675
56.5,7.0,ascending,206.885
56.5,7.25,ascending,207.246
56.5,7.5,ascending,207.80666
56.5,7.75,ascending,210.654
56.5,8.0,ascending,220.53667
56.5,8.25,ascending,237.024
56.5,8.5,ascending,250.21
56.5,8.75,ascending,257.69
56.5,9.0,ascending,262.04285
56.5,9.25,ascending,268.46
56.5,9.5,ascending,272.63834
56.5,9.75,ascending,271.518
56.5,10.0,ascending,263.80426
56.5,10.25,ascending,247.75601
56.5,10.5,ascending,235.085
56.5,10.75,ascending,223.86143
56.5,11.0,ascending,215.92
56.5,11.25,ascending,209.97142
56.5,11.5,ascending,208.71625
56.5,11.75,ascending,210.35333
56.5,12.0,ascending,215.94499
56.5,12.25,ascending,222.87584
56.5,12.5,ascending,230.50092
56.5,12.75,ascending,240.7345
56.5,13.0,ascending,252.77618
56.5,13.25,ascending,261.05762
56.5,13.5,ascending,268.54315
56.5,13.75,ascending,271.353
56.5,14.0,ascending,272.0865
56.5,14.25,ascending,271.444
56.5,14.5,ascending,270.1987
56.5,14.75,ascending,268.7664
56.5,15.0,ascending,268.31125
56.5,15.25,ascending,269.2443
56.5,15.5,ascending,268.67667
56.5,15.75,ascending,266.21713
56.5,16.0,ascending,261.88834
56.5,16.25,ascending,255.11165
56.5,16.5,ascending,247.54999
56.5,16.75,ascending,239.892
56.5,17.0,ascending,230.72833
56.5,17.25,ascending,221.08667
56.5,17.5,ascending,214.70332
56.5,17.75,ascending,211.11499
56.5,18.0,ascending,208.46999
56.5,18.25,ascending,207.65498
56.5,18.5,ascending,207.524
56.5,18.75,ascending,207.70285
56.5,19.0,ascending,207.83167
56.5,19.25,ascending,207.7325
56.5,19.5,ascending,207.65833
56.5,19.75,ascending,207.574
56.5,20.0,ascending,207.68666
56.5,20.25,ascending,208.19499
56.5,20.5,ascending,209.98167
56.5,20.75,ascending,215.25601
56.5,21.0,ascending,225.95833
56.5,21.25,ascending,240.33199
56.5,21.5,ascending,253.06499
56.5,21.75,ascending,263.90833
56.5,22.0,ascending,270.52798
56.5,22.25,ascending,273.435
56.5,22.5,ascending,275.01
56.5,22.75,ascending,275.33
56.5,23.0,ascending,275.298
56.5,23.25,ascending,275.204
56.5,23.5,ascending,274.81
56.5,23.75,ascending,273.11
56.5,24.0,ascending,271.492
56.5,24.25,ascending,268.875
56.5,24.5,ascending,269.218
56.5,24.75,ascending,271.164
56.5,25.0,ascending,272.214
56.5,25.25,ascending,272.32797
56.5,25.5,ascending,271.814
56.5,25.75,ascending,271.22748
56.5,26.0,ascending,270.89664
56.5,26.25,ascending,270.746
56.5,26.5,ascending,270.52997
56.5,26.75,ascending,269.798
56.5,27.0,ascending,268.96
56.5,27.25,ascending,268.62167
56.5,27.5,ascending,268.81198
56.5,27.75,ascending,269.01248
56.5,28.0,ascending,269.146
56.5,28.25,ascending,269.258
56.5,28.5,ascending,269.285
56.5,28.75,ascending,269.09198
56.5,29.0,ascending,268.46335
56.5,29.25,ascending,267.5825
56.5,29.5,ascending,266.83197
56.5,29.75,ascending,266.9
56.5,30.0,ascending,267.495
56.5,30.25,ascending,267.9075
56.5,30.5,ascending,268.0
56.5,30.75,ascending,268.31
56.5,31.0,ascending,268.756
56.5,31.25,ascending,268.68668
56.5,31.5,ascending,268.224
56.5,31.75,ascending,267.814
56.5,32.0,ascending,267.748
56.5,32.25,ascending,267.98
56.5,32.5,ascending,268.02664
56.5,32.75,ascending,268.15332
56.5,33.0,ascending,268.565
56.5,33.25,ascending,269.13397
56.5,33.5,ascending,269.77832
56.5,33.75,ascending,269.93
56.5,34.0,ascending,269.90665
56.5,34.25,ascending,269.85
56.5,34.5,ascending,269.75
56.5,34.75,ascending,269.692
56.5,35.0,ascending,269.69144
56.5,35.25,ascending,269.61142
56.5,35.5,ascending,269.17142
56.5,35.75,ascending,268.25168
56.5,36.0,ascending,266.96573
56.5,36.25,ascending,265.97748
56.5,36.5,ascending,265.86124
56.5,36.75,ascending,266.49667
56.5,37.0,ascending,267.09073
56.5,37.25,ascending,267.3238
56.5,37.5,ascending,267.50272
56.5,37.75,ascending,267.60715
56.5,38.0,ascending,267.76498
56.75,-13.0,ascending,212.135
56.75,-12.75,ascending,212.28726
56.75,-12.5,ascending,212.53545
56.75,-12.25,ascending,212.51788
56.75,-12.0,ascending,212.55473
56.75,-11.75,ascending,212.19832
56.75,-11.5,ascending,212.07849
56.75,-11.25,ascending,211.5211
56.75,-11.0,ascending,211.06117
56.75,-10.75,ascending,210.86368
56.75,-10.5,ascending,210.80544
56.75,-10.25,ascending,210.68001
56.75,-10.0,ascending,210.73439
56.75,-9.75,ascending,211.63199
56.75,-9.5,ascending,212.19714
56.75,-9.25,ascending,212.3275
56.75,-9.0,ascending,211.55333
56.75,-8.75,ascending,210.64166
56.75,-8.5,ascending,209.76857
56.75,-8.25,ascending,209.28598
56.75,-8.0,ascending,209.235
56.75,-7.75,ascending,209.63199
56.75,-7.5,ascending,210.205
56.75,-7.25,ascending,210.95248
56.75,-7.0,ascending,212.64572
56.75,-6.75,ascending,214.705
56.75,-6.5,ascending,218.49857
56.75,-6.25,ascending,224.106
56.75,-6.0,ascending,232.246
56.75,-5.75,ascending,242.30798
56.75,-5.5,ascending,252.868
56.75,-5.25,ascending,262.848
56.75,-5.0,ascending,270.486
56.75,-4.75,ascending,274.376
56.75,-4.5,ascending,275.97797
56.75,-4.25,ascending,276.76
56.75,-4.0,ascending,277.31
56.75,-3.75,ascending,277.865
56.75,-3.5,ascending,278.115
56.75,-3.25,ascending,278.0175
56.75,-3.0,ascending,276.22998
56.75,-2.75,ascending,270.93
56.75,-2.5,ascending,265.185
56.75,-2.25,ascending,252.71501
56.75,-2.0,ascending,237.906
56.75,-1.75,ascending,225.95598
56.75,-1.5,ascending,215.53201
56.75,-1.25,ascending,210.31
56.75,-1.0,ascending,207.67998
56.75,-0.75,ascending,206.394
56.75,-0.5,ascending,206.01999
56.75,-0.25,ascending,205.87997
56.75,-0.0,ascending,207.07143
56.75,0.25,ascending,205.75665
56.75,0.5,ascending,205.79399
56.75,0.75,ascending,205.76999
56.75,1.0,ascending,205.76599
56.75,1.25,ascending,205.7425
56.75,1.5,ascending,205.622
56.75,1.75,ascending,205.475
56.75,2.0,ascending,205.344
56.75,2.25,ascending,205.26999
56.75,2.5,ascending,205.43799
56.75,2.75,ascending,205.55
56.75,3.0,ascending,205.51599
56.75,3.25,ascending,205.49333
56.75,3.5,ascending,205.4
56.75,3.75,ascending,205.372
56.75,4.0,ascending,205.354
56.75,4.25,ascending,205.35832
56.75,4.5,ascending,205.406
56.75,4.75,ascending,205.512
56.75,5.0,ascending,205.654
56.75,5.25,ascending,205.802
56.75,5.5,ascending,205.90999
56.75,5.75,ascending,206.00801
56.75,6.0,ascending,206.12334
56.75,6.25,ascending,206.276
56.75,6.5,ascending,206.435
56.75,6.75,ascending,206.58249
56.75,7.0,ascending,206.73334
56.75,7.25,ascending,206.98198
56.75,7.5,ascending,207.526
56.75,7.75,ascending,208.8525
56.75,8.0,ascending,214.07832
56.75,8.25,ascending,226.224
56.75,8.5,ascending,238.376
56.75,8.75,ascending,245.81198
56.75,9.0,ascending,247.65498
56.75,9.25,ascending,256.52597
56.75,9.5,ascending,265.1133
56.75,9.75,ascending,268.97333
56.75,10.0,ascending,261.935
56.75,10.25,ascending,246.13666
56.75,10.5,ascending,227.15666
56.75,10.75,ascending,215.55801
56.75,11.0,ascending,210.59001
56.75,11.25,ascending,208.96167
56.75,11.5,ascending,210.36665
56.75,11.75,ascending,214.97998
56.75,12.0,ascending,221.92833
56.75,12.25,ascending,226.80713
56.75,12.5,ascending,234.25601
56.75,12.75,ascending,245.18051
56.75,13.0,ascending,255.84389
56.75,13.25,ascending,260.873
56.75,13.5,ascending,267.46365
56.75,13.75,ascending,269.88763
56.75,14.0,ascending,270.93893
56.75,14.25,ascending,271.042
56.75,14.5,ascending,270.2568
56.75,14.75,ascending,269.8
56.75,15.0,ascending,269.6089
56.75,15.25,ascending,270.155
56.75,15.5,ascending,270.83
56.75,15.75,ascending,270.55167
56.75,16.0,ascending,268.00714
56.75,16.25,ascending,263.93
56.75,16.5,ascending,257.28143
56.75,16.75,ascending,247.20601
56.75,17.0,ascending,235.94165
56.75,17.25,ascending,224.32286
56.75,17.5,ascending,217.202
56.75,17.75,ascending,211.85999
56.75,18.0,ascending,209.552
56.75,18.25,ascending,209.32713
56.75,18.5,ascending,209.70749
56.75,18.75,ascending,210.998
56.75,19.0,ascending,211.118
56.75,19.25,ascending,210.08667
56.75,19.5,ascending,209.42801
56.75,19.75,ascending,208.556
56.75,20.0,ascending,208.248
56.75,20.25,ascending,208.47598
56.75,20.5,ascending,210.024
56.75,20.75,ascending,214.04399
56.75,21.0,ascending,222.33598
56.75,21.25,ascending,233.91998
56.75,21.5,ascending,246.46498
56.75,21.75,ascending,257.925
56.75,22.0,ascending,266.19
56.75,22.25,ascending,271.336
56.75,22.5,ascending,274.13998
56.75,22.75,ascending,275.018
56.75,23.0,ascending,274.8625
56.75,23.25,ascending,272.664
56.75,23.5,ascending,268.454
56.75,23.75,ascending,259.898
56.75,24.0,ascending,257.278
56.75,24.25,ascending,258.02
56.75,24.5,ascending,259.93198
56.75,24.75,ascending,267.09497
56.75,25.0,ascending,269.91998
56.75,25.25,ascending,271.7625
56.75,25.5,ascending,271.59998
56.75,25.75,ascending,270.93597
56.75,26.0,ascending,270.5675
56.75,26.25,ascending,270.35
56.75,26.5,ascending,270.166
56.75,26.75,ascending,269.4833
56.75,27.0,ascending,268.944
56.75,27.25,ascending,268.994
56.75,27.5,ascending,269.27335
56.75,27.75,ascending,269.38397
56.75,28.0,ascending,269.392
56.75,28.25,ascending,269.414
56.75,28.5,ascending,269.38
56.75,28.75,ascending,269.13
56.75,29.0,ascending,268.58398
56.75,29.25,ascending,267.806
56.75,29.5,ascending,267.2
56.75,29.75,ascending,267.184
56.75,30.0,ascending,267.56168
56.75,30.25,ascending,267.46
56.75,30.5,ascending,267.486
56.75,30.75,ascending,267.6575
56.75,31.0,ascending,268.27335
56.75,31.25,ascending,268.71
56.75,31.5,ascending,268.654
56.75,31.75,ascending,268.3175
56.75,32.0,ascending,268.034
56.75,32.25,ascending,267.66
56.75,32.5,ascending,266.812
56.75,32.75,ascending,266.05798
56.75,33.0,ascending,266.156
56.75,33.25,ascending,267.33398
56.75,33.5,ascending,268.91
56.75,33.75,ascending,269.72
56.75,34.0,ascending,269.91
56.75,34.25,ascending,270.02
56.75,34.5,ascending,270.076
56.75,34.75,ascending,270.01428
56.75,35.0,ascending,269.982
56.75,35.25,ascending,269.97998
56.75,35.5,ascending,269.77856
56.75,35.75,ascending,268.80832
56.75,36.0,ascending,267.56598
56.75,36.25,ascending,266.32715
56.75,36.5,ascending,265.955
56.75,36.75,ascending,266.11383
56.75,37.0,ascending,266.37332
56.75,37.25,ascending,266.5809
56.75,37.5,ascending,266.91782
56.75,37.75,ascending,267.32056
56.75,38.0,ascending,267.5691
57.0,-13.0,ascending,211.55
57.0,-12.75,ascending,211.85379
57.0,-12.5,ascending,212.1145
57.0,-12.25,ascending,212.27368
57.0,-12.0,ascending,212.21722
57.0,-11.75,ascending,212.17647
57.0,-11.5,ascending,211.97789
57.0,-11.25,ascending,211.65474
57.0,-11.0,ascending,211.4595
57.0,-10.75,ascending,211.43498
57.0,-10.5,ascending,211.5915
57.0,-10.25,ascending,211.7074
57.0,-10.0,ascending,211.91321
57.0,-9.75,ascending,213.55556
57.0,-9.5,ascending,213.66624
57.0,-9.25,ascending,212.94334
57.0,-9.0,ascending,211.84833
57.0,-8.75,ascending,210.79333
57.0,-8.5,ascending,210.05333
57.0,-8.25,ascending,209.86
57.0,-8.0,ascending,210.40166
57.0,-7.75,ascending,211.265
57.0,-7.5,ascending,212.80286
57.0,-7.25,ascending,214.08667
57.0,-7.0,ascending,215.78833
57.0,-6.75,ascending,216.872
57.0,-6.5,ascending,219.96832
57.0,-6.25,ascending,226.12166
57.0,-6.0,ascending,236.93
57.0,-5.75,ascending,245.49199
57.0,-5.5,ascending,257.32166
57.0,-5.25,ascending,265.66333
57.0,-5.0,ascending,272.03998
57.0,-4.75,ascending,274.94598
57.0,-4.5,ascending,276.7983
57.0,-4.25,ascending,277.395
57.0,-4.0,ascending,277.77164
57.0,-3.75,ascending,278.16998
57.0,-3.5,ascending,278.55
57.0,-3.25,ascending,278.67667
57.0,-3.0,ascending,278.2375
57.0,-2.75,ascending,276.178
57.0,-2.5,ascending,271.69598
57.0,-2.25,ascending,261.51666
57.0,-2.0,ascending,246.19199
57.0,-1.75,ascending,233.03749
57.0,-1.5,ascending,221.446
57.0,-1.25,ascending,212.51999
57.0,-1.0,ascending,208.20999
57.0,-0.75,ascending,206.565
57.0,-0.5,ascending,206.04599
57.0,-0.25,ascending,205.7825
57.0,-0.0,ascending,207.64749
57.0,0.25,ascending,205.67665
57.0,0.5,ascending,205.67
57.0,0.75,ascending,205.63998
57.0,1.0,ascending,205.6075
57.0,1.25,ascending,205.55399
57.0,1.5,ascending,205.368
57.0,1.75,ascending,205.18799
57.0,2.0,ascending,205.066
57.0,2.25,ascending,205.155
57.0,2.5,ascending,205.305
57.0,2.75,ascending,205.398
57.0,3.0,ascending,205.37334
57.0,3.25,ascending,205.36002
57.0,3.5,ascending,205.32999
57.0,3.75,ascending,205.352
57.0,4.0,ascending,205.372
57.0,4.25,ascending,205.426
57.0,4.5,ascending,205.49199
57.0,4.75,ascending,205.596
57.0,5.0,ascending,205.70667
57.0,5.25,ascending,205.76799
57.0,5.5,ascending,205.84
57.0,5.75,ascending,205.95
57.0,6.0,ascending,206.094
57.0,6.25,ascending,206.252
57.0,6.5,ascending,206.41599
57.0,6.75,ascending,206.56198
57.0,7.0,ascending,206.67833
57.0,7.25,ascending,206.8125
57.0,7.5,ascending,207.03857
57.0,7.75,ascending,207.665
57.0,8.0,ascending,209.21286
57.0,8.25,ascending,215.70401
57.0,8.5,ascending,222.65999
57.0,8.75,ascending,229.23999
57.0,9.0,ascending,230.52666
57.0,9.25,ascending,238.53667
57.0,9.5,ascending,249.622
57.0,9.75,ascending,260.37833
57.0,10.0,ascending,261.965
57.0,10.25,ascending,250.73164
57.0,10.5,ascending,231.19998
57.0,10.75,ascending,217.15141
57.0,11.0,ascending,212.14856
57.0,11.25,ascending,211.19429
57.0,11.5,ascending,213.81999
57.0,11.75,ascending,220.67545
57.0,12.0,ascending,224.05136
57.0,12.25,ascending,236.0663
57.0,12.5,ascending,246.36523
57.0,12.75,ascending,256.2641
57.0,13.0,ascending,263.5194
57.0,13.25,ascending,267.44473
57.0,13.5,ascending,270.3042
57.0,13.75,ascending,270.3721
57.0,14.0,ascending,270.66348
57.0,14.25,ascending,270.79773
57.0,14.5,ascending,271.01086
57.0,14.75,ascending,270.96
57.0,15.0,ascending,270.40714
57.0,15.25,ascending,271.105
57.0,15.5,ascending,271.75833
57.0,15.75,ascending,271.92
57.0,16.0,ascending,270.565
57.0,16.25,ascending,266.49857
57.0,16.5,ascending,258.22
57.0,16.75,ascending,246.81667
57.0,17.0,ascending,235.61398
57.0,17.25,ascending,226.28
57.0,17.5,ascending,218.1375
57.0,17.75,ascending,213.69286
57.0,18.0,ascending,212.63399
57.0,18.25,ascending,214.51999
57.0,18.5,ascending,217.85286
57.0,18.75,ascending,220.772
57.0,19.0,ascending,219.574
57.0,19.25,ascending,216.66399
57.0,19.5,ascending,213.144
57.0,19.75,ascending,210.56834
57.0,20.0,ascending,208.87
57.0,20.25,ascending,208.556
57.0,20.5,ascending,209.48799
57.0,20.75,ascending,212.012
57.0,21.0,ascending,216.90201
57.0,21.25,ascending,224.896
57.0,21.5,ascending,236.06198
57.0,21.75,ascending,249.932
57.0,22.0,ascending,261.164
57.0,22.25,ascending,267.5625
57.0,22.5,ascending,271.24332
57.0,22.75,ascending,272.6525
57.0,23.0,ascending,270.89
57.0,23.25,ascending,258.128
57.0,23.5,ascending,245.87798
57.0,23.75,ascending,236.295
57.0,24.0,ascending,234.29
57.0,24.25,ascending,241.094
57.0,24.5,ascending,245.165
57.0,24.75,ascending,259.096
57.0,25.0,ascending,268.048
57.0,25.25,ascending,271.0225
57.0,25.5,ascending,271.51334
57.0,25.75,ascending,271.075
57.0,26.0,ascending,270.61
57.0,26.25,ascending,270.548
57.0,26.5,ascending,270.395
57.0,26.75,ascending,269.956
57.0,27.0,ascending,269.728
57.0,27.25,ascending,269.43198
57.0,27.5,ascending,269.48
57.0,27.75,ascending,269.576
57.0,28.0,ascending,269.555
57.0,28.25,ascending,269.4325
57.0,28.5,ascending,269.272
57.0,28.75,ascending,269.13397
57.0,29.0,ascending,268.86002
57.0,29.25,ascending,268.36798
57.0,29.5,ascending,267.87997
57.0,29.75,ascending,267.77997
57.0,30.0,ascending,267.716
57.0,30.25,ascending,267.122
57.0,30.5,ascending,266.672
57.0,30.75,ascending,266.874
57.0,31.0,ascending,267.6475
57.0,31.25,ascending,268.302
57.0,31.5,ascending,268.668
57.0,31.75,ascending,268.75333
57.0,32.0,ascending,268.745
57.0,32.25,ascending,268.09198
57.0,32.5,ascending,266.906
57.0,32.75,ascending,265.40997
57.0,33.0,ascending,264.728
57.0,33.25,ascending,265.636
57.0,33.5,ascending,267.5843
57.0,33.75,ascending,269.09998
57.0,34.0,ascending,269.42798
57.0,34.25,ascending,269.41202
57.0,34.5,ascending,269.56
57.0,34.75,ascending,269.91833
57.0,35.0,ascending,270.07285
57.0,35.25,ascending,270.1783
57.0,35.5,ascending,270.215
57.0,35.75,ascending,269.905
57.0,36.0,ascending,268.85
57.0,36.25,ascending,267.9114
57.0,36.5,ascending,267.14624
57.0,36.75,ascending,266.874
57.0,37.0,ascending,266.83737
57.0,37.25,ascending,266.64264
57.0,37.5,ascending,266.46948
57.0,37.75,ascending,266.81442
57.0,38.0,ascending,267.38547
57.25,-13.0,ascending,211.17332
57.25,-12.75,ascending,211.32889
57.25,-12.5,ascending,211.48946
57.25,-12.25,ascending,211.64062
57.25,-12.0,ascending,211.66295
57.25,-11.75,ascending,211.70822
57.25,-11.5,ascending,211.83157
57.25,-11.25,ascending,211.96
57.25,-11.0,ascending,212.22116
57.25,-10.75,ascending,212.50737
57.25,-10.5,ascending,212.69548
57.25,-10.25,ascending,212.91817
57.25,-10.0,ascending,213.00781
57.25,-9.75,ascending,214.19249
57.25,-9.5,ascending,213.67334
57.25,-9.25,ascending,212.73999
57.25,-9.0,ascending,211.65666
57.25,-8.75,ascending,210.73833
57.25,-8.5,ascending,210.3243
57.25,-8.25,ascending,210.394
57.25,-8.0,ascending,211.12666
57.25,-7.75,ascending,212.696
57.25,-7.5,ascending,215.32166
57.25,-7.25,ascending,218.28398
57.25,-7.0,ascending,220.39667
57.25,-6.75,ascending,224.015
57.25,-6.5,ascending,228.97751
57.25,-6.25,ascending,235.026
57.25,-6.0,ascending,244.656
57.25,-5.75,ascending,252.25801
57.25,-5.5,ascending,258.176
57.25,-5.25,ascending,264.3625
57.25,-5.0,ascending,270.784
57.25,-4.75,ascending,274.835
57.25,-4.5,ascending,276.66
57.25,-4.25,ascending,277.154
57.25,-4.0,ascending,276.75998
57.25,-3.75,ascending,275.732
57.25,-3.5,ascending,275.558
57.25,-3.25,ascending,274.84
57.25,-3.0,ascending,273.354
57.25,-2.75,ascending,271.80402
57.25,-2.5,ascending,268.79248
57.25,-2.25,ascending,262.73248
57.25,-2.0,ascending,252.6675
57.25,-1.75,ascending,236.644
57.25,-1.5,ascending,221.68
57.25,-1.25,ascending,214.1025
57.25,-1.0,ascending,208.83199
57.25,-0.75,ascending,206.70601
57.25,-0.5,ascending,206.022
57.25,-0.25,ascending,205.762
57.25,-0.0,ascending,206.67285
57.25,0.25,ascending,205.58
57.25,0.5,ascending,205.57199
57.25,0.75,ascending,205.4975
57.25,1.0,ascending,205.42801
57.25,1.25,ascending,205.33
57.25,1.5,ascending,205.11398
57.25,1.75,ascending,204.9725
57.25,2.0,ascending,204.92749
57.25,2.25,ascending,205.05998
57.25,2.5,ascending,205.20999
57.25,2.75,ascending,205.27666
57.25,3.0,ascending,205.29167
57.25,3.25,ascending,205.29
57.25,3.5,ascending,205.35
57.25,3.75,ascending,205.4
57.25,4.0,ascending,205.435
57.25,4.25,ascending,205.48334
57.25,4.5,ascending,205.54668
57.25,4.75,ascending,205.63249
57.25,5.0,ascending,205.67
57.25,5.25,ascending,205.70332
57.25,5.5,ascending,205.7475
57.25,5.75,ascending,205.82999
57.25,6.0,ascending,206.038
57.25,6.25,ascending,206.26599
57.25,6.5,ascending,206.57332
57.25,6.75,ascending,206.94249
57.25,7.0,ascending,207.54599
57.25,7.25,ascending,207.23999
57.25,7.5,ascending,207.63599
57.25,7.75,ascending,207.48401
57.25,8.0,ascending,207.7825
57.25,8.25,ascending,208.722
57.25,8.5,ascending,211.40498
57.25,8.75,ascending,213.944
57.25,9.0,ascending,214.55801
57.25,9.25,ascending,219.092
57.25,9.5,ascending,231.24834
57.25,9.75,ascending,242.696
57.25,10.0,ascending,251.12334
57.25,10.25,ascending,245.88713
57.25,10.5,ascending,233.55165
57.25,10.75,ascending,219.98499
57.25,11.0,ascending,214.88998
57.25,11.25,ascending,216.22
57.25,11.5,ascending,219.50749
57.25,11.75,ascending,223.21736
57.25,12.0,ascending,231.96948
57.25,12.25,ascending,243.33316
57.25,12.5,ascending,255.49586
57.25,12.75,ascending,263.03412
57.25,13.0,ascending,268.0031
57.25,13.25,ascending,271.96738
57.25,13.5,ascending,273.4818
57.25,13.75,ascending,273.7521
57.25,14.0,ascending,273.85
57.25,14.25,ascending,273.49152
57.25,14.5,ascending,272.93695
57.25,14.75,ascending,272.64166
57.25,15.0,ascending,272.34714
57.25,15.25,ascending,272.59665
57.25,15.5,ascending,272.78165
57.25,15.75,ascending,272.435
57.25,16.0,ascending,270.44666
57.25,16.25,ascending,266.56998
57.25,16.5,ascending,259.87
57.25,16.75,ascending,248.12572
57.25,17.0,ascending,237.894
57.25,17.25,ascending,227.32832
57.25,17.5,ascending,218.88998
57.25,17.75,ascending,215.54857
57.25,18.0,ascending,217.566
57.25,18.25,ascending,223.78
57.25,18.5,ascending,229.004
57.25,18.75,ascending,232.54599
57.25,19.0,ascending,230.17
57.25,19.25,ascending,223.88998
57.25,19.5,ascending,217.478
57.25,19.75,ascending,212.724
57.25,20.0,ascending,209.85167
57.25,20.25,ascending,208.70248
57.25,20.5,ascending,208.68666
57.25,20.75,ascending,209.93799
57.25,21.0,ascending,211.98
57.25,21.25,ascending,218.16399
57.25,21.5,ascending,229.88799
57.25,21.75,ascending,240.245
57.25,22.0,ascending,251.47
57.25,22.25,ascending,260.32
57.25,22.5,ascending,263.392
57.25,22.75,ascending,264.28998
57.25,23.0,ascending,255.29832
57.25,23.25,ascending,235.87
57.25,23.5,ascending,228.11249
57.25,23.75,ascending,216.876
57.25,24.0,ascending,218.826
57.25,24.25,ascending,225.79498
57.25,24.5,ascending,240.28
57.25,24.75,ascending,256.625
57.25,25.0,ascending,266.43668
57.25,25.25,ascending,271.1925
57.25,25.5,ascending,271.69
57.25,25.75,ascending,271.4225
57.25,26.0,ascending,271.218
57.25,26.25,ascending,271.275
57.25,26.5,ascending,271.108
57.25,26.75,ascending,270.6575
57.25,27.0,ascending,270.04
57.25,27.25,ascending,269.622
57.25,27.5,ascending,269.62
57.25,27.75,ascending,269.6
57.25,28.0,ascending,269.38248
57.25,28.25,ascending,268.85
57.25,28.5,ascending,268.996
57.25,28.75,ascending,269.34198
57.25,29.0,ascending,269.61798
57.25,29.25,ascending,269.248
57.25,29.5,ascending,268.69
57.25,29.75,ascending,268.494
57.25,30.0,ascending,268.21198
57.25,30.25,ascending,267.572
57.25,30.5,ascending,266.89835
57.25,30.75,ascending,266.8775
57.25,31.0,ascending,267.40802
57.25,31.25,ascending,268.0975
57.25,31.5,ascending,268.58334
57.25,31.75,ascending,269.08398
57.25,32.0,ascending,269.3325
57.25,32.25,ascending,269.016
57.25,32.5,ascending,268.13397
57.25,32.75,ascending,266.624
57.25,33.0,ascending,265.41998
57.25,33.25,ascending,265.78833
57.25,33.5,ascending,267.276
57.25,33.75,ascending,268.466
57.25,34.0,ascending,268.6083
57.25,34.25,ascending,268.04666
57.25,34.5,ascending,267.956
57.25,34.75,ascending,268.53
57.25,35.0,ascending,269.13666
57.25,35.25,ascending,269.60333
57.25,35.5,ascending,269.84
57.25,35.75,ascending,269.694
57.25,36.0,ascending,269.25427
57.25,36.25,ascending,268.4893
57.25,36.5,ascending,268.22455
57.25,36.75,ascending,268.03876
57.25,37.0,ascending,267.82
57.25,37.25,ascending,267.31763
57.25,37.5,ascending,266.66705
57.25,37.75,ascending,266.15823
57.25,38.0,ascending,266.1108
57.5,-13.0,ascending,211.30858
57.5,-12.75,ascending,211.42737
57.5,-12.5,ascending,211.61118
57.5,-12.25,ascending,211.71332
57.5,-12.0,ascending,211.71722
57.5,-11.75,ascending,211.73888
57.5,-11.5,ascending,211.91779
57.5,-11.25,ascending,212.39412
57.5,-11.0,ascending,212.92049
57.5,-10.75,ascending,213.55777
57.5,-10.5,ascending,213.82408
57.5,-10.25,ascending,213.81123
57.5,-10.0,ascending,213.64949
57.5,-9.75,ascending,213.83167
57.5,-9.5,ascending,213.39833
57.5,-9.25,ascending,212.59499
57.5,-9.0,ascending,211.65666
57.5,-8.75,ascending,210.89285
57.5,-8.5,ascending,210.65498
57.5,-8.25,ascending,210.93799
57.5,-8.0,ascending,211.99666
57.5,-7.75,ascending,214.08167
57.5,-7.5,ascending,217.18428
57.5,-7.25,ascending,221.02249
57.5,-7.0,ascending,223.87831
57.5,-6.75,ascending,228.145
57.5,-6.5,ascending,233.644
57.5,-6.25,ascending,237.56667
57.5,-6.0,ascending,241.19499
57.5,-5.75,ascending,245.41333
57.5,-5.5,ascending,251.56198
57.5,-5.25,ascending,259.53998
57.5,-5.0,ascending,266.61832
57.5,-4.75,ascending,272.65
57.5,-4.5,ascending,274.10498
57.5,-4.25,ascending,274.31332
57.5,-4.0,ascending,271.41998
57.5,-3.75,ascending,267.16
57.5,-3.5,ascending,263.51166
57.5,-3.25,ascending,258.85
57.5,-3.0,ascending,255.26
57.5,-2.75,ascending,253.715
57.5,-2.5,ascending,252.375
57.5,-2.25,ascending,246.98398
57.5,-2.0,ascending,240.65
57.5,-1.75,ascending,227.616
57.5,-1.5,ascending,217.3875
57.5,-1.25,ascending,210.002
57.5,-1.0,ascending,206.92798
57.5,-0.75,ascending,206.20801
57.5,-0.5,ascending,205.85
57.5,-0.25,ascending,205.57999
57.5,-0.0,ascending,206.70401
57.5,0.25,ascending,205.44666
57.5,0.5,ascending,205.4375
57.5,0.75,ascending,205.33398
57.5,1.0,ascending,205.2425
57.5,1.25,ascending,205.126
57.5,1.5,ascending,204.9775
57.5,1.75,ascending,204.89
57.5,2.0,ascending,204.946
57.5,2.25,ascending,205.07
57.5,2.5,ascending,205.2
57.5,2.75,ascending,205.25998
57.5,3.0,ascending,205.30333
57.5,3.25,ascending,205.36198
57.5,3.5,ascending,205.43333
57.5,3.75,ascending,205.45
57.5,4.0,ascending,205.448
57.5,4.25,ascending,205.472
57.5,4.5,ascending,205.54599
57.5,4.75,ascending,205.59799
57.5,5.0,ascending,205.62997
57.5,5.25,ascending,205.654
57.5,5.5,ascending,205.68799
57.5,5.75,ascending,206.00749
57.5,6.0,ascending,206.602
57.5,6.25,ascending,207.26399
57.5,6.5,ascending,208.852
57.5,6.75,ascending,210.65833
57.5,7.0,ascending,212.78
57.5,7.25,ascending,211.71799
57.5,7.5,ascending,212.72833
57.5,7.75,ascending,212.23001
57.5,8.0,ascending,209.73999
57.5,8.25,ascending,209.0675
57.5,8.5,ascending,208.09666
57.5,8.75,ascending,208.38799
57.5,9.0,ascending,208.51399
57.5,9.25,ascending,209.40833
57.5,9.5,ascending,213.65428
57.5,9.75,ascending,220.28166
57.5,10.0,ascending,229.46498
57.5,10.25,ascending,230.498
57.5,10.5,ascending,225.92
57.5,10.75,ascending,218.5
57.5,11.0,ascending,215.97571
57.5,11.25,ascending,217.475
57.5,11.5,ascending,222.11086
57.5,11.75,ascending,230.1041
57.5,12.0,ascending,241.0516
57.5,12.25,ascending,251.41946
57.5,12.5,ascending,260.403
57.5,12.75,ascending,266.899
57.5,13.0,ascending,271.6918
57.5,13.25,ascending,273.79843
57.5,13.5,ascending,274.3363
57.5,13.75,ascending,274.24445
57.5,14.0,ascending,274.37045
57.5,14.25,ascending,274.35797
57.5,14.5,ascending,273.76498
57.5,14.75,ascending,273.172
57.5,15.0,ascending,273.52332
57.5,15.25,ascending,273.27
57.5,15.5,ascending,272.975
57.5,15.75,ascending,272.61
57.5,16.0,ascending,271.295
57.5,16.25,ascending,267.35333
57.5,16.5,ascending,260.25
57.5,16.75,ascending,251.05
57.5,17.0,ascending,238.16599
57.5,17.25,ascending,226.02167
57.5,17.5,ascending,218.23334
57.5,17.75,ascending,215.76999
57.5,18.0,ascending,218.94666
57.5,18.25,ascending,225.44167
57.5,18.5,ascending,233.38799
57.5,18.75,ascending,234.85834
57.5,19.0,ascending,232.366
57.5,19.25,ascending,224.30666
57.5,19.5,ascending,217.6825
57.5,19.75,ascending,212.84332
57.5,20.0,ascending,210.12999
57.5,20.25,ascending,208.88332
57.5,20.5,ascending,208.455
57.5,20.75,ascending,208.566
57.5,21.0,ascending,210.46167
57.5,21.25,ascending,213.875
57.5,21.5,ascending,218.74199
57.5,21.75,ascending,228.81749
57.5,22.0,ascending,235.45
57.5,22.25,ascending,243.246
57.5,22.5,ascending,243.474
57.5,22.75,ascending,241.066
57.5,23.0,ascending,231.135
57.5,23.25,ascending,221.288
57.5,23.5,ascending,213.88199
57.5,23.75,ascending,210.69
57.5,24.0,ascending,213.25601
57.5,24.25,ascending,222.63599
57.5,24.5,ascending,237.79333
57.5,24.75,ascending,253.142
57.5,25.0,ascending,266.01
57.5,25.25,ascending,270.4275
57.5,25.5,ascending,271.755
57.5,25.75,ascending,271.86166
57.5,26.0,ascending,271.6625
57.5,26.25,ascending,271.496
57.5,26.5,ascending,271.20248
57.5,26.75,ascending,270.722
57.5,27.0,ascending,270.18597
57.5,27.25,ascending,269.85797
57.5,27.5,ascending,269.45
57.5,27.75,ascending,268.146
57.5,28.0,ascending,266.80798
57.5,28.25,ascending,265.942
57.5,28.5,ascending,268.194
57.5,28.75,ascending,269.862
57.5,29.0,ascending,270.452
57.5,29.25,ascending,270.08197
57.5,29.5,ascending,269.502
57.5,29.75,ascending,269.19598
57.5,30.0,ascending,268.862
57.5,30.25,ascending,268.36
57.5,30.5,ascending,267.826
57.5,30.75,ascending,267.216
57.5,31.0,ascending,267.15802
57.5,31.25,ascending,266.456
57.5,31.5,ascending,266.69598
57.5,31.75,ascending,268.324
57.5,32.0,ascending,269.17
57.5,32.25,ascending,269.508
57.5,32.5,ascending,269.13998
57.5,32.75,ascending,268.12167
57.5,33.0,ascending,266.96832
57.5,33.25,ascending,266.83398
57.5,33.5,ascending,267.4
57.5,33.75,ascending,268.14166
57.5,34.0,ascending,267.97833
57.5,34.25,ascending,267.008
57.5,34.5,ascending,266.62997
57.5,34.75,ascending,267.046
57.5,35.0,ascending,267.965
57.5,35.25,ascending,268.64142
57.5,35.5,ascending,268.96286
57.5,35.75,ascending,268.7857
57.5,36.0,ascending,268.44186
57.5,36.25,ascending,268.34
57.5,36.5,ascending,268.0958
57.5,36.75,ascending,268.0242
57.5,37.0,ascending,267.69888
57.5,37.25,ascending,267.37625
57.5,37.5,ascending,266.86234
57.5,37.75,ascending,266.30777
57.5,38.0,ascending,266.02777
57.75,-13.0,ascending,211.201
57.75,-12.75,ascending,211.31
57.75,-12.5,ascending,211.49117
57.75,-12.25,ascending,211.73177
57.75,-12.0,ascending,211.94588
57.75,-11.75,ascending,212.10875
57.75,-11.5,ascending,212.35187
57.75,-11.25,ascending,212.765
57.75,-11.0,ascending,213.33942
57.75,-10.75,ascending,213.81285
57.75,-10.5,ascending,214.11665
57.75,-10.25,ascending,213.99088
57.75,-10.0,ascending,213.62215
57.75,-9.75,ascending,212.78667
57.75,-9.5,ascending,212.29167
57.75,-9.25,ascending,211.625
57.75,-9.0,ascending,210.90714
57.75,-8.75,ascending,210.486
57.75,-8.5,ascending,210.57332
57.75,-8.25,ascending,211.0325
57.75,-8.0,ascending,212.05142
57.75,-7.75,ascending,213.54999
57.75,-7.5,ascending,216.03166
57.75,-7.25,ascending,219.576
57.75,-7.0,ascending,222.59
57.75,-6.75,ascending,226.535
57.75,-6.5,ascending,230.67168
57.75,-6.25,ascending,232.63998
57.75,-6.0,ascending,233.995
57.75,-5.75,ascending,235.3375
57.75,-5.5,ascending,241.90598
57.75,-5.25,ascending,248.54399
57.75,-5.0,ascending,258.8
57.75,-4.75,ascending,264.735
57.75,-4.5,ascending,270.512
57.75,-4.25,ascending,269.895
57.75,-4.0,ascending,264.69
57.75,-3.75,ascending,255.79
57.75,-3.5,ascending,246.625
57.75,-3.25,ascending,239.75499
57.75,-3.0,ascending,234.35
57.75,-2.75,ascending,229.93001
57.75,-2.5,ascending,226.922
57.75,-2.25,ascending,220.96399
57.75,-2.0,ascending,217.908
57.75,-1.75,ascending,212.655
57.75,-1.5,ascending,209.25801
57.75,-1.25,ascending,206.628
57.75,-1.0,ascending,206.14749
57.75,-0.75,ascending,205.9775
57.75,-0.5,ascending,205.71799
57.75,-0.25,ascending,205.51599
57.75,-0.0,ascending,207.18286
57.75,0.25,ascending,205.29333
57.75,0.5,ascending,205.26166
57.75,0.75,ascending,205.21
57.75,1.0,ascending,205.17665
57.75,1.25,ascending,205.095
57.75,1.5,ascending,205.015
57.75,1.75,ascending,204.98398
57.75,2.0,ascending,205.0875
57.75,2.25,ascending,205.1725
57.75,2.5,ascending,205.25998
57.75,2.75,ascending,205.326
57.75,3.0,ascending,205.3825
57.75,3.25,ascending,205.45667
57.75,3.5,ascending,205.476
57.75,3.75,ascending,205.46
57.75,4.0,ascending,205.43001
57.75,4.25,ascending,205.43799
57.75,4.5,ascending,205.48167
57.75,4.75,ascending,205.53
57.75,5.0,ascending,205.59799
57.75,5.25,ascending,205.73001
57.75,5.5,ascending,206.08
57.75,5.75,ascending,206.66249
57.75,6.0,ascending,209.358
57.75,6.25,ascending,213.194
57.75,6.5,ascending,216.392
57.75,6.75,ascending,219.3075
57.75,7.0,ascending,226.528
57.75,7.25,ascending,227.86665
57.75,7.5,ascending,230.372
57.75,7.75,ascending,228.2925
57.75,8.0,ascending,221.83998
57.75,8.25,ascending,215.855
57.75,8.5,ascending,212.81999
57.75,8.75,ascending,208.71
57.75,9.0,ascending,208.19499
57.75,9.25,ascending,207.618
57.75,9.5,ascending,207.92499
57.75,9.75,ascending,209.05998
57.75,10.0,ascending,211.89143
57.75,10.25,ascending,213.815
57.75,10.5,ascending,214.98334
57.75,10.75,ascending,214.306
57.75,11.0,ascending,214.24294
57.75,11.25,ascending,218.96
57.75,11.5,ascending,227.02449
57.75,11.75,ascending,238.40555
57.75,12.0,ascending,250.18811
57.75,12.25,ascending,257.72598
57.75,12.5,ascending,265.82175
57.75,12.75,ascending,270.63235
57.75,13.0,ascending,273.51294
57.75,13.25,ascending,274.17374
57.75,13.5,ascending,273.12936
57.75,13.75,ascending,271.0347
57.75,14.0,ascending,269.36893
57.75,14.25,ascending,269.23053
57.75,14.5,ascending,270.12918
57.75,14.75,ascending,270.13077
57.75,15.0,ascending,270.79666
57.75,15.25,ascending,270.76285
57.75,15.5,ascending,270.57166
57.75,15.75,ascending,270.89664
57.75,16.0,ascending,270.06
57.75,16.25,ascending,266.78
57.75,16.5,ascending,260.71667
57.75,16.75,ascending,250.245
57.75,17.0,ascending,238.48499
57.75,17.25,ascending,226.99625
57.75,17.5,ascending,218.4075
57.75,17.75,ascending,215.298
57.75,18.0,ascending,216.06999
57.75,18.25,ascending,219.20749
57.75,18.5,ascending,224.7
57.75,18.75,ascending,225.20401
57.75,19.0,ascending,225.495
57.75,19.25,ascending,221.05399
57.75,19.5,ascending,215.75601
57.75,19.75,ascending,211.69
57.75,20.0,ascending,209.504
57.75,20.25,ascending,208.3875
57.75,20.5,ascending,208.135
57.75,20.75,ascending,208.052
57.75,21.0,ascending,208.47
57.75,21.25,ascending,210.095
57.75,21.5,ascending,211.73999
57.75,21.75,ascending,216.122
57.75,22.0,ascending,219.18999
57.75,22.25,ascending,224.30998
57.75,22.5,ascending,224.9025
57.75,22.75,ascending,223.608
57.75,23.0,ascending,218.66402
57.75,23.25,ascending,214.35799
57.75,23.5,ascending,211.68399
57.75,23.75,ascending,210.9975
57.75,24.0,ascending,214.575
57.75,24.25,ascending,222.01999
57.75,24.5,ascending,238.03166
57.75,24.75,ascending,255.54
57.75,25.0,ascending,265.594
57.75,25.25,ascending,270.94598
57.75,25.5,ascending,272.246
57.75,25.75,ascending,272.18
57.75,26.0,ascending,271.574
57.75,26.25,ascending,270.455
57.75,26.5,ascending,270.29248
57.75,26.75,ascending,270.168
57.75,27.0,ascending,270.29498
57.75,27.25,ascending,269.7675
57.75,27.5,ascending,266.64398
57.75,27.75,ascending,263.21
57.75,28.0,ascending,259.40332
57.75,28.25,ascending,261.61
57.75,28.5,ascending,266.495
57.75,28.75,ascending,270.26248
57.75,29.0,ascending,270.91333
57.75,29.25,ascending,270.58
57.75,29.5,ascending,270.09
57.75,29.75,ascending,269.7
57.75,30.0,ascending,269.41998
57.75,30.25,ascending,269.204
57.75,30.5,ascending,268.404
57.75,30.75,ascending,266.966
57.75,31.0,ascending,264.34164
57.75,31.25,ascending,260.84
57.75,31.5,ascending,260.656
57.75,31.75,ascending,264.846
57.75,32.0,ascending,267.7775
57.75,32.25,ascending,269.465
57.75,32.5,ascending,269.568
57.75,32.75,ascending,269.062
57.75,33.0,ascending,268.278
57.75,33.25,ascending,267.788
57.75,33.5,ascending,267.97998
57.75,33.75,ascending,268.112
57.75,34.0,ascending,267.90164
57.75,34.25,ascending,267.336
57.75,34.5,ascending,266.97833
57.75,34.75,ascending,267.06165
57.75,35.0,ascending,267.62
57.75,35.25,ascending,268.472
57.75,35.5,ascending,268.97
57.75,35.75,ascending,268.51373
57.75,36.0,ascending,268.0468
57.75,36.25,ascending,267.40942
57.75,36.5,ascending,266.9111
57.75,36.75,ascending,266.62473
57.75,37.0,ascending,266.65375
57.75,37.25,ascending,266.54623
57.75,37.5,ascending,266.3035
57.75,37.75,ascending,265.85126
57.75,38.0,ascending,265.48
58.0,-13.0,ascending,211.37334
58.0,-12.75,ascending,211.4347
58.0,-12.5,ascending,211.65234
58.0,-12.25,ascending,211.7975
58.0,-12.0,ascending,212.0
58.0,-11.75,ascending,212.3
58.0,-11.5,ascending,212.56999
58.0,-11.25,ascending,212.882
58.0,-11.0,ascending,213.1805
58.0,-10.75,ascending,213.41525
58.0,-10.5,ascending,213.56317
58.0,-10.25,ascending,213.40248
58.0,-10.0,ascending,212.80899
58.0,-9.75,ascending,211.694
58.0,-9.5,ascending,211.14166
58.0,-9.25,ascending,210.63713
58.0,-9.0,ascending,210.22571
58.0,-8.75,ascending,210.07797
58.0,-8.5,ascending,210.224
58.0,-8.25,ascending,210.47499
58.0,-8.0,ascending,210.92
58.0,-7.75,ascending,211.904
58.0,-7.5,ascending,214.15666
58.0,-7.25,ascending,217.84332
58.0,-7.0,ascending,224.196
58.0,-6.75,ascending,230.82666
58.0,-6.5,ascending,234.818
58.0,-6.25,ascending,234.555
58.0,-6.0,ascending,231.54668
58.0,-5.75,ascending,230.3775
58.0,-5.5,ascending,231.355
58.0,-5.25,ascending,236.85999
58.0,-5.0,ascending,247.37834
58.0,-4.75,ascending,259.2625
58.0,-4.5,ascending,264.784
58.0,-4.25,ascending,267.18597
58.0,-4.0,ascending,263.574
58.0,-3.75,ascending,256.136
58.0,-3.5,ascending,245.485
58.0,-3.25,ascending,237.374
58.0,-3.0,ascending,227.99399
58.0,-2.75,ascending,220.23398
58.0,-2.5,ascending,213.894
58.0,-2.25,ascending,209.76248
58.0,-2.0,ascending,207.78401
58.0,-1.75,ascending,206.53598
58.0,-1.5,ascending,205.93799
58.0,-1.25,ascending,205.92332
58.0,-1.0,ascending,205.876
58.0,-0.75,ascending,205.856
58.0,-0.5,ascending,205.7325
58.0,-0.25,ascending,205.55249
58.0,-0.0,ascending,207.00856
58.0,0.25,ascending,205.25998
58.0,0.5,ascending,205.2025
58.0,0.75,ascending,205.224
58.0,1.0,ascending,205.25749
58.0,1.25,ascending,205.228
58.0,1.5,ascending,205.18799
58.0,1.75,ascending,205.198
58.0,2.0,ascending,205.25
58.0,2.25,ascending,205.28198
58.0,2.5,ascending,205.358
58.0,2.75,ascending,205.39333
58.0,3.0,ascending,205.45
58.0,3.25,ascending,205.47
58.0,3.5,ascending,205.46399
58.0,3.75,ascending,205.41199
58.0,4.0,ascending,205.42
58.0,4.25,ascending,205.448
58.0,4.5,ascending,205.474
58.0,4.75,ascending,205.54399
58.0,5.0,ascending,205.748
58.0,5.25,ascending,206.628
58.0,5.5,ascending,208.68198
58.0,5.75,ascending,211.28
58.0,6.0,ascending,220.00601
58.0,6.25,ascending,228.46
58.0,6.5,ascending,231.2
58.0,6.75,ascending,238.90166
58.0,7.0,ascending,250.40166
58.0,7.25,ascending,253.27998
58.0,7.5,ascending,254.004
58.0,7.75,ascending,249.95
58.0,8.0,ascending,245.26999
58.0,8.25,ascending,238.14333
58.0,8.5,ascending,228.054
58.0,8.75,ascending,217.6
58.0,9.0,ascending,211.665
58.0,9.25,ascending,208.40999
58.0,9.5,ascending,207.57332
58.0,9.75,ascending,207.375
58.0,10.0,ascending,207.452
58.0,10.25,ascending,207.80333
58.0,10.5,ascending,209.71858
58.0,10.75,ascending,211.27176
58.0,11.0,ascending,215.97943
58.0,11.25,ascending,225.1939
58.0,11.5,ascending,234.15611
58.0,11.75,ascending,245.36125
58.0,12.0,ascending,254.40062
58.0,12.25,ascending,262.68665
58.0,12.5,ascending,268.21445
58.0,12.75,ascending,272.09375
58.0,13.0,ascending,274.20825
58.0,13.25,ascending,274.91626
58.0,13.5,ascending,273.4363
58.0,13.75,ascending,269.2342
58.0,14.0,ascending,264.03665
58.0,14.25,ascending,261.4815
58.0,14.5,ascending,262.31732
58.0,14.75,ascending,264.155
58.0,15.0,ascending,264.50748
58.0,15.25,ascending,265.5
58.0,15.5,ascending,267.47998
58.0,15.75,ascending,268.66833
58.0,16.0,ascending,268.4
58.0,16.25,ascending,266.48166
58.0,16.5,ascending,260.75168
58.0,16.75,ascending,251.9125
58.0,17.0,ascending,241.98167
58.0,17.25,ascending,231.78198
58.0,17.5,ascending,220.59332
58.0,17.75,ascending,214.455
58.0,18.0,ascending,212.53598
58.0,18.25,ascending,213.18799
58.0,18.5,ascending,214.26833
58.0,18.75,ascending,215.20248
58.0,19.0,ascending,214.48572
58.0,19.25,ascending,213.2125
58.0,19.5,ascending,210.88199
58.0,19.75,ascending,209.51399
58.0,20.0,ascending,208.578
58.0,20.25,ascending,208.0575
58.0,20.5,ascending,207.83998
58.0,20.75,ascending,207.748
58.0,21.0,ascending,207.79
58.0,21.25,ascending,208.13
58.0,21.5,ascending,208.854
58.0,21.75,ascending,211.346
58.0,22.0,ascending,215.3125
58.0,22.25,ascending,221.43999
58.0,22.5,ascending,225.65799
58.0,22.75,ascending,227.748
58.0,23.0,ascending,224.48799
58.0,23.25,ascending,220.8675
58.0,23.5,ascending,217.29999
58.0,23.75,ascending,216.06999
58.0,24.0,ascending,220.61198
58.0,24.25,ascending,230.054
58.0,24.5,ascending,245.82666
58.0,24.75,ascending,257.22
58.0,25.0,ascending,268.565
58.0,25.25,ascending,272.466
58.0,25.5,ascending,273.205
58.0,25.75,ascending,272.206
58.0,26.0,ascending,270.172
58.0,26.25,ascending,268.54248
58.0,26.5,ascending,268.88998
58.0,26.75,ascending,270.05
58.0,27.0,ascending,270.285
58.0,27.25,ascending,267.72998
58.0,27.5,ascending,261.2
58.0,27.75,ascending,254.75998
58.0,28.0,ascending,253.7675
58.0,28.25,ascending,260.35333
58.0,28.5,ascending,267.636
58.0,28.75,ascending,270.65997
58.0,29.0,ascending,271.218
58.0,29.25,ascending,271.03198
58.0,29.5,ascending,270.61
58.0,29.75,ascending,270.11798
58.0,30.0,ascending,269.8
58.0,30.25,ascending,269.53748
58.0,30.5,ascending,268.496
58.0,30.75,ascending,265.34
58.0,31.0,ascending,259.086
58.0,31.25,ascending,253.585
58.0,31.5,ascending,252.976
58.0,31.75,ascending,259.96
58.0,32.0,ascending,266.40833
58.0,32.25,ascending,269.43402
58.0,32.5,ascending,269.94833
58.0,32.75,ascending,269.652
58.0,33.0,ascending,269.096
58.0,33.25,ascending,268.654
58.0,33.5,ascending,268.636
58.0,33.75,ascending,268.52164
58.0,34.0,ascending,268.19498
58.0,34.25,ascending,267.94998
58.0,34.5,ascending,267.796
58.0,34.75,ascending,267.9233
58.0,35.0,ascending,268.15
58.0,35.25,ascending,268.72
58.0,35.5,ascending,268.79822
58.0,35.75,ascending,268.66895
58.0,36.0,ascending,268.26157
58.0,36.25,ascending,267.65778
58.0,36.5,ascending,266.97058
58.0,36.75,ascending,266.65436
58.0,37.0,ascending,266.44174
58.0,37.25,ascending,266.28998
58.0,37.5,ascending,265.8388
58.0,37.75,ascending,265.35938
58.0,38.0,ascending,264.443
58.25,-13.0,ascending,212.38666
58.25,-12.75,ascending,212.62312
58.25,-12.5,ascending,212.78188
58.25,-12.25,ascending,212.80598
58.25,-12.0,ascending,213.26842
58.25,-11.75,ascending,213.31221
58.25,-11.5,ascending,213.47316
58.25,-11.25,ascending,214.04117
58.25,-11.0,ascending,214.04
58.25,-10.75,ascending,213.98883
58.25,-10.5,ascending,213.647
58.25,-10.25,ascending,213.25652
58.25,-10.0,ascending,213.79286
58.25,-9.75,ascending,212.68799
58.25,-9.5,ascending,211.93375
58.25,-9.25,ascending,210.93834
58.25,-9.0,ascending,210.31999
58.25,-8.75,ascending,210.10664
58.25,-8.5,ascending,210.08598
58.25,-8.25,ascending,210.08
58.25,-8.0,ascending,210.29832
58.25,-7.75,ascending,211.125
58.25,-7.5,ascending,212.626
58.25,-7.25,ascending,216.252
58.25,-7.0,ascending,223.05801
58.25,-6.75,ascending,225.42499
58.25,-6.5,ascending,229.45999
58.25,-6.25,ascending,229.00801
58.25,-6.0,ascending,225.1525
58.25,-5.75,ascending,221.98833
58.25,-5.5,ascending,222.36398
58.25,-5.25,ascending,229.012
58.25,-5.0,ascending,237.7325
58.25,-4.75,ascending,249.07832
58.25,-4.5,ascending,259.02747
58.25,-4.25,ascending,259.694
58.25,-4.0,ascending,260.425
58.25,-3.75,ascending,254.05249
58.25,-3.5,ascending,249.038
58.25,-3.25,ascending,240.68399
58.25,-3.0,ascending,230.87
58.25,-2.75,ascending,221.905
58.25,-2.5,ascending,213.91399
58.25,-2.25,ascending,208.524
58.25,-2.0,ascending,206.31198
58.25,-1.75,ascending,205.685
58.25,-1.5,ascending,205.62999
58.25,-1.25,ascending,205.69199
58.25,-1.0,ascending,205.775
58.25,-0.75,ascending,205.8425
58.25,-0.5,ascending,205.81198
58.25,-0.25,ascending,205.658
58.25,-0.0,ascending,208.00249
58.25,0.25,ascending,205.36499
58.25,0.5,ascending,205.298
58.25,0.75,ascending,205.385
58.25,1.0,ascending,205.39749
58.25,1.25,ascending,205.422
58.25,1.5,ascending,205.36333
58.25,1.75,ascending,205.42749
58.25,2.0,ascending,205.432
58.25,2.25,ascending,205.45
58.25,2.5,ascending,205.48332
58.25,2.75,ascending,205.478
58.25,3.0,ascending,205.50601
58.25,3.25,ascending,205.5
58.25,3.5,ascending,205.47
58.25,3.75,ascending,205.472
58.25,4.0,ascending,205.51999
58.25,4.25,ascending,205.57199
58.25,4.5,ascending,205.66399
58.25,4.75,ascending,205.75
58.25,5.0,ascending,206.39998
58.25,5.25,ascending,209.07748
58.25,5.5,ascending,213.43198
58.25,5.75,ascending,223.866
58.25,6.0,ascending,233.6175
58.25,6.25,ascending,246.79199
58.25,6.5,ascending,251.86398
58.25,6.75,ascending,259.352
58.25,7.0,ascending,266.32
58.25,7.25,ascending,267.874
58.25,7.5,ascending,269.508
58.25,7.75,ascending,269.164
58.25,8.0,ascending,265.888
58.25,8.25,ascending,262.366
58.25,8.5,ascending,251.486
58.25,8.75,ascending,236.54599
58.25,9.0,ascending,224.05333
58.25,9.25,ascending,215.05833
58.25,9.5,ascending,209.81198
58.25,9.75,ascending,208.14166
58.25,10.0,ascending,207.61665
58.25,10.25,ascending,207.88332
58.25,10.5,ascending,208.65117
58.25,10.75,ascending,212.93053
58.25,11.0,ascending,220.48698
58.25,11.25,ascending,230.29
58.25,11.5,ascending,240.85599
58.25,11.75,ascending,251.63293
58.25,12.0,ascending,257.53436
58.25,12.25,ascending,261.30875
58.25,12.5,ascending,263.39532
58.25,12.75,ascending,266.3075
58.25,13.0,ascending,269.76874
58.25,13.25,ascending,270.9425
58.25,13.5,ascending,271.96875
58.25,13.75,ascending,269.61334
58.25,14.0,ascending,263.59842
58.25,14.25,ascending,257.6395
58.25,14.5,ascending,255.25217
58.25,14.75,ascending,260.3175
58.25,15.0,ascending,260.596
58.25,15.25,ascending,263.11667
58.25,15.5,ascending,266.33835
58.25,15.75,ascending,268.37
58.25,16.0,ascending,268.95123
58.25,16.25,ascending,267.98248
58.25,16.5,ascending,263.94498
58.25,16.75,ascending,255.23201
58.25,17.0,ascending,245.65799
58.25,17.25,ascending,234.23499
58.25,17.5,ascending,223.978
58.25,17.75,ascending,217.276
58.25,18.0,ascending,212.23999
58.25,18.25,ascending,210.898
58.25,18.5,ascending,210.03398
58.25,18.75,ascending,209.658
58.25,19.0,ascending,209.315
58.25,19.25,ascending,209.30165
58.25,19.5,ascending,208.95749
58.25,19.75,ascending,208.54
58.25,20.0,ascending,208.15
58.25,20.25,ascending,207.872
58.25,20.5,ascending,207.73999
58.25,20.75,ascending,207.685
58.25,21.0,ascending,207.68799
58.25,21.25,ascending,207.97998
58.25,21.5,ascending,209.125
58.25,21.75,ascending,212.6525
58.25,22.0,ascending,219.2525
58.25,22.25,ascending,228.17749
58.25,22.5,ascending,234.3675
58.25,22.75,ascending,238.11
58.25,23.0,ascending,236.276
58.25,23.25,ascending,231.2425
58.25,23.5,ascending,226.422
58.25,23.75,ascending,226.93
58.25,24.0,ascending,239.394
58.25,24.25,ascending,247.08
58.25,24.5,ascending,257.68
58.25,24.75,ascending,266.01498
58.25,25.0,ascending,272.442
58.25,25.25,ascending,273.96667
58.25,25.5,ascending,274.072
58.25,25.75,ascending,272.6125
58.25,26.0,ascending,269.875
58.25,26.25,ascending,268.796
58.25,26.5,ascending,269.445
58.25,26.75,ascending,270.69666
58.25,27.0,ascending,269.344
58.25,27.25,ascending,262.072
58.25,27.5,ascending,253.58499
58.25,27.75,ascending,247.9775
58.25,28.0,ascending,254.55249
58.25,28.25,ascending,263.326
58.25,28.5,ascending,270.022
58.25,28.75,ascending,271.6
58.25,29.0,ascending,271.58398
58.25,29.25,ascending,271.408
58.25,29.5,ascending,271.05
58.25,29.75,ascending,270.444
58.25,30.0,ascending,269.98798
58.25,30.25,ascending,269.81332
58.25,30.5,ascending,269.202
58.25,30.75,ascending,266.632
58.25,31.0,ascending,260.492
58.25,31.25,ascending,253.655
58.25,31.5,ascending,252.798
58.25,31.75,ascending,258.794
58.25,32.0,ascending,265.876
58.25,32.25,ascending,269.64398
58.25,32.5,ascending,270.434
58.25,32.75,ascending,270.19
58.25,33.0,ascending,269.80002
58.25,33.25,ascending,269.455
58.25,33.5,ascending,269.33832
58.25,33.75,ascending,268.99
58.25,34.0,ascending,268.632
58.25,34.25,ascending,268.35165
58.25,34.5,ascending,268.205
58.25,34.75,ascending,268.145
58.25,35.0,ascending,268.31403
58.25,35.25,ascending,268.52625
58.25,35.5,ascending,268.75735
58.25,35.75,ascending,268.9541
58.25,36.0,ascending,269.0428
58.25,36.25,ascending,268.92667
58.25,36.5,ascending,268.67648
58.25,36.75,ascending,268.23
58.25,37.0,ascending,267.63882
58.25,37.25,ascending,266.60358
58.25,37.5,ascending,265.90997
58.25,37.75,ascending,264.82144
58.25,38.0,ascending,264.23727
58.5,-13.0,ascending,215.78285
58.5,-12.75,ascending,216.0684
58.5,-12.5,ascending,215.47841
58.5,-12.25,ascending,215.3011
58.5,-12.0,ascending,215.53267
58.5,-11.75,ascending,216.1075
58.5,-11.5,ascending,216.56
58.5,-11.25,ascending,216.7375
58.5,-11.0,ascending,216.47278
58.5,-10.75,ascending,216.01631
58.5,-10.5,ascending,215.2809
58.5,-10.25,ascending,214.517
58.5,-10.0,ascending,217.30833
58.5,-9.75,ascending,214.7
58.5,-9.5,ascending,212.59799
58.5,-9.25,ascending,211.304
58.5,-9.0,ascending,210.498
58.5,-8.75,ascending,210.13857
58.5,-8.5,ascending,209.97499
58.5,-8.25,ascending,209.81
58.5,-8.0,ascending,209.64429
58.5,-7.75,ascending,209.92
58.5,-7.5,ascending,210.45601
58.5,-7.25,ascending,211.854
58.5,-7.0,ascending,214.64998
58.5,-6.75,ascending,216.21799
58.5,-6.5,ascending,216.805
58.5,-6.25,ascending,217.66199
58.5,-6.0,ascending,215.306
58.5,-5.75,ascending,213.03
58.5,-5.5,ascending,214.73
58.5,-5.25,ascending,219.6875
58.5,-5.0,ascending,226.61665
58.5,-4.75,ascending,232.32
58.5,-4.5,ascending,238.252
58.5,-4.25,ascending,237.0725
58.5,-4.0,ascending,240.346
58.5,-3.75,ascending,235.568
58.5,-3.5,ascending,234.924
58.5,-3.25,ascending,231.33499
58.5,-3.0,ascending,227.0725
58.5,-2.75,ascending,219.92749
58.5,-2.5,ascending,213.545
58.5,-2.25,ascending,209.128
58.5,-2.0,ascending,206.9925
58.5,-1.75,ascending,206.03749
58.5,-1.5,ascending,205.66399
58.5,-1.25,ascending,205.6225
58.5,-1.0,ascending,205.69167
58.5,-0.75,ascending,205.7775
58.5,-0.5,ascending,205.7775
58.5,-0.25,ascending,205.69
58.5,-0.0,ascending,207.63142
58.5,0.25,ascending,205.5475
58.5,0.5,ascending,205.51799
58.5,0.75,ascending,205.515
58.5,1.0,ascending,205.522
58.5,1.25,ascending,205.54749
58.5,1.5,ascending,205.54
58.5,1.75,ascending,205.58598
58.5,2.0,ascending,205.5925
58.5,2.25,ascending,205.63249
58.5,2.5,ascending,205.648
58.5,2.75,ascending,205.63599
58.5,3.0,ascending,205.616
58.5,3.25,ascending,205.596
58.5,3.5,ascending,205.604
58.5,3.75,ascending,205.65666
58.5,4.0,ascending,205.71332
58.5,4.25,ascending,205.85667
58.5,4.5,ascending,205.91333
58.5,4.75,ascending,206.26749
58.5,5.0,ascending,207.918
58.5,5.25,ascending,212.49199
58.5,5.5,ascending,222.236
58.5,5.75,ascending,238.15
58.5,6.0,ascending,247.9625
58.5,6.25,ascending,259.87997
58.5,6.5,ascending,264.88
58.5,6.75,ascending,267.2175
58.5,7.0,ascending,268.64166
58.5,7.25,ascending,270.88397
58.5,7.5,ascending,272.49832
58.5,7.75,ascending,273.74
58.5,8.0,ascending,273.94333
58.5,8.25,ascending,273.17398
58.5,8.5,ascending,269.88168
58.5,8.75,ascending,259.925
58.5,9.0,ascending,247.7
58.5,9.25,ascending,235.21599
58.5,9.5,ascending,223.16142
58.5,9.75,ascending,215.84332
58.5,10.0,ascending,211.54
58.5,10.25,ascending,210.4175
58.5,10.5,ascending,211.43721
58.5,10.75,ascending,215.94562
58.5,11.0,ascending,225.14117
58.5,11.25,ascending,236.51312
58.5,11.5,ascending,247.67563
58.5,11.75,ascending,256.49875
58.5,12.0,ascending,261.31165
58.5,12.25,ascending,259.37643
58.5,12.5,ascending,254.7
58.5,12.75,ascending,249.14467
58.5,13.0,ascending,251.8961
58.5,13.25,ascending,253.82533
58.5,13.5,ascending,259.04468
58.5,13.75,ascending,262.32352
58.5,14.0,ascending,262.0835
58.5,14.25,ascending,257.96088
58.5,14.5,ascending,254.72952
58.5,14.75,ascending,256.674
58.5,15.0,ascending,257.80832
58.5,15.25,ascending,260.806
58.5,15.5,ascending,264.685
58.5,15.75,ascending,267.65286
58.5,16.0,ascending,268.83002
58.5,16.25,ascending,268.2
58.5,16.5,ascending,265.11798
58.5,16.75,ascending,258.56
58.5,17.0,ascending,248.6275
58.5,17.25,ascending,239.51
58.5,17.5,ascending,230.92833
58.5,17.75,ascending,223.73
58.5,18.0,ascending,219.02498
58.5,18.25,ascending,216.13998
58.5,18.5,ascending,212.64499
58.5,18.75,ascending,212.372
58.5,19.0,ascending,210.515
58.5,19.25,ascending,209.7825
58.5,19.5,ascending,208.83167
58.5,19.75,ascending,208.25
58.5,20.0,ascending,207.952
58.5,20.25,ascending,207.81999
58.5,20.5,ascending,207.74199
58.5,20.75,ascending,207.694
58.5,21.0,ascending,207.735
58.5,21.25,ascending,208.066
58.5,21.5,ascending,209.5725
58.5,21.75,ascending,212.58398
58.5,22.0,ascending,218.92801
58.5,22.25,ascending,225.922
58.5,22.5,ascending,233.97998
58.5,22.75,ascending,238.13666
58.5,23.0,ascending,238.18599
58.5,23.25,ascending,235.245
58.5,23.5,ascending,233.88399
58.5,23.75,ascending,239.9
58.5,24.0,ascending,252.18399
58.5,24.25,ascending,262.78198
58.5,24.5,ascending,270.79248
58.5,24.75,ascending,272.974
58.5,25.0,ascending,275.4625
58.5,25.25,ascending,275.42502
58.5,25.5,ascending,274.78
58.5,25.75,ascending,273.22
58.5,26.0,ascending,271.942
58.5,26.25,ascending,272.3
58.5,26.5,ascending,272.03598
58.5,26.75,ascending,271.27997
58.5,27.0,ascending,266.93198
58.5,27.25,ascending,256.8075
58.5,27.5,ascending,246.09999
58.5,27.75,ascending,244.824
58.5,28.0,ascending,255.04199
58.5,28.25,ascending,265.886
58.5,28.5,ascending,271.046
58.5,28.75,ascending,271.9075
58.5,29.0,ascending,271.78665
58.5,29.25,ascending,271.74
58.5,29.5,ascending,271.516
58.5,29.75,ascending,270.928
58.5,30.0,ascending,270.164
58.5,30.25,ascending,269.886
58.5,30.5,ascending,269.678
58.5,30.75,ascending,268.57797
58.5,31.0,ascending,265.3075
58.5,31.25,ascending,261.34833
58.5,31.5,ascending,262.58667
58.5,31.75,ascending,264.81
58.5,32.0,ascending,267.752
58.5,32.25,ascending,270.348
58.5,32.5,ascending,270.878
58.5,32.75,ascending,270.69498
58.5,33.0,ascending,270.424
58.5,33.25,ascending,270.15747
58.5,33.5,ascending,269.735
58.5,33.75,ascending,269.044
58.5,34.0,ascending,268.525
58.5,34.25,ascending,268.294
58.5,34.5,ascending,268.19333
58.5,34.75,ascending,268.10666
58.5,35.0,ascending,268.0347
58.5,35.25,ascending,268.2011
58.5,35.5,ascending,268.4665
58.5,35.75,ascending,268.73624
58.5,36.0,ascending,268.88068
58.5,36.25,ascending,268.99292
58.5,36.5,ascending,268.79266
58.5,36.75,ascending,268.30118
58.5,37.0,ascending,267.10498
58.5,37.25,ascending,265.97687
58.5,37.5,ascending,264.60062
58.5,37.75,ascending,264.0275
58.5,38.0,ascending,263.7118
58.75,-13.0,ascending,217.05833
58.75,-12.75,ascending,217.27132
58.75,-12.5,ascending,217.06467
58.75,-12.25,ascending,217.28214
58.75,-12.0,ascending,218.23874
58.75,-11.75,ascending,219.45923
58.75,-11.5,ascending,220.74059
58.75,-11.25,ascending,220.9325
58.75,-11.0,ascending,220.17058
58.75,-10.75,ascending,218.6911
58.75,-10.5,ascending,217.04451
58.75,-10.25,ascending,216.525
58.75,-10.0,ascending,216.70248
58.75,-9.75,ascending,213.9625
58.75,-9.5,ascending,212.19331
58.75,-9.25,ascending,210.976
58.75,-9.0,ascending,210.35834
58.75,-8.75,ascending,210.068
58.75,-8.5,ascending,209.82748
58.75,-8.25,ascending,209.552
58.75,-8.0,ascending,209.17168
58.75,-7.75,ascending,208.9525
58.75,-7.5,ascending,208.952
58.75,-7.25,ascending,209.298
58.75,-7.0,ascending,209.98499
58.75,-6.75,ascending,210.375
58.75,-6.5,ascending,210.26399
58.75,-6.25,ascending,210.36499
58.75,-6.0,ascending,209.924
58.75,-5.75,ascending,210.00749
58.75,-5.5,ascending,210.08499
58.75,-5.25,ascending,212.48799
58.75,-5.0,ascending,214.2125
58.75,-4.75,ascending,214.2
58.75,-4.5,ascending,215.8125
58.75,-4.25,ascending,214.95
58.75,-4.0,ascending,215.75601
58.75,-3.75,ascending,215.2775
58.75,-3.5,ascending,218.19249
58.75,-3.25,ascending,220.19499
58.75,-3.0,ascending,221.154
58.75,-2.75,ascending,219.174
58.75,-2.5,ascending,214.77998
58.75,-2.25,ascending,210.84001
58.75,-2.0,ascending,208.0425
58.75,-1.75,ascending,206.304
58.75,-1.5,ascending,205.765
58.75,-1.25,ascending,205.6225
58.75,-1.0,ascending,205.63249
58.75,-0.75,ascending,205.695
58.75,-0.5,ascending,205.74399
58.75,-0.25,ascending,205.76
58.75,-0.0,ascending,208.27498
58.75,0.25,ascending,205.68599
58.75,0.5,ascending,205.61333
58.75,0.75,ascending,205.56499
58.75,1.0,ascending,205.54665
58.75,1.25,ascending,205.5575
58.75,1.5,ascending,205.57166
58.75,1.75,ascending,205.59334
58.75,2.0,ascending,205.64749
58.75,2.25,ascending,205.73999
58.75,2.5,ascending,205.79599
58.75,2.75,ascending,205.75998
58.75,3.0,ascending,205.7
58.75,3.25,ascending,205.66333
58.75,3.5,ascending,205.73999
58.75,3.75,ascending,205.81
58.75,4.0,ascending,206.012
58.75,4.25,ascending,206.18399
58.75,4.5,ascending,206.398
58.75,4.75,ascending,207.274
58.75,5.0,ascending,209.5
58.75,5.25,ascending,215.404
58.75,5.5,ascending,226.866
58.75,5.75,ascending,240.68799
58.75,6.0,ascending,254.36398
58.75,6.25,ascending,263.0075
58.75,6.5,ascending,265.826
58.75,6.75,ascending,266.6775
58.75,7.0,ascending,266.59747
58.75,7.25,ascending,268.04834
58.75,7.5,ascending,270.495
58.75,7.75,ascending,272.0075
58.75,8.0,ascending,273.174
58.75,8.25,ascending,273.944
58.75,8.5,ascending,274.194
58.75,8.75,ascending,272.646
58.75,9.0,ascending,266.12332
58.75,9.25,ascending,257.81
58.75,9.5,ascending,245.36398
58.75,9.75,ascending,234.73167
58.75,10.0,ascending,222.3111
58.75,10.25,ascending,216.66667
58.75,10.5,ascending,216.91684
58.75,10.75,ascending,221.31999
58.75,11.0,ascending,229.06293
58.75,11.25,ascending,241.58768
58.75,11.5,ascending,252.29115
58.75,11.75,ascending,259.296
58.75,12.0,ascending,264.1931
58.75,12.25,ascending,261.0069
58.75,12.5,ascending,253.45813
58.75,12.75,ascending,245.09856
58.75,13.0,ascending,236.64934
58.75,13.25,ascending,234.64352
58.75,13.5,ascending,238.39764
58.75,13.75,ascending,246.45056
58.75,14.0,ascending,252.28952
58.75,14.25,ascending,256.48666
58.75,14.5,ascending,256.00598
58.75,14.75,ascending,256.25
58.75,15.0,ascending,259.37
58.75,15.25,ascending,264.67856
58.75,15.5,ascending,268.242
58.75,15.75,ascending,270.32666
58.75,16.0,ascending,270.068
58.75,16.25,ascending,268.815
58.75,16.5,ascending,266.898
58.75,16.75,ascending,263.578
58.75,17.0,ascending,257.1733
58.75,17.25,ascending,252.875
58.75,17.5,ascending,247.854
58.75,17.75,ascending,239.196
58.75,18.0,ascending,235.29
58.75,18.25,ascending,230.06499
58.75,18.5,ascending,225.05165
58.75,18.75,ascending,219.545
58.75,19.0,ascending,216.0425
58.75,19.25,ascending,213.06999
58.75,19.5,ascending,210.524
58.75,19.75,ascending,208.882
58.75,20.0,ascending,208.25
58.75,20.25,ascending,207.88799
58.75,20.5,ascending,207.8225
58.75,20.75,ascending,207.846
58.75,21.0,ascending,207.855
58.75,21.25,ascending,208.08499
58.75,21.5,ascending,208.814
58.75,21.75,ascending,210.37
58.75,22.0,ascending,214.13599
58.75,22.25,ascending,219.345
58.75,22.5,ascending,226.46399
58.75,22.75,ascending,232.305
58.75,23.0,ascending,232.33249
58.75,23.25,ascending,230.58798
58.75,23.5,ascending,234.3725
58.75,23.75,ascending,245.13
58.75,24.0,ascending,259.58197
58.75,24.25,ascending,268.13333
58.75,24.5,ascending,271.938
58.75,24.75,ascending,274.60333
58.75,25.0,ascending,274.944
58.75,25.25,ascending,275.02
58.75,25.5,ascending,274.815
58.75,25.75,ascending,274.44
58.75,26.0,ascending,274.41748
58.75,26.25,ascending,274.115
58.75,26.5,ascending,273.454
58.75,26.75,ascending,271.54
58.75,27.0,ascending,265.2675
58.75,27.25,ascending,254.08249
58.75,27.5,ascending,246.552
58.75,27.75,ascending,249.65
58.75,28.0,ascending,258.666
58.75,28.25,ascending,267.11
58.75,28.5,ascending,270.3225
58.75,28.75,ascending,271.476
58.75,29.0,ascending,271.728
58.75,29.25,ascending,272.0
58.75,29.5,ascending,271.964
58.75,29.75,ascending,271.53198
58.75,30.0,ascending,270.6925
58.75,30.25,ascending,270.24332
58.75,30.5,ascending,270.18665
58.75,30.75,ascending,270.034
58.75,31.0,ascending,269.162
58.75,31.25,ascending,268.56198
58.75,31.5,ascending,268.695
58.75,31.75,ascending,268.46
58.75,32.0,ascending,269.8
58.75,32.25,ascending,270.99332
58.75,32.5,ascending,271.146
58.75,32.75,ascending,271.04248
58.75,33.0,ascending,270.835
58.75,33.25,ascending,270.5225
58.75,33.5,ascending,270.00833
58.75,33.75,ascending,269.232
58.75,34.0,ascending,268.525
58.75,34.25,ascending,268.125
58.75,34.5,ascending,267.9627
58.75,34.75,ascending,267.90048
58.75,35.0,ascending,268.0052
58.75,35.25,ascending,268.15106
58.75,35.5,ascending,268.2975
58.75,35.75,ascending,268.34222
58.75,36.0,ascending,268.354
58.75,36.25,ascending,268.2181
58.75,36.5,ascending,268.12186
58.75,36.75,ascending,267.304
58.75,37.0,ascending,266.33875
58.75,37.25,ascending,265.08212
58.75,37.5,ascending,264.25055
58.75,37.75,ascending,263.79175
58.75,38.0,ascending,264.147
59.0,-13.0,ascending,217.53374
59.0,-12.75,ascending,218.14383
59.0,-12.5,ascending,218.9225
59.0,-12.25,ascending,219.86333
59.0,-12.0,ascending,220.77942
59.0,-11.75,ascending,222.09
59.0,-11.5,ascending,223.67188
59.0,-11.25,ascending,224.23187
59.0,-11.0,ascending,223.19475
59.0,-10.75,ascending,220.70166
59.0,-10.5,ascending,218.4732
59.0,-10.25,ascending,217.22333
59.0,-10.0,ascending,215.59
59.0,-9.75,ascending,213.315
59.0,-9.5,ascending,211.75
59.0,-9.25,ascending,210.93001
59.0,-9.0,ascending,210.455
59.0,-8.75,ascending,210.1375
59.0,-8.5,ascending,209.852
59.0,-8.25,ascending,209.54668
59.0,-8.0,ascending,209.20801
59.0,-7.75,ascending,208.926
59.0,-7.5,ascending,208.8257
59.0,-7.25,ascending,208.845
59.0,-7.0,ascending,208.96399
59.0,-6.75,ascending,209.03333
59.0,-6.5,ascending,209.01999
59.0,-6.25,ascending,208.90999
59.0,-6.0,ascending,208.73749
59.0,-5.75,ascending,208.59833
59.0,-5.5,ascending,208.54999
59.0,-5.25,ascending,208.288
59.0,-5.0,ascending,208.00998
59.0,-4.75,ascending,207.3075
59.0,-4.5,ascending,207.33
59.0,-4.25,ascending,206.84999
59.0,-4.0,ascending,207.554
59.0,-3.75,ascending,209.14667
59.0,-3.5,ascending,211.512
59.0,-3.25,ascending,215.85
59.0,-3.0,ascending,218.23799
59.0,-2.75,ascending,217.20999
59.0,-2.5,ascending,213.685
59.0,-2.25,ascending,210.42
59.0,-2.0,ascending,207.684
59.0,-1.75,ascending,206.4775
59.0,-1.5,ascending,205.894
59.0,-1.25,ascending,205.70999
59.0,-1.0,ascending,205.70601
59.0,-0.75,ascending,205.7125
59.0,-0.5,ascending,205.726
59.0,-0.25,ascending,205.73999
59.0,-0.0,ascending,209.81999
59.0,0.25,ascending,205.725
59.0,0.5,ascending,205.684
59.0,0.75,ascending,205.6575
59.0,1.0,ascending,205.56999
59.0,1.25,ascending,205.51599
59.0,1.5,ascending,205.49666
59.0,1.75,ascending,205.51749
59.0,2.0,ascending,205.622
59.0,2.25,ascending,205.73398
59.0,2.5,ascending,205.80249
59.0,2.75,ascending,205.79
59.0,3.0,ascending,205.73999
59.0,3.25,ascending,205.728
59.0,3.5,ascending,205.82248
59.0,3.75,ascending,205.978
59.0,4.0,ascending,206.278
59.0,4.25,ascending,206.58798
59.0,4.5,ascending,207.078
59.0,4.75,ascending,208.725
59.0,5.0,ascending,212.168
59.0,5.25,ascending,222.54599
59.0,5.5,ascending,233.882
59.0,5.75,ascending,241.87
59.0,6.0,ascending,252.48499
59.0,6.25,ascending,260.684
59.0,6.5,ascending,263.438
59.0,6.75,ascending,263.794
59.0,7.0,ascending,263.41165
59.0,7.25,ascending,264.882
59.0,7.5,ascending,268.155
59.0,7.75,ascending,270.40997
59.0,8.0,ascending,271.75998
59.0,8.25,ascending,272.73
59.0,8.5,ascending,273.63498
59.0,8.75,ascending,274.75833
59.0,9.0,ascending,274.266
59.0,9.25,ascending,271.948
59.0,9.5,ascending,263.07666
59.0,9.75,ascending,249.01471
59.0,10.0,ascending,239.7411
59.0,10.25,ascending,234.26266
59.0,10.5,ascending,232.45529
59.0,10.75,ascending,233.99353
59.0,11.0,ascending,240.43
59.0,11.25,ascending,250.65154
59.0,11.5,ascending,256.13562
59.0,11.75,ascending,262.42932
59.0,12.0,ascending,265.60785
59.0,12.25,ascending,265.25998
59.0,12.5,ascending,260.7875
59.0,12.75,ascending,253.28429
59.0,13.0,ascending,245.67233
59.0,13.25,ascending,237.12749
59.0,13.5,ascending,237.155
59.0,13.75,ascending,240.42894
59.0,14.0,ascending,248.35898
59.0,14.25,ascending,255.42499
59.0,14.5,ascending,258.3425
59.0,14.75,ascending,259.128
59.0,15.0,ascending,266.51712
59.0,15.25,ascending,270.258
59.0,15.5,ascending,271.556
59.0,15.75,ascending,270.72665
59.0,16.0,ascending,268.866
59.0,16.25,ascending,267.97665
59.0,16.5,ascending,267.378
59.0,16.75,ascending,267.0125
59.0,17.0,ascending,265.94666
59.0,17.25,ascending,264.414
59.0,17.5,ascending,260.564
59.0,17.75,ascending,256.2
59.0,18.0,ascending,250.30801
59.0,18.25,ascending,244.444
59.0,18.5,ascending,240.47249
59.0,18.75,ascending,233.13332
59.0,19.0,ascending,224.27998
59.0,19.25,ascending,218.97166
59.0,19.5,ascending,213.98398
59.0,19.75,ascending,210.8
59.0,20.0,ascending,209.064
59.0,20.25,ascending,208.28
59.0,20.5,ascending,208.105
59.0,20.75,ascending,208.08249
59.0,21.0,ascending,208.104
59.0,21.25,ascending,208.16998
59.0,21.5,ascending,208.48799
59.0,21.75,ascending,209.3525
59.0,22.0,ascending,211.392
59.0,22.25,ascending,215.894
59.0,22.5,ascending,219.9
59.0,22.75,ascending,222.28
59.0,23.0,ascending,220.99834
59.0,23.25,ascending,221.81
59.0,23.5,ascending,227.46799
59.0,23.75,ascending,241.43999
59.0,24.0,ascending,247.89249
59.0,24.25,ascending,259.78998
59.0,24.5,ascending,260.7225
59.0,24.75,ascending,268.03198
59.0,25.0,ascending,266.9575
59.0,25.25,ascending,270.3675
59.0,25.5,ascending,268.97
59.0,25.75,ascending,270.18
59.0,26.0,ascending,271.68402
59.0,26.25,ascending,271.23398
59.0,26.5,ascending,270.018
59.0,26.75,ascending,268.19666
59.0,27.0,ascending,262.684
59.0,27.25,ascending,255.71199
59.0,27.5,ascending,251.676
59.0,27.75,ascending,252.676
59.0,28.0,ascending,257.635
59.0,28.25,ascending,261.97498
59.0,28.5,ascending,267.97
59.0,28.75,ascending,270.2725
59.0,29.0,ascending,271.53
59.0,29.25,ascending,272.0725
59.0,29.5,ascending,272.365
59.0,29.75,ascending,272.1725
59.0,30.0,ascending,271.642
59.0,30.25,ascending,271.274
59.0,30.5,ascending,271.09198
59.0,30.75,ascending,271.3125
59.0,31.0,ascending,271.20334
59.0,31.25,ascending,271.0275
59.0,31.5,ascending,270.63165
59.0,31.75,ascending,270.09
59.0,32.0,ascending,270.37
59.0,32.25,ascending,271.174
59.0,32.5,ascending,271.475
59.0,32.75,ascending,271.3675
59.0,33.0,ascending,271.22998
59.0,33.25,ascending,270.8633
59.0,33.5,ascending,270.365
59.0,33.75,ascending,269.632
59.0,34.0,ascending,269.02
59.0,34.25,ascending,268.32098
59.0,34.5,ascending,268.1429
59.0,34.75,ascending,268.23166
59.0,35.0,ascending,268.30063
59.0,35.25,ascending,268.3681
59.0,35.5,ascending,268.27625
59.0,35.75,ascending,268.04175
59.0,36.0,ascending,267.51468
59.0,36.25,ascending,267.14526
59.0,36.5,ascending,266.56277
59.0,36.75,ascending,265.99823
59.0,37.0,ascending,265.62436
59.0,37.25,ascending,264.9006
59.0,37.5,ascending,264.04498
59.0,37.75,ascending,263.65646
59.0,38.0,ascending,263.92664
59.25,-13.0,ascending,217.64333
59.25,-12.75,ascending,218.75143
59.25,-12.5,ascending,220.43466
59.25,-12.25,ascending,221.60356
59.25,-12.0,ascending,223.46867
59.25,-11.75,ascending,224.17
59.25,-11.5,ascending,225.13187
59.25,-11.25,ascending,225.00812
59.25,-11.0,ascending,223.90588
59.25,-10.75,ascending,221.23227
59.25,-10.5,ascending,218.32681
59.25,-10.25,ascending,216.78699
59.25,-10.0,ascending,214.43834
59.25,-9.75,ascending,212.574
59.25,-9.5,ascending,211.40999
59.25,-9.25,ascending,210.76332
59.25,-9.0,ascending,210.38799
59.25,-8.75,ascending,210.196
59.25,-8.5,ascending,210.06201
59.25,-8.25,ascending,209.905
59.25,-8.0,ascending,209.53398
59.25,-7.75,ascending,209.15
59.25,-7.5,ascending,208.9075
59.25,-7.25,ascending,208.754
59.25,-7.0,ascending,208.63799
59.25,-6.75,ascending,208.435
59.25,-6.5,ascending,208.326
59.25,-6.25,ascending,208.11249
59.25,-6.0,ascending,207.976
59.25,-5.75,ascending,207.6725
59.25,-5.5,ascending,207.40999
59.25,-5.25,ascending,207.07748
59.25,-5.0,ascending,206.64499
59.25,-4.75,ascending,206.43198
59.25,-4.5,ascending,206.225
59.25,-4.25,ascending,206.24
59.25,-4.0,ascending,206.625
59.25,-3.75,ascending,207.56999
59.25,-3.5,ascending,209.23999
59.25,-3.25,ascending,211.62
59.25,-3.0,ascending,212.3675
59.25,-2.75,ascending,211.804
59.25,-2.5,ascending,210.19499
59.25,-2.25,ascending,208.36198
59.25,-2.0,ascending,206.95
59.25,-1.75,ascending,206.26
59.25,-1.5,ascending,206.05249
59.25,-1.25,ascending,205.98
59.25,-1.0,ascending,206.0275
59.25,-0.75,ascending,205.965
59.25,-0.5,ascending,205.86
59.25,-0.25,ascending,205.75749
59.25,-0.0,ascending,210.14
59.25,0.25,ascending,205.81198
59.25,0.5,ascending,205.8125
59.25,0.75,ascending,205.73
59.25,1.0,ascending,205.61198
59.25,1.25,ascending,205.46667
59.25,1.5,ascending,205.424
59.25,1.75,ascending,205.4725
59.25,2.0,ascending,205.576
59.25,2.25,ascending,205.68333
59.25,2.5,ascending,205.76749
59.25,2.75,ascending,205.804
59.25,3.0,ascending,205.79749
59.25,3.25,ascending,205.8
59.25,3.5,ascending,205.876
59.25,3.75,ascending,206.09
59.25,4.0,ascending,206.46399
59.25,4.25,ascending,206.8075
59.25,4.5,ascending,207.53201
59.25,4.75,ascending,210.024
59.25,5.0,ascending,216.73799
59.25,5.25,ascending,228.65666
59.25,5.5,ascending,240.06
59.25,5.75,ascending,247.46599
59.25,6.0,ascending,254.27597
59.25,6.25,ascending,258.65332
59.25,6.5,ascending,261.912
59.25,6.75,ascending,261.538
59.25,7.0,ascending,260.896
59.25,7.25,ascending,262.252
59.25,7.5,ascending,265.18198
59.25,7.75,ascending,268.508
59.25,8.0,ascending,270.63998
59.25,8.25,ascending,272.106
59.25,8.5,ascending,273.13998
59.25,8.75,ascending,274.51398
59.25,9.0,ascending,275.545
59.25,9.25,ascending,272.14362
59.25,9.5,ascending,268.82617
59.25,9.75,ascending,267.0559
59.25,10.0,ascending,263.17896
59.25,10.25,ascending,257.74823
59.25,10.5,ascending,254.54199
59.25,10.75,ascending,254.41066
59.25,11.0,ascending,256.48666
59.25,11.25,ascending,261.88846
59.25,11.5,ascending,264.63998
59.25,11.75,ascending,267.84857
59.25,12.0,ascending,267.88358
59.25,12.25,ascending,268.1243
59.25,12.5,ascending,267.32867
59.25,12.75,ascending,264.64926
59.25,13.0,ascending,260.91687
59.25,13.25,ascending,255.5579
59.25,13.5,ascending,252.63062
59.25,13.75,ascending,252.74944
59.25,14.0,ascending,256.574
59.25,14.25,ascending,262.46857
59.25,14.5,ascending,262.26715
59.25,14.75,ascending,267.38333
59.25,15.0,ascending,270.54666
59.25,15.25,ascending,271.58002
59.25,15.5,ascending,270.285
59.25,15.75,ascending,268.69598
59.25,16.0,ascending,268.10602
59.25,16.25,ascending,268.498
59.25,16.5,ascending,269.0175
59.25,16.75,ascending,269.08667
59.25,17.0,ascending,267.892
59.25,17.25,ascending,265.35797
59.25,17.5,ascending,262.912
59.25,17.75,ascending,259.97998
59.25,18.0,ascending,258.48398
59.25,18.25,ascending,255.632
59.25,18.5,ascending,249.01999
59.25,18.75,ascending,245.20749
59.25,19.0,ascending,234.368
59.25,19.25,ascending,225.095
59.25,19.5,ascending,217.98499
59.25,19.75,ascending,213.19499
59.25,20.0,ascending,210.61398
59.25,20.25,ascending,208.885
59.25,20.5,ascending,208.45999
59.25,20.75,ascending,208.40201
59.25,21.0,ascending,208.616
59.25,21.25,ascending,208.68666
59.25,21.5,ascending,209.028
59.25,21.75,ascending,209.554
59.25,22.0,ascending,210.568
59.25,22.25,ascending,211.66667
59.25,22.5,ascending,212.55
59.25,22.75,ascending,213.38399
59.25,23.0,ascending,212.63
59.25,23.25,ascending,215.3
59.25,23.5,ascending,220.7125
59.25,23.75,ascending,227.64499
59.25,24.0,ascending,233.98398
59.25,24.25,ascending,242.17
59.25,24.5,ascending,244.35
59.25,24.75,ascending,248.23398
59.25,25.0,ascending,251.67749
59.25,25.25,ascending,254.222
59.25,25.5,ascending,254.42332
59.25,25.75,ascending,258.96
59.25,26.0,ascending,256.96198
59.25,26.25,ascending,261.43332
59.25,26.5,ascending,255.92749
59.25,26.75,ascending,256.1525
59.25,27.0,ascending,247.24399
59.25,27.25,ascending,243.23799
59.25,27.5,ascending,243.5925
59.25,27.75,ascending,242.26332
59.25,28.0,ascending,247.67
59.25,28.25,ascending,254.59248
59.25,28.5,ascending,262.52
59.25,28.75,ascending,266.038
59.25,29.0,ascending,269.38998
59.25,29.25,ascending,270.0575
59.25,29.5,ascending,271.07666
59.25,29.75,ascending,271.055
59.25,30.0,ascending,270.82834
59.25,30.25,ascending,271.1125
59.25,30.5,ascending,271.77
59.25,30.75,ascending,271.9975
59.25,31.0,ascending,271.476
59.25,31.25,ascending,271.4
59.25,31.5,ascending,271.0725
59.25,31.75,ascending,270.654
59.25,32.0,ascending,270.57
59.25,32.25,ascending,271.11398
59.25,32.5,ascending,271.53998
59.25,32.75,ascending,271.578
59.25,33.0,ascending,271.50598
59.25,33.25,ascending,271.28198
59.25,33.5,ascending,270.93597
59.25,33.75,ascending,270.47665
59.25,34.0,ascending,269.25998
59.25,34.25,ascending,268.73367
59.25,34.5,ascending,268.6011
59.25,34.75,ascending,268.56436
59.25,35.0,ascending,268.57373
59.25,35.25,ascending,268.63562
59.25,35.5,ascending,268.57187
59.25,35.75,ascending,268.32922
59.25,36.0,ascending,267.88715
59.25,36.25,ascending,267.19928
59.25,36.5,ascending,266.736
59.25,36.75,ascending,266.2823
59.25,37.0,ascending,266.21133
59.25,37.25,ascending,266.18866
59.25,37.5,ascending,266.19333
59.25,37.75,ascending,266.02933
59.25,38.0,ascending,265.96573
59.5,-13.0,ascending,216.95833
59.5,-12.75,ascending,217.70357
59.5,-12.5,ascending,219.38615
59.5,-12.25,ascending,221.37265
59.5,-12.0,ascending,223.19312
59.5,-11.75,ascending,224.1825
59.5,-11.5,ascending,224.5747
59.5,-11.25,ascending,223.5563
59.5,-11.0,ascending,221.625
59.5,-10.75,ascending,219.42368
59.5,-10.5,ascending,217.17049
59.5,-10.25,ascending,214.73833
59.5,-10.0,ascending,212.88832
59.5,-9.75,ascending,211.65166
59.5,-9.5,ascending,211.02998
59.5,-9.25,ascending,210.56831
59.5,-9.0,ascending,210.46799
59.5,-8.75,ascending,210.46832
59.5,-8.5,ascending,210.342
59.5,-8.25,ascending,209.922
59.5,-8.0,ascending,209.27332
59.5,-7.75,ascending,208.906
59.5,-7.5,ascending,208.5925
59.5,-7.25,ascending,208.254
59.5,-7.0,ascending,207.986
59.5,-6.75,ascending,207.65666
59.5,-6.5,ascending,207.53401
59.5,-6.25,ascending,207.2475
59.5,-6.0,ascending,207.15201
59.5,-5.75,ascending,206.93999
59.5,-5.5,ascending,206.705
59.5,-5.25,ascending,206.60799
59.5,-5.0,ascending,206.51999
59.5,-4.75,ascending,206.58199
59.5,-4.5,ascending,206.54
59.5,-4.25,ascending,206.646
59.5,-4.0,ascending,206.816
59.5,-3.75,ascending,207.2225
59.5,-3.5,ascending,207.5675
59.5,-3.25,ascending,208.106
59.5,-3.0,ascending,208.51999
59.5,-2.75,ascending,208.17249
59.5,-2.5,ascending,207.70499
59.5,-2.25,ascending,207.19199
59.5,-2.0,ascending,206.68999
59.5,-1.75,ascending,206.68999
59.5,-1.5,ascending,206.73401
59.5,-1.25,ascending,207.255
59.5,-1.0,ascending,207.63599
59.5,-0.75,ascending,207.43
59.5,-0.5,ascending,206.696
59.5,-0.25,ascending,206.0325
59.5,-0.0,ascending,207.72833
59.5,0.25,ascending,205.81665
59.5,0.5,ascending,205.816
59.5,0.75,ascending,205.774
59.5,1.0,ascending,205.6525
59.5,1.25,ascending,205.51399
59.5,1.5,ascending,205.47
59.5,1.75,ascending,205.55
59.5,2.0,ascending,205.5875
59.5,2.25,ascending,205.65999
59.5,2.5,ascending,205.748
59.5,2.75,ascending,205.84
59.5,3.0,ascending,205.866
59.5,3.25,ascending,205.92
59.5,3.5,ascending,206.04
59.5,3.75,ascending,206.29399
59.5,4.0,ascending,206.6875
59.5,4.25,ascending,207.064
59.5,4.5,ascending,208.13799
59.5,4.75,ascending,210.84499
59.5,5.0,ascending,218.66599
59.5,5.25,ascending,231.55
59.5,5.5,ascending,242.95999
59.5,5.75,ascending,251.61165
59.5,6.0,ascending,256.7425
59.5,6.25,ascending,259.685
59.5,6.5,ascending,260.35397
59.5,6.75,ascending,259.096
59.5,7.0,ascending,258.38998
59.5,7.25,ascending,259.36398
59.5,7.5,ascending,261.39664
59.5,7.75,ascending,263.982
59.5,8.0,ascending,267.068
59.5,8.25,ascending,269.81598
59.5,8.5,ascending,271.556
59.5,8.75,ascending,273.312
59.5,9.0,ascending,272.155
59.5,9.25,ascending,272.72943
59.5,9.5,ascending,273.2072
59.5,9.75,ascending,272.83798
59.5,10.0,ascending,271.39526
59.5,10.25,ascending,268.98352
59.5,10.5,ascending,266.8479
59.5,10.75,ascending,266.01187
59.5,11.0,ascending,267.71692
59.5,11.25,ascending,269.29126
59.5,11.5,ascending,271.37537
59.5,11.75,ascending,271.64066
59.5,12.0,ascending,271.82312
59.5,12.25,ascending,271.1825
59.5,12.5,ascending,270.4588
59.5,12.75,ascending,269.7053
59.5,13.0,ascending,269.16333
59.5,13.25,ascending,268.62936
59.5,13.5,ascending,267.72812
59.5,13.75,ascending,267.37277
59.5,14.0,ascending,268.29248
59.5,14.25,ascending,269.05713
59.5,14.5,ascending,270.40427
59.5,14.75,ascending,271.31833
59.5,15.0,ascending,271.83398
59.5,15.25,ascending,271.875
59.5,15.5,ascending,271.93
59.5,15.75,ascending,272.064
59.5,16.0,ascending,272.23798
59.5,16.25,ascending,271.7125
59.5,16.5,ascending,270.79
59.5,16.75,ascending,269.49
59.5,17.0,ascending,267.515
59.5,17.25,ascending,267.75397
59.5,17.5,ascending,266.49
59.5,17.75,ascending,266.31
59.5,18.0,ascending,266.676
59.5,18.25,ascending,264.09
59.5,18.5,ascending,261.13333
59.5,18.75,ascending,252.6375
59.5,19.0,ascending,245.06198
59.5,19.25,ascending,233.04999
59.5,19.5,ascending,224.498
59.5,19.75,ascending,216.344
59.5,20.0,ascending,211.69249
59.5,20.25,ascending,209.79199
59.5,20.5,ascending,210.128
59.5,20.75,ascending,210.53
59.5,21.0,ascending,210.70499
59.5,21.25,ascending,210.14998
59.5,21.5,ascending,210.5925
59.5,21.75,ascending,210.50499
59.5,22.0,ascending,211.03
59.5,22.25,ascending,211.4925
59.5,22.5,ascending,212.40999
59.5,22.75,ascending,212.69666
59.5,23.0,ascending,214.444
59.5,23.25,ascending,217.00749
59.5,23.5,ascending,221.3275
59.5,23.75,ascending,223.004
59.5,24.0,ascending,225.47499
59.5,24.25,ascending,228.318
59.5,24.5,ascending,228.37
59.5,24.75,ascending,232.2125
59.5,25.0,ascending,230.1
59.5,25.25,ascending,233.64
59.5,25.5,ascending,235.74399
59.5,25.75,ascending,236.842
59.5,26.0,ascending,234.23
59.5,26.25,ascending,240.856
59.5,26.5,ascending,232.46399
59.5,26.75,ascending,231.37
59.5,27.0,ascending,223.79199
59.5,27.25,ascending,226.08998
59.5,27.5,ascending,224.83798
59.5,27.75,ascending,228.04749
59.5,28.0,ascending,229.564
59.5,28.25,ascending,239.124
59.5,28.5,ascending,248.97
59.5,28.75,ascending,252.4625
59.5,29.0,ascending,259.976
59.5,29.25,ascending,263.19
59.5,29.5,ascending,267.09497
59.5,29.75,ascending,265.228
59.5,30.0,ascending,265.346
59.5,30.25,ascending,267.986
59.5,30.5,ascending,270.044
59.5,30.75,ascending,269.132
59.5,31.0,ascending,267.21002
59.5,31.25,ascending,267.61798
59.5,31.5,ascending,267.41333
59.5,31.75,ascending,268.22748
59.5,32.0,ascending,269.71335
59.5,32.25,ascending,270.23398
59.5,32.5,ascending,270.68668
59.5,32.75,ascending,270.994
59.5,33.0,ascending,271.2983
59.5,33.25,ascending,271.74832
59.5,33.5,ascending,271.828
59.5,33.75,ascending,270.39615
59.5,34.0,ascending,269.91556
59.5,34.25,ascending,269.43237
59.5,34.5,ascending,269.11874
59.5,34.75,ascending,268.69
59.5,35.0,ascending,268.44534
59.5,35.25,ascending,268.35928
59.5,35.5,ascending,268.532
59.5,35.75,ascending,268.93283
59.5,36.0,ascending,268.66937
59.5,36.25,ascending,268.49847
59.5,36.5,ascending,268.09357
59.5,36.75,ascending,268.01215
59.5,37.0,ascending,268.0625
59.5,37.25,ascending,268.0607
59.5,37.5,ascending,267.912
59.5,37.75,ascending,267.70438
59.5,38.0,ascending,267.53998
59.75,-13.0,ascending,216.175
59.75,-12.75,ascending,216.60306
59.75,-12.5,ascending,217.57785
59.75,-12.25,ascending,218.51154
59.75,-12.0,ascending,219.58858
59.75,-11.75,ascending,219.63734
59.75,-11.5,ascending,219.98936
59.75,-11.25,ascending,219.49588
59.75,-11.0,ascending,218.67778
59.75,-10.75,ascending,217.3879
59.75,-10.5,ascending,215.80525
59.75,-10.25,ascending,212.84001
59.75,-10.0,ascending,211.8
59.75,-9.75,ascending,211.075
59.75,-9.5,ascending,210.66199
59.75,-9.25,ascending,210.42665
59.75,-9.0,ascending,210.22798
59.75,-8.75,ascending,209.86249
59.75,-8.5,ascending,209.46799
59.75,-8.25,ascending,209.025
59.75,-8.0,ascending,208.38498
59.75,-7.75,ascending,208.2225
59.75,-7.5,ascending,207.95
59.75,-7.25,ascending,207.604
59.75,-7.0,ascending,207.375
59.75,-6.75,ascending,207.06999
59.75,-6.5,ascending,206.94199
59.75,-6.25,ascending,206.86499
59.75,-6.0,ascending,206.724
59.75,-5.75,ascending,206.66249
59.75,-5.5,ascending,206.63998
59.75,-5.25,ascending,206.70749
59.75,-5.0,ascending,206.86
59.75,-4.75,ascending,207.1725
59.75,-4.5,ascending,207.222
59.75,-4.25,ascending,207.40999
59.75,-4.0,ascending,207.3775
59.75,-3.75,ascending,207.53667
59.75,-3.5,ascending,207.5325
59.75,-3.25,ascending,207.6575
59.75,-3.0,ascending,207.62997
59.75,-2.75,ascending,207.51332
59.75,-2.5,ascending,207.356
59.75,-2.25,ascending,207.28
59.75,-2.0,ascending,207.25749
59.75,-1.75,ascending,207.75601
59.75,-1.5,ascending,208.95499
59.75,-1.25,ascending,210.5275
59.75,-1.0,ascending,212.895
59.75,-0.75,ascending,211.525
59.75,-0.5,ascending,209.08499
59.75,-0.25,ascending,206.898
59.75,-0.0,ascending,207.55856
59.75,0.25,ascending,205.81
59.75,0.5,ascending,205.78598
59.75,0.75,ascending,205.78499
59.75,1.0,ascending,205.75
59.75,1.25,ascending,205.68799
59.75,1.5,ascending,205.63
59.75,1.75,ascending,205.655
59.75,2.0,ascending,205.67801
59.75,2.25,ascending,205.73999
59.75,2.5,ascending,205.83199
59.75,2.75,ascending,205.965
59.75,3.0,ascending,206.024
59.75,3.25,ascending,206.174
59.75,3.5,ascending,206.2975
59.75,3.75,ascending,206.6175
59.75,4.0,ascending,206.952
59.75,4.25,ascending,207.452
59.75,4.5,ascending,208.83499
59.75,4.75,ascending,212.40201
59.75,5.0,ascending,222.18399
59.75,5.25,ascending,233.3475
59.75,5.5,ascending,244.144
59.75,5.75,ascending,251.88799
59.75,6.0,ascending,255.87
59.75,6.25,ascending,258.1
59.75,6.5,ascending,257.695
59.75,6.75,ascending,256.50998
59.75,7.0,ascending,255.85251
59.75,7.25,ascending,256.10165
59.75,7.5,ascending,257.5
59.75,7.75,ascending,259.72797
59.75,8.0,ascending,261.89832
59.75,8.25,ascending,265.39398
59.75,8.5,ascending,266.9943
59.75,8.75,ascending,267.715
59.75,9.0,ascending,270.075
59.75,9.25,ascending,271.83313
59.75,9.5,ascending,272.81686
59.75,9.75,ascending,273.3593
59.75,10.0,ascending,272.61588
59.75,10.25,ascending,271.39334
59.75,10.5,ascending,270.352
59.75,10.75,ascending,269.71268
59.75,11.0,ascending,270.54062
59.75,11.25,ascending,271.56598
59.75,11.5,ascending,272.49124
59.75,11.75,ascending,273.46533
59.75,12.0,ascending,273.65598
59.75,12.25,ascending,273.7557
59.75,12.5,ascending,273.31644
59.75,12.75,ascending,272.89786
59.75,13.0,ascending,272.74625
59.75,13.25,ascending,272.8593
59.75,13.5,ascending,272.8583
59.75,13.75,ascending,272.80444
59.75,14.0,ascending,272.32648
59.75,14.25,ascending,272.2605
59.75,14.5,ascending,272.08798
59.75,14.75,ascending,272.13
59.75,15.0,ascending,272.4
59.75,15.25,ascending,272.886
59.75,15.5,ascending,273.44998
59.75,15.75,ascending,273.616
59.75,16.0,ascending,273.47998
59.75,16.25,ascending,273.13834
59.75,16.5,ascending,273.04498
59.75,16.75,ascending,273.4375
59.75,17.0,ascending,273.502
59.75,17.25,ascending,274.2075
59.75,17.5,ascending,273.552
59.75,17.75,ascending,274.03497
59.75,18.0,ascending,273.7375
59.75,18.25,ascending,271.826
59.75,18.5,ascending,268.725
59.75,18.75,ascending,260.775
59.75,19.0,ascending,249.74666
59.75,19.25,ascending,236.57166
59.75,19.5,ascending,223.91333
59.75,19.75,ascending,216.29999
59.75,20.0,ascending,213.63599
59.75,20.25,ascending,213.6025
59.75,20.5,ascending,216.78749
59.75,20.75,ascending,216.3775
59.75,21.0,ascending,215.00249
59.75,21.25,ascending,213.76498
59.75,21.5,ascending,213.56001
59.75,21.75,ascending,213.946
59.75,22.0,ascending,215.10999
59.75,22.25,ascending,218.26999
59.75,22.5,ascending,220.92
59.75,22.75,ascending,223.7625
59.75,23.0,ascending,229.45999
59.75,23.25,ascending,233.8175
59.75,23.5,ascending,236.88998
59.75,23.75,ascending,237.13
59.75,24.0,ascending,235.495
59.75,24.25,ascending,233.13399
59.75,24.5,ascending,231.00499
59.75,24.75,ascending,228.788
59.75,25.0,ascending,226.55333
59.75,25.25,ascending,224.654
59.75,25.5,ascending,224.394
59.75,25.75,ascending,223.61665
59.75,26.0,ascending,223.45
59.75,26.25,ascending,222.0
59.75,26.5,ascending,218.48799
59.75,26.75,ascending,216.89333
59.75,27.0,ascending,214.64333
59.75,27.25,ascending,214.88399
59.75,27.5,ascending,213.8075
59.75,27.75,ascending,215.158
59.75,28.0,ascending,217.92801
59.75,28.25,ascending,224.22
59.75,28.5,ascending,227.946
59.75,28.75,ascending,236.29
59.75,29.0,ascending,245.45999
59.75,29.25,ascending,251.32748
59.75,29.5,ascending,257.136
59.75,29.75,ascending,257.3175
59.75,30.0,ascending,259.65
59.75,30.25,ascending,263.064
59.75,30.5,ascending,265.36
59.75,30.75,ascending,263.63
59.75,31.0,ascending,257.79498
59.75,31.25,ascending,253.26399
59.75,31.5,ascending,254.774
59.75,31.75,ascending,260.08
59.75,32.0,ascending,263.13
59.75,32.25,ascending,264.62332
59.75,32.5,ascending,267.136
59.75,32.75,ascending,269.38
59.75,33.0,ascending,270.714
59.75,33.25,ascending,271.768
59.75,33.5,ascending,270.62375
59.75,33.75,ascending,270.72705
59.75,34.0,ascending,270.725
59.75,34.25,ascending,270.53186
59.75,34.5,ascending,270.0453
59.75,34.75,ascending,269.31534
59.75,35.0,ascending,268.75287
59.75,35.25,ascending,268.352
59.75,35.5,ascending,268.46
59.75,35.75,ascending,268.73285
59.75,36.0,ascending,269.08383
59.75,36.25,ascending,268.80154
59.75,36.5,ascending,268.49213
59.75,36.75,ascending,268.245
59.75,37.0,ascending,268.23712
59.75,37.25,ascending,268.25845
59.75,37.5,ascending,268.22125
59.75,37.75,ascending,267.98666
59.75,38.0,ascending,267.81
60.0,-13.0,ascending,215.08798
60.0,-12.75,ascending,215.01688
60.0,-12.5,ascending,215.16
60.0,-12.25,ascending,215.99333
60.0,-12.0,ascending,216.42764
60.0,-11.75,ascending,217.17705
60.0,-11.5,ascending,217.6525
60.0,-11.25,ascending,216.79625
60.0,-11.0,ascending,215.96832
60.0,-10.75,ascending,215.06895
60.0,-10.5,ascending,213.96555
60.0,-10.25,ascending,211.53166
60.0,-10.0,ascending,211.10999
60.0,-9.75,ascending,210.656
60.0,-9.5,ascending,210.32166
60.0,-9.25,ascending,209.93834
60.0,-9.0,ascending,209.55
60.0,-8.75,ascending,209.05249
60.0,-8.5,ascending,208.48398
60.0,-8.25,ascending,208.14
60.0,-8.0,ascending,207.825
60.0,-7.75,ascending,207.59666
60.0,-7.5,ascending,207.3775
60.0,-7.25,ascending,207.17249
60.0,-7.0,ascending,207.00166
60.0,-6.75,ascending,206.85999
60.0,-6.5,ascending,206.75601
60.0,-6.25,ascending,206.67499
60.0,-6.0,ascending,206.60999
60.0,-5.75,ascending,206.635
60.0,-5.5,ascending,206.75998
60.0,-5.25,ascending,207.0275
60.0,-5.0,ascending,207.21599
60.0,-4.75,ascending,207.385
60.0,-4.5,ascending,207.47998
60.0,-4.25,ascending,207.56
60.0,-4.0,ascending,207.624
60.0,-3.75,ascending,207.67665
60.0,-3.5,ascending,207.702
60.0,-3.25,ascending,207.70401
60.0,-3.0,ascending,207.69331
60.0,-2.75,ascending,207.696
60.0,-2.5,ascending,207.75601
60.0,-2.25,ascending,207.93
60.0,-2.0,ascending,208.26799
60.0,-1.75,ascending,210.60332
60.0,-1.5,ascending,213.91599
60.0,-1.25,ascending,219.0575
60.0,-1.0,ascending,219.85999
60.0,-0.75,ascending,215.52249
60.0,-0.5,ascending,211.42
60.0,-0.25,ascending,208.48749
60.0,-0.0,ascending,208.36284
60.0,0.25,ascending,206.004
60.0,0.5,ascending,205.8825
60.0,0.75,ascending,205.91399
60.0,1.0,ascending,205.95499
60.0,1.25,ascending,205.93
60.0,1.5,ascending,205.86002
60.0,1.75,ascending,205.81999
60.0,2.0,ascending,205.892
60.0,2.25,ascending,205.946
60.0,2.5,ascending,206.04399
60.0,2.75,ascending,206.13998
60.0,3.0,ascending,206.2675
60.0,3.25,ascending,206.42
60.0,3.5,ascending,206.63
60.0,3.75,ascending,206.86
60.0,4.0,ascending,207.2
60.0,4.25,ascending,207.83333
60.0,4.5,ascending,209.98799
60.0,4.75,ascending,215.724
60.0,5.0,ascending,226.63249
60.0,5.25,ascending,237.358
60.0,5.5,ascending,248.40999
60.0,5.75,ascending,255.2825
60.0,6.0,ascending,256.494
60.0,6.25,ascending,257.336
60.0,6.5,ascending,256.75
60.0,6.75,ascending,255.00998
60.0,7.0,ascending,253.71
60.0,7.25,ascending,254.228
60.0,7.5,ascending,256.09497
60.0,7.75,ascending,257.99
60.0,8.0,ascending,260.222
60.0,8.25,ascending,261.43167
60.0,8.5,ascending,260.91586
60.0,8.75,ascending,263.9025
60.0,9.0,ascending,266.64706
60.0,9.25,ascending,269.92438
60.0,9.5,ascending,272.0225
60.0,9.75,ascending,272.65533
60.0,10.0,ascending,272.62067
60.0,10.25,ascending,272.34332
60.0,10.5,ascending,272.07187
60.0,10.75,ascending,272.23666
60.0,11.0,ascending,272.54266
60.0,11.25,ascending,273.61078
60.0,11.5,ascending,274.30197
60.0,11.75,ascending,274.81384
60.0,12.0,ascending,275.13153
60.0,12.25,ascending,275.37213
60.0,12.5,ascending,275.525
60.0,12.75,ascending,275.24866
60.0,13.0,ascending,275.07126
60.0,13.25,ascending,274.8106
60.0,13.5,ascending,274.5325
60.0,13.75,ascending,274.23053
60.0,14.0,ascending,274.04565
60.0,14.25,ascending,273.77
60.0,14.5,ascending,273.28998
60.0,14.75,ascending,273.2525
60.0,15.0,ascending,273.232
60.0,15.25,ascending,273.13498
60.0,15.5,ascending,272.85498
60.0,15.75,ascending,272.78
60.0,16.0,ascending,272.87167
60.0,16.25,ascending,273.16
60.0,16.5,ascending,273.8
60.0,16.75,ascending,274.21167
60.0,17.0,ascending,274.768
60.0,17.25,ascending,274.8
60.0,17.5,ascending,274.82
60.0,17.75,ascending,274.86398
60.0,18.0,ascending,274.24
60.0,18.25,ascending,271.5875
60.0,18.5,ascending,266.34198
60.0,18.75,ascending,254.825
60.0,19.0,ascending,241.98799
60.0,19.25,ascending,226.5575
60.0,19.5,ascending,218.94199
60.0,19.75,ascending,218.03598
60.0,20.0,ascending,221.34999
60.0,20.25,ascending,223.452
60.0,20.5,ascending,224.9175
60.0,20.75,ascending,222.012
60.0,21.0,ascending,218.448
60.0,21.25,ascending,217.345
60.0,21.5,ascending,218.41
60.0,21.75,ascending,220.5725
60.0,22.0,ascending,225.58398
60.0,22.25,ascending,228.65999
60.0,22.5,ascending,239.32999
60.0,22.75,ascending,245.594
60.0,23.0,ascending,251.59334
60.0,23.25,ascending,254.9325
60.0,23.5,ascending,260.1525
60.0,23.75,ascending,255.5475
60.0,24.0,ascending,255.965
60.0,24.25,ascending,251.44
60.0,24.5,ascending,249.11499
60.0,24.75,ascending,243.50334
60.0,25.0,ascending,240.08598
60.0,25.25,ascending,237.43599
60.0,25.5,ascending,235.94334
60.0,25.75,ascending,231.36499
60.0,26.0,ascending,230.93001
60.0,26.25,ascending,227.642
60.0,26.5,ascending,224.18999
60.0,26.75,ascending,219.93748
60.0,27.0,ascending,219.11198
60.0,27.25,ascending,217.32199
60.0,27.5,ascending,218.97751
60.0,27.75,ascending,217.51599
60.0,28.0,ascending,219.528
60.0,28.25,ascending,220.05
60.0,28.5,ascending,224.70999
60.0,28.75,ascending,230.78749
60.0,29.0,ascending,240.694
60.0,29.25,ascending,249.144
60.0,29.5,ascending,253.40201
60.0,29.75,ascending,256.315
60.0,30.0,ascending,259.268
60.0,30.25,ascending,262.81598
60.0,30.5,ascending,262.1175
60.0,30.75,ascending,255.78166
60.0,31.0,ascending,244.21599
60.0,31.25,ascending,235.91
60.0,31.5,ascending,237.1875
60.0,31.75,ascending,243.58598
60.0,32.0,ascending,250.064
60.0,32.25,ascending,252.49199
60.0,32.5,ascending,258.59998
60.0,32.75,ascending,264.53198
60.0,33.0,ascending,267.58
60.0,33.25,ascending,268.935
60.0,33.5,ascending,270.01056
60.0,33.75,ascending,270.9594
60.0,34.0,ascending,271.22824
60.0,34.25,ascending,271.29532
60.0,34.5,ascending,270.78998
60.0,34.75,ascending,270.22214
60.0,35.0,ascending,269.74832
60.0,35.25,ascending,269.05374
60.0,35.5,ascending,268.8969
60.0,35.75,ascending,268.90076
60.0,36.0,ascending,269.09784
60.0,36.25,ascending,268.998
60.0,36.5,ascending,268.60858
60.0,36.75,ascending,268.22784
60.0,37.0,ascending,267.88785
60.0,37.25,ascending,267.70786
60.0,37.5,ascending,267.67398
60.0,37.75,ascending,267.70468
60.0,38.0,ascending,267.7325
60.25,-13.0,ascending,213.69856
60.25,-12.75,ascending,213.33733
60.25,-12.5,ascending,213.4325
60.25,-12.25,ascending,214.07582
60.25,-12.0,ascending,214.76932
60.25,-11.75,ascending,215.72285
60.25,-11.5,ascending,215.81236
60.25,-11.25,ascending,215.58467
60.25,-11.0,ascending,214.24368
60.25,-10.75,ascending,213.38315
60.25,-10.5,ascending,212.35768
60.25,-10.25,ascending,211.0925
60.25,-10.0,ascending,210.90999
60.25,-9.75,ascending,210.685
60.25,-9.5,ascending,210.3
60.25,-9.25,ascending,209.7
60.25,-9.0,ascending,209.135
60.25,-8.75,ascending,208.53
60.25,-8.5,ascending,207.894
60.25,-8.25,ascending,207.5825
60.25,-8.0,ascending,207.34332
60.25,-7.75,ascending,207.14665
60.25,-7.5,ascending,207.04199
60.25,-7.25,ascending,206.926
60.25,-7.0,ascending,206.81999
60.25,-6.75,ascending,206.71832
60.25,-6.5,ascending,206.61665
60.25,-6.25,ascending,206.55
60.25,-6.0,ascending,206.52332
60.25,-5.75,ascending,206.552
60.25,-5.5,ascending,206.5875
60.25,-5.25,ascending,206.70401
60.25,-5.0,ascending,206.66
60.25,-4.75,ascending,206.815
60.25,-4.5,ascending,206.67665
60.25,-4.25,ascending,206.89749
60.25,-4.0,ascending,206.972
60.25,-3.75,ascending,207.09999
60.25,-3.5,ascending,207.25
60.25,-3.25,ascending,207.39499
60.25,-3.0,ascending,207.5475
60.25,-2.75,ascending,207.735
60.25,-2.5,ascending,207.9325
60.25,-2.25,ascending,208.328
60.25,-2.0,ascending,209.5125
60.25,-1.75,ascending,213.01599
60.25,-1.5,ascending,218.57666
60.25,-1.25,ascending,223.20166
60.25,-1.0,ascending,223.47333
60.25,-0.75,ascending,218.75
60.25,-0.5,ascending,212.7925
60.25,-0.25,ascending,208.3525
60.25,-0.0,ascending,209.56142
60.25,0.25,ascending,206.21
60.25,0.5,ascending,206.054
60.25,0.75,ascending,206.08
60.25,1.0,ascending,206.14333
60.25,1.25,ascending,206.1175
60.25,1.5,ascending,206.132
60.25,1.75,ascending,206.105
60.25,2.0,ascending,206.17998
60.25,2.25,ascending,206.16667
60.25,2.5,ascending,206.32666
60.25,2.75,ascending,206.372
60.25,3.0,ascending,206.58398
60.25,3.25,ascending,206.7175
60.25,3.5,ascending,207.01999
60.25,3.75,ascending,207.215
60.25,4.0,ascending,207.604
60.25,4.25,ascending,208.40201
60.25,4.5,ascending,211.21999
60.25,4.75,ascending,219.03
60.25,5.0,ascending,229.855
60.25,5.25,ascending,244.43834
60.25,5.5,ascending,254.98999
60.25,5.75,ascending,258.93332
60.25,6.0,ascending,260.55832
60.25,6.25,ascending,259.375
60.25,6.5,ascending,257.67667
60.25,6.75,ascending,255.89665
60.25,7.0,ascending,254.3175
60.25,7.25,ascending,253.93001
60.25,7.5,ascending,255.345
60.25,7.75,ascending,258.05667
60.25,8.0,ascending,257.7314
60.25,8.25,ascending,255.15706
60.25,8.5,ascending,258.46704
60.25,8.75,ascending,262.35733
60.25,9.0,ascending,265.95624
60.25,9.25,ascending,268.69144
60.25,9.5,ascending,270.93152
60.25,9.75,ascending,272.19333
60.25,10.0,ascending,272.455
60.25,10.25,ascending,272.51083
60.25,10.5,ascending,272.55
60.25,10.75,ascending,272.95538
60.25,11.0,ascending,273.56857
60.25,11.25,ascending,274.18997
60.25,11.5,ascending,274.7423
60.25,11.75,ascending,275.13846
60.25,12.0,ascending,275.46844
60.25,12.25,ascending,275.88
60.25,12.5,ascending,276.445
60.25,12.75,ascending,276.50497
60.25,13.0,ascending,276.62286
60.25,13.25,ascending,276.27933
60.25,13.5,ascending,275.69843
60.25,13.75,ascending,275.2361
60.25,14.0,ascending,274.89407
60.25,14.25,ascending,274.53098
60.25,14.5,ascending,274.01248
60.25,14.75,ascending,273.722
60.25,15.0,ascending,273.42
60.25,15.25,ascending,273.0125
60.25,15.5,ascending,272.626
60.25,15.75,ascending,272.272
60.25,16.0,ascending,272.03998
60.25,16.25,ascending,272.128
60.25,16.5,ascending,272.26398
60.25,16.75,ascending,272.18
60.25,17.0,ascending,272.5925
60.25,17.25,ascending,271.8325
60.25,17.5,ascending,271.916
60.25,17.75,ascending,270.47998
60.25,18.0,ascending,266.81598
60.25,18.25,ascending,259.26248
60.25,18.5,ascending,248.328
60.25,18.75,ascending,235.275
60.25,19.0,ascending,225.59999
60.25,19.25,ascending,217.09799
60.25,19.5,ascending,216.54399
60.25,19.75,ascending,220.1425
60.25,20.0,ascending,224.29199
60.25,20.25,ascending,224.88
60.25,20.5,ascending,222.866
60.25,20.75,ascending,218.226
60.25,21.0,ascending,217.74199
60.25,21.25,ascending,219.90001
60.25,21.5,ascending,224.252
60.25,21.75,ascending,232.67749
60.25,22.0,ascending,239.565
60.25,22.25,ascending,249.29599
60.25,22.5,ascending,258.7375
60.25,22.75,ascending,263.435
60.25,23.0,ascending,269.052
60.25,23.25,ascending,271.3025
60.25,23.5,ascending,271.636
60.25,23.75,ascending,270.0825
60.25,24.0,ascending,267.715
60.25,24.25,ascending,265.972
60.25,24.5,ascending,265.83667
60.25,24.75,ascending,262.21997
60.25,25.0,ascending,260.22998
60.25,25.25,ascending,258.7825
60.25,25.5,ascending,254.802
60.25,25.75,ascending,254.70999
60.25,26.0,ascending,251.6825
60.25,26.25,ascending,247.315
60.25,26.5,ascending,240.798
60.25,26.75,ascending,238.86
60.25,27.0,ascending,237.404
60.25,27.25,ascending,234.772
60.25,27.5,ascending,238.345
60.25,27.75,ascending,234.554
60.25,28.0,ascending,237.29749
60.25,28.25,ascending,233.642
60.25,28.5,ascending,239.668
60.25,28.75,ascending,243.92749
60.25,29.0,ascending,254.996
60.25,29.25,ascending,258.845
60.25,29.5,ascending,263.23
60.25,29.75,ascending,263.30798
60.25,30.0,ascending,264.23248
60.25,30.25,ascending,263.574
60.25,30.5,ascending,256.882
60.25,30.75,ascending,247.42749
60.25,31.0,ascending,231.1975
60.25,31.25,ascending,224.90799
60.25,31.5,ascending,225.0425
60.25,31.75,ascending,229.88832
60.25,32.0,ascending,237.42801
60.25,32.25,ascending,243.076
60.25,32.5,ascending,250.015
60.25,32.75,ascending,257.4075
60.25,33.0,ascending,262.94788
60.25,33.25,ascending,266.31714
60.25,33.5,ascending,269.23715
60.25,33.75,ascending,270.19293
60.25,34.0,ascending,271.60266
60.25,34.25,ascending,271.6369
60.25,34.5,ascending,271.50266
60.25,34.75,ascending,271.17072
60.25,35.0,ascending,270.74768
60.25,35.25,ascending,270.28915
60.25,35.5,ascending,269.758
60.25,35.75,ascending,269.87076
60.25,36.0,ascending,269.8425
60.25,36.25,ascending,269.72693
60.25,36.5,ascending,269.4469
60.25,36.75,ascending,269.03693
60.25,37.0,ascending,268.62143
60.25,37.25,ascending,268.2454
60.25,37.5,ascending,268.0422
60.25,37.75,ascending,268.04932
60.25,38.0,ascending,268.24124
60.5,-13.0,ascending,212.73665
60.5,-12.75,ascending,212.94385
60.5,-12.5,ascending,213.13133
60.5,-12.25,ascending,213.51768
60.5,-12.0,ascending,213.89499
60.5,-11.75,ascending,214.21785
60.5,-11.5,ascending,213.98466
60.5,-11.25,ascending,213.7494
60.5,-11.0,ascending,212.93788
60.5,-10.75,ascending,212.4459
60.5,-10.5,ascending,211.95221
60.5,-10.25,ascending,211.41199
60.5,-10.0,ascending,211.15
60.5,-9.75,ascending,210.685
60.5,-9.5,ascending,209.96399
60.5,-9.25,ascending,209.2425
60.5,-9.0,ascending,208.5
60.5,-8.75,ascending,207.92168
60.5,-8.5,ascending,207.5175
60.5,-8.25,ascending,207.29199
60.5,-8.0,ascending,207.135
60.5,-7.75,ascending,207.03198
60.5,-7.5,ascending,206.96599
60.5,-7.25,ascending,206.9125
60.5,-7.0,ascending,206.818
60.5,-6.75,ascending,206.7325
60.5,-6.5,ascending,206.646
60.5,-6.25,ascending,206.57199
60.5,-6.0,ascending,206.48398
60.5,-5.75,ascending,206.375
60.5,-5.5,ascending,206.318
60.5,-5.25,ascending,206.28
60.5,-5.0,ascending,206.2275
60.5,-4.75,ascending,206.23198
60.5,-4.5,ascending,206.18
60.5,-4.25,ascending,206.22499
60.5,-4.0,ascending,206.252
60.5,-3.75,ascending,206.39667
60.5,-3.5,ascending,206.554
60.5,-3.25,ascending,206.894
60.5,-3.0,ascending,207.1875
60.5,-2.75,ascending,207.48749
60.5,-2.5,ascending,207.7125
60.5,-2.25,ascending,208.23749
60.5,-2.0,ascending,209.616
60.5,-1.75,ascending,212.32666
60.5,-1.5,ascending,217.21
60.5,-1.25,ascending,220.34999
60.5,-1.0,ascending,220.842
60.5,-0.75,ascending,216.48
60.5,-0.5,ascending,212.31
60.5,-0.25,ascending,209.04
60.5,-0.0,ascending,210.36665
60.5,0.25,ascending,206.28398
60.5,0.5,ascending,206.2175
60.5,0.75,ascending,206.2125
60.5,1.0,ascending,206.245
60.5,1.25,ascending,206.25
60.5,1.5,ascending,206.30998
60.5,1.75,ascending,206.3425
60.5,2.0,ascending,206.40999
60.5,2.25,ascending,206.42801
60.5,2.5,ascending,206.605
60.5,2.75,ascending,206.698
60.5,3.0,ascending,206.8775
60.5,3.25,ascending,207.04199
60.5,3.5,ascending,207.38799
60.5,3.75,ascending,207.6375
60.5,4.0,ascending,208.11198
60.5,4.25,ascending,209.03249
60.5,4.5,ascending,212.68001
60.5,4.75,ascending,223.00665
60.5,5.0,ascending,234.526
60.5,5.25,ascending,249.63199
60.5,5.5,ascending,257.9225
60.5,5.75,ascending,262.41333
60.5,6.0,ascending,263.058
60.5,6.25,ascending,261.6125
60.5,6.5,ascending,260.0483
60.5,6.75,ascending,258.13397
60.5,7.0,ascending,256.085
60.5,7.25,ascending,254.77998
60.5,7.5,ascending,255.11499
60.5,7.75,ascending,249.58499
60.5,8.0,ascending,251.65819
60.5,8.25,ascending,254.6458
60.5,8.5,ascending,260.36874
60.5,8.75,ascending,263.42865
60.5,9.0,ascending,266.97427
60.5,9.25,ascending,269.80066
60.5,9.5,ascending,271.88
60.5,9.75,ascending,272.366
60.5,10.0,ascending,272.9893
60.5,10.25,ascending,272.47928
60.5,10.5,ascending,272.08923
60.5,10.75,ascending,271.9325
60.5,11.0,ascending,272.30075
60.5,11.25,ascending,273.18643
60.5,11.5,ascending,274.26538
60.5,11.75,ascending,275.3177
60.5,12.0,ascending,275.98398
60.5,12.25,ascending,276.48712
60.5,12.5,ascending,277.00537
60.5,12.75,ascending,277.332
60.5,13.0,ascending,277.19174
60.5,13.25,ascending,276.9294
60.5,13.5,ascending,276.3911
60.5,13.75,ascending,275.89474
60.5,14.0,ascending,275.4409
60.5,14.25,ascending,274.796
60.5,14.5,ascending,274.21335
60.5,14.75,ascending,273.65164
60.5,15.0,ascending,273.04248
60.5,15.25,ascending,272.36398
60.5,15.5,ascending,271.31168
60.5,15.75,ascending,271.05402
60.5,16.0,ascending,270.872
60.5,16.25,ascending,271.235
60.5,16.5,ascending,271.422
60.5,16.75,ascending,271.36
60.5,17.0,ascending,270.78665
60.5,17.25,ascending,269.275
60.5,17.5,ascending,263.81598
60.5,17.75,ascending,257.785
60.5,18.0,ascending,244.25601
60.5,18.25,ascending,235.09499
60.5,18.5,ascending,222.58598
60.5,18.75,ascending,216.78749
60.5,19.0,ascending,212.23001
60.5,19.25,ascending,211.3225
60.5,19.5,ascending,212.605
60.5,19.75,ascending,214.8075
60.5,20.0,ascending,215.28398
60.5,20.25,ascending,214.575
60.5,20.5,ascending,213.318
60.5,20.75,ascending,212.92249
60.5,21.0,ascending,215.50998
60.5,21.25,ascending,221.78749
60.5,21.5,ascending,232.61398
60.5,21.75,ascending,244.33
60.5,22.0,ascending,254.51799
60.5,22.25,ascending,266.69998
60.5,22.5,ascending,270.74
60.5,22.75,ascending,274.1775
60.5,23.0,ascending,275.7675
60.5,23.25,ascending,276.452
60.5,23.5,ascending,276.245
60.5,23.75,ascending,274.445
60.5,24.0,ascending,273.3
60.5,24.25,ascending,272.11
60.5,24.5,ascending,271.402
60.5,24.75,ascending,271.426
60.5,25.0,ascending,270.7775
60.5,25.25,ascending,270.70248
60.5,25.5,ascending,270.57397
60.5,25.75,ascending,268.95248
60.5,26.0,ascending,265.13333
60.5,26.25,ascending,264.654
60.5,26.5,ascending,260.66
60.5,26.75,ascending,261.93198
60.5,27.0,ascending,259.638
60.5,27.25,ascending,257.49
60.5,27.5,ascending,255.12666
60.5,27.75,ascending,255.90999
60.5,28.0,ascending,254.61499
60.5,28.25,ascending,253.5
60.5,28.5,ascending,254.45
60.5,28.75,ascending,260.33798
60.5,29.0,ascending,266.78
60.5,29.25,ascending,268.754
60.5,29.5,ascending,269.848
60.5,29.75,ascending,268.375
60.5,30.0,ascending,265.914
60.5,30.25,ascending,257.365
60.5,30.5,ascending,248.868
60.5,30.75,ascending,234.29
60.5,31.0,ascending,223.90201
60.5,31.25,ascending,219.08
60.5,31.5,ascending,220.11168
60.5,31.75,ascending,226.42
60.5,32.0,ascending,233.575
60.5,32.25,ascending,240.318
60.5,32.5,ascending,249.27066
60.5,32.75,ascending,254.375
60.5,33.0,ascending,259.38354
60.5,33.25,ascending,263.97665
60.5,33.5,ascending,267.405
60.5,33.75,ascending,269.86465
60.5,34.0,ascending,270.89664
60.5,34.25,ascending,271.47922
60.5,34.5,ascending,271.54132
60.5,34.75,ascending,271.50247
60.5,35.0,ascending,271.1825
60.5,35.25,ascending,270.90167
60.5,35.5,ascending,270.71832
60.5,35.75,ascending,270.6723
60.5,36.0,ascending,270.58713
60.5,36.25,ascending,270.48917
60.5,36.5,ascending,270.0554
60.5,36.75,ascending,269.63785
60.5,37.0,ascending,269.33875
60.5,37.25,ascending,269.2575
60.5,37.5,ascending,269.56644
60.5,37.75,ascending,269.54132
60.5,38.0,ascending,269.4111
60.75,-13.0,ascending,213.41856
60.75,-12.75,ascending,213.48
60.75,-12.5,ascending,213.44922
60.75,-12.25,ascending,213.30615
60.75,-12.0,ascending,213.2957
60.75,-11.75,ascending,213.29199
60.75,-11.5,ascending,212.97
60.75,-11.25,ascending,212.66888
60.75,-11.0,ascending,212.4675
60.75,-10.75,ascending,212.1575
60.75,-10.5,ascending,211.88832
60.75,-10.25,ascending,211.39499
60.75,-10.0,ascending,210.73714
60.75,-9.75,ascending,209.90332
60.75,-9.5,ascending,209.30249
60.75,-9.25,ascending,208.622
60.75,-9.0,ascending,207.97
60.75,-8.75,ascending,207.61499
60.75,-8.5,ascending,207.38799
60.75,-8.25,ascending,207.26999
60.75,-8.0,ascending,207.182
60.75,-7.75,ascending,207.13998
60.75,-7.5,ascending,207.08598
60.75,-7.25,ascending,206.98499
60.75,-7.0,ascending,206.9375
60.75,-6.75,ascending,206.83499
60.75,-6.5,ascending,206.8175
60.75,-6.25,ascending,206.7
60.75,-6.0,ascending,206.65999
60.75,-5.75,ascending,206.65799
60.75,-5.5,ascending,206.51
60.75,-5.25,ascending,206.515
60.75,-5.0,ascending,206.35667
60.75,-4.75,ascending,206.25801
60.75,-4.5,ascending,206.094
60.75,-4.25,ascending,206.03
60.75,-4.0,ascending,206.0175
60.75,-3.75,ascending,206.1025
60.75,-3.5,ascending,206.28
60.75,-3.25,ascending,206.52332
60.75,-3.0,ascending,206.76799
60.75,-2.75,ascending,207.05249
60.75,-2.5,ascending,207.26399
60.75,-2.25,ascending,207.785
60.75,-2.0,ascending,208.67334
60.75,-1.75,ascending,210.53398
60.75,-1.5,ascending,214.20749
60.75,-1.25,ascending,215.30998
60.75,-1.0,ascending,216.05333
60.75,-0.75,ascending,213.19998
60.75,-0.5,ascending,210.13998
60.75,-0.25,ascending,207.65666
60.75,-0.0,ascending,210.82332
60.75,0.25,ascending,206.39749
60.75,0.5,ascending,206.30333
60.75,0.75,ascending,206.26599
60.75,1.0,ascending,206.25
60.75,1.25,ascending,206.2775
60.75,1.5,ascending,206.37666
60.75,1.75,ascending,206.46333
60.75,2.0,ascending,206.53
60.75,2.25,ascending,206.63599
60.75,2.5,ascending,206.78
60.75,2.75,ascending,206.904
60.75,3.0,ascending,207.105
60.75,3.25,ascending,207.314
60.75,3.5,ascending,207.64249
60.75,3.75,ascending,207.904
60.75,4.0,ascending,208.3675
60.75,4.25,ascending,209.63799
60.75,4.5,ascending,214.556
60.75,4.75,ascending,222.52998
60.75,5.0,ascending,238.10999
60.75,5.25,ascending,251.135
60.75,5.5,ascending,259.024
60.75,5.75,ascending,262.41998
60.75,6.0,ascending,262.0075
60.75,6.25,ascending,261.23798
60.75,6.5,ascending,259.58398
60.75,6.75,ascending,258.54248
60.75,7.0,ascending,257.47748
60.75,7.25,ascending,254.33858
60.75,7.5,ascending,246.19466
60.75,7.75,ascending,248.09874
60.75,8.0,ascending,250.66249
60.75,8.25,ascending,253.92213
60.75,8.5,ascending,258.28333
60.75,8.75,ascending,263.53665
60.75,9.0,ascending,267.02713
60.75,9.25,ascending,269.15143
60.75,9.5,ascending,271.34543
60.75,9.75,ascending,272.23428
60.75,10.0,ascending,273.22
60.75,10.25,ascending,273.1391
60.75,10.5,ascending,272.62497
60.75,10.75,ascending,272.01846
60.75,11.0,ascending,272.00305
60.75,11.25,ascending,273.07333
60.75,11.5,ascending,273.98083
60.75,11.75,ascending,275.39075
60.75,12.0,ascending,276.70538
60.75,12.25,ascending,277.13834
60.75,12.5,ascending,277.47812
60.75,12.75,ascending,277.59686
60.75,13.0,ascending,277.39264
60.75,13.25,ascending,277.1475
60.75,13.5,ascending,276.72467
60.75,13.75,ascending,276.2235
60.75,14.0,ascending,275.87735
60.75,14.25,ascending,274.20572
60.75,14.5,ascending,273.09
60.75,14.75,ascending,271.7725
60.75,15.0,ascending,270.69
60.75,15.25,ascending,270.08398
60.75,15.5,ascending,270.2725
60.75,15.75,ascending,271.076
60.75,16.0,ascending,272.0
60.75,16.25,ascending,272.62668
60.75,16.5,ascending,272.5275
60.75,16.75,ascending,271.306
60.75,17.0,ascending,268.26666
60.75,17.25,ascending,261.1083
60.75,17.5,ascending,249.5275
60.75,17.75,ascending,236.09
60.75,18.0,ascending,224.105
60.75,18.25,ascending,216.065
60.75,18.5,ascending,211.81
60.75,18.75,ascending,210.35599
60.75,19.0,ascending,209.4625
60.75,19.25,ascending,209.435
60.75,19.5,ascending,209.58249
60.75,19.75,ascending,209.81
60.75,20.0,ascending,209.346
60.75,20.25,ascending,209.29199
60.75,20.5,ascending,209.33
60.75,20.75,ascending,210.644
60.75,21.0,ascending,214.62999
60.75,21.25,ascending,222.39499
60.75,21.5,ascending,233.7
60.75,21.75,ascending,250.12
60.75,22.0,ascending,263.205
60.75,22.25,ascending,269.578
60.75,22.5,ascending,272.84
60.75,22.75,ascending,274.255
60.75,23.0,ascending,275.8825
60.75,23.25,ascending,276.8025
60.75,23.5,ascending,276.22247
60.75,23.75,ascending,274.89
60.75,24.0,ascending,273.17667
60.75,24.25,ascending,272.336
60.75,24.5,ascending,271.6325
60.75,24.75,ascending,272.25
60.75,25.0,ascending,272.89398
60.75,25.25,ascending,273.485
60.75,25.5,ascending,273.59668
60.75,25.75,ascending,272.746
60.75,26.0,ascending,271.8
60.75,26.25,ascending,271.376
60.75,26.5,ascending,270.47748
60.75,26.75,ascending,270.4
60.75,27.0,ascending,269.90665
60.75,27.25,ascending,269.55
60.75,27.5,ascending,268.28598
60.75,27.75,ascending,268.97748
60.75,28.0,ascending,266.638
60.75,28.25,ascending,266.7025
60.75,28.5,ascending,265.348
60.75,28.75,ascending,269.1175
60.75,29.0,ascending,271.65
60.75,29.25,ascending,272.216
60.75,29.5,ascending,271.6325
60.75,29.75,ascending,268.5
60.75,30.0,ascending,261.7575
60.75,30.25,ascending,249.225
60.75,30.5,ascending,236.09
60.75,30.75,ascending,224.155
60.75,31.0,ascending,218.16667
60.75,31.25,ascending,216.58333
60.75,31.5,ascending,220.3475
60.75,31.75,ascending,225.84
60.75,32.0,ascending,233.96599
60.75,32.25,ascending,243.47499
60.75,32.5,ascending,249.29999
60.75,32.75,ascending,254.25
60.75,33.0,ascending,259.73798
60.75,33.25,ascending,263.70538
60.75,33.5,ascending,267.64532
60.75,33.75,ascending,269.6175
60.75,34.0,ascending,270.45285
60.75,34.25,ascending,271.25916
60.75,34.5,ascending,271.02368
60.75,34.75,ascending,270.82153
60.75,35.0,ascending,270.59213
60.75,35.25,ascending,270.43332
60.75,35.5,ascending,270.12308
60.75,35.75,ascending,269.85922
60.75,36.0,ascending,269.99875
60.75,36.25,ascending,269.98785
60.75,36.5,ascending,269.944
60.75,36.75,ascending,269.84152
60.75,37.0,ascending,269.72784
60.75,37.25,ascending,269.74786
60.75,37.5,ascending,270.08463
60.75,37.75,ascending,270.06534
60.75,38.0,ascending,270.01624
61.0,-13.0,ascending,214.285
61.0,-12.75,ascending,213.58383
61.0,-12.5,ascending,213.29285
61.0,-12.25,ascending,213.05357
61.0,-12.0,ascending,212.96733
61.0,-11.75,ascending,212.99266
61.0,-11.5,ascending,213.09412
61.0,-11.25,ascending,213.12332
61.0,-11.0,ascending,212.93317
61.0,-10.75,ascending,212.65167
61.0,-10.5,ascending,211.44499
61.0,-10.25,ascending,210.685
61.0,-10.0,ascending,209.8675
61.0,-9.75,ascending,209.30666
61.0,-9.5,ascending,208.665
61.0,-9.25,ascending,208.12166
61.0,-9.0,ascending,207.755
61.0,-8.75,ascending,207.58249
61.0,-8.5,ascending,207.46199
61.0,-8.25,ascending,207.35999
61.0,-8.0,ascending,207.3125
61.0,-7.75,ascending,207.252
61.0,-7.5,ascending,207.18
61.0,-7.25,ascending,207.11665
61.0,-7.0,ascending,207.08
61.0,-6.75,ascending,207.13998
61.0,-6.5,ascending,207.58598
61.0,-6.25,ascending,207.51999
61.0,-6.0,ascending,207.84799
61.0,-5.75,ascending,207.58333
61.0,-5.5,ascending,207.174
61.0,-5.25,ascending,206.935
61.0,-5.0,ascending,206.70801
61.0,-4.75,ascending,206.5025
61.0,-4.5,ascending,206.33798
61.0,-4.25,ascending,206.25334
61.0,-4.0,ascending,206.18198
61.0,-3.75,ascending,206.235
61.0,-3.5,ascending,206.31999
61.0,-3.25,ascending,206.4775
61.0,-3.0,ascending,206.70801
61.0,-2.75,ascending,206.93333
61.0,-2.5,ascending,207.3875
61.0,-2.25,ascending,207.8675
61.0,-2.0,ascending,208.846
61.0,-1.75,ascending,210.18
61.0,-1.5,ascending,212.23001
61.0,-1.25,ascending,213.43999
61.0,-1.0,ascending,213.298
61.0,-0.75,ascending,211.23332
61.0,-0.5,ascending,208.635
61.0,-0.25,ascending,207.16599
61.0,-0.0,ascending,218.98856
61.0,0.25,ascending,206.3925
61.0,0.5,ascending,206.26399
61.0,0.75,ascending,206.2125
61.0,1.0,ascending,206.19
61.0,1.25,ascending,206.24666
61.0,1.5,ascending,206.34
61.0,1.75,ascending,206.44
61.0,2.0,ascending,206.524
61.0,2.25,ascending,206.6225
61.0,2.5,ascending,206.798
61.0,2.75,ascending,207.03749
61.0,3.0,ascending,207.3
61.0,3.25,ascending,207.58199
61.0,3.5,ascending,207.8725
61.0,3.75,ascending,208.08598
61.0,4.0,ascending,208.48999
61.0,4.25,ascending,209.926
61.0,4.5,ascending,214.26749
61.0,4.75,ascending,223.92
61.0,5.0,ascending,237.5575
61.0,5.25,ascending,249.42499
61.0,5.5,ascending,258.354
61.0,5.75,ascending,262.03833
61.0,6.0,ascending,261.5675
61.0,6.25,ascending,259.916
61.0,6.5,ascending,258.52798
61.0,6.75,ascending,258.01
61.0,7.0,ascending,253.79109
61.0,7.25,ascending,248.90437
61.0,7.5,ascending,248.44707
61.0,7.75,ascending,249.78563
61.0,8.0,ascending,250.57066
61.0,8.25,ascending,253.73787
61.0,8.5,ascending,256.39465
61.0,8.75,ascending,259.50375
61.0,9.0,ascending,263.66165
61.0,9.25,ascending,266.1857
61.0,9.5,ascending,269.22614
61.0,9.75,ascending,270.57693
61.0,10.0,ascending,271.875
61.0,10.25,ascending,272.30667
61.0,10.5,ascending,272.15833
61.0,10.75,ascending,272.34583
61.0,11.0,ascending,272.63922
61.0,11.25,ascending,273.3923
61.0,11.5,ascending,274.49
61.0,11.75,ascending,275.19928
61.0,12.0,ascending,275.90787
61.0,12.25,ascending,276.42688
61.0,12.5,ascending,276.7007
61.0,12.75,ascending,276.93356
61.0,13.0,ascending,276.95212
61.0,13.25,ascending,277.11465
61.0,13.5,ascending,277.01056
61.0,13.75,ascending,276.7614
61.0,14.0,ascending,276.23788
61.0,14.25,ascending,274.0325
61.0,14.5,ascending,272.818
61.0,14.75,ascending,271.76334
61.0,15.0,ascending,272.06332
61.0,15.25,ascending,272.018
61.0,15.5,ascending,272.77597
61.0,15.75,ascending,273.192
61.0,16.0,ascending,273.292
61.0,16.25,ascending,273.2
61.0,16.5,ascending,272.30832
61.0,16.75,ascending,269.71335
61.0,17.0,ascending,263.34332
61.0,17.25,ascending,253.46666
61.0,17.5,ascending,240.14333
61.0,17.75,ascending,228.0025
61.0,18.0,ascending,218.78198
61.0,18.25,ascending,213.24399
61.0,18.5,ascending,210.528
61.0,18.75,ascending,209.63249
61.0,19.0,ascending,209.2775
61.0,19.25,ascending,209.11499
61.0,19.5,ascending,208.93198
61.0,19.75,ascending,208.7475
61.0,20.0,ascending,208.5925
61.0,20.25,ascending,208.55249
61.0,20.5,ascending,208.81665
61.0,20.75,ascending,210.11499
61.0,21.0,ascending,213.46999
61.0,21.25,ascending,221.176
61.0,21.5,ascending,234.5125
61.0,21.75,ascending,248.28499
61.0,22.0,ascending,260.0425
61.0,22.25,ascending,266.9
61.0,22.5,ascending,271.074
61.0,22.75,ascending,273.775
61.0,23.0,ascending,275.168
61.0,23.25,ascending,275.4575
61.0,23.5,ascending,274.53
61.0,23.75,ascending,273.345
61.0,24.0,ascending,271.128
61.0,24.25,ascending,270.065
61.0,24.5,ascending,269.91998
61.0,24.75,ascending,270.555
61.0,25.0,ascending,271.452
61.0,25.25,ascending,272.0525
61.0,25.5,ascending,272.1175
61.0,25.75,ascending,271.174
61.0,26.0,ascending,271.32748
61.0,26.25,ascending,271.335
61.0,26.5,ascending,271.58667
61.0,26.75,ascending,271.924
61.0,27.0,ascending,272.658
61.0,27.25,ascending,273.13
61.0,27.5,ascending,272.792
61.0,27.75,ascending,271.97
61.0,28.0,ascending,270.86798
61.0,28.25,ascending,270.06
61.0,28.5,ascending,270.216
61.0,28.75,ascending,271.375
61.0,29.0,ascending,272.465
61.0,29.25,ascending,273.4975
61.0,29.5,ascending,272.732
61.0,29.75,ascending,268.95
61.0,30.0,ascending,260.142
61.0,30.25,ascending,247.60799
61.0,30.5,ascending,233.57999
61.0,30.75,ascending,223.25499
61.0,31.0,ascending,219.87666
61.0,31.25,ascending,221.79399
61.0,31.5,ascending,226.3625
61.0,31.75,ascending,230.4525
61.0,32.0,ascending,235.40666
61.0,32.25,ascending,240.04749
61.0,32.5,ascending,246.58249
61.0,32.75,ascending,252.98601
61.0,33.0,ascending,258.3607
61.0,33.25,ascending,263.65643
61.0,33.5,ascending,267.4307
61.0,33.75,ascending,270.3025
61.0,34.0,ascending,270.742
61.0,34.25,ascending,271.18082
61.0,34.5,ascending,270.75333
61.0,34.75,ascending,270.0946
61.0,35.0,ascending,269.44583
61.0,35.25,ascending,269.03934
61.0,35.5,ascending,268.53134
61.0,35.75,ascending,268.16846
61.0,36.0,ascending,268.07846
61.0,36.25,ascending,268.59915
61.0,36.5,ascending,269.15198
61.0,36.75,ascending,269.6123
61.0,37.0,ascending,269.80075
61.0,37.25,ascending,269.9893
61.0,37.5,ascending,270.14142
61.0,37.75,ascending,270.23438
61.0,38.0,ascending,270.12555
61.25,-13.0,ascending,212.88332
61.25,-12.75,ascending,212.75835
61.25,-12.5,ascending,212.8946
61.25,-12.25,ascending,212.89499
61.25,-12.0,ascending,212.99533
61.25,-11.75,ascending,213.12866
61.25,-11.5,ascending,213.19646
61.25,-11.25,ascending,213.11833
61.25,-11.0,ascending,212.99554
61.25,-10.75,ascending,212.38428
61.25,-10.5,ascending,210.512
61.25,-10.25,ascending,209.8575
61.25,-10.0,ascending,209.34666
61.25,-9.75,ascending,208.77
61.25,-9.5,ascending,208.254
61.25,-9.25,ascending,207.95999
61.25,-9.0,ascending,207.79599
61.25,-8.75,ascending,207.7375
61.25,-8.5,ascending,207.61398
61.25,-8.25,ascending,207.515
61.25,-8.0,ascending,207.41
61.25,-7.75,ascending,207.29999
61.25,-7.5,ascending,207.275
61.25,-7.25,ascending,207.415
61.25,-7.0,ascending,207.80998
61.25,-6.75,ascending,208.92749
61.25,-6.5,ascending,210.12334
61.25,-6.25,ascending,210.13
61.25,-6.0,ascending,209.8225
61.25,-5.75,ascending,208.578
61.25,-5.5,ascending,208.0
61.25,-5.25,ascending,207.49199
61.25,-5.0,ascending,207.21199
61.25,-4.75,ascending,206.96999
61.25,-4.5,ascending,206.7625
61.25,-4.25,ascending,206.59001
61.25,-4.0,ascending,206.55
61.25,-3.75,ascending,206.54665
61.25,-3.5,ascending,206.57199
61.25,-3.25,ascending,206.765
61.25,-3.0,ascending,206.98332
61.25,-2.75,ascending,207.605
61.25,-2.5,ascending,208.50667
61.25,-2.25,ascending,209.168
61.25,-2.0,ascending,210.34999
61.25,-1.75,ascending,211.2275
61.25,-1.5,ascending,212.58998
61.25,-1.25,ascending,213.674
61.25,-1.0,ascending,212.415
61.25,-0.75,ascending,209.69499
61.25,-0.5,ascending,207.94
61.25,-0.25,ascending,207.0025
61.25,-0.0,ascending,222.96428
61.25,0.25,ascending,206.31999
61.25,0.5,ascending,206.18999
61.25,0.75,ascending,206.14333
61.25,1.0,ascending,206.1275
61.25,1.25,ascending,206.15999
61.25,1.5,ascending,206.24399
61.25,1.75,ascending,206.3375
61.25,2.0,ascending,206.432
61.25,2.25,ascending,206.5875
61.25,2.5,ascending,206.81665
61.25,2.75,ascending,207.18666
61.25,3.0,ascending,207.46332
61.25,3.25,ascending,207.74666
61.25,3.5,ascending,207.98401
61.25,3.75,ascending,208.165
61.25,4.0,ascending,208.43399
61.25,4.25,ascending,209.44499
61.25,4.5,ascending,213.226
61.25,4.75,ascending,221.89749
61.25,5.0,ascending,235.426
61.25,5.25,ascending,249.47
61.25,5.5,ascending,258.93597
61.25,5.75,ascending,262.65665
61.25,6.0,ascending,262.69
61.25,6.25,ascending,261.09747
61.25,6.5,ascending,259.306
61.25,6.75,ascending,253.56299
61.25,7.0,ascending,250.76312
61.25,7.25,ascending,251.29124
61.25,7.5,ascending,250.74333
61.25,7.75,ascending,251.68356
61.25,8.0,ascending,252.02214
61.25,8.25,ascending,253.04428
61.25,8.5,ascending,255.52635
61.25,8.75,ascending,256.70856
61.25,9.0,ascending,259.965
61.25,9.25,ascending,261.98865
61.25,9.5,ascending,264.8557
61.25,9.75,ascending,267.29
61.25,10.0,ascending,268.84415
61.25,10.25,ascending,270.06305
61.25,10.5,ascending,270.56418
61.25,10.75,ascending,270.88272
61.25,11.0,ascending,271.4577
61.25,11.25,ascending,272.0533
61.25,11.5,ascending,272.31427
61.25,11.75,ascending,272.9757
61.25,12.0,ascending,273.23923
61.25,12.25,ascending,273.7192
61.25,12.5,ascending,274.37616
61.25,12.75,ascending,274.89532
61.25,13.0,ascending,275.422
61.25,13.25,ascending,275.94266
61.25,13.5,ascending,276.04736
61.25,13.75,ascending,276.22263
61.25,14.0,ascending,276.315
61.25,14.25,ascending,275.07397
61.25,14.5,ascending,274.83798
61.25,14.75,ascending,274.655
61.25,15.0,ascending,274.805
61.25,15.25,ascending,274.514
61.25,15.5,ascending,274.29
61.25,15.75,ascending,274.04666
61.25,16.0,ascending,273.8125
61.25,16.25,ascending,273.47247
61.25,16.5,ascending,272.215
61.25,16.75,ascending,268.22333
61.25,17.0,ascending,261.91666
61.25,17.25,ascending,252.4025
61.25,17.5,ascending,240.50499
61.25,17.75,ascending,227.66998
61.25,18.0,ascending,219.36
61.25,18.25,ascending,213.8525
61.25,18.5,ascending,211.42749
61.25,18.75,ascending,210.0175
61.25,19.0,ascending,209.51399
61.25,19.25,ascending,209.27249
61.25,19.5,ascending,209.06999
61.25,19.75,ascending,208.88998
61.25,20.0,ascending,208.67668
61.25,20.25,ascending,208.576
61.25,20.5,ascending,208.6575
61.25,20.75,ascending,209.67
61.25,21.0,ascending,212.10999
61.25,21.25,ascending,219.29
61.25,21.5,ascending,229.69331
61.25,21.75,ascending,242.79248
61.25,22.0,ascending,258.05
61.25,22.25,ascending,266.9925
61.25,22.5,ascending,271.5075
61.25,22.75,ascending,273.53748
61.25,23.0,ascending,274.15
61.25,23.25,ascending,274.02
61.25,23.5,ascending,272.4275
61.25,23.75,ascending,271.15997
61.25,24.0,ascending,269.6575
61.25,24.25,ascending,268.9
61.25,24.5,ascending,269.136
61.25,24.75,ascending,269.925
61.25,25.0,ascending,270.78998
61.25,25.25,ascending,270.874
61.25,25.5,ascending,270.38
61.25,25.75,ascending,270.0675
61.25,26.0,ascending,270.70667
61.25,26.25,ascending,271.425
61.25,26.5,ascending,271.72998
61.25,26.75,ascending,272.174
61.25,27.0,ascending,272.8075
61.25,27.25,ascending,273.18597
61.25,27.5,ascending,272.9025
61.25,27.75,ascending,271.99
61.25,28.0,ascending,270.72998
61.25,28.25,ascending,269.934
61.25,28.5,ascending,270.08
61.25,28.75,ascending,271.19
61.25,29.0,ascending,272.5325
61.25,29.25,ascending,273.3275
61.25,29.5,ascending,273.2175
61.25,29.75,ascending,271.13202
61.25,30.0,ascending,264.20248
61.25,30.25,ascending,254.5875
61.25,30.5,ascending,245.7175
61.25,30.75,ascending,233.40999
61.25,31.0,ascending,234.148
61.25,31.25,ascending,236.774
61.25,31.5,ascending,235.28539
61.25,31.75,ascending,238.13522
61.25,32.0,ascending,241.1211
61.25,32.25,ascending,244.27666
61.25,32.5,ascending,250.85332
61.25,32.75,ascending,257.45642
61.25,33.0,ascending,263.13498
61.25,33.25,ascending,267.96667
61.25,33.5,ascending,269.47
61.25,33.75,ascending,270.95728
61.25,34.0,ascending,271.18832
61.25,34.25,ascending,271.0975
61.25,34.5,ascending,270.6075
61.25,34.75,ascending,269.8682
61.25,35.0,ascending,269.07498
61.25,35.25,ascending,268.34454
61.25,35.5,ascending,267.88248
61.25,35.75,ascending,267.6083
61.25,36.0,ascending,267.54752
61.25,36.25,ascending,267.94333
61.25,36.5,ascending,268.69916
61.25,36.75,ascending,269.3075
61.25,37.0,ascending,269.90598
61.25,37.25,ascending,270.24918
61.25,37.5,ascending,270.22937
61.25,37.75,ascending,270.21356
61.25,38.0,ascending,270.154
61.5,-13.0,ascending,211.60664
61.5,-12.75,ascending,211.61214
61.5,-12.5,ascending,211.86812
61.5,-12.25,ascending,212.45927
61.5,-12.0,ascending,212.96071
61.5,-11.75,ascending,213.16142
61.5,-11.5,ascending,212.92313
61.5,-11.25,ascending,212.59764
61.5,-11.0,ascending,212.3287
61.5,-10.75,ascending,211.62453
61.5,-10.5,ascending,209.79001
61.5,-10.25,ascending,209.3575
61.5,-10.0,ascending,208.88
61.5,-9.75,ascending,208.51599
61.5,-9.5,ascending,208.22
61.5,-9.25,ascending,208.0875
61.5,-9.0,ascending,207.974
61.5,-8.75,ascending,207.86
61.5,-8.5,ascending,207.78201
61.5,-8.25,ascending,207.65
61.5,-8.0,ascending,207.5725
61.5,-7.75,ascending,207.51999
61.5,-7.5,ascending,207.81999
61.5,-7.25,ascending,208.53598
61.5,-7.0,ascending,210.4225
61.5,-6.75,ascending,212.06
61.5,-6.5,ascending,213.48799
61.5,-6.25,ascending,213.535
61.5,-6.0,ascending,211.965
61.5,-5.75,ascending,210.25749
61.5,-5.5,ascending,209.08598
61.5,-5.25,ascending,208.39
61.5,-5.0,ascending,207.8875
61.5,-4.75,ascending,207.44331
61.5,-4.5,ascending,207.24199
61.5,-4.25,ascending,207.03
61.5,-4.0,ascending,206.95999
61.5,-3.75,ascending,206.94
61.5,-3.5,ascending,206.9325
61.5,-3.25,ascending,207.29749
61.5,-3.0,ascending,207.89499
61.5,-2.75,ascending,208.77998
61.5,-2.5,ascending,210.40999
61.5,-2.25,ascending,210.94666
61.5,-2.0,ascending,211.21199
61.5,-1.75,ascending,212.065
61.5,-1.5,ascending,213.0
61.5,-1.25,ascending,212.98999
61.5,-1.0,ascending,211.28333
61.5,-0.75,ascending,209.09799
61.5,-0.5,ascending,207.415
61.5,-0.25,ascending,206.67
61.5,-0.0,ascending,218.68001
61.5,0.25,ascending,206.265
61.5,0.5,ascending,206.18666
61.5,0.75,ascending,206.1425
61.5,1.0,ascending,206.12
61.5,1.25,ascending,206.1425
61.5,1.5,ascending,206.22
61.5,1.75,ascending,206.29999
61.5,2.0,ascending,206.41333
61.5,2.25,ascending,206.65999
61.5,2.5,ascending,206.98398
61.5,2.75,ascending,207.41
61.5,3.0,ascending,207.66199
61.5,3.25,ascending,207.8925
61.5,3.5,ascending,208.04668
61.5,3.75,ascending,208.1875
61.5,4.0,ascending,208.3575
61.5,4.25,ascending,209.168
61.5,4.5,ascending,212.20999
61.5,4.75,ascending,220.142
61.5,5.0,ascending,232.8525
61.5,5.25,ascending,247.002
61.5,5.5,ascending,257.07
61.5,5.75,ascending,262.166
61.5,6.0,ascending,262.36398
61.5,6.25,ascending,259.30426
61.5,6.5,ascending,254.07889
61.5,6.75,ascending,252.70149
61.5,7.0,ascending,252.12733
61.5,7.25,ascending,252.262
61.5,7.5,ascending,251.79933
61.5,7.75,ascending,252.21286
61.5,8.0,ascending,251.92726
61.5,8.25,ascending,252.73999
61.5,8.5,ascending,254.88
61.5,8.75,ascending,254.76614
61.5,9.0,ascending,259.36667
61.5,9.25,ascending,261.625
61.5,9.5,ascending,263.11356
61.5,9.75,ascending,265.0
61.5,10.0,ascending,266.53
61.5,10.25,ascending,267.6769
61.5,10.5,ascending,268.88467
61.5,10.75,ascending,269.56143
61.5,11.0,ascending,269.97284
61.5,11.25,ascending,270.28076
61.5,11.5,ascending,270.35333
61.5,11.75,ascending,270.62167
61.5,12.0,ascending,270.76614
61.5,12.25,ascending,270.93692
61.5,12.5,ascending,271.75714
61.5,12.75,ascending,272.40213
61.5,13.0,ascending,273.40598
61.5,13.25,ascending,274.10556
61.5,13.5,ascending,274.5637
61.5,13.75,ascending,274.81946
61.5,14.0,ascending,274.615
61.5,14.25,ascending,274.13498
61.5,14.5,ascending,274.5075
61.5,14.75,ascending,274.70248
61.5,15.0,ascending,275.004
61.5,15.25,ascending,275.104
61.5,15.5,ascending,275.225
61.5,15.75,ascending,275.10602
61.5,16.0,ascending,274.732
61.5,16.25,ascending,274.3425
61.5,16.5,ascending,272.608
61.5,16.75,ascending,269.715
61.5,17.0,ascending,262.768
61.5,17.25,ascending,253.46599
61.5,17.5,ascending,241.4625
61.5,17.75,ascending,230.556
61.5,18.0,ascending,221.78749
61.5,18.25,ascending,216.14
61.5,18.5,ascending,212.0775
61.5,18.75,ascending,210.4125
61.5,19.0,ascending,209.646
61.5,19.25,ascending,209.3775
61.5,19.5,ascending,209.23749
61.5,19.75,ascending,209.06999
61.5,20.0,ascending,208.86249
61.5,20.25,ascending,208.672
61.5,20.5,ascending,208.63332
61.5,20.75,ascending,209.07199
61.5,21.0,ascending,211.1825
61.5,21.25,ascending,215.92665
61.5,21.5,ascending,227.908
61.5,21.75,ascending,243.38666
61.5,22.0,ascending,256.0725
61.5,22.25,ascending,268.2775
61.5,22.5,ascending,272.695
61.5,22.75,ascending,274.1175
61.5,23.0,ascending,273.97
61.5,23.25,ascending,272.995
61.5,23.5,ascending,272.025
61.5,23.75,ascending,271.1475
61.5,24.0,ascending,270.2775
61.5,24.25,ascending,269.972
61.5,24.5,ascending,270.52
61.5,24.75,ascending,270.86398
61.5,25.0,ascending,271.382
61.5,25.25,ascending,271.195
61.5,25.5,ascending,270.585
61.5,25.75,ascending,270.41248
61.5,26.0,ascending,271.0575
61.5,26.25,ascending,271.88202
61.5,26.5,ascending,272.2375
61.5,26.75,ascending,272.426
61.5,27.0,ascending,272.83
61.5,27.25,ascending,273.274
61.5,27.5,ascending,273.32748
61.5,27.75,ascending,272.78748
61.5,28.0,ascending,272.06598
61.5,28.25,ascending,270.815
61.5,28.5,ascending,270.38397
61.5,28.75,ascending,270.585
61.5,29.0,ascending,271.32
61.5,29.25,ascending,272.335
61.5,29.5,ascending,272.23798
61.5,29.75,ascending,272.0225
61.5,30.0,ascending,269.86
61.5,30.25,ascending,266.544
61.5,30.5,ascending,261.10248
61.5,30.75,ascending,254.27
61.5,31.0,ascending,253.325
61.5,31.25,ascending,246.732
61.5,31.5,ascending,250.0711
61.5,31.75,ascending,254.38998
61.5,32.0,ascending,257.35358
61.5,32.25,ascending,261.0025
61.5,32.5,ascending,264.2831
61.5,32.75,ascending,266.73917
61.5,33.0,ascending,268.8643
61.5,33.25,ascending,270.53455
61.5,33.5,ascending,270.94714
61.5,33.75,ascending,271.38547
61.5,34.0,ascending,271.29462
61.5,34.25,ascending,270.88455
61.5,34.5,ascending,270.12228
61.5,34.75,ascending,269.32834
61.5,35.0,ascending,268.40997
61.5,35.25,ascending,267.57916
61.5,35.5,ascending,267.14908
61.5,35.75,ascending,267.0407
61.5,36.0,ascending,267.35916
61.5,36.25,ascending,268.25385
61.5,36.5,ascending,269.15692
61.5,36.75,ascending,270.06305
61.5,37.0,ascending,270.83768
61.5,37.25,ascending,271.08374
61.5,37.5,ascending,271.16116
61.5,37.75,ascending,270.84625
61.5,38.0,ascending,270.5875
61.75,-13.0,ascending,211.58
61.75,-12.75,ascending,211.6075
61.75,-12.5,ascending,211.67334
61.75,-12.25,ascending,211.84845
61.75,-12.0,ascending,212.08786
61.75,-11.75,ascending,212.12312
61.75,-11.5,ascending,212.02437
61.75,-11.25,ascending,211.83221
61.75,-11.0,ascending,211.64046
61.75,-10.75,ascending,210.585
61.75,-10.5,ascending,209.54399
61.75,-10.25,ascending,209.31999
61.75,-10.0,ascending,209.11198
61.75,-9.75,ascending,208.78499
61.75,-9.5,ascending,208.594
61.75,-9.25,ascending,208.545
61.75,-9.0,ascending,208.324
61.75,-8.75,ascending,208.2425
61.75,-8.5,ascending,208.124
61.75,-8.25,ascending,207.94666
61.75,-8.0,ascending,207.9725
61.75,-7.75,ascending,208.17
61.75,-7.5,ascending,208.8375
61.75,-7.25,ascending,210.79199
61.75,-7.0,ascending,214.0175
61.75,-6.75,ascending,216.41
61.75,-6.5,ascending,219.4925
61.75,-6.25,ascending,217.66333
61.75,-6.0,ascending,215.814
61.75,-5.75,ascending,212.89749
61.75,-5.5,ascending,210.72499
61.75,-5.25,ascending,209.58
61.75,-5.0,ascending,208.55249
61.75,-4.75,ascending,207.995
61.75,-4.5,ascending,207.628
61.75,-4.25,ascending,207.39333
61.75,-4.0,ascending,207.28
61.75,-3.75,ascending,207.24666
61.75,-3.5,ascending,207.3225
61.75,-3.25,ascending,207.926
61.75,-3.0,ascending,208.96667
61.75,-2.75,ascending,210.16199
61.75,-2.5,ascending,211.18
61.75,-2.25,ascending,211.352
61.75,-2.0,ascending,210.86
61.75,-1.75,ascending,211.185
61.75,-1.5,ascending,211.3225
61.75,-1.25,ascending,210.755
61.75,-1.0,ascending,209.318
61.75,-0.75,ascending,207.51666
61.75,-0.5,ascending,206.8775
61.75,-0.25,ascending,206.504
61.75,-0.0,ascending,225.07999
61.75,0.25,ascending,206.28333
61.75,0.5,ascending,206.276
61.75,0.75,ascending,206.285
61.75,1.0,ascending,206.28198
61.75,1.25,ascending,206.26666
61.75,1.5,ascending,206.29668
61.75,1.75,ascending,206.38249
61.75,2.0,ascending,206.51599
61.75,2.25,ascending,206.8675
61.75,2.5,ascending,207.25998
61.75,2.75,ascending,207.6975
61.75,3.0,ascending,207.88998
61.75,3.25,ascending,208.0
61.75,3.5,ascending,208.102
61.75,3.75,ascending,208.15332
61.75,4.0,ascending,208.28598
61.75,4.25,ascending,208.785
61.75,4.5,ascending,211.226
61.75,4.75,ascending,217.1625
61.75,5.0,ascending,227.4925
61.75,5.25,ascending,240.4225
61.75,5.5,ascending,251.1575
61.75,5.75,ascending,257.10797
61.75,6.0,ascending,254.8511
61.75,6.25,ascending,255.00764
61.75,6.5,ascending,254.86436
61.75,6.75,ascending,253.765
61.75,7.0,ascending,252.34944
61.75,7.25,ascending,252.27641
61.75,7.5,ascending,250.98845
61.75,7.75,ascending,250.32999
61.75,8.0,ascending,250.941
61.75,8.25,ascending,251.40141
61.75,8.5,ascending,253.87909
61.75,8.75,ascending,256.36917
61.75,9.0,ascending,258.25287
61.75,9.25,ascending,260.97726
61.75,9.5,ascending,262.75183
61.75,9.75,ascending,264.37082
61.75,10.0,ascending,265.69635
61.75,10.25,ascending,266.37582
61.75,10.5,ascending,267.4409
61.75,10.75,ascending,268.3123
61.75,11.0,ascending,268.723
61.75,11.25,ascending,269.04614
61.75,11.5,ascending,269.12817
61.75,11.75,ascending,269.17
61.75,12.0,ascending,269.41498
61.75,12.25,ascending,269.79544
61.75,12.5,ascending,270.494
61.75,12.75,ascending,271.00867
61.75,13.0,ascending,271.97934
61.75,13.25,ascending,272.55313
61.75,13.5,ascending,273.30646
61.75,13.75,ascending,273.75
61.75,14.0,ascending,272.76712
61.75,14.25,ascending,273.3875
61.75,14.5,ascending,274.15665
61.75,14.75,ascending,274.83798
61.75,15.0,ascending,275.38998
61.75,15.25,ascending,275.68332
61.75,15.5,ascending,275.775
61.75,15.75,ascending,275.78748
61.75,16.0,ascending,275.5975
61.75,16.25,ascending,274.836
61.75,16.5,ascending,273.5925
61.75,16.75,ascending,270.25
61.75,17.0,ascending,266.2375
61.75,17.25,ascending,258.99667
61.75,17.5,ascending,248.346
61.75,17.75,ascending,237.75
61.75,18.0,ascending,225.8125
61.75,18.25,ascending,218.03333
61.75,18.5,ascending,213.366
61.75,18.75,ascending,210.6825
61.75,19.0,ascending,209.77333
61.75,19.25,ascending,209.46399
61.75,19.5,ascending,209.35999
61.75,19.75,ascending,209.196
61.75,20.0,ascending,208.9775
61.75,20.25,ascending,208.8075
61.75,20.5,ascending,208.7525
61.75,20.75,ascending,209.326
61.75,21.0,ascending,211.63335
61.75,21.25,ascending,218.06001
61.75,21.5,ascending,232.0575
61.75,21.75,ascending,248.31499
61.75,22.0,ascending,264.035
61.75,22.25,ascending,271.4025
61.75,22.5,ascending,274.642
61.75,22.75,ascending,275.1775
61.75,23.0,ascending,274.61667
61.75,23.25,ascending,273.97
61.75,23.5,ascending,273.1775
61.75,23.75,ascending,272.38
61.75,24.0,ascending,272.174
61.75,24.25,ascending,271.6433
61.75,24.5,ascending,271.94998
61.75,24.75,ascending,272.36
61.75,25.0,ascending,272.6825
61.75,25.25,ascending,272.60666
61.75,25.5,ascending,271.93
61.75,25.75,ascending,271.56
61.75,26.0,ascending,272.0125
61.75,26.25,ascending,272.646
61.75,26.5,ascending,272.975
61.75,26.75,ascending,273.048
61.75,27.0,ascending,273.235
61.75,27.25,ascending,273.4833
61.75,27.5,ascending,273.8775
61.75,27.75,ascending,273.69998
61.75,28.0,ascending,273.09
61.75,28.25,ascending,271.94
61.75,28.5,ascending,270.904
61.75,28.75,ascending,270.335
61.75,29.0,ascending,270.58
61.75,29.25,ascending,271.06598
61.75,29.5,ascending,271.0375
61.75,29.75,ascending,271.4625
61.75,30.0,ascending,271.88397
61.75,30.25,ascending,271.78
61.75,30.5,ascending,270.78198
61.75,30.75,ascending,266.61887
61.75,31.0,ascending,262.11588
61.75,31.25,ascending,263.04813
61.75,31.5,ascending,264.57144
61.75,31.75,ascending,266.21213
61.75,32.0,ascending,267.79355
61.75,32.25,ascending,269.2475
61.75,32.5,ascending,269.64813
61.75,32.75,ascending,270.10272
61.75,33.0,ascending,270.39667
61.75,33.25,ascending,270.7475
61.75,33.5,ascending,270.86636
61.75,33.75,ascending,270.85
61.75,34.0,ascending,270.59833
61.75,34.25,ascending,270.06818
61.75,34.5,ascending,269.24
61.75,34.75,ascending,268.17453
61.75,35.0,ascending,267.31998
61.75,35.25,ascending,266.66092
61.75,35.5,ascending,266.56583
61.75,35.75,ascending,267.04636
61.75,36.0,ascending,267.98917
61.75,36.25,ascending,269.1133
61.75,36.5,ascending,270.01416
61.75,36.75,ascending,271.02643
61.75,37.0,ascending,271.68784
61.75,37.25,ascending,272.08835
61.75,37.5,ascending,272.0013
61.75,37.75,ascending,271.7264
61.75,38.0,ascending,271.40298
62.0,-13.0,ascending,212.13
62.0,-12.75,ascending,211.98584
62.0,-12.5,ascending,211.84714
62.0,-12.25,ascending,211.74384
62.0,-12.0,ascending,211.69186
62.0,-11.75,ascending,211.55466
62.0,-11.5,ascending,211.43666
62.0,-11.25,ascending,211.29471
62.0,-11.0,ascending,211.2415
62.0,-10.75,ascending,210.315
62.0,-10.5,ascending,210.255
62.0,-10.25,ascending,210.18999
62.0,-10.0,ascending,210.146
62.0,-9.75,ascending,209.814
62.0,-9.5,ascending,209.905
62.0,-9.25,ascending,209.53398
62.0,-9.0,ascending,209.415
62.0,-8.75,ascending,209.18799
62.0,-8.5,ascending,208.92499
62.0,-8.25,ascending,208.582
62.0,-8.0,ascending,208.66249
62.0,-7.75,ascending,209.2525
62.0,-7.5,ascending,210.93
62.0,-7.25,ascending,215.382
62.0,-7.0,ascending,220.84999
62.0,-6.75,ascending,223.03598
62.0,-6.5,ascending,224.25749
62.0,-6.25,ascending,221.122
62.0,-6.0,ascending,216.96999
62.0,-5.75,ascending,214.14001
62.0,-5.5,ascending,211.49399
62.0,-5.25,ascending,210.06665
62.0,-5.0,ascending,208.976
62.0,-4.75,ascending,208.1625
62.0,-4.5,ascending,207.775
62.0,-4.25,ascending,207.5575
62.0,-4.0,ascending,207.48
62.0,-3.75,ascending,207.504
62.0,-3.5,ascending,207.705
62.0,-3.25,ascending,208.06334
62.0,-3.0,ascending,208.93599
62.0,-2.75,ascending,209.5975
62.0,-2.5,ascending,210.2525
62.0,-2.25,ascending,210.13332
62.0,-2.0,ascending,209.3225
62.0,-1.75,ascending,209.122
62.0,-1.5,ascending,208.9025
62.0,-1.25,ascending,208.355
62.0,-1.0,ascending,207.74333
62.0,-0.75,ascending,207.102
62.0,-0.5,ascending,206.63998
62.0,-0.25,ascending,206.48749
62.0,-0.0,ascending,227.54713
62.0,0.25,ascending,206.43599
62.0,0.5,ascending,206.555
62.0,0.75,ascending,206.5675
62.0,1.0,ascending,206.50334
62.0,1.25,ascending,206.495
62.0,1.5,ascending,206.5
62.0,1.75,ascending,206.655
62.0,2.0,ascending,206.814
62.0,2.25,ascending,207.22
62.0,2.5,ascending,207.5575
62.0,2.75,ascending,207.85251
62.0,3.0,ascending,208.06001
62.0,3.25,ascending,208.10748
62.0,3.5,ascending,208.11002
62.0,3.75,ascending,208.13249
62.0,4.0,ascending,208.18999
62.0,4.25,ascending,208.38
62.0,4.5,ascending,209.36499
62.0,4.75,ascending,212.6675
62.0,5.0,ascending,219.182
62.0,5.25,ascending,226.58798
62.0,5.5,ascending,239.70332
62.0,5.75,ascending,247.13416
62.0,6.0,ascending,250.5
62.0,6.25,ascending,253.47374
62.0,6.5,ascending,254.14714
62.0,6.75,ascending,254.49692
62.0,7.0,ascending,253.92142
62.0,7.25,ascending,252.20665
62.0,7.5,ascending,250.58078
62.0,7.75,ascending,250.58798
62.0,8.0,ascending,251.62666
62.0,8.25,ascending,251.14467
62.0,8.5,ascending,252.75908
62.0,8.75,ascending,254.16362
62.0,9.0,ascending,255.91908
62.0,9.25,ascending,258.39584
62.0,9.5,ascending,260.22333
62.0,9.75,ascending,261.52637
62.0,10.0,ascending,263.63098
62.0,10.25,ascending,265.6083
62.0,10.5,ascending,266.39166
62.0,10.75,ascending,267.53333
62.0,11.0,ascending,267.8008
62.0,11.25,ascending,267.47165
62.0,11.5,ascending,267.4175
62.0,11.75,ascending,267.33768
62.0,12.0,ascending,267.60077
62.0,12.25,ascending,267.89786
62.0,12.5,ascending,268.62534
62.0,12.75,ascending,269.37692
62.0,13.0,ascending,270.35294
62.0,13.25,ascending,271.49866
62.0,13.5,ascending,272.001
62.0,13.75,ascending,272.7063
62.0,14.0,ascending,272.2375
62.0,14.25,ascending,273.44
62.0,14.5,ascending,274.22
62.0,14.75,ascending,274.84668
62.0,15.0,ascending,275.3425
62.0,15.25,ascending,275.655
62.0,15.5,ascending,275.90665
62.0,15.75,ascending,276.01334
62.0,16.0,ascending,275.90997
62.0,16.25,ascending,275.6825
62.0,16.5,ascending,274.65
62.0,16.75,ascending,272.86398
62.0,17.0,ascending,269.86667
62.0,17.25,ascending,262.9
62.0,17.5,ascending,253.76498
62.0,17.75,ascending,242.25601
62.0,18.0,ascending,230.22499
62.0,18.25,ascending,220.924
62.0,18.5,ascending,214.825
62.0,18.75,ascending,211.72499
62.0,19.0,ascending,210.50499
62.0,19.25,ascending,209.745
62.0,19.5,ascending,209.43799
62.0,19.75,ascending,209.25749
62.0,20.0,ascending,209.12
62.0,20.25,ascending,208.952
62.0,20.5,ascending,208.97751
62.0,20.75,ascending,209.59001
62.0,21.0,ascending,212.622
62.0,21.25,ascending,223.17332
62.0,21.5,ascending,236.95
62.0,21.75,ascending,254.1825
62.0,22.0,ascending,268.07
62.0,22.25,ascending,274.06665
62.0,22.5,ascending,275.636
62.0,22.75,ascending,275.69333
62.0,23.0,ascending,275.174
62.0,23.25,ascending,274.86
62.0,23.5,ascending,274.275
62.0,23.75,ascending,273.77
62.0,24.0,ascending,273.19666
62.0,24.25,ascending,272.78998
62.0,24.5,ascending,273.116
62.0,24.75,ascending,273.72748
62.0,25.0,ascending,273.8425
62.0,25.25,ascending,274.07
62.0,25.5,ascending,273.36398
62.0,25.75,ascending,272.995
62.0,26.0,ascending,272.79248
62.0,26.25,ascending,273.0575
62.0,26.5,ascending,273.52332
62.0,26.75,ascending,273.67667
62.0,27.0,ascending,273.85666
62.0,27.25,ascending,273.8625
62.0,27.5,ascending,273.8975
62.0,27.75,ascending,273.6
62.0,28.0,ascending,272.90332
62.0,28.25,ascending,272.278
62.0,28.5,ascending,271.63
62.0,28.75,ascending,271.06198
62.0,29.0,ascending,271.1125
62.0,29.25,ascending,270.84
62.0,29.5,ascending,270.575
62.0,29.75,ascending,270.935
62.0,30.0,ascending,271.78998
62.0,30.25,ascending,271.58856
62.0,30.5,ascending,269.7389
62.0,30.75,ascending,269.45123
62.0,31.0,ascending,269.90686
62.0,31.25,ascending,270.26498
62.0,31.5,ascending,270.2493
62.0,31.75,ascending,270.5975
62.0,32.0,ascending,270.64142
62.0,32.25,ascending,270.59616
62.0,32.5,ascending,270.78455
62.0,32.75,ascending,270.63333
62.0,33.0,ascending,270.38376
62.0,33.25,ascending,270.55908
62.0,33.5,ascending,270.65
62.0,33.75,ascending,270.73083
62.0,34.0,ascending,270.47415
62.0,34.25,ascending,269.93
62.0,34.5,ascending,269.1323
62.0,34.75,ascending,268.37997
62.0,35.0,ascending,267.74182
62.0,35.25,ascending,267.31
62.0,35.5,ascending,267.30856
62.0,35.75,ascending,267.8809
62.0,36.0,ascending,268.8546
62.0,36.25,ascending,269.64767
62.0,36.5,ascending,270.22714
62.0,36.75,ascending,270.75183
62.0,37.0,ascending,271.09857
62.0,37.25,ascending,271.31213
62.0,37.5,ascending,271.29642
62.0,37.75,ascending,271.26266
62.0,38.0,ascending,271.14664
62.25,-13.0,ascending,212.122
62.25,-12.75,ascending,211.96748
62.25,-12.5,ascending,211.7969
62.25,-12.25,ascending,211.63284
62.25,-12.0,ascending,211.566
62.25,-11.75,ascending,211.66066
62.25,-11.5,ascending,211.79599
62.25,-11.25,ascending,211.87187
62.25,-11.0,ascending,211.65105
62.25,-10.75,ascending,211.03
62.25,-10.5,ascending,211.15
62.25,-10.25,ascending,211.23332
62.25,-10.0,ascending,211.50998
62.25,-9.75,ascending,211.70332
62.25,-9.5,ascending,211.528
62.25,-9.25,ascending,211.44499
62.25,-9.0,ascending,211.09
62.25,-8.75,ascending,210.28667
62.25,-8.5,ascending,209.9025
62.25,-8.25,ascending,209.4475
62.25,-8.0,ascending,209.47
62.25,-7.75,ascending,210.5125
62.25,-7.5,ascending,213.28398
62.25,-7.25,ascending,216.76666
62.25,-7.0,ascending,219.76999
62.25,-6.75,ascending,221.7625
62.25,-6.5,ascending,220.63998
62.25,-6.25,ascending,217.55249
62.25,-6.0,ascending,214.62666
62.25,-5.75,ascending,212.46399
62.25,-5.5,ascending,210.83
62.25,-5.25,ascending,209.676
62.25,-5.0,ascending,208.59
62.25,-4.75,ascending,208.09001
62.25,-4.5,ascending,207.754
62.25,-4.25,ascending,207.62999
62.25,-4.0,ascending,207.64333
62.25,-3.75,ascending,207.705
62.25,-3.5,ascending,207.78499
62.25,-3.25,ascending,207.935
62.25,-3.0,ascending,208.26666
62.25,-2.75,ascending,208.52249
62.25,-2.5,ascending,208.5725
62.25,-2.25,ascending,208.314
62.25,-2.0,ascending,207.90666
62.25,-1.75,ascending,207.81334
62.25,-1.5,ascending,207.91249
62.25,-1.25,ascending,207.73334
62.25,-1.0,ascending,207.34799
62.25,-0.75,ascending,206.97249
62.25,-0.5,ascending,206.7
62.25,-0.25,ascending,206.61333
62.25,-0.0,ascending,228.06999
62.25,0.25,ascending,206.68001
62.25,0.5,ascending,206.74333
62.25,0.75,ascending,206.77
62.25,1.0,ascending,206.71599
62.25,1.25,ascending,206.76498
62.25,1.5,ascending,206.83199
62.25,1.75,ascending,207.08499
62.25,2.0,ascending,207.255
62.25,2.25,ascending,207.502
62.25,2.5,ascending,207.77249
62.25,2.75,ascending,207.95248
62.25,3.0,ascending,208.01799
62.25,3.25,ascending,208.035
62.25,3.5,ascending,207.965
62.25,3.75,ascending,207.98799
62.25,4.0,ascending,207.965
62.25,4.25,ascending,208.01997
62.25,4.5,ascending,208.126
62.25,4.75,ascending,209.48
62.25,5.0,ascending,212.146
62.25,5.25,ascending,219.37888
62.25,5.5,ascending,229.07812
62.25,5.75,ascending,236.34125
62.25,6.0,ascending,241.18286
62.25,6.25,ascending,245.22266
62.25,6.5,ascending,249.29845
62.25,6.75,ascending,252.26332
62.25,7.0,ascending,252.23386
62.25,7.25,ascending,253.69818
62.25,7.5,ascending,251.66466
62.25,7.75,ascending,253.06334
62.25,8.0,ascending,252.3691
62.25,8.25,ascending,251.44362
62.25,8.5,ascending,252.41583
62.25,8.75,ascending,254.14635
62.25,9.0,ascending,254.19461
62.25,9.25,ascending,255.79
62.25,9.5,ascending,258.02
62.25,9.75,ascending,259.45834
62.25,10.0,ascending,261.59665
62.25,10.25,ascending,263.576
62.25,10.5,ascending,265.43918
62.25,10.75,ascending,266.00446
62.25,11.0,ascending,266.10382
62.25,11.25,ascending,265.95
62.25,11.5,ascending,265.59
62.25,11.75,ascending,265.19998
62.25,12.0,ascending,265.30713
62.25,12.25,ascending,265.96832
62.25,12.5,ascending,266.844
62.25,12.75,ascending,268.03845
62.25,13.0,ascending,268.90533
62.25,13.25,ascending,270.11646
62.25,13.5,ascending,271.4584
62.25,13.75,ascending,272.11713
62.25,14.0,ascending,272.028
62.25,14.25,ascending,273.08334
62.25,14.5,ascending,273.454
62.25,14.75,ascending,274.25
62.25,15.0,ascending,274.82248
62.25,15.25,ascending,275.306
62.25,15.5,ascending,275.70334
62.25,15.75,ascending,275.98
62.25,16.0,ascending,276.13
62.25,16.25,ascending,276.0925
62.25,16.5,ascending,275.85748
62.25,16.75,ascending,274.78333
62.25,17.0,ascending,271.694
62.25,17.25,ascending,266.3925
62.25,17.5,ascending,256.945
62.25,17.75,ascending,246.39
62.25,18.0,ascending,236.21199
62.25,18.25,ascending,227.51666
62.25,18.5,ascending,220.828
62.25,18.75,ascending,215.72333
62.25,19.0,ascending,213.29599
62.25,19.25,ascending,211.095
62.25,19.5,ascending,210.0
62.25,19.75,ascending,209.5
62.25,20.0,ascending,209.23499
62.25,20.25,ascending,209.07999
62.25,20.5,ascending,209.23334
62.25,20.75,ascending,210.42499
62.25,21.0,ascending,216.61398
62.25,21.25,ascending,228.965
62.25,21.5,ascending,244.15999
62.25,21.75,ascending,257.75
62.25,22.0,ascending,269.55997
62.25,22.25,ascending,274.324
62.25,22.5,ascending,275.48
62.25,22.75,ascending,275.4575
62.25,23.0,ascending,275.28
62.25,23.25,ascending,275.025
62.25,23.5,ascending,274.7925
62.25,23.75,ascending,274.41666
62.25,24.0,ascending,274.23
62.25,24.25,ascending,274.218
62.25,24.5,ascending,274.68332
62.25,24.75,ascending,275.02332
62.25,25.0,ascending,275.09198
62.25,25.25,ascending,275.075
62.25,25.5,ascending,274.37
62.25,25.75,ascending,273.65665
62.25,26.0,ascending,273.11667
62.25,26.25,ascending,273.1575
62.25,26.5,ascending,273.46
62.25,26.75,ascending,273.805
62.25,27.0,ascending,274.02
62.25,27.25,ascending,274.03748
62.25,27.5,ascending,273.755
62.25,27.75,ascending,273.06
62.25,28.0,ascending,272.66
62.25,28.25,ascending,272.43332
62.25,28.5,ascending,272.38397
62.25,28.75,ascending,272.24
62.25,29.0,ascending,271.925
62.25,29.25,ascending,271.34
62.25,29.5,ascending,270.59
62.25,29.75,ascending,270.606
62.25,30.0,ascending,270.335
62.25,30.25,ascending,270.41132
62.25,30.5,ascending,270.74936
62.25,30.75,ascending,270.6494
62.25,31.0,ascending,270.882
62.25,31.25,ascending,270.79614
62.25,31.5,ascending,270.84665
62.25,31.75,ascending,270.90198
62.25,32.0,ascending,270.88547
62.25,32.25,ascending,270.6207
62.25,32.5,ascending,270.68637
62.25,32.75,ascending,270.61545
62.25,33.0,ascending,270.6575
62.25,33.25,ascending,270.49142
62.25,33.5,ascending,270.53214
62.25,33.75,ascending,270.5973
62.25,34.0,ascending,270.3791
62.25,34.25,ascending,270.013
62.25,34.5,ascending,269.45917
62.25,34.75,ascending,268.96
62.25,35.0,ascending,268.645
62.25,35.25,ascending,268.4091
62.25,35.5,ascending,268.3192
62.25,35.75,ascending,268.54144
62.25,36.0,ascending,268.97546
62.25,36.25,ascending,269.41415
62.25,36.5,ascending,269.52
62.25,36.75,ascending,269.44
62.25,37.0,ascending,269.465
62.25,37.25,ascending,269.53
62.25,37.5,ascending,269.62665
62.25,37.75,ascending,269.78998
62.25,38.0,ascending,269.87888
62.5,-13.0,ascending,211.20166
62.5,-12.75,ascending,211.16429
62.5,-12.5,ascending,211.17714
62.5,-12.25,ascending,211.02768
62.5,-12.0,ascending,211.05214
62.5,-11.75,ascending,211.29312
62.5,-11.5,ascending,211.63599
62.5,-11.25,ascending,212.03587
62.5,-11.0,ascending,211.92691
62.5,-10.75,ascending,210.9775
62.5,-10.5,ascending,211.28499
62.5,-10.25,ascending,211.76833
62.5,-10.0,ascending,212.435
62.5,-9.75,ascending,213.122
62.5,-9.5,ascending,213.325
62.5,-9.25,ascending,213.328
62.5,-9.0,ascending,212.84499
62.5,-8.75,ascending,211.90201
62.5,-8.5,ascending,211.2375
62.5,-8.25,ascending,210.64
62.5,-8.0,ascending,210.4875
62.5,-7.75,ascending,211.198
62.5,-7.5,ascending,212.10999
62.5,-7.25,ascending,213.934
62.5,-7.0,ascending,214.50749
62.5,-6.75,ascending,215.055
62.5,-6.5,ascending,214.23
62.5,-6.25,ascending,213.6525
62.5,-6.0,ascending,212.39499
62.5,-5.75,ascending,211.51999
62.5,-5.5,ascending,210.4475
62.5,-5.25,ascending,209.29599
62.5,-5.0,ascending,208.46667
62.5,-4.75,ascending,207.995
62.5,-4.5,ascending,207.75801
62.5,-4.25,ascending,207.72333
62.5,-4.0,ascending,207.75499
62.5,-3.75,ascending,207.7925
62.5,-3.5,ascending,207.826
62.5,-3.25,ascending,207.90999
62.5,-3.0,ascending,208.16599
62.5,-2.75,ascending,208.30666
62.5,-2.5,ascending,208.26749
62.5,-2.25,ascending,208.13
62.5,-2.0,ascending,207.90799
62.5,-1.75,ascending,207.95999
62.5,-1.5,ascending,208.04668
62.5,-1.25,ascending,207.944
62.5,-1.0,ascending,207.495
62.5,-0.75,ascending,207.1225
62.5,-0.5,ascending,206.83249
62.5,-0.25,ascending,206.75749
62.5,-0.0,ascending,221.34286
62.5,0.25,ascending,206.73665
62.5,0.5,ascending,206.77333
62.5,0.75,ascending,206.816
62.5,1.0,ascending,206.855
62.5,1.25,ascending,206.9675
62.5,1.5,ascending,207.13199
62.5,1.75,ascending,207.38249
62.5,2.0,ascending,207.51498
62.5,2.25,ascending,207.625
62.5,2.5,ascending,207.70798
62.5,2.75,ascending,207.79999
62.5,3.0,ascending,207.7275
62.5,3.25,ascending,207.73398
62.5,3.5,ascending,207.625
62.5,3.75,ascending,207.64749
62.5,4.0,ascending,207.66199
62.5,4.25,ascending,207.626
62.5,4.5,ascending,207.54
62.5,4.75,ascending,208.13332
62.5,5.0,ascending,210.50642
62.5,5.25,ascending,211.68687
62.5,5.5,ascending,214.95612
62.5,5.75,ascending,219.29466
62.5,6.0,ascending,224.21931
62.5,6.25,ascending,229.73999
62.5,6.5,ascending,235.81999
62.5,6.75,ascending,240.68857
62.5,7.0,ascending,245.22182
62.5,7.25,ascending,249.48999
62.5,7.5,ascending,250.62065
62.5,7.75,ascending,251.74416
62.5,8.0,ascending,253.36076
62.5,8.25,ascending,253.48363
62.5,8.5,ascending,253.58363
62.5,8.75,ascending,253.76817
62.5,9.0,ascending,254.13545
62.5,9.25,ascending,255.457
62.5,9.5,ascending,256.929
62.5,9.75,ascending,258.62
62.5,10.0,ascending,260.8846
62.5,10.25,ascending,262.34998
62.5,10.5,ascending,263.32816
62.5,10.75,ascending,264.5
62.5,11.0,ascending,263.72284
62.5,11.25,ascending,263.87643
62.5,11.5,ascending,263.3257
62.5,11.75,ascending,263.03845
62.5,12.0,ascending,262.9418
62.5,12.25,ascending,263.83307
62.5,12.5,ascending,264.81784
62.5,12.75,ascending,265.69528
62.5,13.0,ascending,267.07294
62.5,13.25,ascending,268.93686
62.5,13.5,ascending,270.31723
62.5,13.75,ascending,270.27335
62.5,14.0,ascending,270.21167
62.5,14.25,ascending,271.72
62.5,14.5,ascending,272.75
62.5,14.75,ascending,273.7175
62.5,15.0,ascending,274.428
62.5,15.25,ascending,274.98666
62.5,15.5,ascending,275.43332
62.5,15.75,ascending,275.72
62.5,16.0,ascending,275.96198
62.5,16.25,ascending,276.03998
62.5,16.5,ascending,275.8867
62.5,16.75,ascending,275.06598
62.5,17.0,ascending,273.2675
62.5,17.25,ascending,269.51248
62.5,17.5,ascending,263.95502
62.5,17.75,ascending,258.3025
62.5,18.0,ascending,249.03499
62.5,18.25,ascending,239.37
62.5,18.5,ascending,230.10999
62.5,18.75,ascending,224.45749
62.5,19.0,ascending,218.88399
62.5,19.25,ascending,214.27332
62.5,19.5,ascending,212.172
62.5,19.75,ascending,210.39
62.5,20.0,ascending,209.59334
62.5,20.25,ascending,209.38
62.5,20.5,ascending,209.7525
62.5,20.75,ascending,211.90332
62.5,21.0,ascending,217.0
62.5,21.25,ascending,232.0725
62.5,21.5,ascending,247.75249
62.5,21.75,ascending,262.60498
62.5,22.0,ascending,269.5225
62.5,22.25,ascending,273.31665
62.5,22.5,ascending,274.442
62.5,22.75,ascending,274.81998
62.5,23.0,ascending,274.986
62.5,23.25,ascending,274.8625
62.5,23.5,ascending,274.91748
62.5,23.75,ascending,274.91998
62.5,24.0,ascending,275.208
62.5,24.25,ascending,275.25668
62.5,24.5,ascending,275.44333
62.5,24.75,ascending,275.56598
62.5,25.0,ascending,275.395
62.5,25.25,ascending,274.905
62.5,25.5,ascending,274.3625
62.5,25.75,ascending,273.63998
62.5,26.0,ascending,273.3025
62.5,26.25,ascending,273.104
62.5,26.5,ascending,273.16
62.5,26.75,ascending,273.3325
62.5,27.0,ascending,273.60602
62.5,27.25,ascending,273.63
62.5,27.5,ascending,273.21
62.5,27.75,ascending,272.4475
62.5,28.0,ascending,272.242
62.5,28.25,ascending,272.44
62.5,28.5,ascending,272.72
62.5,28.75,ascending,272.824
62.5,29.0,ascending,272.4975
62.5,29.25,ascending,271.8825
62.5,29.5,ascending,270.61713
62.5,29.75,ascending,269.56747
62.5,30.0,ascending,269.60373
62.5,30.25,ascending,270.1231
62.5,30.5,ascending,270.34924
62.5,30.75,ascending,270.63214
62.5,31.0,ascending,270.51065
62.5,31.25,ascending,270.7475
62.5,31.5,ascending,270.9157
62.5,31.75,ascending,270.87915
62.5,32.0,ascending,270.762
62.5,32.25,ascending,270.53308
62.5,32.5,ascending,270.73416
62.5,32.75,ascending,270.61728
62.5,33.0,ascending,270.57727
62.5,33.25,ascending,270.533
62.5,33.5,ascending,270.70636
62.5,33.75,ascending,270.56693
62.5,34.0,ascending,270.3792
62.5,34.25,ascending,270.04416
62.5,34.5,ascending,269.64923
62.5,34.75,ascending,269.18582
62.5,35.0,ascending,268.88428
62.5,35.25,ascending,268.71
62.5,35.5,ascending,268.60727
62.5,35.75,ascending,268.52
62.5,36.0,ascending,268.4275
62.5,36.25,ascending,268.44247
62.5,36.5,ascending,268.3475
62.5,36.75,ascending,268.24384
62.5,37.0,ascending,268.20142
62.5,37.25,ascending,268.18866
62.5,37.5,ascending,268.45734
62.5,37.75,ascending,268.69687
62.5,38.0,ascending,269.06
62.75,-13.0,ascending,210.03
62.75,-12.75,ascending,210.13545
62.75,-12.5,ascending,210.27399
62.75,-12.25,ascending,210.34538
62.75,-12.0,ascending,210.49384
62.75,-11.75,ascending,210.534
62.75,-11.5,ascending,210.74937
62.75,-11.25,ascending,211.19705
62.75,-11.0,ascending,211.25365
62.75,-10.75,ascending,210.604
62.75,-10.5,ascending,210.9025
62.75,-10.25,ascending,211.63998
62.75,-10.0,ascending,212.48665
62.75,-9.75,ascending,213.00249
62.75,-9.5,ascending,213.58499
62.75,-9.25,ascending,213.96
62.75,-9.0,ascending,213.83
62.75,-8.75,ascending,213.33998
62.75,-8.5,ascending,213.0025
62.75,-8.25,ascending,212.5925
62.75,-8.0,ascending,212.78
62.75,-7.75,ascending,212.87
62.75,-7.5,ascending,213.048
62.75,-7.25,ascending,213.52998
62.75,-7.0,ascending,213.858
62.75,-6.75,ascending,214.1875
62.75,-6.5,ascending,214.015
62.75,-6.25,ascending,213.63
62.75,-6.0,ascending,213.10999
62.75,-5.75,ascending,211.9475
62.75,-5.5,ascending,210.66
62.75,-5.25,ascending,209.5025
62.75,-5.0,ascending,208.57748
62.75,-4.75,ascending,208.11665
62.75,-4.5,ascending,207.98799
62.75,-4.25,ascending,207.97
62.75,-4.0,ascending,207.96
62.75,-3.75,ascending,208.0725
62.75,-3.5,ascending,208.10667
62.75,-3.25,ascending,208.29599
62.75,-3.0,ascending,208.87
62.75,-2.75,ascending,209.11249
62.75,-2.5,ascending,209.07666
62.75,-2.25,ascending,208.8375
62.75,-2.0,ascending,208.3925
62.75,-1.75,ascending,208.13332
62.75,-1.5,ascending,207.98398
62.75,-1.25,ascending,207.765
62.75,-1.0,ascending,207.50667
62.75,-0.75,ascending,207.17749
62.75,-0.5,ascending,206.9775
62.75,-0.25,ascending,206.83
62.75,-0.0,ascending,227.274
62.75,0.25,ascending,206.70999
62.75,0.5,ascending,206.774
62.75,0.75,ascending,206.86249
62.75,1.0,ascending,206.95999
62.75,1.25,ascending,207.12749
62.75,1.5,ascending,207.298
62.75,1.75,ascending,207.44499
62.75,2.0,ascending,207.48999
62.75,2.25,ascending,207.51666
62.75,2.5,ascending,207.46
62.75,2.75,ascending,207.415
62.75,3.0,ascending,207.2925
62.75,3.25,ascending,207.27249
62.75,3.5,ascending,207.23398
62.75,3.75,ascending,207.23999
62.75,4.0,ascending,207.3125
62.75,4.25,ascending,207.28
62.75,4.5,ascending,207.3575
62.75,4.75,ascending,207.82666
62.75,5.0,ascending,207.93
62.75,5.25,ascending,207.85857
62.75,5.5,ascending,208.27641
62.75,5.75,ascending,209.80133
62.75,6.0,ascending,212.07692
62.75,6.25,ascending,216.50832
62.75,6.5,ascending,219.44
62.75,6.75,ascending,226.13335
62.75,7.0,ascending,231.66599
62.75,7.25,ascending,238.06181
62.75,7.5,ascending,243.325
62.75,7.75,ascending,247.6018
62.75,8.0,ascending,251.11249
62.75,8.25,ascending,252.58333
62.75,8.5,ascending,254.8877
62.75,8.75,ascending,255.46999
62.75,9.0,ascending,257.40454
62.75,9.25,ascending,257.68582
62.75,9.5,ascending,259.3818
62.75,9.75,ascending,261.13907
62.75,10.0,ascending,262.35544
62.75,10.25,ascending,263.51538
62.75,10.5,ascending,264.40308
62.75,10.75,ascending,264.33923
62.75,11.0,ascending,263.8978
62.75,11.25,ascending,263.12668
62.75,11.5,ascending,262.02
62.75,11.75,ascending,260.55167
62.75,12.0,ascending,260.15613
62.75,12.25,ascending,259.7569
62.75,12.5,ascending,260.27386
62.75,12.75,ascending,262.40845
62.75,13.0,ascending,264.69064
62.75,13.25,ascending,266.45276
62.75,13.5,ascending,268.87
62.75,13.75,ascending,267.00125
62.75,14.0,ascending,268.28
62.75,14.25,ascending,270.195
62.75,14.5,ascending,272.038
62.75,14.75,ascending,273.0025
62.75,15.0,ascending,274.0475
62.75,15.25,ascending,274.612
62.75,15.5,ascending,275.04666
62.75,15.75,ascending,275.47
62.75,16.0,ascending,275.74
62.75,16.25,ascending,275.92334
62.75,16.5,ascending,275.93
62.75,16.75,ascending,275.775
62.75,17.0,ascending,275.13998
62.75,17.25,ascending,273.665
62.75,17.5,ascending,271.07797
62.75,17.75,ascending,266.59332
62.75,18.0,ascending,260.01
62.75,18.25,ascending,251.48665
62.75,18.5,ascending,244.3775
62.75,18.75,ascending,235.96399
62.75,19.0,ascending,226.84001
62.75,19.25,ascending,219.65332
62.75,19.5,ascending,216.52249
62.75,19.75,ascending,213.33333
62.75,20.0,ascending,211.8475
62.75,20.25,ascending,210.75
62.75,20.5,ascending,210.555
62.75,20.75,ascending,212.8375
62.75,21.0,ascending,220.285
62.75,21.25,ascending,230.16
62.75,21.5,ascending,246.11499
62.75,21.75,ascending,256.79498
62.75,22.0,ascending,266.00665
62.75,22.25,ascending,269.85498
62.75,22.5,ascending,271.58
62.75,22.75,ascending,273.21
62.75,23.0,ascending,273.9275
62.75,23.25,ascending,274.6433
62.75,23.5,ascending,275.07
62.75,23.75,ascending,275.28748
62.75,24.0,ascending,275.4833
62.75,24.25,ascending,275.625
62.75,24.5,ascending,275.704
62.75,24.75,ascending,275.5
62.75,25.0,ascending,275.10666
62.75,25.25,ascending,274.645
62.75,25.5,ascending,274.216
62.75,25.75,ascending,273.83
62.75,26.0,ascending,273.5925
62.75,26.25,ascending,273.352
62.75,26.5,ascending,273.2725
62.75,26.75,ascending,273.16498
62.75,27.0,ascending,273.24
62.75,27.25,ascending,273.11398
62.75,27.5,ascending,272.64
62.75,27.75,ascending,272.0575
62.75,28.0,ascending,271.968
62.75,28.25,ascending,272.38
62.75,28.5,ascending,272.78748
62.75,28.75,ascending,273.08334
62.75,29.0,ascending,272.41833
62.75,29.25,ascending,270.7327
62.75,29.5,ascending,269.95624
62.75,29.75,ascending,269.65616
62.75,30.0,ascending,269.84998
62.75,30.25,ascending,269.92923
62.75,30.5,ascending,270.05615
62.75,30.75,ascending,270.3846
62.75,31.0,ascending,270.33582
62.75,31.25,ascending,270.57385
62.75,31.5,ascending,270.49075
62.75,31.75,ascending,270.83817
62.75,32.0,ascending,270.721
62.75,32.25,ascending,270.8425
62.75,32.5,ascending,270.68832
62.75,32.75,ascending,270.663
62.75,33.0,ascending,270.69272
62.75,33.25,ascending,270.73093
62.75,33.5,ascending,270.69168
62.75,33.75,ascending,270.7333
62.75,34.0,ascending,270.7118
62.75,34.25,ascending,270.48093
62.75,34.5,ascending,270.08362
62.75,34.75,ascending,269.625
62.75,35.0,ascending,269.31454
62.75,35.25,ascending,269.06
62.75,35.5,ascending,268.8927
62.75,35.75,ascending,268.601
62.75,36.0,ascending,268.1575
62.75,36.25,ascending,267.58817
62.75,36.5,ascending,267.33154
62.75,36.75,ascending,267.17642
62.75,37.0,ascending,267.38922
62.75,37.25,ascending,267.81818
62.75,37.5,ascending,268.13998
62.75,37.75,ascending,268.56332
62.75,38.0,ascending,268.71
63.0,-13.0,ascending,209.626
63.0,-12.75,ascending,209.56334
63.0,-12.5,ascending,209.5577
63.0,-12.25,ascending,209.60428
63.0,-12.0,ascending,209.76132
63.0,-11.75,ascending,210.01067
63.0,-11.5,ascending,210.27579
63.0,-11.25,ascending,210.53722
63.0,-11.0,ascending,210.22374
63.0,-10.75,ascending,210.09001
63.0,-10.5,ascending,210.38399
63.0,-10.25,ascending,210.655
63.0,-10.0,ascending,211.15833
63.0,-9.75,ascending,211.83
63.0,-9.5,ascending,212.366
63.0,-9.25,ascending,212.898
63.0,-9.0,ascending,213.46
63.0,-8.75,ascending,213.73999
63.0,-8.5,ascending,214.3125
63.0,-8.25,ascending,214.82999
63.0,-8.0,ascending,215.45667
63.0,-7.75,ascending,215.71
63.0,-7.5,ascending,216.36
63.0,-7.25,ascending,216.465
63.0,-7.0,ascending,216.65
63.0,-6.75,ascending,216.31999
63.0,-6.5,ascending,216.13666
63.0,-6.25,ascending,215.78398
63.0,-6.0,ascending,214.54749
63.0,-5.75,ascending,213.13
63.0,-5.5,ascending,211.646
63.0,-5.25,ascending,210.0
63.0,-5.0,ascending,209.10333
63.0,-4.75,ascending,208.6675
63.0,-4.5,ascending,208.59999
63.0,-4.25,ascending,208.60999
63.0,-4.0,ascending,208.748
63.0,-3.75,ascending,208.72998
63.0,-3.5,ascending,208.635
63.0,-3.25,ascending,208.74333
63.0,-3.0,ascending,209.06999
63.0,-2.75,ascending,209.48665
63.0,-2.5,ascending,209.55
63.0,-2.25,ascending,208.86
63.0,-2.0,ascending,208.09248
63.0,-1.75,ascending,207.59749
63.0,-1.5,ascending,207.37
63.0,-1.25,ascending,207.43666
63.0,-1.0,ascending,207.434
63.0,-0.75,ascending,207.245
63.0,-0.5,ascending,207.06999
63.0,-0.25,ascending,206.86249
63.0,-0.0,ascending,232.50626
63.0,0.25,ascending,206.825
63.0,0.5,ascending,206.95601
63.0,0.75,ascending,207.09999
63.0,1.0,ascending,207.15001
63.0,1.25,ascending,207.26999
63.0,1.5,ascending,207.36499
63.0,1.75,ascending,207.39749
63.0,2.0,ascending,207.3125
63.0,2.25,ascending,207.23
63.0,2.5,ascending,207.18
63.0,2.75,ascending,207.025
63.0,3.0,ascending,206.94666
63.0,3.25,ascending,206.9175
63.0,3.5,ascending,206.91998
63.0,3.75,ascending,206.92
63.0,4.0,ascending,206.91833
63.0,4.25,ascending,206.81667
63.0,4.5,ascending,206.87999
63.0,4.75,ascending,206.926
63.0,5.0,ascending,206.93999
63.0,5.25,ascending,206.98999
63.0,5.5,ascending,207.02768
63.0,5.75,ascending,207.20667
63.0,6.0,ascending,207.96999
63.0,6.25,ascending,209.12271
63.0,6.5,ascending,210.91501
63.0,6.75,ascending,214.25273
63.0,7.0,ascending,218.28908
63.0,7.25,ascending,223.91833
63.0,7.5,ascending,229.696
63.0,7.75,ascending,235.50601
63.0,8.0,ascending,241.48915
63.0,8.25,ascending,246.88666
63.0,8.5,ascending,252.038
63.0,8.75,ascending,254.146
63.0,9.0,ascending,257.09833
63.0,9.25,ascending,259.6873
63.0,9.5,ascending,261.33923
63.0,9.75,ascending,263.1523
63.0,10.0,ascending,265.07452
63.0,10.25,ascending,266.418
63.0,10.5,ascending,266.43362
63.0,10.75,ascending,266.6082
63.0,11.0,ascending,265.69583
63.0,11.25,ascending,264.60272
63.0,11.5,ascending,262.6725
63.0,11.75,ascending,262.01907
63.0,12.0,ascending,259.8857
63.0,12.25,ascending,259.26468
63.0,12.5,ascending,260.42285
63.0,12.75,ascending,262.53427
63.0,13.0,ascending,263.07465
63.0,13.25,ascending,265.4021
63.0,13.5,ascending,267.60788
63.0,13.75,ascending,265.84998
63.0,14.0,ascending,268.4375
63.0,14.25,ascending,270.20667
63.0,14.5,ascending,271.69666
63.0,14.75,ascending,272.862
63.0,15.0,ascending,273.75998
63.0,15.25,ascending,274.41748
63.0,15.5,ascending,275.074
63.0,15.75,ascending,275.5
63.0,16.0,ascending,275.8025
63.0,16.25,ascending,276.0075
63.0,16.5,ascending,276.12
63.0,16.75,ascending,276.19
63.0,17.0,ascending,276.12
63.0,17.25,ascending,275.87
63.0,17.5,ascending,274.66498
63.0,17.75,ascending,272.465
63.0,18.0,ascending,269.25
63.0,18.25,ascending,264.03
63.0,18.5,ascending,257.55798
63.0,18.75,ascending,248.40999
63.0,19.0,ascending,238.30333
63.0,19.25,ascending,232.1175
63.0,19.5,ascending,226.09799
63.0,19.75,ascending,219.57332
63.0,20.0,ascending,218.1025
63.0,20.25,ascending,215.06334
63.0,20.5,ascending,213.23999
63.0,20.75,ascending,215.0025
63.0,21.0,ascending,219.43
63.0,21.25,ascending,227.79668
63.0,21.5,ascending,237.88249
63.0,21.75,ascending,249.04
63.0,22.0,ascending,254.72249
63.0,22.25,ascending,262.72247
63.0,22.5,ascending,264.125
63.0,22.75,ascending,267.9875
63.0,23.0,ascending,272.2975
63.0,23.25,ascending,273.7375
63.0,23.5,ascending,274.80798
63.0,23.75,ascending,275.25668
63.0,24.0,ascending,275.4375
63.0,24.25,ascending,275.70248
63.0,24.5,ascending,275.75397
63.0,24.75,ascending,275.50998
63.0,25.0,ascending,275.0925
63.0,25.25,ascending,274.68
63.0,25.5,ascending,274.382
63.0,25.75,ascending,274.055
63.0,26.0,ascending,273.97
63.0,26.25,ascending,273.865
63.0,26.5,ascending,273.72397
63.0,26.75,ascending,273.5275
63.0,27.0,ascending,273.325
63.0,27.25,ascending,273.025
63.0,27.5,ascending,272.56198
63.0,27.75,ascending,272.35248
63.0,28.0,ascending,272.3125
63.0,28.25,ascending,272.51498
63.0,28.5,ascending,272.99
63.0,28.75,ascending,272.47714
63.0,29.0,ascending,271.19144
63.0,29.25,ascending,270.91876
63.0,29.5,ascending,270.68332
63.0,29.75,ascending,270.53265
63.0,30.0,ascending,270.54355
63.0,30.25,ascending,270.59332
63.0,30.5,ascending,270.7523
63.0,30.75,ascending,270.6125
63.0,31.0,ascending,270.97
63.0,31.25,ascending,270.82715
63.0,31.5,ascending,270.92215
63.0,31.75,ascending,270.96454
63.0,32.0,ascending,270.94455
63.0,32.25,ascending,270.86398
63.0,32.5,ascending,270.91544
63.0,32.75,ascending,270.8791
63.0,33.0,ascending,270.78
63.0,33.25,ascending,270.67444
63.0,33.5,ascending,270.5418
63.0,33.75,ascending,270.5
63.0,34.0,ascending,270.594
63.0,34.25,ascending,270.574
63.0,34.5,ascending,270.46164
63.0,34.75,ascending,270.257
63.0,35.0,ascending,270.136
63.0,35.25,ascending,269.8583
63.0,35.5,ascending,269.38666
63.0,35.75,ascending,268.8975
63.0,36.0,ascending,268.28
63.0,36.25,ascending,267.79715
63.0,36.5,ascending,267.39584
63.0,36.75,ascending,267.44415
63.0,37.0,ascending,267.7214
63.0,37.25,ascending,268.25928
63.0,37.5,ascending,268.742
63.0,37.75,ascending,268.96588
63.0,38.0,ascending,269.183
63.25,-13.0,ascending,209.42168
63.25,-12.75,ascending,209.33751
63.25,-12.5,ascending,209.29642
63.25,-12.25,ascending,209.28665
63.25,-12.0,ascending,209.3307
63.25,-11.75,ascending,209.39072
63.25,-11.5,ascending,209.51555
63.25,-11.25,ascending,209.69118
63.25,-11.0,ascending,209.63199
63.25,-10.75,ascending,209.71333
63.25,-10.5,ascending,209.76999
63.25,-10.25,ascending,209.805
63.25,-10.0,ascending,210.10333
63.25,-9.75,ascending,210.27998
63.25,-9.5,ascending,210.68666
63.25,-9.25,ascending,211.26332
63.25,-9.0,ascending,211.904
63.25,-8.75,ascending,212.73248
63.25,-8.5,ascending,213.83249
63.25,-8.25,ascending,214.82666
63.25,-8.0,ascending,216.106
63.25,-7.75,ascending,217.13666
63.25,-7.5,ascending,218.055
63.25,-7.25,ascending,218.71666
63.25,-7.0,ascending,219.13399
63.25,-6.75,ascending,218.99333
63.25,-6.5,ascending,218.698
63.25,-6.25,ascending,217.54001
63.25,-6.0,ascending,216.13
63.25,-5.75,ascending,214.29
63.25,-5.5,ascending,212.472
63.25,-5.25,ascending,210.74333
63.25,-5.0,ascending,209.8325
63.25,-4.75,ascending,209.515
63.25,-4.5,ascending,209.64
63.25,-4.25,ascending,209.79199
63.25,-4.0,ascending,210.02998
63.25,-3.75,ascending,209.565
63.25,-3.5,ascending,209.08333
63.25,-3.25,ascending,208.828
63.25,-3.0,ascending,208.81
63.25,-2.75,ascending,208.935
63.25,-2.5,ascending,208.73
63.25,-2.25,ascending,208.00667
63.25,-2.0,ascending,207.4975
63.25,-1.75,ascending,207.185
63.25,-1.5,ascending,207.20499
63.25,-1.25,ascending,207.2925
63.25,-1.0,ascending,207.2825
63.25,-0.75,ascending,207.185
63.25,-0.5,ascending,207.06999
63.25,-0.25,ascending,206.9925
63.25,-0.0,ascending,224.93666
63.25,0.25,ascending,207.2025
63.25,0.5,ascending,207.26332
63.25,0.75,ascending,207.46
63.25,1.0,ascending,207.42
63.25,1.25,ascending,207.41501
63.25,1.5,ascending,207.3925
63.25,1.75,ascending,207.28398
63.25,2.0,ascending,207.08499
63.25,2.25,ascending,206.9475
63.25,2.5,ascending,206.875
63.25,2.75,ascending,206.84
63.25,3.0,ascending,206.845
63.25,3.25,ascending,206.81499
63.25,3.5,ascending,206.81
63.25,3.75,ascending,206.72299
63.25,4.0,ascending,206.73999
63.25,4.25,ascending,206.71466
63.25,4.5,ascending,206.77116
63.25,4.75,ascending,206.77768
63.25,5.0,ascending,206.81714
63.25,5.25,ascending,206.83917
63.25,5.5,ascending,206.86728
63.25,5.75,ascending,206.90999
63.25,6.0,ascending,206.99364
63.25,6.25,ascending,207.19331
63.25,6.5,ascending,207.69461
63.25,6.75,ascending,208.523
63.25,7.0,ascending,209.58453
63.25,7.25,ascending,211.9709
63.25,7.5,ascending,216.11636
63.25,7.75,ascending,221.64777
63.25,8.0,ascending,227.27998
63.25,8.25,ascending,233.0711
63.25,8.5,ascending,241.62416
63.25,8.75,ascending,247.60498
63.25,9.0,ascending,251.601
63.25,9.25,ascending,255.9009
63.25,9.5,ascending,258.469
63.25,9.75,ascending,260.121
63.25,10.0,ascending,260.756
63.25,10.25,ascending,260.79636
63.25,10.5,ascending,261.96182
63.25,10.75,ascending,263.02444
63.25,11.0,ascending,264.18832
63.25,11.25,ascending,264.469
63.25,11.5,ascending,263.7093
63.25,11.75,ascending,262.93
63.25,12.0,ascending,263.6783
63.25,12.25,ascending,263.22
63.25,12.5,ascending,263.45142
63.25,12.75,ascending,265.40076
63.25,13.0,ascending,266.2911
63.25,13.25,ascending,268.44873
63.25,13.5,ascending,268.94937
63.25,13.75,ascending,268.306
63.25,14.0,ascending,269.905
63.25,14.25,ascending,270.91666
63.25,14.5,ascending,271.954
63.25,14.75,ascending,272.9
63.25,15.0,ascending,273.7525
63.25,15.25,ascending,274.60498
63.25,15.5,ascending,275.14334
63.25,15.75,ascending,275.53998
63.25,16.0,ascending,275.75
63.25,16.25,ascending,275.87668
63.25,16.5,ascending,276.005
63.25,16.75,ascending,276.1925
63.25,17.0,ascending,276.395
63.25,17.25,ascending,276.39
63.25,17.5,ascending,276.06
63.25,17.75,ascending,275.29
63.25,18.0,ascending,273.91998
63.25,18.25,ascending,271.28
63.25,18.5,ascending,268.35498
63.25,18.75,ascending,260.96335
63.25,19.0,ascending,255.38249
63.25,19.25,ascending,249.04599
63.25,19.5,ascending,239.89
63.25,19.75,ascending,233.7675
63.25,20.0,ascending,231.2
63.25,20.25,ascending,225.755
63.25,20.5,ascending,221.22333
63.25,20.75,ascending,219.50499
63.25,21.0,ascending,221.545
63.25,21.25,ascending,225.5275
63.25,21.5,ascending,231.1875
63.25,21.75,ascending,234.48999
63.25,22.0,ascending,241.01
63.25,22.25,ascending,247.43001
63.25,22.5,ascending,255.02666
63.25,22.75,ascending,262.74332
63.25,23.0,ascending,268.47797
63.25,23.25,ascending,271.99332
63.25,23.5,ascending,273.69
63.25,23.75,ascending,274.57248
63.25,24.0,ascending,275.07797
63.25,24.25,ascending,275.66
63.25,24.5,ascending,275.655
63.25,24.75,ascending,275.4625
63.25,25.0,ascending,275.2175
63.25,25.25,ascending,274.996
63.25,25.5,ascending,274.7825
63.25,25.75,ascending,274.5
63.25,26.0,ascending,274.38
63.25,26.25,ascending,274.235
63.25,26.5,ascending,274.06598
63.25,26.75,ascending,273.805
63.25,27.0,ascending,273.47
63.25,27.25,ascending,273.1325
63.25,27.5,ascending,272.906
63.25,27.75,ascending,272.98
63.25,28.0,ascending,273.096
63.25,28.25,ascending,273.10248
63.25,28.5,ascending,271.65
63.25,28.75,ascending,271.08932
63.25,29.0,ascending,271.38666
63.25,29.25,ascending,271.10928
63.25,29.5,ascending,271.01538
63.25,29.75,ascending,270.86713
63.25,30.0,ascending,271.05142
63.25,30.25,ascending,271.21002
63.25,30.5,ascending,271.15143
63.25,30.75,ascending,271.10333
63.25,31.0,ascending,271.32452
63.25,31.25,ascending,271.16638
63.25,31.5,ascending,271.17072
63.25,31.75,ascending,271.14
63.25,32.0,ascending,271.25272
63.25,32.25,ascending,271.26398
63.25,32.5,ascending,271.13666
63.25,32.75,ascending,271.1409
63.25,33.0,ascending,270.87
63.25,33.25,ascending,270.66455
63.25,33.5,ascending,270.393
63.25,33.75,ascending,270.17636
63.25,34.0,ascending,270.08636
63.25,34.25,ascending,270.06726
63.25,34.5,ascending,270.037
63.25,34.75,ascending,270.048
63.25,35.0,ascending,270.02332
63.25,35.25,ascending,269.918
63.25,35.5,ascending,269.76636
63.25,35.75,ascending,269.42844
63.25,36.0,ascending,269.11417
63.25,36.25,ascending,268.72
63.25,36.5,ascending,268.49
63.25,36.75,ascending,268.423
63.25,37.0,ascending,268.55356
63.25,37.25,ascending,268.77667
63.25,37.5,ascending,269.10382
63.25,37.75,ascending,269.26117
63.25,38.0,ascending,269.36285
63.5,-13.0,ascending,209.58598
63.5,-12.75,ascending,209.65308
63.5,-12.5,ascending,209.3891
63.5,-12.25,ascending,209.32846
63.5,-12.0,ascending,209.29881
63.5,-11.75,ascending,209.25188
63.5,-11.5,ascending,209.3158
63.5,-11.25,ascending,209.34923
63.5,-11.0,ascending,209.41249
63.5,-10.75,ascending,209.452
63.5,-10.5,ascending,209.43
63.5,-10.25,ascending,209.4475
63.5,-10.0,ascending,209.476
63.5,-9.75,ascending,209.5
63.5,-9.5,ascending,209.604
63.5,-9.25,ascending,209.83398
63.5,-9.0,ascending,210.31
63.5,-8.75,ascending,210.73999
63.5,-8.5,ascending,211.6175
63.5,-8.25,ascending,212.54
63.5,-8.0,ascending,213.905
63.5,-7.75,ascending,215.83249
63.5,-7.5,ascending,218.23198
63.5,-7.25,ascending,220.26
63.5,-7.0,ascending,221.03333
63.5,-6.75,ascending,220.81999
63.5,-6.5,ascending,219.73198
63.5,-6.25,ascending,218.29333
63.5,-6.0,ascending,216.73999
63.5,-5.75,ascending,215.1375
63.5,-5.5,ascending,212.9225
63.5,-5.25,ascending,211.265
63.5,-5.0,ascending,210.4025
63.5,-4.75,ascending,210.39667
63.5,-4.5,ascending,210.75
63.5,-4.25,ascending,211.07332
63.5,-4.0,ascending,211.04599
63.5,-3.75,ascending,210.51335
63.5,-3.5,ascending,209.49199
63.5,-3.25,ascending,208.85333
63.5,-3.0,ascending,208.29399
63.5,-2.75,ascending,208.05
63.5,-2.5,ascending,207.84666
63.5,-2.25,ascending,207.51
63.5,-2.0,ascending,207.248
63.5,-1.75,ascending,207.11665
63.5,-1.5,ascending,207.11499
63.5,-1.25,ascending,207.1375
63.5,-1.0,ascending,207.16333
63.5,-0.75,ascending,207.18799
63.5,-0.5,ascending,207.22249
63.5,-0.25,ascending,207.28
63.5,-0.0,ascending,234.10333
63.5,0.25,ascending,207.62666
63.5,0.5,ascending,207.68599
63.5,0.75,ascending,207.7875
63.5,1.0,ascending,207.69
63.5,1.25,ascending,207.5575
63.5,1.5,ascending,207.4025
63.5,1.75,ascending,207.20999
63.5,2.0,ascending,207.02597
63.5,2.25,ascending,206.9075
63.5,2.5,ascending,206.8675
63.5,2.75,ascending,206.895
63.5,3.0,ascending,206.89499
63.5,3.25,ascending,206.81834
63.5,3.5,ascending,206.70198
63.5,3.75,ascending,206.73534
63.5,4.0,ascending,206.80385
63.5,4.25,ascending,206.83571
63.5,4.5,ascending,206.93266
63.5,4.75,ascending,206.8775
63.5,5.0,ascending,206.96307
63.5,5.25,ascending,207.02666
63.5,5.5,ascending,206.98462
63.5,5.75,ascending,207.01999
63.5,6.0,ascending,207.03545
63.5,6.25,ascending,207.04091
63.5,6.5,ascending,207.13081
63.5,6.75,ascending,207.3675
63.5,7.0,ascending,207.722
63.5,7.25,ascending,208.21089
63.5,7.5,ascending,209.967
63.5,7.75,ascending,212.64726
63.5,8.0,ascending,217.076
63.5,8.25,ascending,222.23456
63.5,8.5,ascending,227.93198
63.5,8.75,ascending,233.00635
63.5,9.0,ascending,236.64818
63.5,9.25,ascending,240.78899
63.5,9.5,ascending,246.13454
63.5,9.75,ascending,251.123
63.5,10.0,ascending,253.15727
63.5,10.25,ascending,254.078
63.5,10.5,ascending,253.93182
63.5,10.75,ascending,256.055
63.5,11.0,ascending,258.2723
63.5,11.25,ascending,261.85153
63.5,11.5,ascending,263.55002
63.5,11.75,ascending,264.24908
63.5,12.0,ascending,264.3354
63.5,12.25,ascending,264.87833
63.5,12.5,ascending,265.1
63.5,12.75,ascending,266.04572
63.5,13.0,ascending,267.14563
63.5,13.25,ascending,267.87
63.5,13.5,ascending,268.18185
63.5,13.75,ascending,267.74
63.5,14.0,ascending,268.954
63.5,14.25,ascending,269.76
63.5,14.5,ascending,271.164
63.5,14.75,ascending,272.245
63.5,15.0,ascending,273.35
63.5,15.25,ascending,274.1375
63.5,15.5,ascending,274.685
63.5,15.75,ascending,274.796
63.5,16.0,ascending,274.97998
63.5,16.25,ascending,275.19998
63.5,16.5,ascending,275.54498
63.5,16.75,ascending,275.794
63.5,17.0,ascending,276.03998
63.5,17.25,ascending,275.9225
63.5,17.5,ascending,275.865
63.5,17.75,ascending,275.6375
63.5,18.0,ascending,275.2425
63.5,18.25,ascending,274.345
63.5,18.5,ascending,273.14664
63.5,18.75,ascending,271.025
63.5,19.0,ascending,268.34
63.5,19.25,ascending,263.8425
63.5,19.5,ascending,257.46
63.5,19.75,ascending,252.38248
63.5,20.0,ascending,249.25499
63.5,20.25,ascending,242.54
63.5,20.5,ascending,236.905
63.5,20.75,ascending,232.365
63.5,21.0,ascending,229.6175
63.5,21.25,ascending,225.4175
63.5,21.5,ascending,223.5325
63.5,21.75,ascending,222.98665
63.5,22.0,ascending,228.564
63.5,22.25,ascending,234.16333
63.5,22.5,ascending,245.9675
63.5,22.75,ascending,254.9675
63.5,23.0,ascending,261.9225
63.5,23.25,ascending,267.705
63.5,23.5,ascending,270.41248
63.5,23.75,ascending,272.216
63.5,24.0,ascending,273.97998
63.5,24.25,ascending,275.085
63.5,24.5,ascending,275.365
63.5,24.75,ascending,275.31
63.5,25.0,ascending,275.258
63.5,25.25,ascending,275.22748
63.5,25.5,ascending,275.115
63.5,25.75,ascending,274.81998
63.5,26.0,ascending,274.59497
63.5,26.25,ascending,274.42
63.5,26.5,ascending,274.17334
63.5,26.75,ascending,273.82666
63.5,27.0,ascending,273.47
63.5,27.25,ascending,273.22336
63.5,27.5,ascending,273.22998
63.5,27.75,ascending,273.3325
63.5,28.0,ascending,272.081
63.5,28.25,ascending,271.64166
63.5,28.5,ascending,271.46124
63.5,28.75,ascending,271.56
63.5,29.0,ascending,271.47845
63.5,29.25,ascending,271.3477
63.5,29.5,ascending,271.36856
63.5,29.75,ascending,271.28833
63.5,30.0,ascending,271.35544
63.5,30.25,ascending,271.2077
63.5,30.5,ascending,271.5409
63.5,30.75,ascending,271.40817
63.5,31.0,ascending,271.31363
63.5,31.25,ascending,271.181
63.5,31.5,ascending,271.27182
63.5,31.75,ascending,271.36917
63.5,32.0,ascending,271.06168
63.5,32.25,ascending,271.02832
63.5,32.5,ascending,271.19333
63.5,32.75,ascending,271.0691
63.5,33.0,ascending,270.81442
63.5,33.25,ascending,270.684
63.5,33.5,ascending,270.47556
63.5,33.75,ascending,270.37445
63.5,34.0,ascending,270.22818
63.5,34.25,ascending,270.13666
63.5,34.5,ascending,270.08908
63.5,34.75,ascending,270.0575
63.5,35.0,ascending,270.02332
63.5,35.25,ascending,269.98636
63.5,35.5,ascending,269.94363
63.5,35.75,ascending,269.7191
63.5,36.0,ascending,269.4627
63.5,36.25,ascending,269.167
63.5,36.5,ascending,268.79
63.5,36.75,ascending,268.48215
63.5,37.0,ascending,268.4293
63.5,37.25,ascending,268.48465
63.5,37.5,ascending,268.64923
63.5,37.75,ascending,268.6506
63.5,38.0,ascending,268.73544
63.75,-13.0,ascending,211.11665
63.75,-12.75,ascending,210.87416
63.75,-12.5,ascending,210.19154
63.75,-12.25,ascending,209.82999
63.75,-12.0,ascending,209.60062
63.75,-11.75,ascending,209.40285
63.75,-11.5,ascending,209.4161
63.75,-11.25,ascending,209.71666
63.75,-11.0,ascending,210.12
63.75,-10.75,ascending,210.0625
63.75,-10.5,ascending,210.03499
63.75,-10.25,ascending,209.8375
63.75,-10.0,ascending,209.74333
63.75,-9.75,ascending,209.555
63.75,-9.5,ascending,209.6525
63.75,-9.25,ascending,209.45332
63.75,-9.0,ascending,209.5
63.75,-8.75,ascending,209.595
63.75,-8.5,ascending,210.054
63.75,-8.25,ascending,210.94666
63.75,-8.0,ascending,212.59666
63.75,-7.75,ascending,214.9375
63.75,-7.5,ascending,217.7325
63.75,-7.25,ascending,219.44331
63.75,-7.0,ascending,219.79599
63.75,-6.75,ascending,219.76666
63.75,-6.5,ascending,218.93666
63.75,-6.25,ascending,218.19666
63.75,-6.0,ascending,217.1825
63.75,-5.75,ascending,215.39749
63.75,-5.5,ascending,213.34999
63.75,-5.25,ascending,211.64499
63.75,-5.0,ascending,210.99333
63.75,-4.75,ascending,210.9925
63.75,-4.5,ascending,211.45
63.75,-4.25,ascending,211.82748
63.75,-4.0,ascending,211.92334
63.75,-3.75,ascending,211.10251
63.75,-3.5,ascending,209.88335
63.75,-3.25,ascending,208.7475
63.75,-3.0,ascending,208.09999
63.75,-2.75,ascending,207.73
63.75,-2.5,ascending,207.51999
63.75,-2.25,ascending,207.32666
63.75,-2.0,ascending,207.18
63.75,-1.75,ascending,207.105
63.75,-1.5,ascending,207.0925
63.75,-1.25,ascending,207.17665
63.75,-1.0,ascending,207.255
63.75,-0.75,ascending,207.365
63.75,-0.5,ascending,207.40999
63.75,-0.25,ascending,207.49666
63.75,-0.0,ascending,230.67142
63.75,0.25,ascending,207.88
63.75,0.5,ascending,207.972
63.75,0.75,ascending,207.91
63.75,1.0,ascending,207.76
63.75,1.25,ascending,207.5875
63.75,1.5,ascending,207.39749
63.75,1.75,ascending,207.20999
63.75,2.0,ascending,207.06749
63.75,2.25,ascending,207.02249
63.75,2.5,ascending,206.998
63.75,2.75,ascending,206.96167
63.75,3.0,ascending,206.87428
63.75,3.25,ascending,206.80466
63.75,3.5,ascending,206.86133
63.75,3.75,ascending,206.90384
63.75,4.0,ascending,207.01213
63.75,4.25,ascending,206.97833
63.75,4.5,ascending,207.07153
63.75,4.75,ascending,207.13582
63.75,5.0,ascending,207.19727
63.75,5.25,ascending,207.18546
63.75,5.5,ascending,207.33453
63.75,5.75,ascending,207.324
63.75,6.0,ascending,207.34181
63.75,6.25,ascending,207.36299
63.75,6.5,ascending,207.39166
63.75,6.75,ascending,207.46
63.75,7.0,ascending,207.551
63.75,7.25,ascending,207.78818
63.75,7.5,ascending,208.21
63.75,7.75,ascending,208.83624
63.75,8.0,ascending,210.71199
63.75,8.25,ascending,213.217
63.75,8.5,ascending,215.26888
63.75,8.75,ascending,218.85799
63.75,9.0,ascending,220.943
63.75,9.25,ascending,223.1975
63.75,9.5,ascending,229.122
63.75,9.75,ascending,236.672
63.75,10.0,ascending,244.79272
63.75,10.25,ascending,249.45416
63.75,10.5,ascending,254.71832
63.75,10.75,ascending,256.07248
63.75,11.0,ascending,258.111
63.75,11.25,ascending,259.854
63.75,11.5,ascending,262.18817
63.75,11.75,ascending,263.83334
63.75,12.0,ascending,264.3657
63.75,12.25,ascending,264.35916
63.75,12.5,ascending,264.1346
63.75,12.75,ascending,263.9893
63.75,13.0,ascending,264.22223
63.75,13.25,ascending,264.46887
63.75,13.5,ascending,264.13333
63.75,13.75,ascending,263.89334
63.75,14.0,ascending,264.32748
63.75,14.25,ascending,266.024
63.75,14.5,ascending,268.70667
63.75,14.75,ascending,270.06
63.75,15.0,ascending,271.4225
63.75,15.25,ascending,272.2625
63.75,15.5,ascending,272.9375
63.75,15.75,ascending,273.29333
63.75,16.0,ascending,273.944
63.75,16.25,ascending,274.22998
63.75,16.5,ascending,274.735
63.75,16.75,ascending,274.70334
63.75,17.0,ascending,274.646
63.75,17.25,ascending,274.59665
63.75,17.5,ascending,274.72
63.75,17.75,ascending,274.47
63.75,18.0,ascending,274.58197
63.75,18.25,ascending,274.79
63.75,18.5,ascending,274.69498
63.75,18.75,ascending,274.4025
63.75,19.0,ascending,273.94333
63.75,19.25,ascending,272.026
63.75,19.5,ascending,269.78247
63.75,19.75,ascending,267.28333
63.75,20.0,ascending,264.65332
63.75,20.25,ascending,259.8625
63.75,20.5,ascending,254.595
63.75,20.75,ascending,248.02998
63.75,21.0,ascending,240.87
63.75,21.25,ascending,232.64249
63.75,21.5,ascending,226.50334
63.75,21.75,ascending,223.7925
63.75,22.0,ascending,226.48665
63.75,22.25,ascending,236.1875
63.75,22.5,ascending,245.0725
63.75,22.75,ascending,253.10667
63.75,23.0,ascending,259.38
63.75,23.25,ascending,262.53
63.75,23.5,ascending,265.45
63.75,23.75,ascending,268.71
63.75,24.0,ascending,271.275
63.75,24.25,ascending,273.33
63.75,24.5,ascending,274.495
63.75,24.75,ascending,274.8675
63.75,25.0,ascending,275.22998
63.75,25.25,ascending,275.27997
63.75,25.5,ascending,275.2333
63.75,25.75,ascending,275.065
63.75,26.0,ascending,274.84
63.75,26.25,ascending,274.6725
63.75,26.5,ascending,274.3075
63.75,26.75,ascending,273.8925
63.75,27.0,ascending,273.41998
63.75,27.25,ascending,273.16998
63.75,27.5,ascending,272.39398
63.75,27.75,ascending,271.88846
63.75,28.0,ascending,271.84866
63.75,28.25,ascending,271.92355
63.75,28.5,ascending,271.83798
63.75,28.75,ascending,271.98285
63.75,29.0,ascending,271.82584
63.75,29.25,ascending,271.7875
63.75,29.5,ascending,271.76636
63.75,29.75,ascending,271.80457
63.75,30.0,ascending,271.54498
63.75,30.25,ascending,271.87088
63.75,30.5,ascending,271.664
63.75,30.75,ascending,271.483
63.75,31.0,ascending,271.43182
63.75,31.25,ascending,271.227
63.75,31.5,ascending,271.32547
63.75,31.75,ascending,271.34665
63.75,32.0,ascending,271.447
63.75,32.25,ascending,271.387
63.75,32.5,ascending,271.05908
63.75,32.75,ascending,270.96
63.75,33.0,ascending,270.83817
63.75,33.25,ascending,270.69998
63.75,33.5,ascending,270.63153
63.75,33.75,ascending,270.56537
63.75,34.0,ascending,270.551
63.75,34.25,ascending,270.483
63.75,34.5,ascending,270.4927
63.75,34.75,ascending,270.503
63.75,35.0,ascending,270.46634
63.75,35.25,ascending,270.27
63.75,35.5,ascending,270.043
63.75,35.75,ascending,269.452
63.75,36.0,ascending,268.90546
63.75,36.25,ascending,267.83835
63.75,36.5,ascending,267.2823
63.75,36.75,ascending,266.7427
63.75,37.0,ascending,265.36307
63.75,37.25,ascending,265.55463
63.75,37.5,ascending,265.7225
63.75,37.75,ascending,266.4381
63.75,38.0,ascending,266.7573
64.0,-13.0,ascending,212.748
64.0,-12.75,ascending,212.20082
64.0,-12.5,ascending,211.41167
64.0,-12.25,ascending,211.14818
64.0,-12.0,ascending,210.72166
64.0,-11.75,ascending,210.60733
64.0,-11.5,ascending,210.35933
64.0,-11.25,ascending,211.23889
64.0,-11.0,ascending,212.18666
64.0,-10.75,ascending,211.83667
64.0,-10.5,ascending,211.76498
64.0,-10.25,ascending,211.54
64.0,-10.0,ascending,211.04
64.0,-9.75,ascending,210.83499
64.0,-9.5,ascending,210.61333
64.0,-9.25,ascending,210.2075
64.0,-9.0,ascending,210.43
64.0,-8.75,ascending,210.10999
64.0,-8.5,ascending,210.48999
64.0,-8.25,ascending,210.89333
64.0,-8.0,ascending,212.07999
64.0,-7.75,ascending,213.94331
64.0,-7.5,ascending,215.16667
64.0,-7.25,ascending,216.70248
64.0,-7.0,ascending,217.71999
64.0,-6.75,ascending,218.45999
64.0,-6.5,ascending,218.92
64.0,-6.25,ascending,218.75667
64.0,-6.0,ascending,218.1
64.0,-5.75,ascending,216.1275
64.0,-5.5,ascending,213.92749
64.0,-5.25,ascending,212.39
64.0,-5.0,ascending,211.46333
64.0,-4.75,ascending,211.44
64.0,-4.5,ascending,211.85999
64.0,-4.25,ascending,212.4625
64.0,-4.0,ascending,212.38
64.0,-3.75,ascending,211.48332
64.0,-3.5,ascending,210.195
64.0,-3.25,ascending,208.88
64.0,-3.0,ascending,208.11499
64.0,-2.75,ascending,207.71666
64.0,-2.5,ascending,207.54
64.0,-2.25,ascending,207.38
64.0,-2.0,ascending,207.20499
64.0,-1.75,ascending,207.12498
64.0,-1.5,ascending,207.165
64.0,-1.25,ascending,207.275
64.0,-1.0,ascending,207.37334
64.0,-0.75,ascending,207.435
64.0,-0.5,ascending,207.5
64.0,-0.25,ascending,207.605
64.0,-0.0,ascending,223.38284
64.0,0.25,ascending,207.9775
64.0,0.5,ascending,207.96667
64.0,0.75,ascending,207.84
64.0,1.0,ascending,207.68666
64.0,1.25,ascending,207.55333
64.0,1.5,ascending,207.42499
64.0,1.75,ascending,207.29333
64.0,2.0,ascending,207.16333
64.0,2.25,ascending,207.15
64.0,2.5,ascending,207.11182
64.0,2.75,ascending,207.03714
64.0,3.0,ascending,207.07832
64.0,3.25,ascending,207.08
64.0,3.5,ascending,207.14082
64.0,3.75,ascending,207.19582
64.0,4.0,ascending,207.32635
64.0,4.25,ascending,207.3275
64.0,4.5,ascending,207.32999
64.0,4.75,ascending,207.39777
64.0,5.0,ascending,207.40498
64.0,5.25,ascending,207.53499
64.0,5.5,ascending,207.60333
64.0,5.75,ascending,207.68001
64.0,6.0,ascending,207.75998
64.0,6.25,ascending,207.73714
64.0,6.5,ascending,207.81624
64.0,6.75,ascending,207.78499
64.0,7.0,ascending,207.79099
64.0,7.25,ascending,207.795
64.0,7.5,ascending,207.8011
64.0,7.75,ascending,207.88374
64.0,8.0,ascending,208.00699
64.0,8.25,ascending,208.63
64.0,8.5,ascending,209.18443
64.0,8.75,ascending,209.83888
64.0,9.0,ascending,211.07222
64.0,9.25,ascending,212.48555
64.0,9.5,ascending,216.70798
64.0,9.75,ascending,223.23
64.0,10.0,ascending,234.842
64.0,10.25,ascending,244.69875
64.0,10.5,ascending,251.53998
64.0,10.75,ascending,256.40555
64.0,11.0,ascending,259.50897
64.0,11.25,ascending,261.77454
64.0,11.5,ascending,262.9009
64.0,11.75,ascending,264.143
64.0,12.0,ascending,264.38834
64.0,12.25,ascending,264.41272
64.0,12.5,ascending,263.73285
64.0,12.75,ascending,262.95538
64.0,13.0,ascending,262.215
64.0,13.25,ascending,262.04797
64.0,13.5,ascending,261.05402
64.0,13.75,ascending,260.2875
64.0,14.0,ascending,262.12332
64.0,14.25,ascending,264.16666
64.0,14.5,ascending,266.49
64.0,14.75,ascending,268.1133
64.0,15.0,ascending,269.41666
64.0,15.25,ascending,270.56332
64.0,15.5,ascending,271.40747
64.0,15.75,ascending,272.32333
64.0,16.0,ascending,272.675
64.0,16.25,ascending,273.19998
64.0,16.5,ascending,273.35748
64.0,16.75,ascending,273.40665
64.0,17.0,ascending,273.12668
64.0,17.25,ascending,273.27332
64.0,17.5,ascending,273.17798
64.0,17.75,ascending,273.47665
64.0,18.0,ascending,273.56665
64.0,18.25,ascending,274.02664
64.0,18.5,ascending,274.19998
64.0,18.75,ascending,274.48
64.0,19.0,ascending,274.7875
64.0,19.25,ascending,274.6575
64.0,19.5,ascending,274.29666
64.0,19.75,ascending,273.10248
64.0,20.0,ascending,271.45334
64.0,20.25,ascending,269.2333
64.0,20.5,ascending,266.41333
64.0,20.75,ascending,259.7375
64.0,21.0,ascending,250.42665
64.0,21.25,ascending,242.185
64.0,21.5,ascending,234.46333
64.0,21.75,ascending,231.74333
64.0,22.0,ascending,233.18
64.0,22.25,ascending,239.625
64.0,22.5,ascending,247.13
64.0,22.75,ascending,252.775
64.0,23.0,ascending,256.69998
64.0,23.25,ascending,259.32333
64.0,23.5,ascending,261.80667
64.0,23.75,ascending,264.98248
64.0,24.0,ascending,266.94666
64.0,24.25,ascending,270.27664
64.0,24.5,ascending,272.80334
64.0,24.75,ascending,273.98666
64.0,25.0,ascending,274.91498
64.0,25.25,ascending,275.1525
64.0,25.5,ascending,275.18
64.0,25.75,ascending,275.21997
64.0,26.0,ascending,275.16748
64.0,26.25,ascending,275.0025
64.0,26.5,ascending,274.51248
64.0,26.75,ascending,273.8175
64.0,27.0,ascending,272.965
64.0,27.25,ascending,272.04364
64.0,27.5,ascending,271.75665
64.0,27.75,ascending,271.78384
64.0,28.0,ascending,271.7225
64.0,28.25,ascending,272.149
64.0,28.5,ascending,272.15546
64.0,28.75,ascending,272.13547
64.0,29.0,ascending,271.88083
64.0,29.25,ascending,271.9711
64.0,29.5,ascending,272.10498
64.0,29.75,ascending,271.9111
64.0,30.0,ascending,272.22375
64.0,30.25,ascending,271.94598
64.0,30.5,ascending,271.70554
64.0,30.75,ascending,271.82272
64.0,31.0,ascending,271.41333
64.0,31.25,ascending,271.49554
64.0,31.5,ascending,271.50998
64.0,31.75,ascending,271.56888
64.0,32.0,ascending,271.531
64.0,32.25,ascending,271.63715
64.0,32.5,ascending,271.50714
64.0,32.75,ascending,271.26248
64.0,33.0,ascending,271.15125
64.0,33.25,ascending,271.06876
64.0,33.5,ascending,271.04623
64.0,33.75,ascending,271.04874
64.0,34.0,ascending,270.871
64.0,34.25,ascending,270.62375
64.0,34.5,ascending,270.1709
64.0,34.75,ascending,269.85556
64.0,35.0,ascending,269.8625
64.0,35.25,ascending,269.19598
64.0,35.5,ascending,269.03818
64.0,35.75,ascending,268.453
64.0,36.0,ascending,267.6018
64.0,36.25,ascending,266.40997
64.0,36.5,ascending,264.904
64.0,36.75,ascending,264.25272
64.0,37.0,ascending,263.52454
64.0,37.25,ascending,263.54614
64.0,37.5,ascending,263.6133
64.0,37.75,ascending,264.54187
64.0,38.0,ascending,265.8289
