latitude,longitude,pass_type,brightness_temp_37v
35.25,-13.0,descending,216.125
35.25,-12.75,descending,217.68
35.25,-12.5,descending,218.52333
35.25,-12.25,descending,219.17334
35.25,-12.0,descending,221.25
35.25,-11.75,descending,223.575
35.25,-11.5,descending,222.61499
35.25,-11.25,descending,220.5
35.25,-11.0,descending,218.60999
35.25,-10.75,descending,218.34334
35.25,-10.5,descending,218.01498
35.25,-10.25,descending,219.065
35.25,-10.0,descending,220.635
35.25,-9.75,descending,219.245
35.25,-9.5,descending,219.76
35.25,-9.25,descending,218.93
35.25,-9.0,descending,216.98
35.25,-8.75,descending,217.04999
35.25,-8.5,descending,217.37999
35.25,-8.25,descending,216.69666
35.25,-8.0,descending,216.7
35.25,-7.75,descending,218.68666
35.25,-7.5,descending,222.18666
35.25,-7.25,descending,226.4
35.25,-7.0,descending,227.95332
35.25,-6.75,descending,225.605
35.25,-6.5,descending,231.19
35.25,-6.25,descending,250.03667
35.25,-6.0,descending,264.825
35.25,-5.75,descending,269.47998
35.25,-5.5,descending,267.875
35.25,-5.25,descending,261.885
35.25,-5.0,descending,249.51
35.25,-4.75,descending,241.56
35.25,-4.5,descending,236.735
35.25,-4.25,descending,238.00667
35.25,-4.0,descending,239.29333
35.25,-3.75,descending,238.23999
35.25,-3.5,descending,236.12666
35.25,-3.25,descending,237.61249
35.25,-3.0,descending,232.94
35.25,-2.75,descending,228.8225
35.25,-2.5,descending,226.17
35.25,-2.25,descending,224.73
35.25,-2.0,descending,228.85
35.25,-1.75,descending,235.63
35.25,-1.5,descending,242.645
35.25,-1.25,descending,250.02666
35.25,-1.0,descending,253.48624
35.25,-0.75,descending,253.82375
35.25,6.0,descending,258.84
35.25,6.25,descending,258.97665
35.25,6.5,descending,259.28333
35.25,6.75,descending,259.788
35.25,7.0,descending,259.808
35.25,7.25,descending,259.404
35.25,7.5,descending,259.01334
35.25,7.75,descending,258.66
35.25,8.0,descending,258.5175
35.25,8.25,descending,258.64664
35.25,8.5,descending,259.01334
35.25,8.75,descending,259.45334
35.25,9.0,descending,260.29248
35.25,9.25,descending,261.37
35.25,9.5,descending,262.10666
35.25,9.75,descending,262.47498
35.25,10.0,descending,262.34665
35.25,10.25,descending,261.895
35.25,10.5,descending,260.65
35.25,10.75,descending,257.47998
35.25,11.0,descending,243.50334
35.25,11.25,descending,224.72667
35.25,11.5,descending,218.81
35.25,11.75,descending,218.84001
35.25,12.0,descending,216.37
35.25,12.25,descending,213.48
35.25,12.5,descending,213.15999
35.25,12.75,descending,216.11499
35.25,13.0,descending,221.31
35.25,13.25,descending,225.63998
35.25,13.5,descending,226.37
35.25,13.75,descending,219.43
35.25,14.0,descending,219.10999
35.25,14.25,descending,223.67499
35.25,14.5,descending,233.64998
35.25,14.75,descending,239.665
35.25,15.0,descending,238.42332
35.25,15.25,descending,235.93
35.25,15.5,descending,228.58
35.25,15.75,descending,220.81334
35.25,16.0,descending,217.415
35.25,16.25,descending,215.98999
35.25,16.5,descending,215.46667
35.25,16.75,descending,216.90666
35.25,17.0,descending,219.08
35.25,17.25,descending,221.34999
35.25,17.5,descending,221.995
35.25,17.75,descending,219.73
35.25,18.0,descending,217.885
35.25,18.25,descending,217.01332
35.25,18.5,descending,215.98
35.25,18.75,descending,215.815
35.25,19.0,descending,215.145
35.25,19.25,descending,214.27
35.25,19.5,descending,214.235
35.25,19.75,descending,214.90332
35.25,20.0,descending,214.35143
35.25,20.25,descending,214.11
35.25,20.5,descending,213.8911
35.25,20.75,descending,213.84375
35.25,21.0,descending,214.06999
35.25,21.25,descending,214.5625
35.25,21.5,descending,214.5225
35.25,21.75,descending,215.03572
35.25,22.0,descending,214.6525
35.25,22.25,descending,214.30998
35.25,22.5,descending,214.73286
35.25,22.75,descending,214.49857
35.25,23.0,descending,215.29874
35.25,23.25,descending,220.30222
35.25,23.5,descending,231.81099
35.25,23.75,descending,240.772
35.25,24.0,descending,242.29999
35.25,24.25,descending,234.86
35.25,24.5,descending,237.38998
35.25,24.75,descending,242.73999
35.25,25.0,descending,247.27333
35.25,25.25,descending,247.15666
35.25,25.5,descending,242.92499
35.25,25.75,descending,236.71999
35.25,26.0,descending,230.32
35.25,26.25,descending,225.45499
35.25,26.5,descending,218.12334
35.25,26.75,descending,214.915
35.25,27.0,descending,215.33
35.25,27.25,descending,214.18999
35.25,27.5,descending,212.98499
35.25,27.75,descending,212.375
35.25,28.0,descending,211.73999
35.25,28.25,descending,211.45
35.25,28.5,descending,211.32666
35.25,28.75,descending,211.41
35.25,29.0,descending,211.35664
35.25,29.25,descending,211.29999
35.25,29.5,descending,211.45332
35.25,29.75,descending,211.73
35.25,30.0,descending,212.10999
35.25,30.25,descending,212.34
35.25,30.5,descending,212.27332
35.25,30.75,descending,211.97333
35.25,31.0,descending,211.6
35.25,31.25,descending,211.33333
35.25,31.5,descending,211.25499
35.25,31.75,descending,211.64665
35.25,32.0,descending,213.74
35.25,32.25,descending,221.50334
35.25,32.5,descending,237.02998
35.25,32.75,descending,244.19499
35.25,33.0,descending,250.805
35.25,33.25,descending,252.17665
35.25,33.5,descending,248.375
35.25,33.75,descending,239.56665
35.25,34.0,descending,228.295
35.25,34.25,descending,218.96
35.25,34.5,descending,216.48332
35.25,34.75,descending,215.21
35.25,35.0,descending,213.81
35.25,35.25,descending,213.43
35.25,35.5,descending,220.51999
35.25,35.75,descending,243.89667
35.25,36.0,descending,264.07498
35.25,36.25,descending,271.375
35.25,36.5,descending,271.505
35.25,36.75,descending,270.852
35.25,37.0,descending,269.84
35.25,37.25,descending,269.27832
35.25,37.5,descending,269.64166
35.25,37.75,descending,269.3775
35.25,38.0,descending,268.67
35.5,-13.0,descending,215.32999
35.5,-12.75,descending,216.27777
35.5,-12.5,descending,217.7625
35.5,-12.25,descending,218.23665
35.5,-12.0,descending,219.5725
35.5,-11.75,descending,221.46571
35.5,-11.5,descending,222.12375
35.5,-11.25,descending,221.19199
35.5,-11.0,descending,219.49777
35.5,-10.75,descending,218.38142
35.5,-10.5,descending,217.73428
35.5,-10.25,descending,218.71286
35.5,-10.0,descending,220.66875
35.5,-9.75,descending,220.29285
35.5,-9.5,descending,220.53499
35.5,-9.25,descending,220.05
35.5,-9.0,descending,218.06714
35.5,-8.75,descending,217.60167
35.5,-8.5,descending,218.27777
35.5,-8.25,descending,217.30858
35.5,-8.0,descending,217.345
35.5,-7.75,descending,218.44714
35.5,-7.5,descending,219.8675
35.5,-7.25,descending,224.72125
35.5,-7.0,descending,227.74142
35.5,-6.75,descending,226.94
35.5,-6.5,descending,231.91249
35.5,-6.25,descending,244.92429
35.5,-6.0,descending,261.42123
35.5,-5.75,descending,267.305
35.5,-5.5,descending,265.18445
35.5,-5.25,descending,252.78285
35.5,-5.0,descending,239.219
35.5,-4.75,descending,229.23
35.5,-4.5,descending,223.646
35.5,-4.25,descending,225.18
35.5,-4.0,descending,226.15666
35.5,-3.75,descending,225.872
35.5,-3.5,descending,224.83624
35.5,-3.25,descending,224.819
35.5,-3.0,descending,222.51445
35.5,-2.75,descending,217.65248
35.5,-2.5,descending,216.14183
35.5,-2.25,descending,216.12334
35.5,-2.0,descending,219.78847
35.5,-1.75,descending,224.99615
35.5,-1.5,descending,232.65778
35.5,-1.25,descending,242.28
35.5,-1.0,descending,246.80762
35.5,-0.75,descending,248.54929
35.5,-0.5,descending,246.33333
35.5,0.0,descending,218.29999
35.5,6.25,descending,258.615
35.5,6.5,descending,258.31235
35.5,6.75,descending,258.206
35.5,7.0,descending,258.19644
35.5,7.25,descending,258.43692
35.5,7.5,descending,258.62228
35.5,7.75,descending,258.473
35.5,8.0,descending,258.30637
35.5,8.25,descending,258.372
35.5,8.5,descending,258.565
35.5,8.75,descending,259.15555
35.5,9.0,descending,259.96634
35.5,9.25,descending,261.2211
35.5,9.5,descending,262.15625
35.5,9.75,descending,262.60333
35.5,10.0,descending,262.1825
35.5,10.25,descending,260.33667
35.5,10.5,descending,258.1214
35.5,10.75,descending,253.87555
35.5,11.0,descending,242.66856
35.5,11.25,descending,227.39499
35.5,11.5,descending,217.64111
35.5,11.75,descending,216.42429
35.5,12.0,descending,215.21832
35.5,12.25,descending,213.11665
35.5,12.5,descending,212.78833
35.5,12.75,descending,214.42499
35.5,13.0,descending,218.59427
35.5,13.25,descending,221.93625
35.5,13.5,descending,222.85625
35.5,13.75,descending,219.27856
35.5,14.0,descending,219.26427
35.5,14.25,descending,225.94286
35.5,14.5,descending,236.14143
35.5,14.75,descending,240.16167
35.5,15.0,descending,238.165
35.5,15.25,descending,234.23286
35.5,15.5,descending,226.50285
35.5,15.75,descending,220.15141
35.5,16.0,descending,217.31999
35.5,16.25,descending,215.92332
35.5,16.5,descending,215.15125
35.5,16.75,descending,215.8
35.5,17.0,descending,218.4
35.5,17.25,descending,221.6657
35.5,17.5,descending,223.84874
35.5,17.75,descending,221.92874
35.5,18.0,descending,218.89749
35.5,18.25,descending,217.35167
35.5,18.5,descending,216.64125
35.5,18.75,descending,216.62
35.5,19.0,descending,215.5425
35.5,19.25,descending,214.58571
35.5,19.5,descending,214.28334
35.5,19.75,descending,214.85625
35.5,20.0,descending,214.27312
35.5,20.25,descending,213.64406
35.5,20.5,descending,213.60886
35.5,20.75,descending,213.58667
35.5,21.0,descending,213.66226
35.5,21.25,descending,214.01
35.5,21.5,descending,214.318
35.5,21.75,descending,214.54999
35.5,22.0,descending,214.8959
35.5,22.25,descending,214.9041
35.5,22.5,descending,214.68347
35.5,22.75,descending,214.80817
35.5,23.0,descending,215.99695
35.5,23.25,descending,221.49652
35.5,23.5,descending,232.4031
35.5,23.75,descending,240.16861
35.5,24.0,descending,238.07088
35.5,24.25,descending,235.001
35.5,24.5,descending,235.96222
35.5,24.75,descending,238.90285
35.5,25.0,descending,240.52713
35.5,25.25,descending,239.91333
35.5,25.5,descending,237.01
35.5,25.75,descending,232.67749
35.5,26.0,descending,226.39857
35.5,26.25,descending,223.47499
35.5,26.5,descending,218.49666
35.5,26.75,descending,216.17749
35.5,27.0,descending,217.6725
35.5,27.25,descending,217.16
35.5,27.5,descending,214.37875
35.5,27.75,descending,213.32832
35.5,28.0,descending,212.36499
35.5,28.25,descending,212.05666
35.5,28.5,descending,211.71571
35.5,28.75,descending,211.69286
35.5,29.0,descending,211.50856
35.5,29.25,descending,211.48286
35.5,29.5,descending,211.55124
35.5,29.75,descending,211.69
35.5,30.0,descending,211.87166
35.5,30.25,descending,211.9175
35.5,30.5,descending,211.96875
35.5,30.75,descending,211.82286
35.5,31.0,descending,211.6175
35.5,31.25,descending,211.44142
35.5,31.5,descending,211.375
35.5,31.75,descending,211.715
35.5,32.0,descending,213.39749
35.5,32.25,descending,218.555
35.5,32.5,descending,227.7825
35.5,32.75,descending,232.26999
35.5,33.0,descending,240.30444
35.5,33.25,descending,241.11714
35.5,33.5,descending,240.28998
35.5,33.75,descending,234.6275
35.5,34.0,descending,226.56221
35.5,34.25,descending,221.71375
35.5,34.5,descending,218.16444
35.5,34.75,descending,215.5625
35.5,35.0,descending,213.76222
35.5,35.25,descending,213.39111
35.5,35.5,descending,220.5309
35.5,35.75,descending,243.52667
35.5,36.0,descending,265.91455
35.5,36.25,descending,271.602
35.5,36.5,descending,271.32614
35.5,36.75,descending,270.38998
35.5,37.0,descending,269.34467
35.5,37.25,descending,269.31284
35.5,37.5,descending,269.7655
35.5,37.75,descending,269.29727
35.5,38.0,descending,268.26825
35.75,-13.0,descending,215.53
35.75,-12.75,descending,215.77141
35.75,-12.5,descending,216.67142
35.75,-12.25,descending,217.47285
35.75,-12.0,descending,217.71858
35.75,-11.75,descending,218.68999
35.75,-11.5,descending,219.62856
35.75,-11.25,descending,220.09285
35.75,-11.0,descending,219.28166
35.75,-10.75,descending,217.95427
35.75,-10.5,descending,216.98856
35.75,-10.25,descending,217.23714
35.75,-10.0,descending,219.385
35.75,-9.75,descending,221.85143
35.75,-9.5,descending,221.51833
35.75,-9.25,descending,220.57166
35.75,-9.0,descending,218.925
35.75,-8.75,descending,217.82166
35.75,-8.5,descending,218.95332
35.75,-8.25,descending,218.18001
35.75,-8.0,descending,217.83249
35.75,-7.75,descending,218.075
35.75,-7.5,descending,217.37143
35.75,-7.25,descending,219.89624
35.75,-7.0,descending,223.36874
35.75,-6.75,descending,225.53429
35.75,-6.5,descending,231.01375
35.75,-6.25,descending,241.27998
35.75,-6.0,descending,255.14442
35.75,-5.75,descending,260.54715
35.75,-5.5,descending,254.95857
35.75,-5.25,descending,237.55856
35.75,-5.0,descending,222.63249
35.75,-4.75,descending,216.20427
35.75,-4.5,descending,214.06221
35.75,-4.25,descending,214.6843
35.75,-4.0,descending,214.65778
35.75,-3.75,descending,214.44124
35.75,-3.5,descending,214.68498
35.75,-3.25,descending,214.18625
35.75,-3.0,descending,212.6475
35.75,-2.75,descending,211.02875
35.75,-2.5,descending,210.932
35.75,-2.25,descending,211.236
35.75,-2.0,descending,212.55415
35.75,-1.75,descending,215.22856
35.75,-1.5,descending,221.155
35.75,-1.25,descending,228.65857
35.75,-1.0,descending,233.51894
35.75,-0.75,descending,235.9209
35.75,-0.5,descending,235.32666
35.75,0.0,descending,216.57
35.75,6.25,descending,258.67398
35.75,6.5,descending,258.01315
35.75,6.75,descending,257.16144
35.75,7.0,descending,256.33286
35.75,7.25,descending,256.39832
35.75,7.5,descending,257.19998
35.75,7.75,descending,257.9927
35.75,8.0,descending,258.10452
35.75,8.25,descending,257.945
35.75,8.5,descending,257.794
35.75,8.75,descending,258.10626
35.75,9.0,descending,258.98248
35.75,9.25,descending,260.47375
35.75,9.5,descending,262.29666
35.75,9.75,descending,263.32874
35.75,10.0,descending,262.65555
35.75,10.25,descending,259.22858
35.75,10.5,descending,253.25
35.75,10.75,descending,246.28142
35.75,11.0,descending,236.75624
35.75,11.25,descending,224.04333
35.75,11.5,descending,215.78
35.75,11.75,descending,213.15572
35.75,12.0,descending,212.88625
35.75,12.25,descending,211.95142
35.75,12.5,descending,212.39624
35.75,12.75,descending,213.49333
35.75,13.0,descending,215.76375
35.75,13.25,descending,218.45332
35.75,13.5,descending,218.54857
35.75,13.75,descending,217.875
35.75,14.0,descending,219.075
35.75,14.25,descending,227.81
35.75,14.5,descending,237.03857
35.75,14.75,descending,241.12572
35.75,15.0,descending,237.09332
35.75,15.25,descending,232.12857
35.75,15.5,descending,227.22
35.75,15.75,descending,220.42
35.75,16.0,descending,217.14334
35.75,16.25,descending,216.06334
35.75,16.5,descending,215.27167
35.75,16.75,descending,215.194
35.75,17.0,descending,216.94666
35.75,17.25,descending,220.71428
35.75,17.5,descending,224.43124
35.75,17.75,descending,224.01855
35.75,18.0,descending,220.12997
35.75,18.25,descending,217.98
35.75,18.5,descending,217.46875
35.75,18.75,descending,217.56125
35.75,19.0,descending,216.79875
35.75,19.25,descending,215.55571
35.75,19.5,descending,214.73624
35.75,19.75,descending,215.01
35.75,20.0,descending,214.67168
35.75,20.25,descending,213.33185
35.75,20.5,descending,213.36792
35.75,20.75,descending,213.13782
35.75,21.0,descending,213.11772
35.75,21.25,descending,213.23227
35.75,21.5,descending,213.73283
35.75,21.75,descending,213.9665
35.75,22.0,descending,214.48544
35.75,22.25,descending,214.90999
35.75,22.5,descending,214.9109
35.75,22.75,descending,214.9763
35.75,23.0,descending,215.83044
35.75,23.25,descending,219.49863
35.75,23.5,descending,223.88042
35.75,23.75,descending,224.8496
35.75,24.0,descending,223.95454
35.75,24.25,descending,223.69444
35.75,24.5,descending,226.60571
35.75,24.75,descending,224.48125
35.75,25.0,descending,225.56
35.75,25.25,descending,226.38374
35.75,25.5,descending,223.53142
35.75,25.75,descending,222.15375
35.75,26.0,descending,219.91428
35.75,26.25,descending,218.0457
35.75,26.5,descending,216.99715
35.75,26.75,descending,215.91142
35.75,27.0,descending,218.355
35.75,27.25,descending,219.828
35.75,27.5,descending,218.09
35.75,27.75,descending,216.97427
35.75,28.0,descending,214.93713
35.75,28.25,descending,213.33833
35.75,28.5,descending,212.7525
35.75,28.75,descending,212.228
35.75,29.0,descending,212.19444
35.75,29.25,descending,212.06201
35.75,29.5,descending,212.20714
35.75,29.75,descending,212.1675
35.75,30.0,descending,211.80713
35.75,30.25,descending,211.76999
35.75,30.5,descending,211.77124
35.75,30.75,descending,211.73286
35.75,31.0,descending,211.62888
35.75,31.25,descending,211.5557
35.75,31.5,descending,211.62875
35.75,31.75,descending,211.90141
35.75,32.0,descending,213.01125
35.75,32.25,descending,215.65666
35.75,32.5,descending,219.295
35.75,32.75,descending,222.22624
35.75,33.0,descending,225.17142
35.75,33.25,descending,225.63428
35.75,33.5,descending,225.77374
35.75,33.75,descending,225.035
35.75,34.0,descending,223.75
35.75,34.25,descending,222.18875
35.75,34.5,descending,218.624
35.75,34.75,descending,215.40666
35.75,35.0,descending,213.64
35.75,35.25,descending,213.729
35.75,35.5,descending,223.28888
35.75,35.75,descending,246.13799
35.75,36.0,descending,265.66
35.75,36.25,descending,271.3109
35.75,36.5,descending,270.7975
35.75,36.75,descending,269.6758
35.75,37.0,descending,268.97357
35.75,37.25,descending,269.046
35.75,37.5,descending,268.43777
35.75,37.75,descending,267.3865
35.75,38.0,descending,266.0843
36.0,-13.0,descending,218.305
36.0,-12.75,descending,217.6157
36.0,-12.5,descending,217.86374
36.0,-12.25,descending,218.845
36.0,-12.0,descending,218.48833
36.0,-11.75,descending,218.35875
36.0,-11.5,descending,219.04001
36.0,-11.25,descending,220.21124
36.0,-11.0,descending,219.83858
36.0,-10.75,descending,218.3125
36.0,-10.5,descending,216.53833
36.0,-10.25,descending,216.18428
36.0,-10.0,descending,217.76857
36.0,-9.75,descending,220.91142
36.0,-9.5,descending,222.20999
36.0,-9.25,descending,221.54428
36.0,-9.0,descending,219.45427
36.0,-8.75,descending,217.82124
36.0,-8.5,descending,218.69832
36.0,-8.25,descending,218.82166
36.0,-8.0,descending,218.61624
36.0,-7.75,descending,217.92
36.0,-7.5,descending,216.5925
36.0,-7.25,descending,216.7
36.0,-7.0,descending,218.595
36.0,-6.75,descending,221.48125
36.0,-6.5,descending,227.43428
36.0,-6.25,descending,239.48143
36.0,-6.0,descending,250.3
36.0,-5.75,descending,253.88713
36.0,-5.5,descending,246.70776
36.0,-5.25,descending,226.99222
36.0,-5.0,descending,216.84125
36.0,-4.75,descending,213.64749
36.0,-4.5,descending,212.77875
36.0,-4.25,descending,212.51625
36.0,-4.0,descending,212.44699
36.0,-3.75,descending,212.04666
36.0,-3.5,descending,211.629
36.0,-3.25,descending,211.18666
36.0,-3.0,descending,210.62222
36.0,-2.75,descending,210.53726
36.0,-2.5,descending,210.6025
36.0,-2.25,descending,210.72272
36.0,-2.0,descending,210.95332
36.0,-1.75,descending,211.97153
36.0,-1.5,descending,214.25215
36.0,-1.25,descending,217.00874
36.0,-1.0,descending,218.8961
36.0,-0.75,descending,220.99428
36.0,-0.5,descending,219.64885
36.0,0.0,descending,215.48
36.0,6.25,descending,258.66928
36.0,6.5,descending,258.49832
36.0,6.75,descending,258.25998
36.0,7.0,descending,258.068
36.0,7.25,descending,257.92923
36.0,7.5,descending,258.21307
36.0,7.75,descending,258.61816
36.0,8.0,descending,258.9236
36.0,8.25,descending,258.90555
36.0,8.5,descending,258.5764
36.0,8.75,descending,258.166
36.0,9.0,descending,258.46445
36.0,9.25,descending,259.72446
36.0,9.5,descending,261.97223
36.0,9.75,descending,263.87665
36.0,10.0,descending,263.77374
36.0,10.25,descending,258.62555
36.0,10.5,descending,246.71715
36.0,10.75,descending,235.23856
36.0,11.0,descending,226.705
36.0,11.25,descending,219.69556
36.0,11.5,descending,214.39249
36.0,11.75,descending,212.03
36.0,12.0,descending,211.40875
36.0,12.25,descending,211.44331
36.0,12.5,descending,212.20625
36.0,12.75,descending,213.44571
36.0,13.0,descending,214.62834
36.0,13.25,descending,216.14874
36.0,13.5,descending,216.37143
36.0,13.75,descending,215.88333
36.0,14.0,descending,218.61665
36.0,14.25,descending,225.39572
36.0,14.5,descending,235.27875
36.0,14.75,descending,240.59286
36.0,15.0,descending,236.62375
36.0,15.25,descending,231.18999
36.0,15.5,descending,227.44858
36.0,15.75,descending,221.91
36.0,16.0,descending,217.12856
36.0,16.25,descending,215.83624
36.0,16.5,descending,215.34999
36.0,16.75,descending,215.06999
36.0,17.0,descending,215.65201
36.0,17.25,descending,218.01399
36.0,17.5,descending,221.79
36.0,17.75,descending,223.91399
36.0,18.0,descending,220.69
36.0,18.25,descending,218.68375
36.0,18.5,descending,218.43001
36.0,18.75,descending,218.40125
36.0,19.0,descending,217.805
36.0,19.25,descending,216.83286
36.0,19.5,descending,215.63374
36.0,19.75,descending,215.49777
36.0,20.0,descending,216.36249
36.0,20.25,descending,213.3525
36.0,20.5,descending,213.26193
36.0,20.75,descending,213.30087
36.0,21.0,descending,212.94304
36.0,21.25,descending,212.69199
36.0,21.5,descending,213.17363
36.0,21.75,descending,213.71727
36.0,22.0,descending,213.88525
36.0,22.25,descending,214.30649
36.0,22.5,descending,214.7895
36.0,22.75,descending,215.79727
36.0,23.0,descending,216.43227
36.0,23.25,descending,216.42305
36.0,23.5,descending,215.77124
36.0,23.75,descending,215.31407
36.0,24.0,descending,215.24878
36.0,24.25,descending,215.82399
36.0,24.5,descending,217.939
36.0,24.75,descending,217.02
36.0,25.0,descending,216.78857
36.0,25.25,descending,217.35143
36.0,25.5,descending,217.22714
36.0,25.75,descending,216.55
36.0,26.0,descending,215.9
36.0,26.25,descending,215.53142
36.0,26.5,descending,215.48856
36.0,26.75,descending,215.54857
36.0,27.0,descending,216.73141
36.0,27.25,descending,218.85571
36.0,27.5,descending,220.81166
36.0,27.75,descending,224.46999
36.0,28.0,descending,222.92001
36.0,28.25,descending,216.545
36.0,28.5,descending,214.05286
36.0,28.75,descending,213.11124
36.0,29.0,descending,214.44
36.0,29.25,descending,215.49124
36.0,29.5,descending,217.02667
36.0,29.75,descending,217.67429
36.0,30.0,descending,215.69875
36.0,30.25,descending,213.47285
36.0,30.5,descending,212.772
36.0,30.75,descending,212.01714
36.0,31.0,descending,211.88249
36.0,31.25,descending,211.82713
36.0,31.5,descending,212.09375
36.0,31.75,descending,212.63284
36.0,32.0,descending,214.4857
36.0,32.25,descending,218.73125
36.0,32.5,descending,224.48874
36.0,32.75,descending,229.4557
36.0,33.0,descending,225.7275
36.0,33.25,descending,224.95714
36.0,33.5,descending,224.3775
36.0,33.75,descending,223.1522
36.0,34.0,descending,221.51624
36.0,34.25,descending,219.92221
36.0,34.5,descending,217.2625
36.0,34.75,descending,215.27124
36.0,35.0,descending,213.61221
36.0,35.25,descending,213.55444
36.0,35.5,descending,221.73544
36.0,35.75,descending,244.34221
36.0,36.0,descending,264.37454
36.0,36.25,descending,270.64816
36.0,36.5,descending,270.33914
36.0,36.75,descending,269.21155
36.0,37.0,descending,268.58572
36.0,37.25,descending,267.41785
36.0,37.5,descending,265.69873
36.0,37.75,descending,263.94684
36.0,38.0,descending,261.206
36.25,-13.0,descending,224.28
36.25,-12.75,descending,223.51125
36.25,-12.5,descending,221.43001
36.25,-12.25,descending,221.645
36.25,-12.0,descending,221.83249
36.25,-11.75,descending,220.116
36.25,-11.5,descending,219.8375
36.25,-11.25,descending,222.075
36.25,-11.0,descending,223.88249
36.25,-10.75,descending,221.526
36.25,-10.5,descending,217.9875
36.25,-10.25,descending,216.57571
36.25,-10.0,descending,216.62834
36.25,-9.75,descending,218.10571
36.25,-9.5,descending,220.565
36.25,-9.25,descending,221.42857
36.25,-9.0,descending,220.91142
36.25,-8.75,descending,218.40666
36.25,-8.5,descending,218.595
36.25,-8.25,descending,220.45285
36.25,-8.0,descending,221.08598
36.25,-7.75,descending,219.99857
36.25,-7.5,descending,217.87712
36.25,-7.25,descending,216.6975
36.25,-7.0,descending,216.775
36.25,-6.75,descending,218.41333
36.25,-6.5,descending,224.45
36.25,-6.25,descending,237.98286
36.25,-6.0,descending,252.7775
36.25,-5.75,descending,257.1857
36.25,-5.5,descending,247.06142
36.25,-5.25,descending,232.34874
36.25,-5.0,descending,221.22751
36.25,-4.75,descending,218.64832
36.25,-4.5,descending,216.77249
36.25,-4.25,descending,215.0975
36.25,-4.0,descending,214.91222
36.25,-3.75,descending,214.07625
36.25,-3.5,descending,213.34875
36.25,-3.25,descending,212.698
36.25,-3.0,descending,212.913
36.25,-2.75,descending,212.82777
36.25,-2.5,descending,212.35272
36.25,-2.25,descending,211.72083
36.25,-2.0,descending,211.46083
36.25,-1.75,descending,211.37334
36.25,-1.5,descending,211.58714
36.25,-1.25,descending,211.75285
36.25,-1.0,descending,212.14786
36.25,-0.75,descending,212.36389
36.25,-0.5,descending,212.3644
36.25,-0.25,descending,212.63666
36.25,0.0,descending,217.38998
36.25,6.25,descending,259.649
36.25,6.5,descending,259.6779
36.25,6.75,descending,259.88733
36.25,7.0,descending,260.18283
36.25,7.25,descending,260.40665
36.25,7.5,descending,260.70273
36.25,7.75,descending,260.73727
36.25,8.0,descending,260.8927
36.25,8.25,descending,261.01898
36.25,8.5,descending,261.006
36.25,8.75,descending,260.44
36.25,9.0,descending,260.04333
36.25,9.25,descending,260.12875
36.25,9.5,descending,261.36667
36.25,9.75,descending,263.27
36.25,10.0,descending,264.7525
36.25,10.25,descending,261.6775
36.25,10.5,descending,247.34125
36.25,10.75,descending,229.87
36.25,11.0,descending,218.54285
36.25,11.25,descending,214.71
36.25,11.5,descending,213.47856
36.25,11.75,descending,212.15857
36.25,12.0,descending,211.47856
36.25,12.25,descending,211.5725
36.25,12.5,descending,212.58
36.25,12.75,descending,213.87428
36.25,13.0,descending,214.36284
36.25,13.25,descending,214.41
36.25,13.5,descending,214.68286
36.25,13.75,descending,214.40498
36.25,14.0,descending,215.82426
36.25,14.25,descending,220.02144
36.25,14.5,descending,227.55998
36.25,14.75,descending,233.04167
36.25,15.0,descending,234.01666
36.25,15.25,descending,230.00285
36.25,15.5,descending,226.18834
36.25,15.75,descending,221.5575
36.25,16.0,descending,217.19832
36.25,16.25,descending,215.50665
36.25,16.5,descending,215.20375
36.25,16.75,descending,214.96858
36.25,17.0,descending,214.92624
36.25,17.25,descending,215.84125
36.25,17.5,descending,219.21286
36.25,17.75,descending,221.9625
36.25,18.0,descending,221.20749
36.25,18.25,descending,220.68857
36.25,18.5,descending,220.64874
36.25,18.75,descending,219.86833
36.25,19.0,descending,218.44125
36.25,19.25,descending,218.00143
36.25,19.5,descending,216.8925
36.25,19.75,descending,216.19875
36.25,20.0,descending,216.89125
36.25,20.25,descending,213.37479
36.25,20.5,descending,213.52927
36.25,20.75,descending,213.12564
36.25,21.0,descending,212.61636
36.25,21.25,descending,212.77455
36.25,21.5,descending,212.975
36.25,21.75,descending,213.394
36.25,22.0,descending,214.077
36.25,22.25,descending,215.01381
36.25,22.5,descending,216.34816
36.25,22.75,descending,218.798
36.25,23.0,descending,219.85817
36.25,23.25,descending,216.469
36.25,23.5,descending,213.99088
36.25,23.75,descending,213.27748
36.25,24.0,descending,213.20346
36.25,24.25,descending,213.71484
36.25,24.5,descending,214.23845
36.25,24.75,descending,214.68
36.25,25.0,descending,215.16875
36.25,25.25,descending,216.06
36.25,25.5,descending,216.36249
36.25,25.75,descending,215.9925
36.25,26.0,descending,215.60999
36.25,26.25,descending,215.4025
36.25,26.5,descending,215.55429
36.25,26.75,descending,216.01285
36.25,27.0,descending,216.40666
36.25,27.25,descending,217.48749
36.25,27.5,descending,220.4557
36.25,27.75,descending,230.19571
36.25,28.0,descending,231.7957
36.25,28.25,descending,222.396
36.25,28.5,descending,215.36856
36.25,28.75,descending,215.435
36.25,29.0,descending,218.88428
36.25,29.25,descending,226.11002
36.25,29.5,descending,231.15
36.25,29.75,descending,232.69832
36.25,30.0,descending,228.61856
36.25,30.25,descending,223.9257
36.25,30.5,descending,217.44
36.25,30.75,descending,213.15
36.25,31.0,descending,212.128
36.25,31.25,descending,212.26833
36.25,31.5,descending,213.125
36.25,31.75,descending,215.20667
36.25,32.0,descending,220.83832
36.25,32.25,descending,231.61856
36.25,32.5,descending,241.11125
36.25,32.75,descending,247.70285
36.25,33.0,descending,241.8425
36.25,33.25,descending,240.7625
36.25,33.5,descending,237.43
36.25,33.75,descending,234.94142
36.25,34.0,descending,226.64874
36.25,34.25,descending,220.75374
36.25,34.5,descending,217.13625
36.25,34.75,descending,215.47665
36.25,35.0,descending,214.05501
36.25,35.25,descending,214.77667
36.25,35.5,descending,222.76445
36.25,35.75,descending,243.71999
36.25,36.0,descending,263.155
36.25,36.25,descending,269.46182
36.25,36.5,descending,269.84164
36.25,36.75,descending,269.02908
36.25,37.0,descending,268.1083
36.25,37.25,descending,266.40643
36.25,37.5,descending,265.20856
36.25,37.75,descending,263.15
36.25,38.0,descending,261.2475
36.5,-13.0,descending,224.69666
36.5,-12.75,descending,225.31142
36.5,-12.5,descending,224.0757
36.5,-12.25,descending,223.03624
36.5,-12.0,descending,224.11
36.5,-11.75,descending,222.43
36.5,-11.5,descending,220.19832
36.5,-11.25,descending,221.6157
36.5,-11.0,descending,225.06
36.5,-10.75,descending,225.62428
36.5,-10.5,descending,221.22714
36.5,-10.25,descending,218.82857
36.5,-10.0,descending,218.01375
36.5,-9.75,descending,217.33667
36.5,-9.5,descending,218.01375
36.5,-9.25,descending,219.40001
36.5,-9.0,descending,220.58875
36.5,-8.75,descending,219.66202
36.5,-8.5,descending,219.18332
36.5,-8.25,descending,221.96143
36.5,-8.0,descending,224.3525
36.5,-7.75,descending,223.24399
36.5,-7.5,descending,221.10664
36.5,-7.25,descending,218.61249
36.5,-7.0,descending,217.28333
36.5,-6.75,descending,218.51999
36.5,-6.5,descending,225.3475
36.5,-6.25,descending,242.03572
36.5,-6.0,descending,260.03125
36.5,-5.75,descending,265.32373
36.5,-5.5,descending,256.93857
36.5,-5.25,descending,247.59625
36.5,-5.0,descending,236.01749
36.5,-4.75,descending,232.27625
36.5,-4.5,descending,227.70874
36.5,-4.25,descending,224.40555
36.5,-4.0,descending,223.98555
36.5,-3.75,descending,222.75333
36.5,-3.5,descending,221.78598
36.5,-3.25,descending,221.52998
36.5,-3.0,descending,221.72
36.5,-2.75,descending,219.81299
36.5,-2.5,descending,217.20665
36.5,-2.25,descending,215.772
36.5,-2.0,descending,214.36084
36.5,-1.75,descending,212.32544
36.5,-1.5,descending,211.58714
36.5,-1.25,descending,211.29933
36.5,-1.0,descending,211.13937
36.5,-0.75,descending,211.12
36.5,-0.5,descending,211.1287
36.5,-0.25,descending,211.36864
36.5,0.0,descending,220.73999
36.5,6.25,descending,259.60602
36.5,6.5,descending,260.14648
36.5,6.75,descending,261.13937
36.5,7.0,descending,261.94
36.5,7.25,descending,262.34427
36.5,7.5,descending,262.56
36.5,7.75,descending,262.8218
36.5,8.0,descending,262.91907
36.5,8.25,descending,263.043
36.5,8.5,descending,262.948
36.5,8.75,descending,262.70444
36.5,9.0,descending,262.14365
36.5,9.25,descending,261.83557
36.5,9.5,descending,262.157
36.5,9.75,descending,262.91998
36.5,10.0,descending,263.77777
36.5,10.25,descending,262.935
36.5,10.5,descending,257.1925
36.5,10.75,descending,238.79999
36.5,11.0,descending,219.86111
36.5,11.25,descending,212.70125
36.5,11.5,descending,212.275
36.5,11.75,descending,212.76999
36.5,12.0,descending,212.49124
36.5,12.25,descending,212.30833
36.5,12.5,descending,212.62776
36.5,12.75,descending,213.58714
36.5,13.0,descending,213.885
36.5,13.25,descending,213.73
36.5,13.5,descending,213.7957
36.5,13.75,descending,213.89667
36.5,14.0,descending,214.6175
36.5,14.25,descending,217.16
36.5,14.5,descending,220.99284
36.5,14.75,descending,226.97285
36.5,15.0,descending,228.52
36.5,15.25,descending,225.78
36.5,15.5,descending,223.68375
36.5,15.75,descending,220.37334
36.5,16.0,descending,217.17874
36.5,16.25,descending,215.335
36.5,16.5,descending,214.8457
36.5,16.75,descending,214.70749
36.5,17.0,descending,214.46124
36.5,17.25,descending,214.58714
36.5,17.5,descending,216.36499
36.5,17.75,descending,219.38713
36.5,18.0,descending,221.93375
36.5,18.25,descending,223.55713
36.5,18.5,descending,223.90875
36.5,18.75,descending,221.68166
36.5,19.0,descending,219.12375
36.5,19.25,descending,218.52374
36.5,19.5,descending,217.68375
36.5,19.75,descending,216.93999
36.5,20.0,descending,217.5925
36.5,20.25,descending,214.12912
36.5,20.5,descending,213.5
36.5,20.75,descending,213.45135
36.5,21.0,descending,212.86665
36.5,21.25,descending,212.95334
36.5,21.5,descending,213.25868
36.5,21.75,descending,214.78
36.5,22.0,descending,216.56999
36.5,22.25,descending,220.08832
36.5,22.5,descending,222.24208
36.5,22.75,descending,225.10449
36.5,23.0,descending,223.51591
36.5,23.25,descending,218.30045
36.5,23.5,descending,214.36348
36.5,23.75,descending,213.21248
36.5,24.0,descending,213.52827
36.5,24.25,descending,214.68365
36.5,24.5,descending,215.66344
36.5,24.75,descending,215.48
36.5,25.0,descending,216.03125
36.5,25.25,descending,217.22144
36.5,25.5,descending,217.63666
36.5,25.75,descending,217.39429
36.5,26.0,descending,216.71855
36.5,26.25,descending,216.92285
36.5,26.5,descending,216.875
36.5,26.75,descending,217.17833
36.5,27.0,descending,218.25888
36.5,27.25,descending,219.36665
36.5,27.5,descending,221.0125
36.5,27.75,descending,228.24715
36.5,28.0,descending,235.48125
36.5,28.25,descending,227.45285
36.5,28.5,descending,220.38126
36.5,28.75,descending,219.58667
36.5,29.0,descending,229.38124
36.5,29.25,descending,241.07715
36.5,29.5,descending,251.12875
36.5,29.75,descending,251.70999
36.5,30.0,descending,246.39998
36.5,30.25,descending,244.10374
36.5,30.5,descending,228.54285
36.5,30.75,descending,216.9975
36.5,31.0,descending,213.535
36.5,31.25,descending,214.9857
36.5,31.5,descending,217.41624
36.5,31.75,descending,223.79713
36.5,32.0,descending,232.29999
36.5,32.25,descending,247.91713
36.5,32.5,descending,256.67874
36.5,32.75,descending,261.31714
36.5,33.0,descending,258.965
36.5,33.25,descending,258.52374
36.5,33.5,descending,255.06874
36.5,33.75,descending,251.30142
36.5,34.0,descending,239.46625
36.5,34.25,descending,228.665
36.5,34.5,descending,221.69556
36.5,34.75,descending,219.46375
36.5,35.0,descending,220.10625
36.5,35.25,descending,222.40443
36.5,35.5,descending,228.75446
36.5,35.75,descending,242.42334
36.5,36.0,descending,257.33817
36.5,36.25,descending,266.56097
36.5,36.5,descending,269.70554
36.5,36.75,descending,269.2983
36.5,37.0,descending,268.32077
36.5,37.25,descending,267.23856
36.5,37.5,descending,266.53668
36.5,37.75,descending,265.13126
36.5,38.0,descending,264.4218
36.75,-13.0,descending,219.99666
36.75,-12.75,descending,221.77124
36.75,-12.5,descending,222.36665
36.75,-12.25,descending,221.5425
36.75,-12.0,descending,223.25285
36.75,-11.75,descending,224.18141
36.75,-11.5,descending,221.06714
36.75,-11.25,descending,219.6175
36.75,-11.0,descending,222.2325
36.75,-10.75,descending,224.3457
36.75,-10.5,descending,223.20667
36.75,-10.25,descending,222.24715
36.75,-10.0,descending,221.315
36.75,-9.75,descending,219.98
36.75,-9.5,descending,219.29
36.75,-9.25,descending,219.48833
36.75,-9.0,descending,221.09166
36.75,-8.75,descending,221.0025
36.75,-8.5,descending,221.34
36.75,-8.25,descending,223.53572
36.75,-8.0,descending,226.38249
36.75,-7.75,descending,225.87285
36.75,-7.5,descending,225.1375
36.75,-7.25,descending,222.46713
36.75,-7.0,descending,220.73999
36.75,-6.75,descending,221.72856
36.75,-6.5,descending,233.14749
36.75,-6.25,descending,252.17624
36.75,-6.0,descending,266.37714
36.75,-5.75,descending,269.82144
36.75,-5.5,descending,266.3475
36.75,-5.25,descending,261.99142
36.75,-5.0,descending,254.775
36.75,-4.75,descending,252.17714
36.75,-4.5,descending,245.10875
36.75,-4.25,descending,241.79375
36.75,-4.0,descending,241.465
36.75,-3.75,descending,240.08499
36.75,-3.5,descending,238.72
36.75,-3.25,descending,238.0775
36.75,-3.0,descending,237.75111
36.75,-2.75,descending,234.84
36.75,-2.5,descending,229.651
36.75,-2.25,descending,226.98999
36.75,-2.0,descending,221.847
36.75,-1.75,descending,215.37915
36.75,-1.5,descending,212.92915
36.75,-1.25,descending,212.25427
36.75,-1.0,descending,212.275
36.75,-0.75,descending,212.20665
36.75,-0.5,descending,211.7542
36.75,-0.25,descending,211.4492
36.75,0.0,descending,213.89
36.75,6.25,descending,257.60498
36.75,6.5,descending,257.7614
36.75,6.75,descending,259.9413
36.75,7.0,descending,260.17532
36.75,7.25,descending,260.7143
36.75,7.5,descending,260.6625
36.75,7.75,descending,259.34915
36.75,8.0,descending,259.25998
36.75,8.25,descending,259.42664
36.75,8.5,descending,260.9836
36.75,8.75,descending,262.33124
36.75,9.0,descending,262.83334
36.75,9.25,descending,262.78445
36.75,9.5,descending,262.80124
36.75,9.75,descending,262.48444
36.75,10.0,descending,260.16498
36.75,10.25,descending,256.42374
36.75,10.5,descending,256.43143
36.75,10.75,descending,249.20374
36.75,11.0,descending,231.09142
36.75,11.25,descending,216.12428
36.75,11.5,descending,211.75
36.75,11.75,descending,212.94331
36.75,12.0,descending,214.06999
36.75,12.25,descending,213.71571
36.75,12.5,descending,213.5
36.75,12.75,descending,213.12285
36.75,13.0,descending,213.27332
36.75,13.25,descending,213.71375
36.75,13.5,descending,214.48164
36.75,13.75,descending,215.23833
36.75,14.0,descending,216.86333
36.75,14.25,descending,220.70125
36.75,14.5,descending,227.77832
36.75,14.75,descending,230.36165
36.75,15.0,descending,232.20125
36.75,15.25,descending,224.668
36.75,15.5,descending,220.26999
36.75,15.75,descending,219.13
36.75,16.0,descending,216.52284
36.75,16.25,descending,214.96286
36.75,16.5,descending,214.42499
36.75,16.75,descending,214.422
36.75,17.0,descending,214.33
36.75,17.25,descending,214.28572
36.75,17.5,descending,214.9
36.75,17.75,descending,216.78
36.75,18.0,descending,220.5975
36.75,18.25,descending,224.13857
36.75,18.5,descending,225.88875
36.75,18.75,descending,223.10286
36.75,19.0,descending,220.06285
36.75,19.25,descending,218.51999
36.75,19.5,descending,217.88284
36.75,19.75,descending,217.48
36.75,20.0,descending,218.25874
36.75,20.25,descending,214.73438
36.75,20.5,descending,213.64554
36.75,20.75,descending,213.61833
36.75,21.0,descending,213.26181
36.75,21.25,descending,213.91095
36.75,21.5,descending,217.71048
36.75,21.75,descending,222.28398
36.75,22.0,descending,225.87665
36.75,22.25,descending,231.9145
36.75,22.5,descending,237.59612
36.75,22.75,descending,236.06776
36.75,23.0,descending,230.16399
36.75,23.25,descending,220.05144
36.75,23.5,descending,215.07333
36.75,23.75,descending,213.6909
36.75,24.0,descending,214.7625
36.75,24.25,descending,217.39369
36.75,24.5,descending,218.18562
36.75,24.75,descending,218.16273
36.75,25.0,descending,218.93001
36.75,25.25,descending,220.28111
36.75,25.5,descending,219.98
36.75,25.75,descending,219.075
36.75,26.0,descending,218.26666
36.75,26.25,descending,218.10834
36.75,26.5,descending,218.73143
36.75,26.75,descending,219.50874
36.75,27.0,descending,222.64166
36.75,27.25,descending,223.84999
36.75,27.5,descending,226.09001
36.75,27.75,descending,229.01624
36.75,28.0,descending,237.04167
36.75,28.25,descending,236.71286
36.75,28.5,descending,232.645
36.75,28.75,descending,234.27374
36.75,29.0,descending,244.43198
36.75,29.25,descending,256.01428
36.75,29.5,descending,262.99167
36.75,29.75,descending,262.45142
36.75,30.0,descending,259.60623
36.75,30.25,descending,256.71
36.75,30.5,descending,244.47375
36.75,30.75,descending,228.88571
36.75,31.0,descending,222.45375
36.75,31.25,descending,226.49284
36.75,31.5,descending,231.38249
36.75,31.75,descending,241.42857
36.75,32.0,descending,248.89624
36.75,32.25,descending,258.93286
36.75,32.5,descending,263.33124
36.75,32.75,descending,265.53665
36.75,33.0,descending,266.51572
36.75,33.25,descending,266.45248
36.75,33.5,descending,264.21124
36.75,33.75,descending,261.05
36.75,34.0,descending,252.93625
36.75,34.25,descending,242.71875
36.75,34.5,descending,235.3375
36.75,34.75,descending,232.78874
36.75,35.0,descending,237.41222
36.75,35.25,descending,241.24445
36.75,35.5,descending,241.48999
36.75,35.75,descending,243.74222
36.75,36.0,descending,253.15555
36.75,36.25,descending,265.60272
36.75,36.5,descending,270.24417
36.75,36.75,descending,269.55
36.75,37.0,descending,268.65665
36.75,37.25,descending,268.04666
36.75,37.5,descending,267.49643
36.75,37.75,descending,266.39856
36.75,38.0,descending,265.78702
37.0,-13.0,descending,218.31
37.0,-12.75,descending,218.12625
37.0,-12.5,descending,219.37999
37.0,-12.25,descending,218.95166
37.0,-12.0,descending,220.45111
37.0,-11.75,descending,223.71333
37.0,-11.5,descending,222.29874
37.0,-11.25,descending,219.11333
37.0,-11.0,descending,219.0
37.0,-10.75,descending,221.15398
37.0,-10.5,descending,223.35443
37.0,-10.25,descending,224.97333
37.0,-10.0,descending,225.58374
37.0,-9.75,descending,224.94286
37.0,-9.5,descending,224.17857
37.0,-9.25,descending,224.71625
37.0,-9.0,descending,225.52666
37.0,-8.75,descending,230.7
37.0,-8.5,descending,228.65572
37.0,-8.25,descending,231.77498
37.0,-8.0,descending,236.19429
37.0,-7.75,descending,232.45999
37.0,-7.5,descending,231.80713
37.0,-7.25,descending,230.3525
37.0,-7.0,descending,230.49428
37.0,-6.75,descending,233.32748
37.0,-6.5,descending,247.73624
37.0,-6.25,descending,261.33572
37.0,-6.0,descending,268.74374
37.0,-5.75,descending,271.49713
37.0,-5.5,descending,270.9875
37.0,-5.25,descending,269.61572
37.0,-5.0,descending,266.84
37.0,-4.75,descending,265.24713
37.0,-4.5,descending,260.77625
37.0,-4.25,descending,258.90887
37.0,-4.0,descending,257.6825
37.0,-3.75,descending,257.19666
37.0,-3.5,descending,255.5422
37.0,-3.25,descending,254.27887
37.0,-3.0,descending,253.46666
37.0,-2.75,descending,250.61223
37.0,-2.5,descending,248.356
37.0,-2.25,descending,243.52182
37.0,-2.0,descending,232.9709
37.0,-1.75,descending,220.68272
37.0,-1.5,descending,214.8223
37.0,-1.25,descending,213.13998
37.0,-1.0,descending,213.12936
37.0,-0.75,descending,212.79266
37.0,-0.5,descending,212.28555
37.0,-0.25,descending,212.11218
37.0,0.0,descending,213.13998
37.0,6.5,descending,243.01526
37.0,6.75,descending,244.23936
37.0,7.0,descending,243.69199
37.0,7.25,descending,243.06615
37.0,7.5,descending,245.38539
37.0,7.75,descending,241.45
37.0,8.0,descending,238.915
37.0,8.25,descending,239.9918
37.0,8.5,descending,241.75111
37.0,8.75,descending,249.8209
37.0,9.0,descending,255.09001
37.0,9.25,descending,260.0325
37.0,9.5,descending,261.19223
37.0,9.75,descending,259.9575
37.0,10.0,descending,255.2889
37.0,10.25,descending,245.14874
37.0,10.5,descending,239.45001
37.0,10.75,descending,239.78375
37.0,11.0,descending,235.8725
37.0,11.25,descending,222.22125
37.0,11.5,descending,213.85374
37.0,11.75,descending,213.00665
37.0,12.0,descending,215.06285
37.0,12.25,descending,215.89125
37.0,12.5,descending,214.755
37.0,12.75,descending,213.665
37.0,13.0,descending,213.47427
37.0,13.25,descending,215.37
37.0,13.5,descending,217.40125
37.0,13.75,descending,221.3457
37.0,14.0,descending,225.35875
37.0,14.25,descending,233.92
37.0,14.5,descending,239.385
37.0,14.75,descending,247.88374
37.0,15.0,descending,243.13
37.0,15.25,descending,229.89125
37.0,15.5,descending,218.91142
37.0,15.75,descending,216.78142
37.0,16.0,descending,215.63284
37.0,16.25,descending,214.31999
37.0,16.5,descending,213.92
37.0,16.75,descending,214.14856
37.0,17.0,descending,214.31999
37.0,17.25,descending,214.36427
37.0,17.5,descending,214.515
37.0,17.75,descending,215.49857
37.0,18.0,descending,217.9825
37.0,18.25,descending,222.43286
37.0,18.5,descending,225.66333
37.0,18.75,descending,224.71858
37.0,19.0,descending,221.26125
37.0,19.25,descending,218.83714
37.0,19.5,descending,217.90555
37.0,19.75,descending,218.02144
37.0,20.0,descending,218.83112
37.0,20.25,descending,216.55933
37.0,20.5,descending,213.66112
37.0,20.75,descending,213.99333
37.0,21.0,descending,214.30879
37.0,21.25,descending,216.71999
37.0,21.5,descending,225.67712
37.0,21.75,descending,236.22052
37.0,22.0,descending,243.38904
37.0,22.25,descending,251.0
37.0,22.5,descending,254.56499
37.0,22.75,descending,249.89824
37.0,23.0,descending,234.22856
37.0,23.25,descending,222.39351
37.0,23.5,descending,216.68182
37.0,23.75,descending,214.49959
37.0,24.0,descending,215.25922
37.0,24.25,descending,217.3077
37.0,24.5,descending,218.66794
37.0,24.75,descending,219.15956
37.0,25.0,descending,221.93857
37.0,25.25,descending,224.64
37.0,25.5,descending,225.40222
37.0,25.75,descending,221.6757
37.0,26.0,descending,219.76166
37.0,26.25,descending,218.775
37.0,26.5,descending,219.37856
37.0,26.75,descending,221.29999
37.0,27.0,descending,225.51572
37.0,27.25,descending,231.29143
37.0,27.5,descending,235.88625
37.0,27.75,descending,240.75856
37.0,28.0,descending,244.01714
37.0,28.25,descending,250.39285
37.0,28.5,descending,250.08571
37.0,28.75,descending,253.085
37.0,29.0,descending,258.15875
37.0,29.25,descending,265.40427
37.0,29.5,descending,267.49875
37.0,29.75,descending,265.93597
37.0,30.0,descending,264.00626
37.0,30.25,descending,262.4643
37.0,30.5,descending,257.86667
37.0,30.75,descending,246.26
37.0,31.0,descending,244.39624
37.0,31.25,descending,245.48856
37.0,31.5,descending,253.6025
37.0,31.75,descending,257.64572
37.0,32.0,descending,261.195
37.0,32.25,descending,263.15427
37.0,32.5,descending,265.01123
37.0,32.75,descending,266.49
37.0,33.0,descending,267.7275
37.0,33.25,descending,267.3057
37.0,33.5,descending,265.2775
37.0,33.75,descending,263.00998
37.0,34.0,descending,260.6311
37.0,34.25,descending,256.66223
37.0,34.5,descending,252.77875
37.0,34.75,descending,253.19775
37.0,35.0,descending,257.9575
37.0,35.25,descending,259.05
37.0,35.5,descending,255.36555
37.0,35.75,descending,254.36398
37.0,36.0,descending,260.119
37.0,36.25,descending,269.52112
37.0,36.5,descending,270.805
37.0,36.75,descending,269.58908
37.0,37.0,descending,268.42667
37.0,37.25,descending,267.71414
37.0,37.5,descending,267.384
37.0,37.75,descending,266.83124
37.0,38.0,descending,266.96
37.25,-13.0,descending,218.2275
37.25,-12.75,descending,217.73999
37.25,-12.5,descending,218.1875
37.25,-12.25,descending,218.10428
37.25,-12.0,descending,217.92142
37.25,-11.75,descending,220.56874
37.25,-11.5,descending,221.52832
37.25,-11.25,descending,219.595
37.25,-11.0,descending,218.39665
37.25,-10.75,descending,219.69142
37.25,-10.5,descending,222.72667
37.25,-10.25,descending,225.94165
37.25,-10.0,descending,228.92125
37.25,-9.75,descending,229.105
37.25,-9.5,descending,229.1857
37.25,-9.25,descending,230.806
37.25,-9.0,descending,235.86334
37.25,-8.75,descending,244.635
37.25,-8.5,descending,247.22249
37.25,-8.25,descending,248.35143
37.25,-8.0,descending,249.852
37.25,-7.75,descending,248.63
37.25,-7.5,descending,245.775
37.25,-7.25,descending,245.46286
37.25,-7.0,descending,246.51874
37.25,-6.75,descending,251.65855
37.25,-6.5,descending,260.5
37.25,-6.25,descending,266.04
37.25,-6.0,descending,269.14713
37.25,-5.75,descending,271.905
37.25,-5.5,descending,272.35873
37.25,-5.25,descending,271.9883
37.25,-5.0,descending,271.13
37.25,-4.75,descending,270.44876
37.25,-4.5,descending,268.38858
37.25,-4.25,descending,267.50125
37.25,-4.0,descending,266.24777
37.25,-3.75,descending,265.71875
37.25,-3.5,descending,264.07123
37.25,-3.25,descending,262.62
37.25,-3.0,descending,261.622
37.25,-2.75,descending,260.43625
37.25,-2.5,descending,259.96222
37.25,-2.25,descending,255.70699
37.25,-2.0,descending,242.46
37.25,-1.75,descending,228.50084
37.25,-1.5,descending,219.35817
37.25,-1.25,descending,215.41917
37.25,-1.0,descending,214.3307
37.25,-0.75,descending,213.10428
37.25,-0.5,descending,212.40944
37.25,-0.25,descending,212.0
37.25,0.0,descending,214.02036
37.25,0.25,descending,211.655
37.25,6.5,descending,223.22295
37.25,6.75,descending,222.70471
37.25,7.0,descending,221.7625
37.25,7.25,descending,221.34769
37.25,7.5,descending,221.35306
37.25,7.75,descending,221.06273
37.25,8.0,descending,219.13101
37.25,8.25,descending,217.89299
37.25,8.5,descending,220.23111
37.25,8.75,descending,222.57901
37.25,9.0,descending,233.97667
37.25,9.25,descending,242.72874
37.25,9.5,descending,249.13333
37.25,9.75,descending,249.21375
37.25,10.0,descending,244.39499
37.25,10.25,descending,234.1825
37.25,10.5,descending,224.53714
37.25,10.75,descending,220.515
37.25,11.0,descending,223.18143
37.25,11.25,descending,222.15125
37.25,11.5,descending,216.80856
37.25,11.75,descending,214.78874
37.25,12.0,descending,215.27
37.25,12.25,descending,217.17499
37.25,12.5,descending,216.7625
37.25,12.75,descending,215.79
37.25,13.0,descending,216.54749
37.25,13.25,descending,221.32715
37.25,13.5,descending,228.00856
37.25,13.75,descending,233.64
37.25,14.0,descending,241.47571
37.25,14.25,descending,246.28598
37.25,14.5,descending,254.78445
37.25,14.75,descending,260.22797
37.25,15.0,descending,253.97
37.25,15.25,descending,234.92
37.25,15.5,descending,221.52167
37.25,15.75,descending,215.48856
37.25,16.0,descending,214.41856
37.25,16.25,descending,213.53598
37.25,16.5,descending,213.41
37.25,16.75,descending,213.82713
37.25,17.0,descending,214.40625
37.25,17.25,descending,214.754
37.25,17.5,descending,214.746
37.25,17.75,descending,214.9
37.25,18.0,descending,216.04399
37.25,18.25,descending,219.45801
37.25,18.5,descending,224.04875
37.25,18.75,descending,225.43713
37.25,19.0,descending,223.21375
37.25,19.25,descending,220.84285
37.25,19.5,descending,218.89143
37.25,19.75,descending,219.56429
37.25,20.0,descending,219.82713
37.25,20.25,descending,219.62999
37.25,20.5,descending,213.22482
37.25,20.75,descending,213.57216
37.25,21.0,descending,215.04347
37.25,21.25,descending,218.68399
37.25,21.5,descending,232.25285
37.25,21.75,descending,248.28549
37.25,22.0,descending,258.9425
37.25,22.25,descending,266.03555
37.25,22.5,descending,264.04135
37.25,22.75,descending,253.47887
37.25,23.0,descending,238.56334
37.25,23.25,descending,227.91048
37.25,23.5,descending,219.4881
37.25,23.75,descending,215.5657
37.25,24.0,descending,215.47545
37.25,24.25,descending,217.6144
37.25,24.5,descending,218.52518
37.25,24.75,descending,218.79193
37.25,25.0,descending,221.61334
37.25,25.25,descending,225.09375
37.25,25.5,descending,226.87834
37.25,25.75,descending,224.765
37.25,26.0,descending,221.19624
37.25,26.25,descending,220.33427
37.25,26.5,descending,220.53375
37.25,26.75,descending,222.29285
37.25,27.0,descending,227.39
37.25,27.25,descending,236.4357
37.25,27.5,descending,248.33714
37.25,27.75,descending,254.074
37.25,28.0,descending,258.13623
37.25,28.25,descending,263.07333
37.25,28.5,descending,264.55142
37.25,28.75,descending,266.38284
37.25,29.0,descending,267.88284
37.25,29.25,descending,269.12833
37.25,29.5,descending,268.63333
37.25,29.75,descending,266.3075
37.25,30.0,descending,264.61398
37.25,30.25,descending,265.22427
37.25,30.5,descending,264.305
37.25,30.75,descending,261.662
37.25,31.0,descending,259.854
37.25,31.25,descending,261.36713
37.25,31.5,descending,264.60873
37.25,31.75,descending,265.75858
37.25,32.0,descending,265.005
37.25,32.25,descending,264.48285
37.25,32.5,descending,265.095
37.25,32.75,descending,266.29285
37.25,33.0,descending,267.33875
37.25,33.25,descending,266.72714
37.25,33.5,descending,264.30142
37.25,33.75,descending,262.83002
37.25,34.0,descending,262.84
37.25,34.25,descending,263.8975
37.25,34.5,descending,264.24374
37.25,34.75,descending,266.52124
37.25,35.0,descending,267.97748
37.25,35.25,descending,267.73776
37.25,35.5,descending,266.02
37.25,35.75,descending,264.43
37.25,36.0,descending,268.101
37.25,36.25,descending,271.024
37.25,36.5,descending,270.643
37.25,36.75,descending,269.039
37.25,37.0,descending,267.83777
37.25,37.25,descending,267.4692
37.25,37.5,descending,267.36917
37.25,37.75,descending,267.22214
37.25,38.0,descending,267.28625
37.5,-13.0,descending,217.64998
37.5,-12.75,descending,217.49374
37.5,-12.5,descending,218.32124
37.5,-12.25,descending,218.90428
37.5,-12.0,descending,217.6657
37.5,-11.75,descending,217.64856
37.5,-11.5,descending,219.08571
37.5,-11.25,descending,218.73
37.5,-11.0,descending,218.53749
37.5,-10.75,descending,219.18285
37.5,-10.5,descending,221.46571
37.5,-10.25,descending,225.43375
37.5,-10.0,descending,230.64667
37.5,-9.75,descending,233.14
37.5,-9.5,descending,233.69429
37.5,-9.25,descending,233.41429
37.5,-9.0,descending,241.97714
37.5,-8.75,descending,254.33286
37.5,-8.5,descending,262.37833
37.5,-8.25,descending,264.31714
37.5,-8.0,descending,263.2233
37.5,-7.75,descending,261.952
37.5,-7.5,descending,259.458
37.5,-7.25,descending,262.01248
37.5,-7.0,descending,261.9457
37.5,-6.75,descending,265.78625
37.5,-6.5,descending,268.31857
37.5,-6.25,descending,269.3257
37.5,-6.0,descending,270.08167
37.5,-5.75,descending,271.76428
37.5,-5.5,descending,272.53
37.5,-5.25,descending,272.5075
37.5,-5.0,descending,272.13126
37.5,-4.75,descending,271.735
37.5,-4.5,descending,271.04776
37.5,-4.25,descending,270.0257
37.5,-4.0,descending,269.085
37.5,-3.75,descending,268.22125
37.5,-3.5,descending,266.87555
37.5,-3.25,descending,265.42886
37.5,-3.0,descending,264.45667
37.5,-2.75,descending,263.766
37.5,-2.5,descending,263.542
37.5,-2.25,descending,260.34454
37.5,-2.0,descending,251.78111
37.5,-1.75,descending,240.76666
37.5,-1.5,descending,231.0609
37.5,-1.25,descending,226.1225
37.5,-1.0,descending,222.05214
37.5,-0.75,descending,216.40308
37.5,-0.5,descending,212.44167
37.5,-0.25,descending,211.12737
37.5,0.0,descending,212.38422
37.5,0.25,descending,211.1577
37.5,6.5,descending,217.64
37.5,6.75,descending,216.82555
37.5,7.0,descending,215.69199
37.5,7.25,descending,214.62285
37.5,7.5,descending,213.36693
37.5,7.75,descending,212.42363
37.5,8.0,descending,211.55077
37.5,8.25,descending,210.5709
37.5,8.5,descending,210.42583
37.5,8.75,descending,211.00749
37.5,9.0,descending,214.34908
37.5,9.25,descending,218.86299
37.5,9.5,descending,224.98111
37.5,9.75,descending,227.83112
37.5,10.0,descending,226.22777
37.5,10.25,descending,221.97
37.5,10.5,descending,215.77556
37.5,10.75,descending,212.055
37.5,11.0,descending,212.39667
37.5,11.25,descending,216.01874
37.5,11.5,descending,218.985
37.5,11.75,descending,217.55165
37.5,12.0,descending,216.60143
37.5,12.25,descending,219.12
37.5,12.5,descending,222.92429
37.5,12.75,descending,222.91286
37.5,13.0,descending,226.97624
37.5,13.25,descending,233.81166
37.5,13.5,descending,242.37375
37.5,13.75,descending,248.95285
37.5,14.0,descending,254.27856
37.5,14.25,descending,258.66748
37.5,14.5,descending,263.31833
37.5,14.75,descending,264.41428
37.5,15.0,descending,257.25873
37.5,15.25,descending,238.44331
37.5,15.5,descending,222.0275
37.5,15.75,descending,216.21799
37.5,16.0,descending,214.33624
37.5,16.25,descending,213.31999
37.5,16.5,descending,213.118
37.5,16.75,descending,213.59375
37.5,17.0,descending,214.70714
37.5,17.25,descending,215.8525
37.5,17.5,descending,215.79141
37.5,17.75,descending,215.59125
37.5,18.0,descending,215.70857
37.5,18.25,descending,217.62375
37.5,18.5,descending,221.72142
37.5,18.75,descending,224.74715
37.5,19.0,descending,225.415
37.5,19.25,descending,225.2
37.5,19.5,descending,222.5725
37.5,19.75,descending,223.2357
37.5,20.0,descending,221.9911
37.5,20.25,descending,221.62
37.5,20.5,descending,214.43793
37.5,20.75,descending,215.32318
37.5,21.0,descending,217.18695
37.5,21.25,descending,223.94086
37.5,21.5,descending,238.96695
37.5,21.75,descending,253.76999
37.5,22.0,descending,264.22095
37.5,22.25,descending,269.46664
37.5,22.5,descending,266.5915
37.5,22.75,descending,255.42421
37.5,23.0,descending,246.40181
37.5,23.25,descending,235.84578
37.5,23.5,descending,224.86636
37.5,23.75,descending,219.10136
37.5,24.0,descending,218.79167
37.5,24.25,descending,219.21208
37.5,24.5,descending,219.33759
37.5,24.75,descending,220.44366
37.5,25.0,descending,222.44472
37.5,25.25,descending,222.70125
37.5,25.5,descending,223.63625
37.5,25.75,descending,223.65
37.5,26.0,descending,223.59625
37.5,26.25,descending,223.09332
37.5,26.5,descending,223.77713
37.5,26.75,descending,225.4475
37.5,27.0,descending,229.545
37.5,27.25,descending,240.89499
37.5,27.5,descending,255.19832
37.5,27.75,descending,264.63284
37.5,28.0,descending,269.38666
37.5,28.25,descending,270.00833
37.5,28.5,descending,271.935
37.5,28.75,descending,271.69
37.5,29.0,descending,270.5857
37.5,29.25,descending,269.84857
37.5,29.5,descending,268.62997
37.5,29.75,descending,266.16855
37.5,30.0,descending,264.61874
37.5,30.25,descending,265.47165
37.5,30.5,descending,267.06857
37.5,30.75,descending,267.3375
37.5,31.0,descending,265.83142
37.5,31.25,descending,265.05832
37.5,31.5,descending,264.985
37.5,31.75,descending,266.36832
37.5,32.0,descending,266.1367
37.5,32.25,descending,265.072
37.5,32.5,descending,265.1257
37.5,32.75,descending,266.0843
37.5,33.0,descending,266.8825
37.5,33.25,descending,266.51428
37.5,33.5,descending,264.88
37.5,33.75,descending,263.93713
37.5,34.0,descending,264.47333
37.5,34.25,descending,266.4625
37.5,34.5,descending,268.05554
37.5,34.75,descending,269.64874
37.5,35.0,descending,270.35498
37.5,35.25,descending,270.59283
37.5,35.5,descending,270.56775
37.5,35.75,descending,270.02777
37.5,36.0,descending,270.87442
37.5,36.25,descending,271.072
37.5,36.5,descending,270.022
37.5,36.75,descending,268.5482
37.5,37.0,descending,267.71414
37.5,37.25,descending,267.56833
37.5,37.5,descending,267.4325
37.5,37.75,descending,267.09927
37.5,38.0,descending,265.84778
37.75,-13.0,descending,217.34
37.75,-12.75,descending,216.855
37.75,-12.5,descending,217.26428
37.75,-12.25,descending,218.61333
37.75,-12.0,descending,218.25111
37.75,-11.75,descending,216.92833
37.75,-11.5,descending,217.03499
37.75,-11.25,descending,217.918
37.75,-11.0,descending,218.68375
37.75,-10.75,descending,219.385
37.75,-10.5,descending,221.415
37.75,-10.25,descending,224.88799
37.75,-10.0,descending,229.09999
37.75,-9.75,descending,234.47856
37.75,-9.5,descending,236.59499
37.75,-9.25,descending,237.04375
37.75,-9.0,descending,241.24399
37.75,-8.75,descending,257.65125
37.75,-8.5,descending,268.18573
37.75,-8.25,descending,269.638
37.75,-8.0,descending,269.43625
37.75,-7.75,descending,268.40286
37.75,-7.5,descending,267.7975
37.75,-7.25,descending,268.9025
37.75,-7.0,descending,269.74332
37.75,-6.75,descending,270.57
37.75,-6.5,descending,270.93
37.75,-6.25,descending,270.516
37.75,-6.0,descending,270.80374
37.75,-5.75,descending,271.70572
37.75,-5.5,descending,272.37997
37.75,-5.25,descending,272.65997
37.75,-5.0,descending,272.29144
37.75,-4.75,descending,271.92374
37.75,-4.5,descending,271.73856
37.75,-4.25,descending,271.1257
37.75,-4.0,descending,270.1475
37.75,-3.75,descending,269.24142
37.75,-3.5,descending,268.21222
37.75,-3.25,descending,266.8557
37.75,-3.0,descending,265.63443
37.75,-2.75,descending,264.41376
37.75,-2.5,descending,263.95502
37.75,-2.25,descending,263.05777
37.75,-2.0,descending,260.0327
37.75,-1.75,descending,253.67818
37.75,-1.5,descending,249.27637
37.75,-1.25,descending,244.08583
37.75,-1.0,descending,234.33383
37.75,-0.75,descending,221.44666
37.75,-0.5,descending,213.01866
37.75,-0.25,descending,210.27437
37.75,0.0,descending,211.8695
37.75,0.25,descending,210.53291
37.75,0.5,descending,210.63
37.75,6.5,descending,215.88875
37.75,6.75,descending,215.88889
37.75,7.0,descending,215.32646
37.75,7.25,descending,213.69614
37.75,7.5,descending,212.08
37.75,7.75,descending,211.06728
37.75,8.0,descending,210.25182
37.75,8.25,descending,209.493
37.75,8.5,descending,208.82199
37.75,8.75,descending,208.65222
37.75,9.0,descending,208.63101
37.75,9.25,descending,209.3125
37.75,9.5,descending,210.86888
37.75,9.75,descending,211.875
37.75,10.0,descending,212.21625
37.75,10.25,descending,211.51375
37.75,10.5,descending,210.29
37.75,10.75,descending,208.7711
37.75,11.0,descending,208.82286
37.75,11.25,descending,211.86665
37.75,11.5,descending,216.09125
37.75,11.75,descending,219.36249
37.75,12.0,descending,218.28375
37.75,12.25,descending,221.90141
37.75,12.5,descending,230.77498
37.75,12.75,descending,237.73856
37.75,13.0,descending,243.01
37.75,13.25,descending,247.81
37.75,13.5,descending,253.69249
37.75,13.75,descending,257.31998
37.75,14.0,descending,260.12997
37.75,14.25,descending,262.005
37.75,14.5,descending,264.31857
37.75,14.75,descending,264.8757
37.75,15.0,descending,257.272
37.75,15.25,descending,240.32143
37.75,15.5,descending,226.04
37.75,15.75,descending,220.33624
37.75,16.0,descending,218.07166
37.75,16.25,descending,214.37856
37.75,16.5,descending,213.30374
37.75,16.75,descending,213.675
37.75,17.0,descending,215.30374
37.75,17.25,descending,217.66713
37.75,17.5,descending,218.39499
37.75,17.75,descending,217.82571
37.75,18.0,descending,216.64749
37.75,18.25,descending,217.40714
37.75,18.5,descending,219.685
37.75,18.75,descending,222.71715
37.75,19.0,descending,226.26428
37.75,19.25,descending,229.604
37.75,19.5,descending,229.33124
37.75,19.75,descending,228.95874
37.75,20.0,descending,225.56
37.75,20.25,descending,224.57875
37.75,20.5,descending,218.48544
37.75,20.75,descending,220.84291
37.75,21.0,descending,224.84375
37.75,21.25,descending,234.69714
37.75,21.5,descending,248.00249
37.75,21.75,descending,260.55237
37.75,22.0,descending,267.737
37.75,22.25,descending,269.1811
37.75,22.5,descending,266.31198
37.75,22.75,descending,260.15106
37.75,23.0,descending,252.16888
37.75,23.25,descending,239.6816
37.75,23.5,descending,231.98572
37.75,23.75,descending,229.7085
37.75,24.0,descending,226.68521
37.75,24.25,descending,223.00781
37.75,24.5,descending,222.24498
37.75,24.75,descending,224.44704
37.75,25.0,descending,223.63266
37.75,25.25,descending,222.02333
37.75,25.5,descending,220.88142
37.75,25.75,descending,220.77571
37.75,26.0,descending,222.81831
37.75,26.25,descending,225.0775
37.75,26.5,descending,227.2075
37.75,26.75,descending,230.805
37.75,27.0,descending,235.13374
37.75,27.25,descending,247.78166
37.75,27.5,descending,260.09283
37.75,27.75,descending,269.3857
37.75,28.0,descending,272.4343
37.75,28.25,descending,273.53
37.75,28.5,descending,273.76334
37.75,28.75,descending,272.75998
37.75,29.0,descending,270.68
37.75,29.25,descending,269.902
37.75,29.5,descending,268.995
37.75,29.75,descending,266.222
37.75,30.0,descending,264.19125
37.75,30.25,descending,264.43997
37.75,30.5,descending,265.68665
37.75,30.75,descending,265.18283
37.75,31.0,descending,265.35376
37.75,31.25,descending,261.88998
37.75,31.5,descending,260.84
37.75,31.75,descending,263.99167
37.75,32.0,descending,265.76855
37.75,32.25,descending,264.75
37.75,32.5,descending,264.65286
37.75,32.75,descending,265.3975
37.75,33.0,descending,265.91998
37.75,33.25,descending,266.15714
37.75,33.5,descending,265.72284
37.75,33.75,descending,265.8175
37.75,34.0,descending,266.79666
37.75,34.25,descending,267.98874
37.75,34.5,descending,268.63284
37.75,34.75,descending,268.65857
37.75,35.0,descending,268.81
37.75,35.25,descending,269.74
37.75,35.5,descending,270.79553
37.75,35.75,descending,270.9889
37.75,36.0,descending,270.96667
37.75,36.25,descending,270.33334
37.75,36.5,descending,269.04666
37.75,36.75,descending,267.64
37.75,37.0,descending,266.81546
37.75,37.25,descending,266.43362
37.75,37.5,descending,266.37634
37.75,37.75,descending,265.75
37.75,38.0,descending,263.68375
38.0,-13.0,descending,220.6
38.0,-12.75,descending,217.96428
38.0,-12.5,descending,216.95625
38.0,-12.25,descending,217.6025
38.0,-12.0,descending,218.54167
38.0,-11.75,descending,217.87143
38.0,-11.5,descending,217.59999
38.0,-11.25,descending,218.07143
38.0,-11.0,descending,219.27667
38.0,-10.75,descending,219.79999
38.0,-10.5,descending,221.41998
38.0,-10.25,descending,224.98
38.0,-10.0,descending,228.95427
38.0,-9.75,descending,232.49399
38.0,-9.5,descending,236.14557
38.0,-9.25,descending,239.064
38.0,-9.0,descending,244.2125
38.0,-8.75,descending,259.4
38.0,-8.5,descending,269.09427
38.0,-8.25,descending,270.6375
38.0,-8.0,descending,269.85
38.0,-7.75,descending,269.34427
38.0,-7.5,descending,269.29623
38.0,-7.25,descending,270.46857
38.0,-7.0,descending,271.455
38.0,-6.75,descending,271.54
38.0,-6.5,descending,271.08
38.0,-6.25,descending,270.70285
38.0,-6.0,descending,270.89374
38.0,-5.75,descending,271.5057
38.0,-5.5,descending,272.1525
38.0,-5.25,descending,272.5
38.0,-5.0,descending,272.2143
38.0,-4.75,descending,271.98123
38.0,-4.5,descending,272.11557
38.0,-4.25,descending,271.70624
38.0,-4.0,descending,270.92874
38.0,-3.75,descending,270.14374
38.0,-3.5,descending,269.27777
38.0,-3.25,descending,268.32443
38.0,-3.0,descending,266.97888
38.0,-2.75,descending,265.58112
38.0,-2.5,descending,265.00223
38.0,-2.25,descending,265.138
38.0,-2.0,descending,264.9025
38.0,-1.75,descending,263.80817
38.0,-1.5,descending,260.94818
38.0,-1.25,descending,256.21585
38.0,-1.0,descending,244.1425
38.0,-0.75,descending,227.75383
38.0,-0.5,descending,215.76666
38.0,-0.25,descending,210.64175
38.0,0.0,descending,211.46951
38.0,0.25,descending,210.04707
38.0,0.5,descending,210.36816
38.0,6.5,descending,215.015
38.0,6.75,descending,214.92412
38.0,7.0,descending,214.54587
38.0,7.25,descending,213.43713
38.0,7.5,descending,211.75784
38.0,7.75,descending,210.5646
38.0,8.0,descending,210.03545
38.0,8.25,descending,209.47636
38.0,8.5,descending,208.717
38.0,8.75,descending,208.12181
38.0,9.0,descending,207.8675
38.0,9.25,descending,207.85898
38.0,9.5,descending,207.929
38.0,9.75,descending,208.06555
38.0,10.0,descending,208.17667
38.0,10.25,descending,208.14749
38.0,10.5,descending,207.87375
38.0,10.75,descending,207.47287
38.0,11.0,descending,207.56555
38.0,11.25,descending,209.19556
38.0,11.5,descending,212.515
38.0,11.75,descending,215.69571
38.0,12.0,descending,217.46858
38.0,12.25,descending,221.04857
38.0,12.5,descending,231.12125
38.0,12.75,descending,242.88713
38.0,13.0,descending,249.31429
38.0,13.25,descending,252.45142
38.0,13.5,descending,252.12143
38.0,13.75,descending,253.08
38.0,14.0,descending,252.43143
38.0,14.25,descending,254.14
38.0,14.5,descending,256.43
38.0,14.75,descending,259.13998
38.0,15.0,descending,257.80624
38.0,15.25,descending,245.95714
38.0,15.5,descending,232.77141
38.0,15.75,descending,232.895
38.0,16.0,descending,230.24142
38.0,16.25,descending,220.90166
38.0,16.5,descending,215.94374
38.0,16.75,descending,214.70427
38.0,17.0,descending,216.53333
38.0,17.25,descending,219.60834
38.0,17.5,descending,221.015
38.0,17.75,descending,220.2957
38.0,18.0,descending,218.25375
38.0,18.25,descending,218.2057
38.0,18.5,descending,218.97375
38.0,18.75,descending,220.86856
38.0,19.0,descending,225.94374
38.0,19.25,descending,233.04857
38.0,19.5,descending,237.47375
38.0,19.75,descending,235.81429
38.0,20.0,descending,230.56625
38.0,20.25,descending,230.9
38.0,20.5,descending,224.81712
38.0,20.75,descending,225.04718
38.0,21.0,descending,230.77417
38.0,21.25,descending,240.67455
38.0,21.5,descending,254.04771
38.0,21.75,descending,263.32147
38.0,22.0,descending,266.589
38.0,22.25,descending,265.5476
38.0,22.5,descending,261.8158
38.0,22.75,descending,256.5357
38.0,23.0,descending,252.36682
38.0,23.25,descending,247.36899
38.0,23.5,descending,245.59285
38.0,23.75,descending,243.749
38.0,24.0,descending,236.3287
38.0,24.25,descending,229.60715
38.0,24.5,descending,227.44038
38.0,24.75,descending,224.38393
38.0,25.0,descending,221.15588
38.0,25.25,descending,220.00932
38.0,25.5,descending,219.37712
38.0,25.75,descending,220.2175
38.0,26.0,descending,221.84222
38.0,26.25,descending,225.03166
38.0,26.5,descending,228.85857
38.0,26.75,descending,234.40572
38.0,27.0,descending,241.81714
38.0,27.25,descending,251.08333
38.0,27.5,descending,263.6444
38.0,27.75,descending,270.63498
38.0,28.0,descending,272.56
38.0,28.25,descending,273.07498
38.0,28.5,descending,273.405
38.0,28.75,descending,272.65286
38.0,29.0,descending,271.00998
38.0,29.25,descending,269.85748
38.0,29.5,descending,268.90857
38.0,29.75,descending,266.98
38.0,30.0,descending,265.15164
38.0,30.25,descending,264.23285
38.0,30.5,descending,263.47876
38.0,30.75,descending,260.378
38.0,31.0,descending,260.9375
38.0,31.25,descending,259.8
38.0,31.5,descending,258.29
38.0,31.75,descending,262.8457
38.0,32.0,descending,265.23373
38.0,32.25,descending,264.1857
38.0,32.5,descending,263.95123
38.0,32.75,descending,264.3943
38.0,33.0,descending,264.86624
38.0,33.25,descending,266.02
38.0,33.5,descending,266.64624
38.0,33.75,descending,267.2143
38.0,34.0,descending,268.05374
38.0,34.25,descending,268.66376
38.0,34.5,descending,268.29553
38.0,34.75,descending,267.58142
38.0,35.0,descending,267.2789
38.0,35.25,descending,267.9375
38.0,35.5,descending,269.02124
38.0,35.75,descending,269.3225
38.0,36.0,descending,269.128
38.0,36.25,descending,268.26373
38.0,36.5,descending,267.25897
38.0,36.75,descending,266.16888
38.0,37.0,descending,265.132
38.0,37.25,descending,264.44
38.0,37.5,descending,264.50497
38.0,37.75,descending,263.94077
38.0,38.0,descending,262.88623
38.25,-13.0,descending,225.68999
38.25,-12.75,descending,222.02444
38.25,-12.5,descending,218.085
38.25,-12.25,descending,218.12666
38.25,-12.0,descending,219.74857
38.25,-11.75,descending,221.00874
38.25,-11.5,descending,220.27571
38.25,-11.25,descending,220.45
38.25,-11.0,descending,220.88857
38.25,-10.75,descending,221.34
38.25,-10.5,descending,221.4157
38.25,-10.25,descending,224.26572
38.25,-10.0,descending,227.29
38.25,-9.75,descending,230.76498
38.25,-9.5,descending,234.62
38.25,-9.25,descending,239.015
38.25,-9.0,descending,247.72374
38.25,-8.75,descending,258.97498
38.25,-8.5,descending,268.41333
38.25,-8.25,descending,270.14572
38.25,-8.0,descending,269.5257
38.25,-7.75,descending,268.602
38.25,-7.5,descending,268.35623
38.25,-7.25,descending,269.74713
38.25,-7.0,descending,270.78143
38.25,-6.75,descending,270.72375
38.25,-6.5,descending,269.98856
38.25,-6.25,descending,269.77426
38.25,-6.0,descending,270.01
38.25,-5.75,descending,270.8257
38.25,-5.5,descending,271.2825
38.25,-5.25,descending,271.84332
38.25,-5.0,descending,271.9225
38.25,-4.75,descending,272.06714
38.25,-4.5,descending,272.15
38.25,-4.25,descending,271.79285
38.25,-4.0,descending,271.25375
38.25,-3.75,descending,270.60858
38.25,-3.5,descending,270.04123
38.25,-3.25,descending,269.42624
38.25,-3.0,descending,268.375
38.25,-2.75,descending,267.35626
38.25,-2.5,descending,266.86334
38.25,-2.25,descending,266.94778
38.25,-2.0,descending,266.88272
38.25,-1.75,descending,266.4375
38.25,-1.5,descending,264.652
38.25,-1.25,descending,260.58777
38.25,-1.0,descending,251.3391
38.25,-0.75,descending,237.45769
38.25,-0.5,descending,222.94922
38.25,-0.25,descending,214.83142
38.25,0.0,descending,213.27667
38.25,0.25,descending,210.2675
38.25,0.5,descending,210.01564
38.25,6.5,descending,216.57999
38.25,6.75,descending,216.5763
38.25,7.0,descending,215.79749
38.25,7.25,descending,214.696
38.25,7.5,descending,212.86385
38.25,7.75,descending,211.0209
38.25,8.0,descending,209.85333
38.25,8.25,descending,209.1791
38.25,8.5,descending,208.646
38.25,8.75,descending,208.25555
38.25,9.0,descending,207.991
38.25,9.25,descending,207.95332
38.25,9.5,descending,207.90125
38.25,9.75,descending,207.84999
38.25,10.0,descending,207.805
38.25,10.25,descending,207.72624
38.25,10.5,descending,207.47374
38.25,10.75,descending,207.16284
38.25,11.0,descending,207.09999
38.25,11.25,descending,207.99165
38.25,11.5,descending,210.48776
38.25,11.75,descending,213.04285
38.25,12.0,descending,214.11249
38.25,12.25,descending,216.35777
38.25,12.5,descending,221.36833
38.25,12.75,descending,230.31285
38.25,13.0,descending,238.29285
38.25,13.25,descending,239.22714
38.25,13.5,descending,239.94167
38.25,13.75,descending,236.95
38.25,14.0,descending,235.86429
38.25,14.25,descending,237.605
38.25,14.5,descending,238.68333
38.25,14.75,descending,243.51714
38.25,15.0,descending,243.8657
38.25,15.25,descending,244.06001
38.25,15.5,descending,238.5275
38.25,15.75,descending,242.876
38.25,16.0,descending,245.7175
38.25,16.25,descending,234.67665
38.25,16.5,descending,220.93166
38.25,16.75,descending,217.81285
38.25,17.0,descending,218.62125
38.25,17.25,descending,220.91199
38.25,17.5,descending,221.33832
38.25,17.75,descending,220.08427
38.25,18.0,descending,218.56874
38.25,18.25,descending,218.765
38.25,18.5,descending,219.435
38.25,18.75,descending,221.32286
38.25,19.0,descending,226.18834
38.25,19.25,descending,235.2957
38.25,19.5,descending,242.4075
38.25,19.75,descending,242.23
38.25,20.0,descending,237.35875
38.25,20.25,descending,238.17
38.25,20.5,descending,232.12411
38.25,20.75,descending,230.29958
38.25,21.0,descending,232.30959
38.25,21.25,descending,238.63954
38.25,21.5,descending,247.08475
38.25,21.75,descending,256.00165
38.25,22.0,descending,259.774
38.25,22.25,descending,257.01526
38.25,22.5,descending,253.04285
38.25,22.75,descending,252.09065
38.25,23.0,descending,254.394
38.25,23.25,descending,257.214
38.25,23.5,descending,258.3358
38.25,23.75,descending,253.36198
38.25,24.0,descending,244.24428
38.25,24.25,descending,234.49619
38.25,24.5,descending,225.55478
38.25,24.75,descending,220.2925
38.25,25.0,descending,218.923
38.25,25.25,descending,219.35374
38.25,25.5,descending,218.30249
38.25,25.75,descending,222.63832
38.25,26.0,descending,226.82832
38.25,26.25,descending,229.61
38.25,26.5,descending,235.10143
38.25,26.75,descending,241.26373
38.25,27.0,descending,250.84142
38.25,27.25,descending,259.5843
38.25,27.5,descending,267.45667
38.25,27.75,descending,271.08572
38.25,28.0,descending,271.88165
38.25,28.25,descending,271.9471
38.25,28.5,descending,271.98712
38.25,28.75,descending,271.778
38.25,29.0,descending,270.5257
38.25,29.25,descending,269.21335
38.25,29.5,descending,268.59665
38.25,29.75,descending,267.36572
38.25,30.0,descending,266.2557
38.25,30.25,descending,265.386
38.25,30.5,descending,263.19125
38.25,30.75,descending,259.135
38.25,31.0,descending,259.23398
38.25,31.25,descending,260.72714
38.25,31.5,descending,261.70874
38.25,31.75,descending,264.15833
38.25,32.0,descending,265.2475
38.25,32.25,descending,264.48
38.25,32.5,descending,264.11874
38.25,32.75,descending,264.23712
38.25,33.0,descending,264.13373
38.25,33.25,descending,265.22665
38.25,33.5,descending,265.755
38.25,33.75,descending,267.47714
38.25,34.0,descending,268.68
38.25,34.25,descending,268.81143
38.25,34.5,descending,268.29874
38.25,34.75,descending,267.89572
38.25,35.0,descending,267.56876
38.25,35.25,descending,267.4625
38.25,35.5,descending,267.56775
38.25,35.75,descending,267.33557
38.25,36.0,descending,266.59555
38.25,36.25,descending,265.71887
38.25,36.5,descending,264.86887
38.25,36.75,descending,263.95697
38.25,37.0,descending,263.09818
38.25,37.25,descending,262.92453
38.25,37.5,descending,263.1775
38.25,37.75,descending,262.92917
38.25,38.0,descending,262.40375
38.5,-13.0,descending,224.37
38.5,-12.75,descending,224.19666
38.5,-12.5,descending,220.52667
38.5,-12.25,descending,218.82999
38.5,-12.0,descending,220.34874
38.5,-11.75,descending,222.122
38.5,-11.5,descending,222.1025
38.5,-11.25,descending,221.93001
38.5,-11.0,descending,222.5425
38.5,-10.75,descending,223.35
38.5,-10.5,descending,222.67429
38.5,-10.25,descending,223.61333
38.5,-10.0,descending,226.6025
38.5,-9.75,descending,230.23428
38.5,-9.5,descending,234.45833
38.5,-9.25,descending,242.06876
38.5,-9.0,descending,250.31999
38.5,-8.75,descending,261.23
38.5,-8.5,descending,268.15875
38.5,-8.25,descending,269.97333
38.5,-8.0,descending,269.56876
38.5,-7.75,descending,268.77
38.5,-7.5,descending,268.06
38.5,-7.25,descending,268.99713
38.5,-7.0,descending,269.99875
38.5,-6.75,descending,269.55713
38.5,-6.5,descending,268.8857
38.5,-6.25,descending,268.63248
38.5,-6.0,descending,268.56284
38.5,-5.75,descending,269.16428
38.5,-5.5,descending,269.52286
38.5,-5.25,descending,270.50287
38.5,-5.0,descending,271.18875
38.5,-4.75,descending,271.7257
38.5,-4.5,descending,271.7411
38.5,-4.25,descending,271.20712
38.5,-4.0,descending,270.94873
38.5,-3.75,descending,270.4275
38.5,-3.5,descending,270.055
38.5,-3.25,descending,269.60126
38.5,-3.0,descending,268.88666
38.5,-2.75,descending,268.3922
38.5,-2.5,descending,268.18777
38.5,-2.25,descending,267.66888
38.5,-2.0,descending,266.75446
38.5,-1.75,descending,265.8218
38.5,-1.5,descending,264.667
38.5,-1.25,descending,262.50415
38.5,-1.0,descending,257.7818
38.5,-0.75,descending,248.5
38.5,-0.5,descending,236.9425
38.5,-0.25,descending,226.63731
38.5,0.0,descending,220.64314
38.5,0.25,descending,212.84999
38.5,0.5,descending,210.18729
38.5,0.75,descending,209.73283
38.5,6.75,descending,217.73999
38.5,7.0,descending,216.45944
38.5,7.25,descending,215.132
38.5,7.5,descending,213.47917
38.5,7.75,descending,211.73769
38.5,8.0,descending,210.12817
38.5,8.25,descending,209.23363
38.5,8.5,descending,208.82271
38.5,8.75,descending,208.59111
38.5,9.0,descending,208.37636
38.5,9.25,descending,208.24625
38.5,9.5,descending,208.13777
38.5,9.75,descending,207.965
38.5,10.0,descending,207.73375
38.5,10.25,descending,207.5125
38.5,10.5,descending,207.24554
38.5,10.75,descending,206.89555
38.5,11.0,descending,206.75124
38.5,11.25,descending,207.59874
38.5,11.5,descending,209.25
38.5,11.75,descending,211.43875
38.5,12.0,descending,212.07166
38.5,12.25,descending,212.29333
38.5,12.5,descending,214.00856
38.5,12.75,descending,216.11143
38.5,13.0,descending,220.63428
38.5,13.25,descending,220.73499
38.5,13.5,descending,223.35374
38.5,13.75,descending,220.73143
38.5,14.0,descending,220.48143
38.5,14.25,descending,221.52284
38.5,14.5,descending,223.83499
38.5,14.75,descending,225.625
38.5,15.0,descending,227.93333
38.5,15.25,descending,229.5
38.5,15.5,descending,230.49428
38.5,15.75,descending,240.73427
38.5,16.0,descending,253.42833
38.5,16.25,descending,251.50856
38.5,16.5,descending,233.31714
38.5,16.75,descending,221.57286
38.5,17.0,descending,219.92285
38.5,17.25,descending,221.27571
38.5,17.5,descending,220.50429
38.5,17.75,descending,218.392
38.5,18.0,descending,217.70999
38.5,18.25,descending,218.906
38.5,18.5,descending,220.21599
38.5,18.75,descending,221.9925
38.5,19.0,descending,226.775
38.5,19.25,descending,235.81142
38.5,19.5,descending,244.2
38.5,19.75,descending,245.75572
38.5,20.0,descending,242.5625
38.5,20.25,descending,241.93141
38.5,20.5,descending,235.30266
38.5,20.75,descending,233.83559
38.5,21.0,descending,238.9248
38.5,21.25,descending,245.67772
38.5,21.5,descending,251.98827
38.5,21.75,descending,255.09848
38.5,22.0,descending,258.04285
38.5,22.25,descending,257.395
38.5,22.5,descending,256.7855
38.5,22.75,descending,257.40137
38.5,23.0,descending,258.48105
38.5,23.25,descending,258.56387
38.5,23.5,descending,258.317
38.5,23.75,descending,254.58199
38.5,24.0,descending,245.04523
38.5,24.25,descending,232.00285
38.5,24.5,descending,221.65863
38.5,24.75,descending,218.23654
38.5,25.0,descending,217.76862
38.5,25.25,descending,218.36787
38.5,25.5,descending,217.88249
38.5,25.75,descending,222.43445
38.5,26.0,descending,230.51285
38.5,26.25,descending,235.06999
38.5,26.5,descending,239.79141
38.5,26.75,descending,247.22333
38.5,27.0,descending,257.3
38.5,27.25,descending,265.73666
38.5,27.5,descending,269.95572
38.5,27.75,descending,271.745
38.5,28.0,descending,271.33
38.5,28.25,descending,270.89285
38.5,28.5,descending,270.8986
38.5,28.75,descending,270.59857
38.5,29.0,descending,269.82144
38.5,29.25,descending,269.0
38.5,29.5,descending,268.3725
38.5,29.75,descending,267.93198
38.5,30.0,descending,267.40375
38.5,30.25,descending,266.8857
38.5,30.5,descending,265.26428
38.5,30.75,descending,261.965
38.5,31.0,descending,260.52856
38.5,31.25,descending,261.648
38.5,31.5,descending,263.15427
38.5,31.75,descending,264.8814
38.5,32.0,descending,265.5525
38.5,32.25,descending,265.32428
38.5,32.5,descending,265.1486
38.5,32.75,descending,264.48285
38.5,33.0,descending,262.32428
38.5,33.25,descending,260.7314
38.5,33.5,descending,260.835
38.5,33.75,descending,265.96713
38.5,34.0,descending,268.49332
38.5,34.25,descending,268.75287
38.5,34.5,descending,268.5775
38.5,34.75,descending,268.59625
38.5,35.0,descending,268.28375
38.5,35.25,descending,267.43445
38.5,35.5,descending,266.72375
38.5,35.75,descending,266.08286
38.5,36.0,descending,264.91443
38.5,36.25,descending,263.82443
38.5,36.5,descending,262.822
38.5,36.75,descending,262.1778
38.5,37.0,descending,261.887
38.5,37.25,descending,261.9818
38.5,37.5,descending,262.38455
38.5,37.75,descending,262.2775
38.5,38.0,descending,261.84
38.75,-13.0,descending,222.16333
38.75,-12.75,descending,222.92125
38.75,-12.5,descending,221.9557
38.75,-12.25,descending,220.3875
38.75,-12.0,descending,219.97798
38.75,-11.75,descending,220.7825
38.75,-11.5,descending,220.78833
38.75,-11.25,descending,220.60857
38.75,-11.0,descending,220.79999
38.75,-10.75,descending,222.04001
38.75,-10.5,descending,222.96858
38.75,-10.25,descending,224.25665
38.75,-10.0,descending,227.33714
38.75,-9.75,descending,231.422
38.75,-9.5,descending,239.06285
38.75,-9.25,descending,248.17801
38.75,-9.0,descending,256.03
38.75,-8.75,descending,264.15833
38.75,-8.5,descending,268.9714
38.75,-8.25,descending,269.955
38.75,-8.0,descending,269.96286
38.75,-7.75,descending,269.4157
38.75,-7.5,descending,268.7575
38.75,-7.25,descending,269.0375
38.75,-7.0,descending,269.3033
38.75,-6.75,descending,268.61142
38.75,-6.5,descending,268.20126
38.75,-6.25,descending,267.82144
38.75,-6.0,descending,267.04
38.75,-5.75,descending,266.79874
38.75,-5.5,descending,267.748
38.75,-5.25,descending,268.52
38.75,-5.0,descending,269.70374
38.75,-4.75,descending,270.3457
38.75,-4.5,descending,270.49286
38.75,-4.25,descending,269.91714
38.75,-4.0,descending,270.00873
38.75,-3.75,descending,269.7333
38.75,-3.5,descending,269.38873
38.75,-3.25,descending,268.91376
38.75,-3.0,descending,268.2125
38.75,-2.75,descending,267.82712
38.75,-2.5,descending,267.75446
38.75,-2.25,descending,267.14664
38.75,-2.0,descending,266.04498
38.75,-1.75,descending,265.0722
38.75,-1.5,descending,264.48
38.75,-1.25,descending,264.18698
38.75,-1.0,descending,263.29416
38.75,-0.75,descending,260.2308
38.75,-0.5,descending,252.79167
38.75,-0.25,descending,241.24266
38.75,0.0,descending,226.24937
38.75,0.25,descending,213.94312
38.75,0.5,descending,210.13046
38.75,0.75,descending,209.48166
38.75,6.75,descending,218.37643
38.75,7.0,descending,217.36235
38.75,7.25,descending,215.88533
38.75,7.5,descending,214.02356
38.75,7.75,descending,212.71666
38.75,8.0,descending,211.55583
38.75,8.25,descending,211.54181
38.75,8.5,descending,212.148
38.75,8.75,descending,211.679
38.75,9.0,descending,210.96222
38.75,9.25,descending,209.07
38.75,9.5,descending,208.33112
38.75,9.75,descending,207.91124
38.75,10.0,descending,207.51222
38.75,10.25,descending,207.18141
38.75,10.5,descending,206.86499
38.75,10.75,descending,206.60286
38.75,11.0,descending,206.51
38.75,11.25,descending,207.01
38.75,11.5,descending,208.51
38.75,11.75,descending,209.90714
38.75,12.0,descending,210.45
38.75,12.25,descending,210.33142
38.75,12.5,descending,210.24124
38.75,12.75,descending,210.59999
38.75,13.0,descending,211.28285
38.75,13.25,descending,212.01428
38.75,13.5,descending,212.245
38.75,13.75,descending,212.60286
38.75,14.0,descending,212.40572
38.75,14.25,descending,213.59001
38.75,14.5,descending,214.64
38.75,14.75,descending,216.43666
38.75,15.0,descending,219.34375
38.75,15.25,descending,219.68834
38.75,15.5,descending,221.14333
38.75,15.75,descending,229.59856
38.75,16.0,descending,247.22856
38.75,16.25,descending,257.21198
38.75,16.5,descending,246.09749
38.75,16.75,descending,228.53
38.75,17.0,descending,222.02428
38.75,17.25,descending,220.78714
38.75,17.5,descending,218.73428
38.75,17.75,descending,216.46875
38.75,18.0,descending,216.83571
38.75,18.25,descending,218.5657
38.75,18.5,descending,220.29375
38.75,18.75,descending,222.30998
38.75,19.0,descending,226.80571
38.75,19.25,descending,234.53572
38.75,19.5,descending,243.12999
38.75,19.75,descending,246.575
38.75,20.0,descending,244.39
38.75,20.25,descending,242.28429
38.75,20.5,descending,241.35898
38.75,20.75,descending,237.62
38.75,21.0,descending,246.23
38.75,21.25,descending,253.98349
38.75,21.5,descending,259.8518
38.75,21.75,descending,263.3545
38.75,22.0,descending,265.1535
38.75,22.25,descending,265.1842
38.75,22.5,descending,264.20892
38.75,22.75,descending,261.1379
38.75,23.0,descending,256.9058
38.75,23.25,descending,253.58473
38.75,23.5,descending,249.75998
38.75,23.75,descending,244.32474
38.75,24.0,descending,234.74399
38.75,24.25,descending,226.19421
38.75,24.5,descending,221.01477
38.75,24.75,descending,217.94429
38.75,25.0,descending,217.09692
38.75,25.25,descending,217.45103
38.75,25.5,descending,218.17392
38.75,25.75,descending,219.29832
38.75,26.0,descending,227.02856
38.75,26.25,descending,233.27998
38.75,26.5,descending,236.96715
38.75,26.75,descending,245.65857
38.75,27.0,descending,257.33124
38.75,27.25,descending,267.845
38.75,27.5,descending,271.0675
38.75,27.75,descending,271.715
38.75,28.0,descending,271.24167
38.75,28.25,descending,270.69498
38.75,28.5,descending,270.35
38.75,28.75,descending,269.81427
38.75,29.0,descending,269.43
38.75,29.25,descending,269.10873
38.75,29.5,descending,269.02798
38.75,29.75,descending,268.75873
38.75,30.0,descending,268.21667
38.75,30.25,descending,267.62
38.75,30.5,descending,266.875
38.75,30.75,descending,265.23166
38.75,31.0,descending,263.43713
38.75,31.25,descending,262.5075
38.75,31.5,descending,262.968
38.75,31.75,descending,264.81
38.75,32.0,descending,266.14166
38.75,32.25,descending,266.45428
38.75,32.5,descending,266.11713
38.75,32.75,descending,264.32
38.75,33.0,descending,259.03833
38.75,33.25,descending,253.79857
38.75,33.5,descending,255.5325
38.75,33.75,descending,264.16998
38.75,34.0,descending,268.18283
38.75,34.25,descending,268.47287
38.75,34.5,descending,268.44626
38.75,34.75,descending,268.62283
38.75,35.0,descending,268.26248
38.75,35.25,descending,267.03714
38.75,35.5,descending,266.3075
38.75,35.75,descending,265.5189
38.75,36.0,descending,264.47446
38.75,36.25,descending,263.30667
38.75,36.5,descending,262.32666
38.75,36.75,descending,261.796
38.75,37.0,descending,261.51666
38.75,37.25,descending,261.6122
38.75,37.5,descending,261.9908
38.75,37.75,descending,262.11365
38.75,38.0,descending,261.74
39.0,-13.0,descending,221.91667
39.0,-12.75,descending,223.02
39.0,-12.5,descending,223.65666
39.0,-12.25,descending,222.91284
39.0,-12.0,descending,221.15999
39.0,-11.75,descending,220.9557
39.0,-11.5,descending,220.35857
39.0,-11.25,descending,220.31999
39.0,-11.0,descending,220.51999
39.0,-10.75,descending,220.68001
39.0,-10.5,descending,221.04857
39.0,-10.25,descending,222.20427
39.0,-10.0,descending,225.2957
39.0,-9.75,descending,232.4525
39.0,-9.5,descending,244.27428
39.0,-9.25,descending,254.96143
39.0,-9.0,descending,262.45856
39.0,-8.75,descending,267.52856
39.0,-8.5,descending,270.585
39.0,-8.25,descending,270.87714
39.0,-8.0,descending,270.5
39.0,-7.75,descending,269.97
39.0,-7.5,descending,269.38998
39.0,-7.25,descending,268.99857
39.0,-7.0,descending,268.5043
39.0,-6.75,descending,267.74
39.0,-6.5,descending,267.824
39.0,-6.25,descending,267.5
39.0,-6.0,descending,266.146
39.0,-5.75,descending,265.022
39.0,-5.5,descending,265.57715
39.0,-5.25,descending,266.48624
39.0,-5.0,descending,267.94714
39.0,-4.75,descending,268.31714
39.0,-4.5,descending,268.70624
39.0,-4.25,descending,268.31143
39.0,-4.0,descending,268.785
39.0,-3.75,descending,268.83624
39.0,-3.5,descending,268.56876
39.0,-3.25,descending,267.945
39.0,-3.0,descending,267.136
39.0,-2.75,descending,266.59625
39.0,-2.5,descending,266.63443
39.0,-2.25,descending,266.5011
39.0,-2.0,descending,265.8578
39.0,-1.75,descending,265.188
39.0,-1.5,descending,265.25
39.0,-1.25,descending,266.38455
39.0,-1.0,descending,267.46545
39.0,-0.75,descending,266.14545
39.0,-0.5,descending,258.66083
39.0,-0.25,descending,239.675
39.0,0.0,descending,220.65625
39.0,0.25,descending,211.0553
39.0,0.5,descending,209.2165
39.0,0.75,descending,209.22769
39.0,1.0,descending,209.18999
39.0,6.75,descending,218.17555
39.0,7.0,descending,217.6685
39.0,7.25,descending,216.74733
39.0,7.5,descending,215.59215
39.0,7.75,descending,215.4423
39.0,8.0,descending,216.495
39.0,8.25,descending,219.55544
39.0,8.5,descending,223.376
39.0,8.75,descending,226.332
39.0,9.0,descending,222.6711
39.0,9.25,descending,216.98201
39.0,9.5,descending,211.75
39.0,9.75,descending,208.66333
39.0,10.0,descending,207.51778
39.0,10.25,descending,206.98
39.0,10.5,descending,206.6175
39.0,10.75,descending,206.41125
39.0,11.0,descending,206.42285
39.0,11.25,descending,206.83
39.0,11.5,descending,207.59999
39.0,11.75,descending,208.76428
39.0,12.0,descending,209.30666
39.0,12.25,descending,209.26
39.0,12.5,descending,209.015
39.0,12.75,descending,208.82143
39.0,13.0,descending,209.05571
39.0,13.25,descending,209.02713
39.0,13.5,descending,209.29
39.0,13.75,descending,209.325
39.0,14.0,descending,209.56714
39.0,14.25,descending,210.18143
39.0,14.5,descending,210.87
39.0,14.75,descending,212.81142
39.0,15.0,descending,215.53714
39.0,15.25,descending,218.70833
39.0,15.5,descending,219.18857
39.0,15.75,descending,221.93666
39.0,16.0,descending,239.14714
39.0,16.25,descending,256.39572
39.0,16.5,descending,257.94284
39.0,16.75,descending,242.49715
39.0,17.0,descending,230.62428
39.0,17.25,descending,221.21799
39.0,17.5,descending,217.52625
39.0,17.75,descending,216.19571
39.0,18.0,descending,217.06999
39.0,18.25,descending,218.83427
39.0,18.5,descending,220.31999
39.0,18.75,descending,221.88142
39.0,19.0,descending,225.77856
39.0,19.25,descending,232.17624
39.0,19.5,descending,240.1614
39.0,19.75,descending,246.2557
39.0,20.0,descending,245.31375
39.0,20.25,descending,244.23283
39.0,20.5,descending,248.28499
39.0,20.75,descending,243.2454
39.0,21.0,descending,249.6824
39.0,21.25,descending,257.3739
39.0,21.5,descending,262.99857
39.0,21.75,descending,266.2938
39.0,22.0,descending,268.3915
39.0,22.25,descending,268.5995
39.0,22.5,descending,265.9321
39.0,22.75,descending,259.30777
39.0,23.0,descending,251.3385
39.0,23.25,descending,244.46526
39.0,23.5,descending,236.71788
39.0,23.75,descending,228.8145
39.0,24.0,descending,223.45285
39.0,24.25,descending,221.3159
39.0,24.5,descending,219.95619
39.0,24.75,descending,217.86957
39.0,25.0,descending,216.916
39.0,25.25,descending,217.32333
39.0,25.5,descending,218.40057
39.0,25.75,descending,219.86398
39.0,26.0,descending,226.15
39.0,26.25,descending,232.80779
39.0,26.5,descending,236.31831
39.0,26.75,descending,242.64
39.0,27.0,descending,255.278
39.0,27.25,descending,266.4425
39.0,27.5,descending,270.59
39.0,27.75,descending,271.16498
39.0,28.0,descending,271.72833
39.0,28.25,descending,271.41144
39.0,28.5,descending,271.05167
39.0,28.75,descending,270.344
39.0,29.0,descending,269.71887
39.0,29.25,descending,269.62
39.0,29.5,descending,269.7457
39.0,29.75,descending,269.76834
39.0,30.0,descending,268.96573
39.0,30.25,descending,268.12332
39.0,30.5,descending,267.85
39.0,30.75,descending,267.126
39.0,31.0,descending,265.80286
39.0,31.25,descending,264.5757
39.0,31.5,descending,264.11874
39.0,31.75,descending,265.66428
39.0,32.0,descending,266.75833
39.0,32.25,descending,267.31198
39.0,32.5,descending,266.72165
39.0,32.75,descending,264.83713
39.0,33.0,descending,259.6143
39.0,33.25,descending,252.70248
39.0,33.5,descending,256.25
39.0,33.75,descending,263.58286
39.0,34.0,descending,267.31625
39.0,34.25,descending,267.46573
39.0,34.5,descending,267.66626
39.0,34.75,descending,268.10858
39.0,35.0,descending,267.79623
39.0,35.25,descending,266.6725
39.0,35.5,descending,266.17334
39.0,35.75,descending,265.52374
39.0,36.0,descending,264.61124
39.0,36.25,descending,263.69125
39.0,36.5,descending,263.07333
39.0,36.75,descending,262.55
39.0,37.0,descending,261.99545
39.0,37.25,descending,261.90698
39.0,37.5,descending,262.31998
39.0,37.75,descending,262.4282
39.0,38.0,descending,262.19666
39.25,-13.0,descending,221.05666
39.25,-12.75,descending,222.6425
39.25,-12.5,descending,226.45874
39.25,-12.25,descending,226.86287
39.25,-12.0,descending,224.65428
39.25,-11.75,descending,222.93834
39.25,-11.5,descending,223.0925
39.25,-11.25,descending,221.95166
39.25,-11.0,descending,222.32124
39.25,-10.75,descending,222.20801
39.25,-10.5,descending,221.4575
39.25,-10.25,descending,221.48833
39.25,-10.0,descending,223.89572
39.25,-9.75,descending,229.602
39.25,-9.5,descending,240.38142
39.25,-9.25,descending,258.48428
39.25,-9.0,descending,266.62167
39.25,-8.75,descending,270.28427
39.25,-8.5,descending,271.79428
39.25,-8.25,descending,271.81598
39.25,-8.0,descending,271.0757
39.25,-7.75,descending,270.245
39.25,-7.5,descending,269.4283
39.25,-7.25,descending,268.80573
39.25,-7.0,descending,267.8425
39.25,-6.75,descending,267.23428
39.25,-6.5,descending,267.535
39.25,-6.25,descending,267.66333
39.25,-6.0,descending,266.37875
39.25,-5.75,descending,264.85428
39.25,-5.5,descending,264.51624
39.25,-5.25,descending,265.45428
39.25,-5.0,descending,266.4457
39.25,-4.75,descending,266.77164
39.25,-4.5,descending,267.07
39.25,-4.25,descending,267.18857
39.25,-4.0,descending,267.8525
39.25,-3.75,descending,268.12
39.25,-3.5,descending,267.95374
39.25,-3.25,descending,267.25287
39.25,-3.0,descending,266.57623
39.25,-2.75,descending,266.19626
39.25,-2.5,descending,266.27374
39.25,-2.25,descending,266.40875
39.25,-2.0,descending,266.18445
39.25,-1.75,descending,266.01443
39.25,-1.5,descending,266.73102
39.25,-1.25,descending,268.16998
39.25,-1.0,descending,268.84998
39.25,-0.75,descending,265.324
39.25,-0.5,descending,252.48091
39.25,-0.25,descending,229.15785
39.25,0.0,descending,215.31285
39.25,0.25,descending,209.565
39.25,0.5,descending,208.80832
39.25,0.75,descending,208.82649
39.25,1.0,descending,208.82944
39.25,6.75,descending,218.92624
39.25,7.0,descending,219.40944
39.25,7.25,descending,219.832
39.25,7.5,descending,218.70999
39.25,7.75,descending,218.44
39.25,8.0,descending,220.995
39.25,8.25,descending,227.23099
39.25,8.5,descending,236.34181
39.25,8.75,descending,244.28445
39.25,9.0,descending,244.34364
39.25,9.25,descending,238.23
39.25,9.5,descending,225.26776
39.25,9.75,descending,215.48625
39.25,10.0,descending,209.41374
39.25,10.25,descending,207.22249
39.25,10.5,descending,206.57875
39.25,10.75,descending,206.3525
39.25,11.0,descending,206.42778
39.25,11.25,descending,206.84
39.25,11.5,descending,207.53572
39.25,11.75,descending,208.25
39.25,12.0,descending,208.89624
39.25,12.25,descending,208.93857
39.25,12.5,descending,208.5722
39.25,12.75,descending,208.34499
39.25,13.0,descending,208.455
39.25,13.25,descending,208.60667
39.25,13.5,descending,208.48375
39.25,13.75,descending,208.48164
39.25,14.0,descending,208.6843
39.25,14.25,descending,208.93143
39.25,14.5,descending,209.44331
39.25,14.75,descending,210.35664
39.25,15.0,descending,212.32143
39.25,15.25,descending,216.55333
39.25,15.5,descending,219.27713
39.25,15.75,descending,222.21666
39.25,16.0,descending,235.55429
39.25,16.25,descending,256.10284
39.25,16.5,descending,262.548
39.25,16.75,descending,255.03285
39.25,17.0,descending,240.20714
39.25,17.25,descending,225.12666
39.25,17.5,descending,218.01332
39.25,17.75,descending,218.36287
39.25,18.0,descending,220.51
39.25,18.25,descending,222.25427
39.25,18.5,descending,222.16856
39.25,18.75,descending,222.92429
39.25,19.0,descending,225.37999
39.25,19.25,descending,229.04857
39.25,19.5,descending,235.805
39.25,19.75,descending,246.41667
39.25,20.0,descending,248.11874
39.25,20.25,descending,249.59
39.25,20.5,descending,254.84285
39.25,20.75,descending,253.44333
39.25,21.0,descending,256.84076
39.25,21.25,descending,260.40143
39.25,21.5,descending,263.2055
39.25,21.75,descending,265.2735
39.25,22.0,descending,267.0325
39.25,22.25,descending,267.42166
39.25,22.5,descending,265.506
39.25,22.75,descending,258.0411
39.25,23.0,descending,247.34473
39.25,23.25,descending,236.91469
39.25,23.5,descending,227.39946
39.25,23.75,descending,221.84389
39.25,24.0,descending,219.02737
39.25,24.25,descending,217.34749
39.25,24.5,descending,216.81735
39.25,24.75,descending,216.76817
39.25,25.0,descending,216.8959
39.25,25.25,descending,217.45259
39.25,25.5,descending,219.71724
39.25,25.75,descending,222.58952
39.25,26.0,descending,231.375
39.25,26.25,descending,239.81334
39.25,26.5,descending,242.96858
39.25,26.75,descending,249.16167
39.25,27.0,descending,258.36124
39.25,27.25,descending,267.8633
39.25,27.5,descending,270.83142
39.25,27.75,descending,270.84833
39.25,28.0,descending,271.54572
39.25,28.25,descending,272.38858
39.25,28.5,descending,272.45142
39.25,28.75,descending,271.77713
39.25,29.0,descending,271.28833
39.25,29.25,descending,270.50998
39.25,29.5,descending,270.30374
39.25,29.75,descending,270.09198
39.25,30.0,descending,269.41284
39.25,30.25,descending,268.93573
39.25,30.5,descending,268.732
39.25,30.75,descending,268.0825
39.25,31.0,descending,267.16833
39.25,31.25,descending,266.454
39.25,31.5,descending,266.00372
39.25,31.75,descending,266.5714
39.25,32.0,descending,267.3675
39.25,32.25,descending,267.71857
39.25,32.5,descending,267.29285
39.25,32.75,descending,266.11142
39.25,33.0,descending,262.4975
39.25,33.25,descending,258.38715
39.25,33.5,descending,260.04855
39.25,33.75,descending,263.805
39.25,34.0,descending,266.28625
39.25,34.25,descending,266.22
39.25,34.5,descending,266.78
39.25,34.75,descending,267.56714
39.25,35.0,descending,267.47876
39.25,35.25,descending,266.93
39.25,35.5,descending,266.62
39.25,35.75,descending,265.98123
39.25,36.0,descending,265.17444
39.25,36.25,descending,264.4533
39.25,36.5,descending,264.05554
39.25,36.75,descending,263.42664
39.25,37.0,descending,262.9425
39.25,37.25,descending,262.67453
39.25,37.5,descending,262.63364
39.25,37.75,descending,262.59
39.25,38.0,descending,262.39285
39.5,-13.0,descending,221.60333
39.5,-12.75,descending,221.57832
39.5,-12.5,descending,223.95166
39.5,-12.25,descending,227.85374
39.5,-12.0,descending,226.40001
39.5,-11.75,descending,225.17874
39.5,-11.5,descending,226.29167
39.5,-11.25,descending,225.0725
39.5,-11.0,descending,223.59666
39.5,-10.75,descending,223.44998
39.5,-10.5,descending,223.53714
39.5,-10.25,descending,223.5057
39.5,-10.0,descending,225.56285
39.5,-9.75,descending,230.02571
39.5,-9.5,descending,239.71999
39.5,-9.25,descending,253.96167
39.5,-9.0,descending,267.06714
39.5,-8.75,descending,270.72797
39.5,-8.5,descending,271.49374
39.5,-8.25,descending,271.745
39.5,-8.0,descending,271.0875
39.5,-7.75,descending,270.19
39.5,-7.5,descending,269.37
39.5,-7.25,descending,268.245
39.5,-7.0,descending,267.22714
39.5,-6.75,descending,266.81284
39.5,-6.5,descending,267.08124
39.5,-6.25,descending,267.67856
39.5,-6.0,descending,267.12997
39.5,-5.75,descending,265.71
39.5,-5.5,descending,264.71375
39.5,-5.25,descending,264.99286
39.5,-5.0,descending,265.43143
39.5,-4.75,descending,265.7857
39.5,-4.5,descending,266.29126
39.5,-4.25,descending,266.88715
39.5,-4.0,descending,267.5475
39.5,-3.75,descending,267.90286
39.5,-3.5,descending,267.76666
39.5,-3.25,descending,267.2525
39.5,-3.0,descending,266.93124
39.5,-2.75,descending,266.84
39.5,-2.5,descending,266.87332
39.5,-2.25,descending,266.91223
39.5,-2.0,descending,266.973
39.5,-1.75,descending,267.222
39.5,-1.5,descending,267.91
39.5,-1.25,descending,268.767
39.5,-1.0,descending,268.37817
39.5,-0.75,descending,262.41998
39.5,-0.5,descending,245.105
39.5,-0.25,descending,224.92308
39.5,0.0,descending,214.26213
39.5,0.25,descending,209.98
39.5,0.5,descending,208.76721
39.5,0.75,descending,208.52998
39.5,1.0,descending,208.45074
39.5,1.25,descending,208.41667
39.5,6.75,descending,218.635
39.5,7.0,descending,219.35104
39.5,7.25,descending,220.67749
39.5,7.5,descending,221.592
39.5,7.75,descending,221.93307
39.5,8.0,descending,223.575
39.5,8.25,descending,229.45917
39.5,8.5,descending,240.75182
39.5,8.75,descending,251.45898
39.5,9.0,descending,256.91498
39.5,9.25,descending,254.67888
39.5,9.5,descending,243.94778
39.5,9.75,descending,227.69444
39.5,10.0,descending,214.137
39.5,10.25,descending,208.09286
39.5,10.5,descending,206.86
39.5,10.75,descending,206.56125
39.5,11.0,descending,206.6857
39.5,11.25,descending,207.11444
39.5,11.5,descending,207.88374
39.5,11.75,descending,208.71167
39.5,12.0,descending,209.065
39.5,12.25,descending,208.77284
39.5,12.5,descending,208.23714
39.5,12.75,descending,207.95999
39.5,13.0,descending,208.055
39.5,13.25,descending,208.2925
39.5,13.5,descending,208.21999
39.5,13.75,descending,208.21999
39.5,14.0,descending,208.31142
39.5,14.25,descending,208.472
39.5,14.5,descending,208.62125
39.5,14.75,descending,209.14333
39.5,15.0,descending,210.25832
39.5,15.25,descending,212.35428
39.5,15.5,descending,216.96124
39.5,15.75,descending,225.64
39.5,16.0,descending,240.61249
39.5,16.25,descending,256.412
39.5,16.5,descending,259.75125
39.5,16.75,descending,253.95667
39.5,17.0,descending,237.98856
39.5,17.25,descending,223.20999
39.5,17.5,descending,217.87285
39.5,17.75,descending,220.11249
39.5,18.0,descending,225.25285
39.5,18.25,descending,227.75
39.5,18.5,descending,226.03249
39.5,18.75,descending,226.16713
39.5,19.0,descending,226.45857
39.5,19.25,descending,227.47427
39.5,19.5,descending,235.51
39.5,19.75,descending,248.26
39.5,20.0,descending,253.04428
39.5,20.25,descending,257.05713
39.5,20.5,descending,260.7411
39.5,20.75,descending,262.16
39.5,21.0,descending,263.49777
39.5,21.25,descending,263.9474
39.5,21.5,descending,264.20728
39.5,21.75,descending,264.34448
39.5,22.0,descending,264.67572
39.5,22.25,descending,265.0135
39.5,22.5,descending,263.53632
39.5,22.75,descending,256.94498
39.5,23.0,descending,243.80052
39.5,23.25,descending,230.59052
39.5,23.5,descending,221.8155
39.5,23.75,descending,218.19278
39.5,24.0,descending,216.75945
39.5,24.25,descending,215.978
39.5,24.5,descending,215.79094
39.5,24.75,descending,216.85143
39.5,25.0,descending,217.59792
39.5,25.25,descending,217.90291
39.5,25.5,descending,219.22366
39.5,25.75,descending,222.24161
39.5,26.0,descending,230.2209
39.5,26.25,descending,244.78142
39.5,26.5,descending,250.30624
39.5,26.75,descending,254.45142
39.5,27.0,descending,263.39426
39.5,27.25,descending,270.21573
39.5,27.5,descending,271.99
39.5,27.75,descending,271.2383
39.5,28.0,descending,270.99374
39.5,28.25,descending,271.7333
39.5,28.5,descending,272.62857
39.5,28.75,descending,272.96286
39.5,29.0,descending,272.69165
39.5,29.25,descending,272.04373
39.5,29.5,descending,271.19714
39.5,29.75,descending,270.34283
39.5,30.0,descending,269.69498
39.5,30.25,descending,269.5
39.5,30.5,descending,269.17715
39.5,30.75,descending,268.4714
39.5,31.0,descending,267.76425
39.5,31.25,descending,267.3257
39.5,31.5,descending,267.12833
39.5,31.75,descending,267.09143
39.5,32.0,descending,267.4475
39.5,32.25,descending,267.75714
39.5,32.5,descending,267.5914
39.5,32.75,descending,267.0075
39.5,33.0,descending,265.50998
39.5,33.25,descending,263.83142
39.5,33.5,descending,263.93713
39.5,33.75,descending,265.04
39.5,34.0,descending,265.97375
39.5,34.25,descending,265.93857
39.5,34.5,descending,266.56
39.5,34.75,descending,267.08142
39.5,35.0,descending,267.02112
39.5,35.25,descending,267.0657
39.5,35.5,descending,267.2675
39.5,35.75,descending,267.1275
39.5,36.0,descending,266.19998
39.5,36.25,descending,265.13333
39.5,36.5,descending,264.47998
39.5,36.75,descending,264.0489
39.5,37.0,descending,263.52274
39.5,37.25,descending,263.13
39.5,37.5,descending,263.13272
39.5,37.75,descending,262.99908
39.5,38.0,descending,262.795
39.75,-13.0,descending,225.14
39.75,-12.75,descending,225.5175
39.75,-12.5,descending,224.19249
39.75,-12.25,descending,225.33571
39.75,-12.0,descending,225.6725
39.75,-11.75,descending,225.02332
39.75,-11.5,descending,226.31429
39.75,-11.25,descending,227.67
39.75,-11.0,descending,225.54167
39.75,-10.75,descending,224.38625
39.75,-10.5,descending,224.43666
39.75,-10.25,descending,225.21666
39.75,-10.0,descending,227.83286
39.75,-9.75,descending,233.58
39.75,-9.5,descending,238.87
39.75,-9.25,descending,248.49165
39.75,-9.0,descending,261.33835
39.75,-8.75,descending,268.975
39.75,-8.5,descending,270.308
39.75,-8.25,descending,270.35748
39.75,-8.0,descending,269.84
39.75,-7.75,descending,269.245
39.75,-7.5,descending,268.72876
39.75,-7.25,descending,267.81332
39.75,-7.0,descending,266.59833
39.75,-6.75,descending,266.19427
39.75,-6.5,descending,266.49
39.75,-6.25,descending,267.1357
39.75,-6.0,descending,266.93124
39.75,-5.75,descending,265.82333
39.75,-5.5,descending,264.79248
39.75,-5.25,descending,264.4857
39.75,-5.0,descending,264.59625
39.75,-4.75,descending,265.148
39.75,-4.5,descending,265.88998
39.75,-4.25,descending,266.72714
39.75,-4.0,descending,267.58374
39.75,-3.75,descending,267.95142
39.75,-3.5,descending,267.7757
39.75,-3.25,descending,267.58856
39.75,-3.0,descending,267.59375
39.75,-2.75,descending,267.71
39.75,-2.5,descending,267.735
39.75,-2.25,descending,267.7375
39.75,-2.0,descending,267.8325
39.75,-1.75,descending,267.9875
39.75,-1.5,descending,268.143
39.75,-1.25,descending,268.57666
39.75,-1.0,descending,267.8691
39.75,-0.75,descending,262.4809
39.75,-0.5,descending,249.40273
39.75,-0.25,descending,232.98726
39.75,0.0,descending,218.54141
39.75,0.25,descending,211.99399
39.75,0.5,descending,209.5457
39.75,0.75,descending,208.71294
39.75,1.0,descending,208.58862
39.75,1.25,descending,208.66733
39.75,7.0,descending,217.55716
39.75,7.25,descending,217.06467
39.75,7.5,descending,217.89713
39.75,7.75,descending,219.44154
39.75,8.0,descending,223.02728
39.75,8.25,descending,228.974
39.75,8.5,descending,238.70819
39.75,8.75,descending,250.53334
39.75,9.0,descending,258.568
39.75,9.25,descending,259.69775
39.75,9.5,descending,252.17111
39.75,9.75,descending,236.74124
39.75,10.0,descending,220.08249
39.75,10.25,descending,210.17667
39.75,10.5,descending,207.40125
39.75,10.75,descending,207.09375
39.75,11.0,descending,207.3425
39.75,11.25,descending,208.03833
39.75,11.5,descending,208.83374
39.75,11.75,descending,209.46666
39.75,12.0,descending,209.41667
39.75,12.25,descending,208.56429
39.75,12.5,descending,207.75856
39.75,12.75,descending,207.56429
39.75,13.0,descending,207.88142
39.75,13.25,descending,208.17285
39.75,13.5,descending,208.03429
39.75,13.75,descending,207.96855
39.75,14.0,descending,208.21501
39.75,14.25,descending,208.49374
39.75,14.5,descending,208.76
39.75,14.75,descending,209.19856
39.75,15.0,descending,210.40714
39.75,15.25,descending,212.51833
39.75,15.5,descending,217.54834
39.75,15.75,descending,229.87285
39.75,16.0,descending,248.61398
39.75,16.25,descending,256.6057
39.75,16.5,descending,250.125
39.75,16.75,descending,240.55333
39.75,17.0,descending,231.18999
39.75,17.25,descending,218.57332
39.75,17.5,descending,216.0725
39.75,17.75,descending,220.90572
39.75,18.0,descending,229.33167
39.75,18.25,descending,233.555
39.75,18.5,descending,230.12999
39.75,18.75,descending,229.25
39.75,19.0,descending,229.44331
39.75,19.25,descending,228.70598
39.75,19.5,descending,235.2057
39.75,19.75,descending,249.40857
39.75,20.0,descending,258.60284
39.75,20.25,descending,263.50858
39.75,20.5,descending,265.20712
39.75,20.75,descending,264.5
39.75,21.0,descending,264.3296
39.75,21.25,descending,264.36868
39.75,21.5,descending,264.1318
39.75,21.75,descending,264.18472
39.75,22.0,descending,264.13
39.75,22.25,descending,263.50528
39.75,22.5,descending,260.61737
39.75,22.75,descending,251.28445
39.75,23.0,descending,236.83499
39.75,23.25,descending,225.73111
39.75,23.5,descending,220.53499
39.75,23.75,descending,217.9361
39.75,24.0,descending,216.53159
39.75,24.25,descending,215.58105
39.75,24.5,descending,215.9915
39.75,24.75,descending,217.15381
39.75,25.0,descending,220.1791
39.75,25.25,descending,220.60564
39.75,25.5,descending,219.75154
39.75,25.75,descending,222.80501
39.75,26.0,descending,229.59833
39.75,26.25,descending,246.95999
39.75,26.5,descending,258.36285
39.75,26.75,descending,263.16714
39.75,27.0,descending,268.025
39.75,27.25,descending,272.45624
39.75,27.5,descending,272.91165
39.75,27.75,descending,271.88715
39.75,28.0,descending,271.10165
39.75,28.25,descending,270.80832
39.75,28.5,descending,270.9243
39.75,28.75,descending,271.88998
39.75,29.0,descending,272.43143
39.75,29.25,descending,272.314
39.75,29.5,descending,272.01334
39.75,29.75,descending,271.11832
39.75,30.0,descending,270.15857
39.75,30.25,descending,269.642
39.75,30.5,descending,269.245
39.75,30.75,descending,268.698
39.75,31.0,descending,268.27426
39.75,31.25,descending,267.92856
39.75,31.5,descending,267.60165
39.75,31.75,descending,267.322
39.75,32.0,descending,267.52832
39.75,32.25,descending,267.6743
39.75,32.5,descending,267.3375
39.75,32.75,descending,266.90427
39.75,33.0,descending,266.6657
39.75,33.25,descending,266.1014
39.75,33.5,descending,265.77832
39.75,33.75,descending,265.9714
39.75,34.0,descending,266.0414
39.75,34.25,descending,266.2257
39.75,34.5,descending,266.74124
39.75,34.75,descending,266.77
39.75,35.0,descending,266.64624
39.75,35.25,descending,267.02286
39.75,35.5,descending,267.60873
39.75,35.75,descending,267.74
39.75,36.0,descending,266.8511
39.75,36.25,descending,265.65997
39.75,36.5,descending,264.658
39.75,36.75,descending,264.07498
39.75,37.0,descending,263.80444
39.75,37.25,descending,263.94363
39.75,37.5,descending,264.195
39.75,37.75,descending,264.05777
39.75,38.0,descending,263.72797
40.0,-13.0,descending,230.93333
40.0,-12.75,descending,230.93333
40.0,-12.5,descending,229.78285
40.0,-12.25,descending,228.575
40.0,-12.0,descending,228.87999
40.0,-11.75,descending,228.03429
40.0,-11.5,descending,229.35571
40.0,-11.25,descending,230.98334
40.0,-11.0,descending,230.58875
40.0,-10.75,descending,229.08167
40.0,-10.5,descending,227.50143
40.0,-10.25,descending,228.09666
40.0,-10.0,descending,229.23999
40.0,-9.75,descending,234.27428
40.0,-9.5,descending,239.27
40.0,-9.25,descending,244.29428
40.0,-9.0,descending,256.2175
40.0,-8.75,descending,266.45667
40.0,-8.5,descending,269.00858
40.0,-8.25,descending,268.845
40.0,-8.0,descending,268.51624
40.0,-7.75,descending,267.896
40.0,-7.5,descending,267.1825
40.0,-7.25,descending,266.94833
40.0,-7.0,descending,266.32858
40.0,-6.75,descending,265.83398
40.0,-6.5,descending,266.37332
40.0,-6.25,descending,266.82
40.0,-6.0,descending,266.26373
40.0,-5.75,descending,264.94144
40.0,-5.5,descending,263.93286
40.0,-5.25,descending,263.78714
40.0,-5.0,descending,264.0914
40.0,-4.75,descending,264.66998
40.0,-4.5,descending,265.39142
40.0,-4.25,descending,266.2614
40.0,-4.0,descending,267.18625
40.0,-3.75,descending,267.4643
40.0,-3.5,descending,267.55222
40.0,-3.25,descending,267.80283
40.0,-3.0,descending,267.95123
40.0,-2.75,descending,267.955
40.0,-2.5,descending,268.05222
40.0,-2.25,descending,268.04498
40.0,-2.0,descending,267.892
40.0,-1.75,descending,267.6433
40.0,-1.5,descending,267.585
40.0,-1.25,descending,267.701
40.0,-1.0,descending,267.34778
40.0,-0.75,descending,265.017
40.0,-0.5,descending,257.61636
40.0,-0.25,descending,243.01544
40.0,0.0,descending,226.58214
40.0,0.25,descending,218.29213
40.0,0.5,descending,212.34499
40.0,0.75,descending,209.95117
40.0,1.0,descending,209.12286
40.0,1.25,descending,208.95708
40.0,1.5,descending,209.0
40.0,7.0,descending,218.64249
40.0,7.25,descending,217.01936
40.0,7.5,descending,216.06734
40.0,7.75,descending,217.29462
40.0,8.0,descending,222.13846
40.0,8.25,descending,229.68546
40.0,8.5,descending,239.37363
40.0,8.75,descending,249.97728
40.0,9.0,descending,258.17728
40.0,9.25,descending,260.0389
40.0,9.5,descending,254.17442
40.0,9.75,descending,240.01443
40.0,10.0,descending,222.78499
40.0,10.25,descending,211.8725
40.0,10.5,descending,207.90443
40.0,10.75,descending,207.405
40.0,11.0,descending,207.84499
40.0,11.25,descending,208.73874
40.0,11.5,descending,209.73
40.0,11.75,descending,210.13142
40.0,12.0,descending,209.44
40.0,12.25,descending,208.52713
40.0,12.5,descending,207.66875
40.0,12.75,descending,207.48375
40.0,13.0,descending,208.27
40.0,13.25,descending,208.80666
40.0,13.5,descending,208.49625
40.0,13.75,descending,207.98999
40.0,14.0,descending,208.30875
40.0,14.25,descending,209.31
40.0,14.5,descending,209.875
40.0,14.75,descending,211.73665
40.0,15.0,descending,216.27144
40.0,15.25,descending,219.94429
40.0,15.5,descending,225.97571
40.0,15.75,descending,239.22166
40.0,16.0,descending,252.00713
40.0,16.25,descending,259.22144
40.0,16.5,descending,249.33286
40.0,16.75,descending,229.55142
40.0,17.0,descending,219.0925
40.0,17.25,descending,215.79199
40.0,17.5,descending,216.11287
40.0,17.75,descending,222.0957
40.0,18.0,descending,235.0625
40.0,18.25,descending,240.49571
40.0,18.5,descending,234.1843
40.0,18.75,descending,230.55249
40.0,19.0,descending,231.94286
40.0,19.25,descending,231.65999
40.0,19.5,descending,236.66
40.0,19.75,descending,251.84
40.0,20.0,descending,262.08713
40.0,20.25,descending,266.22427
40.0,20.5,descending,266.62872
40.0,20.75,descending,265.14362
40.0,21.0,descending,264.40656
40.0,21.25,descending,264.15363
40.0,21.5,descending,263.76175
40.0,21.75,descending,263.58618
40.0,22.0,descending,263.3143
40.0,22.25,descending,262.0205
40.0,22.5,descending,256.93317
40.0,22.75,descending,245.50789
40.0,23.0,descending,233.25572
40.0,23.25,descending,227.23352
40.0,23.5,descending,225.45
40.0,23.75,descending,223.70737
40.0,24.0,descending,220.35701
40.0,24.25,descending,218.3963
40.0,24.5,descending,216.90808
40.0,24.75,descending,218.9915
40.0,25.0,descending,221.48726
40.0,25.25,descending,222.63545
40.0,25.5,descending,222.0992
40.0,25.75,descending,226.05206
40.0,26.0,descending,233.2178
40.0,26.25,descending,245.45714
40.0,26.5,descending,264.63998
40.0,26.75,descending,270.03165
40.0,27.0,descending,271.505
40.0,27.25,descending,272.845
40.0,27.5,descending,272.80124
40.0,27.75,descending,271.07498
40.0,28.0,descending,270.3514
40.0,28.25,descending,269.45624
40.0,28.5,descending,268.90997
40.0,28.75,descending,269.29
40.0,29.0,descending,269.8175
40.0,29.25,descending,270.64856
40.0,29.5,descending,271.17142
40.0,29.75,descending,271.52142
40.0,30.0,descending,271.17856
40.0,30.25,descending,270.60165
40.0,30.5,descending,270.43857
40.0,30.75,descending,269.81857
40.0,31.0,descending,269.55
40.0,31.25,descending,268.90714
40.0,31.5,descending,267.87857
40.0,31.75,descending,267.63715
40.0,32.0,descending,267.83835
40.0,32.25,descending,267.7
40.0,32.5,descending,267.02286
40.0,32.75,descending,266.52142
40.0,33.0,descending,266.5657
40.0,33.25,descending,266.415
40.0,33.5,descending,266.1257
40.0,33.75,descending,265.97858
40.0,34.0,descending,265.72427
40.0,34.25,descending,266.01855
40.0,34.5,descending,266.72125
40.0,34.75,descending,266.82712
40.0,35.0,descending,266.90625
40.0,35.25,descending,267.31714
40.0,35.5,descending,267.73108
40.0,35.75,descending,267.68375
40.0,36.0,descending,267.10498
40.0,36.25,descending,266.15427
40.0,36.5,descending,265.3322
40.0,36.75,descending,264.70886
40.0,37.0,descending,264.7411
40.0,37.25,descending,265.38376
40.0,37.5,descending,265.84454
40.0,37.75,descending,265.31638
40.0,38.0,descending,264.81332
40.25,-13.0,descending,230.23
40.25,-12.75,descending,230.205
40.25,-12.5,descending,229.83624
40.25,-12.25,descending,230.99124
40.25,-12.0,descending,232.71858
40.25,-11.75,descending,234.37
40.25,-11.5,descending,235.5457
40.25,-11.25,descending,237.16333
40.25,-11.0,descending,237.7557
40.25,-10.75,descending,236.19499
40.25,-10.5,descending,234.81142
40.25,-10.25,descending,232.95667
40.25,-10.0,descending,234.35889
40.25,-9.75,descending,238.122
40.25,-9.5,descending,240.385
40.25,-9.25,descending,243.89143
40.25,-9.0,descending,253.148
40.25,-8.75,descending,262.985
40.25,-8.5,descending,267.69144
40.25,-8.25,descending,268.008
40.25,-8.0,descending,267.645
40.25,-7.75,descending,267.0114
40.25,-7.5,descending,266.42398
40.25,-7.25,descending,266.1743
40.25,-7.0,descending,265.90125
40.25,-6.75,descending,265.86667
40.25,-6.5,descending,266.50833
40.25,-6.25,descending,267.07
40.25,-6.0,descending,266.06
40.25,-5.75,descending,264.54
40.25,-5.5,descending,263.52713
40.25,-5.25,descending,263.5175
40.25,-5.0,descending,264.2443
40.25,-4.75,descending,264.91714
40.25,-4.5,descending,265.70856
40.25,-4.25,descending,266.44498
40.25,-4.0,descending,266.64874
40.25,-3.75,descending,266.64142
40.25,-3.5,descending,267.1743
40.25,-3.25,descending,267.84125
40.25,-3.0,descending,267.835
40.25,-2.75,descending,267.56375
40.25,-2.5,descending,267.66498
40.25,-2.25,descending,267.54144
40.25,-2.0,descending,267.06
40.25,-1.75,descending,266.5025
40.25,-1.5,descending,266.19556
40.25,-1.25,descending,266.0925
40.25,-1.0,descending,266.5418
40.25,-0.75,descending,266.53223
40.25,-0.5,descending,262.73297
40.25,-0.25,descending,253.406
40.25,0.0,descending,242.2
40.25,0.25,descending,229.52998
40.25,0.5,descending,218.534
40.25,0.75,descending,212.42857
40.25,1.0,descending,210.01888
40.25,1.25,descending,209.36
40.25,1.5,descending,209.26308
40.25,7.0,descending,219.92845
40.25,7.25,descending,218.73666
40.25,7.5,descending,217.00865
40.25,7.75,descending,217.26999
40.25,8.0,descending,221.955
40.25,8.25,descending,230.81334
40.25,8.5,descending,241.65546
40.25,8.75,descending,251.315
40.25,9.0,descending,258.271
40.25,9.25,descending,260.4275
40.25,9.5,descending,254.427
40.25,9.75,descending,239.59
40.25,10.0,descending,222.6911
40.25,10.25,descending,211.5125
40.25,10.5,descending,207.9157
40.25,10.75,descending,207.2325
40.25,11.0,descending,207.47833
40.25,11.25,descending,208.045
40.25,11.5,descending,209.0
40.25,11.75,descending,209.25874
40.25,12.0,descending,208.76
40.25,12.25,descending,208.06429
40.25,12.5,descending,207.545
40.25,12.75,descending,207.42168
40.25,13.0,descending,208.05286
40.25,13.25,descending,208.96143
40.25,13.5,descending,209.01428
40.25,13.75,descending,208.42142
40.25,14.0,descending,208.81285
40.25,14.25,descending,210.34499
40.25,14.5,descending,212.09
40.25,14.75,descending,217.24666
40.25,15.0,descending,224.86665
40.25,15.25,descending,235.54333
40.25,15.5,descending,242.54857
40.25,15.75,descending,247.05666
40.25,16.0,descending,258.39124
40.25,16.25,descending,261.37
40.25,16.5,descending,251.98286
40.25,16.75,descending,232.515
40.25,17.0,descending,219.64833
40.25,17.25,descending,218.84143
40.25,17.5,descending,223.58
40.25,17.75,descending,231.91167
40.25,18.0,descending,241.65572
40.25,18.25,descending,245.4157
40.25,18.5,descending,236.41429
40.25,18.75,descending,230.98572
40.25,19.0,descending,233.89374
40.25,19.25,descending,237.72285
40.25,19.5,descending,245.61714
40.25,19.75,descending,257.34283
40.25,20.0,descending,264.38
40.25,20.25,descending,266.4
40.25,20.5,descending,266.28287
40.25,20.75,descending,265.21713
40.25,21.0,descending,263.55334
40.25,21.25,descending,263.46817
40.25,21.5,descending,263.1375
40.25,21.75,descending,262.76227
40.25,22.0,descending,262.57388
40.25,22.25,descending,260.99683
40.25,22.5,descending,253.88684
40.25,22.75,descending,242.95882
40.25,23.0,descending,237.27812
40.25,23.25,descending,236.1361
40.25,23.5,descending,236.315
40.25,23.75,descending,233.49055
40.25,24.0,descending,228.35612
40.25,24.25,descending,222.69823
40.25,24.5,descending,219.53293
40.25,24.75,descending,219.5142
40.25,25.0,descending,220.10527
40.25,25.25,descending,221.39523
40.25,25.5,descending,225.20175
40.25,25.75,descending,229.16652
40.25,26.0,descending,233.79593
40.25,26.25,descending,240.41351
40.25,26.5,descending,258.42374
40.25,26.75,descending,269.47998
40.25,27.0,descending,270.38165
40.25,27.25,descending,269.67142
40.25,27.5,descending,267.07
40.25,27.75,descending,266.11
40.25,28.0,descending,263.43875
40.25,28.25,descending,262.766
40.25,28.5,descending,263.45667
40.25,28.75,descending,263.1357
40.25,29.0,descending,265.74667
40.25,29.25,descending,266.87167
40.25,29.5,descending,267.71143
40.25,29.75,descending,269.51834
40.25,30.0,descending,271.26166
40.25,30.25,descending,271.85
40.25,30.5,descending,271.88397
40.25,30.75,descending,271.98856
40.25,31.0,descending,271.47375
40.25,31.25,descending,270.275
40.25,31.5,descending,268.96124
40.25,31.75,descending,268.73285
40.25,32.0,descending,268.67285
40.25,32.25,descending,268.20712
40.25,32.5,descending,267.504
40.25,32.75,descending,266.895
40.25,33.0,descending,266.74667
40.25,33.25,descending,266.42
40.25,33.5,descending,266.09427
40.25,33.75,descending,265.66998
40.25,34.0,descending,265.1314
40.25,34.25,descending,265.50998
40.25,34.5,descending,266.61713
40.25,34.75,descending,266.97284
40.25,35.0,descending,267.42624
40.25,35.25,descending,267.9857
40.25,35.5,descending,268.2443
40.25,35.75,descending,268.07
40.25,36.0,descending,267.7757
40.25,36.25,descending,267.42557
40.25,36.5,descending,266.90625
40.25,36.75,descending,266.65997
40.25,37.0,descending,266.99667
40.25,37.25,descending,267.56555
40.25,37.5,descending,267.78375
40.25,37.75,descending,267.188
40.25,38.0,descending,266.22427
40.5,-13.0,descending,224.69666
40.5,-12.75,descending,224.4
40.5,-12.5,descending,224.43286
40.5,-12.25,descending,224.02
40.5,-12.0,descending,227.465
40.5,-11.75,descending,230.51833
40.5,-11.5,descending,234.80124
40.5,-11.25,descending,236.88335
40.5,-11.0,descending,237.64143
40.5,-10.75,descending,237.20427
40.5,-10.5,descending,236.66284
40.5,-10.25,descending,236.08858
40.5,-10.0,descending,237.00832
40.5,-9.75,descending,240.28714
40.5,-9.5,descending,242.95999
40.5,-9.25,descending,245.26
40.5,-9.0,descending,251.12
40.5,-8.75,descending,261.10428
40.5,-8.5,descending,266.28143
40.5,-8.25,descending,266.9457
40.5,-8.0,descending,266.9857
40.5,-7.75,descending,266.46713
40.5,-7.5,descending,266.20712
40.5,-7.25,descending,265.966
40.5,-7.0,descending,265.705
40.5,-6.75,descending,265.98712
40.5,-6.5,descending,266.68143
40.5,-6.25,descending,267.14856
40.5,-6.0,descending,266.6033
40.5,-5.75,descending,265.06833
40.5,-5.5,descending,264.062
40.5,-5.25,descending,264.18143
40.5,-5.0,descending,265.18573
40.5,-4.75,descending,266.16714
40.5,-4.5,descending,267.1625
40.5,-4.25,descending,267.3257
40.5,-4.0,descending,266.76874
40.5,-3.75,descending,266.42142
40.5,-3.5,descending,267.0357
40.5,-3.25,descending,267.44873
40.5,-3.0,descending,267.17374
40.5,-2.75,descending,266.88376
40.5,-2.5,descending,267.23248
40.5,-2.25,descending,267.03998
40.5,-2.0,descending,266.12
40.5,-1.75,descending,265.245
40.5,-1.5,descending,264.61667
40.5,-1.25,descending,264.49
40.5,-1.0,descending,265.1122
40.5,-0.75,descending,265.66455
40.5,-0.5,descending,264.244
40.5,-0.25,descending,260.39917
40.5,0.0,descending,247.04001
40.5,0.25,descending,241.56
40.5,0.5,descending,227.52356
40.5,0.75,descending,216.77533
40.5,1.0,descending,211.95824
40.5,1.25,descending,209.98096
40.5,1.5,descending,209.60625
40.5,1.75,descending,209.995
40.5,7.0,descending,219.82364
40.5,7.25,descending,218.92749
40.5,7.5,descending,217.396
40.5,7.75,descending,217.2746
40.5,8.0,descending,222.1446
40.5,8.25,descending,232.61415
40.5,8.5,descending,244.57544
40.5,8.75,descending,253.77272
40.5,9.0,descending,259.708
40.5,9.25,descending,261.24454
40.5,9.5,descending,255.87555
40.5,9.75,descending,241.70776
40.5,10.0,descending,224.57666
40.5,10.25,descending,212.48111
40.5,10.5,descending,207.76888
40.5,10.75,descending,206.8125
40.5,11.0,descending,206.87875
40.5,11.25,descending,207.17749
40.5,11.5,descending,207.51375
40.5,11.75,descending,207.61427
40.5,12.0,descending,207.54141
40.5,12.25,descending,207.3775
40.5,12.5,descending,207.40714
40.5,12.75,descending,207.42375
40.5,13.0,descending,207.67
40.5,13.25,descending,208.10999
40.5,13.5,descending,208.57666
40.5,13.75,descending,209.20749
40.5,14.0,descending,210.79668
40.5,14.25,descending,214.38857
40.5,14.5,descending,218.25427
40.5,14.75,descending,222.04668
40.5,15.0,descending,236.39445
40.5,15.25,descending,250.74333
40.5,15.5,descending,253.81
40.5,15.75,descending,257.2314
40.5,16.0,descending,260.66333
40.5,16.25,descending,261.94427
40.5,16.5,descending,257.84283
40.5,16.75,descending,244.90572
40.5,17.0,descending,231.68399
40.5,17.25,descending,232.62999
40.5,17.5,descending,236.77144
40.5,17.75,descending,238.46199
40.5,18.0,descending,241.76285
40.5,18.25,descending,237.40141
40.5,18.5,descending,231.11856
40.5,18.75,descending,229.80856
40.5,19.0,descending,236.31285
40.5,19.25,descending,245.03
40.5,19.5,descending,256.23874
40.5,19.75,descending,263.25
40.5,20.0,descending,265.95874
40.5,20.25,descending,265.84
40.5,20.5,descending,265.11856
40.5,20.75,descending,264.43143
40.5,21.0,descending,262.175
40.5,21.25,descending,262.20084
40.5,21.5,descending,262.34955
40.5,21.75,descending,262.481
40.5,22.0,descending,262.98
40.5,22.25,descending,261.5955
40.5,22.5,descending,256.2758
40.5,22.75,descending,250.1185
40.5,23.0,descending,248.26262
40.5,23.25,descending,250.52682
40.5,23.5,descending,250.39946
40.5,23.75,descending,242.78888
40.5,24.0,descending,233.89946
40.5,24.25,descending,227.74316
40.5,24.5,descending,224.991
40.5,24.75,descending,222.21333
40.5,25.0,descending,221.08798
40.5,25.25,descending,222.64548
40.5,25.5,descending,226.71909
40.5,25.75,descending,228.48148
40.5,26.0,descending,234.4707
40.5,26.25,descending,242.10666
40.5,26.5,descending,253.26166
40.5,26.75,descending,262.51334
40.5,27.0,descending,264.95572
40.5,27.25,descending,260.97427
40.5,27.5,descending,257.11
40.5,27.75,descending,255.52124
40.5,28.0,descending,251.16667
40.5,28.25,descending,250.00716
40.5,28.5,descending,248.86287
40.5,28.75,descending,250.36499
40.5,29.0,descending,258.1157
40.5,29.25,descending,261.415
40.5,29.5,descending,263.87714
40.5,29.75,descending,265.862
40.5,30.0,descending,268.68
40.5,30.25,descending,270.82397
40.5,30.5,descending,271.90375
40.5,30.75,descending,272.33
40.5,31.0,descending,272.1014
40.5,31.25,descending,271.47284
40.5,31.5,descending,270.665
40.5,31.75,descending,270.56427
40.5,32.0,descending,270.24142
40.5,32.25,descending,269.50858
40.5,32.5,descending,268.63998
40.5,32.75,descending,268.04715
40.5,33.0,descending,267.60284
40.5,33.25,descending,267.0
40.5,33.5,descending,266.53857
40.5,33.75,descending,266.08856
40.5,34.0,descending,265.44623
40.5,34.25,descending,265.94498
40.5,34.5,descending,266.61624
40.5,34.75,descending,267.3057
40.5,35.0,descending,267.925
40.5,35.25,descending,268.54572
40.5,35.5,descending,268.75
40.5,35.75,descending,268.8943
40.5,36.0,descending,269.2
40.5,36.25,descending,269.255
40.5,36.5,descending,269.18332
40.5,36.75,descending,269.20624
40.5,37.0,descending,269.21
40.5,37.25,descending,269.47223
40.5,37.5,descending,269.51273
40.5,37.75,descending,268.61624
40.5,38.0,descending,267.086
40.75,-13.0,descending,220.12749
40.75,-12.75,descending,220.8657
40.75,-12.5,descending,220.69875
40.75,-12.25,descending,220.17332
40.75,-12.0,descending,220.75667
40.75,-11.75,descending,223.96286
40.75,-11.5,descending,226.42
40.75,-11.25,descending,230.52666
40.75,-11.0,descending,231.37143
40.75,-10.75,descending,232.245
40.75,-10.5,descending,233.30571
40.75,-10.25,descending,234.15498
40.75,-10.0,descending,235.73856
40.75,-9.75,descending,239.185
40.75,-9.5,descending,240.89667
40.75,-9.25,descending,242.55798
40.75,-9.0,descending,249.02444
40.75,-8.75,descending,259.902
40.75,-8.5,descending,265.01166
40.75,-8.25,descending,265.835
40.75,-8.0,descending,265.76428
40.75,-7.75,descending,265.4625
40.75,-7.5,descending,265.1475
40.75,-7.25,descending,265.13428
40.75,-7.0,descending,265.14
40.75,-6.75,descending,265.4957
40.75,-6.5,descending,266.01498
40.75,-6.25,descending,266.42667
40.75,-6.0,descending,266.185
40.75,-5.75,descending,265.38284
40.75,-5.5,descending,265.09143
40.75,-5.25,descending,265.4643
40.75,-5.0,descending,266.52426
40.75,-4.75,descending,267.52426
40.75,-4.5,descending,268.08124
40.75,-4.25,descending,267.73
40.75,-4.0,descending,266.84
40.75,-3.75,descending,266.55142
40.75,-3.5,descending,266.73856
40.75,-3.25,descending,266.58713
40.75,-3.0,descending,266.15875
40.75,-2.75,descending,266.41714
40.75,-2.5,descending,266.9425
40.75,-2.25,descending,266.55142
40.75,-2.0,descending,265.45248
40.75,-1.75,descending,264.3322
40.75,-1.5,descending,263.84625
40.75,-1.25,descending,263.925
40.75,-1.0,descending,264.51
40.75,-0.75,descending,265.135
40.75,-0.5,descending,265.34332
40.75,-0.25,descending,264.799
40.75,0.0,descending,253.84856
40.75,0.25,descending,250.54727
40.75,0.5,descending,237.1975
40.75,0.75,descending,224.64917
40.75,1.0,descending,216.01059
40.75,1.25,descending,212.355
40.75,1.5,descending,211.16391
40.75,1.75,descending,211.65636
40.75,7.0,descending,220.96143
40.75,7.25,descending,220.64412
40.75,7.5,descending,219.70532
40.75,7.75,descending,219.22214
40.75,8.0,descending,222.06999
40.75,8.25,descending,230.3275
40.75,8.5,descending,242.51181
40.75,8.75,descending,253.78598
40.75,9.0,descending,259.52444
40.75,9.25,descending,260.202
40.75,9.5,descending,255.12625
40.75,9.75,descending,242.62332
40.75,10.0,descending,226.08875
40.75,10.25,descending,213.53
40.75,10.5,descending,207.72125
40.75,10.75,descending,206.42
40.75,11.0,descending,206.4075
40.75,11.25,descending,206.78499
40.75,11.5,descending,207.18834
40.75,11.75,descending,207.20624
40.75,12.0,descending,207.06375
40.75,12.25,descending,207.126
40.75,12.5,descending,207.32124
40.75,12.75,descending,207.556
40.75,13.0,descending,207.65714
40.75,13.25,descending,207.82332
40.75,13.5,descending,208.65874
40.75,13.75,descending,211.40166
40.75,14.0,descending,215.48856
40.75,14.25,descending,223.24715
40.75,14.5,descending,229.88832
40.75,14.75,descending,235.37572
40.75,15.0,descending,246.58333
40.75,15.25,descending,254.68399
40.75,15.5,descending,259.69
40.75,15.75,descending,260.65833
40.75,16.0,descending,260.865
40.75,16.25,descending,261.03
40.75,16.5,descending,259.85
40.75,16.75,descending,254.77998
40.75,17.0,descending,245.8075
40.75,17.25,descending,243.62
40.75,17.5,descending,241.84714
40.75,17.75,descending,239.60571
40.75,18.0,descending,233.78
40.75,18.25,descending,226.91249
40.75,18.5,descending,222.51999
40.75,18.75,descending,226.04
40.75,19.0,descending,235.68999
40.75,19.25,descending,248.14285
40.75,19.5,descending,259.995
40.75,19.75,descending,265.48
40.75,20.0,descending,266.4833
40.75,20.25,descending,265.35333
40.75,20.5,descending,263.71286
40.75,20.75,descending,262.55426
40.75,21.0,descending,259.9224
40.75,21.25,descending,260.5639
40.75,21.5,descending,261.46683
40.75,21.75,descending,262.61105
40.75,22.0,descending,263.49857
40.75,22.25,descending,263.07053
40.75,22.5,descending,260.56262
40.75,22.75,descending,258.3181
40.75,23.0,descending,258.75317
40.75,23.25,descending,259.86063
40.75,23.5,descending,258.60526
40.75,23.75,descending,252.23334
40.75,24.0,descending,244.073
40.75,24.25,descending,238.08058
40.75,24.5,descending,234.19333
40.75,24.75,descending,232.10315
40.75,25.0,descending,228.3165
40.75,25.25,descending,228.39314
40.75,25.5,descending,231.25908
40.75,25.75,descending,236.523
40.75,26.0,descending,243.28038
40.75,26.25,descending,251.29242
40.75,26.5,descending,253.86667
40.75,26.75,descending,259.60284
40.75,27.0,descending,262.1711
40.75,27.25,descending,256.214
40.75,27.5,descending,249.33571
40.75,27.75,descending,244.77284
40.75,28.0,descending,242.31665
40.75,28.25,descending,238.53714
40.75,28.5,descending,237.59999
40.75,28.75,descending,240.32332
40.75,29.0,descending,247.165
40.75,29.25,descending,254.81499
40.75,29.5,descending,259.99167
40.75,29.75,descending,262.9675
40.75,30.0,descending,265.722
40.75,30.25,descending,267.5
40.75,30.5,descending,268.51425
40.75,30.75,descending,269.2686
40.75,31.0,descending,270.198
40.75,31.25,descending,270.51715
40.75,31.5,descending,271.36142
40.75,31.75,descending,271.815
40.75,32.0,descending,271.7614
40.75,32.25,descending,271.23285
40.75,32.5,descending,270.29144
40.75,32.75,descending,269.66855
40.75,33.0,descending,268.98285
40.75,33.25,descending,268.2557
40.75,33.5,descending,268.0725
40.75,33.75,descending,267.81998
40.75,34.0,descending,267.52124
40.75,34.25,descending,267.55167
40.75,34.5,descending,267.76285
40.75,34.75,descending,268.3457
40.75,35.0,descending,268.67374
40.75,35.25,descending,268.93
40.75,35.5,descending,269.22714
40.75,35.75,descending,269.90427
40.75,36.0,descending,270.6875
40.75,36.25,descending,270.8643
40.75,36.5,descending,270.75998
40.75,36.75,descending,270.52
40.75,37.0,descending,269.9822
40.75,37.25,descending,269.41748
40.75,37.5,descending,268.6911
40.75,37.75,descending,266.90497
40.75,38.0,descending,265.03833
41.0,-13.0,descending,218.11
41.0,-12.75,descending,218.69875
41.0,-12.5,descending,219.36333
41.0,-12.25,descending,219.51443
41.0,-12.0,descending,219.77428
41.0,-11.75,descending,220.96875
41.0,-11.5,descending,222.806
41.0,-11.25,descending,225.63374
41.0,-11.0,descending,227.34999
41.0,-10.75,descending,227.42142
41.0,-10.5,descending,228.63428
41.0,-10.25,descending,231.39833
41.0,-10.0,descending,232.96143
41.0,-9.75,descending,235.94429
41.0,-9.5,descending,238.93001
41.0,-9.25,descending,240.33427
41.0,-9.0,descending,245.59499
41.0,-8.75,descending,254.75665
41.0,-8.5,descending,263.30286
41.0,-8.25,descending,265.1743
41.0,-8.0,descending,265.025
41.0,-7.75,descending,264.57623
41.0,-7.5,descending,263.85
41.0,-7.25,descending,263.78
41.0,-7.0,descending,264.185
41.0,-6.75,descending,264.55402
41.0,-6.5,descending,264.87668
41.0,-6.25,descending,265.17142
41.0,-6.0,descending,265.00858
41.0,-5.75,descending,264.79715
41.0,-5.5,descending,265.30713
41.0,-5.25,descending,266.29285
41.0,-5.0,descending,267.63284
41.0,-4.75,descending,268.45142
41.0,-4.5,descending,268.1725
41.0,-4.25,descending,267.36713
41.0,-4.0,descending,266.42715
41.0,-3.75,descending,266.16855
41.0,-3.5,descending,265.8857
41.0,-3.25,descending,265.52426
41.0,-3.0,descending,265.3111
41.0,-2.75,descending,265.79285
41.0,-2.5,descending,266.23666
41.0,-2.25,descending,266.01123
41.0,-2.0,descending,265.28
41.0,-1.75,descending,264.73874
41.0,-1.5,descending,264.6711
41.0,-1.25,descending,264.8925
41.0,-1.0,descending,265.08887
41.0,-0.75,descending,265.271
41.0,-0.5,descending,265.325
41.0,-0.25,descending,265.78445
41.0,0.0,descending,254.99834
41.0,0.25,descending,258.9725
41.0,0.5,descending,248.89691
41.0,0.75,descending,236.45847
41.0,1.0,descending,227.40213
41.0,1.25,descending,222.0841
41.0,1.5,descending,219.04143
41.0,1.75,descending,218.2454
41.0,2.0,descending,224.18
41.0,7.0,descending,218.48665
41.0,7.25,descending,219.72368
41.0,7.5,descending,221.36125
41.0,7.75,descending,222.29933
41.0,8.0,descending,222.61415
41.0,8.25,descending,223.48915
41.0,8.5,descending,229.03166
41.0,8.75,descending,237.25
41.0,9.0,descending,248.08727
41.0,9.25,descending,252.92
41.0,9.5,descending,248.32182
41.0,9.75,descending,235.4175
41.0,10.0,descending,221.55444
41.0,10.25,descending,211.26334
41.0,10.5,descending,207.09375
41.0,10.75,descending,206.1157
41.0,11.0,descending,206.21875
41.0,11.25,descending,206.74571
41.0,11.5,descending,207.45221
41.0,11.75,descending,207.54
41.0,12.0,descending,207.46124
41.0,12.25,descending,207.57375
41.0,12.5,descending,208.22714
41.0,12.75,descending,208.87375
41.0,13.0,descending,210.18001
41.0,13.25,descending,210.23125
41.0,13.5,descending,212.20833
41.0,13.75,descending,216.89667
41.0,14.0,descending,226.95749
41.0,14.25,descending,236.52798
41.0,14.5,descending,242.39143
41.0,14.75,descending,250.10571
41.0,15.0,descending,252.92
41.0,15.25,descending,257.9875
41.0,15.5,descending,259.925
41.0,15.75,descending,259.955
41.0,16.0,descending,258.8375
41.0,16.25,descending,257.86
41.0,16.5,descending,255.5025
41.0,16.75,descending,253.34833
41.0,17.0,descending,245.47624
41.0,17.25,descending,240.34166
41.0,17.5,descending,232.30833
41.0,17.75,descending,225.92285
41.0,18.0,descending,220.76999
41.0,18.25,descending,218.14572
41.0,18.5,descending,216.39
41.0,18.75,descending,222.59799
41.0,19.0,descending,232.75427
41.0,19.25,descending,246.37143
41.0,19.5,descending,258.9714
41.0,19.75,descending,264.68
41.0,20.0,descending,265.72833
41.0,20.25,descending,264.76715
41.0,20.5,descending,261.90286
41.0,20.75,descending,260.68286
41.0,21.0,descending,258.7121
41.0,21.25,descending,259.11826
41.0,21.5,descending,261.14584
41.0,21.75,descending,262.98715
41.0,22.0,descending,264.5962
41.0,22.25,descending,264.7322
41.0,22.5,descending,263.70526
41.0,22.75,descending,263.10736
41.0,23.0,descending,263.80264
41.0,23.25,descending,264.2411
41.0,23.5,descending,263.20157
41.0,23.75,descending,260.48367
41.0,24.0,descending,257.25174
41.0,24.25,descending,253.93666
41.0,24.5,descending,248.749
41.0,24.75,descending,245.32167
41.0,25.0,descending,243.43399
41.0,25.25,descending,243.51332
41.0,25.5,descending,246.84799
41.0,25.75,descending,253.32625
41.0,26.0,descending,258.55624
41.0,26.25,descending,260.94223
41.0,26.5,descending,262.301
41.0,26.75,descending,262.25333
41.0,27.0,descending,264.91833
41.0,27.25,descending,261.62997
41.0,27.5,descending,254.26001
41.0,27.75,descending,245.46999
41.0,28.0,descending,243.18286
41.0,28.25,descending,242.54333
41.0,28.5,descending,240.87285
41.0,28.75,descending,243.01572
41.0,29.0,descending,246.174
41.0,29.25,descending,251.13666
41.0,29.5,descending,257.9325
41.0,29.75,descending,261.13666
41.0,30.0,descending,262.90427
41.0,30.25,descending,262.20572
41.0,30.5,descending,261.595
41.0,30.75,descending,261.25858
41.0,31.0,descending,263.32428
41.0,31.25,descending,265.6
41.0,31.5,descending,268.9725
41.0,31.75,descending,271.87286
41.0,32.0,descending,272.67667
41.0,32.25,descending,272.59
41.0,32.5,descending,272.0114
41.0,32.75,descending,271.30142
41.0,33.0,descending,270.77
41.0,33.25,descending,270.22858
41.0,33.5,descending,270.2225
41.0,33.75,descending,270.0657
41.0,34.0,descending,270.19998
41.0,34.25,descending,269.60333
41.0,34.5,descending,269.70572
41.0,34.75,descending,269.82428
41.0,35.0,descending,269.66626
41.0,35.25,descending,269.44714
41.0,35.5,descending,269.8975
41.0,35.75,descending,270.7857
41.0,36.0,descending,271.18
41.0,36.25,descending,269.89624
41.0,36.5,descending,269.1175
41.0,36.75,descending,268.10748
41.0,37.0,descending,265.33777
41.0,37.25,descending,260.88333
41.0,37.5,descending,258.4711
41.0,37.75,descending,254.65999
41.0,38.0,descending,249.39998
41.25,-13.0,descending,217.96799
41.25,-12.75,descending,219.08427
41.25,-12.5,descending,219.23
41.25,-12.25,descending,219.17665
41.25,-12.0,descending,219.3157
41.25,-11.75,descending,219.816
41.25,-11.5,descending,220.65125
41.25,-11.25,descending,221.39
41.25,-11.0,descending,224.00427
41.25,-10.75,descending,223.89
41.25,-10.5,descending,225.065
41.25,-10.25,descending,226.68001
41.25,-10.0,descending,228.45166
41.25,-9.75,descending,231.63165
41.25,-9.5,descending,235.18286
41.25,-9.25,descending,237.895
41.25,-9.0,descending,243.245
41.25,-8.75,descending,253.30571
41.25,-8.5,descending,261.10165
41.25,-8.25,descending,264.22665
41.25,-8.0,descending,264.63498
41.25,-7.75,descending,264.52
41.25,-7.5,descending,264.11142
41.25,-7.25,descending,263.77798
41.25,-7.0,descending,263.44376
41.25,-6.75,descending,263.45572
41.25,-6.5,descending,263.718
41.25,-6.25,descending,263.922
41.25,-6.0,descending,263.7525
41.25,-5.75,descending,264.07
41.25,-5.5,descending,265.1425
41.25,-5.25,descending,266.83572
41.25,-5.0,descending,268.31
41.25,-4.75,descending,268.8657
41.25,-4.5,descending,267.942
41.25,-4.25,descending,266.46573
41.25,-4.0,descending,265.52426
41.25,-3.75,descending,265.26428
41.25,-3.5,descending,264.84143
41.25,-3.25,descending,264.65997
41.25,-3.0,descending,264.75
41.25,-2.75,descending,265.22427
41.25,-2.5,descending,265.72498
41.25,-2.25,descending,266.0043
41.25,-2.0,descending,266.02374
41.25,-1.75,descending,266.21286
41.25,-1.5,descending,266.29553
41.25,-1.25,descending,265.99445
41.25,-1.0,descending,265.4711
41.25,-0.75,descending,264.87625
41.25,-0.5,descending,264.48727
41.25,-0.25,descending,264.94598
41.25,0.0,descending,259.60544
41.25,0.25,descending,263.2925
41.25,0.5,descending,258.99167
41.25,0.75,descending,251.98167
41.25,1.0,descending,244.99384
41.25,1.25,descending,242.716
41.25,1.5,descending,238.54631
41.25,1.75,descending,235.1768
41.25,2.0,descending,235.355
41.25,7.25,descending,216.93823
41.25,7.5,descending,218.30624
41.25,7.75,descending,220.03429
41.25,8.0,descending,220.61082
41.25,8.25,descending,219.55544
41.25,8.5,descending,218.10918
41.25,8.75,descending,220.41333
41.25,9.0,descending,225.736
41.25,9.25,descending,233.77777
41.25,9.5,descending,232.16199
41.25,9.75,descending,226.02124
41.25,10.0,descending,216.85875
41.25,10.25,descending,209.87999
41.25,10.5,descending,206.76111
41.25,10.75,descending,206.06876
41.25,11.0,descending,206.38875
41.25,11.25,descending,207.01285
41.25,11.5,descending,207.88142
41.25,11.75,descending,208.35443
41.25,12.0,descending,208.375
41.25,12.25,descending,209.42499
41.25,12.5,descending,211.31714
41.25,12.75,descending,215.31499
41.25,13.0,descending,217.895
41.25,13.25,descending,221.56667
41.25,13.5,descending,222.18713
41.25,13.75,descending,228.95999
41.25,14.0,descending,237.63799
41.25,14.25,descending,246.31857
41.25,14.5,descending,253.28714
41.25,14.75,descending,256.845
41.25,15.0,descending,257.82712
41.25,15.25,descending,258.38168
41.25,15.5,descending,258.375
41.25,15.75,descending,256.37143
41.25,16.0,descending,251.41333
41.25,16.25,descending,249.12334
41.25,16.5,descending,245.68599
41.25,16.75,descending,240.05142
41.25,17.0,descending,233.318
41.25,17.25,descending,226.83427
41.25,17.5,descending,220.44
41.25,17.75,descending,214.852
41.25,18.0,descending,211.86
41.25,18.25,descending,211.87857
41.25,18.5,descending,213.16374
41.25,18.75,descending,217.91333
41.25,19.0,descending,227.248
41.25,19.25,descending,241.41399
41.25,19.5,descending,256.3125
41.25,19.75,descending,263.685
41.25,20.0,descending,264.60284
41.25,20.25,descending,263.70572
41.25,20.5,descending,261.2557
41.25,20.75,descending,261.19427
41.25,21.0,descending,261.76334
41.25,21.25,descending,261.2992
41.25,21.5,descending,262.59857
41.25,21.75,descending,264.43668
41.25,22.0,descending,265.973
41.25,22.25,descending,266.31833
41.25,22.5,descending,265.6911
41.25,22.75,descending,265.13943
41.25,23.0,descending,264.86444
41.25,23.25,descending,264.97437
41.25,23.5,descending,265.56
41.25,23.75,descending,265.53812
41.25,24.0,descending,265.49942
41.25,24.25,descending,264.8506
41.25,24.5,descending,263.2859
41.25,24.75,descending,261.28
41.25,25.0,descending,259.8094
41.25,25.25,descending,260.94894
41.25,25.5,descending,262.78998
41.25,25.75,descending,266.66953
41.25,26.0,descending,267.85696
41.25,26.25,descending,266.848
41.25,26.5,descending,265.641
41.25,26.75,descending,265.19
41.25,27.0,descending,265.91284
41.25,27.25,descending,265.96375
41.25,27.5,descending,262.632
41.25,27.75,descending,256.45856
41.25,28.0,descending,254.13428
41.25,28.25,descending,251.625
41.25,28.5,descending,251.36427
41.25,28.75,descending,249.642
41.25,29.0,descending,249.68286
41.25,29.25,descending,251.83427
41.25,29.5,descending,255.248
41.25,29.75,descending,257.414
41.25,30.0,descending,258.07144
41.25,30.25,descending,255.46399
41.25,30.5,descending,252.68999
41.25,30.75,descending,249.874
41.25,31.0,descending,250.02
41.25,31.25,descending,255.83667
41.25,31.5,descending,262.69598
41.25,31.75,descending,267.46857
41.25,32.0,descending,271.12714
41.25,32.25,descending,272.68167
41.25,32.5,descending,272.77
41.25,32.75,descending,272.33
41.25,33.0,descending,272.08572
41.25,33.25,descending,272.07428
41.25,33.5,descending,271.64856
41.25,33.75,descending,271.27142
41.25,34.0,descending,271.402
41.25,34.25,descending,271.39142
41.25,34.5,descending,271.28998
41.25,34.75,descending,270.96
41.25,35.0,descending,270.4283
41.25,35.25,descending,269.58
41.25,35.5,descending,269.48285
41.25,35.75,descending,270.20285
41.25,36.0,descending,267.78125
41.25,36.25,descending,260.37714
41.25,36.5,descending,259.54
41.25,36.75,descending,255.35623
41.25,37.0,descending,248.20375
41.25,37.25,descending,240.42
41.25,37.5,descending,236.6522
41.25,37.75,descending,231.913
41.25,38.0,descending,227.2275
41.5,-13.0,descending,216.56999
41.5,-12.75,descending,218.47499
41.5,-12.5,descending,218.62
41.5,-12.25,descending,217.89
41.5,-12.0,descending,217.50874
41.5,-11.75,descending,218.055
41.5,-11.5,descending,218.39572
41.5,-11.25,descending,218.87666
41.5,-11.0,descending,219.63428
41.5,-10.75,descending,220.80833
41.5,-10.5,descending,221.6811
41.5,-10.25,descending,222.62666
41.5,-10.0,descending,224.325
41.5,-9.75,descending,226.42
41.5,-9.5,descending,228.97833
41.5,-9.25,descending,233.34999
41.5,-9.0,descending,242.87143
41.5,-8.75,descending,253.13832
41.5,-8.5,descending,260.8875
41.5,-8.25,descending,263.3583
41.5,-8.0,descending,263.97125
41.5,-7.75,descending,264.605
41.5,-7.5,descending,264.81284
41.5,-7.25,descending,264.63
41.5,-7.0,descending,263.94
41.5,-6.75,descending,263.08835
41.5,-6.5,descending,262.76
41.5,-6.25,descending,262.75143
41.5,-6.0,descending,262.9475
41.5,-5.75,descending,263.70166
41.5,-5.5,descending,265.10284
41.5,-5.25,descending,266.67142
41.5,-5.0,descending,267.92856
41.5,-4.75,descending,268.1557
41.5,-4.5,descending,266.99332
41.5,-4.25,descending,265.1257
41.5,-4.0,descending,264.23
41.5,-3.75,descending,264.42285
41.5,-3.5,descending,264.5
41.5,-3.25,descending,264.57285
41.5,-3.0,descending,264.8222
41.5,-2.75,descending,265.18143
41.5,-2.5,descending,265.59875
41.5,-2.25,descending,266.10748
41.5,-2.0,descending,266.62375
41.5,-1.75,descending,267.07498
41.5,-1.5,descending,267.05374
41.5,-1.25,descending,266.13873
41.5,-1.0,descending,265.15887
41.5,-0.75,descending,264.268
41.5,-0.5,descending,263.88623
41.5,-0.25,descending,263.85544
41.5,0.0,descending,259.18832
41.5,0.25,descending,263.534
41.5,0.5,descending,262.62082
41.5,0.75,descending,260.98
41.5,1.0,descending,259.38385
41.5,1.25,descending,258.6
41.5,1.5,descending,256.46823
41.5,1.75,descending,253.53667
41.5,2.0,descending,251.70374
41.5,7.25,descending,214.80124
41.5,7.5,descending,214.44353
41.5,7.75,descending,214.80133
41.5,8.0,descending,215.31999
41.5,8.25,descending,215.59616
41.5,8.5,descending,216.64362
41.5,8.75,descending,219.38637
41.5,9.0,descending,223.24199
41.5,9.25,descending,223.97221
41.5,9.5,descending,220.84889
41.5,9.75,descending,216.025
41.5,10.0,descending,211.09111
41.5,10.25,descending,207.85625
41.5,10.5,descending,206.52124
41.5,10.75,descending,206.55875
41.5,11.0,descending,207.03998
41.5,11.25,descending,207.67125
41.5,11.5,descending,208.40141
41.5,11.75,descending,209.35428
41.5,12.0,descending,210.62143
41.5,12.25,descending,214.1375
41.5,12.5,descending,220.2675
41.5,12.75,descending,226.35143
41.5,13.0,descending,234.70375
41.5,13.25,descending,237.73286
41.5,13.5,descending,242.62874
41.5,13.75,descending,244.63199
41.5,14.0,descending,248.575
41.5,14.25,descending,255.92
41.5,14.5,descending,257.9714
41.5,14.75,descending,259.24167
41.5,15.0,descending,258.49332
41.5,15.25,descending,257.55832
41.5,15.5,descending,256.50858
41.5,15.75,descending,252.48999
41.5,16.0,descending,243.90428
41.5,16.25,descending,234.58167
41.5,16.5,descending,229.22374
41.5,16.75,descending,222.73999
41.5,17.0,descending,221.29428
41.5,17.25,descending,215.43666
41.5,17.5,descending,211.54874
41.5,17.75,descending,209.85667
41.5,18.0,descending,208.776
41.5,18.25,descending,209.3057
41.5,18.5,descending,211.53714
41.5,18.75,descending,216.50427
41.5,19.0,descending,224.76
41.5,19.25,descending,236.74715
41.5,19.5,descending,252.96286
41.5,19.75,descending,262.57
41.5,20.0,descending,264.11285
41.5,20.25,descending,263.37
41.5,20.5,descending,262.33875
41.5,20.75,descending,262.81165
41.5,21.0,descending,264.15698
41.5,21.25,descending,263.105
41.5,21.5,descending,264.4554
41.5,21.75,descending,265.3865
41.5,22.0,descending,266.31638
41.5,22.25,descending,266.33157
41.5,22.5,descending,266.2345
41.5,22.75,descending,265.8085
41.5,23.0,descending,265.49387
41.5,23.25,descending,265.73444
41.5,23.5,descending,265.93
41.5,23.75,descending,266.90436
41.5,24.0,descending,267.6935
41.5,24.25,descending,268.3742
41.5,24.5,descending,268.57388
41.5,24.75,descending,268.46997
41.5,25.0,descending,268.79736
41.5,25.25,descending,269.153
41.5,25.5,descending,270.9279
41.5,25.75,descending,271.49728
41.5,26.0,descending,270.91135
41.5,26.25,descending,269.3026
41.5,26.5,descending,267.02032
41.5,26.75,descending,266.3289
41.5,27.0,descending,266.18
41.5,27.25,descending,266.928
41.5,27.5,descending,266.47626
41.5,27.75,descending,264.07715
41.5,28.0,descending,259.64832
41.5,28.25,descending,255.18571
41.5,28.5,descending,252.0443
41.5,28.75,descending,249.61374
41.5,29.0,descending,246.30856
41.5,29.25,descending,246.54333
41.5,29.5,descending,248.60143
41.5,29.75,descending,249.89143
41.5,30.0,descending,252.10571
41.5,30.25,descending,251.07286
41.5,30.5,descending,246.48714
41.5,30.75,descending,243.3243
41.5,31.0,descending,242.25832
41.5,31.25,descending,244.34856
41.5,31.5,descending,251.2
41.5,31.75,descending,258.58197
41.5,32.0,descending,264.87286
41.5,32.25,descending,269.1157
41.5,32.5,descending,271.27
41.5,32.75,descending,271.996
41.5,33.0,descending,272.178
41.5,33.25,descending,272.33
41.5,33.5,descending,271.66498
41.5,33.75,descending,270.906
41.5,34.0,descending,270.98856
41.5,34.25,descending,271.5657
41.5,34.5,descending,271.3814
41.5,34.75,descending,270.63428
41.5,35.0,descending,269.45554
41.5,35.25,descending,266.01166
41.5,35.5,descending,263.52777
41.5,35.75,descending,263.49857
41.5,36.0,descending,253.95499
41.5,36.25,descending,244.66
41.5,36.5,descending,239.19221
41.5,36.75,descending,233.91222
41.5,37.0,descending,227.02222
41.5,37.25,descending,221.69499
41.5,37.5,descending,219.83221
41.5,37.75,descending,218.20142
41.5,38.0,descending,216.61165
41.75,-13.0,descending,215.315
41.75,-12.75,descending,215.45778
41.75,-12.5,descending,215.76332
41.75,-12.25,descending,215.02428
41.75,-12.0,descending,215.30666
41.75,-11.75,descending,215.885
41.75,-11.5,descending,216.92168
41.75,-11.25,descending,217.56375
41.75,-11.0,descending,217.72429
41.75,-10.75,descending,218.73833
41.75,-10.5,descending,220.39166
41.75,-10.25,descending,221.67801
41.75,-10.0,descending,222.45375
41.75,-9.75,descending,223.0057
41.75,-9.5,descending,224.05998
41.75,-9.25,descending,228.32999
41.75,-9.0,descending,239.36165
41.75,-8.75,descending,254.53499
41.75,-8.5,descending,262.158
41.75,-8.25,descending,263.94833
41.75,-8.0,descending,263.77
41.75,-7.75,descending,264.15833
41.75,-7.5,descending,264.846
41.75,-7.25,descending,265.1014
41.75,-7.0,descending,264.76334
41.75,-6.75,descending,263.81332
41.75,-6.5,descending,262.9814
41.75,-6.25,descending,262.2457
41.75,-6.0,descending,262.23856
41.75,-5.75,descending,262.8633
41.75,-5.5,descending,264.33398
41.75,-5.25,descending,265.8425
41.75,-5.0,descending,266.73
41.75,-4.75,descending,266.716
41.75,-4.5,descending,265.87143
41.75,-4.25,descending,263.88715
41.75,-4.0,descending,263.30573
41.75,-3.75,descending,264.07428
41.75,-3.5,descending,264.71667
41.75,-3.25,descending,264.79715
41.75,-3.0,descending,264.62875
41.75,-2.75,descending,264.71143
41.75,-2.5,descending,265.04428
41.75,-2.25,descending,265.73285
41.75,-2.0,descending,266.47125
41.75,-1.75,descending,266.96713
41.75,-1.5,descending,266.53
41.75,-1.25,descending,265.45
41.75,-1.0,descending,264.28333
41.75,-0.75,descending,263.40857
41.75,-0.5,descending,262.94272
41.75,-0.25,descending,262.49875
41.75,0.0,descending,252.67249
41.75,0.25,descending,262.038
41.75,0.5,descending,262.345
41.75,0.75,descending,262.94998
41.75,1.0,descending,263.51166
41.75,1.25,descending,264.0377
41.75,1.5,descending,264.0257
41.75,1.75,descending,262.77527
41.75,2.0,descending,262.3548
41.75,2.25,descending,262.6758
41.75,7.25,descending,215.91583
41.75,7.5,descending,214.89587
41.75,7.75,descending,213.9707
41.75,8.0,descending,213.28923
41.75,8.25,descending,213.86583
41.75,8.5,descending,217.39091
41.75,8.75,descending,225.42583
41.75,9.0,descending,233.66098
41.75,9.25,descending,234.74777
41.75,9.5,descending,225.80222
41.75,9.75,descending,215.52556
41.75,10.0,descending,208.88333
41.75,10.25,descending,206.93375
41.75,10.5,descending,206.8175
41.75,10.75,descending,207.29285
41.75,11.0,descending,207.95427
41.75,11.25,descending,208.73
41.75,11.5,descending,209.89874
41.75,11.75,descending,211.83427
41.75,12.0,descending,215.8675
41.75,12.25,descending,223.33286
41.75,12.5,descending,231.805
41.75,12.75,descending,242.22427
41.75,13.0,descending,247.98999
41.75,13.25,descending,252.08286
41.75,13.5,descending,253.92998
41.75,13.75,descending,253.77284
41.75,14.0,descending,255.90428
41.75,14.25,descending,258.58
41.75,14.5,descending,259.51123
41.75,14.75,descending,258.01166
41.75,15.0,descending,255.755
41.75,15.25,descending,254.022
41.75,15.5,descending,252.54857
41.75,15.75,descending,249.25
41.75,16.0,descending,237.45166
41.75,16.25,descending,224.34286
41.75,16.5,descending,216.54834
41.75,16.75,descending,215.172
41.75,17.0,descending,212.82286
41.75,17.25,descending,210.69832
41.75,17.5,descending,209.122
41.75,17.75,descending,208.20857
41.75,18.0,descending,207.82286
41.75,18.25,descending,208.354
41.75,18.5,descending,210.50835
41.75,18.75,descending,215.46571
41.75,19.0,descending,224.97499
41.75,19.25,descending,235.81665
41.75,19.5,descending,250.68875
41.75,19.75,descending,261.87668
41.75,20.0,descending,264.13858
41.75,20.25,descending,263.70856
41.75,20.5,descending,263.40125
41.75,20.75,descending,263.556
41.75,21.0,descending,264.41888
41.75,21.25,descending,263.0864
41.75,21.5,descending,263.895
41.75,21.75,descending,264.98953
41.75,22.0,descending,265.69348
41.75,22.25,descending,266.20776
41.75,22.5,descending,266.2039
41.75,22.75,descending,265.7453
41.75,23.0,descending,265.60474
41.75,23.25,descending,265.43268
41.75,23.5,descending,265.53366
41.75,23.75,descending,266.94
41.75,24.0,descending,267.9178
41.75,24.25,descending,268.63312
41.75,24.5,descending,269.45117
41.75,24.75,descending,270.19
41.75,25.0,descending,270.714
41.75,25.25,descending,271.15527
41.75,25.5,descending,271.51666
41.75,25.75,descending,272.57333
41.75,26.0,descending,271.57227
41.75,26.25,descending,269.37045
41.75,26.5,descending,267.7442
41.75,26.75,descending,267.19608
41.75,27.0,descending,267.55646
41.75,27.25,descending,267.5725
41.75,27.5,descending,267.58
41.75,27.75,descending,264.63998
41.75,28.0,descending,256.36
41.75,28.25,descending,246.37334
41.75,28.5,descending,241.95427
41.75,28.75,descending,239.29199
41.75,29.0,descending,237.265
41.75,29.25,descending,236.42499
41.75,29.5,descending,237.55713
41.75,29.75,descending,239.20166
41.75,30.0,descending,245.51166
41.75,30.25,descending,246.88167
41.75,30.5,descending,244.8957
41.75,30.75,descending,243.59
41.75,31.0,descending,243.38
41.75,31.25,descending,242.51166
41.75,31.5,descending,243.51285
41.75,31.75,descending,247.85667
41.75,32.0,descending,253.826
41.75,32.25,descending,258.83142
41.75,32.5,descending,263.8514
41.75,32.75,descending,267.77
41.75,33.0,descending,269.1957
41.75,33.25,descending,269.97
41.75,33.5,descending,269.7357
41.75,33.75,descending,268.32144
41.75,34.0,descending,267.42572
41.75,34.25,descending,267.86713
41.75,34.5,descending,267.01428
41.75,34.75,descending,265.33713
41.75,35.0,descending,262.56714
41.75,35.25,descending,253.69
41.75,35.5,descending,246.34
41.75,35.75,descending,246.88142
41.75,36.0,descending,234.14856
41.75,36.25,descending,227.06999
41.75,36.5,descending,221.95125
41.75,36.75,descending,218.40141
41.75,37.0,descending,216.52124
41.75,37.25,descending,215.06285
41.75,37.5,descending,214.31
41.75,37.75,descending,213.98111
41.75,38.0,descending,213.656
42.0,-13.0,descending,213.955
42.0,-12.75,descending,213.69832
42.0,-12.5,descending,213.36444
42.0,-12.25,descending,212.62334
42.0,-12.0,descending,212.25665
42.0,-11.75,descending,213.4
42.0,-11.5,descending,214.595
42.0,-11.25,descending,215.79832
42.0,-11.0,descending,216.09499
42.0,-10.75,descending,216.31999
42.0,-10.5,descending,217.80165
42.0,-10.25,descending,219.94858
42.0,-10.0,descending,221.33142
42.0,-9.75,descending,222.75665
42.0,-9.5,descending,222.00166
42.0,-9.25,descending,223.63832
42.0,-9.0,descending,237.04141
42.0,-8.75,descending,253.98833
42.0,-8.5,descending,263.8875
42.0,-8.25,descending,265.84167
42.0,-8.0,descending,264.75668
42.0,-7.75,descending,264.53714
42.0,-7.5,descending,264.73373
42.0,-7.25,descending,264.91666
42.0,-7.0,descending,264.7914
42.0,-6.75,descending,264.53665
42.0,-6.5,descending,264.02
42.0,-6.25,descending,263.07144
42.0,-6.0,descending,261.98428
42.0,-5.75,descending,261.92142
42.0,-5.5,descending,262.91858
42.0,-5.25,descending,264.47714
42.0,-5.0,descending,265.23712
42.0,-4.75,descending,265.4057
42.0,-4.5,descending,264.81143
42.0,-4.25,descending,263.50427
42.0,-4.0,descending,263.1143
42.0,-3.75,descending,263.85428
42.0,-3.5,descending,264.53143
42.0,-3.25,descending,264.24142
42.0,-3.0,descending,263.57623
42.0,-2.75,descending,263.7333
42.0,-2.5,descending,264.52875
42.0,-2.25,descending,265.58856
42.0,-2.0,descending,266.21
42.0,-1.75,descending,266.24
42.0,-1.5,descending,265.73248
42.0,-1.25,descending,264.7443
42.0,-1.0,descending,263.335
42.0,-0.75,descending,262.00125
42.0,-0.5,descending,261.04333
42.0,-0.25,descending,260.992
42.0,0.0,descending,250.98453
42.0,0.25,descending,261.63
42.0,0.5,descending,262.08374
42.0,0.75,descending,262.9075
42.0,1.0,descending,264.15768
42.0,1.25,descending,265.21582
42.0,1.5,descending,265.66748
42.0,1.75,descending,265.70935
42.0,2.0,descending,265.9055
42.0,2.25,descending,266.30292
42.0,2.5,descending,266.88998
42.0,7.25,descending,218.81375
42.0,7.5,descending,217.655
42.0,7.75,descending,215.73799
42.0,8.0,descending,214.00427
42.0,8.25,descending,214.495
42.0,8.5,descending,219.37
42.0,8.75,descending,229.7
42.0,9.0,descending,240.36728
42.0,9.25,descending,243.19374
42.0,9.5,descending,234.63818
42.0,9.75,descending,220.17249
42.0,10.0,descending,211.09555
42.0,10.25,descending,207.73888
42.0,10.5,descending,207.53555
42.0,10.75,descending,208.22112
42.0,11.0,descending,209.28444
42.0,11.25,descending,210.69714
42.0,11.5,descending,213.87572
42.0,11.75,descending,219.06125
42.0,12.0,descending,225.07166
42.0,12.25,descending,234.8675
42.0,12.5,descending,242.74625
42.0,12.75,descending,251.21143
42.0,13.0,descending,255.06999
42.0,13.25,descending,256.60855
42.0,13.5,descending,256.98123
42.0,13.75,descending,256.54428
42.0,14.0,descending,256.30334
42.0,14.25,descending,257.10715
42.0,14.5,descending,255.34499
42.0,14.75,descending,251.05333
42.0,15.0,descending,246.43
42.0,15.25,descending,240.59285
42.0,15.5,descending,239.55
42.0,15.75,descending,237.74834
42.0,16.0,descending,231.93999
42.0,16.25,descending,218.94334
42.0,16.5,descending,213.13199
42.0,16.75,descending,211.11124
42.0,17.0,descending,210.34332
42.0,17.25,descending,209.2957
42.0,17.5,descending,208.83667
42.0,17.75,descending,208.21498
42.0,18.0,descending,207.81874
42.0,18.25,descending,208.42833
42.0,18.5,descending,210.72833
42.0,18.75,descending,218.53667
42.0,19.0,descending,229.33286
42.0,19.25,descending,239.265
42.0,19.5,descending,251.35625
42.0,19.75,descending,261.89572
42.0,20.0,descending,264.14716
42.0,20.25,descending,263.8743
42.0,20.5,descending,263.87427
42.0,20.75,descending,263.964
42.0,21.0,descending,264.5375
42.0,21.25,descending,262.68817
42.0,21.5,descending,263.4188
42.0,21.75,descending,264.3838
42.0,22.0,descending,265.18597
42.0,22.25,descending,265.7721
42.0,22.5,descending,266.08524
42.0,22.75,descending,265.8453
42.0,23.0,descending,265.59888
42.0,23.25,descending,265.00055
42.0,23.5,descending,264.5228
42.0,23.75,descending,266.01352
42.0,24.0,descending,267.6961
42.0,24.25,descending,267.7906
42.0,24.5,descending,268.68317
42.0,24.75,descending,269.14117
42.0,25.0,descending,269.50998
42.0,25.25,descending,270.35275
42.0,25.5,descending,270.78442
42.0,25.75,descending,270.56903
42.0,26.0,descending,271.01523
42.0,26.25,descending,270.3119
42.0,26.5,descending,269.22882
42.0,26.75,descending,269.38535
42.0,27.0,descending,269.88757
42.0,27.25,descending,267.5483
42.0,27.5,descending,266.78333
42.0,27.75,descending,261.70142
42.0,28.0,descending,251.66167
42.0,28.25,descending,239.21
42.0,28.5,descending,230.65
42.0,28.75,descending,228.805
42.0,29.0,descending,227.78874
42.0,29.25,descending,226.73665
42.0,29.5,descending,227.19286
42.0,29.75,descending,229.84499
42.0,30.0,descending,235.68571
42.0,30.25,descending,239.39832
42.0,30.5,descending,239.75
42.0,30.75,descending,241.19167
42.0,31.0,descending,243.59749
42.0,31.25,descending,245.56857
42.0,31.5,descending,245.68666
42.0,31.75,descending,245.01
42.0,32.0,descending,246.465
42.0,32.25,descending,249.78
42.0,32.5,descending,251.68713
42.0,32.75,descending,256.57715
42.0,33.0,descending,259.05624
42.0,33.25,descending,261.60666
42.0,33.5,descending,261.15997
42.0,33.75,descending,258.795
42.0,34.0,descending,256.63
42.0,34.25,descending,256.02
42.0,34.5,descending,252.66374
42.0,34.75,descending,251.83667
42.0,35.0,descending,248.84375
42.0,35.25,descending,235.89
42.0,35.5,descending,228.08249
42.0,35.75,descending,228.46143
42.0,36.0,descending,221.0657
42.0,36.25,descending,217.43124
42.0,36.5,descending,215.05888
42.0,36.75,descending,214.09
42.0,37.0,descending,213.79375
42.0,37.25,descending,213.58
42.0,37.5,descending,213.49445
42.0,37.75,descending,213.48375
42.0,38.0,descending,213.42332
42.25,-13.0,descending,213.08
42.25,-12.75,descending,213.61374
42.25,-12.5,descending,214.26332
42.25,-12.25,descending,212.86287
42.25,-12.0,descending,211.35832
42.25,-11.75,descending,211.09714
42.25,-11.5,descending,212.278
42.25,-11.25,descending,213.77832
42.25,-11.0,descending,214.51125
42.25,-10.75,descending,214.60428
42.25,-10.5,descending,214.93
42.25,-10.25,descending,215.4343
42.25,-10.0,descending,217.26166
42.25,-9.75,descending,219.11833
42.25,-9.5,descending,219.95427
42.25,-9.25,descending,221.102
42.25,-9.0,descending,230.40166
42.25,-8.75,descending,250.26712
42.25,-8.5,descending,264.8583
42.25,-8.25,descending,267.224
42.25,-8.0,descending,266.66998
42.25,-7.75,descending,265.942
42.25,-7.5,descending,265.56833
42.25,-7.25,descending,265.246
42.25,-7.0,descending,264.74167
42.25,-6.75,descending,264.42285
42.25,-6.5,descending,264.47427
42.25,-6.25,descending,263.7875
42.25,-6.0,descending,262.185
42.25,-5.75,descending,261.35858
42.25,-5.5,descending,261.845
42.25,-5.25,descending,262.93713
42.25,-5.0,descending,263.69125
42.25,-4.75,descending,264.165
42.25,-4.5,descending,264.11002
42.25,-4.25,descending,263.53287
42.25,-4.0,descending,263.13858
42.25,-3.75,descending,263.41
42.25,-3.5,descending,263.85
42.25,-3.25,descending,263.50858
42.25,-3.0,descending,263.28714
42.25,-2.75,descending,263.65857
42.25,-2.5,descending,264.85126
42.25,-2.25,descending,265.87997
42.25,-2.0,descending,266.0557
42.25,-1.75,descending,265.5843
42.25,-1.5,descending,265.0575
42.25,-1.25,descending,264.08875
42.25,-1.0,descending,262.48666
42.25,-0.75,descending,260.83557
42.25,-0.5,descending,260.32443
42.25,-0.25,descending,260.85748
42.25,0.0,descending,256.3727
42.25,0.25,descending,261.852
42.25,0.5,descending,262.09415
42.25,0.75,descending,262.725
42.25,1.0,descending,263.93832
42.25,1.25,descending,265.0625
42.25,1.5,descending,264.905
42.25,1.75,descending,264.74066
42.25,2.0,descending,265.18332
42.25,2.25,descending,266.175
42.25,2.5,descending,266.89307
42.25,7.25,descending,219.9025
42.25,7.5,descending,218.77422
42.25,7.75,descending,216.4257
42.25,8.0,descending,214.45334
42.25,8.25,descending,215.02501
42.25,8.5,descending,221.21
42.25,8.75,descending,232.67271
42.25,9.0,descending,243.696
42.25,9.25,descending,247.51099
42.25,9.5,descending,240.50334
42.25,9.75,descending,227.23874
42.25,10.0,descending,215.37125
42.25,10.25,descending,209.84375
42.25,10.5,descending,208.78499
42.25,10.75,descending,209.79999
42.25,11.0,descending,212.51857
42.25,11.25,descending,215.26498
42.25,11.5,descending,220.82857
42.25,11.75,descending,228.83833
42.25,12.0,descending,238.14886
42.25,12.25,descending,246.22499
42.25,12.5,descending,252.13167
42.25,12.75,descending,256.13428
42.25,13.0,descending,257.40375
42.25,13.25,descending,256.43
42.25,13.5,descending,255.88374
42.25,13.75,descending,256.152
42.25,14.0,descending,254.44249
42.25,14.25,descending,250.64166
42.25,14.5,descending,246.54
42.25,14.75,descending,238.15857
42.25,15.0,descending,228.75
42.25,15.25,descending,223.25
42.25,15.5,descending,222.81
42.25,15.75,descending,220.28572
42.25,16.0,descending,219.255
42.25,16.25,descending,216.422
42.25,16.5,descending,210.81874
42.25,16.75,descending,209.676
42.25,17.0,descending,209.44714
42.25,17.25,descending,208.92749
42.25,17.5,descending,208.53624
42.25,17.75,descending,208.53667
42.25,18.0,descending,209.68999
42.25,18.25,descending,211.80998
42.25,18.5,descending,216.39856
42.25,18.75,descending,225.17332
42.25,19.0,descending,236.3075
42.25,19.25,descending,247.03857
42.25,19.5,descending,256.41855
42.25,19.75,descending,262.77426
42.25,20.0,descending,264.09857
42.25,20.25,descending,263.74286
42.25,20.5,descending,263.85
42.25,20.75,descending,264.23428
42.25,21.0,descending,264.59283
42.25,21.25,descending,262.74667
42.25,21.5,descending,262.71
42.25,21.75,descending,263.87137
42.25,22.0,descending,264.9042
42.25,22.25,descending,265.442
42.25,22.5,descending,266.05997
42.25,22.75,descending,265.61237
42.25,23.0,descending,265.6661
42.25,23.25,descending,264.15942
42.25,23.5,descending,264.27234
42.25,23.75,descending,264.77057
42.25,24.0,descending,266.14413
42.25,24.25,descending,267.22586
42.25,24.5,descending,267.60294
42.25,24.75,descending,267.2484
42.25,25.0,descending,267.89874
42.25,25.25,descending,268.27292
42.25,25.5,descending,268.54764
42.25,25.75,descending,269.63666
42.25,26.0,descending,269.068
42.25,26.25,descending,269.58667
42.25,26.5,descending,269.47906
42.25,26.75,descending,270.22546
42.25,27.0,descending,270.19482
42.25,27.25,descending,267.99124
42.25,27.5,descending,261.17374
42.25,27.75,descending,252.34999
42.25,28.0,descending,241.93713
42.25,28.25,descending,229.94571
42.25,28.5,descending,223.694
42.25,28.75,descending,222.12428
42.25,29.0,descending,221.335
42.25,29.25,descending,221.47333
42.25,29.5,descending,222.41667
42.25,29.75,descending,224.3243
42.25,30.0,descending,227.23833
42.25,30.25,descending,230.97833
42.25,30.5,descending,233.92665
42.25,30.75,descending,234.7957
42.25,31.0,descending,237.754
42.25,31.25,descending,242.73499
42.25,31.5,descending,246.06999
42.25,31.75,descending,247.15167
42.25,32.0,descending,246.63571
42.25,32.25,descending,245.67499
42.25,32.5,descending,245.774
42.25,32.75,descending,246.495
42.25,33.0,descending,247.49571
42.25,33.25,descending,249.34143
42.25,33.5,descending,246.95142
42.25,33.75,descending,244.3157
42.25,34.0,descending,243.54713
42.25,34.25,descending,240.03333
42.25,34.5,descending,237.15875
42.25,34.75,descending,238.3725
42.25,35.0,descending,233.50749
42.25,35.25,descending,224.17499
42.25,35.5,descending,219.62125
42.25,35.75,descending,219.04428
42.25,36.0,descending,216.56429
42.25,36.25,descending,214.78833
42.25,36.5,descending,213.99428
42.25,36.75,descending,213.72856
42.25,37.0,descending,213.79375
42.25,37.25,descending,213.86284
42.25,37.5,descending,213.78
42.25,37.75,descending,213.66286
42.25,38.0,descending,213.59
42.5,-13.0,descending,212.8875
42.5,-12.75,descending,213.69856
42.5,-12.5,descending,214.97374
42.5,-12.25,descending,214.4257
42.5,-12.0,descending,212.34874
42.5,-11.75,descending,211.27428
42.5,-11.5,descending,211.95374
42.5,-11.25,descending,213.61284
42.5,-11.0,descending,214.355
42.5,-10.75,descending,214.45857
42.5,-10.5,descending,213.89856
42.5,-10.25,descending,213.27832
42.5,-10.0,descending,213.70714
42.5,-9.75,descending,214.81999
42.5,-9.5,descending,217.44429
42.5,-9.25,descending,220.37166
42.5,-9.0,descending,231.4475
42.5,-8.75,descending,250.79832
42.5,-8.5,descending,263.22833
42.5,-8.25,descending,267.72427
42.5,-8.0,descending,267.648
42.5,-7.75,descending,267.11002
42.5,-7.5,descending,266.84
42.5,-7.25,descending,266.52286
42.5,-7.0,descending,265.60333
42.5,-6.75,descending,264.48334
42.5,-6.5,descending,264.1971
42.5,-6.25,descending,263.57
42.5,-6.0,descending,262.034
42.5,-5.75,descending,261.17667
42.5,-5.5,descending,261.49
42.5,-5.25,descending,262.27
42.5,-5.0,descending,262.77713
42.5,-4.75,descending,263.125
42.5,-4.5,descending,263.42123
42.5,-4.25,descending,263.365
42.5,-4.0,descending,263.22998
42.5,-3.75,descending,263.31714
42.5,-3.5,descending,263.74286
42.5,-3.25,descending,264.02713
42.5,-3.0,descending,264.51715
42.5,-2.75,descending,264.42285
42.5,-2.5,descending,265.13126
42.5,-2.25,descending,265.8125
42.5,-2.0,descending,265.73248
42.5,-1.75,descending,265.1057
42.5,-1.5,descending,264.34
42.5,-1.25,descending,263.2675
42.5,-1.0,descending,262.02332
42.5,-0.75,descending,260.68875
42.5,-0.5,descending,260.23553
42.5,-0.25,descending,260.4
42.5,0.0,descending,251.15666
42.5,0.25,descending,260.42334
42.5,0.5,descending,260.53363
42.5,0.75,descending,260.89398
42.5,1.0,descending,261.97333
42.5,1.25,descending,262.79166
42.5,1.5,descending,261.94693
42.5,1.75,descending,261.98798
42.5,2.0,descending,263.42166
42.5,2.25,descending,265.61398
42.5,2.5,descending,266.24564
42.5,2.75,descending,264.61
42.5,7.25,descending,219.995
42.5,7.5,descending,218.90579
42.5,7.75,descending,216.42667
42.5,8.0,descending,213.99643
42.5,8.25,descending,213.6925
42.5,8.5,descending,218.31084
42.5,8.75,descending,228.745
42.5,9.0,descending,240.99908
42.5,9.25,descending,246.7
42.5,9.5,descending,241.3
42.5,9.75,descending,228.67888
42.5,10.0,descending,217.40898
42.5,10.25,descending,212.15625
42.5,10.5,descending,211.18
42.5,10.75,descending,212.83286
42.5,11.0,descending,218.48125
42.5,11.25,descending,226.19429
42.5,11.5,descending,233.46222
42.5,11.75,descending,239.61499
42.5,12.0,descending,248.04665
42.5,12.25,descending,253.64249
42.5,12.5,descending,256.9325
42.5,12.75,descending,258.26855
42.5,13.0,descending,257.28
42.5,13.25,descending,255.375
42.5,13.5,descending,254.13666
42.5,13.75,descending,253.3075
42.5,14.0,descending,247.7957
42.5,14.25,descending,240.69666
42.5,14.5,descending,231.28714
42.5,14.75,descending,221.855
42.5,15.0,descending,217.16833
42.5,15.25,descending,214.28429
42.5,15.5,descending,211.92749
42.5,15.75,descending,211.01833
42.5,16.0,descending,211.26332
42.5,16.25,descending,210.05571
42.5,16.5,descending,209.26855
42.5,16.75,descending,209.27167
42.5,17.0,descending,209.34427
42.5,17.25,descending,209.40141
42.5,17.5,descending,210.73833
42.5,17.75,descending,212.47714
42.5,18.0,descending,214.29
42.5,18.25,descending,222.20332
42.5,18.5,descending,230.57143
42.5,18.75,descending,239.35428
42.5,19.0,descending,246.1157
42.5,19.25,descending,254.04199
42.5,19.5,descending,260.206
42.5,19.75,descending,263.7725
42.5,20.0,descending,264.34
42.5,20.25,descending,263.814
42.5,20.5,descending,263.88998
42.5,20.75,descending,264.23712
42.5,21.0,descending,264.38715
42.5,21.25,descending,263.22437
42.5,21.5,descending,263.19748
42.5,21.75,descending,263.72272
42.5,22.0,descending,264.23428
42.5,22.25,descending,265.162
42.5,22.5,descending,265.49106
42.5,22.75,descending,266.17612
42.5,23.0,descending,265.7265
42.5,23.25,descending,264.94647
42.5,23.5,descending,264.23895
42.5,23.75,descending,264.88333
42.5,24.0,descending,265.78683
42.5,24.25,descending,266.73822
42.5,24.5,descending,266.50186
42.5,24.75,descending,266.71313
42.5,25.0,descending,267.26157
42.5,25.25,descending,267.6711
42.5,25.5,descending,268.283
42.5,25.75,descending,267.82666
42.5,26.0,descending,268.5655
42.5,26.25,descending,268.5355
42.5,26.5,descending,269.03217
42.5,26.75,descending,268.746
42.5,27.0,descending,268.06146
42.5,27.25,descending,265.24677
42.5,27.5,descending,257.01874
42.5,27.75,descending,243.60999
42.5,28.0,descending,231.09
42.5,28.25,descending,223.43834
42.5,28.5,descending,220.00143
42.5,28.75,descending,217.84999
42.5,29.0,descending,218.59833
42.5,29.25,descending,219.50667
42.5,29.5,descending,220.28667
42.5,29.75,descending,221.395
42.5,30.0,descending,223.31834
42.5,30.25,descending,225.73143
42.5,30.5,descending,227.79
42.5,30.75,descending,228.0443
42.5,31.0,descending,231.37572
42.5,31.25,descending,234.44331
42.5,31.5,descending,239.27571
42.5,31.75,descending,243.72499
42.5,32.0,descending,245.92334
42.5,32.25,descending,246.03285
42.5,32.5,descending,244.72427
42.5,32.75,descending,243.17165
42.5,33.0,descending,241.58798
42.5,33.25,descending,240.72427
42.5,33.5,descending,238.6657
42.5,33.75,descending,236.88428
42.5,34.0,descending,235.83714
42.5,34.25,descending,233.11142
42.5,34.5,descending,231.41167
42.5,34.75,descending,230.93666
42.5,35.0,descending,226.435
42.5,35.25,descending,221.83167
42.5,35.5,descending,219.70999
42.5,35.75,descending,217.90332
42.5,36.0,descending,216.39
42.5,36.25,descending,215.06
42.5,36.5,descending,214.45714
42.5,36.75,descending,214.29124
42.5,37.0,descending,214.47665
42.5,37.25,descending,214.64624
42.5,37.5,descending,214.51999
42.5,37.75,descending,214.24374
42.5,38.0,descending,213.98999
42.75,-13.0,descending,211.9075
42.75,-12.75,descending,213.22571
42.75,-12.5,descending,214.57857
42.75,-12.25,descending,214.55666
42.75,-12.0,descending,212.90714
42.75,-11.75,descending,211.62
42.75,-11.5,descending,211.46375
42.75,-11.25,descending,212.47499
42.75,-11.0,descending,213.75143
42.75,-10.75,descending,213.64665
42.75,-10.5,descending,213.41286
42.75,-10.25,descending,212.39667
42.75,-10.0,descending,212.15714
42.75,-9.75,descending,213.158
42.75,-9.5,descending,216.71999
42.75,-9.25,descending,225.8057
42.75,-9.0,descending,238.76799
42.75,-8.75,descending,250.118
42.75,-8.5,descending,263.365
42.75,-8.25,descending,267.612
42.75,-8.0,descending,267.62714
42.75,-7.75,descending,267.19666
42.75,-7.5,descending,267.33664
42.75,-7.25,descending,267.46002
42.75,-7.0,descending,266.84857
42.75,-6.75,descending,265.41998
42.75,-6.5,descending,264.04
42.75,-6.25,descending,263.04428
42.75,-6.0,descending,261.81143
42.75,-5.75,descending,261.14398
42.75,-5.5,descending,261.40802
42.75,-5.25,descending,262.07144
42.75,-5.0,descending,262.15143
42.75,-4.75,descending,262.39142
42.75,-4.5,descending,262.96713
42.75,-4.25,descending,263.44144
42.75,-4.0,descending,263.706
42.75,-3.75,descending,264.08
42.75,-3.5,descending,264.95428
42.75,-3.25,descending,265.72714
42.75,-3.0,descending,266.08572
42.75,-2.75,descending,265.05
42.75,-2.5,descending,264.81714
42.75,-2.25,descending,265.41333
42.75,-2.0,descending,265.3675
42.75,-1.75,descending,264.97858
42.75,-1.5,descending,264.41998
42.75,-1.25,descending,263.7675
42.75,-1.0,descending,262.23285
42.75,-0.75,descending,260.1357
42.75,-0.5,descending,258.6211
42.75,-0.25,descending,258.06876
42.75,0.0,descending,252.76399
42.75,0.25,descending,258.90778
42.75,0.5,descending,259.73776
42.75,0.75,descending,260.28635
42.75,1.0,descending,261.16998
42.75,1.25,descending,261.49832
42.75,1.5,descending,261.80167
42.75,1.75,descending,262.84924
42.75,2.0,descending,264.96286
42.75,2.25,descending,266.4688
42.75,2.5,descending,264.98816
42.75,2.75,descending,261.0458
42.75,7.5,descending,219.20221
42.75,7.75,descending,217.1175
42.75,8.0,descending,214.53133
42.75,8.25,descending,212.22537
42.75,8.5,descending,212.28749
42.75,8.75,descending,216.20728
42.75,9.0,descending,226.1791
42.75,9.25,descending,235.00446
42.75,9.5,descending,234.50111
42.75,9.75,descending,225.81555
42.75,10.0,descending,218.24625
42.75,10.25,descending,215.44249
42.75,10.5,descending,216.19249
42.75,10.75,descending,219.87625
42.75,11.0,descending,227.72624
42.75,11.25,descending,237.78429
42.75,11.5,descending,247.07999
42.75,11.75,descending,251.73
42.75,12.0,descending,254.105
42.75,12.25,descending,257.30002
42.75,12.5,descending,258.96286
42.75,12.75,descending,259.07285
42.75,13.0,descending,257.36124
42.75,13.25,descending,255.50429
42.75,13.5,descending,253.91428
42.75,13.75,descending,249.61
42.75,14.0,descending,240.624
42.75,14.25,descending,230.39
42.75,14.5,descending,219.43143
42.75,14.75,descending,214.395
42.75,15.0,descending,211.77428
42.75,15.25,descending,211.34999
42.75,15.5,descending,211.592
42.75,15.75,descending,211.394
42.75,16.0,descending,210.21124
42.75,16.25,descending,209.25835
42.75,16.5,descending,209.894
42.75,16.75,descending,211.54428
42.75,17.0,descending,212.226
42.75,17.25,descending,214.11333
42.75,17.5,descending,218.35664
42.75,17.75,descending,224.1
42.75,18.0,descending,228.90375
42.75,18.25,descending,238.27333
42.75,18.5,descending,247.40201
42.75,18.75,descending,252.47499
42.75,19.0,descending,256.47998
42.75,19.25,descending,259.71832
42.75,19.5,descending,262.3814
42.75,19.75,descending,264.25714
42.75,20.0,descending,264.5843
42.75,20.25,descending,264.13858
42.75,20.5,descending,263.99286
42.75,20.75,descending,264.03854
42.75,21.0,descending,263.89285
42.75,21.25,descending,263.6909
42.75,21.5,descending,263.42883
42.75,21.75,descending,263.6736
42.75,22.0,descending,263.7345
42.75,22.25,descending,264.1672
42.75,22.5,descending,264.77942
42.75,22.75,descending,265.05118
42.75,23.0,descending,265.18222
42.75,23.25,descending,264.23062
42.75,23.5,descending,264.67822
42.75,23.75,descending,265.41586
42.75,24.0,descending,265.79312
42.75,24.25,descending,266.2806
42.75,24.5,descending,266.7922
42.75,24.75,descending,266.40686
42.75,25.0,descending,266.6288
42.75,25.25,descending,267.53116
42.75,25.5,descending,268.67166
42.75,25.75,descending,268.02222
42.75,26.0,descending,268.94824
42.75,26.25,descending,268.49948
42.75,26.5,descending,268.60953
42.75,26.75,descending,268.2059
42.75,27.0,descending,266.7256
42.75,27.25,descending,265.37714
42.75,27.5,descending,261.73312
42.75,27.75,descending,239.185
42.75,28.0,descending,223.125
42.75,28.25,descending,216.72333
42.75,28.5,descending,215.24875
42.75,28.75,descending,215.33398
42.75,29.0,descending,216.21286
42.75,29.25,descending,217.50429
42.75,29.5,descending,218.42
42.75,29.75,descending,218.94666
42.75,30.0,descending,220.68333
42.75,30.25,descending,222.92499
42.75,30.5,descending,225.48286
42.75,30.75,descending,226.06198
42.75,31.0,descending,226.20166
42.75,31.25,descending,227.34666
42.75,31.5,descending,230.29
42.75,31.75,descending,235.48167
42.75,32.0,descending,239.608
42.75,32.25,descending,242.5
42.75,32.5,descending,243.91875
42.75,32.75,descending,242.93834
42.75,33.0,descending,240.78667
42.75,33.25,descending,238.65398
42.75,33.5,descending,237.168
42.75,33.75,descending,236.26833
42.75,34.0,descending,234.70427
42.75,34.25,descending,232.87166
42.75,34.5,descending,231.314
42.75,34.75,descending,229.07286
42.75,35.0,descending,225.39
42.75,35.25,descending,223.37831
42.75,35.5,descending,221.80428
42.75,35.75,descending,219.07332
42.75,36.0,descending,216.80374
42.75,36.25,descending,215.31001
42.75,36.5,descending,214.93001
42.75,36.75,descending,214.95
42.75,37.0,descending,215.41713
42.75,37.25,descending,215.53
42.75,37.5,descending,215.42499
42.75,37.75,descending,215.0011
42.75,38.0,descending,214.50998
43.0,-13.0,descending,212.13335
43.0,-12.75,descending,211.98427
43.0,-12.5,descending,213.04857
43.0,-12.25,descending,214.12999
43.0,-12.0,descending,213.05333
43.0,-11.75,descending,211.45624
43.0,-11.5,descending,210.65001
43.0,-11.25,descending,211.27428
43.0,-11.0,descending,211.99715
43.0,-10.75,descending,212.07332
43.0,-10.5,descending,211.7575
43.0,-10.25,descending,211.39833
43.0,-10.0,descending,211.23499
43.0,-9.75,descending,212.49284
43.0,-9.5,descending,218.15141
43.0,-9.25,descending,230.30165
43.0,-9.0,descending,243.97285
43.0,-8.75,descending,256.86713
43.0,-8.5,descending,264.39166
43.0,-8.25,descending,267.26334
43.0,-8.0,descending,267.41998
43.0,-7.75,descending,267.07333
43.0,-7.5,descending,267.2275
43.0,-7.25,descending,267.72665
43.0,-7.0,descending,267.53333
43.0,-6.75,descending,266.30856
43.0,-6.5,descending,264.5843
43.0,-6.25,descending,262.86667
43.0,-6.0,descending,261.93002
43.0,-5.75,descending,261.3814
43.0,-5.5,descending,261.54855
43.0,-5.25,descending,261.72397
43.0,-5.0,descending,261.20248
43.0,-4.75,descending,261.13168
43.0,-4.5,descending,262.1014
43.0,-4.25,descending,263.50998
43.0,-4.0,descending,264.375
43.0,-3.75,descending,265.29166
43.0,-3.5,descending,266.24286
43.0,-3.25,descending,266.9
43.0,-3.0,descending,266.6657
43.0,-2.75,descending,265.32715
43.0,-2.5,descending,264.03714
43.0,-2.25,descending,264.17123
43.0,-2.0,descending,264.47626
43.0,-1.75,descending,264.92712
43.0,-1.5,descending,265.51443
43.0,-1.25,descending,265.2314
43.0,-1.0,descending,263.1711
43.0,-0.75,descending,260.2375
43.0,-0.5,descending,258.50223
43.0,-0.25,descending,258.41666
43.0,0.0,descending,250.34001
43.0,0.25,descending,261.42624
43.0,0.5,descending,262.51727
43.0,0.75,descending,263.04248
43.0,1.0,descending,263.74667
43.0,1.25,descending,264.0825
43.0,1.5,descending,264.65417
43.0,1.75,descending,265.37537
43.0,2.0,descending,266.2813
43.0,2.25,descending,266.01373
43.0,2.5,descending,262.831
43.0,2.75,descending,257.37567
43.0,3.0,descending,254.40332
43.0,7.5,descending,220.13356
43.0,7.75,descending,218.24562
43.0,8.0,descending,215.525
43.0,8.25,descending,212.6993
43.0,8.5,descending,210.78818
43.0,8.75,descending,210.25546
43.0,9.0,descending,212.28453
43.0,9.25,descending,217.663
43.0,9.5,descending,220.7709
43.0,9.75,descending,220.29889
43.0,10.0,descending,217.26776
43.0,10.25,descending,217.85666
43.0,10.5,descending,223.44221
43.0,10.75,descending,231.77777
43.0,11.0,descending,240.87
43.0,11.25,descending,248.3089
43.0,11.5,descending,254.09142
43.0,11.75,descending,257.29373
43.0,12.0,descending,258.26285
43.0,12.25,descending,258.7214
43.0,12.5,descending,259.4125
43.0,12.75,descending,259.33835
43.0,13.0,descending,258.21332
43.0,13.25,descending,256.18832
43.0,13.5,descending,252.95857
43.0,13.75,descending,244.918
43.0,14.0,descending,233.19125
43.0,14.25,descending,218.66856
43.0,14.5,descending,212.26666
43.0,14.75,descending,210.26428
43.0,15.0,descending,211.11333
43.0,15.25,descending,212.05798
43.0,15.5,descending,212.94286
43.0,15.75,descending,214.21999
43.0,16.0,descending,214.43166
43.0,16.25,descending,212.42499
43.0,16.5,descending,214.0957
43.0,16.75,descending,216.78598
43.0,17.0,descending,220.62375
43.0,17.25,descending,225.14333
43.0,17.5,descending,232.06999
43.0,17.75,descending,238.81499
43.0,18.0,descending,247.19331
43.0,18.25,descending,252.11427
43.0,18.5,descending,254.79834
43.0,18.75,descending,258.66833
43.0,19.0,descending,260.38858
43.0,19.25,descending,261.82428
43.0,19.5,descending,263.22284
43.0,19.75,descending,263.935
43.0,20.0,descending,264.15
43.0,20.25,descending,264.06714
43.0,20.5,descending,263.97
43.0,20.75,descending,263.83572
43.0,21.0,descending,263.5414
43.0,21.25,descending,263.50446
43.0,21.5,descending,263.3569
43.0,21.75,descending,263.3487
43.0,22.0,descending,263.3027
43.0,22.25,descending,263.623
43.0,22.5,descending,263.9284
43.0,22.75,descending,264.5447
43.0,23.0,descending,264.35275
43.0,23.25,descending,264.45236
43.0,23.5,descending,264.72894
43.0,23.75,descending,264.8561
43.0,24.0,descending,265.53668
43.0,24.25,descending,265.50687
43.0,24.5,descending,265.8389
43.0,24.75,descending,265.80884
43.0,25.0,descending,266.02777
43.0,25.25,descending,266.1506
43.0,25.5,descending,266.79553
43.0,25.75,descending,267.68167
43.0,26.0,descending,267.9695
43.0,26.25,descending,268.87946
43.0,26.5,descending,267.93808
43.0,26.75,descending,267.97305
43.0,27.0,descending,267.09833
43.0,27.25,descending,267.0008
43.0,27.5,descending,265.37787
43.0,27.75,descending,247.77832
43.0,28.0,descending,227.85834
43.0,28.25,descending,214.97
43.0,28.5,descending,211.92833
43.0,28.75,descending,213.05429
43.0,29.0,descending,213.54285
43.0,29.25,descending,214.46498
43.0,29.5,descending,215.39667
43.0,29.75,descending,216.05801
43.0,30.0,descending,217.705
43.0,30.25,descending,220.99666
43.0,30.5,descending,224.10799
43.0,30.75,descending,225.50856
43.0,31.0,descending,225.39143
43.0,31.25,descending,224.43286
43.0,31.5,descending,224.61333
43.0,31.75,descending,225.85428
43.0,32.0,descending,229.92714
43.0,32.25,descending,233.71333
43.0,32.5,descending,237.43166
43.0,32.75,descending,240.21498
43.0,33.0,descending,240.12749
43.0,33.25,descending,238.91667
43.0,33.5,descending,238.46715
43.0,33.75,descending,238.43599
43.0,34.0,descending,236.98799
43.0,34.25,descending,234.50832
43.0,34.5,descending,232.85428
43.0,34.75,descending,230.19571
43.0,35.0,descending,227.0057
43.0,35.25,descending,225.15833
43.0,35.5,descending,222.78888
43.0,35.75,descending,219.62
43.0,36.0,descending,217.23
43.0,36.25,descending,215.88428
43.0,36.5,descending,215.595
43.0,36.75,descending,215.87
43.0,37.0,descending,216.6257
43.0,37.25,descending,216.5657
43.0,37.5,descending,216.29999
43.0,37.75,descending,215.62
43.0,38.0,descending,215.1175
43.25,-13.0,descending,213.76665
43.25,-12.75,descending,212.5875
43.25,-12.5,descending,212.16286
43.25,-12.25,descending,212.68166
43.25,-12.0,descending,212.95427
43.25,-11.75,descending,211.78572
43.25,-11.5,descending,210.75427
43.25,-11.25,descending,211.0575
43.25,-11.0,descending,212.26332
43.25,-10.75,descending,212.75166
43.25,-10.5,descending,211.765
43.25,-10.25,descending,210.95427
43.25,-10.0,descending,210.99666
43.25,-9.75,descending,211.67
43.25,-9.5,descending,214.922
43.25,-9.25,descending,224.82332
43.25,-9.0,descending,241.84714
43.25,-8.75,descending,251.86333
43.25,-8.5,descending,259.78165
43.25,-8.25,descending,264.73
43.25,-8.0,descending,266.62167
43.25,-7.75,descending,266.62
43.25,-7.5,descending,266.48248
43.25,-7.25,descending,266.53998
43.25,-7.0,descending,266.444
43.25,-6.75,descending,265.415
43.25,-6.5,descending,264.17142
43.25,-6.25,descending,263.34
43.25,-6.0,descending,262.33832
43.25,-5.75,descending,261.73856
43.25,-5.5,descending,261.04572
43.25,-5.25,descending,260.13333
43.25,-5.0,descending,258.7257
43.25,-4.75,descending,257.535
43.25,-4.5,descending,258.158
43.25,-4.25,descending,261.45856
43.25,-4.0,descending,262.52856
43.25,-3.75,descending,263.39334
43.25,-3.5,descending,263.08713
43.25,-3.25,descending,263.23856
43.25,-3.0,descending,263.04166
43.25,-2.75,descending,263.00998
43.25,-2.5,descending,258.72427
43.25,-2.25,descending,257.55142
43.25,-2.0,descending,257.73285
43.25,-1.75,descending,260.95428
43.25,-1.5,descending,264.72626
43.25,-1.25,descending,266.545
43.25,-1.0,descending,265.31625
43.25,-0.75,descending,262.86285
43.25,-0.5,descending,261.1325
43.25,-0.25,descending,261.11713
43.25,0.0,descending,256.741
43.25,0.25,descending,264.51666
43.25,0.5,descending,265.11798
43.25,0.75,descending,265.06
43.25,1.0,descending,265.424
43.25,1.25,descending,265.38818
43.25,1.5,descending,265.24667
43.25,1.75,descending,265.65637
43.25,2.0,descending,266.22308
43.25,2.25,descending,265.94357
43.25,2.5,descending,263.15
43.25,2.75,descending,259.116
43.25,3.0,descending,257.92215
43.25,7.5,descending,222.04637
43.25,7.75,descending,219.95624
43.25,8.0,descending,216.61667
43.25,8.25,descending,213.02385
43.25,8.5,descending,210.54546
43.25,8.75,descending,209.39299
43.25,9.0,descending,209.5
43.25,9.25,descending,210.92899
43.25,9.5,descending,213.42332
43.25,9.75,descending,215.90668
43.25,10.0,descending,217.929
43.25,10.25,descending,222.34874
43.25,10.5,descending,231.03375
43.25,10.75,descending,241.73
43.25,11.0,descending,251.11374
43.25,11.25,descending,256.59283
43.25,11.5,descending,258.72247
43.25,11.75,descending,259.1257
43.25,12.0,descending,259.03625
43.25,12.25,descending,259.27
43.25,12.5,descending,259.93668
43.25,12.75,descending,259.95624
43.25,13.0,descending,258.75143
43.25,13.25,descending,256.00873
43.25,13.5,descending,250.68666
43.25,13.75,descending,241.25
43.25,14.0,descending,226.75856
43.25,14.25,descending,215.21199
43.25,14.5,descending,209.89249
43.25,14.75,descending,209.58998
43.25,15.0,descending,211.75334
43.25,15.25,descending,213.14572
43.25,15.5,descending,213.1614
43.25,15.75,descending,215.19
43.25,16.0,descending,217.39333
43.25,16.25,descending,218.56
43.25,16.5,descending,222.23499
43.25,16.75,descending,226.8
43.25,17.0,descending,232.13599
43.25,17.25,descending,236.67833
43.25,17.5,descending,244.972
43.25,17.75,descending,252.58998
43.25,18.0,descending,256.205
43.25,18.25,descending,258.57666
43.25,18.5,descending,259.36
43.25,18.75,descending,260.31998
43.25,19.0,descending,261.042
43.25,19.25,descending,262.07333
43.25,19.5,descending,262.91284
43.25,19.75,descending,263.19
43.25,20.0,descending,263.33572
43.25,20.25,descending,263.655
43.25,20.5,descending,263.75
43.25,20.75,descending,263.66428
43.25,21.0,descending,263.2614
43.25,21.25,descending,263.025
43.25,21.5,descending,263.04782
43.25,21.75,descending,262.93762
43.25,22.0,descending,262.94345
43.25,22.25,descending,263.02832
43.25,22.5,descending,263.23264
43.25,22.75,descending,263.3639
43.25,23.0,descending,263.51688
43.25,23.25,descending,263.60648
43.25,23.5,descending,263.91437
43.25,23.75,descending,264.27264
43.25,24.0,descending,264.4529
43.25,24.25,descending,264.59875
43.25,24.5,descending,264.51236
43.25,24.75,descending,264.135
43.25,25.0,descending,264.4225
43.25,25.25,descending,264.3947
43.25,25.5,descending,264.88187
43.25,25.75,descending,265.48187
43.25,26.0,descending,266.176
43.25,26.25,descending,266.3715
43.25,26.5,descending,266.59888
43.25,26.75,descending,266.36368
43.25,27.0,descending,267.2075
43.25,27.25,descending,266.3004
43.25,27.5,descending,265.4659
43.25,27.75,descending,261.34644
43.25,28.0,descending,236.42499
43.25,28.25,descending,219.72499
43.25,28.5,descending,211.64143
43.25,28.75,descending,210.61499
43.25,29.0,descending,211.16167
43.25,29.25,descending,212.13599
43.25,29.5,descending,212.2557
43.25,29.75,descending,212.70999
43.25,30.0,descending,214.54399
43.25,30.25,descending,217.236
43.25,30.5,descending,221.02625
43.25,30.75,descending,222.798
43.25,31.0,descending,223.18143
43.25,31.25,descending,223.095
43.25,31.5,descending,221.50856
43.25,31.75,descending,220.07199
43.25,32.0,descending,220.55333
43.25,32.25,descending,222.61287
43.25,32.5,descending,226.908
43.25,32.75,descending,230.90498
43.25,33.0,descending,232.63713
43.25,33.25,descending,234.12
43.25,33.5,descending,236.67857
43.25,33.75,descending,238.26332
43.25,34.0,descending,238.10715
43.25,34.25,descending,235.43999
43.25,34.5,descending,233.70142
43.25,34.75,descending,232.37143
43.25,35.0,descending,231.04857
43.25,35.25,descending,228.82332
43.25,35.5,descending,225.61333
43.25,35.75,descending,221.77141
43.25,36.0,descending,219.3
43.25,36.25,descending,218.31999
43.25,36.5,descending,217.95857
43.25,36.75,descending,218.56285
43.25,37.0,descending,218.70125
43.25,37.25,descending,218.21715
43.25,37.5,descending,217.78
43.25,37.75,descending,216.87874
43.25,38.0,descending,216.604
43.5,-13.0,descending,212.93333
43.5,-12.75,descending,212.59286
43.5,-12.5,descending,212.09125
43.5,-12.25,descending,211.98283
43.5,-12.0,descending,211.9625
43.5,-11.75,descending,211.72166
43.5,-11.5,descending,211.48999
43.5,-11.25,descending,211.71399
43.5,-11.0,descending,213.34749
43.5,-10.75,descending,215.21165
43.5,-10.5,descending,214.33998
43.5,-10.25,descending,212.35428
43.5,-10.0,descending,211.85715
43.5,-9.75,descending,211.98499
43.5,-9.5,descending,213.67142
43.5,-9.25,descending,219.61002
43.5,-9.0,descending,227.65833
43.5,-8.75,descending,237.28166
43.5,-8.5,descending,245.75166
43.5,-8.25,descending,254.81857
43.5,-8.0,descending,261.04285
43.5,-7.75,descending,262.578
43.5,-7.5,descending,262.25287
43.5,-7.25,descending,259.53165
43.5,-7.0,descending,258.6743
43.5,-6.75,descending,257.89664
43.5,-6.5,descending,255.85333
43.5,-6.25,descending,257.99713
43.5,-6.0,descending,258.525
43.5,-5.75,descending,256.91
43.5,-5.5,descending,254.47856
43.5,-5.25,descending,252.355
43.5,-5.0,descending,249.55374
43.5,-4.75,descending,247.13666
43.5,-4.5,descending,247.52856
43.5,-4.25,descending,251.65712
43.5,-4.0,descending,252.52856
43.5,-3.75,descending,251.89429
43.5,-3.5,descending,251.07832
43.5,-3.25,descending,250.46715
43.5,-3.0,descending,252.37856
43.5,-2.75,descending,253.56429
43.5,-2.5,descending,246.28
43.5,-2.25,descending,243.6257
43.5,-2.0,descending,243.17714
43.5,-1.75,descending,249.09874
43.5,-1.5,descending,258.9943
43.5,-1.25,descending,265.85126
43.5,-1.0,descending,267.02
43.5,-0.75,descending,265.01498
43.5,-0.5,descending,263.075
43.5,-0.25,descending,262.80667
43.5,0.0,descending,263.94626
43.5,0.25,descending,265.07498
43.5,0.5,descending,265.3389
43.5,0.75,descending,265.345
43.5,1.0,descending,265.1991
43.5,1.25,descending,264.85898
43.5,1.5,descending,265.0425
43.5,1.75,descending,265.876
43.5,2.0,descending,266.84143
43.5,2.25,descending,267.2357
43.5,2.5,descending,266.0935
43.5,2.75,descending,264.27948
43.5,3.0,descending,264.01883
43.5,3.25,descending,265.07666
43.5,7.5,descending,222.61
43.5,7.75,descending,220.03647
43.5,8.0,descending,215.765
43.5,8.25,descending,212.1977
43.5,8.5,descending,209.72691
43.5,8.75,descending,208.57182
43.5,9.0,descending,208.53545
43.5,9.25,descending,209.35799
43.5,9.5,descending,211.646
43.5,9.75,descending,214.57
43.5,10.0,descending,218.64555
43.5,10.25,descending,225.34874
43.5,10.5,descending,235.57777
43.5,10.75,descending,246.69667
43.5,11.0,descending,255.53445
43.5,11.25,descending,259.81375
43.5,11.5,descending,260.86142
43.5,11.75,descending,260.535
43.5,12.0,descending,259.81714
43.5,12.25,descending,259.7214
43.5,12.5,descending,259.90887
43.5,12.75,descending,259.13202
43.5,13.0,descending,256.67856
43.5,13.25,descending,252.47
43.5,13.5,descending,245.17285
43.5,13.75,descending,231.455
43.5,14.0,descending,219.44666
43.5,14.25,descending,211.75284
43.5,14.5,descending,208.97856
43.5,14.75,descending,210.314
43.5,15.0,descending,213.68874
43.5,15.25,descending,215.852
43.5,15.5,descending,215.66167
43.5,15.75,descending,217.76666
43.5,16.0,descending,223.69571
43.5,16.25,descending,227.90999
43.5,16.5,descending,233.7057
43.5,16.75,descending,239.06198
43.5,17.0,descending,241.44998
43.5,17.25,descending,248.86833
43.5,17.5,descending,253.9
43.5,17.75,descending,258.5
43.5,18.0,descending,259.57144
43.5,18.25,descending,259.892
43.5,18.5,descending,260.40286
43.5,18.75,descending,261.44284
43.5,19.0,descending,261.965
43.5,19.25,descending,262.456
43.5,19.5,descending,262.9714
43.5,19.75,descending,262.87427
43.5,20.0,descending,262.89713
43.5,20.25,descending,263.26498
43.5,20.5,descending,263.4757
43.5,20.75,descending,263.30142
43.5,21.0,descending,262.7314
43.5,21.25,descending,262.45285
43.5,21.5,descending,262.64285
43.5,21.75,descending,262.68997
43.5,22.0,descending,262.80093
43.5,22.25,descending,262.90903
43.5,22.5,descending,262.8979
43.5,22.75,descending,262.63525
43.5,23.0,descending,262.16
43.5,23.25,descending,262.325
43.5,23.5,descending,262.27502
43.5,23.75,descending,262.38235
43.5,24.0,descending,263.0361
43.5,24.25,descending,263.01938
43.5,24.5,descending,262.9075
43.5,24.75,descending,262.4441
43.5,25.0,descending,262.76944
43.5,25.25,descending,262.56998
43.5,25.5,descending,263.05896
43.5,25.75,descending,263.52234
43.5,26.0,descending,263.62332
43.5,26.25,descending,264.40945
43.5,26.5,descending,264.1181
43.5,26.75,descending,264.64398
43.5,27.0,descending,264.9718
43.5,27.25,descending,265.2926
43.5,27.5,descending,265.0914
43.5,27.75,descending,264.37833
43.5,28.0,descending,251.90428
43.5,28.25,descending,233.97166
43.5,28.5,descending,220.57143
43.5,28.75,descending,212.27167
43.5,29.0,descending,209.28142
43.5,29.25,descending,209.83142
43.5,29.5,descending,210.26428
43.5,29.75,descending,210.68166
43.5,30.0,descending,211.77667
43.5,30.25,descending,214.40125
43.5,30.5,descending,217.21399
43.5,30.75,descending,218.77286
43.5,31.0,descending,219.126
43.5,31.25,descending,219.8657
43.5,31.5,descending,218.79428
43.5,31.75,descending,217.38284
43.5,32.0,descending,216.748
43.5,32.25,descending,216.51332
43.5,32.5,descending,218.72427
43.5,32.75,descending,221.20667
43.5,33.0,descending,222.795
43.5,33.25,descending,224.69998
43.5,33.5,descending,228.93999
43.5,33.75,descending,232.15141
43.5,34.0,descending,232.74142
43.5,34.25,descending,231.26833
43.5,34.5,descending,230.55856
43.5,34.75,descending,231.34999
43.5,35.0,descending,232.30429
43.5,35.25,descending,231.30333
43.5,35.5,descending,228.33142
43.5,35.75,descending,226.00856
43.5,36.0,descending,224.53285
43.5,36.25,descending,224.0457
43.5,36.5,descending,223.07286
43.5,36.75,descending,223.01125
43.5,37.0,descending,222.0457
43.5,37.25,descending,221.76
43.5,37.5,descending,220.77333
43.5,37.75,descending,220.0
43.5,38.0,descending,220.09
43.75,-13.0,descending,211.58
43.75,-12.75,descending,211.68001
43.75,-12.5,descending,211.65714
43.75,-12.25,descending,211.42142
43.75,-12.0,descending,211.44331
43.75,-11.75,descending,211.30374
43.75,-11.5,descending,211.45166
43.75,-11.25,descending,212.3
43.75,-11.0,descending,213.255
43.75,-10.75,descending,214.75856
43.75,-10.5,descending,215.54
43.75,-10.25,descending,214.58167
43.75,-10.0,descending,213.42
43.75,-9.75,descending,213.16199
43.75,-9.5,descending,213.03714
43.75,-9.25,descending,214.85832
43.75,-9.0,descending,218.46286
43.75,-8.75,descending,222.38832
43.75,-8.5,descending,228.96715
43.75,-8.25,descending,239.59999
43.75,-8.0,descending,247.324
43.75,-7.75,descending,252.15666
43.75,-7.5,descending,249.02856
43.75,-7.25,descending,245.14333
43.75,-7.0,descending,242.98999
43.75,-6.75,descending,242.125
43.75,-6.5,descending,242.44499
43.75,-6.25,descending,240.39166
43.75,-6.0,descending,243.89749
43.75,-5.75,descending,246.392
43.75,-5.5,descending,242.82199
43.75,-5.25,descending,239.22571
43.75,-5.0,descending,234.80713
43.75,-4.75,descending,232.63284
43.75,-4.5,descending,233.62834
43.75,-4.25,descending,236.75429
43.75,-4.0,descending,237.79857
43.75,-3.75,descending,237.11142
43.75,-3.5,descending,235.63666
43.75,-3.25,descending,235.07143
43.75,-3.0,descending,239.14667
43.75,-2.75,descending,240.39
43.75,-2.5,descending,234.74142
43.75,-2.25,descending,231.51999
43.75,-2.0,descending,230.26143
43.75,-1.75,descending,237.265
43.75,-1.5,descending,251.98999
43.75,-1.25,descending,264.58713
43.75,-1.0,descending,268.47284
43.75,-0.75,descending,267.10858
43.75,-0.5,descending,264.99374
43.75,-0.25,descending,264.06143
43.75,0.0,descending,253.6609
43.75,0.25,descending,265.21625
43.75,0.5,descending,265.399
43.75,0.75,descending,265.42374
43.75,1.0,descending,265.13998
43.75,1.25,descending,264.88898
43.75,1.5,descending,265.5575
43.75,1.75,descending,266.521
43.75,2.0,descending,267.32416
43.75,2.25,descending,267.7454
43.75,2.5,descending,267.5031
43.75,2.75,descending,267.19687
43.75,3.0,descending,267.1365
43.75,3.25,descending,267.03265
43.75,7.5,descending,228.394
43.75,7.75,descending,227.63293
43.75,8.0,descending,220.57
43.75,8.25,descending,214.29538
43.75,8.5,descending,210.15384
43.75,8.75,descending,208.33916
43.75,9.0,descending,208.0
43.75,9.25,descending,208.47556
43.75,9.5,descending,209.8018
43.75,9.75,descending,212.60374
43.75,10.0,descending,217.95332
43.75,10.25,descending,227.18
43.75,10.5,descending,239.7711
43.75,10.75,descending,250.51
43.75,11.0,descending,256.71143
43.75,11.25,descending,260.13126
43.75,11.5,descending,261.25873
43.75,11.75,descending,260.69833
43.75,12.0,descending,259.51498
43.75,12.25,descending,258.56284
43.75,12.5,descending,257.04666
43.75,12.75,descending,254.21375
43.75,13.0,descending,247.87856
43.75,13.25,descending,242.29999
43.75,13.5,descending,232.59856
43.75,13.75,descending,224.45833
43.75,14.0,descending,215.53125
43.75,14.25,descending,210.22499
43.75,14.5,descending,209.23999
43.75,14.75,descending,211.09
43.75,15.0,descending,216.66856
43.75,15.25,descending,222.00334
43.75,15.5,descending,223.02
43.75,15.75,descending,226.63
43.75,16.0,descending,235.42142
43.75,16.25,descending,241.875
43.75,16.5,descending,245.814
43.75,16.75,descending,247.67857
43.75,17.0,descending,250.96667
43.75,17.25,descending,253.49834
43.75,17.5,descending,256.96664
43.75,17.75,descending,258.958
43.75,18.0,descending,260.11832
43.75,18.25,descending,260.2143
43.75,18.5,descending,261.148
43.75,18.75,descending,262.62167
43.75,19.0,descending,263.28857
43.75,19.25,descending,263.525
43.75,19.5,descending,263.348
43.75,19.75,descending,262.78198
43.75,20.0,descending,262.504
43.75,20.25,descending,262.53427
43.75,20.5,descending,262.44427
43.75,20.75,descending,262.31165
43.75,21.0,descending,262.028
43.75,21.25,descending,261.84833
43.75,21.5,descending,262.25
43.75,21.75,descending,262.36273
43.75,22.0,descending,262.4909
43.75,22.25,descending,262.5395
43.75,22.5,descending,262.40222
43.75,22.75,descending,261.74124
43.75,23.0,descending,261.14352
43.75,23.25,descending,260.73822
43.75,23.5,descending,260.8594
43.75,23.75,descending,261.69998
43.75,24.0,descending,261.47562
43.75,24.25,descending,261.425
43.75,24.5,descending,261.6506
43.75,24.75,descending,261.82355
43.75,25.0,descending,261.48813
43.75,25.25,descending,261.0194
43.75,25.5,descending,261.03876
43.75,25.75,descending,261.13666
43.75,26.0,descending,261.6911
43.75,26.25,descending,262.13943
43.75,26.5,descending,262.365
43.75,26.75,descending,263.1294
43.75,27.0,descending,263.7916
43.75,27.25,descending,264.43713
43.75,27.5,descending,264.1939
43.75,27.75,descending,264.8052
43.75,28.0,descending,262.1175
43.75,28.25,descending,246.04713
43.75,28.5,descending,232.015
43.75,28.75,descending,216.04665
43.75,29.0,descending,209.10715
43.75,29.25,descending,208.06999
43.75,29.5,descending,208.95801
43.75,29.75,descending,209.70332
43.75,30.0,descending,210.8657
43.75,30.25,descending,212.452
43.75,30.5,descending,214.15857
43.75,30.75,descending,215.344
43.75,31.0,descending,216.03572
43.75,31.25,descending,215.94331
43.75,31.5,descending,216.16167
43.75,31.75,descending,216.015
43.75,32.0,descending,215.74857
43.75,32.25,descending,215.46399
43.75,32.5,descending,215.77284
43.75,32.75,descending,216.72285
43.75,33.0,descending,217.90999
43.75,33.25,descending,219.2475
43.75,33.5,descending,221.48143
43.75,33.75,descending,224.13428
43.75,34.0,descending,224.77
43.75,34.25,descending,224.20166
43.75,34.5,descending,224.39429
43.75,34.75,descending,225.73428
43.75,35.0,descending,227.49428
43.75,35.25,descending,228.52666
43.75,35.5,descending,227.894
43.75,35.75,descending,228.4343
43.75,36.0,descending,229.40714
43.75,36.25,descending,229.71143
43.75,36.5,descending,228.26285
43.75,36.75,descending,226.86143
43.75,37.0,descending,225.52141
43.75,37.25,descending,225.50856
43.75,37.5,descending,224.85428
43.75,37.75,descending,224.56285
43.75,38.0,descending,224.92332
44.0,-13.0,descending,211.34749
44.0,-12.75,descending,211.7125
44.0,-12.5,descending,212.08427
44.0,-12.25,descending,211.91856
44.0,-12.0,descending,211.43666
44.0,-11.75,descending,211.504
44.0,-11.5,descending,211.5457
44.0,-11.25,descending,212.04167
44.0,-11.0,descending,212.56999
44.0,-10.75,descending,212.95833
44.0,-10.5,descending,213.98143
44.0,-10.25,descending,215.09334
44.0,-10.0,descending,215.36714
44.0,-9.75,descending,214.1857
44.0,-9.5,descending,213.19
44.0,-9.25,descending,213.97714
44.0,-9.0,descending,215.12666
44.0,-8.75,descending,216.41667
44.0,-8.5,descending,220.205
44.0,-8.25,descending,224.77332
44.0,-8.0,descending,231.48428
44.0,-7.75,descending,235.11665
44.0,-7.5,descending,233.44167
44.0,-7.25,descending,229.93666
44.0,-7.0,descending,231.17165
44.0,-6.75,descending,227.81857
44.0,-6.5,descending,227.37857
44.0,-6.25,descending,226.93599
44.0,-6.0,descending,228.24142
44.0,-5.75,descending,232.19165
44.0,-5.5,descending,234.065
44.0,-5.25,descending,231.012
44.0,-5.0,descending,227.03429
44.0,-4.75,descending,225.2557
44.0,-4.5,descending,224.5
44.0,-4.25,descending,225.59427
44.0,-4.0,descending,227.10143
44.0,-3.75,descending,228.49142
44.0,-3.5,descending,228.51285
44.0,-3.25,descending,227.71832
44.0,-3.0,descending,229.5957
44.0,-2.75,descending,230.40141
44.0,-2.5,descending,228.52428
44.0,-2.25,descending,226.81142
44.0,-2.0,descending,225.2057
44.0,-1.75,descending,229.23
44.0,-1.5,descending,244.21999
44.0,-1.25,descending,262.3922
44.0,-1.0,descending,269.74857
44.0,-0.75,descending,269.5175
44.0,-0.5,descending,267.7675
44.0,-0.25,descending,266.1625
44.0,0.0,descending,259.871
44.0,0.25,descending,265.7511
44.0,0.5,descending,265.60873
44.0,0.75,descending,265.7511
44.0,1.0,descending,265.69223
44.0,1.25,descending,265.995
44.0,1.5,descending,266.76544
44.0,1.75,descending,267.328
44.0,2.0,descending,267.4975
44.0,2.25,descending,267.47308
44.0,2.5,descending,267.23572
44.0,2.75,descending,267.29938
44.0,3.0,descending,267.65842
44.0,3.25,descending,267.96542
44.0,3.5,descending,268.13998
44.0,7.5,descending,242.22
44.0,7.75,descending,246.21945
44.0,8.0,descending,240.73882
44.0,8.25,descending,230.31213
44.0,8.5,descending,218.76082
44.0,8.75,descending,212.12726
44.0,9.0,descending,209.94362
44.0,9.25,descending,210.873
44.0,9.5,descending,213.693
44.0,9.75,descending,216.73
44.0,10.0,descending,223.35666
44.0,10.25,descending,232.84
44.0,10.5,descending,243.5725
44.0,10.75,descending,252.23
44.0,11.0,descending,257.16714
44.0,11.25,descending,259.21713
44.0,11.5,descending,260.0975
44.0,11.75,descending,259.58664
44.0,12.0,descending,257.66333
44.0,12.25,descending,253.35374
44.0,12.5,descending,249.38142
44.0,12.75,descending,241.61143
44.0,13.0,descending,235.51833
44.0,13.25,descending,226.70714
44.0,13.5,descending,220.88625
44.0,13.75,descending,216.09714
44.0,14.0,descending,212.34999
44.0,14.25,descending,210.39333
44.0,14.5,descending,211.31285
44.0,14.75,descending,215.30286
44.0,15.0,descending,221.896
44.0,15.25,descending,229.69142
44.0,15.5,descending,236.21571
44.0,15.75,descending,241.84285
44.0,16.0,descending,248.87834
44.0,16.25,descending,252.47833
44.0,16.5,descending,253.6857
44.0,16.75,descending,255.09286
44.0,17.0,descending,255.53142
44.0,17.25,descending,256.605
44.0,17.5,descending,258.18832
44.0,17.75,descending,259.78287
44.0,18.0,descending,260.8343
44.0,18.25,descending,261.545
44.0,18.5,descending,262.29
44.0,18.75,descending,263.13397
44.0,19.0,descending,263.86142
44.0,19.25,descending,263.8943
44.0,19.5,descending,263.31143
44.0,19.75,descending,262.585
44.0,20.0,descending,262.19333
44.0,20.25,descending,261.84
44.0,20.5,descending,261.522
44.0,20.75,descending,261.435
44.0,21.0,descending,261.29834
44.0,21.25,descending,261.18427
44.0,21.5,descending,261.79532
44.0,21.75,descending,261.76666
44.0,22.0,descending,261.70407
44.0,22.25,descending,261.5759
44.0,22.5,descending,261.26526
44.0,22.75,descending,260.4358
44.0,23.0,descending,259.96722
44.0,23.25,descending,260.025
44.0,23.5,descending,260.28705
44.0,23.75,descending,260.73706
44.0,24.0,descending,260.76175
44.0,24.25,descending,260.83722
44.0,24.5,descending,260.53177
44.0,24.75,descending,260.36002
44.0,25.0,descending,260.56293
44.0,25.25,descending,259.905
44.0,25.5,descending,259.92886
44.0,25.75,descending,259.59265
44.0,26.0,descending,259.87524
44.0,26.25,descending,260.2094
44.0,26.5,descending,261.25897
44.0,26.75,descending,261.01553
44.0,27.0,descending,262.37952
44.0,27.25,descending,262.6182
44.0,27.5,descending,264.0526
44.0,27.75,descending,264.22922
44.0,28.0,descending,264.09592
44.0,28.25,descending,257.69
44.0,28.5,descending,240.68166
44.0,28.75,descending,222.54141
44.0,29.0,descending,210.705
44.0,29.25,descending,207.50166
44.0,29.5,descending,208.245
44.0,29.75,descending,209.35999
44.0,30.0,descending,210.41
44.0,30.25,descending,211.48
44.0,30.5,descending,212.37166
44.0,30.75,descending,212.92332
44.0,31.0,descending,213.02856
44.0,31.25,descending,213.52667
44.0,31.5,descending,214.0743
44.0,31.75,descending,215.18799
44.0,32.0,descending,215.93141
44.0,32.25,descending,216.05856
44.0,32.5,descending,216.252
44.0,32.75,descending,216.65
44.0,33.0,descending,216.94571
44.0,33.25,descending,217.73167
44.0,33.5,descending,218.85
44.0,33.75,descending,220.154
44.0,34.0,descending,219.84143
44.0,34.25,descending,219.0
44.0,34.5,descending,219.15141
44.0,34.75,descending,219.85286
44.0,35.0,descending,221.15572
44.0,35.25,descending,223.515
44.0,35.5,descending,223.99333
44.0,35.75,descending,225.81429
44.0,36.0,descending,228.66429
44.0,36.25,descending,229.58286
44.0,36.5,descending,228.68857
44.0,36.75,descending,226.11287
44.0,37.0,descending,226.11
44.0,37.25,descending,225.81125
44.0,37.5,descending,226.26714
44.0,37.75,descending,227.03749
44.0,38.0,descending,228.2625
44.25,-13.0,descending,212.185
44.25,-12.75,descending,212.48499
44.25,-12.5,descending,213.03429
44.25,-12.25,descending,213.045
44.25,-12.0,descending,212.37857
44.25,-11.75,descending,211.6657
44.25,-11.5,descending,211.61499
44.25,-11.25,descending,211.87166
44.25,-11.0,descending,211.72374
44.25,-10.75,descending,211.17142
44.25,-10.5,descending,211.53142
44.25,-10.25,descending,212.815
44.25,-10.0,descending,214.22833
44.25,-9.75,descending,214.52998
44.25,-9.5,descending,213.31667
44.25,-9.25,descending,213.24284
44.25,-9.0,descending,214.645
44.25,-8.75,descending,215.33598
44.25,-8.5,descending,217.04
44.25,-8.25,descending,219.08333
44.25,-8.0,descending,221.015
44.25,-7.75,descending,223.71167
44.25,-7.5,descending,223.41833
44.25,-7.25,descending,221.70601
44.25,-7.0,descending,221.06857
44.25,-6.75,descending,220.382
44.25,-6.5,descending,219.00856
44.25,-6.25,descending,220.245
44.25,-6.0,descending,221.1575
44.25,-5.75,descending,223.0957
44.25,-5.5,descending,225.67285
44.25,-5.25,descending,226.49666
44.25,-5.0,descending,225.09799
44.25,-4.75,descending,224.73
44.25,-4.5,descending,223.38284
44.25,-4.25,descending,221.33833
44.25,-4.0,descending,221.24142
44.25,-3.75,descending,224.16286
44.25,-3.5,descending,227.87999
44.25,-3.25,descending,228.8425
44.25,-3.0,descending,227.32713
44.25,-2.75,descending,225.65857
44.25,-2.5,descending,225.32286
44.25,-2.25,descending,225.22166
44.25,-2.0,descending,223.82715
44.25,-1.75,descending,225.05
44.25,-1.5,descending,239.38857
44.25,-1.25,descending,258.26572
44.25,-1.0,descending,269.4857
44.25,-0.75,descending,271.2657
44.25,-0.5,descending,269.79
44.25,-0.25,descending,268.01624
44.25,0.0,descending,260.526
44.25,0.25,descending,265.73285
44.25,0.5,descending,265.79553
44.25,0.75,descending,266.39124
44.25,1.0,descending,266.80402
44.25,1.25,descending,267.49875
44.25,1.5,descending,268.16556
44.25,1.75,descending,268.1678
44.25,2.0,descending,267.70166
44.25,2.25,descending,267.06583
44.25,2.5,descending,266.65332
44.25,2.75,descending,266.85077
44.25,3.0,descending,267.37625
44.25,3.25,descending,267.76315
44.25,3.5,descending,267.8435
44.25,7.75,descending,254.87265
44.25,8.0,descending,254.20563
44.25,8.25,descending,249.4114
44.25,8.5,descending,237.9277
44.25,8.75,descending,227.37544
44.25,9.0,descending,221.17749
44.25,9.25,descending,223.621
44.25,9.5,descending,226.92099
44.25,9.75,descending,232.71332
44.25,10.0,descending,239.20111
44.25,10.25,descending,243.62875
44.25,10.5,descending,247.28
44.25,10.75,descending,251.32124
44.25,11.0,descending,254.47
44.25,11.25,descending,256.5625
44.25,11.5,descending,257.8
44.25,11.75,descending,257.43857
44.25,12.0,descending,254.41875
44.25,12.25,descending,247.106
44.25,12.5,descending,237.59999
44.25,12.75,descending,227.84166
44.25,13.0,descending,221.18666
44.25,13.25,descending,215.92801
44.25,13.5,descending,214.69832
44.25,13.75,descending,214.84166
44.25,14.0,descending,214.10428
44.25,14.25,descending,214.02666
44.25,14.5,descending,216.18713
44.25,14.75,descending,220.408
44.25,15.0,descending,227.05998
44.25,15.25,descending,238.63713
44.25,15.5,descending,247.84833
44.25,15.75,descending,253.04599
44.25,16.0,descending,255.67168
44.25,16.25,descending,258.56833
44.25,16.5,descending,258.83286
44.25,16.75,descending,258.504
44.25,17.0,descending,258.21335
44.25,17.25,descending,259.09164
44.25,17.5,descending,260.02335
44.25,17.75,descending,260.944
44.25,18.0,descending,261.84427
44.25,18.25,descending,262.63
44.25,18.5,descending,263.27426
44.25,18.75,descending,263.68332
44.25,19.0,descending,263.728
44.25,19.25,descending,263.49167
44.25,19.5,descending,262.90857
44.25,19.75,descending,262.20334
44.25,20.0,descending,261.79428
44.25,20.25,descending,261.58286
44.25,20.5,descending,261.37143
44.25,20.75,descending,261.13834
44.25,21.0,descending,260.82
44.25,21.25,descending,260.7443
44.25,21.5,descending,261.7383
44.25,21.75,descending,261.95273
44.25,22.0,descending,261.62683
44.25,22.25,descending,261.02158
44.25,22.5,descending,260.302
44.25,22.75,descending,259.6611
44.25,23.0,descending,259.44498
44.25,23.25,descending,259.74667
44.25,23.5,descending,260.1221
44.25,23.75,descending,259.99466
44.25,24.0,descending,260.21185
44.25,24.25,descending,260.145
44.25,24.5,descending,260.032
44.25,24.75,descending,260.43063
44.25,25.0,descending,260.2181
44.25,25.25,descending,260.0533
44.25,25.5,descending,259.94116
44.25,25.75,descending,258.90176
44.25,26.0,descending,258.84
44.25,26.25,descending,259.04587
44.25,26.5,descending,259.58054
44.25,26.75,descending,260.0581
44.25,27.0,descending,260.66156
44.25,27.25,descending,261.77316
44.25,27.5,descending,262.36856
44.25,27.75,descending,262.96207
44.25,28.0,descending,264.61462
44.25,28.25,descending,262.7319
44.25,28.5,descending,243.23373
44.25,28.75,descending,224.89667
44.25,29.0,descending,211.295
44.25,29.25,descending,207.63165
44.25,29.5,descending,207.94
44.25,29.75,descending,208.97333
44.25,30.0,descending,209.92165
44.25,30.25,descending,210.53833
44.25,30.5,descending,210.65428
44.25,30.75,descending,210.71834
44.25,31.0,descending,210.96199
44.25,31.25,descending,211.73833
44.25,31.5,descending,212.95
44.25,31.75,descending,214.54001
44.25,32.0,descending,216.18198
44.25,32.25,descending,216.78333
44.25,32.5,descending,216.81831
44.25,32.75,descending,217.255
44.25,33.0,descending,217.74284
44.25,33.25,descending,219.01285
44.25,33.5,descending,221.68713
44.25,33.75,descending,222.29832
44.25,34.0,descending,221.39
44.25,34.25,descending,218.422
44.25,34.5,descending,216.87
44.25,34.75,descending,216.86499
44.25,35.0,descending,217.62
44.25,35.25,descending,218.68285
44.25,35.5,descending,219.04167
44.25,35.75,descending,220.65
44.25,36.0,descending,223.25427
44.25,36.25,descending,223.84
44.25,36.5,descending,223.43857
44.25,36.75,descending,221.15999
44.25,37.0,descending,221.98
44.25,37.25,descending,221.63666
44.25,37.5,descending,223.735
44.25,37.75,descending,226.41167
44.25,38.0,descending,229.728
44.5,-13.0,descending,213.01666
44.5,-12.75,descending,213.58124
44.5,-12.5,descending,214.08714
44.5,-12.25,descending,213.95111
44.5,-12.0,descending,213.28166
44.5,-11.75,descending,212.25285
44.5,-11.5,descending,211.24333
44.5,-11.25,descending,211.16713
44.5,-11.0,descending,211.49428
44.5,-10.75,descending,211.21799
44.5,-10.5,descending,210.56857
44.5,-10.25,descending,210.69331
44.5,-10.0,descending,211.65498
44.5,-9.75,descending,212.78572
44.5,-9.5,descending,212.74284
44.5,-9.25,descending,212.71667
44.5,-9.0,descending,213.52498
44.5,-8.75,descending,214.35857
44.5,-8.5,descending,214.87999
44.5,-8.25,descending,215.69286
44.5,-8.0,descending,216.61168
44.5,-7.75,descending,218.415
44.5,-7.5,descending,219.3457
44.5,-7.25,descending,217.38571
44.5,-7.0,descending,216.50667
44.5,-6.75,descending,216.28572
44.5,-6.5,descending,215.26
44.5,-6.25,descending,215.10667
44.5,-6.0,descending,217.07857
44.5,-5.75,descending,218.726
44.5,-5.5,descending,220.90714
44.5,-5.25,descending,221.86
44.5,-5.0,descending,222.605
44.5,-4.75,descending,225.24715
44.5,-4.5,descending,226.478
44.5,-4.25,descending,223.028
44.5,-4.0,descending,219.66249
44.5,-3.75,descending,221.225
44.5,-3.5,descending,227.42665
44.5,-3.25,descending,231.07666
44.5,-3.0,descending,230.33714
44.5,-2.75,descending,226.74284
44.5,-2.5,descending,225.41856
44.5,-2.25,descending,224.67665
44.5,-2.0,descending,223.12857
44.5,-1.75,descending,223.72427
44.5,-1.5,descending,234.4975
44.5,-1.25,descending,254.76283
44.5,-1.0,descending,267.695
44.5,-0.75,descending,270.88873
44.5,-0.5,descending,269.70874
44.5,-0.25,descending,267.84283
44.5,0.0,descending,259.33557
44.5,0.25,descending,265.34573
44.5,0.5,descending,265.97778
44.5,0.75,descending,267.08
44.5,1.0,descending,268.02667
44.5,1.25,descending,268.714
44.5,1.5,descending,269.06097
44.5,1.75,descending,268.669
44.5,2.0,descending,267.84833
44.5,2.25,descending,267.05273
44.5,2.5,descending,266.60153
44.5,2.75,descending,266.37732
44.5,3.0,descending,266.63397
44.5,3.25,descending,267.01315
44.5,3.5,descending,267.19498
44.5,3.75,descending,267.03833
44.5,7.75,descending,258.7775
44.5,8.0,descending,259.3712
44.5,8.25,descending,259.61786
44.5,8.5,descending,256.42767
44.5,8.75,descending,250.02832
44.5,9.0,descending,245.40454
44.5,9.25,descending,245.45798
44.5,9.5,descending,245.62636
44.5,9.75,descending,249.09665
44.5,10.0,descending,251.77556
44.5,10.25,descending,253.49374
44.5,10.5,descending,253.10898
44.5,10.75,descending,252.5575
44.5,11.0,descending,252.86444
44.5,11.25,descending,254.01999
44.5,11.5,descending,255.51443
44.5,11.75,descending,255.46143
44.5,12.0,descending,251.51749
44.5,12.25,descending,241.01625
44.5,12.5,descending,228.44714
44.5,12.75,descending,218.18999
44.5,13.0,descending,211.90666
44.5,13.25,descending,210.18571
44.5,13.5,descending,211.15999
44.5,13.75,descending,214.96855
44.5,14.0,descending,217.87
44.5,14.25,descending,219.87831
44.5,14.5,descending,222.24165
44.5,14.75,descending,228.0743
44.5,15.0,descending,237.58571
44.5,15.25,descending,246.144
44.5,15.5,descending,252.07332
44.5,15.75,descending,257.14832
44.5,16.0,descending,259.52
44.5,16.25,descending,260.57166
44.5,16.5,descending,260.60165
44.5,16.75,descending,260.33832
44.5,17.0,descending,260.2983
44.5,17.25,descending,260.70334
44.5,17.5,descending,261.4714
44.5,17.75,descending,261.66666
44.5,18.0,descending,262.24832
44.5,18.25,descending,262.76855
44.5,18.5,descending,263.104
44.5,18.75,descending,263.0657
44.5,19.0,descending,262.75714
44.5,19.25,descending,262.58002
44.5,19.5,descending,261.93497
44.5,19.75,descending,261.4943
44.5,20.0,descending,261.22284
44.5,20.25,descending,261.39832
44.5,20.5,descending,261.5757
44.5,20.75,descending,261.3643
44.5,21.0,descending,260.915
44.5,21.25,descending,260.74857
44.5,21.5,descending,261.51874
44.5,21.75,descending,262.12564
44.5,22.0,descending,261.8577
44.5,22.25,descending,261.14572
44.5,22.5,descending,260.136
44.5,22.75,descending,259.6322
44.5,23.0,descending,259.7258
44.5,23.25,descending,260.06668
44.5,23.5,descending,260.34167
44.5,23.75,descending,260.33292
44.5,24.0,descending,260.0188
44.5,24.25,descending,259.69
44.5,24.5,descending,260.4311
44.5,24.75,descending,260.81186
44.5,25.0,descending,260.65833
44.5,25.25,descending,260.16187
44.5,25.5,descending,259.0753
44.5,25.75,descending,259.422
44.5,26.0,descending,258.49387
44.5,26.25,descending,258.132
44.5,26.5,descending,259.04553
44.5,26.75,descending,259.15823
44.5,27.0,descending,259.60602
44.5,27.25,descending,261.01526
44.5,27.5,descending,261.17285
44.5,27.75,descending,263.04477
44.5,28.0,descending,263.41693
44.5,28.25,descending,263.77032
44.5,28.5,descending,255.94916
44.5,28.75,descending,234.396
44.5,29.0,descending,216.745
44.5,29.25,descending,209.88666
44.5,29.5,descending,208.39333
44.5,29.75,descending,208.81166
44.5,30.0,descending,209.278
44.5,30.25,descending,209.37143
44.5,30.5,descending,209.09833
44.5,30.75,descending,209.02
44.5,31.0,descending,209.36833
44.5,31.25,descending,210.27501
44.5,31.5,descending,211.60715
44.5,31.75,descending,213.31667
44.5,32.0,descending,215.32858
44.5,32.25,descending,216.62
44.5,32.5,descending,217.00429
44.5,32.75,descending,217.65332
44.5,33.0,descending,218.642
44.5,33.25,descending,222.35143
44.5,33.5,descending,230.63142
44.5,33.75,descending,235.02666
44.5,34.0,descending,231.62856
44.5,34.25,descending,225.22285
44.5,34.5,descending,219.51
44.5,34.75,descending,216.95166
44.5,35.0,descending,216.69429
44.5,35.25,descending,216.34286
44.5,35.5,descending,216.19499
44.5,35.75,descending,217.25572
44.5,36.0,descending,218.75143
44.5,36.25,descending,218.64429
44.5,36.5,descending,218.00716
44.5,36.75,descending,216.78166
44.5,37.0,descending,217.36624
44.5,37.25,descending,219.60857
44.5,37.5,descending,224.01999
44.5,37.75,descending,230.45874
44.5,38.0,descending,237.28
44.75,-13.0,descending,214.52667
44.75,-12.75,descending,214.58714
44.75,-12.5,descending,214.77713
44.75,-12.25,descending,214.83
44.75,-12.0,descending,213.97144
44.75,-11.75,descending,213.41142
44.75,-11.5,descending,212.38625
44.75,-11.25,descending,212.10167
44.75,-11.0,descending,212.23
44.75,-10.75,descending,212.64714
44.75,-10.5,descending,212.26714
44.75,-10.25,descending,210.98999
44.75,-10.0,descending,210.685
44.75,-9.75,descending,211.174
44.75,-9.5,descending,211.56665
44.75,-9.25,descending,211.642
44.75,-9.0,descending,212.15141
44.75,-8.75,descending,212.66167
44.75,-8.5,descending,212.76332
44.75,-8.25,descending,213.408
44.75,-8.0,descending,214.08
44.75,-7.75,descending,215.67665
44.75,-7.5,descending,217.05165
44.75,-7.25,descending,216.40166
44.75,-7.0,descending,215.67833
44.75,-6.75,descending,215.11198
44.75,-6.5,descending,214.58667
44.75,-6.25,descending,214.176
44.75,-6.0,descending,214.97571
44.75,-5.75,descending,216.55333
44.75,-5.5,descending,218.45601
44.75,-5.25,descending,219.33333
44.75,-5.0,descending,219.19142
44.75,-4.75,descending,222.88335
44.75,-4.5,descending,227.50285
44.75,-4.25,descending,226.26572
44.75,-4.0,descending,220.92168
44.75,-3.75,descending,219.24428
44.75,-3.5,descending,223.50285
44.75,-3.25,descending,229.03667
44.75,-3.0,descending,231.08858
44.75,-2.75,descending,229.19142
44.75,-2.5,descending,227.04
44.75,-2.25,descending,225.59332
44.75,-2.0,descending,223.97714
44.75,-1.75,descending,224.91286
44.75,-1.5,descending,235.80333
44.75,-1.25,descending,252.43166
44.75,-1.0,descending,266.50714
44.75,-0.75,descending,268.59
44.75,-0.5,descending,267.48373
44.75,-0.25,descending,266.355
44.75,0.0,descending,259.241
44.75,0.25,descending,265.09625
44.75,0.5,descending,266.09113
44.75,0.75,descending,267.50125
44.75,1.0,descending,268.59888
44.75,1.25,descending,269.2375
44.75,1.5,descending,269.261
44.75,1.75,descending,268.78098
44.75,2.0,descending,267.94635
44.75,2.25,descending,267.006
44.75,2.5,descending,265.93817
44.75,2.75,descending,265.23
44.75,3.0,descending,265.59
44.75,3.25,descending,266.4725
44.75,3.5,descending,266.76315
44.75,3.75,descending,266.61096
44.75,7.75,descending,261.715
44.75,8.0,descending,261.8
44.75,8.25,descending,262.26846
44.75,8.5,descending,262.32928
44.75,8.75,descending,261.49908
44.75,9.0,descending,260.03818
44.75,9.25,descending,258.865
44.75,9.5,descending,257.956
44.75,9.75,descending,257.0133
44.75,10.0,descending,256.955
44.75,10.25,descending,256.825
44.75,10.5,descending,256.31223
44.75,10.75,descending,255.22874
44.75,11.0,descending,254.5743
44.75,11.25,descending,255.02144
44.75,11.5,descending,255.8157
44.75,11.75,descending,255.58124
44.75,12.0,descending,250.71332
44.75,12.25,descending,239.91428
44.75,12.5,descending,223.82715
44.75,12.75,descending,212.9557
44.75,13.0,descending,208.75713
44.75,13.25,descending,208.23427
44.75,13.5,descending,211.038
44.75,13.75,descending,215.36165
44.75,14.0,descending,219.73167
44.75,14.25,descending,222.93834
44.75,14.5,descending,227.0325
44.75,14.75,descending,233.60834
44.75,15.0,descending,242.828
44.75,15.25,descending,250.76666
44.75,15.5,descending,256.23428
44.75,15.75,descending,259.44
44.75,16.0,descending,260.448
44.75,16.25,descending,260.818
44.75,16.5,descending,261.17
44.75,16.75,descending,261.38834
44.75,17.0,descending,261.54715
44.75,17.25,descending,261.865
44.75,17.5,descending,262.064
44.75,17.75,descending,262.09665
44.75,18.0,descending,262.13165
44.75,18.25,descending,262.174
44.75,18.5,descending,262.20428
44.75,18.75,descending,261.966
44.75,19.0,descending,261.24142
44.75,19.25,descending,260.87332
44.75,19.5,descending,260.808
44.75,19.75,descending,260.73798
44.75,20.0,descending,260.77426
44.75,20.25,descending,261.035
44.75,20.5,descending,261.43286
44.75,20.75,descending,261.71
44.75,21.0,descending,261.44833
44.75,21.25,descending,261.0414
44.75,21.5,descending,261.34427
44.75,21.75,descending,262.07904
44.75,22.0,descending,262.12192
44.75,22.25,descending,261.77136
44.75,22.5,descending,260.9835
44.75,22.75,descending,260.40704
44.75,23.0,descending,260.32944
44.75,23.25,descending,260.63058
44.75,23.5,descending,260.85648
44.75,23.75,descending,260.88373
44.75,24.0,descending,260.41177
44.75,24.25,descending,260.37732
44.75,24.5,descending,260.72
44.75,24.75,descending,261.4956
44.75,25.0,descending,261.848
44.75,25.25,descending,261.47733
44.75,25.5,descending,260.79312
44.75,25.75,descending,259.25186
44.75,26.0,descending,259.95062
44.75,26.25,descending,259.2047
44.75,26.5,descending,259.535
44.75,26.75,descending,259.32175
44.75,27.0,descending,260.36832
44.75,27.25,descending,259.71222
44.75,27.5,descending,260.21997
44.75,27.75,descending,261.39047
44.75,28.0,descending,262.5908
44.75,28.25,descending,263.86
44.75,28.5,descending,262.4448
44.75,28.75,descending,240.39665
44.75,29.0,descending,228.0757
44.75,29.25,descending,218.72
44.75,29.5,descending,212.81667
44.75,29.75,descending,210.06499
44.75,30.0,descending,208.61499
44.75,30.25,descending,208.25166
44.75,30.5,descending,208.16599
44.75,30.75,descending,207.99333
44.75,31.0,descending,208.44429
44.75,31.25,descending,209.23999
44.75,31.5,descending,210.39857
44.75,31.75,descending,211.95601
44.75,32.0,descending,213.67
44.75,32.25,descending,215.36165
44.75,32.5,descending,216.58598
44.75,32.75,descending,218.17857
44.75,33.0,descending,220.36
44.75,33.25,descending,226.37
44.75,33.5,descending,240.11833
44.75,33.75,descending,250.32426
44.75,34.0,descending,251.10333
44.75,34.25,descending,242.66142
44.75,34.5,descending,232.62
44.75,34.75,descending,225.68333
44.75,35.0,descending,222.15572
44.75,35.25,descending,219.18143
44.75,35.5,descending,217.24333
44.75,35.75,descending,218.41
44.75,36.0,descending,219.36856
44.75,36.25,descending,218.054
44.75,36.5,descending,216.83714
44.75,36.75,descending,216.25429
44.75,37.0,descending,218.35999
44.75,37.25,descending,225.73999
44.75,37.5,descending,236.88142
44.75,37.75,descending,245.19858
44.75,38.0,descending,252.4025
45.0,-13.0,descending,214.55333
45.0,-12.75,descending,214.76167
45.0,-12.5,descending,214.6675
45.0,-12.25,descending,214.88335
45.0,-12.0,descending,214.96875
45.0,-11.75,descending,214.37
45.0,-11.5,descending,213.79001
45.0,-11.25,descending,213.51
45.0,-11.0,descending,214.08499
45.0,-10.75,descending,214.34833
45.0,-10.5,descending,213.84714
45.0,-10.25,descending,212.73198
45.0,-10.0,descending,211.55142
45.0,-9.75,descending,210.91333
45.0,-9.5,descending,210.74875
45.0,-9.25,descending,210.80833
45.0,-9.0,descending,211.13332
45.0,-8.75,descending,211.56834
45.0,-8.5,descending,212.085
45.0,-8.25,descending,213.00285
45.0,-8.0,descending,214.18857
45.0,-7.75,descending,215.57166
45.0,-7.5,descending,216.59833
45.0,-7.25,descending,216.118
45.0,-7.0,descending,215.12572
45.0,-6.75,descending,214.46799
45.0,-6.5,descending,214.73286
45.0,-6.25,descending,215.81429
45.0,-6.0,descending,216.40999
45.0,-5.75,descending,215.77286
45.0,-5.5,descending,216.70833
45.0,-5.25,descending,218.08598
45.0,-5.0,descending,217.11
45.0,-4.75,descending,218.65666
45.0,-4.5,descending,223.47571
45.0,-4.25,descending,225.92714
45.0,-4.0,descending,223.12834
45.0,-3.75,descending,218.88142
45.0,-3.5,descending,219.58571
45.0,-3.25,descending,223.72166
45.0,-3.0,descending,227.11427
45.0,-2.75,descending,227.94714
45.0,-2.5,descending,226.26666
45.0,-2.25,descending,226.02374
45.0,-2.0,descending,225.01428
45.0,-1.75,descending,226.24165
45.0,-1.5,descending,235.89557
45.0,-1.25,descending,254.12834
45.0,-1.0,descending,264.21875
45.0,-0.75,descending,265.57
45.0,-0.5,descending,265.13
45.0,-0.25,descending,265.5
45.0,0.0,descending,253.30698
45.0,0.25,descending,265.26123
45.0,0.5,descending,265.94446
45.0,0.75,descending,266.95624
45.0,1.0,descending,268.02554
45.0,1.25,descending,268.81332
45.0,1.5,descending,269.08557
45.0,1.75,descending,268.729
45.0,2.0,descending,267.70798
45.0,2.25,descending,266.231
45.0,2.5,descending,264.8192
45.0,2.75,descending,264.29614
45.0,3.0,descending,265.2223
45.0,3.25,descending,266.30798
45.0,3.5,descending,266.66333
45.0,3.75,descending,266.53726
45.0,4.0,descending,266.52182
45.0,7.75,descending,262.28427
45.0,8.0,descending,262.52762
45.0,8.25,descending,262.85266
45.0,8.5,descending,262.77536
45.0,8.75,descending,262.32333
45.0,9.0,descending,261.56833
45.0,9.25,descending,260.70697
45.0,9.5,descending,259.76498
45.0,9.75,descending,258.865
45.0,10.0,descending,258.166
45.0,10.25,descending,257.78125
45.0,10.5,descending,257.54498
45.0,10.75,descending,257.22888
45.0,11.0,descending,256.9911
45.0,11.25,descending,257.10443
45.0,11.5,descending,257.18
45.0,11.75,descending,256.44498
45.0,12.0,descending,251.79666
45.0,12.25,descending,240.20142
45.0,12.5,descending,225.61125
45.0,12.75,descending,213.21167
45.0,13.0,descending,208.34874
45.0,13.25,descending,209.23833
45.0,13.5,descending,214.9525
45.0,13.75,descending,224.24284
45.0,14.0,descending,227.03572
45.0,14.25,descending,228.74571
45.0,14.5,descending,232.96571
45.0,14.75,descending,238.76599
45.0,15.0,descending,247.3225
45.0,15.25,descending,256.47665
45.0,15.5,descending,259.77713
45.0,15.75,descending,260.836
45.0,16.0,descending,261.21167
45.0,16.25,descending,261.4157
45.0,16.5,descending,261.65143
45.0,16.75,descending,261.95667
45.0,17.0,descending,262.20334
45.0,17.25,descending,262.26166
45.0,17.5,descending,262.2857
45.0,17.75,descending,261.97998
45.0,18.0,descending,261.6657
45.0,18.25,descending,261.28665
45.0,18.5,descending,260.7314
45.0,18.75,descending,260.83167
45.0,19.0,descending,260.166
45.0,19.25,descending,259.65286
45.0,19.5,descending,259.7257
45.0,19.75,descending,260.31168
45.0,20.0,descending,260.864
45.0,20.25,descending,261.12833
45.0,20.5,descending,261.25
45.0,20.75,descending,261.8
45.0,21.0,descending,262.15286
45.0,21.25,descending,261.875
45.0,21.5,descending,261.92715
45.0,21.75,descending,262.71786
45.0,22.0,descending,262.87567
45.0,22.25,descending,262.6762
45.0,22.5,descending,262.0447
45.0,22.75,descending,261.52112
45.0,23.0,descending,261.14664
45.0,23.25,descending,261.18292
45.0,23.5,descending,261.29822
45.0,23.75,descending,261.47873
45.0,24.0,descending,261.38
45.0,24.25,descending,261.4981
45.0,24.5,descending,261.68237
45.0,24.75,descending,262.29688
45.0,25.0,descending,262.35333
45.0,25.25,descending,262.3675
45.0,25.5,descending,262.22357
45.0,25.75,descending,261.08527
45.0,26.0,descending,260.20444
45.0,26.25,descending,260.59467
45.0,26.5,descending,259.67053
45.0,26.75,descending,260.0675
45.0,27.0,descending,259.482
45.0,27.25,descending,259.81436
45.0,27.5,descending,260.81683
45.0,27.75,descending,261.7815
45.0,28.0,descending,263.29648
45.0,28.25,descending,263.9228
45.0,28.5,descending,263.16266
45.0,28.75,descending,257.7807
45.0,29.0,descending,242.366
45.0,29.25,descending,234.55856
45.0,29.5,descending,227.29874
45.0,29.75,descending,214.94499
45.0,30.0,descending,208.978
45.0,30.25,descending,207.80801
45.0,30.5,descending,207.69499
45.0,30.75,descending,207.94331
45.0,31.0,descending,208.39667
45.0,31.25,descending,209.10571
45.0,31.5,descending,209.79832
45.0,31.75,descending,210.90428
45.0,32.0,descending,212.26399
45.0,32.25,descending,214.00499
45.0,32.5,descending,216.18857
45.0,32.75,descending,219.635
45.0,33.0,descending,223.87856
45.0,33.25,descending,229.19832
45.0,33.5,descending,240.876
45.0,33.75,descending,258.42334
45.0,34.0,descending,263.02426
45.0,34.25,descending,258.74667
45.0,34.5,descending,251.96571
45.0,34.75,descending,244.34833
45.0,35.0,descending,237.22142
45.0,35.25,descending,229.36427
45.0,35.5,descending,224.30165
45.0,35.75,descending,226.49857
45.0,36.0,descending,227.75285
45.0,36.25,descending,223.34666
45.0,36.5,descending,220.83427
45.0,36.75,descending,220.2557
45.0,37.0,descending,224.87
45.0,37.25,descending,238.23856
45.0,37.5,descending,251.10999
45.0,37.75,descending,258.77713
45.0,38.0,descending,262.59198
45.25,-13.0,descending,214.22664
45.25,-12.75,descending,214.46332
45.25,-12.5,descending,214.98332
45.25,-12.25,descending,215.20749
45.25,-12.0,descending,214.98999
45.25,-11.75,descending,214.57625
45.25,-11.5,descending,213.99333
45.25,-11.25,descending,213.89285
45.25,-11.0,descending,214.702
45.25,-10.75,descending,215.02832
45.25,-10.5,descending,214.47166
45.25,-10.25,descending,214.03857
45.25,-10.0,descending,213.16142
45.25,-9.75,descending,212.002
45.25,-9.5,descending,211.01332
45.25,-9.25,descending,210.98833
45.25,-9.0,descending,211.815
45.25,-8.75,descending,212.61665
45.25,-8.5,descending,212.62143
45.25,-8.25,descending,213.47
45.25,-8.0,descending,214.82832
45.25,-7.75,descending,216.41667
45.25,-7.5,descending,217.076
45.25,-7.25,descending,216.3
45.25,-7.0,descending,214.724
45.25,-6.75,descending,213.3257
45.25,-6.5,descending,213.646
45.25,-6.25,descending,216.12
45.25,-6.0,descending,218.194
45.25,-5.75,descending,217.29599
45.25,-5.5,descending,217.08858
45.25,-5.25,descending,217.71999
45.25,-5.0,descending,216.32199
45.25,-4.75,descending,215.575
45.25,-4.5,descending,217.60832
45.25,-4.25,descending,221.12143
45.25,-4.0,descending,222.82713
45.25,-3.75,descending,219.71832
45.25,-3.5,descending,218.55
45.25,-3.25,descending,219.90498
45.25,-3.0,descending,221.35571
45.25,-2.75,descending,222.78572
45.25,-2.5,descending,222.61198
45.25,-2.25,descending,224.17
45.25,-2.0,descending,224.44286
45.25,-1.75,descending,226.565
45.25,-1.5,descending,237.59285
45.25,-1.25,descending,253.68143
45.25,-1.0,descending,261.65
45.25,-0.75,descending,262.84283
45.25,-0.5,descending,264.54498
45.25,-0.25,descending,265.80124
45.25,0.0,descending,257.03
45.25,0.25,descending,265.33374
45.25,0.5,descending,265.5357
45.25,0.75,descending,265.955
45.25,1.0,descending,266.74
45.25,1.25,descending,267.90427
45.25,1.5,descending,268.507
45.25,1.75,descending,268.4325
45.25,2.0,descending,267.27
45.25,2.25,descending,265.597
45.25,2.5,descending,264.2009
45.25,2.75,descending,264.16727
45.25,3.0,descending,265.29333
45.25,3.25,descending,266.53
45.25,3.5,descending,267.034
45.25,3.75,descending,267.02
45.25,4.0,descending,266.83286
45.25,4.25,descending,266.6
45.25,7.75,descending,262.225
45.25,8.0,descending,262.31262
45.25,8.25,descending,262.806
45.25,8.5,descending,262.92667
45.25,8.75,descending,262.31848
45.25,9.0,descending,261.074
45.25,9.25,descending,259.718
45.25,9.5,descending,258.604
45.25,9.75,descending,257.7989
45.25,10.0,descending,257.4375
45.25,10.25,descending,257.50223
45.25,10.5,descending,257.44
45.25,10.75,descending,257.58713
45.25,11.0,descending,257.6875
45.25,11.25,descending,257.9114
45.25,11.5,descending,257.995
45.25,11.75,descending,256.4875
45.25,12.0,descending,252.05833
45.25,12.25,descending,241.19624
45.25,12.5,descending,227.424
45.25,12.75,descending,215.2089
45.25,13.0,descending,209.43799
45.25,13.25,descending,211.11427
45.25,13.5,descending,221.25166
45.25,13.75,descending,233.68799
45.25,14.0,descending,241.41286
45.25,14.25,descending,240.18399
45.25,14.5,descending,240.04199
45.25,14.75,descending,244.52856
45.25,15.0,descending,252.41
45.25,15.25,descending,258.386
45.25,15.5,descending,261.22165
45.25,15.75,descending,262.07666
45.25,16.0,descending,262.28143
45.25,16.25,descending,262.266
45.25,16.5,descending,262.25333
45.25,16.75,descending,262.47665
45.25,17.0,descending,262.676
45.25,17.25,descending,262.75168
45.25,17.5,descending,262.45712
45.25,17.75,descending,261.91998
45.25,18.0,descending,261.13202
45.25,18.25,descending,260.2757
45.25,18.5,descending,259.615
45.25,18.75,descending,259.45285
45.25,19.0,descending,259.412
45.25,19.25,descending,259.414
45.25,19.5,descending,259.69
45.25,19.75,descending,260.5157
45.25,20.0,descending,261.40833
45.25,20.25,descending,261.77
45.25,20.5,descending,261.6125
45.25,20.75,descending,261.94165
45.25,21.0,descending,262.8643
45.25,21.25,descending,263.1783
45.25,21.5,descending,262.995
45.25,21.75,descending,263.31784
45.25,22.0,descending,263.25665
45.25,22.25,descending,262.96454
45.25,22.5,descending,262.23737
45.25,22.75,descending,261.4779
45.25,23.0,descending,261.06
45.25,23.25,descending,261.07123
45.25,23.5,descending,260.75882
45.25,23.75,descending,261.27133
45.25,24.0,descending,261.40292
45.25,24.25,descending,261.762
45.25,24.5,descending,261.85812
45.25,24.75,descending,262.544
45.25,25.0,descending,263.03
45.25,25.25,descending,262.93713
45.25,25.5,descending,262.7688
45.25,25.75,descending,262.34198
45.25,26.0,descending,262.53333
45.25,26.25,descending,261.46466
45.25,26.5,descending,261.14062
45.25,26.75,descending,260.1941
45.25,27.0,descending,259.97888
45.25,27.25,descending,259.27
45.25,27.5,descending,259.995
45.25,27.75,descending,261.23444
45.25,28.0,descending,261.255
45.25,28.25,descending,261.66364
45.25,28.5,descending,261.59293
45.25,28.75,descending,261.4875
45.25,29.0,descending,251.93375
45.25,29.25,descending,247.84142
45.25,29.5,descending,240.12
45.25,29.75,descending,226.75798
45.25,30.0,descending,212.65572
45.25,30.25,descending,208.06331
45.25,30.5,descending,207.908
45.25,30.75,descending,208.42332
45.25,31.0,descending,209.18999
45.25,31.25,descending,209.6275
45.25,31.5,descending,209.88832
45.25,31.75,descending,210.328
45.25,32.0,descending,211.31142
45.25,32.25,descending,213.83401
45.25,32.5,descending,218.58427
45.25,32.75,descending,223.74399
45.25,33.0,descending,232.08398
45.25,33.25,descending,238.88713
45.25,33.5,descending,249.295
45.25,33.75,descending,260.37167
45.25,34.0,descending,266.414
45.25,34.25,descending,266.26498
45.25,34.5,descending,263.80286
45.25,34.75,descending,257.66144
45.25,35.0,descending,249.21666
45.25,35.25,descending,237.82143
45.25,35.5,descending,231.79167
45.25,35.75,descending,234.94998
45.25,36.0,descending,237.104
45.25,36.25,descending,232.58998
45.25,36.5,descending,226.95857
45.25,36.75,descending,226.04001
45.25,37.0,descending,231.42165
45.25,37.25,descending,242.44286
45.25,37.5,descending,254.78857
45.25,37.75,descending,261.68713
45.25,38.0,descending,264.3775
45.5,-13.0,descending,215.2
45.5,-12.75,descending,215.01833
45.5,-12.5,descending,215.13666
45.5,-12.25,descending,215.74399
45.5,-12.0,descending,215.45667
45.5,-11.75,descending,214.624
45.5,-11.5,descending,214.14285
45.5,-11.25,descending,214.67857
45.5,-11.0,descending,215.62
45.5,-10.75,descending,216.2175
45.5,-10.5,descending,215.28667
45.5,-10.25,descending,214.77667
45.5,-10.0,descending,214.91167
45.5,-9.75,descending,213.83142
45.5,-9.5,descending,212.12666
45.5,-9.25,descending,211.61665
45.5,-9.0,descending,212.96286
45.5,-8.75,descending,214.53598
45.5,-8.5,descending,214.40332
45.5,-8.25,descending,213.47333
45.5,-8.0,descending,214.372
45.5,-7.75,descending,215.58598
45.5,-7.5,descending,216.45714
45.5,-7.25,descending,216.56831
45.5,-7.0,descending,215.29141
45.5,-6.75,descending,213.27998
45.5,-6.5,descending,212.21286
45.5,-6.25,descending,213.56401
45.5,-6.0,descending,216.39665
45.5,-5.75,descending,217.97667
45.5,-5.5,descending,219.22833
45.5,-5.25,descending,219.76857
45.5,-5.0,descending,216.77333
45.5,-4.75,descending,214.635
45.5,-4.5,descending,214.74399
45.5,-4.25,descending,217.145
45.5,-4.0,descending,220.46286
45.5,-3.75,descending,219.62
45.5,-3.5,descending,218.53857
45.5,-3.25,descending,218.26833
45.5,-3.0,descending,217.26857
45.5,-2.75,descending,217.23856
45.5,-2.5,descending,218.12
45.5,-2.25,descending,220.39
45.5,-2.0,descending,222.28285
45.5,-1.75,descending,225.51833
45.5,-1.5,descending,236.96143
45.5,-1.25,descending,252.21571
45.5,-1.0,descending,258.88715
45.5,-0.75,descending,261.64142
45.5,-0.5,descending,264.88428
45.5,-0.25,descending,265.88998
45.5,0.0,descending,258.055
45.5,0.25,descending,265.41
45.5,0.5,descending,265.41333
45.5,0.75,descending,265.12
45.5,1.0,descending,265.34332
45.5,1.25,descending,266.57333
45.5,1.5,descending,267.78552
45.5,1.75,descending,267.97223
45.5,2.0,descending,266.836
45.5,2.25,descending,265.20374
45.5,2.5,descending,264.2825
45.5,2.75,descending,264.491
45.5,3.0,descending,265.53384
45.5,3.25,descending,266.70572
45.5,3.5,descending,267.176
45.5,3.75,descending,266.96234
45.5,4.0,descending,266.41522
45.5,4.25,descending,265.79498
45.5,8.0,descending,261.67233
45.5,8.25,descending,262.18732
45.5,8.5,descending,262.21143
45.5,8.75,descending,261.4875
45.5,9.0,descending,260.2475
45.5,9.25,descending,258.67902
45.5,9.5,descending,257.45636
45.5,9.75,descending,256.642
45.5,10.0,descending,256.091
45.5,10.25,descending,255.53445
45.5,10.5,descending,254.79778
45.5,10.75,descending,255.26999
45.5,11.0,descending,256.39285
45.5,11.25,descending,257.15286
45.5,11.5,descending,257.68
45.5,11.75,descending,257.49374
45.5,12.0,descending,253.6375
45.5,12.25,descending,246.60667
45.5,12.5,descending,233.03749
45.5,12.75,descending,223.37334
45.5,13.0,descending,214.71625
45.5,13.25,descending,214.68286
45.5,13.5,descending,223.18428
45.5,13.75,descending,238.67142
45.5,14.0,descending,250.62143
45.5,14.25,descending,251.5743
45.5,14.5,descending,250.37143
45.5,14.75,descending,253.46999
45.5,15.0,descending,257.438
45.5,15.25,descending,259.90286
45.5,15.5,descending,261.615
45.5,15.75,descending,262.33167
45.5,16.0,descending,262.79666
45.5,16.25,descending,262.88834
45.5,16.5,descending,262.80667
45.5,16.75,descending,262.954
45.5,17.0,descending,263.3043
45.5,17.25,descending,263.45166
45.5,17.5,descending,262.99667
45.5,17.75,descending,261.8633
45.5,18.0,descending,260.77167
45.5,18.25,descending,259.52164
45.5,18.5,descending,258.97568
45.5,18.75,descending,258.715
45.5,19.0,descending,258.8257
45.5,19.25,descending,259.40332
45.5,19.5,descending,260.06598
45.5,19.75,descending,260.92142
45.5,20.0,descending,262.00668
45.5,20.25,descending,262.6614
45.5,20.5,descending,262.3257
45.5,20.75,descending,262.266
45.5,21.0,descending,263.42596
45.5,21.25,descending,264.22998
45.5,21.5,descending,263.744
45.5,21.75,descending,263.35498
45.5,22.0,descending,263.4283
45.5,22.25,descending,263.4362
45.5,22.5,descending,263.1035
45.5,22.75,descending,262.4163
45.5,23.0,descending,261.53055
45.5,23.25,descending,261.0331
45.5,23.5,descending,260.70667
45.5,23.75,descending,260.26645
45.5,24.0,descending,260.4811
45.5,24.25,descending,260.37375
45.5,24.5,descending,260.9641
45.5,24.75,descending,260.87936
45.5,25.0,descending,261.72266
45.5,25.25,descending,262.175
45.5,25.5,descending,262.11884
45.5,25.75,descending,261.76764
45.5,26.0,descending,262.41333
45.5,26.25,descending,262.1288
45.5,26.5,descending,261.88763
45.5,26.75,descending,260.71436
45.5,27.0,descending,259.56235
45.5,27.25,descending,259.17334
45.5,27.5,descending,260.12057
45.5,27.75,descending,260.31888
45.5,28.0,descending,260.393
45.5,28.25,descending,260.2545
45.5,28.5,descending,259.60825
45.5,28.75,descending,260.02365
45.5,29.0,descending,258.61557
45.5,29.25,descending,252.08398
45.5,29.5,descending,247.39333
45.5,29.75,descending,232.5
45.5,30.0,descending,216.34999
45.5,30.25,descending,209.61499
45.5,30.5,descending,208.40428
45.5,30.75,descending,208.90498
45.5,31.0,descending,209.68286
45.5,31.25,descending,210.25285
45.5,31.5,descending,210.42168
45.5,31.75,descending,210.40833
45.5,32.0,descending,210.98428
45.5,32.25,descending,213.56834
45.5,32.5,descending,220.73799
45.5,32.75,descending,229.02498
45.5,33.0,descending,237.61165
45.5,33.25,descending,249.10664
45.5,33.5,descending,257.14713
45.5,33.75,descending,263.31833
45.5,34.0,descending,266.29
45.5,34.25,descending,266.7075
45.5,34.5,descending,264.736
45.5,34.75,descending,258.9057
45.5,35.0,descending,246.78499
45.5,35.25,descending,234.10428
45.5,35.5,descending,228.87285
45.5,35.75,descending,232.53398
45.5,36.0,descending,237.65285
45.5,36.25,descending,234.10333
45.5,36.5,descending,227.30998
45.5,36.75,descending,225.92857
45.5,37.0,descending,229.04167
45.5,37.25,descending,235.47427
45.5,37.5,descending,247.055
45.5,37.75,descending,256.81833
45.5,38.0,descending,260.2625
45.75,-13.0,descending,214.11333
45.75,-12.75,descending,214.44499
45.75,-12.5,descending,213.69858
45.75,-12.25,descending,213.57375
45.75,-12.0,descending,213.67665
45.75,-11.75,descending,214.09375
45.75,-11.5,descending,214.07143
45.75,-11.25,descending,214.78598
45.75,-11.0,descending,216.27428
45.75,-10.75,descending,216.932
45.75,-10.5,descending,216.19165
45.75,-10.25,descending,215.19832
45.75,-10.0,descending,215.11856
45.75,-9.75,descending,215.34499
45.75,-9.5,descending,214.20166
45.75,-9.25,descending,212.87166
45.75,-9.0,descending,212.58714
45.75,-8.75,descending,213.97833
45.75,-8.5,descending,214.78667
45.75,-8.25,descending,213.955
45.75,-8.0,descending,213.51
45.75,-7.75,descending,214.64143
45.75,-7.5,descending,215.51599
45.75,-7.25,descending,216.12834
45.75,-7.0,descending,216.16667
45.75,-6.75,descending,214.642
45.75,-6.5,descending,212.668
45.75,-6.25,descending,212.10834
45.75,-6.0,descending,213.44
45.75,-5.75,descending,215.52713
45.75,-5.5,descending,218.42
45.75,-5.25,descending,220.71399
45.75,-5.0,descending,218.45427
45.75,-4.75,descending,215.53333
45.75,-4.5,descending,214.86165
45.75,-4.25,descending,215.625
45.75,-4.0,descending,218.038
45.75,-3.75,descending,218.30165
45.75,-3.5,descending,218.07857
45.75,-3.25,descending,217.85286
45.75,-3.0,descending,215.97166
45.75,-2.75,descending,214.69832
45.75,-2.5,descending,214.908
45.75,-2.25,descending,216.39857
45.75,-2.0,descending,218.85999
45.75,-1.75,descending,223.02571
45.75,-1.5,descending,234.44714
45.75,-1.25,descending,249.075
45.75,-1.0,descending,258.04715
45.75,-0.75,descending,262.72284
45.75,-0.5,descending,265.29855
45.75,-0.25,descending,265.68832
45.75,0.0,descending,258.8511
45.75,0.25,descending,265.7143
45.75,0.5,descending,265.63998
45.75,0.75,descending,264.99286
45.75,1.0,descending,264.88373
45.75,1.25,descending,266.03287
45.75,1.5,descending,267.36
45.75,1.75,descending,267.52222
45.75,2.0,descending,266.33197
45.75,2.25,descending,265.11
45.75,2.5,descending,264.60452
45.75,2.75,descending,264.79498
45.75,3.0,descending,265.4825
45.75,3.25,descending,266.22415
45.75,3.5,descending,266.46536
45.75,3.75,descending,266.102
45.75,4.0,descending,265.4563
45.75,4.25,descending,264.8519
45.75,4.5,descending,264.28
45.75,8.0,descending,258.65732
45.75,8.25,descending,259.4
45.75,8.5,descending,259.94855
45.75,8.75,descending,259.57846
45.75,9.0,descending,258.62668
45.75,9.25,descending,257.564
45.75,9.5,descending,256.866
45.75,9.75,descending,256.47888
45.75,10.0,descending,255.98698
45.75,10.25,descending,255.26
45.75,10.5,descending,254.07375
45.75,10.75,descending,253.36499
45.75,11.0,descending,254.25
45.75,11.25,descending,256.04126
45.75,11.5,descending,257.11285
45.75,11.75,descending,257.49832
45.75,12.0,descending,257.205
45.75,12.25,descending,253.9557
45.75,12.5,descending,249.66856
45.75,12.75,descending,240.31429
45.75,13.0,descending,234.90714
45.75,13.25,descending,227.91199
45.75,13.5,descending,228.37856
45.75,13.75,descending,240.375
45.75,14.0,descending,251.88713
45.75,14.25,descending,256.115
45.75,14.5,descending,255.64
45.75,14.75,descending,255.83598
45.75,15.0,descending,258.40714
45.75,15.25,descending,260.20667
45.75,15.5,descending,261.05283
45.75,15.75,descending,261.62
45.75,16.0,descending,262.75168
45.75,16.25,descending,263.334
45.75,16.5,descending,263.58667
45.75,16.75,descending,263.79715
45.75,17.0,descending,264.00998
45.75,17.25,descending,263.97797
45.75,17.5,descending,263.34332
45.75,17.75,descending,262.152
45.75,18.0,descending,260.46286
45.75,18.25,descending,259.322
45.75,18.5,descending,258.88998
45.75,18.75,descending,258.87
45.75,19.0,descending,258.948
45.75,19.25,descending,259.51712
45.75,19.5,descending,260.29333
45.75,19.75,descending,261.1175
45.75,20.0,descending,262.29572
45.75,20.25,descending,263.19333
45.75,20.5,descending,262.9457
45.75,20.75,descending,262.65164
45.75,21.0,descending,263.73856
45.75,21.25,descending,264.88333
45.75,21.5,descending,264.68
45.75,21.75,descending,263.75876
45.75,22.0,descending,263.5824
45.75,22.25,descending,263.72455
45.75,22.5,descending,263.7405
45.75,22.75,descending,263.46887
45.75,23.0,descending,262.92722
45.75,23.25,descending,262.37936
45.75,23.5,descending,261.46625
45.75,23.75,descending,260.85666
45.75,24.0,descending,260.386
45.75,24.25,descending,260.2853
45.75,24.5,descending,260.16666
45.75,24.75,descending,260.328
45.75,25.0,descending,260.89935
45.75,25.25,descending,261.068
45.75,25.5,descending,261.04785
45.75,25.75,descending,261.0064
45.75,26.0,descending,261.1147
45.75,26.25,descending,261.79785
45.75,26.5,descending,261.50278
45.75,26.75,descending,260.7253
45.75,27.0,descending,259.3925
45.75,27.25,descending,258.54785
45.75,27.5,descending,258.61578
45.75,27.75,descending,259.13168
45.75,28.0,descending,259.33316
45.75,28.25,descending,259.45248
45.75,28.5,descending,258.9313
45.75,28.75,descending,259.71
45.75,29.0,descending,260.48428
45.75,29.25,descending,254.58571
45.75,29.5,descending,249.26572
45.75,29.75,descending,238.42801
45.75,30.0,descending,225.67
45.75,30.25,descending,213.81166
45.75,30.5,descending,209.75331
45.75,30.75,descending,209.36002
45.75,31.0,descending,209.70332
45.75,31.25,descending,210.27501
45.75,31.5,descending,210.66667
45.75,31.75,descending,211.10667
45.75,32.0,descending,211.526
45.75,32.25,descending,213.74165
45.75,32.5,descending,217.935
45.75,32.75,descending,228.02167
45.75,33.0,descending,239.18428
45.75,33.25,descending,248.974
45.75,33.5,descending,257.25998
45.75,33.75,descending,261.80713
45.75,34.0,descending,263.98666
45.75,34.25,descending,263.77426
45.75,34.5,descending,260.702
45.75,34.75,descending,252.48799
45.75,35.0,descending,238.87749
45.75,35.25,descending,227.148
45.75,35.5,descending,223.4625
45.75,35.75,descending,225.82999
45.75,36.0,descending,228.02856
45.75,36.25,descending,226.17833
45.75,36.5,descending,222.05428
45.75,36.75,descending,220.48833
45.75,37.0,descending,221.91333
45.75,37.25,descending,224.64713
45.75,37.5,descending,234.66856
45.75,37.75,descending,248.68333
45.75,38.0,descending,253.825
46.0,-13.0,descending,211.85999
46.0,-12.75,descending,212.0711
46.0,-12.5,descending,212.17
46.0,-12.25,descending,211.77856
46.0,-12.0,descending,211.85999
46.0,-11.75,descending,212.34428
46.0,-11.5,descending,213.135
46.0,-11.25,descending,213.39572
46.0,-11.0,descending,213.98
46.0,-10.75,descending,215.06142
46.0,-10.5,descending,214.50374
46.0,-10.25,descending,213.71999
46.0,-10.0,descending,213.34332
46.0,-9.75,descending,213.71715
46.0,-9.5,descending,214.31142
46.0,-9.25,descending,214.02
46.0,-9.0,descending,212.99199
46.0,-8.75,descending,212.245
46.0,-8.5,descending,212.73668
46.0,-8.25,descending,212.66333
46.0,-8.0,descending,212.26332
46.0,-7.75,descending,212.99399
46.0,-7.5,descending,214.13571
46.0,-7.25,descending,214.61168
46.0,-7.0,descending,215.306
46.0,-6.75,descending,214.96858
46.0,-6.5,descending,213.99666
46.0,-6.25,descending,213.28166
46.0,-6.0,descending,212.69499
46.0,-5.75,descending,213.10167
46.0,-5.5,descending,215.52
46.0,-5.25,descending,219.53166
46.0,-5.0,descending,219.68834
46.0,-4.75,descending,217.675
46.0,-4.5,descending,216.47571
46.0,-4.25,descending,216.49834
46.0,-4.0,descending,217.57715
46.0,-3.75,descending,217.75998
46.0,-3.5,descending,217.6225
46.0,-3.25,descending,218.22
46.0,-3.0,descending,216.76749
46.0,-2.75,descending,214.39333
46.0,-2.5,descending,213.57166
46.0,-2.25,descending,214.08142
46.0,-2.0,descending,216.43665
46.0,-1.75,descending,221.39856
46.0,-1.5,descending,231.60167
46.0,-1.25,descending,246.24142
46.0,-1.0,descending,258.41855
46.0,-0.75,descending,263.41165
46.0,-0.5,descending,265.18375
46.0,-0.25,descending,265.5957
46.0,0.0,descending,259.00446
46.0,0.25,descending,265.88284
46.0,0.5,descending,265.91248
46.0,0.75,descending,265.44125
46.0,1.0,descending,265.0475
46.0,1.25,descending,265.99777
46.0,1.5,descending,267.4525
46.0,1.75,descending,267.6711
46.0,2.0,descending,266.78333
46.0,2.25,descending,265.78198
46.0,2.5,descending,265.148
46.0,2.75,descending,264.899
46.0,3.0,descending,265.14615
46.0,3.25,descending,265.524
46.0,3.5,descending,265.59384
46.0,3.75,descending,265.30264
46.0,4.0,descending,264.8694
46.0,4.25,descending,264.00348
46.0,4.5,descending,263.1837
46.0,8.0,descending,251.99834
46.0,8.25,descending,253.9825
46.0,8.5,descending,256.02692
46.0,8.75,descending,256.95462
46.0,9.0,descending,256.82083
46.0,9.25,descending,256.28
46.0,9.5,descending,255.98898
46.0,9.75,descending,255.9182
46.0,10.0,descending,255.5889
46.0,10.25,descending,254.92
46.0,10.5,descending,254.42
46.0,10.75,descending,254.38124
46.0,11.0,descending,255.04332
46.0,11.25,descending,256.19376
46.0,11.5,descending,257.12665
46.0,11.75,descending,257.53
46.0,12.0,descending,257.59
46.0,12.25,descending,257.5075
46.0,12.5,descending,256.32855
46.0,12.75,descending,255.38428
46.0,13.0,descending,251.40141
46.0,13.25,descending,247.80998
46.0,13.5,descending,245.75713
46.0,13.75,descending,246.75143
46.0,14.0,descending,252.86665
46.0,14.25,descending,255.46167
46.0,14.5,descending,255.15712
46.0,14.75,descending,254.82143
46.0,15.0,descending,255.6843
46.0,15.25,descending,257.23798
46.0,15.5,descending,258.22165
46.0,15.75,descending,259.62332
46.0,16.0,descending,260.93665
46.0,16.25,descending,262.48572
46.0,16.5,descending,263.6857
46.0,16.75,descending,264.326
46.0,17.0,descending,264.48166
46.0,17.25,descending,264.35498
46.0,17.5,descending,263.58167
46.0,17.75,descending,262.10333
46.0,18.0,descending,260.81497
46.0,18.25,descending,259.91428
46.0,18.5,descending,259.512
46.0,18.75,descending,259.4057
46.0,19.0,descending,259.315
46.0,19.25,descending,259.79333
46.0,19.5,descending,260.53427
46.0,19.75,descending,261.38998
46.0,20.0,descending,262.302
46.0,20.25,descending,263.14832
46.0,20.5,descending,263.08713
46.0,20.75,descending,262.83167
46.0,21.0,descending,263.7514
46.0,21.25,descending,264.97333
46.0,21.5,descending,265.22714
46.0,21.75,descending,264.85333
46.0,22.0,descending,264.068
46.0,22.25,descending,264.0145
46.0,22.5,descending,263.91714
46.0,22.75,descending,263.63632
46.0,23.0,descending,263.35275
46.0,23.25,descending,263.06165
46.0,23.5,descending,262.58557
46.0,23.75,descending,262.02313
46.0,24.0,descending,261.31586
46.0,24.25,descending,261.0247
46.0,24.5,descending,261.05002
46.0,24.75,descending,261.19284
46.0,25.0,descending,261.28223
46.0,25.25,descending,261.126
46.0,25.5,descending,260.87778
46.0,25.75,descending,260.61734
46.0,26.0,descending,260.94266
46.0,26.25,descending,261.085
46.0,26.5,descending,261.16153
46.0,26.75,descending,260.26443
46.0,27.0,descending,259.13293
46.0,27.25,descending,258.50812
46.0,27.5,descending,258.43
46.0,27.75,descending,259.33777
46.0,28.0,descending,259.71298
46.0,28.25,descending,259.8079
46.0,28.5,descending,260.22284
46.0,28.75,descending,260.61636
46.0,29.0,descending,260.52725
46.0,29.25,descending,260.67572
46.0,29.5,descending,253.99834
46.0,29.75,descending,247.605
46.0,30.0,descending,235.55333
46.0,30.25,descending,225.79
46.0,30.5,descending,215.85715
46.0,30.75,descending,211.33667
46.0,31.0,descending,210.11
46.0,31.25,descending,210.30798
46.0,31.5,descending,211.48
46.0,31.75,descending,213.305
46.0,32.0,descending,215.52713
46.0,32.25,descending,218.90201
46.0,32.5,descending,223.67714
46.0,32.75,descending,227.38
46.0,33.0,descending,234.36499
46.0,33.25,descending,242.61856
46.0,33.5,descending,251.75667
46.0,33.75,descending,257.048
46.0,34.0,descending,258.53833
46.0,34.25,descending,257.43143
46.0,34.5,descending,252.13284
46.0,34.75,descending,243.44499
46.0,35.0,descending,232.04857
46.0,35.25,descending,224.11165
46.0,35.5,descending,221.45999
46.0,35.75,descending,221.32166
46.0,36.0,descending,221.69998
46.0,36.25,descending,221.11499
46.0,36.5,descending,219.44714
46.0,36.75,descending,217.87166
46.0,37.0,descending,217.1625
46.0,37.25,descending,218.07832
46.0,37.5,descending,223.10715
46.0,37.75,descending,236.11624
46.0,38.0,descending,244.00499
46.25,-13.0,descending,211.06
46.25,-12.75,descending,211.30833
46.25,-12.5,descending,211.4975
46.25,-12.25,descending,211.55714
46.25,-12.0,descending,211.79428
46.25,-11.75,descending,212.33
46.25,-11.5,descending,213.025
46.25,-11.25,descending,213.42
46.25,-11.0,descending,213.125
46.25,-10.75,descending,213.13666
46.25,-10.5,descending,213.124
46.25,-10.25,descending,212.74333
46.25,-10.0,descending,212.21167
46.25,-9.75,descending,212.278
46.25,-9.5,descending,212.93286
46.25,-9.25,descending,213.60599
46.25,-9.0,descending,213.61
46.25,-8.75,descending,212.64333
46.25,-8.5,descending,211.43286
46.25,-8.25,descending,210.98999
46.25,-8.0,descending,210.92499
46.25,-7.75,descending,211.47667
46.25,-7.5,descending,212.61333
46.25,-7.25,descending,212.9925
46.25,-7.0,descending,213.53142
46.25,-6.75,descending,213.774
46.25,-6.5,descending,214.27713
46.25,-6.25,descending,214.63599
46.25,-6.0,descending,214.28285
46.25,-5.75,descending,213.45601
46.25,-5.5,descending,213.82999
46.25,-5.25,descending,216.43
46.25,-5.0,descending,219.27798
46.25,-4.75,descending,219.04167
46.25,-4.5,descending,217.83
46.25,-4.25,descending,217.37428
46.25,-4.0,descending,218.09332
46.25,-3.75,descending,217.80571
46.25,-3.5,descending,216.90999
46.25,-3.25,descending,218.28572
46.25,-3.0,descending,217.68834
46.25,-2.75,descending,215.31714
46.25,-2.5,descending,213.78333
46.25,-2.25,descending,214.01
46.25,-2.0,descending,217.21501
46.25,-1.75,descending,224.37143
46.25,-1.5,descending,234.67
46.25,-1.25,descending,248.01285
46.25,-1.0,descending,259.14716
46.25,-0.75,descending,263.5533
46.25,-0.5,descending,265.21
46.25,-0.25,descending,265.87286
46.25,0.0,descending,258.44876
46.25,0.25,descending,265.8743
46.25,0.5,descending,265.87375
46.25,0.75,descending,265.62286
46.25,1.0,descending,265.50223
46.25,1.25,descending,266.38858
46.25,1.5,descending,267.53
46.25,1.75,descending,267.8557
46.25,2.0,descending,267.43332
46.25,2.25,descending,266.52777
46.25,2.5,descending,265.721
46.25,2.75,descending,265.292
46.25,3.0,descending,265.18
46.25,3.25,descending,265.1291
46.25,3.5,descending,265.14847
46.25,3.75,descending,265.23584
46.25,4.0,descending,264.74286
46.25,4.25,descending,263.60126
46.25,4.5,descending,262.8581
46.25,4.75,descending,262.7857
46.25,8.0,descending,249.73332
46.25,8.25,descending,251.18732
46.25,8.5,descending,253.06932
46.25,8.75,descending,255.14691
46.25,9.0,descending,255.61165
46.25,9.25,descending,254.54454
46.25,9.5,descending,253.31499
46.25,9.75,descending,252.06999
46.25,10.0,descending,251.94499
46.25,10.25,descending,251.33444
46.25,10.5,descending,250.36111
46.25,10.75,descending,252.09999
46.25,11.0,descending,254.07999
46.25,11.25,descending,255.86624
46.25,11.5,descending,256.7143
46.25,11.75,descending,256.7914
46.25,12.0,descending,256.97284
46.25,12.25,descending,257.16833
46.25,12.5,descending,257.53375
46.25,12.75,descending,257.79166
46.25,13.0,descending,257.74713
46.25,13.25,descending,257.27332
46.25,13.5,descending,255.35167
46.25,13.75,descending,255.28714
46.25,14.0,descending,255.93857
46.25,14.25,descending,255.96167
46.25,14.5,descending,254.67
46.25,14.75,descending,253.515
46.25,15.0,descending,253.00998
46.25,15.25,descending,252.93333
46.25,15.5,descending,252.83714
46.25,15.75,descending,254.35999
46.25,16.0,descending,255.73856
46.25,16.25,descending,259.148
46.25,16.5,descending,261.76398
46.25,16.75,descending,263.255
46.25,17.0,descending,264.04166
46.25,17.25,descending,264.06598
46.25,17.5,descending,263.54
46.25,17.75,descending,262.512
46.25,18.0,descending,261.61667
46.25,18.25,descending,260.918
46.25,18.5,descending,260.41333
46.25,18.75,descending,260.096
46.25,19.0,descending,259.98428
46.25,19.25,descending,260.43
46.25,19.5,descending,261.28333
46.25,19.75,descending,262.18167
46.25,20.0,descending,262.61285
46.25,20.25,descending,263.064
46.25,20.5,descending,263.038
46.25,20.75,descending,262.9
46.25,21.0,descending,263.41
46.25,21.25,descending,264.29166
46.25,21.5,descending,265.1157
46.25,21.75,descending,265.66
46.25,22.0,descending,264.56174
46.25,22.25,descending,264.4075
46.25,22.5,descending,264.17236
46.25,22.75,descending,263.73352
46.25,23.0,descending,263.33887
46.25,23.25,descending,263.17114
46.25,23.5,descending,262.83118
46.25,23.75,descending,262.435
46.25,24.0,descending,262.01
46.25,24.25,descending,261.66357
46.25,24.5,descending,261.6
46.25,24.75,descending,261.602
46.25,25.0,descending,261.4343
46.25,25.25,descending,261.11066
46.25,25.5,descending,260.79382
46.25,25.75,descending,260.698
46.25,26.0,descending,260.66714
46.25,26.25,descending,260.80856
46.25,26.5,descending,260.73587
46.25,26.75,descending,260.27768
46.25,27.0,descending,259.23648
46.25,27.25,descending,258.03177
46.25,27.5,descending,258.09875
46.25,27.75,descending,258.9661
46.25,28.0,descending,259.46527
46.25,28.25,descending,260.35443
46.25,28.5,descending,260.24298
46.25,28.75,descending,260.698
46.25,29.0,descending,261.06085
46.25,29.25,descending,261.8654
46.25,29.5,descending,259.49728
46.25,29.75,descending,253.93799
46.25,30.0,descending,248.3057
46.25,30.25,descending,240.19666
46.25,30.5,descending,227.04
46.25,30.75,descending,216.93001
46.25,31.0,descending,212.45
46.25,31.25,descending,212.20427
46.25,31.5,descending,213.95798
46.25,31.75,descending,218.43333
46.25,32.0,descending,225.18599
46.25,32.25,descending,231.68831
46.25,32.5,descending,237.70801
46.25,32.75,descending,240.84143
46.25,33.0,descending,240.44199
46.25,33.25,descending,245.85667
46.25,33.5,descending,249.76833
46.25,33.75,descending,254.00832
46.25,34.0,descending,255.602
46.25,34.25,descending,254.21332
46.25,34.5,descending,250.35286
46.25,34.75,descending,243.47166
46.25,35.0,descending,234.81429
46.25,35.25,descending,227.02333
46.25,35.5,descending,223.48283
46.25,35.75,descending,222.83167
46.25,36.0,descending,223.0957
46.25,36.25,descending,222.90666
46.25,36.5,descending,221.51285
46.25,36.75,descending,218.97833
46.25,37.0,descending,216.46832
46.25,37.25,descending,215.90498
46.25,37.5,descending,218.6614
46.25,37.75,descending,228.40332
46.25,38.0,descending,236.59999
46.5,-13.0,descending,211.81665
46.5,-12.75,descending,212.29875
46.5,-12.5,descending,213.1857
46.5,-12.25,descending,212.98286
46.5,-12.0,descending,212.93713
46.5,-11.75,descending,212.99124
46.5,-11.5,descending,213.77832
46.5,-11.25,descending,214.19429
46.5,-11.0,descending,214.45125
46.5,-10.75,descending,214.35167
46.5,-10.5,descending,214.00716
46.5,-10.25,descending,213.81429
46.5,-10.0,descending,213.5957
46.5,-9.75,descending,213.15498
46.5,-9.5,descending,213.05666
46.5,-9.25,descending,213.27286
46.5,-9.0,descending,213.48167
46.5,-8.75,descending,213.02
46.5,-8.5,descending,211.895
46.5,-8.25,descending,210.915
46.5,-8.0,descending,210.53833
46.5,-7.75,descending,210.77165
46.5,-7.5,descending,211.46501
46.5,-7.25,descending,212.26428
46.5,-7.0,descending,213.01001
46.5,-6.75,descending,213.39856
46.5,-6.5,descending,214.255
46.5,-6.25,descending,215.085
46.5,-6.0,descending,215.496
46.5,-5.75,descending,215.45166
46.5,-5.5,descending,214.31166
46.5,-5.25,descending,214.68857
46.5,-5.0,descending,217.48833
46.5,-4.75,descending,218.955
46.5,-4.5,descending,217.8225
46.5,-4.25,descending,216.67429
46.5,-4.0,descending,216.87999
46.5,-3.75,descending,216.63428
46.5,-3.5,descending,216.28166
46.5,-3.25,descending,218.71143
46.5,-3.0,descending,219.18
46.5,-2.75,descending,216.75713
46.5,-2.5,descending,215.38332
46.5,-2.25,descending,217.69429
46.5,-2.0,descending,224.63666
46.5,-1.75,descending,235.47856
46.5,-1.5,descending,243.44331
46.5,-1.25,descending,254.35286
46.5,-1.0,descending,260.68668
46.5,-0.75,descending,263.565
46.5,-0.5,descending,265.50833
46.5,-0.25,descending,266.52374
46.5,0.0,descending,258.87375
46.5,0.25,descending,265.95856
46.5,0.5,descending,265.82376
46.5,0.75,descending,265.6357
46.5,1.0,descending,265.63498
46.5,1.25,descending,266.42444
46.5,1.5,descending,267.40857
46.5,1.75,descending,267.66888
46.5,2.0,descending,267.329
46.5,2.25,descending,266.70874
46.5,2.5,descending,266.1325
46.5,2.75,descending,265.813
46.5,3.0,descending,265.385
46.5,3.25,descending,264.92084
46.5,3.5,descending,264.849
46.5,3.75,descending,264.8507
46.5,4.0,descending,263.92398
46.5,4.25,descending,262.60178
46.5,4.5,descending,262.13315
46.5,4.75,descending,262.2395
46.5,5.0,descending,261.71997
46.5,8.0,descending,246.96599
46.5,8.25,descending,247.64117
46.5,8.5,descending,248.91998
46.5,8.75,descending,250.8023
46.5,9.0,descending,252.44165
46.5,9.25,descending,252.45908
46.5,9.5,descending,250.54727
46.5,9.75,descending,248.21298
46.5,10.0,descending,245.852
46.5,10.25,descending,245.16333
46.5,10.5,descending,245.065
46.5,10.75,descending,246.3689
46.5,11.0,descending,249.99124
46.5,11.25,descending,253.88666
46.5,11.5,descending,255.55249
46.5,11.75,descending,255.31749
46.5,12.0,descending,255.10857
46.5,12.25,descending,256.1025
46.5,12.5,descending,256.92285
46.5,12.75,descending,257.65857
46.5,13.0,descending,258.0114
46.5,13.25,descending,258.14142
46.5,13.5,descending,257.90125
46.5,13.75,descending,257.602
46.5,14.0,descending,257.44165
46.5,14.25,descending,257.00665
46.5,14.5,descending,255.52167
46.5,14.75,descending,254.002
46.5,15.0,descending,252.94286
46.5,15.25,descending,251.44142
46.5,15.5,descending,249.15166
46.5,15.75,descending,248.27333
46.5,16.0,descending,249.486
46.5,16.25,descending,252.90999
46.5,16.5,descending,257.74
46.5,16.75,descending,261.11166
46.5,17.0,descending,262.38284
46.5,17.25,descending,262.40427
46.5,17.5,descending,262.35666
46.5,17.75,descending,262.69833
46.5,18.0,descending,262.24832
46.5,18.25,descending,261.66833
46.5,18.5,descending,261.42
46.5,18.75,descending,260.96832
46.5,19.0,descending,261.13333
46.5,19.25,descending,261.69333
46.5,19.5,descending,262.27167
46.5,19.75,descending,263.02664
46.5,20.0,descending,262.9883
46.5,20.25,descending,262.99286
46.5,20.5,descending,263.06598
46.5,20.75,descending,262.926
46.5,21.0,descending,262.99167
46.5,21.25,descending,263.56284
46.5,21.5,descending,264.545
46.5,21.75,descending,265.63
46.5,22.0,descending,264.76578
46.5,22.25,descending,264.44998
46.5,22.5,descending,264.23816
46.5,22.75,descending,263.70947
46.5,23.0,descending,263.26367
46.5,23.25,descending,262.90063
46.5,23.5,descending,262.56058
46.5,23.75,descending,262.07056
46.5,24.0,descending,261.49866
46.5,24.25,descending,261.18237
46.5,24.5,descending,261.086
46.5,24.75,descending,261.005
46.5,25.0,descending,260.69666
46.5,25.25,descending,259.73938
46.5,25.5,descending,259.1093
46.5,25.75,descending,258.8713
46.5,26.0,descending,259.48117
46.5,26.25,descending,260.2407
46.5,26.5,descending,260.50623
46.5,26.75,descending,260.5631
46.5,27.0,descending,259.72125
46.5,27.25,descending,259.16998
46.5,27.5,descending,257.56473
46.5,27.75,descending,257.98764
46.5,28.0,descending,259.40723
46.5,28.25,descending,259.91943
46.5,28.5,descending,260.67334
46.5,28.75,descending,261.15997
46.5,29.0,descending,261.73047
46.5,29.25,descending,261.87888
46.5,29.5,descending,262.21036
46.5,29.75,descending,257.46875
46.5,30.0,descending,254.46167
46.5,30.25,descending,249.828
46.5,30.5,descending,243.04
46.5,30.75,descending,231.51332
46.5,31.0,descending,222.56142
46.5,31.25,descending,219.20999
46.5,31.5,descending,221.3657
46.5,31.75,descending,227.26332
46.5,32.0,descending,234.59427
46.5,32.25,descending,246.45166
46.5,32.5,descending,251.14
46.5,32.75,descending,255.75
46.5,33.0,descending,254.96832
46.5,33.25,descending,254.168
46.5,33.5,descending,256.28287
46.5,33.75,descending,257.56165
46.5,34.0,descending,257.72427
46.5,34.25,descending,257.4425
46.5,34.5,descending,256.92715
46.5,34.75,descending,253.45
46.5,35.0,descending,247.34999
46.5,35.25,descending,238.77666
46.5,35.5,descending,233.07713
46.5,35.75,descending,231.56166
46.5,36.0,descending,231.01714
46.5,36.25,descending,230.17665
46.5,36.5,descending,228.07571
46.5,36.75,descending,224.03333
46.5,37.0,descending,218.8057
46.5,37.25,descending,217.44666
46.5,37.5,descending,220.37143
46.5,37.75,descending,227.8657
46.5,38.0,descending,237.165
46.75,-13.0,descending,213.46333
46.75,-12.75,descending,213.5175
46.75,-12.5,descending,214.30142
46.75,-12.25,descending,214.98167
46.75,-12.0,descending,214.87
46.75,-11.75,descending,214.67334
46.75,-11.5,descending,214.69856
46.75,-11.25,descending,215.02856
46.75,-11.0,descending,215.288
46.75,-10.75,descending,215.96667
46.75,-10.5,descending,216.40285
46.75,-10.25,descending,215.92285
46.75,-10.0,descending,215.28857
46.75,-9.75,descending,215.09799
46.75,-9.5,descending,214.44499
46.75,-9.25,descending,213.51666
46.75,-9.0,descending,213.50832
46.75,-8.75,descending,213.81831
46.75,-8.5,descending,213.23833
46.75,-8.25,descending,212.06999
46.75,-8.0,descending,211.58833
46.75,-7.75,descending,211.41167
46.75,-7.5,descending,211.61665
46.75,-7.25,descending,212.35999
46.75,-7.0,descending,213.33142
46.75,-6.75,descending,213.96199
46.75,-6.5,descending,214.22798
46.75,-6.25,descending,214.87997
46.75,-6.0,descending,215.24666
46.75,-5.75,descending,216.62
46.75,-5.5,descending,216.23833
46.75,-5.25,descending,214.658
46.75,-5.0,descending,215.69167
46.75,-4.75,descending,217.02666
46.75,-4.5,descending,216.34286
46.75,-4.25,descending,215.47499
46.75,-4.0,descending,215.19666
46.75,-3.75,descending,215.11499
46.75,-3.5,descending,215.59332
46.75,-3.25,descending,218.62143
46.75,-3.0,descending,219.50832
46.75,-2.75,descending,217.45999
46.75,-2.5,descending,217.66998
46.75,-2.25,descending,223.52
46.75,-2.0,descending,237.02571
46.75,-1.75,descending,248.18599
46.75,-1.5,descending,255.05142
46.75,-1.25,descending,260.615
46.75,-1.0,descending,263.19855
46.75,-0.75,descending,264.34167
46.75,-0.5,descending,266.02142
46.75,-0.25,descending,267.1957
46.75,0.0,descending,258.4
46.75,0.25,descending,266.60712
46.75,0.5,descending,266.22284
46.75,0.75,descending,265.79572
46.75,1.0,descending,265.685
46.75,1.25,descending,266.27
46.75,1.5,descending,266.81888
46.75,1.75,descending,266.81857
46.75,2.0,descending,266.675
46.75,2.25,descending,266.25223
46.75,2.5,descending,265.96
46.75,2.75,descending,265.605
46.75,3.0,descending,265.02667
46.75,3.25,descending,264.5822
46.75,3.5,descending,264.26834
46.75,3.75,descending,263.16833
46.75,4.0,descending,260.71384
46.75,4.25,descending,259.11
46.75,4.5,descending,259.4325
46.75,4.75,descending,260.065
46.75,5.0,descending,259.71915
46.75,8.0,descending,247.88
46.75,8.25,descending,248.54765
46.75,8.5,descending,248.24333
46.75,8.75,descending,248.99916
46.75,9.0,descending,250.24272
46.75,9.25,descending,251.56
46.75,9.5,descending,251.551
46.75,9.75,descending,249.44
46.75,10.0,descending,246.98112
46.75,10.25,descending,244.00778
46.75,10.5,descending,242.15332
46.75,10.75,descending,242.15125
46.75,11.0,descending,245.17249
46.75,11.25,descending,248.98286
46.75,11.5,descending,253.13875
46.75,11.75,descending,254.0743
46.75,12.0,descending,253.41875
46.75,12.25,descending,253.4857
46.75,12.5,descending,254.80666
46.75,12.75,descending,256.43713
46.75,13.0,descending,257.4833
46.75,13.25,descending,258.11002
46.75,13.5,descending,258.56598
46.75,13.75,descending,258.6557
46.75,14.0,descending,258.68875
46.75,14.25,descending,258.3
46.75,14.5,descending,257.185
46.75,14.75,descending,255.44142
46.75,15.0,descending,254.00429
46.75,15.25,descending,251.98799
46.75,15.5,descending,249.59332
46.75,15.75,descending,247.32332
46.75,16.0,descending,246.96428
46.75,16.25,descending,249.81834
46.75,16.5,descending,254.68799
46.75,16.75,descending,258.97665
46.75,17.0,descending,260.94333
46.75,17.25,descending,260.242
46.75,17.5,descending,259.898
46.75,17.75,descending,260.40833
46.75,18.0,descending,261.762
46.75,18.25,descending,262.18716
46.75,18.5,descending,262.112
46.75,18.75,descending,261.905
46.75,19.0,descending,261.93332
46.75,19.25,descending,262.94666
46.75,19.5,descending,263.355
46.75,19.75,descending,263.31665
46.75,20.0,descending,262.87
46.75,20.25,descending,262.74832
46.75,20.5,descending,262.88333
46.75,20.75,descending,262.905
46.75,21.0,descending,262.8325
46.75,21.25,descending,262.992
46.75,21.5,descending,263.43332
46.75,21.75,descending,264.6014
46.75,22.0,descending,264.3864
46.75,22.25,descending,264.22546
46.75,22.5,descending,264.12555
46.75,22.75,descending,263.98895
46.75,23.0,descending,263.57895
46.75,23.25,descending,262.82294
46.75,23.5,descending,262.26294
46.75,23.75,descending,261.60187
46.75,24.0,descending,261.01
46.75,24.25,descending,260.5075
46.75,24.5,descending,260.3157
46.75,24.75,descending,260.27997
46.75,25.0,descending,259.43134
46.75,25.25,descending,257.1523
46.75,25.5,descending,255.78587
46.75,25.75,descending,256.9157
46.75,26.0,descending,258.38385
46.75,26.25,descending,259.5141
46.75,26.5,descending,260.15332
46.75,26.75,descending,261.06866
46.75,27.0,descending,261.75598
46.75,27.25,descending,259.65466
46.75,27.5,descending,259.21704
46.75,27.75,descending,258.3823
46.75,28.0,descending,259.32684
46.75,28.25,descending,260.33624
46.75,28.5,descending,261.40588
46.75,28.75,descending,261.65735
46.75,29.0,descending,261.92682
46.75,29.25,descending,262.4374
46.75,29.5,descending,262.81442
46.75,29.75,descending,262.34
46.75,30.0,descending,258.34
46.75,30.25,descending,256.29834
46.75,30.5,descending,252.97571
46.75,30.75,descending,245.69832
46.75,31.0,descending,239.418
46.75,31.25,descending,235.45714
46.75,31.5,descending,236.03398
46.75,31.75,descending,237.842
46.75,32.0,descending,244.35999
46.75,32.25,descending,250.53198
46.75,32.5,descending,258.09998
46.75,32.75,descending,261.17334
46.75,33.0,descending,262.29
46.75,33.25,descending,260.78333
46.75,33.5,descending,259.806
46.75,33.75,descending,260.10602
46.75,34.0,descending,261.00858
46.75,34.25,descending,261.59
46.75,34.5,descending,262.3325
46.75,34.75,descending,261.35248
46.75,35.0,descending,259.41855
46.75,35.25,descending,253.59666
46.75,35.5,descending,248.38571
46.75,35.75,descending,246.22833
46.75,36.0,descending,244.62856
46.75,36.25,descending,243.00667
46.75,36.5,descending,240.255
46.75,36.75,descending,235.452
46.75,37.0,descending,227.04
46.75,37.25,descending,224.77571
46.75,37.5,descending,227.04832
46.75,37.75,descending,234.36165
46.75,38.0,descending,242.495
47.0,-13.0,descending,214.86
47.0,-12.75,descending,214.90125
47.0,-12.5,descending,214.97142
47.0,-12.25,descending,215.25713
47.0,-12.0,descending,215.93375
47.0,-11.75,descending,216.2057
47.0,-11.5,descending,216.53714
47.0,-11.25,descending,216.62166
47.0,-11.0,descending,216.53142
47.0,-10.75,descending,217.06714
47.0,-10.5,descending,217.96
47.0,-10.25,descending,217.57199
47.0,-10.0,descending,216.23665
47.0,-9.75,descending,215.40857
47.0,-9.5,descending,215.00832
47.0,-9.25,descending,214.17
47.0,-9.0,descending,213.43999
47.0,-8.75,descending,213.895
47.0,-8.5,descending,214.07666
47.0,-8.25,descending,213.22833
47.0,-8.0,descending,213.0957
47.0,-7.75,descending,213.25835
47.0,-7.5,descending,212.53667
47.0,-7.25,descending,212.55666
47.0,-7.0,descending,213.63
47.0,-6.75,descending,214.548
47.0,-6.5,descending,214.94998
47.0,-6.25,descending,214.92833
47.0,-6.0,descending,214.80998
47.0,-5.75,descending,216.20999
47.0,-5.5,descending,217.27167
47.0,-5.25,descending,215.57832
47.0,-5.0,descending,214.96
47.0,-4.75,descending,215.14667
47.0,-4.5,descending,214.45714
47.0,-4.25,descending,214.72499
47.0,-4.0,descending,214.87997
47.0,-3.75,descending,214.702
47.0,-3.5,descending,214.97166
47.0,-3.25,descending,216.82999
47.0,-3.0,descending,217.68834
47.0,-2.75,descending,217.33286
47.0,-2.5,descending,220.60999
47.0,-2.25,descending,231.145
47.0,-2.0,descending,247.99715
47.0,-1.75,descending,258.305
47.0,-1.5,descending,262.66144
47.0,-1.25,descending,264.71332
47.0,-1.0,descending,265.28427
47.0,-0.75,descending,265.53165
47.0,-0.5,descending,266.73856
47.0,-0.25,descending,267.72
47.0,0.0,descending,255.719
47.0,0.25,descending,267.66125
47.0,0.5,descending,266.9943
47.0,0.75,descending,266.2757
47.0,1.0,descending,265.8175
47.0,1.25,descending,265.88428
47.0,1.5,descending,265.93875
47.0,1.75,descending,265.7389
47.0,2.0,descending,265.5611
47.0,2.25,descending,265.25873
47.0,2.5,descending,264.604
47.0,2.75,descending,264.3825
47.0,3.0,descending,264.22
47.0,3.25,descending,264.242
47.0,3.5,descending,263.58167
47.0,3.75,descending,261.336
47.0,4.0,descending,258.23846
47.0,4.25,descending,256.3464
47.0,4.5,descending,256.76187
47.0,4.75,descending,257.48264
47.0,5.0,descending,257.3765
47.0,5.25,descending,256.68
47.0,8.25,descending,252.4
47.0,8.5,descending,252.11812
47.0,8.75,descending,252.00922
47.0,9.0,descending,252.23077
47.0,9.25,descending,253.16998
47.0,9.5,descending,253.91454
47.0,9.75,descending,253.58818
47.0,10.0,descending,251.54443
47.0,10.25,descending,249.0911
47.0,10.5,descending,245.97112
47.0,10.75,descending,243.91249
47.0,11.0,descending,243.72556
47.0,11.25,descending,246.34375
47.0,11.5,descending,249.91573
47.0,11.75,descending,251.52713
47.0,12.0,descending,251.46715
47.0,12.25,descending,250.70857
47.0,12.5,descending,251.57375
47.0,12.75,descending,253.4375
47.0,13.0,descending,255.34286
47.0,13.25,descending,256.55283
47.0,13.5,descending,257.96375
47.0,13.75,descending,258.78665
47.0,14.0,descending,259.41998
47.0,14.25,descending,259.53833
47.0,14.5,descending,259.02167
47.0,14.75,descending,257.60333
47.0,15.0,descending,255.396
47.0,15.25,descending,253.07666
47.0,15.5,descending,250.52571
47.0,15.75,descending,248.62666
47.0,16.0,descending,247.885
47.0,16.25,descending,248.68333
47.0,16.5,descending,251.59833
47.0,16.75,descending,255.86165
47.0,17.0,descending,259.67667
47.0,17.25,descending,260.25833
47.0,17.5,descending,259.1157
47.0,17.75,descending,258.516
47.0,18.0,descending,259.9157
47.0,18.25,descending,261.93198
47.0,18.5,descending,262.95428
47.0,18.75,descending,262.798
47.0,19.0,descending,262.6143
47.0,19.25,descending,263.392
47.0,19.5,descending,263.93167
47.0,19.75,descending,263.42667
47.0,20.0,descending,262.80402
47.0,20.25,descending,262.34833
47.0,20.5,descending,262.365
47.0,20.75,descending,262.51572
47.0,21.0,descending,262.5533
47.0,21.25,descending,262.41855
47.0,21.5,descending,262.3025
47.0,21.75,descending,263.148
47.0,22.0,descending,263.77124
47.0,22.25,descending,263.5943
47.0,22.5,descending,264.0109
47.0,22.75,descending,263.9928
47.0,23.0,descending,263.68167
47.0,23.25,descending,263.02057
47.0,23.5,descending,262.35687
47.0,23.75,descending,261.79562
47.0,24.0,descending,261.0647
47.0,24.25,descending,260.58533
47.0,24.5,descending,260.42468
47.0,24.75,descending,260.2693
47.0,25.0,descending,259.2641
47.0,25.25,descending,256.62686
47.0,25.5,descending,255.91643
47.0,25.75,descending,256.9413
47.0,26.0,descending,258.62
47.0,26.25,descending,259.20786
47.0,26.5,descending,259.9275
47.0,26.75,descending,261.5064
47.0,27.0,descending,262.17587
47.0,27.25,descending,261.94373
47.0,27.5,descending,260.11066
47.0,27.75,descending,259.07144
47.0,28.0,descending,260.17
47.0,28.25,descending,260.96188
47.0,28.5,descending,261.51474
47.0,28.75,descending,261.6222
47.0,29.0,descending,262.22772
47.0,29.25,descending,262.8875
47.0,29.5,descending,263.3592
47.0,29.75,descending,263.8082
47.0,30.0,descending,261.2011
47.0,30.25,descending,259.69333
47.0,30.5,descending,258.65198
47.0,30.75,descending,257.06
47.0,31.0,descending,253.59999
47.0,31.25,descending,252.17801
47.0,31.5,descending,249.96999
47.0,31.75,descending,251.43001
47.0,32.0,descending,253.2
47.0,32.25,descending,256.25143
47.0,32.5,descending,260.148
47.0,32.75,descending,262.58167
47.0,33.0,descending,263.40833
47.0,33.25,descending,262.21143
47.0,33.5,descending,259.99832
47.0,33.75,descending,259.65164
47.0,34.0,descending,261.55597
47.0,34.25,descending,263.29144
47.0,34.5,descending,264.60666
47.0,34.75,descending,264.91333
47.0,35.0,descending,264.04248
47.0,35.25,descending,262.11667
47.0,35.5,descending,259.6614
47.0,35.75,descending,258.18332
47.0,36.0,descending,257.0
47.0,36.25,descending,255.91333
47.0,36.5,descending,254.15001
47.0,36.75,descending,245.87
47.0,37.0,descending,241.68333
47.0,37.25,descending,238.7057
47.0,37.5,descending,239.35167
47.0,37.75,descending,243.01874
47.0,38.0,descending,246.61665
47.25,-13.0,descending,215.28667
47.25,-12.75,descending,215.54857
47.25,-12.5,descending,215.76166
47.25,-12.25,descending,216.015
47.25,-12.0,descending,216.71
47.25,-11.75,descending,217.53142
47.25,-11.5,descending,218.58714
47.25,-11.25,descending,218.79333
47.25,-11.0,descending,219.55713
47.25,-10.75,descending,220.02666
47.25,-10.5,descending,220.11284
47.25,-10.25,descending,220.48428
47.25,-10.0,descending,220.15
47.25,-9.75,descending,218.26
47.25,-9.5,descending,216.16167
47.25,-9.25,descending,215.31198
47.25,-9.0,descending,214.5057
47.25,-8.75,descending,213.96832
47.25,-8.5,descending,213.79167
47.25,-8.25,descending,213.26
47.25,-8.0,descending,213.40201
47.25,-7.75,descending,214.368
47.25,-7.5,descending,214.135
47.25,-7.25,descending,213.01166
47.25,-7.0,descending,213.33598
47.25,-6.75,descending,214.76855
47.25,-6.5,descending,216.03198
47.25,-6.25,descending,215.90833
47.25,-6.0,descending,215.146
47.25,-5.75,descending,215.51833
47.25,-5.5,descending,216.54668
47.25,-5.25,descending,215.90498
47.25,-5.0,descending,215.44832
47.25,-4.75,descending,214.9
47.25,-4.5,descending,213.91333
47.25,-4.25,descending,214.14333
47.25,-4.0,descending,214.66142
47.25,-3.75,descending,214.524
47.25,-3.5,descending,214.93999
47.25,-3.25,descending,216.67
47.25,-3.0,descending,217.90332
47.25,-2.75,descending,220.32713
47.25,-2.5,descending,227.84833
47.25,-2.25,descending,240.42833
47.25,-2.0,descending,254.07666
47.25,-1.75,descending,262.498
47.25,-1.5,descending,265.32428
47.25,-1.25,descending,266.39334
47.25,-1.0,descending,266.46164
47.25,-0.75,descending,266.4886
47.25,-0.5,descending,267.14664
47.25,-0.25,descending,268.00714
47.25,0.0,descending,261.0975
47.25,0.25,descending,268.58835
47.25,0.5,descending,267.75714
47.25,0.75,descending,266.57623
47.25,1.0,descending,265.87167
47.25,1.25,descending,265.61
47.25,1.5,descending,265.45
47.25,1.75,descending,265.32498
47.25,2.0,descending,265.175
47.25,2.25,descending,264.44373
47.25,2.5,descending,263.5025
47.25,2.75,descending,263.413
47.25,3.0,descending,263.976
47.25,3.25,descending,264.21625
47.25,3.5,descending,263.40332
47.25,3.75,descending,260.871
47.25,4.0,descending,257.97818
47.25,4.25,descending,256.40182
47.25,4.5,descending,256.02798
47.25,4.75,descending,255.99529
47.25,5.0,descending,255.8525
47.25,5.25,descending,255.85352
47.25,8.25,descending,252.46461
47.25,8.5,descending,252.51125
47.25,8.75,descending,252.52614
47.25,9.0,descending,252.83078
47.25,9.25,descending,253.71999
47.25,9.5,descending,254.82901
47.25,9.75,descending,255.37375
47.25,10.0,descending,255.13272
47.25,10.25,descending,254.04749
47.25,10.5,descending,252.48999
47.25,10.75,descending,251.00874
47.25,11.0,descending,250.1525
47.25,11.25,descending,249.5725
47.25,11.5,descending,250.71571
47.25,11.75,descending,252.25856
47.25,12.0,descending,252.60571
47.25,12.25,descending,251.6157
47.25,12.5,descending,251.51143
47.25,12.75,descending,252.25166
47.25,13.0,descending,254.19142
47.25,13.25,descending,255.79199
47.25,13.5,descending,256.89142
47.25,13.75,descending,258.07666
47.25,14.0,descending,259.14374
47.25,14.25,descending,259.83
47.25,14.5,descending,259.99
47.25,14.75,descending,259.395
47.25,15.0,descending,257.75714
47.25,15.25,descending,255.28499
47.25,15.5,descending,252.51857
47.25,15.75,descending,250.29167
47.25,16.0,descending,249.73665
47.25,16.25,descending,249.12
47.25,16.5,descending,248.90141
47.25,16.75,descending,251.10799
47.25,17.0,descending,255.95833
47.25,17.25,descending,259.97
47.25,17.5,descending,260.332
47.25,17.75,descending,259.53
47.25,18.0,descending,259.666
47.25,18.25,descending,261.35666
47.25,18.5,descending,263.374
47.25,18.75,descending,263.44833
47.25,19.0,descending,263.104
47.25,19.25,descending,263.63498
47.25,19.5,descending,264.11398
47.25,19.75,descending,263.47165
47.25,20.0,descending,262.60715
47.25,20.25,descending,262.0725
47.25,20.5,descending,261.88
47.25,20.75,descending,262.0
47.25,21.0,descending,262.1557
47.25,21.25,descending,261.76666
47.25,21.5,descending,261.465
47.25,21.75,descending,262.04428
47.25,22.0,descending,263.05124
47.25,22.25,descending,262.78293
47.25,22.5,descending,263.15714
47.25,22.75,descending,263.18
47.25,23.0,descending,263.06525
47.25,23.25,descending,262.65704
47.25,23.5,descending,262.40997
47.25,23.75,descending,262.10135
47.25,24.0,descending,261.60812
47.25,24.25,descending,261.23132
47.25,24.5,descending,260.84732
47.25,24.75,descending,260.41266
47.25,25.0,descending,259.455
47.25,25.25,descending,258.41864
47.25,25.5,descending,258.24213
47.25,25.75,descending,259.06265
47.25,26.0,descending,259.13998
47.25,26.25,descending,259.21783
47.25,26.5,descending,260.39142
47.25,26.75,descending,261.684
47.25,27.0,descending,262.37997
47.25,27.25,descending,262.0573
47.25,27.5,descending,261.34
47.25,27.75,descending,260.98932
47.25,28.0,descending,260.9293
47.25,28.25,descending,261.794
47.25,28.5,descending,261.73352
47.25,28.75,descending,262.0659
47.25,29.0,descending,262.19763
47.25,29.25,descending,262.75314
47.25,29.5,descending,263.36954
47.25,29.75,descending,264.1
47.25,30.0,descending,263.8726
47.25,30.25,descending,261.58002
47.25,30.5,descending,261.57498
47.25,30.75,descending,261.63165
47.25,31.0,descending,261.02167
47.25,31.25,descending,260.18332
47.25,31.5,descending,260.32428
47.25,31.75,descending,260.11002
47.25,32.0,descending,259.68143
47.25,32.25,descending,260.684
47.25,32.5,descending,261.88
47.25,32.75,descending,263.038
47.25,33.0,descending,263.51715
47.25,33.25,descending,262.7225
47.25,33.5,descending,260.47833
47.25,33.75,descending,258.70667
47.25,34.0,descending,259.682
47.25,34.25,descending,261.75833
47.25,34.5,descending,263.49167
47.25,34.75,descending,264.13284
47.25,35.0,descending,263.68167
47.25,35.25,descending,263.405
47.25,35.5,descending,263.232
47.25,35.75,descending,262.7075
47.25,36.0,descending,262.324
47.25,36.25,descending,261.87997
47.25,36.5,descending,261.25
47.25,36.75,descending,257.90286
47.25,37.0,descending,255.46
47.25,37.25,descending,253.17332
47.25,37.5,descending,252.59856
47.25,37.75,descending,253.814
47.25,38.0,descending,252.855
47.5,-13.0,descending,215.8375
47.5,-12.75,descending,216.5657
47.5,-12.5,descending,216.6525
47.5,-12.25,descending,217.40285
47.5,-12.0,descending,218.58124
47.5,-11.75,descending,220.42714
47.5,-11.5,descending,221.75713
47.5,-11.25,descending,223.1257
47.5,-11.0,descending,223.44666
47.5,-10.75,descending,224.15166
47.5,-10.5,descending,224.90572
47.5,-10.25,descending,224.932
47.5,-10.0,descending,225.59799
47.5,-9.75,descending,225.38599
47.5,-9.5,descending,222.32375
47.5,-9.25,descending,219.02666
47.5,-9.0,descending,217.30833
47.5,-8.75,descending,215.4
47.5,-8.5,descending,213.50832
47.5,-8.25,descending,212.496
47.5,-8.0,descending,212.47285
47.5,-7.75,descending,213.87
47.5,-7.5,descending,214.48833
47.5,-7.25,descending,213.63
47.5,-7.0,descending,213.2357
47.5,-6.75,descending,214.29
47.5,-6.5,descending,215.84285
47.5,-6.25,descending,217.02832
47.5,-6.0,descending,216.53333
47.5,-5.75,descending,216.41
47.5,-5.5,descending,215.97833
47.5,-5.25,descending,215.236
47.5,-5.0,descending,215.56166
47.5,-4.75,descending,216.06285
47.5,-4.5,descending,216.03499
47.5,-4.25,descending,216.07832
47.5,-4.0,descending,215.67857
47.5,-3.75,descending,216.315
47.5,-3.5,descending,217.93857
47.5,-3.25,descending,221.038
47.5,-3.0,descending,224.325
47.5,-2.75,descending,229.55998
47.5,-2.5,descending,239.3075
47.5,-2.25,descending,250.42499
47.5,-2.0,descending,259.548
47.5,-1.75,descending,263.80667
47.5,-1.5,descending,265.79666
47.5,-1.25,descending,266.90427
47.5,-1.0,descending,267.00333
47.5,-0.75,descending,266.9057
47.5,-0.5,descending,267.37833
47.5,-0.25,descending,268.18997
47.5,0.0,descending,268.88126
47.5,0.25,descending,268.80142
47.5,0.5,descending,267.84143
47.5,0.75,descending,266.3943
47.5,1.0,descending,265.49
47.5,1.25,descending,265.1425
47.5,1.5,descending,265.31284
47.5,1.75,descending,265.53555
47.5,2.0,descending,265.32144
47.5,2.25,descending,264.365
47.5,2.5,descending,263.4222
47.5,2.75,descending,263.46
47.5,3.0,descending,264.085
47.5,3.25,descending,264.25125
47.5,3.5,descending,263.56833
47.5,3.75,descending,261.695
47.5,4.0,descending,259.99817
47.5,4.25,descending,258.15332
47.5,4.5,descending,256.62076
47.5,4.75,descending,255.48
47.5,5.0,descending,255.09554
47.5,5.25,descending,254.97545
47.5,5.5,descending,254.81
47.5,8.25,descending,253.30667
47.5,8.5,descending,252.6547
47.5,8.75,descending,251.81714
47.5,9.0,descending,251.08
47.5,9.25,descending,250.7291
47.5,9.5,descending,251.46
47.5,9.75,descending,253.37888
47.5,10.0,descending,254.345
47.5,10.25,descending,255.295
47.5,10.5,descending,255.19221
47.5,10.75,descending,254.70001
47.5,11.0,descending,254.44875
47.5,11.25,descending,254.36124
47.5,11.5,descending,254.42554
47.5,11.75,descending,255.08112
47.5,12.0,descending,255.45999
47.5,12.25,descending,255.70499
47.5,12.5,descending,255.06142
47.5,12.75,descending,255.2157
47.5,13.0,descending,255.47285
47.5,13.25,descending,256.72
47.5,13.5,descending,257.44714
47.5,13.75,descending,257.9357
47.5,14.0,descending,258.71832
47.5,14.25,descending,259.46332
47.5,14.5,descending,259.91714
47.5,14.75,descending,259.78
47.5,15.0,descending,258.89166
47.5,15.25,descending,257.09
47.5,15.5,descending,254.698
47.5,15.75,descending,252.73499
47.5,16.0,descending,251.01666
47.5,16.25,descending,249.46333
47.5,16.5,descending,247.585
47.5,16.75,descending,247.34166
47.5,17.0,descending,251.574
47.5,17.25,descending,257.27
47.5,17.5,descending,260.56714
47.5,17.75,descending,261.142
47.5,18.0,descending,260.70667
47.5,18.25,descending,261.25333
47.5,18.5,descending,262.53
47.5,18.75,descending,263.27164
47.5,19.0,descending,263.38498
47.5,19.25,descending,263.86002
47.5,19.5,descending,264.19427
47.5,19.75,descending,263.37
47.5,20.0,descending,262.4283
47.5,20.25,descending,261.96164
47.5,20.5,descending,261.64166
47.5,20.75,descending,261.824
47.5,21.0,descending,262.01712
47.5,21.25,descending,261.40665
47.5,21.5,descending,261.04834
47.5,21.75,descending,261.78714
47.5,22.0,descending,262.58334
47.5,22.25,descending,261.8
47.5,22.5,descending,261.88913
47.5,22.75,descending,262.042
47.5,23.0,descending,262.2211
47.5,23.25,descending,262.19473
47.5,23.5,descending,262.22186
47.5,23.75,descending,262.21167
47.5,24.0,descending,262.06668
47.5,24.25,descending,261.79498
47.5,24.5,descending,261.32437
47.5,24.75,descending,260.428
47.5,25.0,descending,259.44
47.5,25.25,descending,259.05286
47.5,25.5,descending,259.19943
47.5,25.75,descending,259.108
47.5,26.0,descending,258.3975
47.5,26.25,descending,258.582
47.5,26.5,descending,260.30865
47.5,26.75,descending,261.66534
47.5,27.0,descending,261.97766
47.5,27.25,descending,261.82693
47.5,27.5,descending,261.48175
47.5,27.75,descending,261.42764
47.5,28.0,descending,261.65823
47.5,28.25,descending,261.90295
47.5,28.5,descending,261.9706
47.5,28.75,descending,261.8441
47.5,29.0,descending,261.9355
47.5,29.25,descending,262.522
47.5,29.5,descending,263.38046
47.5,29.75,descending,263.75
47.5,30.0,descending,263.92242
47.5,30.25,descending,263.23666
47.5,30.5,descending,262.71335
47.5,30.75,descending,262.916
47.5,31.0,descending,262.94165
47.5,31.25,descending,262.93832
47.5,31.5,descending,263.08798
47.5,31.75,descending,262.81497
47.5,32.0,descending,262.615
47.5,32.25,descending,262.45572
47.5,32.5,descending,263.12833
47.5,32.75,descending,263.67502
47.5,33.0,descending,263.90164
47.5,33.25,descending,263.59332
47.5,33.5,descending,262.275
47.5,33.75,descending,259.66165
47.5,34.0,descending,258.06
47.5,34.25,descending,258.5075
47.5,34.5,descending,259.815
47.5,34.75,descending,260.41855
47.5,35.0,descending,260.18167
47.5,35.25,descending,261.6843
47.5,35.5,descending,263.47165
47.5,35.75,descending,263.9883
47.5,36.0,descending,263.98712
47.5,36.25,descending,263.8633
47.5,36.5,descending,263.77332
47.5,36.75,descending,263.08
47.5,37.0,descending,262.05
47.5,37.25,descending,261.04333
47.5,37.5,descending,260.62143
47.5,37.75,descending,260.31714
47.5,38.0,descending,259.36
47.75,-13.0,descending,217.59666
47.75,-12.75,descending,218.57571
47.75,-12.5,descending,219.98856
47.75,-12.25,descending,220.53833
47.75,-12.0,descending,222.25143
47.75,-11.75,descending,223.76
47.75,-11.5,descending,226.39874
47.75,-11.25,descending,227.702
47.75,-11.0,descending,227.83427
47.75,-10.75,descending,229.47714
47.75,-10.5,descending,229.895
47.75,-10.25,descending,230.36499
47.75,-10.0,descending,231.62625
47.75,-9.75,descending,232.93
47.75,-9.5,descending,232.26857
47.75,-9.25,descending,227.33798
47.75,-9.0,descending,222.26166
47.75,-8.75,descending,218.59833
47.75,-8.5,descending,215.375
47.75,-8.25,descending,212.36499
47.75,-8.0,descending,211.65332
47.75,-7.75,descending,212.472
47.75,-7.5,descending,213.55333
47.75,-7.25,descending,213.51166
47.75,-7.0,descending,212.63199
47.75,-6.75,descending,212.65999
47.75,-6.5,descending,214.25998
47.75,-6.25,descending,216.30998
47.75,-6.0,descending,217.352
47.75,-5.75,descending,217.34666
47.75,-5.5,descending,216.378
47.75,-5.25,descending,214.54001
47.75,-5.0,descending,215.0
47.75,-4.75,descending,219.15428
47.75,-4.5,descending,221.91667
47.75,-4.25,descending,222.694
47.75,-4.0,descending,223.632
47.75,-3.75,descending,226.21498
47.75,-3.5,descending,229.83714
47.75,-3.25,descending,234.17665
47.75,-3.0,descending,237.40332
47.75,-2.75,descending,242.40285
47.75,-2.5,descending,249.185
47.75,-2.25,descending,256.59332
47.75,-2.0,descending,261.4471
47.75,-1.75,descending,263.745
47.75,-1.5,descending,265.38333
47.75,-1.25,descending,266.79572
47.75,-1.0,descending,267.06332
47.75,-0.75,descending,266.94833
47.75,-0.5,descending,267.36713
47.75,-0.25,descending,268.14334
47.75,0.0,descending,254.20624
47.75,0.25,descending,268.31998
47.75,0.5,descending,267.2314
47.75,0.75,descending,265.77167
47.75,1.0,descending,264.6725
47.75,1.25,descending,264.39142
47.75,1.5,descending,264.86002
47.75,1.75,descending,265.13428
47.75,2.0,descending,264.92776
47.75,2.25,descending,264.1425
47.75,2.5,descending,263.695
47.75,2.75,descending,263.7825
47.75,3.0,descending,264.00223
47.75,3.25,descending,263.90625
47.75,3.5,descending,263.40363
47.75,3.75,descending,262.4989
47.75,4.0,descending,261.72272
47.75,4.25,descending,259.971
47.75,4.5,descending,258.20538
47.75,4.75,descending,256.56
47.75,5.0,descending,255.07642
47.75,5.25,descending,254.09554
47.75,5.5,descending,254.27904
47.75,5.75,descending,255.01498
47.75,8.25,descending,254.33333
47.75,8.5,descending,253.62054
47.75,8.75,descending,252.11461
47.75,9.0,descending,250.93538
47.75,9.25,descending,249.53499
47.75,9.5,descending,248.61455
47.75,9.75,descending,249.116
47.75,10.0,descending,250.75798
47.75,10.25,descending,252.13625
47.75,10.5,descending,252.89777
47.75,10.75,descending,252.9257
47.75,11.0,descending,252.7475
47.75,11.25,descending,252.75624
47.75,11.5,descending,253.71286
47.75,11.75,descending,254.67429
47.75,12.0,descending,255.2175
47.75,12.25,descending,255.03333
47.75,12.5,descending,255.37428
47.75,12.75,descending,255.41284
47.75,13.0,descending,256.18
47.75,13.25,descending,256.44284
47.75,13.5,descending,257.18
47.75,13.75,descending,257.3457
47.75,14.0,descending,257.71713
47.75,14.25,descending,258.56
47.75,14.5,descending,259.2557
47.75,14.75,descending,259.556
47.75,15.0,descending,259.18
47.75,15.25,descending,258.24332
47.75,15.5,descending,256.7143
47.75,15.75,descending,254.97667
47.75,16.0,descending,251.97333
47.75,16.25,descending,249.15332
47.75,16.5,descending,247.19
47.75,16.75,descending,246.97333
47.75,17.0,descending,249.43166
47.75,17.25,descending,255.01833
47.75,17.5,descending,259.664
47.75,17.75,descending,261.31497
47.75,18.0,descending,261.30832
47.75,18.25,descending,261.0525
47.75,18.5,descending,261.53427
47.75,18.75,descending,262.386
47.75,19.0,descending,262.91333
47.75,19.25,descending,263.6
47.75,19.5,descending,264.11
47.75,19.75,descending,263.50287
47.75,20.0,descending,262.7825
47.75,20.25,descending,262.61285
47.75,20.5,descending,262.14664
47.75,20.75,descending,262.02798
47.75,21.0,descending,262.158
47.75,21.25,descending,261.42798
47.75,21.5,descending,261.03833
47.75,21.75,descending,261.80573
47.75,22.0,descending,262.6133
47.75,22.25,descending,261.33167
47.75,22.5,descending,261.09738
47.75,22.75,descending,261.13525
47.75,23.0,descending,261.38498
47.75,23.25,descending,261.80823
47.75,23.5,descending,262.00763
47.75,23.75,descending,262.18143
47.75,24.0,descending,262.23764
47.75,24.25,descending,262.03
47.75,24.5,descending,261.47598
47.75,24.75,descending,260.6475
47.75,25.0,descending,259.9057
47.75,25.25,descending,259.43332
47.75,25.5,descending,259.05713
47.75,25.75,descending,257.71228
47.75,26.0,descending,256.48712
47.75,26.25,descending,257.3
47.75,26.5,descending,259.64688
47.75,26.75,descending,261.28
47.75,27.0,descending,261.57462
47.75,27.25,descending,261.3681
47.75,27.5,descending,261.43
47.75,27.75,descending,261.59332
47.75,28.0,descending,261.84125
47.75,28.25,descending,261.9975
47.75,28.5,descending,261.85767
47.75,28.75,descending,261.8353
47.75,29.0,descending,262.2072
47.75,29.25,descending,262.64706
47.75,29.5,descending,262.8589
47.75,29.75,descending,263.17712
47.75,30.0,descending,263.3352
47.75,30.25,descending,263.1768
47.75,30.5,descending,262.84714
47.75,30.75,descending,262.976
47.75,31.0,descending,262.955
47.75,31.25,descending,263.018
47.75,31.5,descending,263.1
47.75,31.75,descending,263.07
47.75,32.0,descending,262.99
47.75,32.25,descending,262.9883
47.75,32.5,descending,263.168
47.75,32.75,descending,263.60498
47.75,33.0,descending,263.71198
47.75,33.25,descending,263.502
47.75,33.5,descending,263.14835
47.75,33.75,descending,261.7525
47.75,34.0,descending,259.28857
47.75,34.25,descending,258.22165
47.75,34.5,descending,258.574
47.75,34.75,descending,258.746
47.75,35.0,descending,258.5833
47.75,35.25,descending,260.33
47.75,35.5,descending,263.1
47.75,35.75,descending,264.17667
47.75,36.0,descending,264.33572
47.75,36.25,descending,264.395
47.75,36.5,descending,264.46664
47.75,36.75,descending,264.1243
47.75,37.0,descending,263.39334
47.75,37.25,descending,262.735
47.75,37.5,descending,262.22665
47.75,37.75,descending,261.82498
47.75,38.0,descending,261.455
48.0,-13.0,descending,218.91333
48.0,-12.75,descending,220.30124
48.0,-12.5,descending,222.55875
48.0,-12.25,descending,224.60124
48.0,-12.0,descending,225.58833
48.0,-11.75,descending,227.72374
48.0,-11.5,descending,230.11398
48.0,-11.25,descending,232.11874
48.0,-11.0,descending,233.4257
48.0,-10.75,descending,233.91599
48.0,-10.5,descending,233.85667
48.0,-10.25,descending,234.26143
48.0,-10.0,descending,235.30714
48.0,-9.75,descending,237.646
48.0,-9.5,descending,238.376
48.0,-9.25,descending,234.86333
48.0,-9.0,descending,229.2957
48.0,-8.75,descending,223.47166
48.0,-8.5,descending,218.03833
48.0,-8.25,descending,213.52167
48.0,-8.0,descending,211.59799
48.0,-7.75,descending,211.49834
48.0,-7.5,descending,212.346
48.0,-7.25,descending,212.66199
48.0,-7.0,descending,211.78667
48.0,-6.75,descending,211.21999
48.0,-6.5,descending,212.27998
48.0,-6.25,descending,215.14572
48.0,-6.0,descending,216.96999
48.0,-5.75,descending,216.84666
48.0,-5.5,descending,216.06667
48.0,-5.25,descending,214.49834
48.0,-5.0,descending,216.05286
48.0,-4.75,descending,222.8725
48.0,-4.5,descending,231.56714
48.0,-4.25,descending,235.11333
48.0,-4.0,descending,236.616
48.0,-3.75,descending,242.515
48.0,-3.5,descending,246.72833
48.0,-3.25,descending,249.78166
48.0,-3.0,descending,251.80833
48.0,-2.75,descending,254.14285
48.0,-2.5,descending,257.10666
48.0,-2.25,descending,260.27
48.0,-2.0,descending,261.91428
48.0,-1.75,descending,262.63998
48.0,-1.5,descending,264.15164
48.0,-1.25,descending,265.76166
48.0,-1.0,descending,266.58856
48.0,-0.75,descending,266.78
48.0,-0.5,descending,267.18143
48.0,-0.25,descending,267.57666
48.0,0.0,descending,260.64874
48.0,0.25,descending,267.28714
48.0,0.5,descending,266.3457
48.0,0.75,descending,265.1357
48.0,1.0,descending,263.90143
48.0,1.25,descending,263.58713
48.0,1.5,descending,263.735
48.0,1.75,descending,263.7575
48.0,2.0,descending,263.6857
48.0,2.25,descending,263.39142
48.0,2.5,descending,263.44223
48.0,2.75,descending,263.45874
48.0,3.0,descending,263.50223
48.0,3.25,descending,263.39444
48.0,3.5,descending,263.031
48.0,3.75,descending,262.75
48.0,4.0,descending,262.3658
48.0,4.25,descending,261.383
48.0,4.5,descending,260.5009
48.0,4.75,descending,259.01614
48.0,5.0,descending,256.64267
48.0,5.25,descending,255.0988
48.0,5.5,descending,255.051
48.0,5.75,descending,255.71187
48.0,8.25,descending,256.44998
48.0,8.5,descending,256.43723
48.0,8.75,descending,255.45999
48.0,9.0,descending,254.62001
48.0,9.25,descending,253.13916
48.0,9.5,descending,251.55333
48.0,9.75,descending,250.01498
48.0,10.0,descending,249.432
48.0,10.25,descending,249.28598
48.0,10.5,descending,249.18332
48.0,10.75,descending,249.17554
48.0,11.0,descending,248.69778
48.0,11.25,descending,248.6075
48.0,11.5,descending,249.24222
48.0,11.75,descending,250.49428
48.0,12.0,descending,250.61624
48.0,12.25,descending,250.7425
48.0,12.5,descending,249.73714
48.0,12.75,descending,250.94571
48.0,13.0,descending,251.93286
48.0,13.25,descending,253.85832
48.0,13.5,descending,254.055
48.0,13.75,descending,254.344
48.0,14.0,descending,254.83833
48.0,14.25,descending,254.98714
48.0,14.5,descending,255.86427
48.0,14.75,descending,257.16333
48.0,15.0,descending,257.89713
48.0,15.25,descending,257.77856
48.0,15.5,descending,257.294
48.0,15.75,descending,256.10666
48.0,16.0,descending,253.31166
48.0,16.25,descending,249.486
48.0,16.5,descending,246.83667
48.0,16.75,descending,247.47833
48.0,17.0,descending,250.60167
48.0,17.25,descending,254.61198
48.0,17.5,descending,258.63168
48.0,17.75,descending,260.972
48.0,18.0,descending,261.41
48.0,18.25,descending,261.0
48.0,18.5,descending,260.844
48.0,18.75,descending,261.285
48.0,19.0,descending,261.82397
48.0,19.25,descending,262.56998
48.0,19.5,descending,263.49832
48.0,19.75,descending,263.62833
48.0,20.0,descending,263.6057
48.0,20.25,descending,263.735
48.0,20.5,descending,263.55997
48.0,20.75,descending,262.94855
48.0,21.0,descending,262.57166
48.0,21.25,descending,262.03998
48.0,21.5,descending,261.352
48.0,21.75,descending,261.62332
48.0,22.0,descending,262.32166
48.0,22.25,descending,261.05438
48.0,22.5,descending,260.84955
48.0,22.75,descending,260.7555
48.0,23.0,descending,260.9716
48.0,23.25,descending,261.5189
48.0,23.5,descending,262.05115
48.0,23.75,descending,262.36133
48.0,24.0,descending,262.3522
48.0,24.25,descending,261.96
48.0,24.5,descending,261.3494
48.0,24.75,descending,260.80783
48.0,25.0,descending,260.3112
48.0,25.25,descending,259.85873
48.0,25.5,descending,258.48538
48.0,25.75,descending,256.41
48.0,26.0,descending,255.04428
48.0,26.25,descending,256.25732
48.0,26.5,descending,258.77213
48.0,26.75,descending,260.70145
48.0,27.0,descending,261.25647
48.0,27.25,descending,261.2446
48.0,27.5,descending,261.45563
48.0,27.75,descending,261.75266
48.0,28.0,descending,261.93375
48.0,28.25,descending,262.0825
48.0,28.5,descending,262.22687
48.0,28.75,descending,262.45267
48.0,29.0,descending,262.59177
48.0,29.25,descending,262.66586
48.0,29.5,descending,262.65
48.0,29.75,descending,262.57333
48.0,30.0,descending,262.4261
48.0,30.25,descending,262.31808
48.0,30.5,descending,262.09998
48.0,30.75,descending,262.31332
48.0,31.0,descending,262.42166
48.0,31.25,descending,262.41165
48.0,31.5,descending,262.545
48.0,31.75,descending,262.655
48.0,32.0,descending,262.82
48.0,32.25,descending,263.145
48.0,32.5,descending,263.38428
48.0,32.75,descending,263.474
48.0,33.0,descending,263.30832
48.0,33.25,descending,262.99832
48.0,33.5,descending,262.835
48.0,33.75,descending,262.56427
48.0,34.0,descending,261.69
48.0,34.25,descending,260.90833
48.0,34.5,descending,260.31284
48.0,34.75,descending,260.142
48.0,35.0,descending,259.945
48.0,35.25,descending,261.11285
48.0,35.5,descending,262.995
48.0,35.75,descending,263.78
48.0,36.0,descending,263.82
48.0,36.25,descending,264.00833
48.0,36.5,descending,264.15332
48.0,36.75,descending,263.68
48.0,37.0,descending,262.64713
48.0,37.25,descending,261.53333
48.0,37.5,descending,260.795
48.0,37.75,descending,260.56857
48.0,38.0,descending,260.76663
48.25,-13.0,descending,219.95248
48.25,-12.75,descending,221.41428
48.25,-12.5,descending,223.29428
48.25,-12.25,descending,225.57166
48.25,-12.0,descending,228.03334
48.25,-11.75,descending,230.31999
48.25,-11.5,descending,232.73125
48.25,-11.25,descending,235.31
48.25,-11.0,descending,236.26
48.25,-10.75,descending,236.3657
48.25,-10.5,descending,235.96715
48.25,-10.25,descending,235.236
48.25,-10.0,descending,234.618
48.25,-9.75,descending,236.27856
48.25,-9.5,descending,238.21428
48.25,-9.25,descending,237.81
48.25,-9.0,descending,234.38144
48.25,-8.75,descending,228.596
48.25,-8.5,descending,221.63167
48.25,-8.25,descending,215.82166
48.25,-8.0,descending,211.86833
48.25,-7.75,descending,210.93333
48.25,-7.5,descending,211.42665
48.25,-7.25,descending,211.70857
48.25,-7.0,descending,210.91333
48.25,-6.75,descending,210.48999
48.25,-6.5,descending,211.53166
48.25,-6.25,descending,213.73999
48.25,-6.0,descending,215.95714
48.25,-5.75,descending,216.15
48.25,-5.5,descending,215.35832
48.25,-5.25,descending,215.134
48.25,-5.0,descending,218.33798
48.25,-4.75,descending,225.56999
48.25,-4.5,descending,237.504
48.25,-4.25,descending,246.19832
48.25,-4.0,descending,249.81499
48.25,-3.75,descending,253.00331
48.25,-3.5,descending,255.94
48.25,-3.25,descending,257.40164
48.25,-3.0,descending,257.1
48.25,-2.75,descending,256.74
48.25,-2.5,descending,257.895
48.25,-2.25,descending,259.13
48.25,-2.0,descending,259.745
48.25,-1.75,descending,260.65427
48.25,-1.5,descending,262.2983
48.25,-1.25,descending,264.07666
48.25,-1.0,descending,265.525
48.25,-0.75,descending,266.41
48.25,-0.5,descending,266.79666
48.25,-0.25,descending,266.8457
48.25,0.0,descending,258.65427
48.25,0.25,descending,266.31
48.25,0.5,descending,265.64163
48.25,0.75,descending,264.57855
48.25,1.0,descending,263.29715
48.25,1.25,descending,262.74857
48.25,1.5,descending,262.44855
48.25,1.75,descending,262.26498
48.25,2.0,descending,262.19748
48.25,2.25,descending,262.44144
48.25,2.5,descending,262.81
48.25,2.75,descending,262.9522
48.25,3.0,descending,262.90143
48.25,3.25,descending,262.908
48.25,3.5,descending,262.71875
48.25,3.75,descending,262.37857
48.25,4.0,descending,262.0409
48.25,4.25,descending,261.948
48.25,4.5,descending,261.77365
48.25,4.75,descending,260.68362
48.25,5.0,descending,258.57855
48.25,5.25,descending,256.68384
48.25,5.5,descending,256.27374
48.25,5.75,descending,256.88898
48.25,6.0,descending,257.79428
48.25,8.5,descending,257.02292
48.25,8.75,descending,256.37265
48.25,9.0,descending,255.71768
48.25,9.25,descending,255.11546
48.25,9.5,descending,254.34908
48.25,9.75,descending,252.98698
48.25,10.0,descending,251.34634
48.25,10.25,descending,250.04713
48.25,10.5,descending,249.28998
48.25,10.75,descending,248.53445
48.25,11.0,descending,248.0625
48.25,11.25,descending,247.32999
48.25,11.5,descending,246.52374
48.25,11.75,descending,246.05249
48.25,12.0,descending,246.05333
48.25,12.25,descending,245.75125
48.25,12.5,descending,245.39333
48.25,12.75,descending,245.34125
48.25,13.0,descending,247.15666
48.25,13.25,descending,248.84
48.25,13.5,descending,250.78598
48.25,13.75,descending,251.37285
48.25,14.0,descending,251.29498
48.25,14.25,descending,251.476
48.25,14.5,descending,252.36398
48.25,14.75,descending,253.83
48.25,15.0,descending,255.04832
48.25,15.25,descending,255.948
48.25,15.5,descending,256.31497
48.25,15.75,descending,255.935
48.25,16.0,descending,254.45
48.25,16.25,descending,250.30165
48.25,16.5,descending,246.71666
48.25,16.75,descending,246.696
48.25,17.0,descending,250.09856
48.25,17.25,descending,254.616
48.25,17.5,descending,257.55832
48.25,17.75,descending,259.86667
48.25,18.0,descending,260.805
48.25,18.25,descending,260.54248
48.25,18.5,descending,259.73428
48.25,18.75,descending,259.16998
48.25,19.0,descending,259.59
48.25,19.25,descending,260.252
48.25,19.5,descending,261.7333
48.25,19.75,descending,262.75
48.25,20.0,descending,263.42166
48.25,20.25,descending,264.15167
48.25,20.5,descending,264.4275
48.25,20.75,descending,264.09665
48.25,21.0,descending,263.56998
48.25,21.25,descending,263.12332
48.25,21.5,descending,262.35666
48.25,21.75,descending,261.98248
48.25,22.0,descending,262.26398
48.25,22.25,descending,261.47665
48.25,22.5,descending,261.0729
48.25,22.75,descending,261.0181
48.25,23.0,descending,261.25366
48.25,23.25,descending,261.69748
48.25,23.5,descending,262.13058
48.25,23.75,descending,262.2775
48.25,24.0,descending,262.11
48.25,24.25,descending,261.572
48.25,24.5,descending,261.22
48.25,24.75,descending,260.62857
48.25,25.0,descending,259.98154
48.25,25.25,descending,259.1193
48.25,25.5,descending,257.38397
48.25,25.75,descending,255.37999
48.25,26.0,descending,254.39641
48.25,26.25,descending,255.72153
48.25,26.5,descending,258.51132
48.25,26.75,descending,260.646
48.25,27.0,descending,261.41306
48.25,27.25,descending,261.776
48.25,27.5,descending,262.04266
48.25,27.75,descending,262.23416
48.25,28.0,descending,262.35312
48.25,28.25,descending,262.53186
48.25,28.5,descending,262.7856
48.25,28.75,descending,263.0325
48.25,29.0,descending,263.1239
48.25,29.25,descending,263.0306
48.25,29.5,descending,262.68665
48.25,29.75,descending,262.13333
48.25,30.0,descending,261.81143
48.25,30.25,descending,261.57227
48.25,30.5,descending,261.4
48.25,30.75,descending,261.37997
48.25,31.0,descending,261.51334
48.25,31.25,descending,261.59198
48.25,31.5,descending,261.70667
48.25,31.75,descending,261.97
48.25,32.0,descending,262.456
48.25,32.25,descending,263.27
48.25,32.5,descending,263.662
48.25,32.75,descending,263.555
48.25,33.0,descending,263.26
48.25,33.25,descending,262.74167
48.25,33.5,descending,262.478
48.25,33.75,descending,262.57333
48.25,34.0,descending,262.55167
48.25,34.25,descending,262.236
48.25,34.5,descending,261.83667
48.25,34.75,descending,261.39334
48.25,35.0,descending,260.91998
48.25,35.25,descending,261.4475
48.25,35.5,descending,262.388
48.25,35.75,descending,262.795
48.25,36.0,descending,262.78714
48.25,36.25,descending,262.95334
48.25,36.5,descending,262.9833
48.25,36.75,descending,262.32834
48.25,37.0,descending,261.19144
48.25,37.25,descending,260.10498
48.25,37.5,descending,259.49167
48.25,37.75,descending,259.482
48.25,38.0,descending,259.6875
48.5,-13.0,descending,222.12334
48.5,-12.75,descending,223.34875
48.5,-12.5,descending,225.35625
48.5,-12.25,descending,227.39374
48.5,-12.0,descending,229.64166
48.5,-11.75,descending,232.06624
48.5,-11.5,descending,234.62166
48.5,-11.25,descending,236.20166
48.5,-11.0,descending,236.11874
48.5,-10.75,descending,234.16998
48.5,-10.5,descending,232.64166
48.5,-10.25,descending,232.66428
48.5,-10.0,descending,231.81857
48.5,-9.75,descending,231.68857
48.5,-9.5,descending,233.11165
48.5,-9.25,descending,233.80165
48.5,-9.0,descending,233.54199
48.5,-8.75,descending,229.85832
48.5,-8.5,descending,223.685
48.5,-8.25,descending,217.224
48.5,-8.0,descending,212.35286
48.5,-7.75,descending,210.78201
48.5,-7.5,descending,210.93166
48.5,-7.25,descending,211.29399
48.5,-7.0,descending,211.32166
48.5,-6.75,descending,211.51
48.5,-6.5,descending,211.53598
48.5,-6.25,descending,212.60571
48.5,-6.0,descending,214.58
48.5,-5.75,descending,215.59999
48.5,-5.5,descending,215.15999
48.5,-5.25,descending,215.26
48.5,-5.0,descending,218.36398
48.5,-4.75,descending,226.53857
48.5,-4.5,descending,238.08
48.5,-4.25,descending,247.3425
48.5,-4.0,descending,251.27286
48.5,-3.75,descending,255.44499
48.5,-3.5,descending,257.35165
48.5,-3.25,descending,256.6825
48.5,-3.0,descending,252.06
48.5,-2.75,descending,249.95833
48.5,-2.5,descending,250.81334
48.5,-2.25,descending,252.40666
48.5,-2.0,descending,253.60167
48.5,-1.75,descending,256.05856
48.5,-1.5,descending,259.3633
48.5,-1.25,descending,262.47665
48.5,-1.0,descending,264.78
48.5,-0.75,descending,266.13165
48.5,-0.5,descending,266.43286
48.5,-0.25,descending,266.31497
48.5,0.0,descending,259.24374
48.5,0.25,descending,265.585
48.5,0.5,descending,264.85165
48.5,0.75,descending,263.78876
48.5,1.0,descending,262.70334
48.5,1.25,descending,262.08142
48.5,1.5,descending,261.73856
48.5,1.75,descending,261.47427
48.5,2.0,descending,261.47
48.5,2.25,descending,261.8157
48.5,2.5,descending,262.37888
48.5,2.75,descending,262.62857
48.5,3.0,descending,262.671
48.5,3.25,descending,262.6157
48.5,3.5,descending,262.153
48.5,3.75,descending,261.38626
48.5,4.0,descending,261.01624
48.5,4.25,descending,261.256
48.5,4.5,descending,261.5975
48.5,4.75,descending,261.18182
48.5,5.0,descending,259.86417
48.5,5.25,descending,258.50784
48.5,5.5,descending,258.23532
48.5,5.75,descending,259.02158
48.5,6.0,descending,259.26047
48.5,6.25,descending,259.27
48.5,8.5,descending,257.33072
48.5,8.75,descending,256.2856
48.5,9.0,descending,255.3223
48.5,9.25,descending,254.75076
48.5,9.5,descending,254.54272
48.5,9.75,descending,254.425
48.5,10.0,descending,254.111
48.5,10.25,descending,253.307
48.5,10.5,descending,252.801
48.5,10.75,descending,251.5
48.5,11.0,descending,250.77875
48.5,11.25,descending,249.49554
48.5,11.5,descending,247.89
48.5,11.75,descending,246.10428
48.5,12.0,descending,244.56874
48.5,12.25,descending,244.06999
48.5,12.5,descending,243.9725
48.5,12.75,descending,244.26599
48.5,13.0,descending,245.41779
48.5,13.25,descending,247.15999
48.5,13.5,descending,249.11124
48.5,13.75,descending,250.81166
48.5,14.0,descending,251.372
48.5,14.25,descending,251.67857
48.5,14.5,descending,252.43999
48.5,14.75,descending,253.54
48.5,15.0,descending,254.59285
48.5,15.25,descending,255.26166
48.5,15.5,descending,255.75429
48.5,15.75,descending,255.656
48.5,16.0,descending,254.40999
48.5,16.25,descending,251.40332
48.5,16.5,descending,247.56334
48.5,16.75,descending,245.87166
48.5,17.0,descending,248.315
48.5,17.25,descending,251.67833
48.5,17.5,descending,254.526
48.5,17.75,descending,256.94333
48.5,18.0,descending,258.27664
48.5,18.25,descending,258.62167
48.5,18.5,descending,257.04834
48.5,18.75,descending,256.25497
48.5,19.0,descending,254.85498
48.5,19.25,descending,256.3633
48.5,19.5,descending,257.75168
48.5,19.75,descending,260.0533
48.5,20.0,descending,261.22833
48.5,20.25,descending,262.27832
48.5,20.5,descending,263.71857
48.5,20.75,descending,264.23248
48.5,21.0,descending,264.255
48.5,21.25,descending,264.16
48.5,21.5,descending,263.68857
48.5,21.75,descending,262.96664
48.5,22.0,descending,262.71
48.5,22.25,descending,262.1
48.5,22.5,descending,261.9943
48.5,22.75,descending,262.04947
48.5,23.0,descending,262.10562
48.5,23.25,descending,262.145
48.5,23.5,descending,262.16586
48.5,23.75,descending,261.87527
48.5,24.0,descending,261.53873
48.5,24.25,descending,260.9731
48.5,24.5,descending,260.15942
48.5,24.75,descending,259.72858
48.5,25.0,descending,258.69064
48.5,25.25,descending,257.0359
48.5,25.5,descending,255.41713
48.5,25.75,descending,253.875
48.5,26.0,descending,254.43199
48.5,26.25,descending,256.438
48.5,26.5,descending,258.95142
48.5,26.75,descending,260.33
48.5,27.0,descending,261.25934
48.5,27.25,descending,261.88333
48.5,27.5,descending,262.4943
48.5,27.75,descending,262.77625
48.5,28.0,descending,262.938
48.5,28.25,descending,263.03998
48.5,28.5,descending,263.14072
48.5,28.75,descending,263.1169
48.5,29.0,descending,262.93222
48.5,29.25,descending,262.78937
48.5,29.5,descending,262.92883
48.5,29.75,descending,262.805
48.5,30.0,descending,262.3115
48.5,30.25,descending,261.71725
48.5,30.5,descending,261.44333
48.5,30.75,descending,261.26956
48.5,31.0,descending,260.735
48.5,31.25,descending,260.63666
48.5,31.5,descending,260.655
48.5,31.75,descending,261.13998
48.5,32.0,descending,261.94284
48.5,32.25,descending,262.876
48.5,32.5,descending,263.23712
48.5,32.75,descending,263.024
48.5,33.0,descending,262.8457
48.5,33.25,descending,262.424
48.5,33.5,descending,262.02142
48.5,33.75,descending,261.8725
48.5,34.0,descending,261.67856
48.5,34.25,descending,261.84833
48.5,34.5,descending,261.565
48.5,34.75,descending,260.97165
48.5,35.0,descending,260.30713
48.5,35.25,descending,260.47833
48.5,35.5,descending,261.08197
48.5,35.75,descending,261.5
48.5,36.0,descending,261.23856
48.5,36.25,descending,261.40164
48.5,36.5,descending,261.32666
48.5,36.75,descending,260.82333
48.5,37.0,descending,260.22165
48.5,37.25,descending,259.75287
48.5,37.5,descending,259.42334
48.5,37.75,descending,259.25998
48.5,38.0,descending,259.49
48.75,-13.0,descending,222.69666
48.75,-12.75,descending,224.60999
48.75,-12.5,descending,227.31831
48.75,-12.25,descending,230.20999
48.75,-12.0,descending,232.09833
48.75,-11.75,descending,234.58142
48.75,-11.5,descending,236.14143
48.75,-11.25,descending,236.45332
48.75,-11.0,descending,233.99165
48.75,-10.75,descending,229.06166
48.75,-10.5,descending,226.26999
48.75,-10.25,descending,224.99165
48.75,-10.0,descending,226.03598
48.75,-9.75,descending,226.38399
48.75,-9.5,descending,227.62166
48.75,-9.25,descending,228.118
48.75,-9.0,descending,228.44499
48.75,-8.75,descending,226.48
48.75,-8.5,descending,221.83665
48.75,-8.25,descending,215.825
48.75,-8.0,descending,211.85832
48.75,-7.75,descending,210.66599
48.75,-7.5,descending,210.684
48.75,-7.25,descending,210.93
48.75,-7.0,descending,211.56831
48.75,-6.75,descending,212.76599
48.75,-6.5,descending,213.42499
48.75,-6.25,descending,213.09799
48.75,-6.0,descending,213.59799
48.75,-5.75,descending,214.852
48.75,-5.5,descending,215.04199
48.75,-5.25,descending,215.078
48.75,-5.0,descending,216.72499
48.75,-4.75,descending,222.13599
48.75,-4.5,descending,229.60333
48.75,-4.25,descending,237.295
48.75,-4.0,descending,241.805
48.75,-3.75,descending,245.44499
48.75,-3.5,descending,249.39166
48.75,-3.25,descending,249.28166
48.75,-3.0,descending,244.376
48.75,-2.75,descending,237.58798
48.75,-2.5,descending,237.96498
48.75,-2.25,descending,240.46832
48.75,-2.0,descending,242.86333
48.75,-1.75,descending,248.43143
48.75,-1.5,descending,256.15
48.75,-1.25,descending,262.03165
48.75,-1.0,descending,264.85602
48.75,-0.75,descending,266.058
48.75,-0.5,descending,266.01498
48.75,-0.25,descending,265.71713
48.75,0.0,descending,258.0414
48.75,0.25,descending,265.26498
48.75,0.5,descending,264.15997
48.75,0.75,descending,262.93668
48.75,1.0,descending,262.3157
48.75,1.25,descending,262.02167
48.75,1.5,descending,261.84164
48.75,1.75,descending,261.56873
48.75,2.0,descending,261.10858
48.75,2.25,descending,261.13428
48.75,2.5,descending,261.70712
48.75,2.75,descending,262.41376
48.75,3.0,descending,262.7875
48.75,3.25,descending,262.67285
48.75,3.5,descending,261.7889
48.75,3.75,descending,260.6675
48.75,4.0,descending,260.08002
48.75,4.25,descending,260.14398
48.75,4.5,descending,260.82
48.75,4.75,descending,261.21
48.75,5.0,descending,260.6925
48.75,5.25,descending,259.9818
48.75,5.5,descending,260.064
48.75,5.75,descending,260.07687
48.75,6.0,descending,259.61557
48.75,6.25,descending,259.38077
48.75,8.5,descending,258.16272
48.75,8.75,descending,257.63998
48.75,9.0,descending,256.44153
48.75,9.25,descending,255.56749
48.75,9.5,descending,254.83699
48.75,9.75,descending,254.48817
48.75,10.0,descending,254.656
48.75,10.25,descending,255.06874
48.75,10.5,descending,255.21889
48.75,10.75,descending,254.39445
48.75,11.0,descending,253.09125
48.75,11.25,descending,251.76874
48.75,11.5,descending,249.99374
48.75,11.75,descending,248.12834
48.75,12.0,descending,247.14856
48.75,12.25,descending,246.3725
48.75,12.5,descending,246.605
48.75,12.75,descending,246.95999
48.75,13.0,descending,248.33167
48.75,13.25,descending,249.07571
48.75,13.5,descending,250.89
48.75,13.75,descending,252.14
48.75,14.0,descending,252.64856
48.75,14.25,descending,252.91667
48.75,14.5,descending,253.375
48.75,14.75,descending,254.474
48.75,15.0,descending,255.23
48.75,15.25,descending,255.55
48.75,15.5,descending,256.02167
48.75,15.75,descending,256.32834
48.75,16.0,descending,255.54999
48.75,16.25,descending,253.31665
48.75,16.5,descending,249.48001
48.75,16.75,descending,246.515
48.75,17.0,descending,246.41399
48.75,17.25,descending,248.685
48.75,17.5,descending,251.10999
48.75,17.75,descending,252.2925
48.75,18.0,descending,253.83
48.75,18.25,descending,254.67168
48.75,18.5,descending,254.005
48.75,18.75,descending,252.70857
48.75,19.0,descending,251.5875
48.75,19.25,descending,252.40285
48.75,19.5,descending,253.9425
48.75,19.75,descending,256.74332
48.75,20.0,descending,257.78598
48.75,20.25,descending,258.93
48.75,20.5,descending,260.64856
48.75,20.75,descending,262.525
48.75,21.0,descending,263.31
48.75,21.25,descending,263.756
48.75,21.5,descending,263.88715
48.75,21.75,descending,263.43
48.75,22.0,descending,263.025
48.75,22.25,descending,263.33334
48.75,22.5,descending,263.29916
48.75,22.75,descending,263.2481
48.75,23.0,descending,262.77893
48.75,23.25,descending,262.38556
48.75,23.5,descending,262.1378
48.75,23.75,descending,261.69812
48.75,24.0,descending,260.92822
48.75,24.25,descending,259.89667
48.75,24.5,descending,258.9177
48.75,24.75,descending,257.974
48.75,25.0,descending,256.42865
48.75,25.25,descending,254.6046
48.75,25.5,descending,253.11266
48.75,25.75,descending,252.41833
48.75,26.0,descending,254.02231
48.75,26.25,descending,257.31784
48.75,26.5,descending,259.70142
48.75,26.75,descending,260.69846
48.75,27.0,descending,261.12143
48.75,27.25,descending,261.82385
48.75,27.5,descending,262.44644
48.75,27.75,descending,262.88284
48.75,28.0,descending,263.09616
48.75,28.25,descending,263.20465
48.75,28.5,descending,263.11945
48.75,28.75,descending,262.86078
48.75,29.0,descending,262.65466
48.75,29.25,descending,263.01132
48.75,29.5,descending,263.1439
48.75,29.75,descending,263.6212
48.75,30.0,descending,262.9735
48.75,30.25,descending,262.3985
48.75,30.5,descending,261.86725
48.75,30.75,descending,261.38422
48.75,31.0,descending,260.9472
48.75,31.25,descending,259.888
48.75,31.5,descending,259.766
48.75,31.75,descending,260.18
48.75,32.0,descending,261.05798
48.75,32.25,descending,261.702
48.75,32.5,descending,261.59332
48.75,32.75,descending,261.498
48.75,33.0,descending,261.0717
48.75,33.25,descending,261.35
48.75,33.5,descending,260.91666
48.75,33.75,descending,260.64166
48.75,34.0,descending,260.02
48.75,34.25,descending,260.20166
48.75,34.5,descending,260.4283
48.75,34.75,descending,259.8525
48.75,35.0,descending,259.06
48.75,35.25,descending,259.05832
48.75,35.5,descending,259.545
48.75,35.75,descending,259.965
48.75,36.0,descending,259.9375
48.75,36.25,descending,260.125
48.75,36.5,descending,260.00168
48.75,36.75,descending,259.91
48.75,37.0,descending,259.9283
48.75,37.25,descending,259.98166
48.75,37.5,descending,259.965
48.75,37.75,descending,259.93997
48.75,38.0,descending,260.1
49.0,-13.0,descending,223.00334
49.0,-12.75,descending,225.15141
49.0,-12.5,descending,229.10875
49.0,-12.25,descending,232.84
49.0,-12.0,descending,235.62335
49.0,-11.75,descending,237.62334
49.0,-11.5,descending,237.97142
49.0,-11.25,descending,235.94286
49.0,-11.0,descending,231.21143
49.0,-10.75,descending,224.45833
49.0,-10.5,descending,218.43999
49.0,-10.25,descending,217.62
49.0,-10.0,descending,219.71286
49.0,-9.75,descending,221.17665
49.0,-9.5,descending,222.74857
49.0,-9.25,descending,223.955
49.0,-9.0,descending,223.25285
49.0,-8.75,descending,221.15
49.0,-8.5,descending,217.82797
49.0,-8.25,descending,214.67665
49.0,-8.0,descending,211.70801
49.0,-7.75,descending,210.22833
49.0,-7.5,descending,210.39
49.0,-7.25,descending,210.86499
49.0,-7.0,descending,211.4775
49.0,-6.75,descending,213.20142
49.0,-6.5,descending,214.50832
49.0,-6.25,descending,214.34799
49.0,-6.0,descending,214.28
49.0,-5.75,descending,214.43198
49.0,-5.5,descending,213.99284
49.0,-5.25,descending,213.93599
49.0,-5.0,descending,214.49715
49.0,-4.75,descending,216.376
49.0,-4.5,descending,219.076
49.0,-4.25,descending,222.39166
49.0,-4.0,descending,228.85999
49.0,-3.75,descending,231.76201
49.0,-3.5,descending,234.98
49.0,-3.25,descending,235.02167
49.0,-3.0,descending,232.66
49.0,-2.75,descending,230.118
49.0,-2.5,descending,231.745
49.0,-2.25,descending,233.892
49.0,-2.0,descending,235.86665
49.0,-1.75,descending,242.75832
49.0,-1.5,descending,254.23856
49.0,-1.25,descending,261.98666
49.0,-1.0,descending,264.68198
49.0,-0.75,descending,264.73
49.0,-0.5,descending,263.84998
49.0,-0.25,descending,263.46335
49.0,0.0,descending,252.55779
49.0,0.25,descending,264.35
49.0,0.5,descending,263.33167
49.0,0.75,descending,262.31168
49.0,1.0,descending,262.0675
49.0,1.25,descending,262.28165
49.0,1.5,descending,262.245
49.0,1.75,descending,261.69855
49.0,2.0,descending,260.9757
49.0,2.25,descending,260.7214
49.0,2.5,descending,261.64124
49.0,2.75,descending,262.68
49.0,3.0,descending,263.05713
49.0,3.25,descending,262.73553
49.0,3.5,descending,261.75876
49.0,3.75,descending,260.42444
49.0,4.0,descending,259.56125
49.0,4.25,descending,259.63098
49.0,4.5,descending,260.57098
49.0,4.75,descending,261.347
49.0,5.0,descending,261.23584
49.0,5.25,descending,260.84
49.0,5.5,descending,260.55356
49.0,5.75,descending,259.91855
49.0,6.0,descending,259.39413
49.0,6.25,descending,259.24
49.0,6.5,descending,259.06427
49.0,8.5,descending,258.04666
49.0,8.75,descending,257.8
49.0,9.0,descending,257.27798
49.0,9.25,descending,256.1918
49.0,9.5,descending,255.0
49.0,9.75,descending,253.9209
49.0,10.0,descending,253.799
49.0,10.25,descending,254.15
49.0,10.5,descending,254.84222
49.0,10.75,descending,254.85748
49.0,11.0,descending,253.81776
49.0,11.25,descending,252.37
49.0,11.5,descending,251.11444
49.0,11.75,descending,250.23553
49.0,12.0,descending,249.7125
49.0,12.25,descending,250.10143
49.0,12.5,descending,250.04428
49.0,12.75,descending,251.14374
49.0,13.0,descending,251.83427
49.0,13.25,descending,252.92998
49.0,13.5,descending,253.42665
49.0,13.75,descending,253.76833
49.0,14.0,descending,253.60875
49.0,14.25,descending,252.64667
49.0,14.5,descending,252.32571
49.0,14.75,descending,253.07332
49.0,15.0,descending,254.40141
49.0,15.25,descending,255.02713
49.0,15.5,descending,255.27498
49.0,15.75,descending,255.635
49.0,16.0,descending,255.65833
49.0,16.25,descending,254.83
49.0,16.5,descending,251.95714
49.0,16.75,descending,248.84999
49.0,17.0,descending,247.31
49.0,17.25,descending,248.16199
49.0,17.5,descending,249.06334
49.0,17.75,descending,250.00713
49.0,18.0,descending,250.43166
49.0,18.25,descending,250.894
49.0,18.5,descending,250.84427
49.0,18.75,descending,250.2975
49.0,19.0,descending,250.13284
49.0,19.25,descending,250.672
49.0,19.5,descending,252.12427
49.0,19.75,descending,253.83401
49.0,20.0,descending,254.36499
49.0,20.25,descending,255.70714
49.0,20.5,descending,257.242
49.0,20.75,descending,259.60165
49.0,21.0,descending,261.62332
49.0,21.25,descending,262.63
49.0,21.5,descending,262.91998
49.0,21.75,descending,262.77
49.0,22.0,descending,262.585
49.0,22.25,descending,262.84833
49.0,22.5,descending,263.7419
49.0,22.75,descending,263.3938
49.0,23.0,descending,262.888
49.0,23.25,descending,262.4211
49.0,23.5,descending,262.1647
49.0,23.75,descending,261.75687
49.0,24.0,descending,260.98883
49.0,24.25,descending,259.61356
49.0,24.5,descending,258.0875
49.0,24.75,descending,256.72266
49.0,25.0,descending,255.20357
49.0,25.25,descending,253.718
49.0,25.5,descending,252.49066
49.0,25.75,descending,252.40134
49.0,26.0,descending,254.23067
49.0,26.25,descending,257.22266
49.0,26.5,descending,259.63428
49.0,26.75,descending,260.964
49.0,27.0,descending,261.76855
49.0,27.25,descending,262.1657
49.0,27.5,descending,262.46643
49.0,27.75,descending,262.62643
49.0,28.0,descending,262.74057
49.0,28.25,descending,262.7492
49.0,28.5,descending,262.75998
49.0,28.75,descending,262.67072
49.0,29.0,descending,262.61295
49.0,29.25,descending,262.785
49.0,29.5,descending,263.2294
49.0,29.75,descending,263.42123
49.0,30.0,descending,263.38052
49.0,30.25,descending,262.9742
49.0,30.5,descending,262.38684
49.0,30.75,descending,261.8125
49.0,31.0,descending,261.40652
49.0,31.25,descending,260.7618
49.0,31.5,descending,259.7457
49.0,31.75,descending,259.572
49.0,32.0,descending,259.87997
49.0,32.25,descending,259.77426
49.0,32.5,descending,258.76752
49.0,32.75,descending,257.89285
49.0,33.0,descending,257.74
49.0,33.25,descending,259.02856
49.0,33.5,descending,259.4225
49.0,33.75,descending,259.09665
49.0,34.0,descending,258.76498
49.0,34.25,descending,258.81598
49.0,34.5,descending,259.14664
49.0,34.75,descending,258.94714
49.0,35.0,descending,258.3175
49.0,35.25,descending,258.19833
49.0,35.5,descending,258.49332
49.0,35.75,descending,258.76334
49.0,36.0,descending,259.08713
49.0,36.25,descending,259.34164
49.0,36.5,descending,259.46
49.0,36.75,descending,259.72247
49.0,37.0,descending,260.03748
49.0,37.25,descending,260.27597
49.0,37.5,descending,260.3943
49.0,37.75,descending,260.69666
49.0,38.0,descending,261.0
49.25,-13.0,descending,224.8425
49.25,-12.75,descending,227.29498
49.25,-12.5,descending,231.42714
49.25,-12.25,descending,235.20714
49.25,-12.0,descending,237.38666
49.25,-11.75,descending,236.74571
49.25,-11.5,descending,233.79285
49.25,-11.25,descending,231.60834
49.25,-11.0,descending,226.15857
49.25,-10.75,descending,219.58667
49.25,-10.5,descending,216.37166
49.25,-10.25,descending,215.378
49.25,-10.0,descending,216.90714
49.25,-9.75,descending,219.32999
49.25,-9.5,descending,220.82999
49.25,-9.25,descending,221.59799
49.25,-9.0,descending,220.8
49.25,-8.75,descending,218.03333
49.25,-8.5,descending,214.52141
49.25,-8.25,descending,212.168
49.25,-8.0,descending,210.81999
49.25,-7.75,descending,209.92
49.25,-7.5,descending,210.08398
49.25,-7.25,descending,210.82666
49.25,-7.0,descending,211.73334
49.25,-6.75,descending,212.76599
49.25,-6.5,descending,213.346
49.25,-6.25,descending,213.34999
49.25,-6.0,descending,213.1375
49.25,-5.75,descending,212.68713
49.25,-5.5,descending,211.775
49.25,-5.25,descending,211.42332
49.25,-5.0,descending,211.932
49.25,-4.75,descending,212.83667
49.25,-4.5,descending,213.898
49.25,-4.25,descending,214.98
49.25,-4.0,descending,218.20166
49.25,-3.75,descending,223.654
49.25,-3.5,descending,226.8375
49.25,-3.25,descending,225.73334
49.25,-3.0,descending,226.43857
49.25,-2.75,descending,230.135
49.25,-2.5,descending,234.08333
49.25,-2.25,descending,235.054
49.25,-2.0,descending,235.55249
49.25,-1.75,descending,242.16
49.25,-1.5,descending,252.9025
49.25,-1.25,descending,259.59
49.25,-1.0,descending,260.27335
49.25,-0.75,descending,257.97665
49.25,-0.5,descending,255.88832
49.25,-0.25,descending,255.89001
49.25,0.0,descending,258.425
49.25,0.25,descending,261.45166
49.25,0.5,descending,262.08
49.25,0.75,descending,261.71835
49.25,1.0,descending,261.95334
49.25,1.25,descending,262.32166
49.25,1.5,descending,262.3343
49.25,1.75,descending,261.94
49.25,2.0,descending,261.53665
49.25,2.25,descending,261.62875
49.25,2.5,descending,262.2914
49.25,2.75,descending,262.9243
49.25,3.0,descending,263.1725
49.25,3.25,descending,262.82373
49.25,3.5,descending,261.9275
49.25,3.75,descending,260.78998
49.25,4.0,descending,259.8757
49.25,4.25,descending,260.14398
49.25,4.5,descending,261.074
49.25,4.75,descending,261.721
49.25,5.0,descending,261.421
49.25,5.25,descending,260.8509
49.25,5.5,descending,259.87537
49.25,5.75,descending,258.75748
49.25,6.0,descending,258.5573
49.25,6.25,descending,258.75555
49.25,6.5,descending,258.51578
49.25,6.75,descending,258.02
49.25,8.5,descending,257.08835
49.25,8.75,descending,256.48624
49.25,9.0,descending,255.39333
49.25,9.25,descending,254.15692
49.25,9.5,descending,252.73
49.25,9.75,descending,251.96666
49.25,10.0,descending,252.30092
49.25,10.25,descending,253.03142
49.25,10.5,descending,253.844
49.25,10.75,descending,254.31554
49.25,11.0,descending,253.8425
49.25,11.25,descending,252.48999
49.25,11.5,descending,251.33286
49.25,11.75,descending,250.78285
49.25,12.0,descending,251.11
49.25,12.25,descending,251.80666
49.25,12.5,descending,252.50375
49.25,12.75,descending,253.06
49.25,13.0,descending,253.84427
49.25,13.25,descending,254.33667
49.25,13.5,descending,254.67285
49.25,13.75,descending,254.71999
49.25,14.0,descending,254.254
49.25,14.25,descending,252.78166
49.25,14.5,descending,251.12334
49.25,14.75,descending,250.795
49.25,15.0,descending,252.03333
49.25,15.25,descending,253.39166
49.25,15.5,descending,253.85999
49.25,15.75,descending,253.89832
49.25,16.0,descending,253.61198
49.25,16.25,descending,253.33333
49.25,16.5,descending,252.305
49.25,16.75,descending,250.594
49.25,17.0,descending,249.20166
49.25,17.25,descending,249.15332
49.25,17.5,descending,249.32832
49.25,17.75,descending,249.42499
49.25,18.0,descending,249.5
49.25,18.25,descending,249.25665
49.25,18.5,descending,249.05
49.25,18.75,descending,248.98141
49.25,19.0,descending,249.3075
49.25,19.25,descending,249.54333
49.25,19.5,descending,250.31749
49.25,19.75,descending,251.17165
49.25,20.0,descending,252.252
49.25,20.25,descending,253.51666
49.25,20.5,descending,255.366
49.25,20.75,descending,257.9675
49.25,21.0,descending,260.18286
49.25,21.25,descending,261.61667
49.25,21.5,descending,262.11398
49.25,21.75,descending,262.0825
49.25,22.0,descending,261.93167
49.25,22.25,descending,262.06998
49.25,22.5,descending,263.44
49.25,22.75,descending,263.31284
49.25,23.0,descending,263.1295
49.25,23.25,descending,262.845
49.25,23.5,descending,262.59686
49.25,23.75,descending,262.24
49.25,24.0,descending,261.51437
49.25,24.25,descending,260.248
49.25,24.5,descending,258.44058
49.25,24.75,descending,256.64786
49.25,25.0,descending,255.38713
49.25,25.25,descending,254.46643
49.25,25.5,descending,253.84332
49.25,25.75,descending,254.22142
49.25,26.0,descending,255.06499
49.25,26.25,descending,256.74832
49.25,26.5,descending,258.5993
49.25,26.75,descending,260.40164
49.25,27.0,descending,261.4714
49.25,27.25,descending,262.06284
49.25,27.5,descending,262.25928
49.25,27.75,descending,262.27466
49.25,28.0,descending,262.26385
49.25,28.25,descending,262.24847
49.25,28.5,descending,262.33533
49.25,28.75,descending,262.46857
49.25,29.0,descending,262.58124
49.25,29.25,descending,262.74
49.25,29.5,descending,262.96625
49.25,29.75,descending,263.17123
49.25,30.0,descending,263.235
49.25,30.25,descending,263.0406
49.25,30.5,descending,262.7761
49.25,30.75,descending,262.2725
49.25,31.0,descending,261.71124
49.25,31.25,descending,261.33044
49.25,31.5,descending,260.93
49.25,31.75,descending,260.035
49.25,32.0,descending,258.605
49.25,32.25,descending,257.02
49.25,32.5,descending,254.87999
49.25,32.75,descending,253.06749
49.25,33.0,descending,254.08142
49.25,33.25,descending,256.6175
49.25,33.5,descending,258.37833
49.25,33.75,descending,258.608
49.25,34.0,descending,258.3633
49.25,34.25,descending,258.49
49.25,34.5,descending,258.615
49.25,34.75,descending,258.22165
49.25,35.0,descending,257.955
49.25,35.25,descending,258.01498
49.25,35.5,descending,258.465
49.25,35.75,descending,258.82712
49.25,36.0,descending,259.26666
49.25,36.25,descending,259.47665
49.25,36.5,descending,259.70166
49.25,36.75,descending,260.15
49.25,37.0,descending,260.54166
49.25,37.25,descending,260.6
49.25,37.5,descending,260.46332
49.25,37.75,descending,260.83572
49.25,38.0,descending,261.44666
49.5,-13.0,descending,225.97333
49.5,-12.75,descending,229.50998
49.5,-12.5,descending,234.10143
49.5,-12.25,descending,237.7625
49.5,-12.0,descending,238.11374
49.5,-11.75,descending,233.55286
49.5,-11.5,descending,227.72499
49.5,-11.25,descending,221.56001
49.5,-11.0,descending,216.76714
49.5,-10.75,descending,215.09833
49.5,-10.5,descending,214.00166
49.5,-10.25,descending,215.05286
49.5,-10.0,descending,216.84142
49.5,-9.75,descending,218.19
49.5,-9.5,descending,219.13713
49.5,-9.25,descending,218.96167
49.5,-9.0,descending,217.48
49.5,-8.75,descending,214.20667
49.5,-8.5,descending,211.58199
49.5,-8.25,descending,210.352
49.5,-8.0,descending,210.34499
49.5,-7.75,descending,210.22998
49.5,-7.5,descending,210.17
49.5,-7.25,descending,210.425
49.5,-7.0,descending,210.98001
49.5,-6.75,descending,211.26572
49.5,-6.5,descending,211.08333
49.5,-6.25,descending,211.08798
49.5,-6.0,descending,210.85715
49.5,-5.75,descending,210.6225
49.5,-5.5,descending,210.08333
49.5,-5.25,descending,209.86665
49.5,-5.0,descending,210.81166
49.5,-4.75,descending,211.56499
49.5,-4.5,descending,211.7957
49.5,-4.25,descending,211.95601
49.5,-4.0,descending,214.04399
49.5,-3.75,descending,219.29834
49.5,-3.5,descending,223.77998
49.5,-3.25,descending,224.624
49.5,-3.0,descending,228.05666
49.5,-2.75,descending,233.58333
49.5,-2.5,descending,237.66833
49.5,-2.25,descending,237.52998
49.5,-2.0,descending,237.79999
49.5,-1.75,descending,244.69666
49.5,-1.5,descending,252.75665
49.5,-1.25,descending,253.83667
49.5,-1.0,descending,248.98856
49.5,-0.75,descending,243.79333
49.5,-0.5,descending,241.49834
49.5,-0.25,descending,243.04333
49.5,0.0,descending,243.4257
49.5,0.25,descending,255.46286
49.5,0.5,descending,259.80713
49.5,0.75,descending,260.46164
49.5,1.0,descending,261.19284
49.5,1.25,descending,261.94998
49.5,1.5,descending,262.1657
49.5,1.75,descending,262.16855
49.5,2.0,descending,262.17715
49.5,2.25,descending,262.37
49.5,2.5,descending,262.6443
49.5,2.75,descending,262.955
49.5,3.0,descending,262.94373
49.5,3.25,descending,262.49286
49.5,3.5,descending,261.83
49.5,3.75,descending,261.055
49.5,4.0,descending,260.6422
49.5,4.25,descending,260.9025
49.5,4.5,descending,261.252
49.5,4.75,descending,261.21298
49.5,5.0,descending,260.246
49.5,5.25,descending,259.11398
49.5,5.5,descending,257.38834
49.5,5.75,descending,256.75082
49.5,6.0,descending,257.62643
49.5,6.25,descending,258.2835
49.5,6.5,descending,257.75156
49.5,6.75,descending,256.82666
49.5,8.5,descending,256.18
49.5,8.75,descending,255.26437
49.5,9.0,descending,254.084
49.5,9.25,descending,252.15666
49.5,9.5,descending,250.37666
49.5,9.75,descending,249.47272
49.5,10.0,descending,249.772
49.5,10.25,descending,251.1391
49.5,10.5,descending,251.99889
49.5,10.75,descending,252.70999
49.5,11.0,descending,253.1211
49.5,11.25,descending,252.92749
49.5,11.5,descending,252.23125
49.5,11.75,descending,251.7057
49.5,12.0,descending,251.85875
49.5,12.25,descending,252.5
49.5,12.5,descending,253.54001
49.5,12.75,descending,254.34125
49.5,13.0,descending,254.96143
49.5,13.25,descending,254.80998
49.5,13.5,descending,254.71286
49.5,13.75,descending,254.68799
49.5,14.0,descending,254.5175
49.5,14.25,descending,253.16429
49.5,14.5,descending,251.08167
49.5,14.75,descending,249.87834
49.5,15.0,descending,250.19
49.5,15.25,descending,251.318
49.5,15.5,descending,252.15498
49.5,15.75,descending,252.33667
49.5,16.0,descending,251.76
49.5,16.25,descending,251.34999
49.5,16.5,descending,251.40201
49.5,16.75,descending,250.89333
49.5,17.0,descending,249.87999
49.5,17.25,descending,249.746
49.5,17.5,descending,249.90498
49.5,17.75,descending,249.51666
49.5,18.0,descending,249.00166
49.5,18.25,descending,248.885
49.5,18.5,descending,248.585
49.5,18.75,descending,248.26666
49.5,19.0,descending,248.77167
49.5,19.25,descending,248.71498
49.5,19.5,descending,248.24834
49.5,19.75,descending,248.73499
49.5,20.0,descending,251.27832
49.5,20.25,descending,253.73999
49.5,20.5,descending,255.73833
49.5,20.75,descending,257.81833
49.5,21.0,descending,259.86667
49.5,21.25,descending,261.105
49.5,21.5,descending,261.68832
49.5,21.75,descending,261.76334
49.5,22.0,descending,261.715
49.5,22.25,descending,261.89832
49.5,22.5,descending,263.33865
49.5,22.75,descending,263.62317
49.5,23.0,descending,263.50095
49.5,23.25,descending,263.48105
49.5,23.5,descending,263.27588
49.5,23.75,descending,262.97705
49.5,24.0,descending,262.29123
49.5,24.25,descending,261.212
49.5,24.5,descending,259.704
49.5,24.75,descending,257.78857
49.5,25.0,descending,256.45938
49.5,25.25,descending,255.94214
49.5,25.5,descending,255.74124
49.5,25.75,descending,255.75084
49.5,26.0,descending,256.14932
49.5,26.25,descending,257.012
49.5,26.5,descending,258.44714
49.5,26.75,descending,259.57
49.5,27.0,descending,260.76215
49.5,27.25,descending,261.58356
49.5,27.5,descending,262.014
49.5,27.75,descending,262.1977
49.5,28.0,descending,262.21667
49.5,28.25,descending,262.232
49.5,28.5,descending,262.34067
49.5,28.75,descending,262.49933
49.5,29.0,descending,262.47427
49.5,29.25,descending,262.42624
49.5,29.5,descending,262.3735
49.5,29.75,descending,262.48248
49.5,30.0,descending,262.624
49.5,30.25,descending,262.65555
49.5,30.5,descending,262.44473
49.5,30.75,descending,262.0475
49.5,31.0,descending,261.6525
49.5,31.25,descending,261.155
49.5,31.5,descending,260.4155
49.5,31.75,descending,260.365
49.5,32.0,descending,258.38834
49.5,32.25,descending,255.65332
49.5,32.5,descending,253.3575
49.5,32.75,descending,252.48999
49.5,33.0,descending,254.03398
49.5,33.25,descending,256.68332
49.5,33.5,descending,259.12167
49.5,33.75,descending,259.465
49.5,34.0,descending,259.442
49.5,34.25,descending,259.40857
49.5,34.5,descending,259.23
49.5,34.75,descending,258.744
49.5,35.0,descending,258.60165
49.5,35.25,descending,258.84
49.5,35.5,descending,259.47
49.5,35.75,descending,260.24713
49.5,36.0,descending,260.76166
49.5,36.25,descending,260.76834
49.5,36.5,descending,260.7333
49.5,36.75,descending,261.06332
49.5,37.0,descending,261.365
49.5,37.25,descending,261.22
49.5,37.5,descending,260.80667
49.5,37.75,descending,261.06665
49.5,38.0,descending,261.7975
49.75,-13.0,descending,227.32666
49.75,-12.75,descending,230.66856
49.75,-12.5,descending,235.67125
49.75,-12.25,descending,239.40666
49.75,-12.0,descending,239.95285
49.75,-11.75,descending,234.81999
49.75,-11.5,descending,224.94429
49.75,-11.25,descending,215.68
49.75,-11.0,descending,210.82999
49.75,-10.75,descending,209.35167
49.75,-10.5,descending,209.4975
49.75,-10.25,descending,211.92
49.75,-10.0,descending,213.68599
49.75,-9.75,descending,214.53667
49.75,-9.5,descending,213.75856
49.75,-9.25,descending,213.565
49.75,-9.0,descending,212.79
49.75,-8.75,descending,211.446
49.75,-8.5,descending,209.83333
49.75,-8.25,descending,208.98999
49.75,-8.0,descending,209.19331
49.75,-7.75,descending,209.83798
49.75,-7.5,descending,210.00832
49.75,-7.25,descending,209.9
49.75,-7.0,descending,209.885
49.75,-6.75,descending,210.118
49.75,-6.5,descending,210.172
49.75,-6.25,descending,209.87334
49.75,-6.0,descending,210.31999
49.75,-5.75,descending,210.915
49.75,-5.5,descending,211.228
49.75,-5.25,descending,211.04199
49.75,-5.0,descending,211.4475
49.75,-4.75,descending,212.04285
49.75,-4.5,descending,211.2525
49.75,-4.25,descending,211.11499
49.75,-4.0,descending,212.56999
49.75,-3.75,descending,217.45
49.75,-3.5,descending,222.76285
49.75,-3.25,descending,226.02998
49.75,-3.0,descending,229.455
49.75,-2.75,descending,233.868
49.75,-2.5,descending,236.56665
49.75,-2.25,descending,237.12166
49.75,-2.0,descending,238.60167
49.75,-1.75,descending,244.24666
49.75,-1.5,descending,248.23999
49.75,-1.25,descending,244.95332
49.75,-1.0,descending,237.71832
49.75,-0.75,descending,231.98167
49.75,-0.5,descending,230.18999
49.75,-0.25,descending,232.72667
49.75,0.0,descending,231.565
49.75,0.25,descending,246.198
49.75,0.5,descending,253.28166
49.75,0.75,descending,255.38666
49.75,1.0,descending,257.042
49.75,1.25,descending,259.8
49.75,1.5,descending,260.98666
49.75,1.75,descending,261.895
49.75,2.0,descending,262.34427
49.75,2.25,descending,262.49832
49.75,2.5,descending,262.57855
49.75,2.75,descending,262.62
49.75,3.0,descending,262.4833
49.75,3.25,descending,262.03
49.75,3.5,descending,261.61856
49.75,3.75,descending,261.28
49.75,4.0,descending,260.88998
49.75,4.25,descending,260.41714
49.75,4.5,descending,260.09888
49.75,4.75,descending,259.48874
49.75,5.0,descending,258.13498
49.75,5.25,descending,256.081
49.75,5.5,descending,254.67833
49.75,5.75,descending,255.64365
49.75,6.0,descending,257.2623
49.75,6.25,descending,257.7069
49.75,6.5,descending,257.10333
49.75,6.75,descending,256.48523
49.75,7.0,descending,256.21713
49.75,8.75,descending,255.018
49.75,9.0,descending,254.55598
49.75,9.25,descending,253.47571
49.75,9.5,descending,251.91725
49.75,9.75,descending,250.14545
49.75,10.0,descending,248.9
49.75,10.25,descending,248.75778
49.75,10.5,descending,249.2275
49.75,10.75,descending,249.88445
49.75,11.0,descending,250.50624
49.75,11.25,descending,251.74875
49.75,11.5,descending,252.51125
49.75,11.75,descending,252.88249
49.75,12.0,descending,252.98572
49.75,12.25,descending,253.54857
49.75,12.5,descending,254.36143
49.75,12.75,descending,255.265
49.75,13.0,descending,255.94571
49.75,13.25,descending,256.01834
49.75,13.5,descending,255.53333
49.75,13.75,descending,255.23167
49.75,14.0,descending,255.31331
49.75,14.25,descending,254.42801
49.75,14.5,descending,252.35333
49.75,14.75,descending,250.6857
49.75,15.0,descending,250.32713
49.75,15.25,descending,250.80833
49.75,15.5,descending,251.13666
49.75,15.75,descending,251.04167
49.75,16.0,descending,250.685
49.75,16.25,descending,250.102
49.75,16.5,descending,249.825
49.75,16.75,descending,249.81
49.75,17.0,descending,249.512
49.75,17.25,descending,249.23398
49.75,17.5,descending,249.46832
49.75,17.75,descending,249.35834
49.75,18.0,descending,248.44199
49.75,18.25,descending,247.58199
49.75,18.5,descending,247.27832
49.75,18.75,descending,246.98
49.75,19.0,descending,247.51428
49.75,19.25,descending,248.0
49.75,19.5,descending,247.78667
49.75,19.75,descending,247.628
49.75,20.0,descending,249.97833
49.75,20.25,descending,253.35667
49.75,20.5,descending,256.382
49.75,20.75,descending,258.415
49.75,21.0,descending,260.06198
49.75,21.25,descending,261.2675
49.75,21.5,descending,261.795
49.75,21.75,descending,261.91
49.75,22.0,descending,261.9583
49.75,22.25,descending,262.23248
49.75,22.5,descending,263.39444
49.75,22.75,descending,263.68137
49.75,23.0,descending,263.61664
49.75,23.25,descending,263.60388
49.75,23.5,descending,263.49777
49.75,23.75,descending,263.24
49.75,24.0,descending,262.93588
49.75,24.25,descending,262.19284
49.75,24.5,descending,261.3123
49.75,24.75,descending,259.7093
49.75,25.0,descending,258.9207
49.75,25.25,descending,258.41077
49.75,25.5,descending,258.16266
49.75,25.75,descending,257.55426
49.75,26.0,descending,257.62082
49.75,26.25,descending,258.37143
49.75,26.5,descending,259.36307
49.75,26.75,descending,260.07144
49.75,27.0,descending,260.8369
49.75,27.25,descending,261.5946
49.75,27.5,descending,262.15915
49.75,27.75,descending,262.49307
49.75,28.0,descending,262.62866
49.75,28.25,descending,262.62616
49.75,28.5,descending,262.685
49.75,28.75,descending,262.7333
49.75,29.0,descending,262.6
49.75,29.25,descending,262.455
49.75,29.5,descending,262.18268
49.75,29.75,descending,261.9592
49.75,30.0,descending,261.84106
49.75,30.25,descending,261.77936
49.75,30.5,descending,261.5581
49.75,30.75,descending,260.90314
49.75,31.0,descending,260.0128
49.75,31.25,descending,258.54364
49.75,31.5,descending,258.12558
49.75,31.75,descending,259.41
49.75,32.0,descending,259.75168
49.75,32.25,descending,258.14832
49.75,32.5,descending,256.96167
49.75,32.75,descending,256.85602
49.75,33.0,descending,257.48398
49.75,33.25,descending,259.97998
49.75,33.5,descending,260.998
49.75,33.75,descending,261.442
49.75,34.0,descending,261.31332
49.75,34.25,descending,261.0725
49.75,34.5,descending,261.06833
49.75,34.75,descending,260.444
49.75,35.0,descending,260.44
49.75,35.25,descending,260.79666
49.75,35.5,descending,261.18
49.75,35.75,descending,261.8225
49.75,36.0,descending,261.99
49.75,36.25,descending,261.97165
49.75,36.5,descending,261.77
49.75,36.75,descending,261.81998
49.75,37.0,descending,262.06998
49.75,37.25,descending,262.17502
49.75,37.5,descending,261.95334
49.75,37.75,descending,262.11832
49.75,38.0,descending,262.655
50.0,-13.0,descending,227.65749
50.0,-12.75,descending,231.30666
50.0,-12.5,descending,235.46873
50.0,-12.25,descending,239.38124
50.0,-12.0,descending,240.25285
50.0,-11.75,descending,236.55429
50.0,-11.5,descending,226.52141
50.0,-11.25,descending,216.92168
50.0,-11.0,descending,209.69875
50.0,-10.75,descending,206.69286
50.0,-10.5,descending,206.68599
50.0,-10.25,descending,207.97427
50.0,-10.0,descending,209.15714
50.0,-9.75,descending,209.75
50.0,-9.5,descending,209.24333
50.0,-9.25,descending,209.372
50.0,-9.0,descending,209.30998
50.0,-8.75,descending,209.20332
50.0,-8.5,descending,208.5757
50.0,-8.25,descending,208.12334
50.0,-8.0,descending,208.222
50.0,-7.75,descending,208.705
50.0,-7.5,descending,209.04199
50.0,-7.25,descending,209.20833
50.0,-7.0,descending,209.09999
50.0,-6.75,descending,209.358
50.0,-6.5,descending,209.54143
50.0,-6.25,descending,209.495
50.0,-6.0,descending,210.352
50.0,-5.75,descending,213.48499
50.0,-5.5,descending,215.83
50.0,-5.25,descending,218.70166
50.0,-5.0,descending,216.14998
50.0,-4.75,descending,215.60167
50.0,-4.5,descending,213.06665
50.0,-4.25,descending,213.41199
50.0,-4.0,descending,215.70999
50.0,-3.75,descending,218.98198
50.0,-3.5,descending,224.144
50.0,-3.25,descending,226.63
50.0,-3.0,descending,227.98332
50.0,-2.75,descending,230.196
50.0,-2.5,descending,231.798
50.0,-2.25,descending,232.99333
50.0,-2.0,descending,236.31334
50.0,-1.75,descending,240.99666
50.0,-1.5,descending,243.04668
50.0,-1.25,descending,239.885
50.0,-1.0,descending,233.83333
50.0,-0.75,descending,229.50667
50.0,-0.5,descending,228.78333
50.0,-0.25,descending,229.76166
50.0,0.0,descending,228.69286
50.0,0.25,descending,237.11165
50.0,0.5,descending,242.29333
50.0,0.75,descending,244.1157
50.0,1.0,descending,247.37143
50.0,1.25,descending,252.675
50.0,1.5,descending,256.625
50.0,1.75,descending,260.33
50.0,2.0,descending,261.95572
50.0,2.25,descending,262.31143
50.0,2.5,descending,262.29428
50.0,2.75,descending,262.23285
50.0,3.0,descending,261.9975
50.0,3.25,descending,261.53
50.0,3.5,descending,261.13858
50.0,3.75,descending,260.53998
50.0,4.0,descending,259.7475
50.0,4.25,descending,258.93124
50.0,4.5,descending,258.81775
50.0,4.75,descending,258.04126
50.0,5.0,descending,256.374
50.0,5.25,descending,254.51799
50.0,5.5,descending,254.20546
50.0,5.75,descending,255.25
50.0,6.0,descending,256.54922
50.0,6.25,descending,257.06833
50.0,6.5,descending,256.84277
50.0,6.75,descending,256.24823
50.0,7.0,descending,255.73093
50.0,7.25,descending,255.44
50.0,8.75,descending,256.17416
50.0,9.0,descending,256.28644
50.0,9.25,descending,255.65213
50.0,9.5,descending,254.59082
50.0,9.75,descending,252.90273
50.0,10.0,descending,250.78908
50.0,10.25,descending,249.09442
50.0,10.5,descending,248.53398
50.0,10.75,descending,248.69556
50.0,11.0,descending,249.37555
50.0,11.25,descending,250.65375
50.0,11.5,descending,252.01888
50.0,11.75,descending,252.99284
50.0,12.0,descending,253.51999
50.0,12.25,descending,253.94571
50.0,12.5,descending,254.5025
50.0,12.75,descending,255.22571
50.0,13.0,descending,256.01855
50.0,13.25,descending,256.66333
50.0,13.5,descending,256.6925
50.0,13.75,descending,256.39856
50.0,14.0,descending,256.27856
50.0,14.25,descending,255.86165
50.0,14.5,descending,254.525
50.0,14.75,descending,253.03198
50.0,15.0,descending,252.09
50.0,15.25,descending,251.76999
50.0,15.5,descending,251.38832
50.0,15.75,descending,250.55798
50.0,16.0,descending,249.68001
50.0,16.25,descending,249.16333
50.0,16.5,descending,248.73665
50.0,16.75,descending,248.81831
50.0,17.0,descending,249.27832
50.0,17.25,descending,249.45166
50.0,17.5,descending,249.49399
50.0,17.75,descending,249.502
50.0,18.0,descending,249.10143
50.0,18.25,descending,248.21999
50.0,18.5,descending,247.29199
50.0,18.75,descending,246.95833
50.0,19.0,descending,246.626
50.0,19.25,descending,247.29999
50.0,19.5,descending,247.71498
50.0,19.75,descending,247.71167
50.0,20.0,descending,248.68
50.0,20.25,descending,251.51166
50.0,20.5,descending,254.78499
50.0,20.75,descending,257.61
50.0,21.0,descending,260.05002
50.0,21.25,descending,261.49832
50.0,21.5,descending,262.2375
50.0,21.75,descending,262.44333
50.0,22.0,descending,262.415
50.0,22.25,descending,262.53665
50.0,22.5,descending,262.97125
50.0,22.75,descending,263.517
50.0,23.0,descending,263.513
50.0,23.25,descending,263.49667
50.0,23.5,descending,263.44235
50.0,23.75,descending,263.3712
50.0,24.0,descending,263.26056
50.0,24.25,descending,263.21307
50.0,24.5,descending,262.6494
50.0,24.75,descending,262.1875
50.0,25.0,descending,261.565
50.0,25.25,descending,261.30798
50.0,25.5,descending,260.705
50.0,25.75,descending,260.21213
50.0,26.0,descending,260.06216
50.0,26.25,descending,260.23767
50.0,26.5,descending,260.3853
50.0,26.75,descending,260.52844
50.0,27.0,descending,261.04733
50.0,27.25,descending,261.59067
50.0,27.5,descending,262.25
50.0,27.75,descending,262.71
50.0,28.0,descending,262.91614
50.0,28.25,descending,262.90332
50.0,28.5,descending,262.86884
50.0,28.75,descending,262.88715
50.0,29.0,descending,262.86734
50.0,29.25,descending,262.60464
50.0,29.5,descending,262.18686
50.0,29.75,descending,261.83356
50.0,30.0,descending,261.46063
50.0,30.25,descending,260.97186
50.0,30.5,descending,260.21057
50.0,30.75,descending,258.68176
50.0,31.0,descending,257.07788
50.0,31.25,descending,256.08
50.0,31.5,descending,257.19952
50.0,31.75,descending,258.95074
50.0,32.0,descending,260.6014
50.0,32.25,descending,261.242
50.0,32.5,descending,260.85666
50.0,32.75,descending,260.888
50.0,33.0,descending,261.55
50.0,33.25,descending,262.096
50.0,33.5,descending,263.04666
50.0,33.75,descending,263.08798
50.0,34.0,descending,262.96835
50.0,34.25,descending,262.615
50.0,34.5,descending,262.69598
50.0,34.75,descending,262.26666
50.0,35.0,descending,262.01
50.0,35.25,descending,262.37
50.0,35.5,descending,262.57428
50.0,35.75,descending,262.6083
50.0,36.0,descending,262.51834
50.0,36.25,descending,262.38748
50.0,36.5,descending,262.295
50.0,36.75,descending,262.20667
50.0,37.0,descending,262.45667
50.0,37.25,descending,262.90164
50.0,37.5,descending,263.06
50.0,37.75,descending,263.18167
50.0,38.0,descending,263.35666
50.25,-13.0,descending,226.75334
50.25,-12.75,descending,230.6675
50.25,-12.5,descending,235.34666
50.25,-12.25,descending,238.76857
50.25,-12.0,descending,239.40572
50.25,-11.75,descending,234.4557
50.25,-11.5,descending,227.07666
50.25,-11.25,descending,217.07857
50.25,-11.0,descending,209.74834
50.25,-10.75,descending,206.50798
50.25,-10.5,descending,205.75624
50.25,-10.25,descending,206.168
50.25,-10.0,descending,206.77
50.25,-9.75,descending,207.21333
50.25,-9.5,descending,207.46333
50.25,-9.25,descending,207.66333
50.25,-9.0,descending,207.85286
50.25,-8.75,descending,207.89667
50.25,-8.5,descending,207.75166
50.25,-8.25,descending,207.50801
50.25,-8.0,descending,207.41667
50.25,-7.75,descending,207.68166
50.25,-7.5,descending,208.31999
50.25,-7.25,descending,208.58167
50.25,-7.0,descending,208.38
50.25,-6.75,descending,208.46832
50.25,-6.5,descending,208.566
50.25,-6.25,descending,208.554
50.25,-6.0,descending,209.802
50.25,-5.75,descending,213.81999
50.25,-5.5,descending,220.48332
50.25,-5.25,descending,226.84749
50.25,-5.0,descending,228.1857
50.25,-4.75,descending,226.60999
50.25,-4.5,descending,223.38
50.25,-4.25,descending,221.54399
50.25,-4.0,descending,225.21199
50.25,-3.75,descending,226.435
50.25,-3.5,descending,226.394
50.25,-3.25,descending,226.4025
50.25,-3.0,descending,225.25
50.25,-2.75,descending,226.32666
50.25,-2.5,descending,228.302
50.25,-2.25,descending,229.6725
50.25,-2.0,descending,233.87398
50.25,-1.75,descending,238.45
50.25,-1.5,descending,240.58833
50.25,-1.25,descending,239.17499
50.25,-1.0,descending,235.80833
50.25,-0.75,descending,233.63
50.25,-0.5,descending,233.19167
50.25,-0.25,descending,232.37
50.25,0.0,descending,231.44165
50.25,0.25,descending,232.13199
50.25,0.5,descending,233.36333
50.25,0.75,descending,233.10167
50.25,1.0,descending,232.41167
50.25,1.25,descending,239.55856
50.25,1.5,descending,250.255
50.25,1.75,descending,258.0483
50.25,2.0,descending,261.38834
50.25,2.25,descending,261.96713
50.25,2.5,descending,261.94833
50.25,2.75,descending,261.735
50.25,3.0,descending,261.37143
50.25,3.25,descending,260.90143
50.25,3.5,descending,260.29623
50.25,3.75,descending,259.48248
50.25,4.0,descending,258.73126
50.25,4.25,descending,258.57333
50.25,4.5,descending,258.702
50.25,4.75,descending,258.0757
50.25,5.0,descending,256.49445
50.25,5.25,descending,255.327
50.25,5.5,descending,255.481
50.25,5.75,descending,255.903
50.25,6.0,descending,256.697
50.25,6.25,descending,256.9125
50.25,6.5,descending,256.645
50.25,6.75,descending,256.08084
50.25,7.0,descending,256.02
50.25,7.25,descending,256.5888
50.25,8.75,descending,257.049
50.25,9.0,descending,257.00198
50.25,9.25,descending,256.7614
50.25,9.5,descending,256.12454
50.25,9.75,descending,254.95601
50.25,10.0,descending,253.14818
50.25,10.25,descending,250.91199
50.25,10.5,descending,249.79599
50.25,10.75,descending,249.48714
50.25,11.0,descending,249.86223
50.25,11.25,descending,250.54875
50.25,11.5,descending,251.39857
50.25,11.75,descending,252.1757
50.25,12.0,descending,252.60832
50.25,12.25,descending,253.41249
50.25,12.5,descending,253.94499
50.25,12.75,descending,254.80124
50.25,13.0,descending,255.892
50.25,13.25,descending,256.93427
50.25,13.5,descending,257.81
50.25,13.75,descending,257.64664
50.25,14.0,descending,257.47333
50.25,14.25,descending,257.00665
50.25,14.5,descending,256.166
50.25,14.75,descending,255.10832
50.25,15.0,descending,253.78572
50.25,15.25,descending,252.61856
50.25,15.5,descending,251.435
50.25,15.75,descending,250.15498
50.25,16.0,descending,249.0757
50.25,16.25,descending,248.82166
50.25,16.5,descending,248.80798
50.25,16.75,descending,248.95601
50.25,17.0,descending,249.51332
50.25,17.25,descending,250.26999
50.25,17.5,descending,250.61165
50.25,17.75,descending,250.67168
50.25,18.0,descending,250.7525
50.25,18.25,descending,251.29333
50.25,18.5,descending,250.624
50.25,18.75,descending,250.094
50.25,19.0,descending,249.01332
50.25,19.25,descending,248.81198
50.25,19.5,descending,249.02998
50.25,19.75,descending,248.25
50.25,20.0,descending,248.39
50.25,20.25,descending,250.07199
50.25,20.5,descending,253.02165
50.25,20.75,descending,255.8725
50.25,21.0,descending,259.43198
50.25,21.25,descending,261.535
50.25,21.5,descending,262.61832
50.25,21.75,descending,263.04498
50.25,22.0,descending,262.996
50.25,22.25,descending,262.9783
50.25,22.5,descending,263.04666
50.25,22.75,descending,263.68637
50.25,23.0,descending,263.7842
50.25,23.25,descending,263.7853
50.25,23.5,descending,263.76373
50.25,23.75,descending,263.806
50.25,24.0,descending,263.82306
50.25,24.25,descending,263.782
50.25,24.5,descending,263.71533
50.25,24.75,descending,263.54306
50.25,25.0,descending,263.29355
50.25,25.25,descending,262.94785
50.25,25.5,descending,262.50143
50.25,25.75,descending,261.82166
50.25,26.0,descending,261.78845
50.25,26.25,descending,261.38214
50.25,26.5,descending,260.6575
50.25,26.75,descending,260.17383
50.25,27.0,descending,260.37616
50.25,27.25,descending,261.18997
50.25,27.5,descending,261.9323
50.25,27.75,descending,262.50998
50.25,28.0,descending,262.81693
50.25,28.25,descending,262.80063
50.25,28.5,descending,262.7446
50.25,28.75,descending,262.78915
50.25,29.0,descending,262.82642
50.25,29.25,descending,262.6369
50.25,29.5,descending,262.28998
50.25,29.75,descending,261.8792
50.25,30.0,descending,261.22437
50.25,30.25,descending,259.91864
50.25,30.5,descending,258.69388
50.25,30.75,descending,257.66666
50.25,31.0,descending,257.2542
50.25,31.25,descending,258.10156
50.25,31.5,descending,258.93893
50.25,31.75,descending,259.84958
50.25,32.0,descending,260.366
50.25,32.25,descending,262.608
50.25,32.5,descending,262.725
50.25,32.75,descending,262.866
50.25,33.0,descending,263.174
50.25,33.25,descending,263.48502
50.25,33.5,descending,263.75
50.25,33.75,descending,263.79855
50.25,34.0,descending,263.75
50.25,34.25,descending,263.5
50.25,34.5,descending,263.296
50.25,34.75,descending,262.9975
50.25,35.0,descending,262.84714
50.25,35.25,descending,262.9
50.25,35.5,descending,262.9225
50.25,35.75,descending,262.805
50.25,36.0,descending,262.61
50.25,36.25,descending,262.42502
50.25,36.5,descending,262.375
50.25,36.75,descending,262.34998
50.25,37.0,descending,262.585
50.25,37.25,descending,263.01498
50.25,37.5,descending,263.29498
50.25,37.75,descending,263.395
50.25,38.0,descending,263.38333
50.5,-13.0,descending,226.31334
50.5,-12.75,descending,229.50626
50.5,-12.5,descending,235.01
50.5,-12.25,descending,239.23499
50.5,-12.0,descending,240.18428
50.5,-11.75,descending,235.67332
50.5,-11.5,descending,225.99284
50.5,-11.25,descending,216.74284
50.5,-11.0,descending,209.79713
50.5,-10.75,descending,206.60143
50.5,-10.5,descending,205.51
50.5,-10.25,descending,205.51332
50.5,-10.0,descending,205.98428
50.5,-9.75,descending,206.344
50.5,-9.5,descending,206.56667
50.5,-9.25,descending,206.68999
50.5,-9.0,descending,206.71
50.5,-8.75,descending,206.81999
50.5,-8.5,descending,206.814
50.5,-8.25,descending,206.75
50.5,-8.0,descending,206.49834
50.5,-7.75,descending,206.594
50.5,-7.5,descending,207.16667
50.5,-7.25,descending,207.58167
50.5,-7.0,descending,207.55
50.5,-6.75,descending,207.46
50.5,-6.5,descending,207.36572
50.5,-6.25,descending,207.476
50.5,-6.0,descending,208.28667
50.5,-5.75,descending,211.435
50.5,-5.5,descending,217.78198
50.5,-5.25,descending,226.435
50.5,-5.0,descending,234.36398
50.5,-4.75,descending,237.84833
50.5,-4.5,descending,240.65
50.5,-4.25,descending,238.08714
50.5,-4.0,descending,239.722
50.5,-3.75,descending,241.89333
50.5,-3.5,descending,235.10667
50.5,-3.25,descending,229.21832
50.5,-3.0,descending,227.05798
50.5,-2.75,descending,228.15332
50.5,-2.5,descending,230.85167
50.5,-2.25,descending,231.77501
50.5,-2.0,descending,234.478
50.5,-1.75,descending,239.92801
50.5,-1.5,descending,241.81665
50.5,-1.25,descending,240.59999
50.5,-1.0,descending,238.95166
50.5,-0.75,descending,238.46165
50.5,-0.5,descending,237.64998
50.5,-0.25,descending,235.77167
50.5,0.0,descending,227.72375
50.5,0.25,descending,231.27
50.5,0.5,descending,229.065
50.5,0.75,descending,225.28833
50.5,1.0,descending,222.81667
50.5,1.25,descending,228.54428
50.5,1.5,descending,243.04
50.5,1.75,descending,255.015
50.5,2.0,descending,260.15286
50.5,2.25,descending,261.10428
50.5,2.5,descending,261.09714
50.5,2.75,descending,260.77
50.5,3.0,descending,260.50143
50.5,3.25,descending,260.2075
50.5,3.5,descending,259.8514
50.5,3.75,descending,259.43
50.5,4.0,descending,259.35858
50.5,4.25,descending,259.4111
50.5,4.5,descending,259.42123
50.5,4.75,descending,258.8675
50.5,5.0,descending,257.6111
50.5,5.25,descending,256.91284
50.5,5.5,descending,256.854
50.5,5.75,descending,257.079
50.5,6.0,descending,257.70456
50.5,6.25,descending,257.82166
50.5,6.5,descending,257.54333
50.5,6.75,descending,257.518
50.5,7.0,descending,257.8261
50.5,7.25,descending,257.69473
50.5,7.5,descending,257.26398
50.5,8.75,descending,256.74
50.5,9.0,descending,256.46564
50.5,9.25,descending,256.0257
50.5,9.5,descending,255.54999
50.5,9.75,descending,254.9009
50.5,10.0,descending,254.1018
50.5,10.25,descending,253.01999
50.5,10.5,descending,252.15778
50.5,10.75,descending,251.90887
50.5,11.0,descending,252.15555
50.5,11.25,descending,252.29875
50.5,11.5,descending,252.26555
50.5,11.75,descending,252.0711
50.5,12.0,descending,251.91624
50.5,12.25,descending,252.22285
50.5,12.5,descending,253.10571
50.5,12.75,descending,253.69499
50.5,13.0,descending,254.76874
50.5,13.25,descending,255.72427
50.5,13.5,descending,257.07428
50.5,13.75,descending,257.73856
50.5,14.0,descending,257.5533
50.5,14.25,descending,256.95667
50.5,14.5,descending,256.3343
50.5,14.75,descending,255.38332
50.5,15.0,descending,254.08832
50.5,15.25,descending,252.798
50.5,15.5,descending,251.83998
50.5,15.75,descending,250.74165
50.5,16.0,descending,249.83199
50.5,16.25,descending,249.672
50.5,16.5,descending,249.66833
50.5,16.75,descending,249.39333
50.5,17.0,descending,249.40332
50.5,17.25,descending,250.48198
50.5,17.5,descending,251.81999
50.5,17.75,descending,252.444
50.5,18.0,descending,252.83333
50.5,18.25,descending,253.95401
50.5,18.5,descending,254.472
50.5,18.75,descending,254.21332
50.5,19.0,descending,253.462
50.5,19.25,descending,252.53667
50.5,19.5,descending,252.75601
50.5,19.75,descending,251.40166
50.5,20.0,descending,250.61165
50.5,20.25,descending,250.65666
50.5,20.5,descending,252.474
50.5,20.75,descending,255.18166
50.5,21.0,descending,258.276
50.5,21.25,descending,260.835
50.5,21.5,descending,262.33
50.5,21.75,descending,263.19998
50.5,22.0,descending,263.454
50.5,22.25,descending,263.45834
50.5,22.5,descending,263.49167
50.5,22.75,descending,263.9211
50.5,23.0,descending,264.0527
50.5,23.25,descending,264.06894
50.5,23.5,descending,264.07
50.5,23.75,descending,264.05063
50.5,24.0,descending,264.13
50.5,24.25,descending,264.19437
50.5,24.5,descending,264.19427
50.5,24.75,descending,264.11688
50.5,25.0,descending,263.758
50.5,25.25,descending,263.22357
50.5,25.5,descending,262.74
50.5,25.75,descending,262.36465
50.5,26.0,descending,262.15286
50.5,26.25,descending,261.43536
50.5,26.5,descending,260.18933
50.5,26.75,descending,259.32355
50.5,27.0,descending,259.4714
50.5,27.25,descending,260.45142
50.5,27.5,descending,261.6364
50.5,27.75,descending,262.22928
50.5,28.0,descending,262.47665
50.5,28.25,descending,262.44666
50.5,28.5,descending,262.43143
50.5,28.75,descending,262.67215
50.5,29.0,descending,262.74063
50.5,29.25,descending,262.60785
50.5,29.5,descending,262.37057
50.5,29.75,descending,262.01462
50.5,30.0,descending,260.51813
50.5,30.25,descending,258.79715
50.5,30.5,descending,257.33
50.5,30.75,descending,258.1707
50.5,31.0,descending,259.30527
50.5,31.25,descending,260.02292
50.5,31.5,descending,260.33618
50.5,31.75,descending,260.55774
50.5,32.0,descending,260.27924
50.5,32.25,descending,261.04642
50.5,32.5,descending,263.142
50.5,32.75,descending,263.21
50.5,33.0,descending,263.28333
50.5,33.25,descending,263.35
50.5,33.5,descending,263.50284
50.5,33.75,descending,263.518
50.5,34.0,descending,263.56168
50.5,34.25,descending,263.416
50.5,34.5,descending,263.22165
50.5,34.75,descending,262.99667
50.5,35.0,descending,262.76334
50.5,35.25,descending,262.795
50.5,35.5,descending,262.735
50.5,35.75,descending,262.47998
50.5,36.0,descending,262.33664
50.5,36.25,descending,262.18
50.5,36.5,descending,262.12668
50.5,36.75,descending,262.2283
50.5,37.0,descending,262.4375
50.5,37.25,descending,262.70502
50.5,37.5,descending,262.775
50.5,37.75,descending,262.8533
50.5,38.0,descending,262.83664
50.75,-13.0,descending,225.8675
50.75,-12.75,descending,229.45166
50.75,-12.5,descending,234.05142
50.75,-12.25,descending,239.40375
50.75,-12.0,descending,241.426
50.75,-11.75,descending,237.60124
50.75,-11.5,descending,227.76332
50.75,-11.25,descending,217.565
50.75,-11.0,descending,210.69334
50.75,-10.75,descending,206.875
50.75,-10.5,descending,205.55333
50.75,-10.25,descending,205.28833
50.75,-10.0,descending,205.47499
50.75,-9.75,descending,205.85715
50.75,-9.5,descending,206.14333
50.75,-9.25,descending,206.12666
50.75,-9.0,descending,206.05833
50.75,-8.75,descending,206.04999
50.75,-8.5,descending,206.05833
50.75,-8.25,descending,206.09332
50.75,-8.0,descending,206.05
50.75,-7.75,descending,205.99834
50.75,-7.5,descending,206.18834
50.75,-7.25,descending,206.42249
50.75,-7.0,descending,206.74834
50.75,-6.75,descending,206.67168
50.75,-6.5,descending,206.63
50.75,-6.25,descending,206.88998
50.75,-6.0,descending,207.60999
50.75,-5.75,descending,208.98799
50.75,-5.5,descending,211.93834
50.75,-5.25,descending,217.95
50.75,-5.0,descending,224.842
50.75,-4.75,descending,236.622
50.75,-4.5,descending,246.32666
50.75,-4.25,descending,251.89499
50.75,-4.0,descending,254.11833
50.75,-3.75,descending,254.47499
50.75,-3.5,descending,248.13799
50.75,-3.25,descending,241.00832
50.75,-3.0,descending,236.98198
50.75,-2.75,descending,237.9925
50.75,-2.5,descending,243.14833
50.75,-2.25,descending,243.88332
50.75,-2.0,descending,243.95332
50.75,-1.75,descending,246.146
50.75,-1.5,descending,247.44499
50.75,-1.25,descending,245.3425
50.75,-1.0,descending,245.27165
50.75,-0.75,descending,245.17332
50.75,-0.5,descending,244.11833
50.75,-0.25,descending,241.93399
50.75,0.0,descending,234.45801
50.75,0.25,descending,236.12
50.75,0.5,descending,231.93666
50.75,0.75,descending,225.95
50.75,1.0,descending,221.48167
50.75,1.25,descending,223.51399
50.75,1.5,descending,236.58333
50.75,1.75,descending,249.415
50.75,2.0,descending,255.28857
50.75,2.25,descending,257.64832
50.75,2.5,descending,258.2333
50.75,2.75,descending,258.715
50.75,3.0,descending,259.01373
50.75,3.25,descending,259.655
50.75,3.5,descending,259.99332
50.75,3.75,descending,259.84375
50.75,4.0,descending,259.6325
50.75,4.25,descending,259.7686
50.75,4.5,descending,259.97626
50.75,4.75,descending,259.79855
50.75,5.0,descending,259.028
50.75,5.25,descending,258.38873
50.75,5.5,descending,258.04
50.75,5.75,descending,258.21298
50.75,6.0,descending,258.663
50.75,6.25,descending,258.85898
50.75,6.5,descending,258.86
50.75,6.75,descending,258.71335
50.75,7.0,descending,258.0873
50.75,7.25,descending,257.2253
50.75,7.5,descending,256.625
50.75,7.75,descending,256.55402
50.75,8.75,descending,256.09
50.75,9.0,descending,256.0906
50.75,9.25,descending,256.11847
50.75,9.5,descending,256.06693
50.75,9.75,descending,255.94582
50.75,10.0,descending,255.81273
50.75,10.25,descending,255.521
50.75,10.5,descending,254.86555
50.75,10.75,descending,255.02374
50.75,11.0,descending,255.45
50.75,11.25,descending,255.48125
50.75,11.5,descending,255.53
50.75,11.75,descending,255.25835
50.75,12.0,descending,254.20374
50.75,12.25,descending,253.36714
50.75,12.5,descending,253.17285
50.75,12.75,descending,252.85832
50.75,13.0,descending,252.75285
50.75,13.25,descending,253.22333
50.75,13.5,descending,254.04428
50.75,13.75,descending,255.61398
50.75,14.0,descending,256.1357
50.75,14.25,descending,255.63332
50.75,14.5,descending,254.84666
50.75,14.75,descending,254.03714
50.75,15.0,descending,253.55333
50.75,15.25,descending,253.09001
50.75,15.5,descending,252.75798
50.75,15.75,descending,252.552
50.75,16.0,descending,251.995
50.75,16.25,descending,251.72833
50.75,16.5,descending,251.39285
50.75,16.75,descending,250.82797
50.75,17.0,descending,250.29599
50.75,17.25,descending,251.01332
50.75,17.5,descending,252.81331
50.75,17.75,descending,254.12
50.75,18.0,descending,254.93166
50.75,18.25,descending,255.67798
50.75,18.5,descending,256.78287
50.75,18.75,descending,257.39398
50.75,19.0,descending,256.595
50.75,19.25,descending,256.57
50.75,19.5,descending,256.816
50.75,19.75,descending,256.79333
50.75,20.0,descending,255.004
50.75,20.25,descending,254.03398
50.75,20.5,descending,254.122
50.75,20.75,descending,255.5175
50.75,21.0,descending,258.02167
50.75,21.25,descending,259.9475
50.75,21.5,descending,261.4
50.75,21.75,descending,262.30832
50.75,22.0,descending,263.02664
50.75,22.25,descending,263.24
50.75,22.5,descending,263.344
50.75,22.75,descending,263.675
50.75,23.0,descending,263.80667
50.75,23.25,descending,263.8816
50.75,23.5,descending,263.95557
50.75,23.75,descending,264.0275
50.75,24.0,descending,264.13763
50.75,24.25,descending,264.08932
50.75,24.5,descending,264.06375
50.75,24.75,descending,263.75287
50.75,25.0,descending,263.40198
50.75,25.25,descending,262.73462
50.75,25.5,descending,262.22784
50.75,25.75,descending,262.04166
50.75,26.0,descending,261.87997
50.75,26.25,descending,261.23416
50.75,26.5,descending,260.22
50.75,26.75,descending,258.92917
50.75,27.0,descending,259.05768
50.75,27.25,descending,259.8491
50.75,27.5,descending,260.95428
50.75,27.75,descending,261.62747
50.75,28.0,descending,261.92334
50.75,28.25,descending,261.95712
50.75,28.5,descending,262.11667
50.75,28.75,descending,262.35614
50.75,29.0,descending,262.6454
50.75,29.25,descending,262.65845
50.75,29.5,descending,262.38187
50.75,29.75,descending,261.9157
50.75,30.0,descending,259.62616
50.75,30.25,descending,256.69385
50.75,30.5,descending,255.68333
50.75,30.75,descending,258.12473
50.75,31.0,descending,260.10233
50.75,31.25,descending,260.87
50.75,31.5,descending,260.7315
50.75,31.75,descending,260.67212
50.75,32.0,descending,260.54904
50.75,32.25,descending,260.09637
50.75,32.5,descending,261.7543
50.75,32.75,descending,262.78165
50.75,33.0,descending,262.8875
50.75,33.25,descending,262.77164
50.75,33.5,descending,262.75598
50.75,33.75,descending,262.766
50.75,34.0,descending,262.78198
50.75,34.25,descending,262.78998
50.75,34.5,descending,262.62833
50.75,34.75,descending,262.42502
50.75,35.0,descending,262.3025
50.75,35.25,descending,262.222
50.75,35.5,descending,262.04666
50.75,35.75,descending,261.882
50.75,36.0,descending,261.785
50.75,36.25,descending,261.56332
50.75,36.5,descending,261.54666
50.75,36.75,descending,261.72998
50.75,37.0,descending,261.97165
50.75,37.25,descending,262.1133
50.75,37.5,descending,262.085
50.75,37.75,descending,262.10666
50.75,38.0,descending,262.25
51.0,-13.0,descending,224.56667
51.0,-12.75,descending,228.04
51.0,-12.5,descending,232.85715
51.0,-12.25,descending,237.82625
51.0,-12.0,descending,241.78624
51.0,-11.75,descending,240.3
51.0,-11.5,descending,231.94571
51.0,-11.25,descending,221.84428
51.0,-11.0,descending,213.05666
51.0,-10.75,descending,208.25
51.0,-10.5,descending,206.20142
51.0,-10.25,descending,205.63857
51.0,-10.0,descending,205.52167
51.0,-9.75,descending,205.76599
51.0,-9.5,descending,206.122
51.0,-9.25,descending,206.32286
51.0,-9.0,descending,206.23334
51.0,-8.75,descending,206.118
51.0,-8.5,descending,206.07832
51.0,-8.25,descending,206.0475
51.0,-8.0,descending,206.06714
51.0,-7.75,descending,206.096
51.0,-7.5,descending,206.21666
51.0,-7.25,descending,206.41167
51.0,-7.0,descending,206.57199
51.0,-6.75,descending,206.604
51.0,-6.5,descending,206.68999
51.0,-6.25,descending,206.98499
51.0,-6.0,descending,207.67998
51.0,-5.75,descending,208.31334
51.0,-5.5,descending,209.118
51.0,-5.25,descending,210.90498
51.0,-5.0,descending,214.87334
51.0,-4.75,descending,225.46402
51.0,-4.5,descending,239.894
51.0,-4.25,descending,250.40166
51.0,-4.0,descending,255.736
51.0,-3.75,descending,256.90833
51.0,-3.5,descending,254.846
51.0,-3.25,descending,251.79832
51.0,-3.0,descending,250.31499
51.0,-2.75,descending,250.57832
51.0,-2.5,descending,255.1175
51.0,-2.25,descending,257.72
51.0,-2.0,descending,257.24832
51.0,-1.75,descending,256.65332
51.0,-1.5,descending,255.47667
51.0,-1.25,descending,253.02332
51.0,-1.0,descending,253.08499
51.0,-0.75,descending,253.51666
51.0,-0.5,descending,252.44
51.0,-0.25,descending,250.18599
51.0,0.0,descending,244.83286
51.0,0.25,descending,247.185
51.0,0.5,descending,242.44331
51.0,0.75,descending,235.37
51.0,1.0,descending,228.395
51.0,1.25,descending,225.6157
51.0,1.5,descending,231.70332
51.0,1.75,descending,239.40166
51.0,2.0,descending,242.42334
51.0,2.25,descending,246.48856
51.0,2.5,descending,249.79286
51.0,2.75,descending,252.64624
51.0,3.0,descending,255.09166
51.0,3.25,descending,257.23712
51.0,3.5,descending,258.615
51.0,3.75,descending,258.33
51.0,4.0,descending,257.93857
51.0,4.25,descending,258.625
51.0,4.5,descending,259.49713
51.0,4.75,descending,260.1475
51.0,5.0,descending,259.92123
51.0,5.25,descending,259.48123
51.0,5.5,descending,258.95297
51.0,5.75,descending,258.8922
51.0,6.0,descending,259.15332
51.0,6.25,descending,259.33182
51.0,6.5,descending,258.66544
51.0,6.75,descending,257.30417
51.0,7.0,descending,255.51785
51.0,7.25,descending,255.00642
51.0,7.5,descending,255.40999
51.0,7.75,descending,256.39685
51.0,9.0,descending,256.4981
51.0,9.25,descending,256.80402
51.0,9.5,descending,257.12076
51.0,9.75,descending,257.27365
51.0,10.0,descending,257.32
51.0,10.25,descending,257.267
51.0,10.5,descending,257.056
51.0,10.75,descending,257.07498
51.0,11.0,descending,257.3025
51.0,11.25,descending,257.56888
51.0,11.5,descending,257.7443
51.0,11.75,descending,257.61557
51.0,12.0,descending,257.34665
51.0,12.25,descending,256.44748
51.0,12.5,descending,255.90125
51.0,12.75,descending,255.52374
51.0,13.0,descending,254.50713
51.0,13.25,descending,254.0457
51.0,13.5,descending,253.83
51.0,13.75,descending,254.54286
51.0,14.0,descending,255.32713
51.0,14.25,descending,255.22998
51.0,14.5,descending,254.58142
51.0,14.75,descending,253.55801
51.0,15.0,descending,252.94165
51.0,15.25,descending,252.90999
51.0,15.5,descending,253.17714
51.0,15.75,descending,253.70667
51.0,16.0,descending,254.14166
51.0,16.25,descending,254.18666
51.0,16.5,descending,253.89333
51.0,16.75,descending,253.20601
51.0,17.0,descending,252.795
51.0,17.25,descending,253.262
51.0,17.5,descending,254.356
51.0,17.75,descending,255.34332
51.0,18.0,descending,256.056
51.0,18.25,descending,256.89334
51.0,18.5,descending,257.95
51.0,18.75,descending,258.69666
51.0,19.0,descending,258.59198
51.0,19.25,descending,258.42197
51.0,19.5,descending,259.10855
51.0,19.75,descending,260.12
51.0,20.0,descending,259.66165
51.0,20.25,descending,258.36
51.0,20.5,descending,257.86166
51.0,20.75,descending,257.395
51.0,21.0,descending,258.676
51.0,21.25,descending,259.97665
51.0,21.5,descending,261.055
51.0,21.75,descending,261.58398
51.0,22.0,descending,262.00833
51.0,22.25,descending,262.32834
51.0,22.5,descending,262.53198
51.0,22.75,descending,262.9725
51.0,23.0,descending,263.24142
51.0,23.25,descending,263.403
51.0,23.5,descending,263.55276
51.0,23.75,descending,263.7453
51.0,24.0,descending,263.76056
51.0,24.25,descending,263.44186
51.0,24.5,descending,262.86935
51.0,24.75,descending,262.37845
51.0,25.0,descending,262.15213
51.0,25.25,descending,262.14133
51.0,25.5,descending,261.95538
51.0,25.75,descending,261.91
51.0,26.0,descending,261.8446
51.0,26.25,descending,261.4943
51.0,26.5,descending,260.62466
51.0,26.75,descending,260.20712
51.0,27.0,descending,260.1454
51.0,27.25,descending,260.19714
51.0,27.5,descending,260.51846
51.0,27.75,descending,260.84616
51.0,28.0,descending,261.06686
51.0,28.25,descending,261.14725
51.0,28.5,descending,261.51132
51.0,28.75,descending,262.00153
51.0,29.0,descending,262.27786
51.0,29.25,descending,262.4323
51.0,29.5,descending,262.24847
51.0,29.75,descending,261.48154
51.0,30.0,descending,259.61932
51.0,30.25,descending,255.60733
51.0,30.5,descending,255.46333
51.0,30.75,descending,257.94214
51.0,31.0,descending,259.87375
51.0,31.25,descending,260.80313
51.0,31.5,descending,260.58557
51.0,31.75,descending,260.19104
51.0,32.0,descending,260.17096
51.0,32.25,descending,259.86652
51.0,32.5,descending,259.92575
51.0,32.75,descending,262.016
51.0,33.0,descending,262.12668
51.0,33.25,descending,261.97168
51.0,33.5,descending,261.986
51.0,33.75,descending,261.904
51.0,34.0,descending,261.88498
51.0,34.25,descending,261.82498
51.0,34.5,descending,261.77597
51.0,34.75,descending,261.58197
51.0,35.0,descending,261.65833
51.0,35.25,descending,261.64398
51.0,35.5,descending,261.08167
51.0,35.75,descending,260.7333
51.0,36.0,descending,260.71167
51.0,36.25,descending,260.63498
51.0,36.5,descending,260.585
51.0,36.75,descending,260.93167
51.0,37.0,descending,261.16333
51.0,37.25,descending,261.22598
51.0,37.5,descending,261.25168
51.0,37.75,descending,261.35165
51.0,38.0,descending,261.5075
51.25,-13.0,descending,222.71666
51.25,-12.75,descending,225.77713
51.25,-12.5,descending,230.015
51.25,-12.25,descending,235.30666
51.25,-12.0,descending,239.71855
51.25,-11.75,descending,242.03333
51.25,-11.5,descending,237.96143
51.25,-11.25,descending,229.74834
51.25,-11.0,descending,218.85999
51.25,-10.75,descending,211.93834
51.25,-10.5,descending,208.69286
51.25,-10.25,descending,207.67
51.25,-10.0,descending,207.35667
51.25,-9.75,descending,208.395
51.25,-9.5,descending,208.45714
51.25,-9.25,descending,208.762
51.25,-9.0,descending,208.14333
51.25,-8.75,descending,207.13666
51.25,-8.5,descending,206.76833
51.25,-8.25,descending,206.51666
51.25,-8.0,descending,206.46501
51.25,-7.75,descending,206.62
51.25,-7.5,descending,206.77597
51.25,-7.25,descending,206.88799
51.25,-7.0,descending,207.14333
51.25,-6.75,descending,207.148
51.25,-6.5,descending,207.36333
51.25,-6.25,descending,207.496
51.25,-6.0,descending,208.08167
51.25,-5.75,descending,208.754
51.25,-5.5,descending,209.172
51.25,-5.25,descending,210.01166
51.25,-5.0,descending,210.68599
51.25,-4.75,descending,214.425
51.25,-4.5,descending,223.59799
51.25,-4.25,descending,236.368
51.25,-4.0,descending,244.4
51.25,-3.75,descending,249.142
51.25,-3.5,descending,250.34166
51.25,-3.25,descending,250.18
51.25,-3.0,descending,254.03598
51.25,-2.75,descending,258.26498
51.25,-2.5,descending,261.03333
51.25,-2.25,descending,263.53998
51.25,-2.0,descending,264.072
51.25,-1.75,descending,263.61832
51.25,-1.5,descending,262.15833
51.25,-1.25,descending,260.17667
51.25,-1.0,descending,259.0
51.25,-0.75,descending,258.87
51.25,-0.5,descending,258.36667
51.25,-0.25,descending,257.69165
51.25,0.0,descending,252.71713
51.25,0.25,descending,256.955
51.25,0.5,descending,252.89833
51.25,0.75,descending,245.17
51.25,1.0,descending,235.46832
51.25,1.25,descending,227.156
51.25,1.5,descending,224.76
51.25,1.75,descending,225.59499
51.25,2.0,descending,226.65498
51.25,2.25,descending,229.96333
51.25,2.5,descending,234.235
51.25,2.75,descending,238.85857
51.25,3.0,descending,245.59666
51.25,3.25,descending,249.48999
51.25,3.5,descending,252.51285
51.25,3.75,descending,253.06142
51.25,4.0,descending,253.96667
51.25,4.25,descending,255.78429
51.25,4.5,descending,258.47858
51.25,4.75,descending,259.9311
51.25,5.0,descending,260.145
51.25,5.25,descending,259.81
51.25,5.5,descending,259.343
51.25,5.75,descending,259.1275
51.25,6.0,descending,259.21
51.25,6.25,descending,258.674
51.25,6.5,descending,256.81598
51.25,6.75,descending,254.33545
51.25,7.0,descending,252.76308
51.25,7.25,descending,253.39784
51.25,7.5,descending,255.125
51.25,7.75,descending,256.45834
51.25,8.0,descending,257.31265
51.25,9.0,descending,257.16928
51.25,9.25,descending,257.43784
51.25,9.5,descending,257.7146
51.25,9.75,descending,257.72272
51.25,10.0,descending,257.48102
51.25,10.25,descending,257.211
51.25,10.5,descending,257.251
51.25,10.75,descending,257.57428
51.25,11.0,descending,257.8889
51.25,11.25,descending,258.17123
51.25,11.5,descending,258.23874
51.25,11.75,descending,258.09998
51.25,12.0,descending,257.77286
51.25,12.25,descending,257.40143
51.25,12.5,descending,257.26712
51.25,12.75,descending,257.40332
51.25,13.0,descending,257.38284
51.25,13.25,descending,257.43167
51.25,13.5,descending,256.6743
51.25,13.75,descending,256.66998
51.25,14.0,descending,256.59167
51.25,14.25,descending,256.22998
51.25,14.5,descending,255.45833
51.25,14.75,descending,254.92665
51.25,15.0,descending,254.5
51.25,15.25,descending,254.61198
51.25,15.5,descending,255.10999
51.25,15.75,descending,255.57199
51.25,16.0,descending,256.482
51.25,16.25,descending,257.174
51.25,16.5,descending,257.218
51.25,16.75,descending,256.65164
51.25,17.0,descending,256.54333
51.25,17.25,descending,256.3
51.25,17.5,descending,256.33835
51.25,17.75,descending,256.705
51.25,18.0,descending,257.03198
51.25,18.25,descending,257.504
51.25,18.5,descending,258.72333
51.25,18.75,descending,259.814
51.25,19.0,descending,260.02997
51.25,19.25,descending,259.9
51.25,19.5,descending,260.0325
51.25,19.75,descending,260.56198
51.25,20.0,descending,261.076
51.25,20.25,descending,260.835
51.25,20.5,descending,260.10498
51.25,20.75,descending,259.245
51.25,21.0,descending,259.146
51.25,21.25,descending,260.01398
51.25,21.5,descending,260.84
51.25,21.75,descending,261.275
51.25,22.0,descending,261.386
51.25,22.25,descending,261.268
51.25,22.5,descending,261.365
51.25,22.75,descending,261.7125
51.25,23.0,descending,262.219
51.25,23.25,descending,262.38498
51.25,23.5,descending,262.65
51.25,23.75,descending,262.96823
51.25,24.0,descending,262.9431
51.25,24.25,descending,262.47067
51.25,24.5,descending,261.70267
51.25,24.75,descending,260.9471
51.25,25.0,descending,260.748
51.25,25.25,descending,260.8207
51.25,25.5,descending,261.2907
51.25,25.75,descending,261.65
51.25,26.0,descending,261.7577
51.25,26.25,descending,261.46613
51.25,26.5,descending,261.02692
51.25,26.75,descending,260.6218
51.25,27.0,descending,260.19785
51.25,27.25,descending,260.21582
51.25,27.5,descending,260.26727
51.25,27.75,descending,260.32767
51.25,28.0,descending,260.29416
51.25,28.25,descending,260.38077
51.25,28.5,descending,260.72
51.25,28.75,descending,261.1758
51.25,29.0,descending,261.6554
51.25,29.25,descending,261.79285
51.25,29.5,descending,261.91623
51.25,29.75,descending,261.41846
51.25,30.0,descending,259.34213
51.25,30.25,descending,256.60626
51.25,30.5,descending,256.74356
51.25,30.75,descending,258.49924
51.25,31.0,descending,259.9425
51.25,31.25,descending,260.27875
51.25,31.5,descending,259.6525
51.25,31.75,descending,259.87704
51.25,32.0,descending,259.473
51.25,32.25,descending,259.57806
51.25,32.5,descending,259.24762
51.25,32.75,descending,259.4294
51.25,33.0,descending,261.30832
51.25,33.25,descending,261.1675
51.25,33.5,descending,261.17166
51.25,33.75,descending,261.21
51.25,34.0,descending,261.08167
51.25,34.25,descending,261.0025
51.25,34.5,descending,260.88397
51.25,34.75,descending,260.758
51.25,35.0,descending,260.808
51.25,35.25,descending,260.84836
51.25,35.5,descending,260.22998
51.25,35.75,descending,258.85333
51.25,36.0,descending,258.28
51.25,36.25,descending,258.55997
51.25,36.5,descending,258.885
51.25,36.75,descending,259.362
51.25,37.0,descending,259.77335
51.25,37.25,descending,260.124
51.25,37.5,descending,260.19998
51.25,37.75,descending,260.34833
51.25,38.0,descending,260.64667
51.5,-13.0,descending,220.10999
51.5,-12.75,descending,223.43999
51.5,-12.5,descending,226.61
51.5,-12.25,descending,231.61444
51.5,-12.0,descending,237.31999
51.5,-11.75,descending,240.76
51.5,-11.5,descending,240.89572
51.5,-11.25,descending,236.48
51.5,-11.0,descending,229.04001
51.5,-10.75,descending,220.48167
51.5,-10.5,descending,215.29167
51.5,-10.25,descending,214.79668
51.5,-10.0,descending,215.70749
51.5,-9.75,descending,218.498
51.5,-9.5,descending,221.50667
51.5,-9.25,descending,220.96333
51.5,-9.0,descending,218.43999
51.5,-8.75,descending,214.99165
51.5,-8.5,descending,211.77666
51.5,-8.25,descending,209.5
51.5,-8.0,descending,207.952
51.5,-7.75,descending,207.594
51.5,-7.5,descending,207.56334
51.5,-7.25,descending,207.73334
51.5,-7.0,descending,207.91599
51.5,-6.75,descending,208.17334
51.5,-6.5,descending,208.352
51.5,-6.25,descending,208.51
51.5,-6.0,descending,208.815
51.5,-5.75,descending,209.556
51.5,-5.5,descending,211.185
51.5,-5.25,descending,213.52249
51.5,-5.0,descending,215.53833
51.5,-4.75,descending,217.07199
51.5,-4.5,descending,219.16167
51.5,-4.25,descending,225.58
51.5,-4.0,descending,234.68666
51.5,-3.75,descending,241.66599
51.5,-3.5,descending,246.352
51.5,-3.25,descending,248.11833
51.5,-3.0,descending,251.41199
51.5,-2.75,descending,257.92334
51.5,-2.5,descending,262.29834
51.5,-2.25,descending,264.45334
51.5,-2.0,descending,265.324
51.5,-1.75,descending,265.204
51.5,-1.5,descending,264.29166
51.5,-1.25,descending,263.016
51.5,-1.0,descending,262.13168
51.5,-0.75,descending,261.55997
51.5,-0.5,descending,260.76666
51.5,-0.25,descending,260.16666
51.5,0.0,descending,256.03427
51.5,0.25,descending,260.15802
51.5,0.5,descending,256.33167
51.5,0.75,descending,247.52832
51.5,1.0,descending,236.12166
51.5,1.25,descending,225.28166
51.5,1.5,descending,219.14667
51.5,1.75,descending,216.52666
51.5,2.0,descending,216.205
51.5,2.25,descending,218.02167
51.5,2.5,descending,220.97002
51.5,2.75,descending,223.54668
51.5,3.0,descending,229.61143
51.5,3.25,descending,235.59
51.5,3.5,descending,240.92833
51.5,3.75,descending,243.38428
51.5,4.0,descending,247.61
51.5,4.25,descending,252.67429
51.5,4.5,descending,256.8625
51.5,4.75,descending,258.82712
51.5,5.0,descending,259.29373
51.5,5.25,descending,259.34857
51.5,5.5,descending,258.987
51.5,5.75,descending,258.80875
51.5,6.0,descending,258.633
51.5,6.25,descending,257.5025
51.5,6.5,descending,255.44499
51.5,6.75,descending,252.76544
51.5,7.0,descending,252.27272
51.5,7.25,descending,253.81078
51.5,7.5,descending,255.86284
51.5,7.75,descending,257.398
51.5,8.0,descending,258.42096
51.5,8.25,descending,259.04874
51.5,9.0,descending,258.43997
51.5,9.25,descending,258.52066
51.5,9.5,descending,258.6946
51.5,9.75,descending,258.46832
51.5,10.0,descending,258.1991
51.5,10.25,descending,257.8018
51.5,10.5,descending,257.33777
51.5,10.75,descending,257.404
51.5,11.0,descending,257.79333
51.5,11.25,descending,258.18124
51.5,11.5,descending,258.2825
51.5,11.75,descending,258.06857
51.5,12.0,descending,257.64777
51.5,12.25,descending,257.3414
51.5,12.5,descending,257.44284
51.5,12.75,descending,257.84857
51.5,13.0,descending,258.42874
51.5,13.25,descending,258.74142
51.5,13.5,descending,258.84286
51.5,13.75,descending,258.57834
51.5,14.0,descending,258.12833
51.5,14.25,descending,257.62167
51.5,14.5,descending,257.29855
51.5,14.75,descending,257.36667
51.5,15.0,descending,257.322
51.5,15.25,descending,257.89166
51.5,15.5,descending,258.26166
51.5,15.75,descending,258.62332
51.5,16.0,descending,259.04855
51.5,16.25,descending,259.82333
51.5,16.5,descending,260.27664
51.5,16.75,descending,260.50998
51.5,17.0,descending,260.03998
51.5,17.25,descending,259.43332
51.5,17.5,descending,258.895
51.5,17.75,descending,258.47998
51.5,18.0,descending,258.21667
51.5,18.25,descending,258.76166
51.5,18.5,descending,259.375
51.5,18.75,descending,260.322
51.5,19.0,descending,260.9883
51.5,19.25,descending,260.73248
51.5,19.5,descending,260.38998
51.5,19.75,descending,260.444
51.5,20.0,descending,260.732
51.5,20.25,descending,260.904
51.5,20.5,descending,260.56284
51.5,20.75,descending,259.754
51.5,21.0,descending,259.18832
51.5,21.25,descending,259.498
51.5,21.5,descending,260.33798
51.5,21.75,descending,260.805
51.5,22.0,descending,260.896
51.5,22.25,descending,260.55
51.5,22.5,descending,260.35
51.5,22.75,descending,260.4233
51.5,23.0,descending,260.80826
51.5,23.25,descending,260.98166
51.5,23.5,descending,261.1429
51.5,23.75,descending,261.43057
51.5,24.0,descending,261.72
51.5,24.25,descending,261.5325
51.5,24.5,descending,261.1825
51.5,24.75,descending,260.56927
51.5,25.0,descending,260.19064
51.5,25.25,descending,259.93927
51.5,25.5,descending,260.08154
51.5,25.75,descending,260.4208
51.5,26.0,descending,260.706
51.5,26.25,descending,260.6677
51.5,26.5,descending,260.14154
51.5,26.75,descending,259.3877
51.5,27.0,descending,258.8654
51.5,27.25,descending,258.72165
51.5,27.5,descending,259.49533
51.5,27.75,descending,259.76154
51.5,28.0,descending,259.95923
51.5,28.25,descending,260.09076
51.5,28.5,descending,260.46
51.5,28.75,descending,260.76868
51.5,29.0,descending,261.07666
51.5,29.25,descending,261.1
51.5,29.5,descending,261.09665
51.5,29.75,descending,260.49152
51.5,30.0,descending,259.6125
51.5,30.25,descending,258.532
51.5,30.5,descending,258.93384
51.5,30.75,descending,259.48688
51.5,31.0,descending,259.83124
51.5,31.25,descending,259.87927
51.5,31.5,descending,259.8981
51.5,31.75,descending,259.58832
51.5,32.0,descending,259.30334
51.5,32.25,descending,259.28278
51.5,32.5,descending,259.3633
51.5,32.75,descending,259.12808
51.5,33.0,descending,259.63498
51.5,33.25,descending,260.59164
51.5,33.5,descending,260.57498
51.5,33.75,descending,260.585
51.5,34.0,descending,260.43
51.5,34.25,descending,260.3533
51.5,34.5,descending,260.2
51.5,34.75,descending,259.92166
51.5,35.0,descending,260.004
51.5,35.25,descending,259.91833
51.5,35.5,descending,259.19998
51.5,35.75,descending,257.3425
51.5,36.0,descending,255.08833
51.5,36.25,descending,254.58331
51.5,36.5,descending,255.21167
51.5,36.75,descending,256.26498
51.5,37.0,descending,256.492
51.5,37.25,descending,257.88168
51.5,37.5,descending,258.99167
51.5,37.75,descending,259.595
51.5,38.0,descending,260.05997
51.75,-13.0,descending,217.64667
51.75,-12.75,descending,220.17125
51.75,-12.5,descending,223.73665
51.75,-12.25,descending,225.83286
51.75,-12.0,descending,231.28856
51.75,-11.75,descending,236.25856
51.75,-11.5,descending,239.955
51.75,-11.25,descending,239.44571
51.75,-11.0,descending,236.70332
51.75,-10.75,descending,231.805
51.75,-10.5,descending,228.25427
51.75,-10.25,descending,228.48
51.75,-10.0,descending,229.498
51.75,-9.75,descending,234.29167
51.75,-9.5,descending,237.795
51.75,-9.25,descending,241.81198
51.75,-9.0,descending,240.66599
51.75,-8.75,descending,236.124
51.75,-8.5,descending,228.15498
51.75,-8.25,descending,221.76799
51.75,-8.0,descending,215.51001
51.75,-7.75,descending,212.98799
51.75,-7.5,descending,211.21167
51.75,-7.25,descending,210.03398
51.75,-7.0,descending,209.74199
51.75,-6.75,descending,209.70667
51.75,-6.5,descending,209.87
51.75,-6.25,descending,210.02333
51.75,-6.0,descending,210.09499
51.75,-5.75,descending,211.415
51.75,-5.5,descending,214.066
51.75,-5.25,descending,219.73167
51.75,-5.0,descending,225.7625
51.75,-4.75,descending,230.06198
51.75,-4.5,descending,232.20401
51.75,-4.25,descending,234.59167
51.75,-4.0,descending,242.698
51.75,-3.75,descending,247.79834
51.75,-3.5,descending,251.754
51.75,-3.25,descending,254.07748
51.75,-3.0,descending,255.43666
51.75,-2.75,descending,258.43
51.75,-2.5,descending,261.98398
51.75,-2.25,descending,264.03333
51.75,-2.0,descending,264.96335
51.75,-1.75,descending,264.974
51.75,-1.5,descending,264.2775
51.75,-1.25,descending,263.522
51.75,-1.0,descending,262.88998
51.75,-0.75,descending,262.07498
51.75,-0.5,descending,261.06
51.75,-0.25,descending,260.605
51.75,0.0,descending,253.13428
51.75,0.25,descending,260.79834
51.75,0.5,descending,256.735
51.75,0.75,descending,247.26166
51.75,1.0,descending,235.88599
51.75,1.25,descending,226.02
51.75,1.5,descending,216.55833
51.75,1.75,descending,213.426
51.75,2.0,descending,212.49165
51.75,2.25,descending,212.63666
51.75,2.5,descending,213.38332
51.75,2.75,descending,214.24834
51.75,3.0,descending,217.18166
51.75,3.25,descending,221.31831
51.75,3.5,descending,227.75856
51.75,3.75,descending,233.11499
51.75,4.0,descending,241.10667
51.75,4.25,descending,248.59
51.75,4.5,descending,254.10428
51.75,4.75,descending,256.66998
51.75,5.0,descending,257.53427
51.75,5.25,descending,258.1557
51.75,5.5,descending,257.99222
51.75,5.75,descending,257.53427
51.75,6.0,descending,256.83
51.75,6.25,descending,254.53888
51.75,6.5,descending,251.91
51.75,6.75,descending,249.4489
51.75,7.0,descending,249.66583
51.75,7.25,descending,251.972
51.75,7.5,descending,254.83537
51.75,7.75,descending,257.13397
51.75,8.0,descending,258.67688
51.75,8.25,descending,259.4055
51.75,8.5,descending,259.555
51.75,9.0,descending,259.27374
51.75,9.25,descending,259.39398
51.75,9.5,descending,259.49582
51.75,9.75,descending,259.3623
51.75,10.0,descending,259.21454
51.75,10.25,descending,259.0589
51.75,10.5,descending,258.513
51.75,10.75,descending,258.08875
51.75,11.0,descending,258.02667
51.75,11.25,descending,258.0675
51.75,11.5,descending,258.20123
51.75,11.75,descending,258.14285
51.75,12.0,descending,258.04855
51.75,12.25,descending,257.86124
51.75,12.5,descending,257.92142
51.75,12.75,descending,258.4957
51.75,13.0,descending,259.08167
51.75,13.25,descending,259.71
51.75,13.5,descending,259.892
51.75,13.75,descending,259.79333
51.75,14.0,descending,259.38998
51.75,14.25,descending,259.18143
51.75,14.5,descending,259.22
51.75,14.75,descending,259.67334
51.75,15.0,descending,259.99
51.75,15.25,descending,260.586
51.75,15.5,descending,260.6733
51.75,15.75,descending,260.66202
51.75,16.0,descending,260.652
51.75,16.25,descending,260.854
51.75,16.5,descending,261.306
51.75,16.75,descending,261.724
51.75,17.0,descending,261.785
51.75,17.25,descending,261.47333
51.75,17.5,descending,260.72
51.75,17.75,descending,259.665
51.75,18.0,descending,259.422
51.75,18.25,descending,259.664
51.75,18.5,descending,260.094
51.75,18.75,descending,260.616
51.75,19.0,descending,261.10602
51.75,19.25,descending,261.18
51.75,19.5,descending,260.68
51.75,19.75,descending,260.4283
51.75,20.0,descending,260.496
51.75,20.25,descending,260.524
51.75,20.5,descending,260.15
51.75,20.75,descending,259.63397
51.75,21.0,descending,259.094
51.75,21.25,descending,259.2383
51.75,21.5,descending,259.888
51.75,21.75,descending,260.46198
51.75,22.0,descending,260.56668
51.75,22.25,descending,260.3425
51.75,22.5,descending,259.86
51.75,22.75,descending,259.62
51.75,23.0,descending,259.97952
51.75,23.25,descending,260.1145
51.75,23.5,descending,260.24167
51.75,23.75,descending,260.43665
51.75,24.0,descending,260.75937
51.75,24.25,descending,260.8925
51.75,24.5,descending,260.61313
51.75,24.75,descending,259.9533
51.75,25.0,descending,259.16498
51.75,25.25,descending,258.40848
51.75,25.5,descending,258.42078
51.75,25.75,descending,258.37692
51.75,26.0,descending,258.25385
51.75,26.25,descending,258.56143
51.75,26.5,descending,258.08835
51.75,26.75,descending,257.92307
51.75,27.0,descending,256.7009
51.75,27.25,descending,257.21307
51.75,27.5,descending,258.07083
51.75,27.75,descending,259.20584
51.75,28.0,descending,259.77
51.75,28.25,descending,260.255
51.75,28.5,descending,260.47284
51.75,28.75,descending,260.40915
51.75,29.0,descending,260.49908
51.75,29.25,descending,260.37537
51.75,29.5,descending,260.184
51.75,29.75,descending,260.08585
51.75,30.0,descending,259.67355
51.75,30.25,descending,259.78214
51.75,30.5,descending,259.95786
51.75,30.75,descending,259.96063
51.75,31.0,descending,260.0523
51.75,31.25,descending,260.22
51.75,31.5,descending,260.21063
51.75,31.75,descending,259.99
51.75,32.0,descending,259.97778
51.75,32.25,descending,259.96103
51.75,32.5,descending,259.98367
51.75,32.75,descending,259.82428
51.75,33.0,descending,259.63376
51.75,33.25,descending,259.87714
51.75,33.5,descending,260.05
51.75,33.75,descending,259.966
51.75,34.0,descending,259.84198
51.75,34.25,descending,259.68198
51.75,34.5,descending,259.61
51.75,34.75,descending,259.47498
51.75,35.0,descending,259.51666
51.75,35.25,descending,259.52
51.75,35.5,descending,258.632
51.75,35.75,descending,256.41833
51.75,36.0,descending,253.5925
51.75,36.25,descending,251.09
51.75,36.5,descending,249.98665
51.75,36.75,descending,250.74199
51.75,37.0,descending,251.58199
51.75,37.25,descending,254.05249
51.75,37.5,descending,256.47
51.75,37.75,descending,258.07834
51.75,38.0,descending,259.06
52.0,-13.0,descending,215.57498
52.0,-12.75,descending,217.09714
52.0,-12.5,descending,219.35666
52.0,-12.25,descending,221.81334
52.0,-12.0,descending,223.92714
52.0,-11.75,descending,227.73665
52.0,-11.5,descending,230.43332
52.0,-11.25,descending,233.948
52.0,-11.0,descending,235.36665
52.0,-10.75,descending,236.42857
52.0,-10.5,descending,237.78499
52.0,-10.25,descending,239.685
52.0,-10.0,descending,242.10857
52.0,-9.75,descending,247.67665
52.0,-9.5,descending,251.75798
52.0,-9.25,descending,255.27284
52.0,-9.0,descending,255.92332
52.0,-8.75,descending,253.93333
52.0,-8.5,descending,249.45833
52.0,-8.25,descending,243.31334
52.0,-8.0,descending,236.545
52.0,-7.75,descending,229.94499
52.0,-7.5,descending,222.316
52.0,-7.25,descending,217.74399
52.0,-7.0,descending,217.03333
52.0,-6.75,descending,215.0425
52.0,-6.5,descending,213.555
52.0,-6.25,descending,213.13799
52.0,-6.0,descending,212.46199
52.0,-5.75,descending,212.70999
52.0,-5.5,descending,215.48665
52.0,-5.25,descending,222.7525
52.0,-5.0,descending,231.21333
52.0,-4.75,descending,240.44167
52.0,-4.5,descending,244.788
52.0,-4.25,descending,250.46799
52.0,-4.0,descending,254.676
52.0,-3.75,descending,259.048
52.0,-3.5,descending,260.93332
52.0,-3.25,descending,261.0875
52.0,-3.0,descending,262.38
52.0,-2.75,descending,262.07333
52.0,-2.5,descending,262.81
52.0,-2.25,descending,263.70834
52.0,-2.0,descending,264.2383
52.0,-1.75,descending,264.3583
52.0,-1.5,descending,264.1
52.0,-1.25,descending,263.5475
52.0,-1.0,descending,262.91
52.0,-0.75,descending,262.16666
52.0,-0.5,descending,261.59332
52.0,-0.25,descending,261.67798
52.0,0.0,descending,262.085
52.0,0.25,descending,262.08832
52.0,0.5,descending,259.63397
52.0,0.75,descending,253.95166
52.0,1.0,descending,244.60999
52.0,1.25,descending,233.96999
52.0,1.5,descending,222.3243
52.0,1.75,descending,214.974
52.0,2.0,descending,212.57666
52.0,2.25,descending,211.40714
52.0,2.5,descending,210.90285
52.0,2.75,descending,210.574
52.0,3.0,descending,211.37143
52.0,3.25,descending,213.55165
52.0,3.5,descending,217.05286
52.0,3.75,descending,223.12166
52.0,4.0,descending,232.12125
52.0,4.25,descending,242.17665
52.0,4.5,descending,249.34285
52.0,4.75,descending,253.96375
52.0,5.0,descending,255.88713
52.0,5.25,descending,256.735
52.0,5.5,descending,256.45334
52.0,5.75,descending,255.33286
52.0,6.0,descending,252.48999
52.0,6.25,descending,248.79599
52.0,6.5,descending,245.08221
52.0,6.75,descending,242.54778
52.0,7.0,descending,243.72
52.0,7.25,descending,246.77364
52.0,7.5,descending,251.32332
52.0,7.75,descending,254.48769
52.0,8.0,descending,256.79132
52.0,8.25,descending,257.94223
52.0,8.5,descending,258.58667
52.0,8.75,descending,258.7
52.0,9.0,descending,259.348
52.0,9.25,descending,259.53134
52.0,9.5,descending,259.75214
52.0,9.75,descending,259.92084
52.0,10.0,descending,259.95364
52.0,10.25,descending,259.84668
52.0,10.5,descending,259.57635
52.0,10.75,descending,259.06555
52.0,11.0,descending,258.60498
52.0,11.25,descending,258.09888
52.0,11.5,descending,257.79333
52.0,11.75,descending,257.62888
52.0,12.0,descending,257.75714
52.0,12.25,descending,257.91714
52.0,12.5,descending,258.36624
52.0,12.75,descending,258.795
52.0,13.0,descending,259.32858
52.0,13.25,descending,259.87332
52.0,13.5,descending,260.32123
52.0,13.75,descending,260.46335
52.0,14.0,descending,260.38858
52.0,14.25,descending,260.32
52.0,14.5,descending,260.46857
52.0,14.75,descending,261.05402
52.0,15.0,descending,261.74142
52.0,15.25,descending,262.10428
52.0,15.5,descending,261.9
52.0,15.75,descending,261.45166
52.0,16.0,descending,260.86667
52.0,16.25,descending,260.36667
52.0,16.5,descending,260.41165
52.0,16.75,descending,261.0483
52.0,17.0,descending,261.72333
52.0,17.25,descending,261.87167
52.0,17.5,descending,261.23798
52.0,17.75,descending,260.378
52.0,18.0,descending,259.88998
52.0,18.25,descending,260.024
52.0,18.5,descending,260.41602
52.0,18.75,descending,260.78333
52.0,19.0,descending,261.2383
52.0,19.25,descending,261.33398
52.0,19.5,descending,261.0
52.0,19.75,descending,260.63998
52.0,20.0,descending,260.51
52.0,20.25,descending,260.39667
52.0,20.5,descending,259.93198
52.0,20.75,descending,259.22
52.0,21.0,descending,258.81598
52.0,21.25,descending,258.895
52.0,21.5,descending,259.53165
52.0,21.75,descending,260.326
52.0,22.0,descending,260.8583
52.0,22.25,descending,260.71198
52.0,22.5,descending,260.236
52.0,22.75,descending,259.71198
52.0,23.0,descending,259.65353
52.0,23.25,descending,259.572
52.0,23.5,descending,259.52
52.0,23.75,descending,259.60706
52.0,24.0,descending,259.93625
52.0,24.25,descending,260.05713
52.0,24.5,descending,259.9243
52.0,24.75,descending,259.50452
52.0,25.0,descending,258.48615
52.0,25.25,descending,257.21417
52.0,25.5,descending,256.25665
52.0,25.75,descending,255.46666
52.0,26.0,descending,255.2
52.0,26.25,descending,255.34692
52.0,26.5,descending,256.16855
52.0,26.75,descending,256.15845
52.0,27.0,descending,256.30927
52.0,27.25,descending,256.66693
52.0,27.5,descending,257.69785
52.0,27.75,descending,258.69247
52.0,28.0,descending,259.51498
52.0,28.25,descending,260.08844
52.0,28.5,descending,259.96414
52.0,28.75,descending,259.8869
52.0,29.0,descending,259.69714
52.0,29.25,descending,258.84915
52.0,29.5,descending,258.6554
52.0,29.75,descending,258.55072
52.0,30.0,descending,258.608
52.0,30.25,descending,258.86002
52.0,30.5,descending,259.17502
52.0,30.75,descending,259.30463
52.0,31.0,descending,259.83066
52.0,31.25,descending,260.374
52.0,31.5,descending,260.5064
52.0,31.75,descending,260.61688
52.0,32.0,descending,260.7488
52.0,32.25,descending,260.79623
52.0,32.5,descending,260.64334
52.0,32.75,descending,260.26904
52.0,33.0,descending,259.80374
52.0,33.25,descending,259.4979
52.0,33.5,descending,259.40164
52.0,33.75,descending,259.33798
52.0,34.0,descending,259.06198
52.0,34.25,descending,258.914
52.0,34.5,descending,258.85165
52.0,34.75,descending,259.13498
52.0,35.0,descending,259.378
52.0,35.25,descending,259.56833
52.0,35.5,descending,259.098
52.0,35.75,descending,257.045
52.0,36.0,descending,253.48665
52.0,36.25,descending,250.262
52.0,36.5,descending,247.05333
52.0,36.75,descending,246.00801
52.0,37.0,descending,246.53667
52.0,37.25,descending,249.09666
52.0,37.5,descending,252.002
52.0,37.75,descending,254.5
52.0,38.0,descending,255.84666
52.25,-13.0,descending,213.50334
52.25,-12.75,descending,214.66856
52.25,-12.5,descending,215.75716
52.25,-12.25,descending,218.00749
52.25,-12.0,descending,220.13
52.25,-11.75,descending,221.3457
52.25,-11.5,descending,221.915
52.25,-11.25,descending,223.16428
52.25,-11.0,descending,223.78572
52.25,-10.75,descending,227.022
52.25,-10.5,descending,233.20427
52.25,-10.25,descending,238.90999
52.25,-10.0,descending,246.19666
52.25,-9.75,descending,252.972
52.25,-9.5,descending,257.04855
52.25,-9.25,descending,260.03998
52.25,-9.0,descending,260.818
52.25,-8.75,descending,260.486
52.25,-8.5,descending,259.15802
52.25,-8.25,descending,256.87
52.25,-8.0,descending,253.656
52.25,-7.75,descending,249.366
52.25,-7.5,descending,242.91333
52.25,-7.25,descending,238.375
52.25,-7.0,descending,233.53
52.25,-6.75,descending,228.70166
52.25,-6.5,descending,223.78
52.25,-6.25,descending,219.94249
52.25,-6.0,descending,216.80333
52.25,-5.75,descending,215.976
52.25,-5.5,descending,217.478
52.25,-5.25,descending,220.00835
52.25,-5.0,descending,227.45598
52.25,-4.75,descending,236.28598
52.25,-4.5,descending,245.408
52.25,-4.25,descending,252.78398
52.25,-4.0,descending,260.96
52.25,-3.75,descending,264.534
52.25,-3.5,descending,266.168
52.25,-3.25,descending,265.98
52.25,-3.0,descending,265.36
52.25,-2.75,descending,264.46497
52.25,-2.5,descending,263.97333
52.25,-2.25,descending,263.4375
52.25,-2.0,descending,263.222
52.25,-1.75,descending,263.44598
52.25,-1.5,descending,263.40833
52.25,-1.25,descending,263.15164
52.25,-1.0,descending,262.5025
52.25,-0.75,descending,261.94
52.25,-0.5,descending,261.85
52.25,-0.25,descending,262.04666
52.25,0.0,descending,258.22714
52.25,0.25,descending,262.72797
52.25,0.5,descending,262.13165
52.25,0.75,descending,259.46832
52.25,1.0,descending,254.18834
52.25,1.25,descending,246.356
52.25,1.5,descending,231.65
52.25,1.75,descending,219.88332
52.25,2.0,descending,213.51666
52.25,2.25,descending,211.47667
52.25,2.5,descending,210.60667
52.25,2.75,descending,210.00798
52.25,3.0,descending,209.71498
52.25,3.25,descending,210.26857
52.25,3.5,descending,211.82832
52.25,3.75,descending,216.18857
52.25,4.0,descending,223.52998
52.25,4.25,descending,233.73715
52.25,4.5,descending,244.45833
52.25,4.75,descending,250.26833
52.25,5.0,descending,252.32857
52.25,5.25,descending,253.43713
52.25,5.5,descending,253.455
52.25,5.75,descending,252.355
52.25,6.0,descending,249.86427
52.25,6.25,descending,246.45776
52.25,6.5,descending,243.6611
52.25,6.75,descending,241.71666
52.25,7.0,descending,242.83699
52.25,7.25,descending,245.52667
52.25,7.5,descending,248.82832
52.25,7.75,descending,251.84908
52.25,8.0,descending,254.06845
52.25,8.25,descending,256.00644
52.25,8.5,descending,257.43613
52.25,8.75,descending,258.324
52.25,9.0,descending,259.28
52.25,9.25,descending,259.38187
52.25,9.5,descending,259.53693
52.25,9.75,descending,259.69077
52.25,10.0,descending,259.9009
52.25,10.25,descending,259.908
52.25,10.5,descending,259.87997
52.25,10.75,descending,259.7033
52.25,11.0,descending,259.26666
52.25,11.25,descending,258.6325
52.25,11.5,descending,257.62875
52.25,11.75,descending,256.83667
52.25,12.0,descending,256.5925
52.25,12.25,descending,256.80716
52.25,12.5,descending,257.4714
52.25,12.75,descending,258.41855
52.25,13.0,descending,258.88834
52.25,13.25,descending,259.43
52.25,13.5,descending,259.79855
52.25,13.75,descending,260.24832
52.25,14.0,descending,260.45
52.25,14.25,descending,260.6143
52.25,14.5,descending,261.01
52.25,14.75,descending,261.60666
52.25,15.0,descending,262.15997
52.25,15.25,descending,262.454
52.25,15.5,descending,262.38
52.25,15.75,descending,262.03165
52.25,16.0,descending,261.32715
52.25,16.25,descending,260.31833
52.25,16.5,descending,259.54166
52.25,16.75,descending,259.748
52.25,17.0,descending,260.3975
52.25,17.25,descending,261.148
52.25,17.5,descending,261.02832
52.25,17.75,descending,260.13165
52.25,18.0,descending,259.58798
52.25,18.25,descending,259.89667
52.25,18.5,descending,260.56198
52.25,18.75,descending,261.098
52.25,19.0,descending,261.4
52.25,19.25,descending,261.48166
52.25,19.5,descending,261.194
52.25,19.75,descending,260.905
52.25,20.0,descending,260.68
52.25,20.25,descending,260.57
52.25,20.5,descending,260.13666
52.25,20.75,descending,259.31998
52.25,21.0,descending,258.74332
52.25,21.25,descending,258.7575
52.25,21.5,descending,259.32
52.25,21.75,descending,260.26334
52.25,22.0,descending,261.29498
52.25,22.25,descending,261.4625
52.25,22.5,descending,261.12167
52.25,22.75,descending,260.59198
52.25,23.0,descending,260.3375
52.25,23.25,descending,260.008
52.25,23.5,descending,259.59842
52.25,23.75,descending,259.19528
52.25,24.0,descending,258.78
52.25,24.25,descending,258.4533
52.25,24.5,descending,257.99213
52.25,24.75,descending,257.73065
52.25,25.0,descending,257.04666
52.25,25.25,descending,256.03845
52.25,25.5,descending,255.35077
52.25,25.75,descending,254.10167
52.25,26.0,descending,253.42642
52.25,26.25,descending,253.56584
52.25,26.5,descending,254.38231
52.25,26.75,descending,255.44415
52.25,27.0,descending,256.24768
52.25,27.25,descending,256.78726
52.25,27.5,descending,257.8777
52.25,27.75,descending,258.60153
52.25,28.0,descending,259.14835
52.25,28.25,descending,259.48816
52.25,28.5,descending,259.65213
52.25,28.75,descending,258.40726
52.25,29.0,descending,257.34998
52.25,29.25,descending,256.85165
52.25,29.5,descending,256.39307
52.25,29.75,descending,256.40082
52.25,30.0,descending,256.29
52.25,30.25,descending,256.12167
52.25,30.5,descending,256.555
52.25,30.75,descending,257.03
52.25,31.0,descending,258.03687
52.25,31.25,descending,259.065
52.25,31.5,descending,259.966
52.25,31.75,descending,260.5114
52.25,32.0,descending,260.73062
52.25,32.25,descending,260.88293
52.25,32.5,descending,260.6141
52.25,32.75,descending,260.16333
52.25,33.0,descending,259.632
52.25,33.25,descending,259.3168
52.25,33.5,descending,259.33823
52.25,33.75,descending,258.726
52.25,34.0,descending,258.51166
52.25,34.25,descending,258.2975
52.25,34.5,descending,258.28998
52.25,34.75,descending,258.562
52.25,35.0,descending,259.046
52.25,35.25,descending,259.52002
52.25,35.5,descending,259.425
52.25,35.75,descending,258.16
52.25,36.0,descending,254.88399
52.25,36.25,descending,250.85167
52.25,36.5,descending,247.105
52.25,36.75,descending,244.29999
52.25,37.0,descending,243.49666
52.25,37.25,descending,244.64998
52.25,37.5,descending,247.34332
52.25,37.75,descending,249.6175
52.25,38.0,descending,251.65666
52.5,-13.0,descending,211.69666
52.5,-12.75,descending,212.09888
52.5,-12.5,descending,213.14857
52.5,-12.25,descending,214.02856
52.5,-12.0,descending,216.0825
52.5,-11.75,descending,217.17142
52.5,-11.5,descending,218.46832
52.5,-11.25,descending,217.64856
52.5,-11.0,descending,216.71167
52.5,-10.75,descending,216.71286
52.5,-10.5,descending,218.83286
52.5,-10.25,descending,226.70398
52.5,-10.0,descending,233.46428
52.5,-9.75,descending,245.77832
52.5,-9.5,descending,254.224
52.5,-9.25,descending,258.66165
52.5,-9.0,descending,260.90143
52.5,-8.75,descending,261.32834
52.5,-8.5,descending,261.155
52.5,-8.25,descending,260.665
52.5,-8.0,descending,259.99832
52.5,-7.75,descending,259.57
52.5,-7.5,descending,258.43332
52.5,-7.25,descending,257.085
52.5,-7.0,descending,254.35397
52.5,-6.75,descending,250.125
52.5,-6.5,descending,242.894
52.5,-6.25,descending,231.59499
52.5,-6.0,descending,224.65
52.5,-5.75,descending,222.35
52.5,-5.5,descending,223.51166
52.5,-5.25,descending,224.31401
52.5,-5.0,descending,225.40201
52.5,-4.75,descending,228.73164
52.5,-4.5,descending,235.118
52.5,-4.25,descending,245.02
52.5,-4.0,descending,257.268
52.5,-3.75,descending,264.95166
52.5,-3.5,descending,267.23798
52.5,-3.25,descending,267.0533
52.5,-3.0,descending,266.19498
52.5,-2.75,descending,265.2475
52.5,-2.5,descending,264.11832
52.5,-2.25,descending,262.985
52.5,-2.0,descending,262.37997
52.5,-1.75,descending,262.324
52.5,-1.5,descending,262.38333
52.5,-1.25,descending,262.25668
52.5,-1.0,descending,261.94666
52.5,-0.75,descending,261.7075
52.5,-0.5,descending,261.65
52.5,-0.25,descending,261.17502
52.5,0.0,descending,251.82857
52.5,0.25,descending,260.845
52.5,0.5,descending,261.61166
52.5,0.75,descending,261.27
52.5,1.0,descending,259.155
52.5,1.25,descending,253.566
52.5,1.5,descending,238.95
52.5,1.75,descending,224.116
52.5,2.0,descending,214.93834
52.5,2.25,descending,211.66167
52.5,2.5,descending,210.78
52.5,2.75,descending,210.15001
52.5,3.0,descending,209.64667
52.5,3.25,descending,209.39833
52.5,3.5,descending,209.62
52.5,3.75,descending,211.31714
52.5,4.0,descending,215.77284
52.5,4.25,descending,225.97142
52.5,4.5,descending,238.50713
52.5,4.75,descending,244.72142
52.5,5.0,descending,245.68001
52.5,5.25,descending,245.62999
52.5,5.5,descending,248.71858
52.5,5.75,descending,251.48856
52.5,6.0,descending,252.48999
52.5,6.25,descending,251.56714
52.5,6.5,descending,250.957
52.5,6.75,descending,248.95749
52.5,7.0,descending,249.375
52.5,7.25,descending,249.79778
52.5,7.5,descending,251.53499
52.5,7.75,descending,252.82901
52.5,8.0,descending,254.73769
52.5,8.25,descending,256.53644
52.5,8.5,descending,257.93436
52.5,8.75,descending,258.51398
52.5,9.0,descending,258.6736
52.5,9.25,descending,259.58624
52.5,9.5,descending,259.67215
52.5,9.75,descending,259.82693
52.5,10.0,descending,259.87167
52.5,10.25,descending,259.94098
52.5,10.5,descending,260.03198
52.5,10.75,descending,260.09
52.5,11.0,descending,260.16498
52.5,11.25,descending,259.99777
52.5,11.5,descending,259.365
52.5,11.75,descending,258.32248
52.5,12.0,descending,257.55875
52.5,12.25,descending,256.68124
52.5,12.5,descending,256.62143
52.5,12.75,descending,257.10873
52.5,13.0,descending,257.80142
52.5,13.25,descending,258.18875
52.5,13.5,descending,258.66333
52.5,13.75,descending,259.27664
52.5,14.0,descending,259.83624
52.5,14.25,descending,260.25
52.5,14.5,descending,260.71
52.5,14.75,descending,261.318
52.5,15.0,descending,262.1486
52.5,15.25,descending,262.58167
52.5,15.5,descending,262.47427
52.5,15.75,descending,262.132
52.5,16.0,descending,261.692
52.5,16.25,descending,260.998
52.5,16.5,descending,260.074
52.5,16.75,descending,259.57834
52.5,17.0,descending,260.00668
52.5,17.25,descending,260.41165
52.5,17.5,descending,260.132
52.5,17.75,descending,259.424
52.5,18.0,descending,258.896
52.5,18.25,descending,259.22833
52.5,18.5,descending,260.35602
52.5,18.75,descending,261.21335
52.5,19.0,descending,261.55167
52.5,19.25,descending,261.55
52.5,19.5,descending,261.348
52.5,19.75,descending,260.96
52.5,20.0,descending,260.65
52.5,20.25,descending,260.60666
52.5,20.5,descending,260.405
52.5,20.75,descending,259.69998
52.5,21.0,descending,258.9525
52.5,21.25,descending,258.80667
52.5,21.5,descending,259.26398
52.5,21.75,descending,260.31332
52.5,22.0,descending,261.39835
52.5,22.25,descending,261.8725
52.5,22.5,descending,261.94498
52.5,22.75,descending,261.62167
52.5,23.0,descending,261.2782
52.5,23.25,descending,261.1342
52.5,23.5,descending,260.7289
52.5,23.75,descending,260.03113
52.5,24.0,descending,258.965
52.5,24.25,descending,257.79532
52.5,24.5,descending,256.58438
52.5,24.75,descending,255.51132
52.5,25.0,descending,254.57599
52.5,25.25,descending,253.93001
52.5,25.5,descending,253.61143
52.5,25.75,descending,253.59154
52.5,26.0,descending,253.09427
52.5,26.25,descending,253.40428
52.5,26.5,descending,254.1425
52.5,26.75,descending,255.70213
52.5,27.0,descending,256.3346
52.5,27.25,descending,257.63785
52.5,27.5,descending,258.16693
52.5,27.75,descending,258.2569
52.5,28.0,descending,258.88498
52.5,28.25,descending,259.32306
52.5,28.5,descending,258.6369
52.5,28.75,descending,257.1746
52.5,29.0,descending,255.77666
52.5,29.25,descending,253.83846
52.5,29.5,descending,253.83643
52.5,29.75,descending,253.66461
52.5,30.0,descending,253.2423
52.5,30.25,descending,252.65616
52.5,30.5,descending,251.76
52.5,30.75,descending,252.01384
52.5,31.0,descending,252.78357
52.5,31.25,descending,255.03615
52.5,31.5,descending,257.53998
52.5,31.75,descending,258.96066
52.5,32.0,descending,260.00598
52.5,32.25,descending,260.14532
52.5,32.5,descending,259.82175
52.5,32.75,descending,259.31882
52.5,33.0,descending,258.94684
52.5,33.25,descending,258.90427
52.5,33.5,descending,259.1465
52.5,33.75,descending,259.15198
52.5,34.0,descending,258.53
52.5,34.25,descending,258.372
52.5,34.5,descending,258.35666
52.5,34.75,descending,258.5
52.5,35.0,descending,258.86667
52.5,35.25,descending,259.2
52.5,35.5,descending,259.34198
52.5,35.75,descending,258.86166
52.5,36.0,descending,256.88
52.5,36.25,descending,253.06831
52.5,36.5,descending,248.03166
52.5,36.75,descending,244.49199
52.5,37.0,descending,242.95601
52.5,37.25,descending,243.34999
52.5,37.5,descending,244.99834
52.5,37.75,descending,246.844
52.5,38.0,descending,248.07999
52.75,-13.0,descending,210.41667
52.75,-12.75,descending,210.27141
52.75,-12.5,descending,210.63249
52.75,-12.25,descending,211.20166
52.75,-12.0,descending,211.91142
52.75,-11.75,descending,213.61287
52.75,-11.5,descending,214.74857
52.75,-11.25,descending,215.408
52.75,-11.0,descending,214.64143
52.75,-10.75,descending,212.93666
52.75,-10.5,descending,212.12334
52.75,-10.25,descending,213.97166
52.75,-10.0,descending,219.25
52.75,-9.75,descending,230.05
52.75,-9.5,descending,244.12143
52.75,-9.25,descending,254.21599
52.75,-9.0,descending,258.878
52.75,-8.75,descending,260.69
52.75,-8.5,descending,261.50998
52.75,-8.25,descending,261.97665
52.75,-8.0,descending,262.205
52.75,-7.75,descending,262.292
52.75,-7.5,descending,262.78198
52.75,-7.25,descending,263.275
52.75,-7.0,descending,263.21
52.75,-6.75,descending,262.91998
52.75,-6.5,descending,258.506
52.75,-6.25,descending,248.51166
52.75,-6.0,descending,237.01599
52.75,-5.75,descending,230.80165
52.75,-5.5,descending,229.9125
52.75,-5.25,descending,230.012
52.75,-5.0,descending,229.72
52.75,-4.75,descending,230.58499
52.75,-4.5,descending,233.165
52.75,-4.25,descending,241.2025
52.75,-4.0,descending,253.32832
52.75,-3.75,descending,263.28998
52.75,-3.5,descending,267.04333
52.75,-3.25,descending,267.10748
52.75,-3.0,descending,265.98334
52.75,-2.75,descending,264.986
52.75,-2.5,descending,263.8375
52.75,-2.25,descending,262.835
52.75,-2.0,descending,262.19498
52.75,-1.75,descending,261.9425
52.75,-1.5,descending,261.72
52.75,-1.25,descending,261.51334
52.75,-1.0,descending,261.47998
52.75,-0.75,descending,261.45
52.75,-0.5,descending,261.22165
52.75,-0.25,descending,259.8125
52.75,0.0,descending,246.09332
52.75,0.25,descending,256.0225
52.75,0.5,descending,256.132
52.75,0.75,descending,255.8
52.75,1.0,descending,256.07498
52.75,1.25,descending,250.25598
52.75,1.5,descending,239.01399
52.75,1.75,descending,224.06166
52.75,2.0,descending,214.09166
52.75,2.25,descending,211.38332
52.75,2.5,descending,210.872
52.75,2.75,descending,210.42
52.75,3.0,descending,209.90833
52.75,3.25,descending,209.44666
52.75,3.5,descending,209.14
52.75,3.75,descending,209.354
52.75,4.0,descending,211.305
52.75,4.25,descending,217.64166
52.75,4.5,descending,229.8157
52.75,4.75,descending,237.1843
52.75,5.0,descending,236.50856
52.75,5.25,descending,236.23999
52.75,5.5,descending,243.97
52.75,5.75,descending,252.34749
52.75,6.0,descending,256.55283
52.75,6.25,descending,257.2625
52.75,6.5,descending,257.09375
52.75,6.75,descending,256.08
52.75,7.0,descending,255.77222
52.75,7.25,descending,255.76443
52.75,7.5,descending,256.43198
52.75,7.75,descending,256.746
52.75,8.0,descending,257.63635
52.75,8.25,descending,258.33585
52.75,8.5,descending,258.78214
52.75,8.75,descending,258.81693
52.75,9.0,descending,258.96368
52.75,9.25,descending,259.65167
52.75,9.5,descending,260.08142
52.75,9.75,descending,260.38416
52.75,10.0,descending,260.5875
52.75,10.25,descending,260.676
52.75,10.5,descending,260.656
52.75,10.75,descending,260.63666
52.75,11.0,descending,260.60556
52.75,11.25,descending,260.60126
52.75,11.5,descending,260.4222
52.75,11.75,descending,259.88626
52.75,12.0,descending,259.05856
52.75,12.25,descending,258.295
52.75,12.5,descending,257.20502
52.75,12.75,descending,256.92166
52.75,13.0,descending,257.2725
52.75,13.25,descending,258.024
52.75,13.5,descending,258.56857
52.75,13.75,descending,259.055
52.75,14.0,descending,259.52832
52.75,14.25,descending,259.934
52.75,14.5,descending,260.33
52.75,14.75,descending,260.96
52.75,15.0,descending,261.68997
52.75,15.25,descending,262.322
52.75,15.5,descending,262.496
52.75,15.75,descending,262.39166
52.75,16.0,descending,262.18668
52.75,16.25,descending,261.8633
52.75,16.5,descending,261.35165
52.75,16.75,descending,260.82666
52.75,17.0,descending,260.526
52.75,17.25,descending,260.61667
52.75,17.5,descending,260.21402
52.75,17.75,descending,259.506
52.75,18.0,descending,259.20834
52.75,18.25,descending,259.4675
52.75,18.5,descending,260.202
52.75,18.75,descending,261.06833
52.75,19.0,descending,261.522
52.75,19.25,descending,261.58197
52.75,19.5,descending,261.42596
52.75,19.75,descending,261.07748
52.75,20.0,descending,260.65802
52.75,20.25,descending,260.31198
52.75,20.5,descending,260.15164
52.75,20.75,descending,259.59
52.75,21.0,descending,258.85834
52.75,21.25,descending,258.60748
52.75,21.5,descending,259.145
52.75,21.75,descending,260.2575
52.75,22.0,descending,261.5533
52.75,22.25,descending,262.10602
52.75,22.5,descending,262.26248
52.75,22.75,descending,262.204
52.75,23.0,descending,261.99142
52.75,23.25,descending,261.97095
52.75,23.5,descending,261.69778
52.75,23.75,descending,261.05164
52.75,24.0,descending,259.88354
52.75,24.25,descending,258.584
52.75,24.5,descending,257.06528
52.75,24.75,descending,255.62132
52.75,25.0,descending,254.50691
52.75,25.25,descending,253.5057
52.75,25.5,descending,252.9
52.75,25.75,descending,252.2957
52.75,26.0,descending,252.12384
52.75,26.25,descending,252.44545
52.75,26.5,descending,253.54285
52.75,26.75,descending,254.52916
52.75,27.0,descending,256.32498
52.75,27.25,descending,257.05582
52.75,27.5,descending,257.82092
52.75,27.75,descending,258.06583
52.75,28.0,descending,258.64847
52.75,28.25,descending,258.4391
52.75,28.5,descending,258.16333
52.75,28.75,descending,257.33453
52.75,29.0,descending,255.03384
52.75,29.25,descending,253.32251
52.75,29.5,descending,252.10362
52.75,29.75,descending,251.15077
52.75,30.0,descending,250.52846
52.75,30.25,descending,249.16637
52.75,30.5,descending,248.07582
52.75,30.75,descending,247.795
52.75,31.0,descending,248.32921
52.75,31.25,descending,250.05501
52.75,31.5,descending,252.37071
52.75,31.75,descending,255.51572
52.75,32.0,descending,257.70734
52.75,32.25,descending,258.62732
52.75,32.5,descending,258.66876
52.75,32.75,descending,258.27374
52.75,33.0,descending,258.2511
52.75,33.25,descending,258.4375
52.75,33.5,descending,258.8944
52.75,33.75,descending,259.47623
52.75,34.0,descending,259.581
52.75,34.25,descending,258.9883
52.75,34.5,descending,258.88
52.75,34.75,descending,258.80167
52.75,35.0,descending,258.91498
52.75,35.25,descending,259.10797
52.75,35.5,descending,259.204
52.75,35.75,descending,259.044
52.75,36.0,descending,257.99167
52.75,36.25,descending,255.2525
52.75,36.5,descending,251.15001
52.75,36.75,descending,247.116
52.75,37.0,descending,244.50998
52.75,37.25,descending,244.16249
52.75,37.5,descending,245.18999
52.75,37.75,descending,246.01799
52.75,38.0,descending,246.48332
53.0,-13.0,descending,208.576
53.0,-12.75,descending,208.73856
53.0,-12.5,descending,208.75125
53.0,-12.25,descending,209.04874
53.0,-12.0,descending,209.61856
53.0,-11.75,descending,210.40857
53.0,-11.5,descending,211.41
53.0,-11.25,descending,212.55286
53.0,-11.0,descending,212.575
53.0,-10.75,descending,212.09999
53.0,-10.5,descending,211.42499
53.0,-10.25,descending,211.20667
53.0,-10.0,descending,213.49142
53.0,-9.75,descending,220.222
53.0,-9.5,descending,231.74571
53.0,-9.25,descending,246.97499
53.0,-9.0,descending,256.37668
53.0,-8.75,descending,260.27335
53.0,-8.5,descending,261.516
53.0,-8.25,descending,262.222
53.0,-8.0,descending,262.98798
53.0,-7.75,descending,263.50998
53.0,-7.5,descending,263.97665
53.0,-7.25,descending,264.50168
53.0,-7.0,descending,264.952
53.0,-6.75,descending,264.9275
53.0,-6.5,descending,263.06665
53.0,-6.25,descending,257.32797
53.0,-6.0,descending,246.128
53.0,-5.75,descending,236.67833
53.0,-5.5,descending,232.63332
53.0,-5.25,descending,231.23401
53.0,-5.0,descending,231.144
53.0,-4.75,descending,233.42165
53.0,-4.5,descending,239.146
53.0,-4.25,descending,244.46167
53.0,-4.0,descending,254.25749
53.0,-3.75,descending,261.88998
53.0,-3.5,descending,265.494
53.0,-3.25,descending,266.07166
53.0,-3.0,descending,265.38
53.0,-2.75,descending,264.35602
53.0,-2.5,descending,263.565
53.0,-2.25,descending,263.09
53.0,-2.0,descending,263.02664
53.0,-1.75,descending,262.638
53.0,-1.5,descending,261.795
53.0,-1.25,descending,261.26498
53.0,-1.0,descending,261.154
53.0,-0.75,descending,261.10834
53.0,-0.5,descending,260.57666
53.0,-0.25,descending,258.212
53.0,0.0,descending,253.04167
53.0,0.25,descending,248.48799
53.0,0.5,descending,245.28398
53.0,0.75,descending,243.85999
53.0,1.0,descending,244.755
53.0,1.25,descending,239.354
53.0,1.5,descending,229.59001
53.0,1.75,descending,218.25667
53.0,2.0,descending,212.53598
53.0,2.25,descending,211.16833
53.0,2.5,descending,210.866
53.0,2.75,descending,210.55713
53.0,3.0,descending,210.118
53.0,3.25,descending,209.64667
53.0,3.5,descending,209.21286
53.0,3.75,descending,209.03333
53.0,4.0,descending,210.11143
53.0,4.25,descending,214.38199
53.0,4.5,descending,222.31285
53.0,4.75,descending,228.01332
53.0,5.0,descending,226.98375
53.0,5.25,descending,231.71286
53.0,5.5,descending,243.3243
53.0,5.75,descending,252.75143
53.0,6.0,descending,257.34857
53.0,6.25,descending,258.77374
53.0,6.5,descending,258.78625
53.0,6.75,descending,258.0789
53.0,7.0,descending,257.59375
53.0,7.25,descending,258.08197
53.0,7.5,descending,258.7575
53.0,7.75,descending,259.072
53.0,8.0,descending,259.14584
53.0,8.25,descending,259.0509
53.0,8.5,descending,258.72357
53.0,8.75,descending,258.7607
53.0,9.0,descending,259.14157
53.0,9.25,descending,259.44247
53.0,9.5,descending,259.7428
53.0,9.75,descending,260.1
53.0,10.0,descending,260.35916
53.0,10.25,descending,260.66183
53.0,10.5,descending,260.83908
53.0,10.75,descending,260.93777
53.0,11.0,descending,260.8811
53.0,11.25,descending,260.77625
53.0,11.5,descending,260.5675
53.0,11.75,descending,260.23874
53.0,12.0,descending,259.7675
53.0,12.25,descending,259.09875
53.0,12.5,descending,258.4957
53.0,12.75,descending,257.58286
53.0,13.0,descending,257.56857
53.0,13.25,descending,258.03
53.0,13.5,descending,258.84427
53.0,13.75,descending,259.3457
53.0,14.0,descending,259.56332
53.0,14.25,descending,259.68143
53.0,14.5,descending,259.81857
53.0,14.75,descending,260.18597
53.0,15.0,descending,260.77667
53.0,15.25,descending,261.46832
53.0,15.5,descending,262.03
53.0,15.75,descending,262.33
53.0,16.0,descending,262.648
53.0,16.25,descending,262.818
53.0,16.5,descending,262.742
53.0,16.75,descending,262.424
53.0,17.0,descending,261.952
53.0,17.25,descending,261.51398
53.0,17.5,descending,261.13
53.0,17.75,descending,260.82333
53.0,18.0,descending,260.454
53.0,18.25,descending,260.314
53.0,18.5,descending,260.69333
53.0,18.75,descending,261.0075
53.0,19.0,descending,261.152
53.0,19.25,descending,261.4233
53.0,19.5,descending,261.725
53.0,19.75,descending,261.37
53.0,20.0,descending,260.6
53.0,20.25,descending,260.03
53.0,20.5,descending,259.33835
53.0,20.75,descending,258.792
53.0,21.0,descending,258.16165
53.0,21.25,descending,258.168
53.0,21.5,descending,258.732
53.0,21.75,descending,260.10498
53.0,22.0,descending,261.41498
53.0,22.25,descending,262.168
53.0,22.5,descending,262.305
53.0,22.75,descending,262.226
53.0,23.0,descending,261.86832
53.0,23.25,descending,261.99948
53.0,23.5,descending,261.695
53.0,23.75,descending,261.20123
53.0,24.0,descending,260.6175
53.0,24.25,descending,259.2431
53.0,24.5,descending,258.12
53.0,24.75,descending,257.21356
53.0,25.0,descending,255.96666
53.0,25.25,descending,255.17537
53.0,25.5,descending,254.06499
53.0,25.75,descending,252.735
53.0,26.0,descending,251.86642
53.0,26.25,descending,251.90692
53.0,26.5,descending,252.09845
53.0,26.75,descending,253.05727
53.0,27.0,descending,254.28214
53.0,27.25,descending,255.65666
53.0,27.5,descending,256.44077
53.0,27.75,descending,256.93817
53.0,28.0,descending,257.20462
53.0,28.25,descending,257.71616
53.0,28.5,descending,257.27924
53.0,28.75,descending,256.76416
53.0,29.0,descending,255.22714
53.0,29.25,descending,253.29999
53.0,29.5,descending,251.82286
53.0,29.75,descending,251.22333
53.0,30.0,descending,250.12769
53.0,30.25,descending,248.76857
53.0,30.5,descending,247.83922
53.0,30.75,descending,247.25
53.0,31.0,descending,247.14845
53.0,31.25,descending,247.194
53.0,31.5,descending,247.83499
53.0,31.75,descending,250.89307
53.0,32.0,descending,253.72066
53.0,32.25,descending,256.2007
53.0,32.5,descending,257.29813
53.0,32.75,descending,257.8425
53.0,33.0,descending,258.11588
53.0,33.25,descending,258.40176
53.0,33.5,descending,258.94772
53.0,33.75,descending,259.72238
53.0,34.0,descending,260.27408
53.0,34.25,descending,259.96375
53.0,34.5,descending,259.43497
53.0,34.75,descending,259.26
53.0,35.0,descending,259.115
53.0,35.25,descending,259.2
53.0,35.5,descending,259.20166
53.0,35.75,descending,259.01248
53.0,36.0,descending,258.50333
53.0,36.25,descending,256.985
53.0,36.5,descending,254.1625
53.0,36.75,descending,251.158
53.0,37.0,descending,247.62666
53.0,37.25,descending,245.87
53.0,37.5,descending,245.93
53.0,37.75,descending,246.38
53.0,38.0,descending,246.62
53.25,-13.0,descending,207.59
53.25,-12.75,descending,207.48
53.25,-12.5,descending,207.56
53.25,-12.25,descending,207.58714
53.25,-12.0,descending,207.73999
53.25,-11.75,descending,208.11833
53.25,-11.5,descending,208.83833
53.25,-11.25,descending,209.26143
53.25,-11.0,descending,209.98201
53.25,-10.75,descending,210.73167
53.25,-10.5,descending,211.8257
53.25,-10.25,descending,213.46599
53.25,-10.0,descending,217.48334
53.25,-9.75,descending,221.38399
53.25,-9.5,descending,228.908
53.25,-9.25,descending,238.54599
53.25,-9.0,descending,251.16667
53.25,-8.75,descending,259.12833
53.25,-8.5,descending,261.88168
53.25,-8.25,descending,262.41165
53.25,-8.0,descending,262.85165
53.25,-7.75,descending,263.62
53.25,-7.5,descending,264.35666
53.25,-7.25,descending,264.7
53.25,-7.0,descending,264.78198
53.25,-6.75,descending,264.32498
53.25,-6.5,descending,262.104
53.25,-6.25,descending,255.98198
53.25,-6.0,descending,246.67998
53.25,-5.75,descending,237.318
53.25,-5.5,descending,230.67801
53.25,-5.25,descending,228.18799
53.25,-5.0,descending,228.125
53.25,-4.75,descending,233.11333
53.25,-4.5,descending,238.274
53.25,-4.25,descending,245.90999
53.25,-4.0,descending,251.39166
53.25,-3.75,descending,255.41399
53.25,-3.5,descending,258.326
53.25,-3.25,descending,260.668
53.25,-3.0,descending,262.50833
53.25,-2.75,descending,263.0175
53.25,-2.5,descending,263.03598
53.25,-2.25,descending,263.22
53.25,-2.0,descending,263.7375
53.25,-1.75,descending,263.598
53.25,-1.5,descending,262.29333
53.25,-1.25,descending,261.165
53.25,-1.0,descending,260.73666
53.25,-0.75,descending,260.2983
53.25,-0.5,descending,259.55667
53.25,-0.25,descending,256.442
53.25,0.0,descending,241.09874
53.25,0.25,descending,238.31999
53.25,0.5,descending,230.90334
53.25,0.75,descending,228.71999
53.25,1.0,descending,227.18599
53.25,1.25,descending,223.605
53.25,1.5,descending,218.085
53.25,1.75,descending,213.48799
53.25,2.0,descending,211.56999
53.25,2.25,descending,210.93001
53.25,2.5,descending,210.795
53.25,2.75,descending,210.628
53.25,3.0,descending,210.27832
53.25,3.25,descending,209.795
53.25,3.5,descending,209.39832
53.25,3.75,descending,209.08
53.25,4.0,descending,209.14
53.25,4.25,descending,211.58286
53.25,4.5,descending,215.95833
53.25,4.75,descending,218.81331
53.25,5.0,descending,219.84166
53.25,5.25,descending,227.18999
53.25,5.5,descending,239.02374
53.25,5.75,descending,248.03142
53.25,6.0,descending,252.44142
53.25,6.25,descending,252.53714
53.25,6.5,descending,254.18571
53.25,6.75,descending,253.10666
53.25,7.0,descending,253.50125
53.25,7.25,descending,256.25125
53.25,7.5,descending,258.4411
53.25,7.75,descending,258.809
53.25,8.0,descending,257.66223
53.25,8.25,descending,257.3218
53.25,8.5,descending,257.2082
53.25,8.75,descending,258.37
53.25,9.0,descending,259.32584
53.25,9.25,descending,259.4471
53.25,9.5,descending,259.2425
53.25,9.75,descending,259.5943
53.25,10.0,descending,259.7375
53.25,10.25,descending,260.03363
53.25,10.5,descending,260.28
53.25,10.75,descending,260.54333
53.25,11.0,descending,260.844
53.25,11.25,descending,260.8125
53.25,11.5,descending,260.66223
53.25,11.75,descending,260.26428
53.25,12.0,descending,259.76428
53.25,12.25,descending,259.0825
53.25,12.5,descending,258.59714
53.25,12.75,descending,258.3343
53.25,13.0,descending,258.27167
53.25,13.25,descending,258.5114
53.25,13.5,descending,258.78665
53.25,13.75,descending,259.08
53.25,14.0,descending,259.12143
53.25,14.25,descending,259.07498
53.25,14.5,descending,259.08
53.25,14.75,descending,259.25333
53.25,15.0,descending,259.68332
53.25,15.25,descending,260.49832
53.25,15.5,descending,261.37396
53.25,15.75,descending,262.00833
53.25,16.0,descending,262.63998
53.25,16.25,descending,263.03598
53.25,16.5,descending,263.21664
53.25,16.75,descending,263.17166
53.25,17.0,descending,262.83835
53.25,17.25,descending,262.414
53.25,17.5,descending,261.97333
53.25,17.75,descending,261.69666
53.25,18.0,descending,261.378
53.25,18.25,descending,260.94666
53.25,18.5,descending,260.538
53.25,18.75,descending,260.23398
53.25,19.0,descending,259.974
53.25,19.25,descending,260.26
53.25,19.5,descending,261.09836
53.25,19.75,descending,261.21198
53.25,20.0,descending,260.524
53.25,20.25,descending,259.534
53.25,20.5,descending,258.86
53.25,20.75,descending,258.29
53.25,21.0,descending,257.8725
53.25,21.25,descending,257.83398
53.25,21.5,descending,258.41998
53.25,21.75,descending,260.008
53.25,22.0,descending,261.38998
53.25,22.25,descending,262.0825
53.25,22.5,descending,262.14398
53.25,22.75,descending,261.83664
53.25,23.0,descending,261.2375
53.25,23.25,descending,261.50867
53.25,23.5,descending,261.20428
53.25,23.75,descending,260.83667
53.25,24.0,descending,260.27625
53.25,24.25,descending,259.78928
53.25,24.5,descending,258.96866
53.25,24.75,descending,258.335
53.25,25.0,descending,257.395
53.25,25.25,descending,256.22693
53.25,25.5,descending,254.47356
53.25,25.75,descending,252.67833
53.25,26.0,descending,251.25613
53.25,26.25,descending,251.29356
53.25,26.5,descending,251.59181
53.25,26.75,descending,252.20357
53.25,27.0,descending,253.09544
53.25,27.25,descending,253.90181
53.25,27.5,descending,254.38416
53.25,27.75,descending,254.96362
53.25,28.0,descending,254.93384
53.25,28.25,descending,255.66635
53.25,28.5,descending,256.22845
53.25,28.75,descending,256.1882
53.25,29.0,descending,255.63832
53.25,29.25,descending,254.3875
53.25,29.5,descending,253.27666
53.25,29.75,descending,252.19272
53.25,30.0,descending,251.32666
53.25,30.25,descending,250.57999
53.25,30.5,descending,249.53416
53.25,30.75,descending,249.02846
53.25,31.0,descending,248.90273
53.25,31.25,descending,247.72307
53.25,31.5,descending,246.96855
53.25,31.75,descending,248.01923
53.25,32.0,descending,250.1657
53.25,32.25,descending,253.27571
53.25,32.5,descending,255.5457
53.25,32.75,descending,257.21
53.25,33.0,descending,258.1747
53.25,33.25,descending,258.5359
53.25,33.5,descending,259.09058
53.25,33.75,descending,259.76105
53.25,34.0,descending,260.45218
53.25,34.25,descending,260.57806
53.25,34.5,descending,259.58334
53.25,34.75,descending,259.626
53.25,35.0,descending,259.396
53.25,35.25,descending,259.278
53.25,35.5,descending,259.104
53.25,35.75,descending,258.76602
53.25,36.0,descending,258.1275
53.25,36.25,descending,257.08798
53.25,36.5,descending,255.25667
53.25,36.75,descending,252.86665
53.25,37.0,descending,249.815
53.25,37.25,descending,247.626
53.25,37.5,descending,246.87999
53.25,37.75,descending,247.13249
53.25,38.0,descending,247.40999
53.5,-13.0,descending,207.2175
53.5,-12.75,descending,206.93857
53.5,-12.5,descending,206.93625
53.5,-12.25,descending,207.15
53.5,-12.0,descending,207.47285
53.5,-11.75,descending,207.66
53.5,-11.5,descending,207.68124
53.5,-11.25,descending,207.58333
53.5,-11.0,descending,207.85625
53.5,-10.75,descending,208.79668
53.5,-10.5,descending,211.88666
53.5,-10.25,descending,216.79999
53.5,-10.0,descending,224.59856
53.5,-9.75,descending,232.03667
53.5,-9.5,descending,240.39714
53.5,-9.25,descending,246.375
53.5,-9.0,descending,252.705
53.5,-8.75,descending,258.288
53.5,-8.5,descending,261.71198
53.5,-8.25,descending,262.448
53.5,-8.0,descending,262.31
53.5,-7.75,descending,262.898
53.5,-7.5,descending,263.93198
53.5,-7.25,descending,264.636
53.5,-7.0,descending,264.75833
53.5,-6.75,descending,263.944
53.5,-6.5,descending,261.414
53.5,-6.25,descending,254.19499
53.5,-6.0,descending,243.904
53.5,-5.75,descending,235.36
53.5,-5.5,descending,229.1
53.5,-5.25,descending,224.545
53.5,-5.0,descending,223.16167
53.5,-4.75,descending,226.8
53.5,-4.5,descending,233.474
53.5,-4.25,descending,238.22
53.5,-4.0,descending,237.538
53.5,-3.75,descending,240.98198
53.5,-3.5,descending,243.802
53.5,-3.25,descending,248.78398
53.5,-3.0,descending,256.104
53.5,-2.75,descending,260.44598
53.5,-2.5,descending,262.372
53.5,-2.25,descending,263.1417
53.5,-2.0,descending,263.88998
53.5,-1.75,descending,263.76
53.5,-1.5,descending,262.34
53.5,-1.25,descending,260.974
53.5,-1.0,descending,260.14832
53.5,-0.75,descending,259.2075
53.5,-0.5,descending,257.05402
53.5,-0.25,descending,252.75835
53.5,0.0,descending,236.19142
53.5,0.25,descending,230.635
53.5,0.5,descending,220.205
53.5,0.75,descending,216.82199
53.5,1.0,descending,215.62334
53.5,1.25,descending,214.01999
53.5,1.5,descending,212.98334
53.5,1.75,descending,211.80801
53.5,2.0,descending,211.12
53.5,2.25,descending,210.95166
53.5,2.5,descending,210.872
53.5,2.75,descending,210.64143
53.5,3.0,descending,210.23334
53.5,3.25,descending,209.816
53.5,3.5,descending,209.47667
53.5,3.75,descending,209.14
53.5,4.0,descending,208.97166
53.5,4.25,descending,209.64166
53.5,4.5,descending,211.25
53.5,4.75,descending,212.6657
53.5,5.0,descending,215.25284
53.5,5.25,descending,221.72333
53.5,5.5,descending,227.99834
53.5,5.75,descending,233.40428
53.5,6.0,descending,236.48375
53.5,6.25,descending,237.41713
53.5,6.5,descending,239.56624
53.5,6.75,descending,239.59999
53.5,7.0,descending,244.54889
53.5,7.25,descending,249.8725
53.5,7.5,descending,253.32999
53.5,7.75,descending,251.77701
53.5,8.0,descending,249.9625
53.5,8.25,descending,248.73
53.5,8.5,descending,252.22363
53.5,8.75,descending,256.01834
53.5,9.0,descending,258.112
53.5,9.25,descending,258.12704
53.5,9.5,descending,257.88657
53.5,9.75,descending,257.4243
53.5,10.0,descending,257.96075
53.5,10.25,descending,258.474
53.5,10.5,descending,258.7918
53.5,10.75,descending,258.93887
53.5,11.0,descending,259.444
53.5,11.25,descending,259.685
53.5,11.5,descending,259.88
53.5,11.75,descending,259.9625
53.5,12.0,descending,259.38373
53.5,12.25,descending,258.59332
53.5,12.5,descending,257.71375
53.5,12.75,descending,257.3414
53.5,13.0,descending,257.64874
53.5,13.25,descending,258.268
53.5,13.5,descending,258.58142
53.5,13.75,descending,258.42667
53.5,14.0,descending,257.77664
53.5,14.25,descending,257.68668
53.5,14.5,descending,257.93143
53.5,14.75,descending,258.65665
53.5,15.0,descending,259.54
53.5,15.25,descending,260.27167
53.5,15.5,descending,261.06857
53.5,15.75,descending,261.81
53.5,16.0,descending,262.306
53.5,16.25,descending,262.61166
53.5,16.5,descending,262.92334
53.5,16.75,descending,263.07666
53.5,17.0,descending,262.9
53.5,17.25,descending,262.49832
53.5,17.5,descending,262.166
53.5,17.75,descending,262.025
53.5,18.0,descending,261.928
53.5,18.25,descending,261.5
53.5,18.5,descending,260.52997
53.5,18.75,descending,259.33667
53.5,19.0,descending,258.494
53.5,19.25,descending,258.87598
53.5,19.5,descending,259.236
53.5,19.75,descending,259.68402
53.5,20.0,descending,259.15332
53.5,20.25,descending,258.72797
53.5,20.5,descending,258.18668
53.5,20.75,descending,257.97498
53.5,21.0,descending,257.63666
53.5,21.25,descending,257.51248
53.5,21.5,descending,257.87332
53.5,21.75,descending,259.348
53.5,22.0,descending,260.8583
53.5,22.25,descending,261.622
53.5,22.5,descending,261.656
53.5,22.75,descending,260.92502
53.5,23.0,descending,260.295
53.5,23.25,descending,260.68076
53.5,23.5,descending,260.38477
53.5,23.75,descending,260.03882
53.5,24.0,descending,259.58167
53.5,24.25,descending,259.27762
53.5,24.5,descending,259.315
53.5,24.75,descending,258.7443
53.5,25.0,descending,258.2407
53.5,25.25,descending,256.86642
53.5,25.5,descending,254.93538
53.5,25.75,descending,252.0807
53.5,26.0,descending,250.4307
53.5,26.25,descending,250.22636
53.5,26.5,descending,251.04713
53.5,26.75,descending,251.6475
53.5,27.0,descending,252.30786
53.5,27.25,descending,253.03667
53.5,27.5,descending,253.31615
53.5,27.75,descending,253.22917
53.5,28.0,descending,253.50143
53.5,28.25,descending,253.60832
53.5,28.5,descending,254.04637
53.5,28.75,descending,255.1107
53.5,29.0,descending,255.71544
53.5,29.25,descending,254.89667
53.5,29.5,descending,254.34999
53.5,29.75,descending,253.94539
53.5,30.0,descending,253.62769
53.5,30.25,descending,252.5175
53.5,30.5,descending,252.16461
53.5,30.75,descending,251.9223
53.5,31.0,descending,251.22714
53.5,31.25,descending,250.62
53.5,31.5,descending,249.58714
53.5,31.75,descending,249.04332
53.5,32.0,descending,249.37845
53.5,32.25,descending,250.96666
53.5,32.5,descending,253.28072
53.5,32.75,descending,255.624
53.5,33.0,descending,257.02798
53.5,33.25,descending,257.72598
53.5,33.5,descending,258.2611
53.5,33.75,descending,259.43555
53.5,34.0,descending,259.87808
53.5,34.25,descending,260.05817
53.5,34.5,descending,259.80737
53.5,34.75,descending,259.26498
53.5,35.0,descending,259.32797
53.5,35.25,descending,259.02335
53.5,35.5,descending,258.7
53.5,35.75,descending,257.848
53.5,36.0,descending,257.13998
53.5,36.25,descending,255.76599
53.5,36.5,descending,253.32332
53.5,36.75,descending,251.36198
53.5,37.0,descending,249.48
53.5,37.25,descending,248.0
53.5,37.5,descending,247.52
53.5,37.75,descending,247.84166
53.5,38.0,descending,248.26997
53.75,-13.0,descending,206.84749
53.75,-12.75,descending,206.58714
53.75,-12.5,descending,206.44858
53.75,-12.25,descending,206.76624
53.75,-12.0,descending,207.59666
53.75,-11.75,descending,208.45285
53.75,-11.5,descending,208.73201
53.75,-11.25,descending,208.15428
53.75,-11.0,descending,207.50334
53.75,-10.75,descending,207.47998
53.75,-10.5,descending,209.34166
53.75,-10.25,descending,215.54
53.75,-10.0,descending,226.01166
53.75,-9.75,descending,239.19334
53.75,-9.5,descending,248.87
53.75,-9.25,descending,253.58
53.75,-9.0,descending,257.21664
53.75,-8.75,descending,260.11667
53.75,-8.5,descending,262.215
53.75,-8.25,descending,262.64166
53.75,-8.0,descending,262.11334
53.75,-7.75,descending,262.182
53.75,-7.5,descending,263.03833
53.75,-7.25,descending,264.004
53.75,-7.0,descending,264.55832
53.75,-6.75,descending,264.136
53.75,-6.5,descending,260.56665
53.75,-6.25,descending,253.846
53.75,-6.0,descending,245.58398
53.75,-5.75,descending,236.06166
53.75,-5.5,descending,229.814
53.75,-5.25,descending,226.0575
53.75,-5.0,descending,223.524
53.75,-4.75,descending,222.8
53.75,-4.5,descending,225.22998
53.75,-4.25,descending,228.128
53.75,-4.0,descending,227.355
53.75,-3.75,descending,226.27998
53.75,-3.5,descending,229.372
53.75,-3.25,descending,237.06198
53.75,-3.0,descending,247.70601
53.75,-2.75,descending,258.14252
53.75,-2.5,descending,262.47165
53.75,-2.25,descending,263.835
53.75,-2.0,descending,264.24
53.75,-1.75,descending,263.632
53.75,-1.5,descending,262.4
53.75,-1.25,descending,261.02
53.75,-1.0,descending,259.95834
53.75,-0.75,descending,258.2383
53.75,-0.5,descending,254.60664
53.75,-0.25,descending,245.918
53.75,0.0,descending,231.59332
53.75,0.25,descending,222.83833
53.75,0.5,descending,215.47
53.75,0.75,descending,212.83998
53.75,1.0,descending,212.04
53.75,1.25,descending,211.57199
53.75,1.5,descending,211.41599
53.75,1.75,descending,211.24165
53.75,2.0,descending,211.17499
53.75,2.25,descending,211.142
53.75,2.5,descending,211.04333
53.75,2.75,descending,210.7925
53.75,3.0,descending,210.32332
53.75,3.25,descending,209.89998
53.75,3.5,descending,209.50166
53.75,3.75,descending,209.144
53.75,4.0,descending,208.90334
53.75,4.25,descending,208.88666
53.75,4.5,descending,209.23
53.75,4.75,descending,209.64
53.75,5.0,descending,210.98499
53.75,5.25,descending,214.09
53.75,5.5,descending,216.41713
53.75,5.75,descending,218.51399
53.75,6.0,descending,219.40167
53.75,6.25,descending,220.40572
53.75,6.5,descending,221.00624
53.75,6.75,descending,224.85143
53.75,7.0,descending,229.76125
53.75,7.25,descending,236.59
53.75,7.5,descending,236.63777
53.75,7.75,descending,234.07625
53.75,8.0,descending,233.424
53.75,8.25,descending,235.55556
53.75,8.5,descending,243.13799
53.75,8.75,descending,249.12544
53.75,9.0,descending,253.54915
53.75,9.25,descending,255.23083
53.75,9.5,descending,256.869
53.75,9.75,descending,256.9316
53.75,10.0,descending,256.92346
53.75,10.25,descending,257.20636
53.75,10.5,descending,257.04724
53.75,10.75,descending,256.52875
53.75,11.0,descending,256.56668
53.75,11.25,descending,256.52875
53.75,11.5,descending,257.28
53.75,11.75,descending,257.98624
53.75,12.0,descending,258.73373
53.75,12.25,descending,258.5943
53.75,12.5,descending,258.23285
53.75,12.75,descending,257.55142
53.75,13.0,descending,257.44666
53.75,13.25,descending,257.53287
53.75,13.5,descending,256.78333
53.75,13.75,descending,255.15498
53.75,14.0,descending,253.54
53.75,14.25,descending,251.51666
53.75,14.5,descending,251.50334
53.75,14.75,descending,255.81999
53.75,15.0,descending,258.56665
53.75,15.25,descending,260.258
53.75,15.5,descending,261.08002
53.75,15.75,descending,261.4883
53.75,16.0,descending,261.78
53.75,16.25,descending,261.808
53.75,16.5,descending,261.95
53.75,16.75,descending,262.33398
53.75,17.0,descending,262.596
53.75,17.25,descending,262.382
53.75,17.5,descending,262.13168
53.75,17.75,descending,262.252
53.75,18.0,descending,262.43167
53.75,18.25,descending,262.16498
53.75,18.5,descending,261.42798
53.75,18.75,descending,259.995
53.75,19.0,descending,258.1
53.75,19.25,descending,257.13397
53.75,19.5,descending,256.768
53.75,19.75,descending,256.998
53.75,20.0,descending,256.9325
53.75,20.25,descending,256.885
53.75,20.5,descending,256.76498
53.75,20.75,descending,256.63666
53.75,21.0,descending,256.435
53.75,21.25,descending,255.90999
53.75,21.5,descending,256.085
53.75,21.75,descending,257.205
53.75,22.0,descending,259.20248
53.75,22.25,descending,260.28748
53.75,22.5,descending,260.41165
53.75,22.75,descending,259.6475
53.75,23.0,descending,258.87332
53.75,23.25,descending,259.24222
53.75,23.5,descending,259.8615
53.75,23.75,descending,259.59875
53.75,24.0,descending,259.04706
53.75,24.25,descending,259.06686
53.75,24.5,descending,258.6931
53.75,24.75,descending,258.37076
53.75,25.0,descending,258.23355
53.75,25.25,descending,257.32092
53.75,25.5,descending,255.12071
53.75,25.75,descending,252.83714
53.75,26.0,descending,251.22385
53.75,26.25,descending,250.44585
53.75,26.5,descending,250.50845
53.75,26.75,descending,250.52083
53.75,27.0,descending,251.1609
53.75,27.25,descending,251.56499
53.75,27.5,descending,252.30923
53.75,27.75,descending,252.93364
53.75,28.0,descending,252.90546
53.75,28.25,descending,253.54099
53.75,28.5,descending,253.31915
53.75,28.75,descending,253.58453
53.75,29.0,descending,254.41153
53.75,29.25,descending,255.33363
53.75,29.5,descending,255.55153
53.75,29.75,descending,255.04909
53.75,30.0,descending,254.54167
53.75,30.25,descending,254.72333
53.75,30.5,descending,254.43916
53.75,30.75,descending,254.45546
53.75,31.0,descending,253.77248
53.75,31.25,descending,253.2346
53.75,31.5,descending,251.71999
53.75,31.75,descending,250.65356
53.75,32.0,descending,250.24924
53.75,32.25,descending,250.68857
53.75,32.5,descending,251.94643
53.75,32.75,descending,253.70927
53.75,33.0,descending,254.885
53.75,33.25,descending,255.48666
53.75,33.5,descending,256.17233
53.75,33.75,descending,257.28058
53.75,34.0,descending,258.06235
53.75,34.25,descending,258.497
53.75,34.5,descending,258.1562
53.75,34.75,descending,258.0064
53.75,35.0,descending,258.26834
53.75,35.25,descending,258.28998
53.75,35.5,descending,257.85165
53.75,35.75,descending,257.04666
53.75,36.0,descending,255.83598
53.75,36.25,descending,254.01166
53.75,36.5,descending,250.98499
53.75,36.75,descending,249.05998
53.75,37.0,descending,248.12334
53.75,37.25,descending,247.825
53.75,37.5,descending,247.778
53.75,37.75,descending,248.04599
53.75,38.0,descending,248.56749
54.0,-13.0,descending,206.85667
54.0,-12.75,descending,206.4975
54.0,-12.5,descending,206.11856
54.0,-12.25,descending,206.0657
54.0,-12.0,descending,206.72333
54.0,-11.75,descending,207.86165
54.0,-11.5,descending,209.04141
54.0,-11.25,descending,209.14143
54.0,-11.0,descending,208.46599
54.0,-10.75,descending,207.77498
54.0,-10.5,descending,209.29857
54.0,-10.25,descending,214.89
54.0,-10.0,descending,225.03667
54.0,-9.75,descending,236.39333
54.0,-9.5,descending,246.60999
54.0,-9.25,descending,253.67332
54.0,-9.0,descending,257.6783
54.0,-8.75,descending,260.214
54.0,-8.5,descending,261.81598
54.0,-8.25,descending,262.39166
54.0,-8.0,descending,262.37833
54.0,-7.75,descending,262.145
54.0,-7.5,descending,262.46335
54.0,-7.25,descending,263.335
54.0,-7.0,descending,264.25
54.0,-6.75,descending,263.96002
54.0,-6.5,descending,261.6
54.0,-6.25,descending,256.844
54.0,-6.0,descending,247.15166
54.0,-5.75,descending,240.74399
54.0,-5.5,descending,235.76999
54.0,-5.25,descending,231.28
54.0,-5.0,descending,229.51399
54.0,-4.75,descending,227.72998
54.0,-4.5,descending,227.06999
54.0,-4.25,descending,225.344
54.0,-4.0,descending,224.28667
54.0,-3.75,descending,223.68599
54.0,-3.5,descending,225.392
54.0,-3.25,descending,230.70798
54.0,-3.0,descending,243.58998
54.0,-2.75,descending,256.32797
54.0,-2.5,descending,263.74
54.0,-2.25,descending,265.4283
54.0,-2.0,descending,265.38998
54.0,-1.75,descending,264.422
54.0,-1.5,descending,262.81332
54.0,-1.25,descending,261.7375
54.0,-1.0,descending,260.55002
54.0,-0.75,descending,257.93198
54.0,-0.5,descending,252.06
54.0,-0.25,descending,241.36198
54.0,0.0,descending,227.09499
54.0,0.25,descending,217.694
54.0,0.5,descending,213.385
54.0,0.75,descending,211.98799
54.0,1.0,descending,211.645
54.0,1.25,descending,211.40999
54.0,1.5,descending,211.295
54.0,1.75,descending,211.24199
54.0,2.0,descending,211.21333
54.0,2.25,descending,211.16833
54.0,2.5,descending,211.04599
54.0,2.75,descending,210.78499
54.0,3.0,descending,210.42714
54.0,3.25,descending,210.07
54.0,3.5,descending,209.68834
54.0,3.75,descending,209.23164
54.0,4.0,descending,208.93001
54.0,4.25,descending,208.73799
54.0,4.5,descending,208.58714
54.0,4.75,descending,208.46999
54.0,5.0,descending,208.77498
54.0,5.25,descending,209.05714
54.0,5.5,descending,209.51285
54.0,5.75,descending,209.92665
54.0,6.0,descending,210.23125
54.0,6.25,descending,210.93333
54.0,6.5,descending,210.84285
54.0,6.75,descending,213.77625
54.0,7.0,descending,216.26143
54.0,7.25,descending,219.685
54.0,7.5,descending,219.2975
54.0,7.75,descending,216.53667
54.0,8.0,descending,217.88249
54.0,8.25,descending,223.18332
54.0,8.5,descending,231.493
54.0,8.75,descending,241.83199
54.0,9.0,descending,250.26363
54.0,9.25,descending,255.22545
54.0,9.5,descending,257.50925
54.0,9.75,descending,257.39594
54.0,10.0,descending,256.31876
54.0,10.25,descending,254.76318
54.0,10.5,descending,254.60898
54.0,10.75,descending,251.13899
54.0,11.0,descending,248.479
54.0,11.25,descending,246.36555
54.0,11.5,descending,247.3725
54.0,11.75,descending,250.28624
54.0,12.0,descending,253.34874
54.0,12.25,descending,256.3578
54.0,12.5,descending,257.91284
54.0,12.75,descending,257.80142
54.0,13.0,descending,256.86716
54.0,13.25,descending,254.85374
54.0,13.5,descending,252.17857
54.0,13.75,descending,248.45332
54.0,14.0,descending,241.98375
54.0,14.25,descending,237.25166
54.0,14.5,descending,235.30333
54.0,14.75,descending,242.66856
54.0,15.0,descending,247.45
54.0,15.25,descending,252.92142
54.0,15.5,descending,256.48502
54.0,15.75,descending,258.292
54.0,16.0,descending,259.60715
54.0,16.25,descending,260.346
54.0,16.5,descending,260.75497
54.0,16.75,descending,261.04333
54.0,17.0,descending,261.54666
54.0,17.25,descending,261.76398
54.0,17.5,descending,261.8033
54.0,17.75,descending,261.882
54.0,18.0,descending,262.08197
54.0,18.25,descending,261.81998
54.0,18.5,descending,260.732
54.0,18.75,descending,259.05402
54.0,19.0,descending,257.886
54.0,19.25,descending,255.79
54.0,19.5,descending,254.4075
54.0,19.75,descending,253.48999
54.0,20.0,descending,253.30666
54.0,20.25,descending,253.816
54.0,20.5,descending,254.71832
54.0,20.75,descending,254.73799
54.0,21.0,descending,254.79999
54.0,21.25,descending,254.116
54.0,21.5,descending,253.696
54.0,21.75,descending,254.73999
54.0,22.0,descending,256.91
54.0,22.25,descending,258.5275
54.0,22.5,descending,258.66165
54.0,22.75,descending,258.27
54.0,23.0,descending,257.56665
54.0,23.25,descending,257.4875
54.0,23.5,descending,258.43304
54.0,23.75,descending,258.64667
54.0,24.0,descending,258.7922
54.0,24.25,descending,258.67465
54.0,24.5,descending,258.57294
54.0,24.75,descending,258.13858
54.0,25.0,descending,257.41812
54.0,25.25,descending,256.41693
54.0,25.5,descending,255.27333
54.0,25.75,descending,254.25
54.0,26.0,descending,252.40071
54.0,26.25,descending,251.92857
54.0,26.5,descending,251.02583
54.0,26.75,descending,251.0109
54.0,27.0,descending,250.03307
54.0,27.25,descending,250.0625
54.0,27.5,descending,250.31999
54.0,27.75,descending,251.325
54.0,28.0,descending,252.71922
54.0,28.25,descending,252.96614
54.0,28.5,descending,253.49153
54.0,28.75,descending,253.5318
54.0,29.0,descending,253.73499
54.0,29.25,descending,254.23083
54.0,29.5,descending,255.02075
54.0,29.75,descending,255.59917
54.0,30.0,descending,255.70769
54.0,30.25,descending,255.67749
54.0,30.5,descending,255.54845
54.0,30.75,descending,255.67818
54.0,31.0,descending,255.45636
54.0,31.25,descending,254.80666
54.0,31.5,descending,253.64572
54.0,31.75,descending,252.375
54.0,32.0,descending,251.73071
54.0,32.25,descending,251.76538
54.0,32.5,descending,252.46582
54.0,32.75,descending,253.04857
54.0,33.0,descending,253.65437
54.0,33.25,descending,254.06357
54.0,33.5,descending,254.67532
54.0,33.75,descending,255.48125
54.0,34.0,descending,256.09763
54.0,34.25,descending,255.79788
54.0,34.5,descending,255.73283
54.0,34.75,descending,255.2968
54.0,35.0,descending,254.75499
54.0,35.25,descending,256.63666
54.0,35.5,descending,256.8825
54.0,35.75,descending,256.44
54.0,36.0,descending,255.606
54.0,36.25,descending,253.63
54.0,36.5,descending,250.98334
54.0,36.75,descending,248.72333
54.0,37.0,descending,248.12999
54.0,37.25,descending,248.05
54.0,37.5,descending,247.846
54.0,37.75,descending,247.7425
54.0,38.0,descending,248.0725
54.25,-13.0,descending,206.95248
54.25,-12.75,descending,206.46713
54.25,-12.5,descending,205.95667
54.25,-12.25,descending,205.72499
54.25,-12.0,descending,205.7
54.25,-11.75,descending,206.33714
54.25,-11.5,descending,207.31285
54.25,-11.25,descending,208.26799
54.25,-11.0,descending,208.31285
54.25,-10.75,descending,207.815
54.25,-10.5,descending,208.415
54.25,-10.25,descending,212.246
54.25,-10.0,descending,220.15332
54.25,-9.75,descending,230.826
54.25,-9.5,descending,238.69499
54.25,-9.25,descending,244.774
54.25,-9.0,descending,249.054
54.25,-8.75,descending,251.67168
54.25,-8.5,descending,256.7271
54.25,-8.25,descending,259.60498
54.25,-8.0,descending,261.25198
54.25,-7.75,descending,261.836
54.25,-7.5,descending,262.155
54.25,-7.25,descending,262.646
54.25,-7.0,descending,263.21
54.25,-6.75,descending,263.41666
54.25,-6.5,descending,262.74
54.25,-6.25,descending,259.56403
54.25,-6.0,descending,253.51999
54.25,-5.75,descending,247.696
54.25,-5.5,descending,240.55801
54.25,-5.25,descending,236.394
54.25,-5.0,descending,234.626
54.25,-4.75,descending,233.73999
54.25,-4.5,descending,233.54999
54.25,-4.25,descending,230.09001
54.25,-4.0,descending,226.98
54.25,-3.75,descending,227.626
54.25,-3.5,descending,232.5
54.25,-3.25,descending,238.392
54.25,-3.0,descending,246.9975
54.25,-2.75,descending,257.435
54.25,-2.5,descending,264.04
54.25,-2.25,descending,266.67502
54.25,-2.0,descending,266.44333
54.25,-1.75,descending,264.90665
54.25,-1.5,descending,262.95667
54.25,-1.25,descending,261.44598
54.25,-1.0,descending,259.465
54.25,-0.75,descending,254.7425
54.25,-0.5,descending,246.28499
54.25,-0.25,descending,233.524
54.25,0.0,descending,220.52374
54.25,0.25,descending,214.56331
54.25,0.5,descending,212.202
54.25,0.75,descending,211.698
54.25,1.0,descending,211.58998
54.25,1.25,descending,211.45401
54.25,1.5,descending,211.30333
54.25,1.75,descending,211.16599
54.25,2.0,descending,211.06166
54.25,2.25,descending,210.94199
54.25,2.5,descending,210.86401
54.25,2.75,descending,210.64333
54.25,3.0,descending,210.43
54.25,3.25,descending,210.13666
54.25,3.5,descending,209.64833
54.25,3.75,descending,209.18198
54.25,4.0,descending,208.87666
54.25,4.25,descending,208.644
54.25,4.5,descending,208.38167
54.25,4.75,descending,208.16333
54.25,5.0,descending,207.99165
54.25,5.25,descending,207.85832
54.25,5.5,descending,207.71999
54.25,5.75,descending,207.61624
54.25,6.0,descending,207.48499
54.25,6.25,descending,207.63799
54.25,6.5,descending,207.83
54.25,6.75,descending,208.47285
54.25,7.0,descending,209.39285
54.25,7.25,descending,209.99715
54.25,7.5,descending,209.64125
54.25,7.75,descending,209.59572
54.25,8.0,descending,210.949
54.25,8.25,descending,216.73
54.25,8.5,descending,226.84222
54.25,8.75,descending,240.21222
54.25,9.0,descending,251.6709
54.25,9.25,descending,256.6391
54.25,9.5,descending,257.3875
54.25,9.75,descending,256.155
54.25,10.0,descending,253.01213
54.25,10.25,descending,249.6074
54.25,10.5,descending,246.26949
54.25,10.75,descending,245.28375
54.25,11.0,descending,238.478
54.25,11.25,descending,231.33249
54.25,11.5,descending,228.08499
54.25,11.75,descending,228.905
54.25,12.0,descending,236.22667
54.25,12.25,descending,238.96832
54.25,12.5,descending,247.79375
54.25,12.75,descending,252.42665
54.25,13.0,descending,251.7525
54.25,13.25,descending,248.86198
54.25,13.5,descending,243.97285
54.25,13.75,descending,237.05833
54.25,14.0,descending,229.075
54.25,14.25,descending,222.99399
54.25,14.5,descending,219.57713
54.25,14.75,descending,220.246
54.25,15.0,descending,226.26332
54.25,15.25,descending,231.04199
54.25,15.5,descending,237.18834
54.25,15.75,descending,243.25832
54.25,16.0,descending,247.378
54.25,16.25,descending,252.93999
54.25,16.5,descending,256.56598
54.25,16.75,descending,258.252
54.25,17.0,descending,259.3025
54.25,17.25,descending,259.836
54.25,17.5,descending,260.19
54.25,17.75,descending,260.61667
54.25,18.0,descending,260.08398
54.25,18.25,descending,258.76498
54.25,18.5,descending,256.664
54.25,18.75,descending,253.86249
54.25,19.0,descending,251.17
54.25,19.25,descending,249.38249
54.25,19.5,descending,248.54999
54.25,19.75,descending,247.21832
54.25,20.0,descending,248.635
54.25,20.25,descending,249.14249
54.25,20.5,descending,251.46599
54.25,20.75,descending,253.148
54.25,21.0,descending,253.97798
54.25,21.25,descending,253.93999
54.25,21.5,descending,253.696
54.25,21.75,descending,254.25998
54.25,22.0,descending,256.0
54.25,22.25,descending,257.398
54.25,22.5,descending,257.615
54.25,22.75,descending,257.06998
54.25,23.0,descending,256.426
54.25,23.25,descending,255.625
54.25,23.5,descending,256.8657
54.25,23.75,descending,256.87103
54.25,24.0,descending,257.04498
54.25,24.25,descending,257.565
54.25,24.5,descending,257.58234
54.25,24.75,descending,257.30923
54.25,25.0,descending,256.93134
54.25,25.25,descending,255.6907
54.25,25.5,descending,254.33214
54.25,25.75,descending,253.2223
54.25,26.0,descending,252.33499
54.25,26.25,descending,251.73398
54.25,26.5,descending,251.69727
54.25,26.75,descending,250.68666
54.25,27.0,descending,250.44582
54.25,27.25,descending,249.895
54.25,27.5,descending,249.58998
54.25,27.75,descending,249.80817
54.25,28.0,descending,250.40416
54.25,28.25,descending,251.4409
54.25,28.5,descending,252.90636
54.25,28.75,descending,253.0109
54.25,29.0,descending,253.4325
54.25,29.25,descending,253.951
54.25,29.5,descending,254.76332
54.25,29.75,descending,255.68182
54.25,30.0,descending,256.262
54.25,30.25,descending,256.52307
54.25,30.5,descending,256.605
54.25,30.75,descending,256.275
54.25,31.0,descending,255.99846
54.25,31.25,descending,255.38364
54.25,31.5,descending,254.6677
54.25,31.75,descending,253.88385
54.25,32.0,descending,253.27231
54.25,32.25,descending,253.20833
54.25,32.5,descending,253.53067
54.25,32.75,descending,253.785
54.25,33.0,descending,254.02998
54.25,33.25,descending,254.202
54.25,33.5,descending,254.88571
54.25,33.75,descending,255.064
54.25,34.0,descending,254.76941
54.25,34.25,descending,254.2
54.25,34.5,descending,253.61618
54.25,34.75,descending,252.84055
54.25,35.0,descending,251.97957
54.25,35.25,descending,252.275
54.25,35.5,descending,254.83333
54.25,35.75,descending,255.52666
54.25,36.0,descending,255.18333
54.25,36.25,descending,254.2
54.25,36.5,descending,251.90332
54.25,36.75,descending,249.804
54.25,37.0,descending,248.87
54.25,37.25,descending,248.378
54.25,37.5,descending,247.84833
54.25,37.75,descending,247.405
54.25,38.0,descending,247.38998
54.5,-13.0,descending,206.6275
54.5,-12.75,descending,206.11714
54.5,-12.5,descending,205.59
54.5,-12.25,descending,205.31999
54.5,-12.0,descending,205.26
54.5,-11.75,descending,205.37285
54.5,-11.5,descending,205.7557
54.5,-11.25,descending,206.55624
54.5,-11.0,descending,207.0743
54.5,-10.75,descending,207.26166
54.5,-10.5,descending,207.21999
54.5,-10.25,descending,208.11333
54.5,-10.0,descending,211.44499
54.5,-9.75,descending,216.99428
54.5,-9.5,descending,222.844
54.5,-9.25,descending,224.83714
54.5,-9.0,descending,230.60332
54.5,-8.75,descending,235.71799
54.5,-8.5,descending,244.93999
54.5,-8.25,descending,252.61499
54.5,-8.0,descending,258.29166
54.5,-7.75,descending,260.63202
54.5,-7.5,descending,261.58
54.5,-7.25,descending,262.308
54.5,-7.0,descending,262.215
54.5,-6.75,descending,260.854
54.5,-6.5,descending,260.562
54.5,-6.25,descending,260.34335
54.5,-6.0,descending,257.406
54.5,-5.75,descending,251.644
54.5,-5.5,descending,245.33598
54.5,-5.25,descending,239.46666
54.5,-5.0,descending,236.76999
54.5,-4.75,descending,236.10999
54.5,-4.5,descending,236.40001
54.5,-4.25,descending,234.246
54.5,-4.0,descending,230.915
54.5,-3.75,descending,233.316
54.5,-3.5,descending,239.87
54.5,-3.25,descending,249.92499
54.5,-3.0,descending,254.36333
54.5,-2.75,descending,261.35602
54.5,-2.5,descending,264.972
54.5,-2.25,descending,266.598
54.5,-2.0,descending,266.085
54.5,-1.75,descending,264.18
54.5,-1.5,descending,259.796
54.5,-1.25,descending,255.754
54.5,-1.0,descending,253.60333
54.5,-0.75,descending,249.285
54.5,-0.5,descending,236.23665
54.5,-0.25,descending,225.252
54.5,0.0,descending,217.705
54.5,0.25,descending,213.38832
54.5,0.5,descending,211.9475
54.5,0.75,descending,211.63501
54.5,1.0,descending,211.59
54.5,1.25,descending,211.522
54.5,1.5,descending,211.34833
54.5,1.75,descending,211.10999
54.5,2.0,descending,210.904
54.5,2.25,descending,210.76599
54.5,2.5,descending,210.60167
54.5,2.75,descending,210.46199
54.5,3.0,descending,210.355
54.5,3.25,descending,210.08
54.5,3.5,descending,209.62334
54.5,3.75,descending,209.122
54.5,4.0,descending,208.76285
54.5,4.25,descending,208.51833
54.5,4.5,descending,208.29199
54.5,4.75,descending,208.13501
54.5,5.0,descending,208.00285
54.5,5.25,descending,207.85799
54.5,5.5,descending,207.67
54.5,5.75,descending,207.51166
54.5,6.0,descending,207.41428
54.5,6.25,descending,207.34332
54.5,6.5,descending,207.26714
54.5,6.75,descending,207.2325
54.5,7.0,descending,207.30714
54.5,7.25,descending,207.39624
54.5,7.5,descending,207.43001
54.5,7.75,descending,207.86249
54.5,8.0,descending,210.13284
54.5,8.25,descending,216.78
54.5,8.5,descending,229.6625
54.5,8.75,descending,243.02444
54.5,9.0,descending,253.25778
54.5,9.25,descending,256.5618
54.5,9.5,descending,254.24236
54.5,9.75,descending,249.43777
54.5,10.0,descending,242.58961
54.5,10.25,descending,235.08592
54.5,10.5,descending,229.26866
54.5,10.75,descending,229.09065
54.5,11.0,descending,228.46889
54.5,11.25,descending,226.30779
54.5,11.5,descending,221.29999
54.5,11.75,descending,217.04443
54.5,12.0,descending,215.75665
54.5,12.25,descending,219.8125
54.5,12.5,descending,221.15
54.5,12.75,descending,232.40625
54.5,13.0,descending,234.73665
54.5,13.25,descending,237.125
54.5,13.5,descending,232.55142
54.5,13.75,descending,227.44832
54.5,14.0,descending,219.83286
54.5,14.25,descending,213.30713
54.5,14.5,descending,209.825
54.5,14.75,descending,208.755
54.5,15.0,descending,210.01166
54.5,15.25,descending,211.52
54.5,15.5,descending,215.52666
54.5,15.75,descending,218.23799
54.5,16.0,descending,222.71999
54.5,16.25,descending,230.66167
54.5,16.5,descending,239.84499
54.5,16.75,descending,247.19331
54.5,17.0,descending,251.605
54.5,17.25,descending,255.052
54.5,17.5,descending,255.76833
54.5,17.75,descending,256.892
54.5,18.0,descending,256.49332
54.5,18.25,descending,253.01799
54.5,18.5,descending,247.154
54.5,18.75,descending,240.71167
54.5,19.0,descending,236.818
54.5,19.25,descending,234.22667
54.5,19.5,descending,233.76599
54.5,19.75,descending,235.44
54.5,20.0,descending,240.55666
54.5,20.25,descending,244.142
54.5,20.5,descending,247.56999
54.5,20.75,descending,250.168
54.5,21.0,descending,253.262
54.5,21.25,descending,254.96599
54.5,21.5,descending,255.72998
54.5,21.75,descending,257.21002
54.5,22.0,descending,257.29166
54.5,22.25,descending,257.91998
54.5,22.5,descending,257.58334
54.5,22.75,descending,256.9
54.5,23.0,descending,256.208
54.5,23.25,descending,255.52998
54.5,23.5,descending,257.17438
54.5,23.75,descending,256.7155
54.5,24.0,descending,256.58667
54.5,24.25,descending,256.3606
54.5,24.5,descending,256.54846
54.5,24.75,descending,256.13812
54.5,25.0,descending,255.8257
54.5,25.25,descending,255.09785
54.5,25.5,descending,254.21927
54.5,25.75,descending,252.88284
54.5,26.0,descending,252.27141
54.5,26.25,descending,251.55249
54.5,26.5,descending,251.11356
54.5,26.75,descending,250.81416
54.5,27.0,descending,250.3946
54.5,27.25,descending,250.20454
54.5,27.5,descending,249.88231
54.5,27.75,descending,249.58998
54.5,28.0,descending,249.45917
54.5,28.25,descending,249.90909
54.5,28.5,descending,250.79141
54.5,28.75,descending,251.52637
54.5,29.0,descending,252.10918
54.5,29.25,descending,253.16537
54.5,29.5,descending,254.28833
54.5,29.75,descending,255.36916
54.5,30.0,descending,256.0423
54.5,30.25,descending,256.369
54.5,30.5,descending,256.2975
54.5,30.75,descending,255.9525
54.5,31.0,descending,255.27907
54.5,31.25,descending,254.97272
54.5,31.5,descending,254.28726
54.5,31.75,descending,254.22249
54.5,32.0,descending,254.18666
54.5,32.25,descending,254.06285
54.5,32.5,descending,253.96999
54.5,32.75,descending,254.04231
54.5,33.0,descending,254.39133
54.5,33.25,descending,254.80615
54.5,33.5,descending,255.27333
54.5,33.75,descending,255.72142
54.5,34.0,descending,255.82124
54.5,34.25,descending,255.06561
54.5,34.5,descending,254.02386
54.5,34.75,descending,252.67888
54.5,35.0,descending,251.79808
54.5,35.25,descending,251.8113
54.5,35.5,descending,252.45221
54.5,35.75,descending,253.47833
54.5,36.0,descending,254.00749
54.5,36.25,descending,253.77666
54.5,36.5,descending,252.38599
54.5,36.75,descending,250.78198
54.5,37.0,descending,249.55833
54.5,37.25,descending,248.70999
54.5,37.5,descending,247.79999
54.5,37.75,descending,247.13399
54.5,38.0,descending,246.96999
54.75,-13.0,descending,207.18333
54.75,-12.75,descending,206.4625
54.75,-12.5,descending,205.67
54.75,-12.25,descending,205.18999
54.75,-12.0,descending,204.97714
54.75,-11.75,descending,204.93143
54.75,-11.5,descending,205.09285
54.75,-11.25,descending,205.32666
54.75,-11.0,descending,205.68198
54.75,-10.75,descending,206.30429
54.75,-10.5,descending,206.61168
54.75,-10.25,descending,206.55
54.75,-10.0,descending,206.80666
54.75,-9.75,descending,207.47798
54.75,-9.5,descending,209.10667
54.75,-9.25,descending,210.996
54.75,-9.0,descending,214.846
54.75,-8.75,descending,220.875
54.75,-8.5,descending,231.59499
54.75,-8.25,descending,242.816
54.75,-8.0,descending,252.60999
54.75,-7.75,descending,258.0
54.75,-7.5,descending,260.214
54.75,-7.25,descending,261.416
54.75,-7.0,descending,261.6425
54.75,-6.75,descending,260.024
54.75,-6.5,descending,257.546
54.75,-6.25,descending,255.31999
54.75,-6.0,descending,254.11002
54.75,-5.75,descending,248.23799
54.75,-5.5,descending,242.18599
54.75,-5.25,descending,239.22998
54.75,-5.0,descending,239.846
54.75,-4.75,descending,241.77167
54.75,-4.5,descending,241.16249
54.75,-4.25,descending,241.20749
54.75,-4.0,descending,237.73201
54.75,-3.75,descending,237.51399
54.75,-3.5,descending,246.108
54.75,-3.25,descending,253.92499
54.75,-3.0,descending,261.17
54.75,-2.75,descending,263.98798
54.75,-2.5,descending,265.94748
54.75,-2.25,descending,266.392
54.75,-2.0,descending,265.2175
54.75,-1.75,descending,261.23398
54.75,-1.5,descending,254.88799
54.75,-1.25,descending,246.54999
54.75,-1.0,descending,240.978
54.75,-0.75,descending,235.72333
54.75,-0.5,descending,227.64998
54.75,-0.25,descending,220.49199
54.75,0.0,descending,215.078
54.75,0.25,descending,212.50667
54.75,0.5,descending,211.798
54.75,0.75,descending,211.65498
54.75,1.0,descending,211.63
54.75,1.25,descending,211.54999
54.75,1.5,descending,211.37997
54.75,1.75,descending,211.176
54.75,2.0,descending,210.95
54.75,2.25,descending,210.72499
54.75,2.5,descending,210.49399
54.75,2.75,descending,210.342
54.75,3.0,descending,210.25798
54.75,3.25,descending,210.02333
54.75,3.5,descending,209.592
54.75,3.75,descending,209.15
54.75,4.0,descending,208.76332
54.75,4.25,descending,208.486
54.75,4.5,descending,208.29999
54.75,4.75,descending,208.15666
54.75,5.0,descending,208.04199
54.75,5.25,descending,207.93333
54.75,5.5,descending,207.80165
54.75,5.75,descending,207.66199
54.75,6.0,descending,207.6257
54.75,6.25,descending,207.545
54.75,6.5,descending,207.425
54.75,6.75,descending,207.34833
54.75,7.0,descending,207.28714
54.75,7.25,descending,207.35715
54.75,7.5,descending,207.49284
54.75,7.75,descending,208.42374
54.75,8.0,descending,211.19856
54.75,8.25,descending,219.25
54.75,8.5,descending,231.135
54.75,8.75,descending,246.18599
54.75,9.0,descending,254.65375
54.75,9.25,descending,254.749
54.75,9.5,descending,248.76932
54.75,9.75,descending,241.74481
54.75,10.0,descending,232.3512
54.75,10.25,descending,225.3704
54.75,10.5,descending,222.215
54.75,10.75,descending,222.7207
54.75,11.0,descending,223.49384
54.75,11.25,descending,224.25444
54.75,11.5,descending,225.72556
54.75,11.75,descending,226.80142
54.75,12.0,descending,221.3375
54.75,12.25,descending,216.095
54.75,12.5,descending,212.20714
54.75,12.75,descending,211.89285
54.75,13.0,descending,216.45833
54.75,13.25,descending,215.72285
54.75,13.5,descending,219.14
54.75,13.75,descending,218.44
54.75,14.0,descending,213.23999
54.75,14.25,descending,209.78398
54.75,14.5,descending,207.94499
54.75,14.75,descending,206.97833
54.75,15.0,descending,206.43
54.75,15.25,descending,206.55998
54.75,15.5,descending,207.056
54.75,15.75,descending,207.895
54.75,16.0,descending,209.02
54.75,16.25,descending,211.38
54.75,16.5,descending,216.83598
54.75,16.75,descending,224.594
54.75,17.0,descending,230.185
54.75,17.25,descending,236.36333
54.75,17.5,descending,241.13167
54.75,17.75,descending,244.45667
54.75,18.0,descending,248.0725
54.75,18.25,descending,243.4175
54.75,18.5,descending,237.48799
54.75,18.75,descending,228.31999
54.75,19.0,descending,220.47333
54.75,19.25,descending,218.9075
54.75,19.5,descending,219.376
54.75,19.75,descending,223.43333
54.75,20.0,descending,230.10599
54.75,20.25,descending,236.9
54.75,20.5,descending,242.00601
54.75,20.75,descending,244.15999
54.75,21.0,descending,249.46832
54.75,21.25,descending,254.574
54.75,21.5,descending,257.51166
54.75,21.75,descending,259.6
54.75,22.0,descending,260.24332
54.75,22.25,descending,259.57
54.75,22.5,descending,258.62
54.75,22.75,descending,257.59198
54.75,23.0,descending,256.8025
54.75,23.25,descending,256.335
54.75,23.5,descending,257.12692
54.75,23.75,descending,256.99472
54.75,24.0,descending,256.44705
54.75,24.25,descending,255.94687
54.75,24.5,descending,255.69374
54.75,24.75,descending,255.24692
54.75,25.0,descending,254.78
54.75,25.25,descending,254.38461
54.75,25.5,descending,253.82065
54.75,25.75,descending,253.21251
54.75,26.0,descending,252.6307
54.75,26.25,descending,252.01
54.75,26.5,descending,251.23698
54.75,26.75,descending,250.5657
54.75,27.0,descending,250.15636
54.75,27.25,descending,249.90363
54.75,27.5,descending,249.83768
54.75,27.75,descending,249.79599
54.75,28.0,descending,249.46614
54.75,28.25,descending,249.05998
54.75,28.5,descending,249.04417
54.75,28.75,descending,249.2525
54.75,29.0,descending,249.823
54.75,29.25,descending,251.279
54.75,29.5,descending,252.83832
54.75,29.75,descending,253.94775
54.75,30.0,descending,254.53307
54.75,30.25,descending,254.86636
54.75,30.5,descending,254.90833
54.75,30.75,descending,254.52306
54.75,31.0,descending,254.10538
54.75,31.25,descending,254.111
54.75,31.5,descending,253.90999
54.75,31.75,descending,253.91537
54.75,32.0,descending,253.67749
54.75,32.25,descending,253.28539
54.75,32.5,descending,253.14923
54.75,32.75,descending,253.40909
54.75,33.0,descending,253.75076
54.75,33.25,descending,254.55
54.75,33.5,descending,255.82999
54.75,33.75,descending,256.7557
54.75,34.0,descending,257.17285
54.75,34.25,descending,256.832
54.75,34.5,descending,256.03625
54.75,34.75,descending,255.04332
54.75,35.0,descending,254.3979
54.75,35.25,descending,254.2535
54.75,35.5,descending,254.2818
54.75,35.75,descending,252.51714
54.75,36.0,descending,252.62999
54.75,36.25,descending,252.86398
54.75,36.5,descending,252.476
54.75,36.75,descending,251.4425
54.75,37.0,descending,250.585
54.75,37.25,descending,249.64499
54.75,37.5,descending,248.354
54.75,37.75,descending,247.288
54.75,38.0,descending,246.97333
55.0,-13.0,descending,208.3075
55.0,-12.75,descending,207.69624
55.0,-12.5,descending,206.56999
55.0,-12.25,descending,205.62999
55.0,-12.0,descending,205.28249
55.0,-11.75,descending,205.01428
55.0,-11.5,descending,204.99428
55.0,-11.25,descending,205.08167
55.0,-11.0,descending,205.25749
55.0,-10.75,descending,205.52998
55.0,-10.5,descending,205.98856
55.0,-10.25,descending,206.44331
55.0,-10.0,descending,206.56999
55.0,-9.75,descending,206.48833
55.0,-9.5,descending,206.24165
55.0,-9.25,descending,206.565
55.0,-9.0,descending,208.50713
55.0,-8.75,descending,214.02249
55.0,-8.5,descending,224.68143
55.0,-8.25,descending,238.13599
55.0,-8.0,descending,248.65666
55.0,-7.75,descending,254.745
55.0,-7.5,descending,256.052
55.0,-7.25,descending,256.72
55.0,-7.0,descending,257.10498
55.0,-6.75,descending,257.76398
55.0,-6.5,descending,255.094
55.0,-6.25,descending,251.43999
55.0,-6.0,descending,246.57666
55.0,-5.75,descending,238.55
55.0,-5.5,descending,235.51599
55.0,-5.25,descending,235.096
55.0,-5.0,descending,242.496
55.0,-4.75,descending,250.29
55.0,-4.5,descending,252.23665
55.0,-4.25,descending,252.685
55.0,-4.0,descending,251.13199
55.0,-3.75,descending,249.68
55.0,-3.5,descending,250.118
55.0,-3.25,descending,257.706
55.0,-3.0,descending,262.64
55.0,-2.75,descending,265.84833
55.0,-2.5,descending,266.5225
55.0,-2.25,descending,266.25998
55.0,-2.0,descending,264.08798
55.0,-1.75,descending,258.796
55.0,-1.5,descending,248.83398
55.0,-1.25,descending,238.69
55.0,-1.0,descending,229.66
55.0,-0.75,descending,224.78833
55.0,-0.5,descending,221.642
55.0,-0.25,descending,217.972
55.0,0.0,descending,215.36142
55.0,0.25,descending,212.724
55.0,0.5,descending,212.075
55.0,0.75,descending,211.852
55.0,1.0,descending,211.705
55.0,1.25,descending,211.602
55.0,1.5,descending,211.485
55.0,1.75,descending,211.3075
55.0,2.0,descending,211.06
55.0,2.25,descending,210.78667
55.0,2.5,descending,210.505
55.0,2.75,descending,210.26498
55.0,3.0,descending,210.15332
55.0,3.25,descending,209.98001
55.0,3.5,descending,209.684
55.0,3.75,descending,209.26666
55.0,4.0,descending,208.874
55.0,4.25,descending,208.51428
55.0,4.5,descending,208.28
55.0,4.75,descending,208.11833
55.0,5.0,descending,208.02856
55.0,5.25,descending,207.98334
55.0,5.5,descending,207.91833
55.0,5.75,descending,207.84499
55.0,6.0,descending,207.84001
55.0,6.25,descending,207.79375
55.0,6.5,descending,207.67833
55.0,6.75,descending,207.59499
55.0,7.0,descending,207.64249
55.0,7.25,descending,207.73714
55.0,7.5,descending,207.95714
55.0,7.75,descending,209.18141
55.0,8.0,descending,213.19
55.0,8.25,descending,222.57286
55.0,8.5,descending,236.79124
55.0,8.75,descending,249.745
55.0,9.0,descending,255.01555
55.0,9.25,descending,251.3511
55.0,9.5,descending,241.60545
55.0,9.75,descending,236.8574
55.0,10.0,descending,232.28435
55.0,10.25,descending,229.39874
55.0,10.5,descending,228.66321
55.0,10.75,descending,227.22913
55.0,11.0,descending,226.32448
55.0,11.25,descending,225.86082
55.0,11.5,descending,228.7922
55.0,11.75,descending,231.845
55.0,12.0,descending,231.01857
55.0,12.25,descending,227.06285
55.0,12.5,descending,219.47
55.0,12.75,descending,212.24165
55.0,13.0,descending,209.0211
55.0,13.25,descending,207.878
55.0,13.5,descending,208.70999
55.0,13.75,descending,209.08142
55.0,14.0,descending,208.81334
55.0,14.25,descending,208.64166
55.0,14.5,descending,209.22856
55.0,14.75,descending,209.90999
55.0,15.0,descending,209.70857
55.0,15.25,descending,208.59833
55.0,15.5,descending,206.91856
55.0,15.75,descending,206.21799
55.0,16.0,descending,206.298
55.0,16.25,descending,206.70833
55.0,16.5,descending,207.94666
55.0,16.75,descending,210.56334
55.0,17.0,descending,213.22
55.0,17.25,descending,216.67801
55.0,17.5,descending,218.4975
55.0,17.75,descending,223.628
55.0,18.0,descending,228.09499
55.0,18.25,descending,227.32666
55.0,18.5,descending,223.25801
55.0,18.75,descending,216.788
55.0,19.0,descending,213.08249
55.0,19.25,descending,211.84166
55.0,19.5,descending,212.38998
55.0,19.75,descending,215.38249
55.0,20.0,descending,220.46399
55.0,20.25,descending,227.894
55.0,20.5,descending,232.88799
55.0,20.75,descending,235.95166
55.0,21.0,descending,240.14249
55.0,21.25,descending,249.37334
55.0,21.5,descending,256.88
55.0,21.75,descending,259.722
55.0,22.0,descending,261.308
55.0,22.25,descending,261.27798
55.0,22.5,descending,260.278
55.0,22.75,descending,258.94998
55.0,23.0,descending,257.81598
55.0,23.25,descending,257.03
55.0,23.5,descending,256.58545
55.0,23.75,descending,256.11905
55.0,24.0,descending,255.77763
55.0,24.25,descending,255.41937
55.0,24.5,descending,255.13943
55.0,24.75,descending,254.8057
55.0,25.0,descending,254.32733
55.0,25.25,descending,253.90332
55.0,25.5,descending,253.594
55.0,25.75,descending,253.32307
55.0,26.0,descending,253.02748
55.0,26.25,descending,252.555
55.0,26.5,descending,251.72533
55.0,26.75,descending,250.91635
55.0,27.0,descending,250.33214
55.0,27.25,descending,250.07666
55.0,27.5,descending,250.10545
55.0,27.75,descending,250.03769
55.0,28.0,descending,249.74818
55.0,28.25,descending,249.3109
55.0,28.5,descending,248.8923
55.0,28.75,descending,248.51454
55.0,29.0,descending,248.62076
55.0,29.25,descending,249.44362
55.0,29.5,descending,250.75928
55.0,29.75,descending,252.14333
55.0,30.0,descending,252.71199
55.0,30.25,descending,253.13693
55.0,30.5,descending,252.901
55.0,30.75,descending,252.38916
55.0,31.0,descending,252.14833
55.0,31.25,descending,252.25537
55.0,31.5,descending,252.69582
55.0,31.75,descending,252.9477
55.0,32.0,descending,253.00726
55.0,32.25,descending,252.40416
55.0,32.5,descending,251.95667
55.0,32.75,descending,252.18001
55.0,33.0,descending,252.70847
55.0,33.25,descending,254.38081
55.0,33.5,descending,255.58229
55.0,33.75,descending,256.87143
55.0,34.0,descending,257.27
55.0,34.25,descending,257.65384
55.0,34.5,descending,257.39874
55.0,34.75,descending,257.4007
55.0,35.0,descending,256.9545
55.0,35.25,descending,256.59
55.0,35.5,descending,255.8109
55.0,35.75,descending,255.56609
55.0,36.0,descending,253.06334
55.0,36.25,descending,252.29599
55.0,36.5,descending,252.26399
55.0,36.75,descending,252.00832
55.0,37.0,descending,251.3375
55.0,37.25,descending,250.45601
55.0,37.5,descending,249.328
55.0,37.75,descending,247.9925
55.0,38.0,descending,247.35333
55.25,-13.0,descending,209.2325
55.25,-12.75,descending,208.65001
55.25,-12.5,descending,207.83499
55.25,-12.25,descending,206.66374
55.25,-12.0,descending,205.866
55.25,-11.75,descending,205.56999
55.25,-11.5,descending,205.24165
55.25,-11.25,descending,205.23714
55.25,-11.0,descending,205.44666
55.25,-10.75,descending,205.78667
55.25,-10.5,descending,206.08833
55.25,-10.25,descending,206.512
55.25,-10.0,descending,207.02284
55.25,-9.75,descending,207.40999
55.25,-9.5,descending,207.10167
55.25,-9.25,descending,206.626
55.25,-9.0,descending,206.88998
55.25,-8.75,descending,209.29167
55.25,-8.5,descending,214.88599
55.25,-8.25,descending,225.44199
55.25,-8.0,descending,236.702
55.25,-7.75,descending,244.265
55.25,-7.5,descending,244.19
55.25,-7.25,descending,243.24199
55.25,-7.0,descending,242.35999
55.25,-6.75,descending,241.50334
55.25,-6.5,descending,243.17998
55.25,-6.25,descending,242.055
55.25,-6.0,descending,237.56198
55.25,-5.75,descending,231.23999
55.25,-5.5,descending,226.06834
55.25,-5.25,descending,228.39249
55.25,-5.0,descending,236.73198
55.25,-4.75,descending,248.51399
55.25,-4.5,descending,259.53598
55.25,-4.25,descending,262.434
55.25,-4.0,descending,261.975
55.25,-3.75,descending,262.4575
55.25,-3.5,descending,260.9
55.25,-3.25,descending,262.12665
55.25,-3.0,descending,265.07666
55.25,-2.75,descending,266.62
55.25,-2.5,descending,267.022
55.25,-2.25,descending,266.266
55.25,-2.0,descending,262.47748
55.25,-1.75,descending,255.58667
55.25,-1.5,descending,244.13335
55.25,-1.25,descending,233.62166
55.25,-1.0,descending,226.33398
55.25,-0.75,descending,221.95248
55.25,-0.5,descending,219.698
55.25,-0.25,descending,217.31001
55.25,0.0,descending,216.63284
55.25,0.25,descending,213.34332
55.25,0.5,descending,212.88
55.25,0.75,descending,212.366
55.25,1.0,descending,211.93599
55.25,1.25,descending,211.73398
55.25,1.5,descending,211.52167
55.25,1.75,descending,211.33598
55.25,2.0,descending,211.148
55.25,2.25,descending,210.87834
55.25,2.5,descending,210.552
55.25,2.75,descending,210.25334
55.25,3.0,descending,210.05
55.25,3.25,descending,209.922
55.25,3.5,descending,209.69832
55.25,3.75,descending,209.41
55.25,4.0,descending,209.06334
55.25,4.25,descending,208.70749
55.25,4.5,descending,208.35857
55.25,4.75,descending,208.1575
55.25,5.0,descending,208.13832
55.25,5.25,descending,208.17998
55.25,5.5,descending,208.11665
55.25,5.75,descending,208.09856
55.25,6.0,descending,208.09799
55.25,6.25,descending,208.04
55.25,6.5,descending,207.91856
55.25,6.75,descending,207.92
55.25,7.0,descending,208.06714
55.25,7.25,descending,208.15141
55.25,7.5,descending,208.3925
55.25,7.75,descending,209.502
55.25,8.0,descending,213.8075
55.25,8.25,descending,224.16428
55.25,8.5,descending,239.24374
55.25,8.75,descending,252.09749
55.25,9.0,descending,254.82555
55.25,9.25,descending,249.47499
55.25,9.5,descending,240.66667
55.25,9.75,descending,239.5238
55.25,10.0,descending,239.23537
55.25,10.25,descending,239.10228
55.25,10.5,descending,236.78227
55.25,10.75,descending,231.11333
55.25,11.0,descending,229.91347
55.25,11.25,descending,232.88086
55.25,11.5,descending,234.14299
55.25,11.75,descending,235.25499
55.25,12.0,descending,235.15887
55.25,12.25,descending,231.03499
55.25,12.5,descending,226.82857
55.25,12.75,descending,219.0025
55.25,13.0,descending,215.62
55.25,13.25,descending,212.11856
55.25,13.5,descending,211.87
55.25,13.75,descending,210.04167
55.25,14.0,descending,209.76
55.25,14.25,descending,209.18834
55.25,14.5,descending,209.75
55.25,14.75,descending,212.23167
55.25,15.0,descending,213.59
55.25,15.25,descending,212.374
55.25,15.5,descending,209.4
55.25,15.75,descending,207.09833
55.25,16.0,descending,206.29167
55.25,16.25,descending,206.18001
55.25,16.5,descending,206.26999
55.25,16.75,descending,206.51833
55.25,17.0,descending,207.09833
55.25,17.25,descending,208.26999
55.25,17.5,descending,209.30833
55.25,17.75,descending,210.62798
55.25,18.0,descending,210.76599
55.25,18.25,descending,212.42168
55.25,18.5,descending,212.51599
55.25,18.75,descending,210.9625
55.25,19.0,descending,209.53198
55.25,19.25,descending,209.50801
55.25,19.5,descending,210.66599
55.25,19.75,descending,212.58
55.25,20.0,descending,214.98198
55.25,20.25,descending,218.16599
55.25,20.5,descending,221.325
55.25,20.75,descending,226.01749
55.25,21.0,descending,230.28749
55.25,21.25,descending,241.21
55.25,21.5,descending,252.25166
55.25,21.75,descending,258.31332
55.25,22.0,descending,259.932
55.25,22.25,descending,261.0875
55.25,22.5,descending,260.85666
55.25,22.75,descending,260.1225
55.25,23.0,descending,259.372
55.25,23.25,descending,258.156
55.25,23.5,descending,256.73874
55.25,23.75,descending,256.02368
55.25,24.0,descending,255.68526
55.25,24.25,descending,255.4257
55.25,24.5,descending,255.45932
55.25,24.75,descending,255.16466
55.25,25.0,descending,254.76855
55.25,25.25,descending,254.24571
55.25,25.5,descending,253.60545
55.25,25.75,descending,253.25616
55.25,26.0,descending,252.95714
55.25,26.25,descending,252.63249
55.25,26.5,descending,252.35384
55.25,26.75,descending,252.08818
55.25,27.0,descending,251.89307
55.25,27.25,descending,251.52
55.25,27.5,descending,251.40384
55.25,27.75,descending,251.0
55.25,28.0,descending,250.431
55.25,28.25,descending,250.04333
55.25,28.5,descending,249.87363
55.25,28.75,descending,249.21544
55.25,29.0,descending,248.77
55.25,29.25,descending,248.56273
55.25,29.5,descending,248.925
55.25,29.75,descending,250.11182
55.25,30.0,descending,250.922
55.25,30.25,descending,251.32
55.25,30.5,descending,251.47691
55.25,30.75,descending,250.78554
55.25,31.0,descending,250.84181
55.25,31.25,descending,251.07
55.25,31.5,descending,251.77444
55.25,31.75,descending,252.69
55.25,32.0,descending,252.29538
55.25,32.25,descending,252.00166
55.25,32.5,descending,251.24461
55.25,32.75,descending,251.65916
55.25,33.0,descending,252.73915
55.25,33.25,descending,253.31691
55.25,33.5,descending,255.37285
55.25,33.75,descending,256.48666
55.25,34.0,descending,256.71573
55.25,34.25,descending,257.21835
55.25,34.5,descending,257.58066
55.25,34.75,descending,257.78125
55.25,35.0,descending,258.0631
55.25,35.25,descending,257.8147
55.25,35.5,descending,257.547
55.25,35.75,descending,256.83444
55.25,36.0,descending,256.93597
55.25,36.25,descending,253.48999
55.25,36.5,descending,252.39998
55.25,36.75,descending,252.17833
55.25,37.0,descending,251.71399
55.25,37.25,descending,250.67749
55.25,37.5,descending,249.31001
55.25,37.75,descending,248.15666
55.25,38.0,descending,247.12
55.5,-13.0,descending,209.55249
55.5,-12.75,descending,209.23555
55.5,-12.5,descending,208.58571
55.5,-12.25,descending,207.70999
55.5,-12.0,descending,206.81624
55.5,-11.75,descending,206.33286
55.5,-11.5,descending,205.8125
55.5,-11.25,descending,205.61499
55.5,-11.0,descending,205.54167
55.5,-10.75,descending,205.79
55.5,-10.5,descending,206.26666
55.5,-10.25,descending,206.61665
55.5,-10.0,descending,206.918
55.5,-9.75,descending,207.36499
55.5,-9.5,descending,207.77498
55.5,-9.25,descending,207.65799
55.5,-9.0,descending,207.23999
55.5,-8.75,descending,207.23398
55.5,-8.5,descending,208.56831
55.5,-8.25,descending,212.25
55.5,-8.0,descending,218.02167
55.5,-7.75,descending,223.66167
55.5,-7.5,descending,226.98
55.5,-7.25,descending,225.90201
55.5,-7.0,descending,224.8225
55.5,-6.75,descending,222.4625
55.5,-6.5,descending,225.64333
55.5,-6.25,descending,226.58333
55.5,-6.0,descending,227.38599
55.5,-5.75,descending,227.116
55.5,-5.5,descending,226.7475
55.5,-5.25,descending,225.04668
55.5,-5.0,descending,230.778
55.5,-4.75,descending,242.6075
55.5,-4.5,descending,254.93799
55.5,-4.25,descending,263.47168
55.5,-4.0,descending,266.28
55.5,-3.75,descending,266.61002
55.5,-3.5,descending,267.21198
55.5,-3.25,descending,266.74
55.5,-3.0,descending,267.392
55.5,-2.75,descending,267.17502
55.5,-2.5,descending,266.315
55.5,-2.25,descending,264.05667
55.5,-2.0,descending,260.34998
55.5,-1.75,descending,250.60999
55.5,-1.5,descending,240.95999
55.5,-1.25,descending,231.022
55.5,-1.0,descending,226.906
55.5,-0.75,descending,223.918
55.5,-0.5,descending,221.448
55.5,-0.25,descending,218.98198
55.5,0.0,descending,217.13713
55.5,0.25,descending,214.97
55.5,0.5,descending,214.60333
55.5,0.75,descending,213.68999
55.5,1.0,descending,212.93166
55.5,1.25,descending,212.21199
55.5,1.5,descending,211.69165
55.5,1.75,descending,211.37
55.5,2.0,descending,211.15799
55.5,2.25,descending,210.95801
55.5,2.5,descending,210.68834
55.5,2.75,descending,210.392
55.5,3.0,descending,210.108
55.5,3.25,descending,209.91399
55.5,3.5,descending,209.73332
55.5,3.75,descending,209.56999
55.5,4.0,descending,209.324
55.5,4.25,descending,208.97499
55.5,4.5,descending,208.59833
55.5,4.75,descending,208.39333
55.5,5.0,descending,208.40201
55.5,5.25,descending,208.45667
55.5,5.5,descending,208.40833
55.5,5.75,descending,208.38666
55.5,6.0,descending,208.37428
55.5,6.25,descending,208.27998
55.5,6.5,descending,208.24428
55.5,6.75,descending,208.288
55.5,7.0,descending,208.51855
55.5,7.25,descending,208.62143
55.5,7.5,descending,209.10286
55.5,7.75,descending,211.205
55.5,8.0,descending,218.66573
55.5,8.25,descending,231.61
55.5,8.5,descending,246.7275
55.5,8.75,descending,255.26285
55.5,9.0,descending,256.38376
55.5,9.25,descending,250.9322
55.5,9.5,descending,244.97
55.5,9.75,descending,243.91736
55.5,10.0,descending,242.63521
55.5,10.25,descending,239.61739
55.5,10.5,descending,234.45
55.5,10.75,descending,231.74916
55.5,11.0,descending,234.0626
55.5,11.25,descending,240.59999
55.5,11.5,descending,244.7946
55.5,11.75,descending,244.73999
55.5,12.0,descending,244.79375
55.5,12.25,descending,239.58499
55.5,12.5,descending,232.89713
55.5,12.75,descending,229.26143
55.5,13.0,descending,226.21333
55.5,13.25,descending,229.31125
55.5,13.5,descending,228.14429
55.5,13.75,descending,225.97166
55.5,14.0,descending,223.96428
55.5,14.25,descending,217.79399
55.5,14.5,descending,212.5
55.5,14.75,descending,210.17833
55.5,15.0,descending,210.64429
55.5,15.25,descending,210.422
55.5,15.5,descending,209.11856
55.5,15.75,descending,207.65
55.5,16.0,descending,206.68166
55.5,16.25,descending,206.374
55.5,16.5,descending,206.28499
55.5,16.75,descending,206.31999
55.5,17.0,descending,206.404
55.5,17.25,descending,206.51999
55.5,17.5,descending,206.66199
55.5,17.75,descending,206.87749
55.5,18.0,descending,207.04399
55.5,18.25,descending,207.20999
55.5,18.5,descending,207.41199
55.5,18.75,descending,207.65332
55.5,19.0,descending,207.93799
55.5,19.25,descending,208.898
55.5,19.5,descending,211.056
55.5,19.75,descending,212.816
55.5,20.0,descending,213.4475
55.5,20.25,descending,214.246
55.5,20.5,descending,214.995
55.5,20.75,descending,219.31334
55.5,21.0,descending,227.804
55.5,21.25,descending,236.54749
55.5,21.5,descending,247.86833
55.5,21.75,descending,255.44199
55.5,22.0,descending,257.992
55.5,22.25,descending,259.006
55.5,22.5,descending,259.684
55.5,22.75,descending,260.15164
55.5,23.0,descending,260.16998
55.5,23.25,descending,259.546
55.5,23.5,descending,258.42667
55.5,23.75,descending,255.94472
55.5,24.0,descending,255.87105
55.5,24.25,descending,255.73001
55.5,24.5,descending,255.70999
55.5,24.75,descending,255.60437
55.5,25.0,descending,255.30856
55.5,25.25,descending,254.88571
55.5,25.5,descending,254.24142
55.5,25.75,descending,253.65582
55.5,26.0,descending,252.99083
55.5,26.25,descending,252.50642
55.5,26.5,descending,252.3018
55.5,26.75,descending,252.18
55.5,27.0,descending,252.33417
55.5,27.25,descending,252.27333
55.5,27.5,descending,252.24583
55.5,27.75,descending,251.94272
55.5,28.0,descending,251.63713
55.5,28.25,descending,251.4475
55.5,28.5,descending,251.08667
55.5,28.75,descending,250.42
55.5,29.0,descending,249.45181
55.5,29.25,descending,248.842
55.5,29.5,descending,248.18083
55.5,29.75,descending,248.08333
55.5,30.0,descending,248.58075
55.5,30.25,descending,249.163
55.5,30.5,descending,249.76614
55.5,30.75,descending,249.88916
55.5,31.0,descending,249.90999
55.5,31.25,descending,250.71582
55.5,31.5,descending,251.73428
55.5,31.75,descending,252.094
55.5,32.0,descending,253.19308
55.5,32.25,descending,252.25154
55.5,32.5,descending,251.87544
55.5,32.75,descending,252.63301
55.5,33.0,descending,253.29001
55.5,33.25,descending,253.62831
55.5,33.5,descending,254.89845
55.5,33.75,descending,255.68768
55.5,34.0,descending,256.37857
55.5,34.25,descending,256.8657
55.5,34.5,descending,257.4293
55.5,34.75,descending,258.1377
55.5,35.0,descending,258.315
55.5,35.25,descending,258.565
55.5,35.5,descending,257.94684
55.5,35.75,descending,257.94427
55.5,36.0,descending,258.00546
55.5,36.25,descending,257.88763
55.5,36.5,descending,255.15572
55.5,36.75,descending,252.82199
55.5,37.0,descending,251.86398
55.5,37.25,descending,250.52832
55.5,37.5,descending,249.06999
55.5,37.75,descending,248.198
55.5,38.0,descending,247.6825
55.75,-13.0,descending,210.278
55.75,-12.75,descending,209.39874
55.75,-12.5,descending,208.98375
55.75,-12.25,descending,208.29001
55.75,-12.0,descending,207.63142
55.75,-11.75,descending,206.92
55.75,-11.5,descending,206.40572
55.75,-11.25,descending,206.03598
55.75,-11.0,descending,205.82713
55.75,-10.75,descending,205.78166
55.75,-10.5,descending,205.94142
55.75,-10.25,descending,206.29
55.75,-10.0,descending,206.61333
55.75,-9.75,descending,206.75801
55.75,-9.5,descending,207.19165
55.75,-9.25,descending,207.56831
55.75,-9.0,descending,207.61499
55.75,-8.75,descending,207.38199
55.75,-8.5,descending,207.08833
55.75,-8.25,descending,207.325
55.75,-8.0,descending,208.594
55.75,-7.75,descending,210.03499
55.75,-7.5,descending,211.47499
55.75,-7.25,descending,212.10999
55.75,-7.0,descending,212.93999
55.75,-6.75,descending,213.80833
55.75,-6.5,descending,217.154
55.75,-6.25,descending,220.828
55.75,-6.0,descending,223.24399
55.75,-5.75,descending,227.23499
55.75,-5.5,descending,231.30998
55.75,-5.25,descending,233.71399
55.75,-5.0,descending,233.32999
55.75,-4.75,descending,240.946
55.75,-4.5,descending,252.02998
55.75,-4.25,descending,259.4225
55.75,-4.0,descending,264.28333
55.75,-3.75,descending,265.97665
55.75,-3.5,descending,265.744
55.75,-3.25,descending,265.72598
55.75,-3.0,descending,266.03
55.75,-2.75,descending,264.18
55.75,-2.5,descending,261.84198
55.75,-2.25,descending,257.8425
55.75,-2.0,descending,251.554
55.75,-1.75,descending,243.76999
55.75,-1.5,descending,234.582
55.75,-1.25,descending,228.694
55.75,-1.0,descending,226.2125
55.75,-0.75,descending,225.41399
55.75,-0.5,descending,223.28398
55.75,-0.25,descending,220.73
55.75,0.0,descending,218.935
55.75,0.25,descending,217.78667
55.75,0.5,descending,216.576
55.75,0.75,descending,215.7875
55.75,1.0,descending,214.496
55.75,1.25,descending,213.35799
55.75,1.5,descending,212.28
55.75,1.75,descending,211.554
55.75,2.0,descending,211.23
55.75,2.25,descending,211.048
55.75,2.5,descending,210.88998
55.75,2.75,descending,210.62
55.75,3.0,descending,210.30666
55.75,3.25,descending,210.01799
55.75,3.5,descending,209.82332
55.75,3.75,descending,209.6975
55.75,4.0,descending,209.51833
55.75,4.25,descending,209.196
55.75,4.5,descending,208.87666
55.75,4.75,descending,208.656
55.75,5.0,descending,208.67833
55.75,5.25,descending,208.70999
55.75,5.5,descending,208.68857
55.75,5.75,descending,208.64
55.75,6.0,descending,208.65666
55.75,6.25,descending,208.60999
55.75,6.5,descending,208.63666
55.75,6.75,descending,208.86427
55.75,7.0,descending,209.022
55.75,7.25,descending,209.30875
55.75,7.5,descending,210.42
55.75,7.75,descending,214.57199
55.75,8.0,descending,224.01285
55.75,8.25,descending,240.92874
55.75,8.5,descending,254.12143
55.75,8.75,descending,258.39124
55.75,9.0,descending,257.68427
55.75,9.25,descending,253.8725
55.75,9.5,descending,248.94374
55.75,9.75,descending,243.88249
55.75,10.0,descending,238.73999
55.75,10.25,descending,231.42749
55.75,10.5,descending,226.21094
55.75,10.75,descending,225.20667
55.75,11.0,descending,230.28773
55.75,11.25,descending,234.81712
55.75,11.5,descending,239.80385
55.75,11.75,descending,240.75864
55.75,12.0,descending,245.30556
55.75,12.25,descending,245.97285
55.75,12.5,descending,241.75874
55.75,12.75,descending,237.99333
55.75,13.0,descending,236.77374
55.75,13.25,descending,240.55998
55.75,13.5,descending,243.40572
55.75,13.75,descending,244.3243
55.75,14.0,descending,239.194
55.75,14.25,descending,231.27333
55.75,14.5,descending,222.19666
55.75,14.75,descending,213.6
55.75,15.0,descending,209.88832
55.75,15.25,descending,208.34999
55.75,15.5,descending,207.72833
55.75,15.75,descending,207.276
55.75,16.0,descending,206.92
55.75,16.25,descending,206.65999
55.75,16.5,descending,206.592
55.75,16.75,descending,206.625
55.75,17.0,descending,206.682
55.75,17.25,descending,206.76332
55.75,17.5,descending,206.868
55.75,17.75,descending,206.84499
55.75,18.0,descending,206.778
55.75,18.25,descending,206.84799
55.75,18.5,descending,206.92665
55.75,18.75,descending,207.096
55.75,19.0,descending,207.47
55.75,19.25,descending,208.67
55.75,19.5,descending,210.486
55.75,19.75,descending,212.866
55.75,20.0,descending,214.722
55.75,20.25,descending,214.61249
55.75,20.5,descending,215.21333
55.75,20.75,descending,218.36398
55.75,21.0,descending,225.976
55.75,21.25,descending,237.555
55.75,21.5,descending,245.845
55.75,21.75,descending,253.73398
55.75,22.0,descending,256.65802
55.75,22.25,descending,257.4725
55.75,22.5,descending,258.09
55.75,22.75,descending,259.255
55.75,23.0,descending,259.86398
55.75,23.25,descending,259.9575
55.75,23.5,descending,259.1
55.75,23.75,descending,256.215
55.75,24.0,descending,256.0721
55.75,24.25,descending,256.07812
55.75,24.5,descending,256.08875
55.75,24.75,descending,255.96855
55.75,25.0,descending,255.79933
55.75,25.25,descending,255.5407
55.75,25.5,descending,255.00427
55.75,25.75,descending,254.44922
55.75,26.0,descending,253.76917
55.75,26.25,descending,253.05998
55.75,26.5,descending,252.54001
55.75,26.75,descending,252.27666
55.75,27.0,descending,251.875
55.75,27.25,descending,251.77637
55.75,27.5,descending,251.87544
55.75,27.75,descending,251.95999
55.75,28.0,descending,252.00635
55.75,28.25,descending,252.05998
55.75,28.5,descending,251.87363
55.75,28.75,descending,251.37363
55.75,29.0,descending,250.51166
55.75,29.25,descending,249.45454
55.75,29.5,descending,248.41273
55.75,29.75,descending,247.34908
55.75,30.0,descending,246.604
55.75,30.25,descending,246.90001
55.75,30.5,descending,247.45499
55.75,30.75,descending,249.18384
55.75,31.0,descending,249.401
55.75,31.25,descending,250.18272
55.75,31.5,descending,251.07452
55.75,31.75,descending,252.20222
55.75,32.0,descending,252.76544
55.75,32.25,descending,253.90454
55.75,32.5,descending,253.28726
55.75,32.75,descending,253.78499
55.75,33.0,descending,254.24834
55.75,33.25,descending,254.7746
55.75,33.5,descending,254.85083
55.75,33.75,descending,255.66922
55.75,34.0,descending,256.21844
55.75,34.25,descending,257.00928
55.75,34.5,descending,257.74152
55.75,34.75,descending,257.6557
55.75,35.0,descending,257.91855
55.75,35.25,descending,258.192
55.75,35.5,descending,258.47934
55.75,35.75,descending,258.4039
55.75,36.0,descending,258.78882
55.75,36.25,descending,258.80087
55.75,36.5,descending,258.83124
55.75,36.75,descending,254.71599
55.75,37.0,descending,253.1525
55.75,37.25,descending,251.18999
55.75,37.5,descending,250.00249
55.75,37.75,descending,249.33499
55.75,38.0,descending,249.60664
56.0,-13.0,descending,209.601
56.0,-12.75,descending,209.604
56.0,-12.5,descending,209.09778
56.0,-12.25,descending,208.85124
56.0,-12.0,descending,208.32143
56.0,-11.75,descending,207.78429
56.0,-11.5,descending,207.085
56.0,-11.25,descending,206.60625
56.0,-11.0,descending,206.27144
56.0,-10.75,descending,205.99834
56.0,-10.5,descending,205.86665
56.0,-10.25,descending,205.92801
56.0,-10.0,descending,206.14874
56.0,-9.75,descending,206.42998
56.0,-9.5,descending,206.76857
56.0,-9.25,descending,207.526
56.0,-9.0,descending,208.15166
56.0,-8.75,descending,208.42798
56.0,-8.5,descending,208.00601
56.0,-8.25,descending,207.50166
56.0,-8.0,descending,206.89833
56.0,-7.75,descending,206.7625
56.0,-7.5,descending,206.76599
56.0,-7.25,descending,206.655
56.0,-7.0,descending,207.15999
56.0,-6.75,descending,209.04
56.0,-6.5,descending,213.7875
56.0,-6.25,descending,219.20499
56.0,-6.0,descending,225.604
56.0,-5.75,descending,231.17334
56.0,-5.5,descending,237.49399
56.0,-5.25,descending,242.35599
56.0,-5.0,descending,243.7
56.0,-4.75,descending,246.8675
56.0,-4.5,descending,252.58
56.0,-4.25,descending,259.274
56.0,-4.0,descending,262.214
56.0,-3.75,descending,263.252
56.0,-3.5,descending,261.994
56.0,-3.25,descending,260.05798
56.0,-3.0,descending,257.502
56.0,-2.75,descending,255.51799
56.0,-2.5,descending,250.1125
56.0,-2.25,descending,247.55833
56.0,-2.0,descending,239.76
56.0,-1.75,descending,234.385
56.0,-1.5,descending,228.6875
56.0,-1.25,descending,225.564
56.0,-1.0,descending,225.038
56.0,-0.75,descending,225.31999
56.0,-0.5,descending,224.06334
56.0,-0.25,descending,221.86398
56.0,0.0,descending,219.36833
56.0,0.25,descending,220.288
56.0,0.5,descending,219.30165
56.0,0.75,descending,218.054
56.0,1.0,descending,216.45999
56.0,1.25,descending,215.0875
56.0,1.5,descending,213.20332
56.0,1.75,descending,211.88799
56.0,2.0,descending,211.41199
56.0,2.25,descending,211.21599
56.0,2.5,descending,211.04599
56.0,2.75,descending,210.79333
56.0,3.0,descending,210.47
56.0,3.25,descending,210.202
56.0,3.5,descending,209.974
56.0,3.75,descending,209.82666
56.0,4.0,descending,209.658
56.0,4.25,descending,209.408
56.0,4.5,descending,209.08598
56.0,4.75,descending,208.88284
56.0,5.0,descending,208.842
56.0,5.25,descending,208.906
56.0,5.5,descending,208.94499
56.0,5.75,descending,208.92142
56.0,6.0,descending,208.90833
56.0,6.25,descending,208.99834
56.0,6.5,descending,209.14713
56.0,6.75,descending,209.59999
56.0,7.0,descending,209.90332
56.0,7.25,descending,210.05333
56.0,7.5,descending,210.97142
56.0,7.75,descending,216.50667
56.0,8.0,descending,228.98428
56.0,8.25,descending,245.27571
56.0,8.5,descending,255.9
56.0,8.75,descending,259.53165
56.0,9.0,descending,259.26373
56.0,9.25,descending,256.9243
56.0,9.5,descending,252.41333
56.0,9.75,descending,246.17308
56.0,10.0,descending,241.56667
56.0,10.25,descending,233.04333
56.0,10.5,descending,225.71379
56.0,10.75,descending,221.50333
56.0,11.0,descending,220.56429
56.0,11.25,descending,221.57143
56.0,11.5,descending,225.0116
56.0,11.75,descending,228.58696
56.0,12.0,descending,232.05708
56.0,12.25,descending,240.93428
56.0,12.5,descending,241.97874
56.0,12.75,descending,244.04124
56.0,13.0,descending,244.39856
56.0,13.25,descending,246.25429
56.0,13.5,descending,249.57426
56.0,13.75,descending,250.34166
56.0,14.0,descending,248.68999
56.0,14.25,descending,243.07999
56.0,14.5,descending,234.01166
56.0,14.75,descending,224.82715
56.0,15.0,descending,217.68333
56.0,15.25,descending,214.32199
56.0,15.5,descending,212.82666
56.0,15.75,descending,210.73833
56.0,16.0,descending,209.23401
56.0,16.25,descending,208.39333
56.0,16.5,descending,207.47333
56.0,16.75,descending,207.13599
56.0,17.0,descending,207.07199
56.0,17.25,descending,207.20401
56.0,17.5,descending,207.35832
56.0,17.75,descending,207.5
56.0,18.0,descending,207.53499
56.0,18.25,descending,207.68
56.0,18.5,descending,207.64499
56.0,18.75,descending,207.9025
56.0,19.0,descending,208.05801
56.0,19.25,descending,208.60333
56.0,19.5,descending,210.20798
56.0,19.75,descending,212.5625
56.0,20.0,descending,215.09
56.0,20.25,descending,216.88832
56.0,20.5,descending,217.45332
56.0,20.75,descending,220.3
56.0,21.0,descending,228.17
56.0,21.25,descending,236.72
56.0,21.5,descending,246.415
56.0,21.75,descending,253.0875
56.0,22.0,descending,256.756
56.0,22.25,descending,257.60748
56.0,22.5,descending,258.08167
56.0,22.75,descending,258.6725
56.0,23.0,descending,259.43597
56.0,23.25,descending,259.62
56.0,23.5,descending,259.33798
56.0,23.75,descending,256.77933
56.0,24.0,descending,256.55948
56.0,24.25,descending,256.5125
56.0,24.5,descending,256.7525
56.0,24.75,descending,256.77426
56.0,25.0,descending,256.5175
56.0,25.25,descending,256.34082
56.0,25.5,descending,256.07785
56.0,25.75,descending,255.66922
56.0,26.0,descending,255.2207
56.0,26.25,descending,254.48665
56.0,26.5,descending,254.03917
56.0,26.75,descending,253.16817
56.0,27.0,descending,252.41383
56.0,27.25,descending,251.66899
56.0,27.5,descending,251.35075
56.0,27.75,descending,251.36546
56.0,28.0,descending,251.53917
56.0,28.25,descending,251.51181
56.0,28.5,descending,251.52582
56.0,28.75,descending,251.05415
56.0,29.0,descending,250.37915
56.0,29.25,descending,249.51636
56.0,29.5,descending,248.59181
56.0,29.75,descending,247.118
56.0,30.0,descending,246.31999
56.0,30.25,descending,246.26544
56.0,30.5,descending,246.79
56.0,30.75,descending,247.45454
56.0,31.0,descending,249.00916
56.0,31.25,descending,248.68364
56.0,31.5,descending,250.83307
56.0,31.75,descending,250.2291
56.0,32.0,descending,253.00922
56.0,32.25,descending,253.64333
56.0,32.5,descending,253.66599
56.0,32.75,descending,254.93857
56.0,33.0,descending,254.67308
56.0,33.25,descending,256.216
56.0,33.5,descending,254.995
56.0,33.75,descending,254.82846
56.0,34.0,descending,256.2009
56.0,34.25,descending,256.7757
56.0,34.5,descending,256.80643
56.0,34.75,descending,258.10928
56.0,35.0,descending,258.13666
56.0,35.25,descending,258.45267
56.0,35.5,descending,258.74564
56.0,35.75,descending,258.905
56.0,36.0,descending,259.68942
56.0,36.25,descending,259.64722
56.0,36.5,descending,259.88498
56.0,36.75,descending,259.32825
56.0,37.0,descending,255.72
56.0,37.25,descending,253.5275
56.0,37.5,descending,252.46
56.0,37.75,descending,251.816
56.0,38.0,descending,252.285
56.25,-13.0,descending,208.73222
56.25,-12.75,descending,208.90434
56.25,-12.5,descending,208.98634
56.25,-12.25,descending,208.67375
56.25,-12.0,descending,208.44142
56.25,-11.75,descending,208.04333
56.25,-11.5,descending,207.56285
56.25,-11.25,descending,207.13284
56.25,-11.0,descending,206.71167
56.25,-10.75,descending,206.39166
56.25,-10.5,descending,206.01332
56.25,-10.25,descending,205.81334
56.25,-10.0,descending,205.79599
56.25,-9.75,descending,206.09499
56.25,-9.5,descending,206.576
56.25,-9.25,descending,207.21
56.25,-9.0,descending,208.064
56.25,-8.75,descending,209.05165
56.25,-8.5,descending,209.66667
56.25,-8.25,descending,209.71399
56.25,-8.0,descending,208.83199
56.25,-7.75,descending,207.97833
56.25,-7.5,descending,207.11198
56.25,-7.25,descending,206.978
56.25,-7.0,descending,207.085
56.25,-6.75,descending,208.554
56.25,-6.5,descending,212.39
56.25,-6.25,descending,218.48999
56.25,-6.0,descending,225.29199
56.25,-5.75,descending,232.172
56.25,-5.5,descending,241.46332
56.25,-5.25,descending,249.19249
56.25,-5.0,descending,252.236
56.25,-4.75,descending,255.01399
56.25,-4.5,descending,257.68
56.25,-4.25,descending,260.3975
56.25,-4.0,descending,262.95
56.25,-3.75,descending,263.04498
56.25,-3.5,descending,261.72998
56.25,-3.25,descending,257.25998
56.25,-3.0,descending,251.4075
56.25,-2.75,descending,244.95401
56.25,-2.5,descending,240.03499
56.25,-2.25,descending,234.00165
56.25,-2.0,descending,232.2525
56.25,-1.75,descending,228.33199
56.25,-1.5,descending,226.00801
56.25,-1.25,descending,224.31665
56.25,-1.0,descending,224.12831
56.25,-0.75,descending,224.68999
56.25,-0.5,descending,224.39667
56.25,-0.25,descending,223.17665
56.25,0.0,descending,221.07332
56.25,0.25,descending,221.77667
56.25,0.5,descending,221.22499
56.25,0.75,descending,219.88998
56.25,1.0,descending,218.15166
56.25,1.25,descending,216.2175
56.25,1.5,descending,214.055
56.25,1.75,descending,212.616
56.25,2.0,descending,211.74165
56.25,2.25,descending,211.39
56.25,2.5,descending,211.18
56.25,2.75,descending,210.896
56.25,3.0,descending,210.56166
56.25,3.25,descending,210.28
56.25,3.5,descending,210.055
56.25,3.75,descending,209.872
56.25,4.0,descending,209.722
56.25,4.25,descending,209.50601
56.25,4.5,descending,209.19331
56.25,4.75,descending,208.98398
56.25,5.0,descending,208.948
56.25,5.25,descending,209.03499
56.25,5.5,descending,209.12798
56.25,5.75,descending,209.148
56.25,6.0,descending,209.176
56.25,6.25,descending,209.35834
56.25,6.5,descending,209.83798
56.25,6.75,descending,210.28333
56.25,7.0,descending,210.84666
56.25,7.25,descending,210.54167
56.25,7.5,descending,211.40714
56.25,7.75,descending,216.496
56.25,8.0,descending,230.30875
56.25,8.25,descending,247.16333
56.25,8.5,descending,255.10664
56.25,8.75,descending,258.75287
56.25,9.0,descending,259.31375
56.25,9.25,descending,258.44284
56.25,9.5,descending,255.7475
56.25,9.75,descending,250.08556
56.25,10.0,descending,247.68565
56.25,10.25,descending,240.4918
56.25,10.5,descending,233.82649
56.25,10.75,descending,226.45898
56.25,11.0,descending,218.9045
56.25,11.25,descending,214.58159
56.25,11.5,descending,213.577
56.25,11.75,descending,215.56189
56.25,12.0,descending,218.48582
56.25,12.25,descending,222.33636
56.25,12.5,descending,228.28142
56.25,12.75,descending,237.43713
56.25,13.0,descending,245.75832
56.25,13.25,descending,249.67285
56.25,13.5,descending,252.33
56.25,13.75,descending,253.04832
56.25,14.0,descending,252.97571
56.25,14.25,descending,251.668
56.25,14.5,descending,248.21167
56.25,14.75,descending,242.60599
56.25,15.0,descending,237.29668
56.25,15.25,descending,234.27832
56.25,15.5,descending,230.82666
56.25,15.75,descending,227.58499
56.25,16.0,descending,221.63284
56.25,16.25,descending,218.6375
56.25,16.5,descending,213.08333
56.25,16.75,descending,209.64
56.25,17.0,descending,208.06334
56.25,17.25,descending,207.818
56.25,17.5,descending,207.9375
56.25,17.75,descending,208.19499
56.25,18.0,descending,208.40201
56.25,18.25,descending,208.7175
56.25,18.5,descending,208.90498
56.25,18.75,descending,209.21799
56.25,19.0,descending,209.568
56.25,19.25,descending,209.9
56.25,19.5,descending,210.30998
56.25,19.75,descending,212.368
56.25,20.0,descending,215.28201
56.25,20.25,descending,217.95749
56.25,20.5,descending,220.665
56.25,20.75,descending,225.2175
56.25,21.0,descending,230.86198
56.25,21.25,descending,239.29599
56.25,21.5,descending,246.3475
56.25,21.75,descending,251.75601
56.25,22.0,descending,255.71599
56.25,22.25,descending,257.56332
56.25,22.5,descending,258.4
56.25,22.75,descending,258.792
56.25,23.0,descending,258.998
56.25,23.25,descending,258.955
56.25,23.5,descending,258.975
56.25,23.75,descending,256.819
56.25,24.0,descending,256.80685
56.25,24.25,descending,257.0172
56.25,24.5,descending,257.142
56.25,24.75,descending,257.33664
56.25,25.0,descending,257.24713
56.25,25.25,descending,257.0957
56.25,25.5,descending,256.91846
56.25,25.75,descending,256.85916
56.25,26.0,descending,256.6369
56.25,26.25,descending,256.13715
56.25,26.5,descending,255.56544
56.25,26.75,descending,254.52907
56.25,27.0,descending,253.142
56.25,27.25,descending,252.21544
56.25,27.5,descending,251.40546
56.25,27.75,descending,251.06334
56.25,28.0,descending,250.77998
56.25,28.25,descending,250.7291
56.25,28.5,descending,250.68272
56.25,28.75,descending,250.57199
56.25,29.0,descending,249.91182
56.25,29.25,descending,249.29
56.25,29.5,descending,248.31181
56.25,29.75,descending,247.551
56.25,30.0,descending,247.00182
56.25,30.25,descending,246.47636
56.25,30.5,descending,247.20819
56.25,30.75,descending,247.18443
56.25,31.0,descending,248.52832
56.25,31.25,descending,248.58875
56.25,31.5,descending,249.8109
56.25,31.75,descending,249.69908
56.25,32.0,descending,251.14917
56.25,32.25,descending,253.48915
56.25,32.5,descending,253.36636
56.25,32.75,descending,256.0073
56.25,33.0,descending,256.06726
56.25,33.25,descending,254.41583
56.25,33.5,descending,255.10832
56.25,33.75,descending,256.46817
56.25,34.0,descending,255.3623
56.25,34.25,descending,256.60846
56.25,34.5,descending,257.615
56.25,34.75,descending,257.7675
56.25,35.0,descending,258.50998
56.25,35.25,descending,258.94357
56.25,35.5,descending,259.71866
56.25,35.75,descending,260.12067
56.25,36.0,descending,260.60812
56.25,36.25,descending,260.6565
56.25,36.5,descending,260.3511
56.25,36.75,descending,260.25522
56.25,37.0,descending,260.22562
56.25,37.25,descending,256.656
56.25,37.5,descending,255.66498
56.25,37.75,descending,255.606
56.25,38.0,descending,255.29668
56.5,-13.0,descending,207.75998
56.5,-12.75,descending,208.00285
56.5,-12.5,descending,208.244
56.5,-12.25,descending,208.35143
56.5,-12.0,descending,208.46298
56.5,-11.75,descending,208.17
56.5,-11.5,descending,207.69286
56.5,-11.25,descending,207.22
56.5,-11.0,descending,206.97624
56.5,-10.75,descending,206.74165
56.5,-10.5,descending,206.4557
56.5,-10.25,descending,206.07666
56.5,-10.0,descending,205.80713
56.5,-9.75,descending,205.82199
56.5,-9.5,descending,206.31714
56.5,-9.25,descending,207.102
56.5,-9.0,descending,208.03572
56.5,-8.75,descending,208.755
56.5,-8.5,descending,209.65999
56.5,-8.25,descending,210.31198
56.5,-8.0,descending,210.81499
56.5,-7.75,descending,210.754
56.5,-7.5,descending,209.92801
56.5,-7.25,descending,209.50166
56.5,-7.0,descending,209.41399
56.5,-6.75,descending,210.568
56.5,-6.5,descending,214.13666
56.5,-6.25,descending,222.06166
56.5,-6.0,descending,229.94199
56.5,-5.75,descending,235.73749
56.5,-5.5,descending,242.09999
56.5,-5.25,descending,250.40332
56.5,-5.0,descending,256.756
56.5,-4.75,descending,259.21
56.5,-4.5,descending,260.7
56.5,-4.25,descending,262.476
56.5,-4.0,descending,264.0675
56.5,-3.75,descending,264.68597
56.5,-3.5,descending,263.768
56.5,-3.25,descending,260.928
56.5,-3.0,descending,256.322
56.5,-2.75,descending,246.28598
56.5,-2.5,descending,237.698
56.5,-2.25,descending,230.155
56.5,-2.0,descending,227.06001
56.5,-1.75,descending,226.76749
56.5,-1.5,descending,226.28499
56.5,-1.25,descending,224.72
56.5,-1.0,descending,223.696
56.5,-0.75,descending,223.24399
56.5,-0.5,descending,223.49199
56.5,-0.25,descending,223.05249
56.5,0.0,descending,222.12
56.5,0.25,descending,222.92
56.5,0.5,descending,222.59001
56.5,0.75,descending,221.12997
56.5,1.0,descending,218.98499
56.5,1.25,descending,216.51799
56.5,1.5,descending,214.474
56.5,1.75,descending,212.85333
56.5,2.0,descending,212.08598
56.5,2.25,descending,211.57199
56.5,2.5,descending,211.288
56.5,2.75,descending,210.97499
56.5,3.0,descending,210.62
56.5,3.25,descending,210.31999
56.5,3.5,descending,210.08398
56.5,3.75,descending,209.87997
56.5,4.0,descending,209.71399
56.5,4.25,descending,209.50798
56.5,4.5,descending,209.23665
56.5,4.75,descending,209.01799
56.5,5.0,descending,208.95857
56.5,5.25,descending,209.0325
56.5,5.5,descending,209.15166
56.5,5.75,descending,209.28
56.5,6.0,descending,209.48999
56.5,6.25,descending,209.798
56.5,6.5,descending,210.52666
56.5,6.75,descending,211.19666
56.5,7.0,descending,211.51572
56.5,7.25,descending,210.852
56.5,7.5,descending,211.40428
56.5,7.75,descending,217.58798
56.5,8.0,descending,229.35286
56.5,8.25,descending,243.32332
56.5,8.5,descending,251.67
56.5,8.75,descending,255.62143
56.5,9.0,descending,256.61142
56.5,9.25,descending,257.57285
56.5,9.5,descending,257.3
56.5,9.75,descending,254.40125
56.5,10.0,descending,250.50333
56.5,10.25,descending,245.22142
56.5,10.5,descending,237.81094
56.5,10.75,descending,228.16049
56.5,11.0,descending,219.91237
56.5,11.25,descending,214.06421
56.5,11.5,descending,210.99333
56.5,11.75,descending,210.05899
56.5,12.0,descending,211.53249
56.5,12.25,descending,215.01436
56.5,12.5,descending,221.10391
56.5,12.75,descending,227.86874
56.5,13.0,descending,236.9625
56.5,13.25,descending,245.55833
56.5,13.5,descending,250.78857
56.5,13.75,descending,253.61284
56.5,14.0,descending,254.37166
56.5,14.25,descending,254.38428
56.5,14.5,descending,254.39665
56.5,14.75,descending,253.97667
56.5,15.0,descending,253.96715
56.5,15.25,descending,253.62
56.5,15.5,descending,251.35832
56.5,15.75,descending,247.36665
56.5,16.0,descending,241.18799
56.5,16.25,descending,232.915
56.5,16.5,descending,225.17
56.5,16.75,descending,218.01999
56.5,17.0,descending,211.99399
56.5,17.25,descending,209.41833
56.5,17.5,descending,208.65498
56.5,17.75,descending,208.89333
56.5,18.0,descending,209.18999
56.5,18.25,descending,209.472
56.5,18.5,descending,209.78201
56.5,18.75,descending,210.142
56.5,19.0,descending,210.61398
56.5,19.25,descending,211.0275
56.5,19.5,descending,211.424
56.5,19.75,descending,212.38799
56.5,20.0,descending,214.83798
56.5,20.25,descending,218.616
56.5,20.5,descending,222.41199
56.5,20.75,descending,226.9925
56.5,21.0,descending,235.236
56.5,21.25,descending,242.43
56.5,21.5,descending,247.34166
56.5,21.75,descending,251.366
56.5,22.0,descending,254.04
56.5,22.25,descending,256.4475
56.5,22.5,descending,257.56
56.5,22.75,descending,258.145
56.5,23.0,descending,258.1
56.5,23.25,descending,258.0225
56.5,23.5,descending,257.90665
56.5,23.75,descending,256.95108
56.5,24.0,descending,256.13168
56.5,24.25,descending,257.04666
56.5,24.5,descending,257.5559
56.5,24.75,descending,257.68265
56.5,25.0,descending,257.764
56.5,25.25,descending,257.78714
56.5,25.5,descending,257.75497
56.5,25.75,descending,257.71664
56.5,26.0,descending,257.73846
56.5,26.25,descending,257.49
56.5,26.5,descending,256.87845
56.5,26.75,descending,256.21692
56.5,27.0,descending,255.02
56.5,27.25,descending,254.09908
56.5,27.5,descending,252.748
56.5,27.75,descending,252.36916
56.5,28.0,descending,252.12999
56.5,28.25,descending,252.051
56.5,28.5,descending,251.69832
56.5,28.75,descending,251.11499
56.5,29.0,descending,250.26544
56.5,29.25,descending,249.37363
56.5,29.5,descending,248.42545
56.5,29.75,descending,247.70332
56.5,30.0,descending,246.845
56.5,30.25,descending,247.40999
56.5,30.5,descending,247.816
56.5,30.75,descending,248.4825
56.5,31.0,descending,249.00455
56.5,31.25,descending,250.39537
56.5,31.5,descending,250.30501
56.5,31.75,descending,252.17636
56.5,32.0,descending,252.25223
56.5,32.25,descending,253.55333
56.5,32.5,descending,253.86699
56.5,32.75,descending,255.4925
56.5,33.0,descending,255.745
56.5,33.25,descending,255.293
56.5,33.5,descending,256.04767
56.5,33.75,descending,256.10333
56.5,34.0,descending,257.12332
56.5,34.25,descending,256.7682
56.5,34.5,descending,257.56467
56.5,34.75,descending,258.24817
56.5,35.0,descending,258.8107
56.5,35.25,descending,259.7093
56.5,35.5,descending,260.42084
56.5,35.75,descending,260.59058
56.5,36.0,descending,260.49307
56.5,36.25,descending,260.26776
56.5,36.5,descending,260.2435
56.5,36.75,descending,260.268
56.5,37.0,descending,260.3609
56.5,37.25,descending,260.21667
56.5,37.5,descending,258.48666
56.5,37.75,descending,258.6575
56.5,38.0,descending,258.43997
56.75,-13.0,descending,207.12715
56.75,-12.75,descending,207.163
56.75,-12.5,descending,207.3555
56.75,-12.25,descending,207.44875
56.75,-12.0,descending,207.58473
56.75,-11.75,descending,208.42444
56.75,-11.5,descending,208.73499
56.75,-11.25,descending,208.09999
56.75,-11.0,descending,207.89333
56.75,-10.75,descending,207.33167
56.75,-10.5,descending,206.90999
56.75,-10.25,descending,206.63998
56.75,-10.0,descending,206.26143
56.75,-9.75,descending,205.92
56.75,-9.5,descending,206.10167
56.75,-9.25,descending,206.68
56.75,-9.0,descending,207.40799
56.75,-8.75,descending,208.198
56.75,-8.5,descending,208.74666
56.75,-8.25,descending,209.476
56.75,-8.0,descending,210.33598
56.75,-7.75,descending,211.40498
56.75,-7.5,descending,212.04399
56.75,-7.25,descending,211.802
56.75,-7.0,descending,211.814
56.75,-6.75,descending,212.94499
56.75,-6.5,descending,216.2825
56.75,-6.25,descending,222.0375
56.75,-6.0,descending,232.48799
56.75,-5.75,descending,241.59
56.75,-5.5,descending,247.444
56.75,-5.25,descending,252.21799
56.75,-5.0,descending,256.52
56.75,-4.75,descending,260.188
56.75,-4.5,descending,261.72
56.75,-4.25,descending,262.885
56.75,-4.0,descending,264.25
56.75,-3.75,descending,265.1
56.75,-3.5,descending,265.4075
56.75,-3.25,descending,264.308
56.75,-3.0,descending,262.87997
56.75,-2.75,descending,256.23666
56.75,-2.5,descending,244.46333
56.75,-2.25,descending,235.415
56.75,-2.0,descending,228.11499
56.75,-1.75,descending,226.76999
56.75,-1.5,descending,226.73749
56.75,-1.25,descending,225.908
56.75,-1.0,descending,224.356
56.75,-0.75,descending,223.17749
56.75,-0.5,descending,222.75601
56.75,-0.25,descending,223.0875
56.75,0.0,descending,222.124
56.75,0.25,descending,224.09166
56.75,0.5,descending,223.448
56.75,0.75,descending,222.15
56.75,1.0,descending,219.745
56.75,1.25,descending,217.55998
56.75,1.5,descending,215.196
56.75,1.75,descending,213.498
56.75,2.0,descending,212.415
56.75,2.25,descending,211.68999
56.75,2.5,descending,211.40201
56.75,2.75,descending,211.13199
56.75,3.0,descending,210.78198
56.75,3.25,descending,210.472
56.75,3.5,descending,210.16167
56.75,3.75,descending,209.9125
56.75,4.0,descending,209.68666
56.75,4.25,descending,209.46399
56.75,4.5,descending,209.254
56.75,4.75,descending,209.048
56.75,5.0,descending,208.918
56.75,5.25,descending,208.96999
56.75,5.5,descending,209.16399
56.75,5.75,descending,209.408
56.75,6.0,descending,209.68799
56.75,6.25,descending,210.1
56.75,6.5,descending,210.81166
56.75,6.75,descending,211.66399
56.75,7.0,descending,211.97499
56.75,7.25,descending,211.352
56.75,7.5,descending,211.36284
56.75,7.75,descending,215.5
56.75,8.0,descending,225.88284
56.75,8.25,descending,236.726
56.75,8.5,descending,244.34285
56.75,8.75,descending,248.72874
56.75,9.0,descending,251.262
56.75,9.25,descending,253.42857
56.75,9.5,descending,256.37427
56.75,9.75,descending,254.7475
56.75,10.0,descending,247.94054
56.75,10.25,descending,240.41199
56.75,10.5,descending,229.95285
56.75,10.75,descending,221.56
56.75,11.0,descending,215.8355
56.75,11.25,descending,211.47
56.75,11.5,descending,209.60834
56.75,11.75,descending,208.88106
56.75,12.0,descending,211.26498
56.75,12.25,descending,217.60619
56.75,12.5,descending,227.81435
56.75,12.75,descending,235.33473
56.75,13.0,descending,236.1975
56.75,13.25,descending,242.76857
56.75,13.5,descending,248.53166
56.75,13.75,descending,252.26
56.75,14.0,descending,254.05165
56.75,14.25,descending,254.87
56.75,14.5,descending,255.12999
56.75,14.75,descending,255.79333
56.75,15.0,descending,257.08798
56.75,15.25,descending,258.576
56.75,15.5,descending,259.39664
56.75,15.75,descending,258.18198
56.75,16.0,descending,253.81831
56.75,16.25,descending,246.46599
56.75,16.5,descending,236.094
56.75,16.75,descending,227.06831
56.75,17.0,descending,217.58667
56.75,17.25,descending,212.165
56.75,17.5,descending,210.035
56.75,17.75,descending,209.70401
56.75,18.0,descending,210.29199
56.75,18.25,descending,210.41
56.75,18.5,descending,210.3725
56.75,18.75,descending,210.25
56.75,19.0,descending,210.63799
56.75,19.25,descending,211.246
56.75,19.5,descending,211.73001
56.75,19.75,descending,212.70601
56.75,20.0,descending,215.0575
56.75,20.25,descending,217.79599
56.75,20.5,descending,221.04599
56.75,20.75,descending,226.565
56.75,21.0,descending,233.622
56.75,21.25,descending,242.262
56.75,21.5,descending,248.41
56.75,21.75,descending,250.672
56.75,22.0,descending,252.385
56.75,22.25,descending,254.31
56.75,22.5,descending,255.8425
56.75,22.75,descending,256.462
56.75,23.0,descending,256.335
56.75,23.25,descending,255.26201
56.75,23.5,descending,254.765
56.75,23.75,descending,255.055
56.75,24.0,descending,253.48999
56.75,24.25,descending,255.34177
56.75,24.5,descending,257.00174
56.75,24.75,descending,257.57922
56.75,25.0,descending,258.078
56.75,25.25,descending,258.28537
56.75,25.5,descending,258.445
56.75,25.75,descending,258.49847
56.75,26.0,descending,258.7036
56.75,26.25,descending,258.66455
56.75,26.5,descending,258.43692
56.75,26.75,descending,258.04666
56.75,27.0,descending,257.4775
56.75,27.25,descending,256.439
56.75,27.5,descending,256.22833
56.75,27.75,descending,255.6
56.75,28.0,descending,254.90375
56.75,28.25,descending,254.425
56.75,28.5,descending,253.83444
56.75,28.75,descending,252.753
56.75,29.0,descending,251.74635
56.75,29.25,descending,250.51599
56.75,29.5,descending,249.1909
56.75,29.75,descending,247.75111
56.75,30.0,descending,247.18637
56.75,30.25,descending,247.22272
56.75,30.5,descending,248.6191
56.75,30.75,descending,250.12001
56.75,31.0,descending,251.21799
56.75,31.25,descending,251.72636
56.75,31.5,descending,251.70636
56.75,31.75,descending,252.25273
56.75,32.0,descending,252.47583
56.75,32.25,descending,253.63272
56.75,32.5,descending,254.59634
56.75,32.75,descending,255.29091
56.75,33.0,descending,256.2146
56.75,33.25,descending,256.385
56.75,33.5,descending,257.26917
56.75,33.75,descending,257.47092
56.75,34.0,descending,257.94168
56.75,34.25,descending,258.00497
56.75,34.5,descending,257.94748
56.75,34.75,descending,258.31232
56.75,35.0,descending,259.24545
56.75,35.25,descending,259.96536
56.75,35.5,descending,260.3223
56.75,35.75,descending,260.07785
56.75,36.0,descending,259.72937
56.75,36.25,descending,259.55154
56.75,36.5,descending,259.57776
56.75,36.75,descending,259.62845
56.75,37.0,descending,259.93094
56.75,37.25,descending,260.32724
56.75,37.5,descending,260.54776
56.75,37.75,descending,260.145
56.75,38.0,descending,260.16998
57.0,-13.0,descending,206.668
57.0,-12.75,descending,206.71611
57.0,-12.5,descending,206.77428
57.0,-12.25,descending,206.97191
57.0,-12.0,descending,207.24075
57.0,-11.75,descending,207.56047
57.0,-11.5,descending,208.46889
57.0,-11.25,descending,208.82999
57.0,-11.0,descending,208.60167
57.0,-10.75,descending,208.28667
57.0,-10.5,descending,207.76332
57.0,-10.25,descending,207.39427
57.0,-10.0,descending,206.91833
57.0,-9.75,descending,206.47667
57.0,-9.5,descending,206.29
57.0,-9.25,descending,206.29599
57.0,-9.0,descending,206.62166
57.0,-8.75,descending,207.15833
57.0,-8.5,descending,207.752
57.0,-8.25,descending,208.43166
57.0,-8.0,descending,209.528
57.0,-7.75,descending,211.275
57.0,-7.5,descending,212.93799
57.0,-7.25,descending,214.08398
57.0,-7.0,descending,214.25334
57.0,-6.75,descending,215.35999
57.0,-6.5,descending,217.86198
57.0,-6.25,descending,222.788
57.0,-6.0,descending,229.95601
57.0,-5.75,descending,241.28833
57.0,-5.5,descending,250.668
57.0,-5.25,descending,254.9725
57.0,-5.0,descending,257.75
57.0,-4.75,descending,259.53998
57.0,-4.5,descending,260.906
57.0,-4.25,descending,261.998
57.0,-4.0,descending,263.412
57.0,-3.75,descending,264.22797
57.0,-3.5,descending,264.88998
57.0,-3.25,descending,265.53998
57.0,-3.0,descending,265.252
57.0,-2.75,descending,263.85797
57.0,-2.5,descending,255.92
57.0,-2.25,descending,245.70401
57.0,-2.0,descending,234.80801
57.0,-1.75,descending,228.48332
57.0,-1.5,descending,227.59166
57.0,-1.25,descending,226.97499
57.0,-1.0,descending,225.95801
57.0,-0.75,descending,224.9
57.0,-0.5,descending,224.70401
57.0,-0.25,descending,224.85999
57.0,0.0,descending,222.49715
57.0,0.25,descending,225.39499
57.0,0.5,descending,224.77167
57.0,0.75,descending,223.28749
57.0,1.0,descending,221.16599
57.0,1.25,descending,218.30801
57.0,1.5,descending,215.76599
57.0,1.75,descending,213.92801
57.0,2.0,descending,212.71599
57.0,2.25,descending,211.98398
57.0,2.5,descending,211.6975
57.0,2.75,descending,211.505
57.0,3.0,descending,211.16833
57.0,3.25,descending,210.75
57.0,3.5,descending,210.378
57.0,3.75,descending,210.00601
57.0,4.0,descending,209.762
57.0,4.25,descending,209.576
57.0,4.5,descending,209.368
57.0,4.75,descending,209.154
57.0,5.0,descending,208.97833
57.0,5.25,descending,209.00601
57.0,5.5,descending,209.272
57.0,5.75,descending,209.53201
57.0,6.0,descending,209.854
57.0,6.25,descending,210.29333
57.0,6.5,descending,210.89857
57.0,6.75,descending,211.6375
57.0,7.0,descending,212.07715
57.0,7.25,descending,211.694
57.0,7.5,descending,210.92168
57.0,7.75,descending,212.69499
57.0,8.0,descending,219.34499
57.0,8.25,descending,228.44167
57.0,8.5,descending,236.26143
57.0,8.75,descending,238.50998
57.0,9.0,descending,242.21875
57.0,9.25,descending,247.03749
57.0,9.5,descending,252.45142
57.0,9.75,descending,251.63399
57.0,10.0,descending,245.24199
57.0,10.25,descending,237.7559
57.0,10.5,descending,227.97762
57.0,10.75,descending,219.43683
57.0,11.0,descending,213.2321
57.0,11.25,descending,210.11316
57.0,11.5,descending,208.87578
57.0,11.75,descending,211.07349
57.0,12.0,descending,216.75833
57.0,12.25,descending,228.28952
57.0,12.5,descending,239.14427
57.0,12.75,descending,247.31874
57.0,13.0,descending,248.846
57.0,13.25,descending,250.09999
57.0,13.5,descending,251.38428
57.0,13.75,descending,252.62334
57.0,14.0,descending,254.21143
57.0,14.25,descending,255.43599
57.0,14.5,descending,256.18668
57.0,14.75,descending,256.69333
57.0,15.0,descending,257.37833
57.0,15.25,descending,259.00668
57.0,15.5,descending,260.38
57.0,15.75,descending,260.748
57.0,16.0,descending,258.175
57.0,16.25,descending,252.18799
57.0,16.5,descending,242.89832
57.0,16.75,descending,231.83798
57.0,17.0,descending,222.23665
57.0,17.25,descending,214.68799
57.0,17.5,descending,211.49333
57.0,17.75,descending,211.83798
57.0,18.0,descending,214.40799
57.0,18.25,descending,215.01833
57.0,18.5,descending,212.872
57.0,18.75,descending,211.70999
57.0,19.0,descending,210.43799
57.0,19.25,descending,210.27167
57.0,19.5,descending,210.858
57.0,19.75,descending,211.43
57.0,20.0,descending,213.63332
57.0,20.25,descending,217.194
57.0,20.5,descending,220.182
57.0,20.75,descending,223.126
57.0,21.0,descending,229.644
57.0,21.25,descending,238.39499
57.0,21.5,descending,246.21399
57.0,21.75,descending,250.392
57.0,22.0,descending,251.43748
57.0,22.25,descending,252.26666
57.0,22.5,descending,253.59749
57.0,22.75,descending,253.17249
57.0,23.0,descending,252.11665
57.0,23.25,descending,247.4475
57.0,23.5,descending,244.446
57.0,23.75,descending,247.055
57.0,24.0,descending,244.82579
57.0,24.25,descending,247.89528
57.0,24.5,descending,252.74312
57.0,24.75,descending,255.37561
57.0,25.0,descending,257.39563
57.0,25.25,descending,258.23077
57.0,25.5,descending,258.61856
57.0,25.75,descending,258.77692
57.0,26.0,descending,259.03287
57.0,26.25,descending,259.32748
57.0,26.5,descending,259.3375
57.0,26.75,descending,259.2346
57.0,27.0,descending,259.10898
57.0,27.25,descending,258.75928
57.0,27.5,descending,258.72833
57.0,27.75,descending,258.41272
57.0,28.0,descending,257.90155
57.0,28.25,descending,257.28915
57.0,28.5,descending,256.36453
57.0,28.75,descending,255.06
57.0,29.0,descending,253.73364
57.0,29.25,descending,251.99416
57.0,29.5,descending,250.064
57.0,29.75,descending,248.31818
57.0,30.0,descending,246.95909
57.0,30.25,descending,246.69333
57.0,30.5,descending,248.08748
57.0,30.75,descending,249.74083
57.0,31.0,descending,251.82182
57.0,31.25,descending,253.06099
57.0,31.5,descending,253.93001
57.0,31.75,descending,253.79999
57.0,32.0,descending,253.4811
57.0,32.25,descending,254.8023
57.0,32.5,descending,254.42223
57.0,32.75,descending,255.39572
57.0,33.0,descending,255.84125
57.0,33.25,descending,257.2983
57.0,33.5,descending,258.4233
57.0,33.75,descending,258.88272
57.0,34.0,descending,258.97415
57.0,34.25,descending,258.57816
57.0,34.5,descending,258.4025
57.0,34.75,descending,258.71082
57.0,35.0,descending,259.3675
57.0,35.25,descending,260.0357
57.0,35.5,descending,260.10922
57.0,35.75,descending,259.96414
57.0,36.0,descending,259.83075
57.0,36.25,descending,259.8893
57.0,36.5,descending,259.88126
57.0,36.75,descending,260.01562
57.0,37.0,descending,260.45236
57.0,37.25,descending,260.66788
57.0,37.5,descending,260.8825
57.0,37.75,descending,260.9239
57.0,38.0,descending,260.90665
57.25,-13.0,descending,206.26875
57.25,-12.75,descending,206.3742
57.25,-12.5,descending,206.60165
57.25,-12.25,descending,206.87277
57.25,-12.0,descending,207.21333
57.25,-11.75,descending,207.42903
57.25,-11.5,descending,207.59726
57.25,-11.25,descending,208.32
57.25,-11.0,descending,208.57286
57.25,-10.75,descending,208.43666
57.25,-10.5,descending,208.22833
57.25,-10.25,descending,208.03398
57.25,-10.0,descending,207.685
57.25,-9.75,descending,207.254
57.25,-9.5,descending,206.915
57.25,-9.25,descending,206.722
57.25,-9.0,descending,206.80333
57.25,-8.75,descending,207.03
57.25,-8.5,descending,207.37999
57.25,-8.25,descending,208.03
57.25,-8.0,descending,209.40833
57.25,-7.75,descending,211.72499
57.25,-7.5,descending,214.246
57.25,-7.25,descending,216.444
57.25,-7.0,descending,217.45
57.25,-6.75,descending,219.3875
57.25,-6.5,descending,222.372
57.25,-6.25,descending,227.022
57.25,-6.0,descending,232.6825
57.25,-5.75,descending,240.3075
57.25,-5.5,descending,249.68399
57.25,-5.25,descending,256.47498
57.25,-5.0,descending,258.835
57.25,-4.75,descending,259.88998
57.25,-4.5,descending,260.052
57.25,-4.25,descending,260.685
57.25,-4.0,descending,261.73798
57.25,-3.75,descending,262.872
57.25,-3.5,descending,263.36
57.25,-3.25,descending,263.89667
57.25,-3.0,descending,265.125
57.25,-2.75,descending,264.8
57.25,-2.5,descending,262.21
57.25,-2.25,descending,254.79399
57.25,-2.0,descending,242.9075
57.25,-1.75,descending,233.10799
57.25,-1.5,descending,229.52249
57.25,-1.25,descending,228.324
57.25,-1.0,descending,227.39333
57.25,-0.75,descending,227.254
57.25,-0.5,descending,226.91399
57.25,-0.25,descending,226.73999
57.25,0.0,descending,225.04167
57.25,0.25,descending,226.4025
57.25,0.5,descending,225.73499
57.25,0.75,descending,224.24399
57.25,1.0,descending,221.71501
57.25,1.25,descending,219.06665
57.25,1.5,descending,216.435
57.25,1.75,descending,214.622
57.25,2.0,descending,213.398
57.25,2.25,descending,212.622
57.25,2.5,descending,212.29399
57.25,2.75,descending,212.04
57.25,3.0,descending,211.59001
57.25,3.25,descending,211.35999
57.25,3.5,descending,210.81198
57.25,3.75,descending,210.41199
57.25,4.0,descending,210.132
57.25,4.25,descending,209.854
57.25,4.5,descending,209.65
57.25,4.75,descending,209.38399
57.25,5.0,descending,209.18001
57.25,5.25,descending,209.22
57.25,5.5,descending,209.48833
57.25,5.75,descending,209.772
57.25,6.0,descending,209.976
57.25,6.25,descending,210.26999
57.25,6.5,descending,210.78398
57.25,6.75,descending,211.46498
57.25,7.0,descending,211.908
57.25,7.25,descending,211.504
57.25,7.5,descending,210.51572
57.25,7.75,descending,210.44998
57.25,8.0,descending,213.965
57.25,8.25,descending,219.3925
57.25,8.5,descending,223.62999
57.25,8.75,descending,227.36198
57.25,9.0,descending,229.75713
57.25,9.25,descending,235.698
57.25,9.5,descending,242.71571
57.25,9.75,descending,246.71286
57.25,10.0,descending,243.17249
57.25,10.25,descending,238.4625
57.25,10.5,descending,231.4875
57.25,10.75,descending,222.3811
57.25,11.0,descending,216.77843
57.25,11.25,descending,212.04938
57.25,11.5,descending,211.8961
57.25,11.75,descending,216.92389
57.25,12.0,descending,227.42
57.25,12.25,descending,238.38353
57.25,12.5,descending,248.53049
57.25,12.75,descending,252.64833
57.25,13.0,descending,255.21759
57.25,13.25,descending,256.5547
57.25,13.5,descending,257.53555
57.25,13.75,descending,257.48428
57.25,14.0,descending,256.818
57.25,14.25,descending,257.08835
57.25,14.5,descending,257.96667
57.25,14.75,descending,258.85602
57.25,15.0,descending,259.3986
57.25,15.25,descending,260.25
57.25,15.5,descending,260.996
57.25,15.75,descending,261.258
57.25,16.0,descending,259.38333
57.25,16.25,descending,254.082
57.25,16.5,descending,243.99199
57.25,16.75,descending,234.224
57.25,17.0,descending,224.95601
57.25,17.25,descending,217.374
57.25,17.5,descending,213.00601
57.25,17.75,descending,213.755
57.25,18.0,descending,218.83333
57.25,18.25,descending,225.222
57.25,18.5,descending,224.67168
57.25,18.75,descending,217.95401
57.25,19.0,descending,213.25
57.25,19.25,descending,210.275
57.25,19.5,descending,209.59
57.25,19.75,descending,210.29
57.25,20.0,descending,211.58598
57.25,20.25,descending,214.12999
57.25,20.5,descending,217.38998
57.25,20.75,descending,220.655
57.25,21.0,descending,223.878
57.25,21.25,descending,231.08167
57.25,21.5,descending,239.64499
57.25,21.75,descending,247.68001
57.25,22.0,descending,250.84
57.25,22.25,descending,251.01498
57.25,22.5,descending,250.616
57.25,22.75,descending,249.1525
57.25,23.0,descending,243.31166
57.25,23.25,descending,238.09
57.25,23.5,descending,228.68
57.25,23.75,descending,230.108
57.25,24.0,descending,230.05643
57.25,24.25,descending,233.99944
57.25,24.5,descending,241.70882
57.25,24.75,descending,248.50143
57.25,25.0,descending,253.57124
57.25,25.25,descending,256.97665
57.25,25.5,descending,258.08768
57.25,25.75,descending,258.8623
57.25,26.0,descending,259.19833
57.25,26.25,descending,259.49768
57.25,26.5,descending,259.742
57.25,26.75,descending,259.659
57.25,27.0,descending,259.66
57.25,27.25,descending,259.50906
57.25,27.5,descending,259.5609
57.25,27.75,descending,259.5525
57.25,28.0,descending,259.29816
57.25,28.25,descending,258.50635
57.25,28.5,descending,257.596
57.25,28.75,descending,256.221
57.25,29.0,descending,254.69
57.25,29.25,descending,253.3089
57.25,29.5,descending,251.265
57.25,29.75,descending,249.58363
57.25,30.0,descending,248.043
57.25,30.25,descending,247.092
57.25,30.5,descending,246.79364
57.25,30.75,descending,248.05998
57.25,31.0,descending,250.56584
57.25,31.25,descending,252.57889
57.25,31.5,descending,254.00417
57.25,31.75,descending,255.198
57.25,32.0,descending,255.73999
57.25,32.25,descending,255.87776
57.25,32.5,descending,255.918
57.25,32.75,descending,255.551
57.25,33.0,descending,255.7925
57.25,33.25,descending,257.53455
57.25,33.5,descending,259.10635
57.25,33.75,descending,259.84
57.25,34.0,descending,259.5525
57.25,34.25,descending,259.1311
57.25,34.5,descending,258.9954
57.25,34.75,descending,259.44998
57.25,35.0,descending,259.94666
57.25,35.25,descending,260.345
57.25,35.5,descending,260.59427
57.25,35.75,descending,260.54752
57.25,36.0,descending,260.69537
57.25,36.25,descending,260.764
57.25,36.5,descending,261.1
57.25,36.75,descending,261.368
57.25,37.0,descending,261.432
57.25,37.25,descending,261.19998
57.25,37.5,descending,260.851
57.25,37.75,descending,260.91318
57.25,38.0,descending,261.07922
57.5,-13.0,descending,205.73428
57.5,-12.75,descending,205.86588
57.5,-12.5,descending,206.26555
57.5,-12.25,descending,206.62349
57.5,-12.0,descending,206.97278
57.5,-11.75,descending,207.19409
57.5,-11.5,descending,207.41869
57.5,-11.25,descending,207.63911
57.5,-11.0,descending,208.00777
57.5,-10.75,descending,208.40166
57.5,-10.5,descending,208.45285
57.5,-10.25,descending,208.448
57.5,-10.0,descending,208.32715
57.5,-9.75,descending,207.818
57.5,-9.5,descending,207.51666
57.5,-9.25,descending,207.14833
57.5,-9.0,descending,207.09
57.5,-8.75,descending,207.17499
57.5,-8.5,descending,207.474
57.5,-8.25,descending,208.105
57.5,-8.0,descending,209.1975
57.5,-7.75,descending,211.68999
57.5,-7.5,descending,215.41833
57.5,-7.25,descending,218.55333
57.5,-7.0,descending,219.76599
57.5,-6.75,descending,221.96
57.5,-6.5,descending,226.11002
57.5,-6.25,descending,230.74399
57.5,-6.0,descending,235.23999
57.5,-5.75,descending,241.06999
57.5,-5.5,descending,248.576
57.5,-5.25,descending,255.88666
57.5,-5.0,descending,259.768
57.5,-4.75,descending,260.48666
57.5,-4.5,descending,259.184
57.5,-4.25,descending,257.41998
57.5,-4.0,descending,255.10748
57.5,-3.75,descending,257.46
57.5,-3.5,descending,258.982
57.5,-3.25,descending,257.14252
57.5,-3.0,descending,259.8
57.5,-2.75,descending,259.88498
57.5,-2.5,descending,259.508
57.5,-2.25,descending,255.26399
57.5,-2.0,descending,248.39499
57.5,-1.75,descending,238.67801
57.5,-1.5,descending,231.87166
57.5,-1.25,descending,229.47
57.5,-1.0,descending,228.59
57.5,-0.75,descending,228.5675
57.5,-0.5,descending,228.38998
57.5,-0.25,descending,228.11833
57.5,0.0,descending,227.50749
57.5,0.25,descending,226.73799
57.5,0.5,descending,226.01
57.5,0.75,descending,224.58499
57.5,1.0,descending,222.43599
57.5,1.25,descending,219.79599
57.5,1.5,descending,217.328
57.5,1.75,descending,215.5425
57.5,2.0,descending,214.252
57.5,2.25,descending,213.51999
57.5,2.5,descending,213.01
57.5,2.75,descending,212.57999
57.5,3.0,descending,212.17168
57.5,3.25,descending,211.87
57.5,3.5,descending,211.4475
57.5,3.75,descending,211.08
57.5,4.0,descending,210.7525
57.5,4.25,descending,210.496
57.5,4.5,descending,210.07666
57.5,4.75,descending,209.68
57.5,5.0,descending,209.54399
57.5,5.25,descending,209.74715
57.5,5.5,descending,209.96399
57.5,5.75,descending,210.14499
57.5,6.0,descending,210.30333
57.5,6.25,descending,210.674
57.5,6.5,descending,211.23799
57.5,6.75,descending,211.61
57.5,7.0,descending,211.8525
57.5,7.25,descending,211.48999
57.5,7.5,descending,210.30833
57.5,7.75,descending,209.42998
57.5,8.0,descending,209.79668
57.5,8.25,descending,211.87166
57.5,8.5,descending,213.18
57.5,8.75,descending,215.09166
57.5,9.0,descending,217.91284
57.5,9.25,descending,222.18166
57.5,9.5,descending,230.33124
57.5,9.75,descending,238.38142
57.5,10.0,descending,238.16888
57.5,10.25,descending,234.38298
57.5,10.5,descending,228.72856
57.5,10.75,descending,224.07611
57.5,11.0,descending,217.06209
57.5,11.25,descending,215.32059
57.5,11.5,descending,217.14944
57.5,11.75,descending,224.39
57.5,12.0,descending,236.29587
57.5,12.25,descending,247.25055
57.5,12.5,descending,252.44261
57.5,12.75,descending,256.6985
57.5,13.0,descending,258.58734
57.5,13.25,descending,259.32217
57.5,13.5,descending,259.7
57.5,13.75,descending,260.495
57.5,14.0,descending,260.87714
57.5,14.25,descending,260.66428
57.5,14.5,descending,260.555
57.5,14.75,descending,260.74832
57.5,15.0,descending,261.042
57.5,15.25,descending,261.53333
57.5,15.5,descending,261.98166
57.5,15.75,descending,262.13834
57.5,16.0,descending,260.888
57.5,16.25,descending,256.198
57.5,16.5,descending,247.44334
57.5,16.75,descending,234.0
57.5,17.0,descending,222.908
57.5,17.25,descending,215.90999
57.5,17.5,descending,212.43999
57.5,17.75,descending,213.605
57.5,18.0,descending,221.5
57.5,18.25,descending,229.4775
57.5,18.5,descending,235.465
57.5,18.75,descending,230.67
57.5,19.0,descending,219.77249
57.5,19.25,descending,212.596
57.5,19.5,descending,209.68399
57.5,19.75,descending,209.16199
57.5,20.0,descending,209.46399
57.5,20.25,descending,210.30801
57.5,20.5,descending,213.66
57.5,20.75,descending,216.57199
57.5,21.0,descending,218.87997
57.5,21.25,descending,224.485
57.5,21.5,descending,229.50749
57.5,21.75,descending,239.574
57.5,22.0,descending,246.455
57.5,22.25,descending,245.798
57.5,22.5,descending,245.844
57.5,22.75,descending,240.552
57.5,23.0,descending,234.28749
57.5,23.25,descending,226.05801
57.5,23.5,descending,219.685
57.5,23.75,descending,216.052
57.5,24.0,descending,221.51572
57.5,24.25,descending,225.74066
57.5,24.5,descending,234.42262
57.5,24.75,descending,242.51
57.5,25.0,descending,249.25465
57.5,25.25,descending,254.43999
57.5,25.5,descending,256.92398
57.5,25.75,descending,258.54248
57.5,26.0,descending,259.45215
57.5,26.25,descending,259.72
57.5,26.5,descending,259.825
57.5,26.75,descending,259.70273
57.5,27.0,descending,259.4125
57.5,27.25,descending,259.37726
57.5,27.5,descending,259.19363
57.5,27.75,descending,259.2425
57.5,28.0,descending,259.01636
57.5,28.25,descending,258.5909
57.5,28.5,descending,257.53165
57.5,28.75,descending,256.45667
57.5,29.0,descending,255.33272
57.5,29.25,descending,253.45181
57.5,29.5,descending,252.20819
57.5,29.75,descending,250.90778
57.5,30.0,descending,249.6175
57.5,30.25,descending,248.547
57.5,30.5,descending,247.51498
57.5,30.75,descending,247.50998
57.5,31.0,descending,248.50365
57.5,31.25,descending,250.654
57.5,31.5,descending,253.2
57.5,31.75,descending,255.00667
57.5,32.0,descending,256.44614
57.5,32.25,descending,257.424
57.5,32.5,descending,257.27542
57.5,32.75,descending,256.37915
57.5,33.0,descending,256.653
57.5,33.25,descending,257.91846
57.5,33.5,descending,259.402
57.5,33.75,descending,260.031
57.5,34.0,descending,259.92166
57.5,34.25,descending,259.31082
57.5,34.5,descending,259.09082
57.5,34.75,descending,259.8909
57.5,35.0,descending,260.45663
57.5,35.25,descending,260.84845
57.5,35.5,descending,261.20615
57.5,35.75,descending,261.285
57.5,36.0,descending,261.50583
57.5,36.25,descending,261.84384
57.5,36.5,descending,262.03076
57.5,36.75,descending,262.30847
57.5,37.0,descending,262.17313
57.5,37.25,descending,261.80197
57.5,37.5,descending,261.47833
57.5,37.75,descending,261.28723
57.5,38.0,descending,261.45084
57.75,-13.0,descending,205.28625
57.75,-12.75,descending,205.43437
57.75,-12.5,descending,205.80058
57.75,-12.25,descending,206.08875
57.75,-12.0,descending,206.49199
57.75,-11.75,descending,206.81999
57.75,-11.5,descending,207.0855
57.75,-11.25,descending,207.26904
57.75,-11.0,descending,207.37332
57.75,-10.75,descending,207.59099
57.75,-10.5,descending,208.30165
57.75,-10.25,descending,208.71333
57.75,-10.0,descending,209.03198
57.75,-9.75,descending,208.94
57.75,-9.5,descending,208.41199
57.75,-9.25,descending,207.866
57.75,-9.0,descending,207.27167
57.75,-8.75,descending,207.00998
57.75,-8.5,descending,207.01
57.75,-8.25,descending,207.25801
57.75,-8.0,descending,208.392
57.75,-7.75,descending,210.434
57.75,-7.5,descending,214.34799
57.75,-7.25,descending,219.035
57.75,-7.0,descending,221.67
57.75,-6.75,descending,221.5
57.75,-6.5,descending,222.68799
57.75,-6.25,descending,224.33
57.75,-6.0,descending,229.575
57.75,-5.75,descending,237.618
57.75,-5.5,descending,245.746
57.75,-5.25,descending,253.896
57.75,-5.0,descending,259.44598
57.75,-4.75,descending,261.12
57.75,-4.5,descending,259.76202
57.75,-4.25,descending,254.37
57.75,-4.0,descending,247.93599
57.75,-3.75,descending,242.2125
57.75,-3.5,descending,244.624
57.75,-3.25,descending,241.7125
57.75,-3.0,descending,244.08598
57.75,-2.75,descending,247.6625
57.75,-2.5,descending,245.635
57.75,-2.25,descending,247.314
57.75,-2.0,descending,243.515
57.75,-1.75,descending,238.19499
57.75,-1.5,descending,232.538
57.75,-1.25,descending,230.145
57.75,-1.0,descending,229.1375
57.75,-0.75,descending,228.9225
57.75,-0.5,descending,228.84999
57.75,-0.25,descending,228.762
57.75,0.0,descending,224.37715
57.75,0.25,descending,226.97333
57.75,0.5,descending,226.04834
57.75,0.75,descending,224.71
57.75,1.0,descending,222.45667
57.75,1.25,descending,219.996
57.75,1.5,descending,217.554
57.75,1.75,descending,215.9075
57.75,2.0,descending,214.58499
57.75,2.25,descending,213.88599
57.75,2.5,descending,213.44199
57.75,2.75,descending,213.0
57.75,3.0,descending,212.668
57.75,3.25,descending,212.36002
57.75,3.5,descending,211.9925
57.75,3.75,descending,211.83333
57.75,4.0,descending,211.578
57.75,4.25,descending,211.30598
57.75,4.5,descending,210.84
57.75,4.75,descending,210.34332
57.75,5.0,descending,210.276
57.75,5.25,descending,210.67749
57.75,5.5,descending,210.906
57.75,5.75,descending,211.05
57.75,6.0,descending,211.6
57.75,6.25,descending,212.225
57.75,6.5,descending,213.28499
57.75,6.75,descending,214.67998
57.75,7.0,descending,214.59001
57.75,7.25,descending,214.01
57.75,7.5,descending,213.27249
57.75,7.75,descending,211.84999
57.75,8.0,descending,209.825
57.75,8.25,descending,209.43599
57.75,8.5,descending,209.30142
57.75,8.75,descending,209.29399
57.75,9.0,descending,210.51572
57.75,9.25,descending,213.16202
57.75,9.5,descending,219.08998
57.75,9.75,descending,223.54999
57.75,10.0,descending,225.54
57.75,10.25,descending,221.66736
57.75,10.5,descending,218.17809
57.75,10.75,descending,216.3547
57.75,11.0,descending,214.94368
57.75,11.25,descending,216.51666
57.75,11.5,descending,223.01117
57.75,11.75,descending,232.51941
57.75,12.0,descending,242.435
57.75,12.25,descending,251.09187
57.75,12.5,descending,255.38943
57.75,12.75,descending,258.59882
57.75,13.0,descending,259.9855
57.75,13.25,descending,260.2605
57.75,13.5,descending,259.36044
57.75,13.75,descending,257.91998
57.75,14.0,descending,257.721
57.75,14.25,descending,259.61996
57.75,14.5,descending,260.20834
57.75,14.75,descending,260.704
57.75,15.0,descending,260.80667
57.75,15.25,descending,260.872
57.75,15.5,descending,261.494
57.75,15.75,descending,261.608
57.75,16.0,descending,260.75
57.75,16.25,descending,257.30402
57.75,16.5,descending,249.05
57.75,16.75,descending,236.36665
57.75,17.0,descending,223.17
57.75,17.25,descending,214.545
57.75,17.5,descending,210.844
57.75,17.75,descending,210.18198
57.75,18.0,descending,214.56999
57.75,18.25,descending,224.894
57.75,18.5,descending,233.23833
57.75,18.75,descending,234.33499
57.75,19.0,descending,226.88832
57.75,19.25,descending,216.5575
57.75,19.5,descending,211.73999
57.75,19.75,descending,209.10667
57.75,20.0,descending,208.805
57.75,20.25,descending,208.80666
57.75,20.5,descending,209.59666
57.75,20.75,descending,211.48999
57.75,21.0,descending,212.70332
57.75,21.25,descending,216.50334
57.75,21.5,descending,221.23999
57.75,21.75,descending,226.45999
57.75,22.0,descending,233.182
57.75,22.25,descending,233.71999
57.75,22.5,descending,234.21832
57.75,22.75,descending,230.26332
57.75,23.0,descending,223.59166
57.75,23.25,descending,217.67249
57.75,23.5,descending,213.58598
57.75,23.75,descending,212.0275
57.75,24.0,descending,218.51
57.75,24.25,descending,224.27632
57.75,24.5,descending,232.20749
57.75,24.75,descending,240.4
57.75,25.0,descending,246.045
57.75,25.25,descending,251.34583
57.75,25.5,descending,255.24643
57.75,25.75,descending,257.63715
57.75,26.0,descending,258.78818
57.75,26.25,descending,259.71167
57.75,26.5,descending,259.975
57.75,26.75,descending,259.82538
57.75,27.0,descending,259.33298
57.75,27.25,descending,258.757
57.75,27.5,descending,258.12454
57.75,27.75,descending,257.72635
57.75,28.0,descending,257.52582
57.75,28.25,descending,257.44818
57.75,28.5,descending,256.98544
57.75,28.75,descending,256.145
57.75,29.0,descending,255.324
57.75,29.25,descending,254.43182
57.75,29.5,descending,253.03299
57.75,29.75,descending,251.84454
57.75,30.0,descending,250.827
57.75,30.25,descending,250.012
57.75,30.5,descending,249.19362
57.75,30.75,descending,248.319
57.75,31.0,descending,248.31299
57.75,31.25,descending,249.81665
57.75,31.5,descending,251.93777
57.75,31.75,descending,254.253
57.75,32.0,descending,256.221
57.75,32.25,descending,257.473
57.75,32.5,descending,257.797
57.75,32.75,descending,257.646
57.75,33.0,descending,257.35556
57.75,33.25,descending,257.979
57.75,33.5,descending,259.102
57.75,33.75,descending,259.65182
57.75,34.0,descending,259.86798
57.75,34.25,descending,259.41385
57.75,34.5,descending,259.24857
57.75,34.75,descending,259.75583
57.75,35.0,descending,260.5954
57.75,35.25,descending,261.05222
57.75,35.5,descending,261.69666
57.75,35.75,descending,262.13
57.75,36.0,descending,262.29666
57.75,36.25,descending,262.5957
57.75,36.5,descending,262.69077
57.75,36.75,descending,262.82867
57.75,37.0,descending,262.82928
57.75,37.25,descending,262.64926
57.75,37.5,descending,262.462
57.75,37.75,descending,262.168
57.75,38.0,descending,261.94272
58.0,-13.0,descending,205.01373
58.0,-12.75,descending,205.1375
58.0,-12.5,descending,205.41058
58.0,-12.25,descending,205.664
58.0,-12.0,descending,205.97058
58.0,-11.75,descending,206.4221
58.0,-11.5,descending,206.53235
58.0,-11.25,descending,206.753
58.0,-11.0,descending,206.82715
58.0,-10.75,descending,206.98523
58.0,-10.5,descending,207.10167
58.0,-10.25,descending,207.61665
58.0,-10.0,descending,208.26143
58.0,-9.75,descending,208.65799
58.0,-9.5,descending,208.80429
58.0,-9.25,descending,208.43666
58.0,-9.0,descending,207.92168
58.0,-8.75,descending,207.44199
58.0,-8.5,descending,207.038
58.0,-8.25,descending,206.81999
58.0,-8.0,descending,207.10832
58.0,-7.75,descending,208.79199
58.0,-7.5,descending,212.63998
58.0,-7.25,descending,218.19199
58.0,-7.0,descending,224.63332
58.0,-6.75,descending,227.504
58.0,-6.5,descending,223.315
58.0,-6.25,descending,221.14
58.0,-6.0,descending,219.44998
58.0,-5.75,descending,225.43001
58.0,-5.5,descending,236.9125
58.0,-5.25,descending,246.8425
58.0,-5.0,descending,256.784
58.0,-4.75,descending,261.38998
58.0,-4.5,descending,261.86
58.0,-4.25,descending,257.77
58.0,-4.0,descending,245.5625
58.0,-3.75,descending,237.2425
58.0,-3.5,descending,228.11833
58.0,-3.25,descending,226.97667
58.0,-3.0,descending,226.18599
58.0,-2.75,descending,228.98799
58.0,-2.5,descending,231.0175
58.0,-2.25,descending,232.33199
58.0,-2.0,descending,233.08398
58.0,-1.75,descending,230.78598
58.0,-1.5,descending,231.31749
58.0,-1.25,descending,229.515
58.0,-1.0,descending,229.304
58.0,-0.75,descending,229.135
58.0,-0.5,descending,229.05
58.0,-0.25,descending,229.09999
58.0,0.0,descending,226.42833
58.0,0.25,descending,227.906
58.0,0.5,descending,226.818
58.0,0.75,descending,225.45749
58.0,1.0,descending,223.21498
58.0,1.25,descending,220.34999
58.0,1.5,descending,218.04
58.0,1.75,descending,215.84499
58.0,2.0,descending,214.625
58.0,2.25,descending,214.1175
58.0,2.5,descending,213.79399
58.0,2.75,descending,213.526
58.0,3.0,descending,213.306
58.0,3.25,descending,212.95401
58.0,3.5,descending,212.788
58.0,3.75,descending,212.66599
58.0,4.0,descending,212.3875
58.0,4.25,descending,212.37
58.0,4.5,descending,211.874
58.0,4.75,descending,211.45
58.0,5.0,descending,211.56
58.0,5.25,descending,212.28398
58.0,5.5,descending,212.574
58.0,5.75,descending,213.746
58.0,6.0,descending,214.905
58.0,6.25,descending,217.11165
58.0,6.5,descending,220.478
58.0,6.75,descending,223.465
58.0,7.0,descending,225.46571
58.0,7.25,descending,225.63599
58.0,7.5,descending,223.63199
58.0,7.75,descending,221.82166
58.0,8.0,descending,217.15167
58.0,8.25,descending,214.095
58.0,8.5,descending,212.07999
58.0,8.75,descending,210.398
58.0,9.0,descending,209.38571
58.0,9.25,descending,209.804
58.0,9.5,descending,211.98874
58.0,9.75,descending,213.00801
58.0,10.0,descending,214.265
58.0,10.25,descending,212.96867
58.0,10.5,descending,211.72363
58.0,10.75,descending,212.22421
58.0,11.0,descending,214.01933
58.0,11.25,descending,219.81721
58.0,11.5,descending,229.00647
58.0,11.75,descending,239.33647
58.0,12.0,descending,248.58165
58.0,12.25,descending,253.63824
58.0,12.5,descending,257.13498
58.0,12.75,descending,259.3294
58.0,13.0,descending,259.98578
58.0,13.25,descending,259.7121
58.0,13.5,descending,258.2821
58.0,13.75,descending,254.55696
58.0,14.0,descending,250.35666
58.0,14.25,descending,250.597
58.0,14.5,descending,253.52832
58.0,14.75,descending,255.31831
58.0,15.0,descending,257.0857
58.0,15.25,descending,258.128
58.0,15.5,descending,258.65286
58.0,15.75,descending,258.85
58.0,16.0,descending,258.564
58.0,16.25,descending,256.32797
58.0,16.5,descending,250.02998
58.0,16.75,descending,240.275
58.0,17.0,descending,226.60664
58.0,17.25,descending,215.58
58.0,17.5,descending,210.23398
58.0,17.75,descending,208.8225
58.0,18.0,descending,208.995
58.0,18.25,descending,212.55833
58.0,18.5,descending,220.694
58.0,18.75,descending,224.99199
58.0,19.0,descending,224.224
58.0,19.25,descending,218.68333
58.0,19.5,descending,212.025
58.0,19.75,descending,209.77
58.0,20.0,descending,208.70998
58.0,20.25,descending,208.66599
58.0,20.5,descending,208.81999
58.0,20.75,descending,209.13
58.0,21.0,descending,210.3875
58.0,21.25,descending,211.668
58.0,21.5,descending,214.8675
58.0,21.75,descending,219.872
58.0,22.0,descending,223.4725
58.0,22.25,descending,226.272
58.0,22.5,descending,223.948
58.0,22.75,descending,221.50601
58.0,23.0,descending,216.56749
58.0,23.25,descending,214.698
58.0,23.5,descending,213.0475
58.0,23.75,descending,214.0
58.0,24.0,descending,217.262
58.0,24.25,descending,224.877
58.0,24.5,descending,231.54822
58.0,24.75,descending,238.548
58.0,25.0,descending,245.06436
58.0,25.25,descending,250.66066
58.0,25.5,descending,253.18333
58.0,25.75,descending,256.35928
58.0,26.0,descending,258.05847
58.0,26.25,descending,258.76453
58.0,26.5,descending,259.8157
58.0,26.75,descending,259.71454
58.0,27.0,descending,259.37787
58.0,27.25,descending,258.22916
58.0,27.5,descending,256.8
58.0,27.75,descending,255.51833
58.0,28.0,descending,255.53453
58.0,28.25,descending,255.995
58.0,28.5,descending,256.32727
58.0,28.75,descending,256.12726
58.0,29.0,descending,255.83667
58.0,29.25,descending,255.23198
58.0,29.5,descending,254.48833
58.0,29.75,descending,253.267
58.0,30.0,descending,252.32364
58.0,30.25,descending,251.124
58.0,30.5,descending,250.026
58.0,30.75,descending,249.373
58.0,31.0,descending,248.15273
58.0,31.25,descending,248.70999
58.0,31.5,descending,251.004
58.0,31.75,descending,253.55817
58.0,32.0,descending,255.80544
58.0,32.25,descending,257.345
58.0,32.5,descending,257.98166
58.0,32.75,descending,258.2
58.0,33.0,descending,257.909
58.0,33.25,descending,257.8025
58.0,33.5,descending,258.42902
58.0,33.75,descending,258.8975
58.0,34.0,descending,259.3609
58.0,34.25,descending,259.444
58.0,34.5,descending,259.90155
58.0,34.75,descending,260.01273
58.0,35.0,descending,260.51364
58.0,35.25,descending,261.3023
58.0,35.5,descending,262.1425
58.0,35.75,descending,262.727
58.0,36.0,descending,262.97415
58.0,36.25,descending,263.10583
58.0,36.5,descending,263.24768
58.0,36.75,descending,263.3533
58.0,37.0,descending,263.35498
58.0,37.25,descending,263.13928
58.0,37.5,descending,262.46185
58.0,37.75,descending,261.56857
58.0,38.0,descending,259.7191
58.25,-13.0,descending,204.93665
58.25,-12.75,descending,204.99562
58.25,-12.5,descending,205.11353
58.25,-12.25,descending,205.38777
58.25,-12.0,descending,205.54813
58.25,-11.75,descending,205.76399
58.25,-11.5,descending,206.0461
58.25,-11.25,descending,206.20778
58.25,-11.0,descending,206.4221
58.25,-10.75,descending,206.6962
58.25,-10.5,descending,206.87318
58.25,-10.25,descending,206.75798
58.25,-10.0,descending,206.64143
58.25,-9.75,descending,207.30998
58.25,-9.5,descending,207.46333
58.25,-9.25,descending,207.676
58.25,-9.0,descending,207.79
58.25,-8.75,descending,207.58
58.25,-8.5,descending,207.40498
58.25,-8.25,descending,207.26749
58.25,-8.0,descending,207.00998
58.25,-7.75,descending,207.25334
58.25,-7.5,descending,208.9
58.25,-7.25,descending,214.43001
58.25,-7.0,descending,223.3375
58.25,-6.75,descending,228.48198
58.25,-6.5,descending,230.95332
58.25,-6.25,descending,224.265
58.25,-6.0,descending,217.898
58.25,-5.75,descending,217.42749
58.25,-5.5,descending,225.53333
58.25,-5.25,descending,239.43
58.25,-5.0,descending,248.53398
58.25,-4.75,descending,257.90164
58.25,-4.5,descending,261.17798
58.25,-4.25,descending,260.64334
58.25,-4.0,descending,255.16833
58.25,-3.75,descending,243.915
58.25,-3.5,descending,234.84
58.25,-3.25,descending,222.75998
58.25,-3.0,descending,219.76001
58.25,-2.75,descending,220.0
58.25,-2.5,descending,223.26999
58.25,-2.25,descending,224.035
58.25,-2.0,descending,225.196
58.25,-1.75,descending,224.75334
58.25,-1.5,descending,226.596
58.25,-1.25,descending,227.37334
58.25,-1.0,descending,228.72333
58.25,-0.75,descending,229.2525
58.25,-0.5,descending,229.39499
58.25,-0.25,descending,229.54
58.25,0.0,descending,226.41599
58.25,0.25,descending,229.68198
58.25,0.5,descending,228.77249
58.25,0.75,descending,226.6525
58.25,1.0,descending,224.11198
58.25,1.25,descending,220.92801
58.25,1.5,descending,217.91333
58.25,1.75,descending,216.092
58.25,2.0,descending,214.824
58.25,2.25,descending,214.4375
58.25,2.5,descending,214.26999
58.25,2.75,descending,214.155
58.25,3.0,descending,214.1225
58.25,3.25,descending,214.074
58.25,3.5,descending,214.01833
58.25,3.75,descending,213.9175
58.25,4.0,descending,213.78598
58.25,4.25,descending,213.646
58.25,4.5,descending,213.03
58.25,4.75,descending,212.8
58.25,5.0,descending,213.20749
58.25,5.25,descending,214.51749
58.25,5.5,descending,216.618
58.25,5.75,descending,219.04999
58.25,6.0,descending,222.65833
58.25,6.25,descending,227.9
58.25,6.5,descending,233.0575
58.25,6.75,descending,238.19199
58.25,7.0,descending,243.04999
58.25,7.25,descending,243.48398
58.25,7.5,descending,240.47249
58.25,7.75,descending,238.62834
58.25,8.0,descending,235.194
58.25,8.25,descending,228.12
58.25,8.5,descending,221.75667
58.25,8.75,descending,216.38998
58.25,9.0,descending,212.96
58.25,9.25,descending,210.58667
58.25,9.5,descending,209.626
58.25,9.75,descending,209.62999
58.25,10.0,descending,210.05798
58.25,10.25,descending,210.59125
58.25,10.5,descending,210.8511
58.25,10.75,descending,213.02843
58.25,11.0,descending,217.62631
58.25,11.25,descending,225.02599
58.25,11.5,descending,237.27116
58.25,11.75,descending,244.87561
58.25,12.0,descending,251.12
58.25,12.25,descending,254.42123
58.25,12.5,descending,256.0631
58.25,12.75,descending,257.67062
58.25,13.0,descending,257.68472
58.25,13.25,descending,257.50186
58.25,13.5,descending,255.67099
58.25,13.75,descending,252.69353
58.25,14.0,descending,248.13904
58.25,14.25,descending,244.92648
58.25,14.5,descending,244.601
58.25,14.75,descending,247.21666
58.25,15.0,descending,251.08
58.25,15.25,descending,254.33667
58.25,15.5,descending,255.576
58.25,15.75,descending,255.7
58.25,16.0,descending,255.71999
58.25,16.25,descending,254.88998
58.25,16.5,descending,250.07199
58.25,16.75,descending,240.47499
58.25,17.0,descending,230.04248
58.25,17.25,descending,218.802
58.25,17.5,descending,211.314
58.25,17.75,descending,208.63332
58.25,18.0,descending,208.246
58.25,18.25,descending,208.53
58.25,18.5,descending,210.248
58.25,18.75,descending,213.935
58.25,19.0,descending,215.11
58.25,19.25,descending,214.41
58.25,19.5,descending,212.59499
58.25,19.75,descending,210.11499
58.25,20.0,descending,209.426
58.25,20.25,descending,209.13
58.25,20.5,descending,209.5875
58.25,20.75,descending,209.846
58.25,21.0,descending,210.29399
58.25,21.25,descending,211.805
58.25,21.5,descending,214.45999
58.25,21.75,descending,219.71599
58.25,22.0,descending,227.564
58.25,22.25,descending,229.56667
58.25,22.5,descending,230.29399
58.25,22.75,descending,223.3825
58.25,23.0,descending,220.6125
58.25,23.25,descending,216.5975
58.25,23.5,descending,217.81334
58.25,23.75,descending,223.38998
58.25,24.0,descending,224.34
58.25,24.25,descending,230.32927
58.25,24.5,descending,235.48051
58.25,24.75,descending,239.75465
58.25,25.0,descending,244.60786
58.25,25.25,descending,249.14856
58.25,25.5,descending,251.89133
58.25,25.75,descending,253.73453
58.25,26.0,descending,256.02307
58.25,26.25,descending,257.31693
58.25,26.5,descending,257.73456
58.25,26.75,descending,258.662
58.25,27.0,descending,256.79538
58.25,27.25,descending,255.34908
58.25,27.5,descending,254.26817
58.25,27.75,descending,254.04443
58.25,28.0,descending,254.96399
58.25,28.25,descending,255.84181
58.25,28.5,descending,256.127
58.25,28.75,descending,256.19272
58.25,29.0,descending,256.06332
58.25,29.25,descending,256.0011
58.25,29.5,descending,255.603
58.25,29.75,descending,254.925
58.25,30.0,descending,253.974
58.25,30.25,descending,252.73401
58.25,30.5,descending,251.54637
58.25,30.75,descending,249.46777
58.25,31.0,descending,248.48363
58.25,31.25,descending,248.5511
58.25,31.5,descending,250.43
58.25,31.75,descending,253.66222
58.25,32.0,descending,256.16333
58.25,32.25,descending,257.84442
58.25,32.5,descending,258.36166
58.25,32.75,descending,258.7078
58.25,33.0,descending,258.23456
58.25,33.25,descending,257.56
58.25,33.5,descending,257.992
58.25,33.75,descending,258.475
58.25,34.0,descending,259.00998
58.25,34.25,descending,260.18698
58.25,34.5,descending,260.51917
58.25,34.75,descending,260.79776
58.25,35.0,descending,260.99582
58.25,35.25,descending,261.574
58.25,35.5,descending,262.46332
58.25,35.75,descending,263.09363
58.25,36.0,descending,263.5
58.25,36.25,descending,263.73923
58.25,36.5,descending,263.7425
58.25,36.75,descending,263.78
58.25,37.0,descending,263.44077
58.25,37.25,descending,262.4746
58.25,37.5,descending,259.52335
58.25,37.75,descending,255.20062
58.25,38.0,descending,250.57857
58.5,-13.0,descending,204.88713
58.5,-12.75,descending,204.98
58.5,-12.5,descending,205.03687
58.5,-12.25,descending,205.07266
58.5,-12.0,descending,205.2541
58.5,-11.75,descending,205.42188
58.5,-11.5,descending,205.59833
58.5,-11.25,descending,205.87646
58.5,-11.0,descending,206.24388
58.5,-10.75,descending,206.387
58.5,-10.5,descending,206.52348
58.5,-10.25,descending,206.53261
58.5,-10.0,descending,206.36
58.5,-9.75,descending,206.13332
58.5,-9.5,descending,206.37834
58.5,-9.25,descending,206.57832
58.5,-9.0,descending,206.89832
58.5,-8.75,descending,207.08167
58.5,-8.5,descending,207.29599
58.5,-8.25,descending,207.446
58.5,-8.0,descending,207.355
58.5,-7.75,descending,207.255
58.5,-7.5,descending,207.29399
58.5,-7.25,descending,208.65666
58.5,-7.0,descending,213.722
58.5,-6.75,descending,218.975
58.5,-6.5,descending,224.45999
58.5,-6.25,descending,224.174
58.5,-6.0,descending,220.30801
58.5,-5.75,descending,216.18799
58.5,-5.5,descending,217.45801
58.5,-5.25,descending,227.056
58.5,-5.0,descending,238.16199
58.5,-4.75,descending,247.055
58.5,-4.5,descending,252.74399
58.5,-4.25,descending,254.6325
58.5,-4.0,descending,252.52597
58.5,-3.75,descending,251.53
58.5,-3.5,descending,243.028
58.5,-3.25,descending,234.215
58.5,-3.0,descending,225.73398
58.5,-2.75,descending,221.6575
58.5,-2.5,descending,221.77249
58.5,-2.25,descending,223.67801
58.5,-2.0,descending,223.83798
58.5,-1.75,descending,223.798
58.5,-1.5,descending,224.23
58.5,-1.25,descending,226.078
58.5,-1.0,descending,227.6
58.5,-0.75,descending,228.722
58.5,-0.5,descending,229.50801
58.5,-0.25,descending,230.478
58.5,0.0,descending,227.25
58.5,0.25,descending,231.60999
58.5,0.5,descending,230.694
58.5,0.75,descending,228.174
58.5,1.0,descending,224.39249
58.5,1.25,descending,221.48248
58.5,1.5,descending,218.59999
58.5,1.75,descending,216.79999
58.5,2.0,descending,216.028
58.5,2.25,descending,215.51599
58.5,2.5,descending,215.06198
58.5,2.75,descending,215.15
58.5,3.0,descending,215.43599
58.5,3.25,descending,215.722
58.5,3.5,descending,215.95
58.5,3.75,descending,215.58798
58.5,4.0,descending,215.48398
58.5,4.25,descending,215.1525
58.5,4.5,descending,214.486
58.5,4.75,descending,213.974
58.5,5.0,descending,214.552
58.5,5.25,descending,217.672
58.5,5.5,descending,223.622
58.5,5.75,descending,228.524
58.5,6.0,descending,235.56198
58.5,6.25,descending,241.215
58.5,6.5,descending,246.624
58.5,6.75,descending,252.27832
58.5,7.0,descending,255.77249
58.5,7.25,descending,257.254
58.5,7.5,descending,256.01248
58.5,7.75,descending,253.05
58.5,8.0,descending,250.69499
58.5,8.25,descending,246.842
58.5,8.5,descending,237.71715
58.5,8.75,descending,228.898
58.5,9.0,descending,221.408
58.5,9.25,descending,215.93001
58.5,9.5,descending,211.502
58.5,9.75,descending,210.25
58.5,10.0,descending,210.185
58.5,10.25,descending,210.3
58.5,10.5,descending,211.79857
58.5,10.75,descending,215.02116
58.5,11.0,descending,221.5763
58.5,11.25,descending,232.93234
58.5,11.5,descending,241.97705
58.5,11.75,descending,249.59062
58.5,12.0,descending,252.44437
58.5,12.25,descending,251.93938
58.5,12.5,descending,249.95134
58.5,12.75,descending,248.71295
58.5,13.0,descending,248.70732
58.5,13.25,descending,250.97499
58.5,13.5,descending,250.68134
58.5,13.75,descending,251.0663
58.5,14.0,descending,248.5891
58.5,14.25,descending,245.01949
58.5,14.5,descending,243.61392
58.5,14.75,descending,243.98544
58.5,15.0,descending,245.97287
58.5,15.25,descending,249.894
58.5,15.5,descending,253.01
58.5,15.75,descending,254.14
58.5,16.0,descending,254.18333
58.5,16.25,descending,253.444
58.5,16.5,descending,250.76833
58.5,16.75,descending,243.93999
58.5,17.0,descending,232.25601
58.5,17.25,descending,222.73398
58.5,17.5,descending,215.148
58.5,17.75,descending,210.522
58.5,18.0,descending,208.846
58.5,18.25,descending,208.84
58.5,18.5,descending,209.094
58.5,18.75,descending,209.73999
58.5,19.0,descending,210.944
58.5,19.25,descending,211.71799
58.5,19.5,descending,211.858
58.5,19.75,descending,211.275
58.5,20.0,descending,211.646
58.5,20.25,descending,211.96333
58.5,20.5,descending,211.9375
58.5,20.75,descending,212.9325
58.5,21.0,descending,213.78833
58.5,21.25,descending,215.1825
58.5,21.5,descending,217.13399
58.5,21.75,descending,223.226
58.5,22.0,descending,231.01
58.5,22.25,descending,238.23799
58.5,22.5,descending,241.50801
58.5,22.75,descending,237.50998
58.5,23.0,descending,230.78749
58.5,23.25,descending,227.40201
58.5,23.5,descending,229.288
58.5,23.75,descending,234.595
58.5,24.0,descending,239.3375
58.5,24.25,descending,244.33333
58.5,24.5,descending,247.54411
58.5,24.75,descending,249.31688
58.5,25.0,descending,250.16437
58.5,25.25,descending,251.51143
58.5,25.5,descending,253.245
58.5,25.75,descending,254.33461
58.5,26.0,descending,254.84082
58.5,26.25,descending,255.7969
58.5,26.5,descending,255.9775
58.5,26.75,descending,254.17384
58.5,27.0,descending,250.45401
58.5,27.25,descending,247.44362
58.5,27.5,descending,245.29834
58.5,27.75,descending,247.93634
58.5,28.0,descending,252.35167
58.5,28.25,descending,255.62544
58.5,28.5,descending,257.01727
58.5,28.75,descending,256.887
58.5,29.0,descending,256.7389
58.5,29.25,descending,256.63818
58.5,29.5,descending,256.36453
58.5,29.75,descending,256.35498
58.5,30.0,descending,255.87817
58.5,30.25,descending,254.929
58.5,30.5,descending,253.85298
58.5,30.75,descending,252.71635
58.5,31.0,descending,251.30374
58.5,31.25,descending,250.4618
58.5,31.5,descending,252.82452
58.5,31.75,descending,254.96544
58.5,32.0,descending,257.47333
58.5,32.25,descending,258.54727
58.5,32.5,descending,259.178
58.5,32.75,descending,258.27667
58.5,33.0,descending,258.27222
58.5,33.25,descending,257.92273
58.5,33.5,descending,257.871
58.5,33.75,descending,258.497
58.5,34.0,descending,258.97165
58.5,34.25,descending,259.725
58.5,34.5,descending,260.41333
58.5,34.75,descending,260.77
58.5,35.0,descending,261.24454
58.5,35.25,descending,261.83273
58.5,35.5,descending,262.6825
58.5,35.75,descending,263.426
58.5,36.0,descending,263.85
58.5,36.25,descending,264.099
58.5,36.5,descending,264.11142
58.5,36.75,descending,263.81198
58.5,37.0,descending,262.86847
58.5,37.25,descending,260.24454
58.5,37.5,descending,256.28357
58.5,37.75,descending,247.52614
58.5,38.0,descending,242.385
58.75,-13.0,descending,205.06999
58.75,-12.75,descending,205.07866
58.75,-12.5,descending,205.08499
58.75,-12.25,descending,205.116
58.75,-12.0,descending,205.16333
58.75,-11.75,descending,205.28067
58.75,-11.5,descending,205.47125
58.75,-11.25,descending,205.72186
58.75,-11.0,descending,205.9247
58.75,-10.75,descending,205.93666
58.75,-10.5,descending,206.0122
58.75,-10.25,descending,206.11551
58.75,-10.0,descending,206.21864
58.75,-9.75,descending,206.2423
58.75,-9.5,descending,205.94499
58.75,-9.25,descending,206.12598
58.75,-9.0,descending,206.314
58.75,-8.75,descending,206.48999
58.75,-8.5,descending,206.81334
58.75,-8.25,descending,207.18834
58.75,-8.0,descending,207.478
58.75,-7.75,descending,207.502
58.75,-7.5,descending,207.43001
58.75,-7.25,descending,207.4225
58.75,-7.0,descending,208.16599
58.75,-6.75,descending,210.38167
58.75,-6.5,descending,214.538
58.75,-6.25,descending,215.35999
58.75,-6.0,descending,216.67801
58.75,-5.75,descending,215.61249
58.75,-5.5,descending,216.07498
58.75,-5.25,descending,219.39499
58.75,-5.0,descending,227.415
58.75,-4.75,descending,235.65201
58.75,-4.5,descending,237.342
58.75,-4.25,descending,240.0025
58.75,-4.0,descending,235.53601
58.75,-3.75,descending,239.455
58.75,-3.5,descending,239.38799
58.75,-3.25,descending,236.368
58.75,-3.0,descending,230.20401
58.75,-2.75,descending,225.7325
58.75,-2.5,descending,224.32999
58.75,-2.25,descending,225.27
58.75,-2.0,descending,225.65332
58.75,-1.75,descending,225.16333
58.75,-1.5,descending,225.43599
58.75,-1.25,descending,226.15332
58.75,-1.0,descending,227.69199
58.75,-0.75,descending,229.02333
58.75,-0.5,descending,230.44
58.75,-0.25,descending,231.66667
58.75,0.0,descending,226.57143
58.75,0.25,descending,232.9625
58.75,0.5,descending,231.94
58.75,0.75,descending,229.37999
58.75,1.0,descending,226.4025
58.75,1.25,descending,222.17249
58.75,1.5,descending,219.43599
58.75,1.75,descending,218.20999
58.75,2.0,descending,217.5
58.75,2.25,descending,217.81198
58.75,2.5,descending,217.066
58.75,2.75,descending,217.128
58.75,3.0,descending,217.44331
58.75,3.25,descending,218.23
58.75,3.5,descending,217.95601
58.75,3.75,descending,217.648
58.75,4.0,descending,216.944
58.75,4.25,descending,216.03
58.75,4.5,descending,215.10999
58.75,4.75,descending,214.665
58.75,5.0,descending,215.83398
58.75,5.25,descending,220.83598
58.75,5.5,descending,228.82797
58.75,5.75,descending,238.76399
58.75,6.0,descending,245.98999
58.75,6.25,descending,251.42
58.75,6.5,descending,255.75601
58.75,6.75,descending,258.32
58.75,7.0,descending,259.74
58.75,7.25,descending,261.05402
58.75,7.5,descending,261.6
58.75,7.75,descending,260.93198
58.75,8.0,descending,259.352
58.75,8.25,descending,257.34
58.75,8.5,descending,251.63284
58.75,8.75,descending,244.378
58.75,9.0,descending,235.314
58.75,9.25,descending,225.99142
58.75,9.5,descending,218.248
58.75,9.75,descending,214.746
58.75,10.0,descending,213.47714
58.75,10.25,descending,212.66833
58.75,10.5,descending,215.10905
58.75,10.75,descending,219.21263
58.75,11.0,descending,226.6025
58.75,11.25,descending,236.59625
58.75,11.5,descending,246.21117
58.75,11.75,descending,252.89143
58.75,12.0,descending,253.26
58.75,12.25,descending,250.17285
58.75,12.5,descending,243.52937
58.75,12.75,descending,238.46858
58.75,13.0,descending,235.54437
58.75,13.25,descending,237.32733
58.75,13.5,descending,240.29375
58.75,13.75,descending,243.29704
58.75,14.0,descending,246.0275
58.75,14.25,descending,247.30354
58.75,14.5,descending,247.88237
58.75,14.75,descending,249.82684
58.75,15.0,descending,251.70076
58.75,15.25,descending,250.672
58.75,15.5,descending,254.25334
58.75,15.75,descending,256.40802
58.75,16.0,descending,256.18597
58.75,16.25,descending,255.17
58.75,16.5,descending,254.118
58.75,16.75,descending,251.952
58.75,17.0,descending,244.04834
58.75,17.25,descending,232.0325
58.75,17.5,descending,225.45166
58.75,17.75,descending,218.352
58.75,18.0,descending,214.724
58.75,18.25,descending,212.06999
58.75,18.5,descending,212.515
58.75,18.75,descending,213.2425
58.75,19.0,descending,213.702
58.75,19.25,descending,214.3075
58.75,19.5,descending,215.4075
58.75,19.75,descending,215.646
58.75,20.0,descending,215.56
58.75,20.25,descending,217.7425
58.75,20.5,descending,217.96832
58.75,20.75,descending,218.88249
58.75,21.0,descending,220.676
58.75,21.25,descending,220.2325
58.75,21.5,descending,222.25
58.75,21.75,descending,224.45
58.75,22.0,descending,231.236
58.75,22.25,descending,238.8075
58.75,22.5,descending,244.25601
58.75,22.75,descending,244.4375
58.75,23.0,descending,240.34999
58.75,23.25,descending,238.22
58.75,23.5,descending,238.4225
58.75,23.75,descending,246.69499
58.75,24.0,descending,251.64166
58.75,24.25,descending,255.16544
58.75,24.5,descending,256.19
58.75,24.75,descending,256.58664
58.75,25.0,descending,256.9675
58.75,25.25,descending,256.94
58.75,25.5,descending,256.59308
58.75,25.75,descending,257.3323
58.75,26.0,descending,257.0046
58.75,26.25,descending,256.60544
58.75,26.5,descending,255.93846
58.75,26.75,descending,252.59181
58.75,27.0,descending,247.41182
58.75,27.25,descending,240.58363
58.75,27.5,descending,237.65909
58.75,27.75,descending,240.98634
58.75,28.0,descending,248.53749
58.75,28.25,descending,253.71443
58.75,28.5,descending,256.59442
58.75,28.75,descending,257.656
58.75,29.0,descending,257.9509
58.75,29.25,descending,258.00998
58.75,29.5,descending,257.94
58.75,29.75,descending,257.52667
58.75,30.0,descending,257.22833
58.75,30.25,descending,257.20667
58.75,30.5,descending,256.8909
58.75,30.75,descending,256.59778
58.75,31.0,descending,254.677
58.75,31.25,descending,255.81818
58.75,31.5,descending,256.50125
58.75,31.75,descending,257.262
58.75,32.0,descending,258.37
58.75,32.25,descending,258.94727
58.75,32.5,descending,259.55
58.75,32.75,descending,259.24182
58.75,33.0,descending,258.50183
58.75,33.25,descending,258.53445
58.75,33.5,descending,258.80112
58.75,33.75,descending,258.4027
58.75,34.0,descending,258.46725
58.75,34.25,descending,258.892
58.75,34.5,descending,259.30298
58.75,34.75,descending,260.3509
58.75,35.0,descending,261.383
58.75,35.25,descending,262.09
58.75,35.5,descending,262.96634
58.75,35.75,descending,263.62
58.75,36.0,descending,264.08798
58.75,36.25,descending,264.26584
58.75,36.5,descending,264.1575
58.75,36.75,descending,263.6218
58.75,37.0,descending,262.25748
58.75,37.25,descending,260.15164
58.75,37.5,descending,254.97466
58.75,37.75,descending,248.74545
58.75,38.0,descending,243.65
59.0,-13.0,descending,205.39856
59.0,-12.75,descending,205.33
59.0,-12.5,descending,205.31598
59.0,-12.25,descending,205.29285
59.0,-12.0,descending,205.32176
59.0,-11.75,descending,205.332
59.0,-11.5,descending,205.43001
59.0,-11.25,descending,205.50436
59.0,-11.0,descending,205.52528
59.0,-10.75,descending,205.58875
59.0,-10.5,descending,205.55278
59.0,-10.25,descending,205.73294
59.0,-10.0,descending,205.94789
59.0,-9.75,descending,206.18227
59.0,-9.5,descending,206.30278
59.0,-9.25,descending,206.04167
59.0,-9.0,descending,206.21999
59.0,-8.75,descending,206.43999
59.0,-8.5,descending,206.75601
59.0,-8.25,descending,207.1075
59.0,-8.0,descending,207.45
59.0,-7.75,descending,207.702
59.0,-7.5,descending,207.724
59.0,-7.25,descending,207.685
59.0,-7.0,descending,207.852
59.0,-6.75,descending,208.465
59.0,-6.5,descending,209.736
59.0,-6.25,descending,211.49199
59.0,-6.0,descending,213.21599
59.0,-5.75,descending,214.97333
59.0,-5.5,descending,216.76799
59.0,-5.25,descending,220.00601
59.0,-5.0,descending,224.066
59.0,-4.75,descending,227.92
59.0,-4.5,descending,228.65201
59.0,-4.25,descending,226.78198
59.0,-4.0,descending,223.83499
59.0,-3.75,descending,223.10799
59.0,-3.5,descending,227.148
59.0,-3.25,descending,228.935
59.0,-3.0,descending,230.502
59.0,-2.75,descending,227.5575
59.0,-2.5,descending,226.64749
59.0,-2.25,descending,226.852
59.0,-2.0,descending,227.496
59.0,-1.75,descending,227.25998
59.0,-1.5,descending,227.44
59.0,-1.25,descending,227.194
59.0,-1.0,descending,228.41249
59.0,-0.75,descending,229.79
59.0,-0.5,descending,231.6025
59.0,-0.25,descending,232.724
59.0,0.0,descending,229.202
59.0,0.25,descending,233.00798
59.0,0.5,descending,231.452
59.0,0.75,descending,228.68
59.0,1.0,descending,225.144
59.0,1.25,descending,221.936
59.0,1.5,descending,219.8275
59.0,1.75,descending,219.83
59.0,2.0,descending,219.762
59.0,2.25,descending,220.68333
59.0,2.5,descending,221.0
59.0,2.75,descending,221.16
59.0,3.0,descending,220.46399
59.0,3.25,descending,220.805
59.0,3.5,descending,220.27666
59.0,3.75,descending,219.824
59.0,4.0,descending,217.98799
59.0,4.25,descending,216.604
59.0,4.5,descending,215.476
59.0,4.75,descending,215.18799
59.0,5.0,descending,217.29199
59.0,5.25,descending,222.305
59.0,5.5,descending,230.8
59.0,5.75,descending,241.43198
59.0,6.0,descending,249.63799
59.0,6.25,descending,254.476
59.0,6.5,descending,256.47
59.0,6.75,descending,257.10797
59.0,7.0,descending,257.752
59.0,7.25,descending,259.82
59.0,7.5,descending,261.27597
59.0,7.75,descending,262.076
59.0,8.0,descending,262.045
59.0,8.25,descending,261.16833
59.0,8.5,descending,259.154
59.0,8.75,descending,254.70401
59.0,9.0,descending,249.68999
59.0,9.25,descending,240.95667
59.0,9.5,descending,232.915
59.0,9.75,descending,228.22667
59.0,10.0,descending,222.575
59.0,10.25,descending,221.69429
59.0,10.5,descending,223.68721
59.0,10.75,descending,227.89209
59.0,11.0,descending,233.33588
59.0,11.25,descending,242.71588
59.0,11.5,descending,249.74374
59.0,11.75,descending,253.55875
59.0,12.0,descending,254.41124
59.0,12.25,descending,251.564
59.0,12.5,descending,246.84937
59.0,12.75,descending,238.98866
59.0,13.0,descending,234.385
59.0,13.25,descending,230.03929
59.0,13.5,descending,231.0239
59.0,13.75,descending,234.87692
59.0,14.0,descending,242.65823
59.0,14.25,descending,248.72833
59.0,14.5,descending,253.88498
59.0,14.75,descending,256.78333
59.0,15.0,descending,258.02905
59.0,15.25,descending,257.40762
59.0,15.5,descending,257.14398
59.0,15.75,descending,258.552
59.0,16.0,descending,259.336
59.0,16.25,descending,259.17166
59.0,16.5,descending,258.86166
59.0,16.75,descending,258.2375
59.0,17.0,descending,255.69199
59.0,17.25,descending,251.34166
59.0,17.5,descending,245.376
59.0,17.75,descending,236.0025
59.0,18.0,descending,233.646
59.0,18.25,descending,225.66333
59.0,18.5,descending,220.85333
59.0,18.75,descending,219.09999
59.0,19.0,descending,220.432
59.0,19.25,descending,220.70801
59.0,19.5,descending,221.904
59.0,19.75,descending,222.874
59.0,20.0,descending,222.88666
59.0,20.25,descending,223.3725
59.0,20.5,descending,225.096
59.0,20.75,descending,224.9775
59.0,21.0,descending,226.06749
59.0,21.25,descending,225.905
59.0,21.5,descending,226.22998
59.0,21.75,descending,227.65
59.0,22.0,descending,230.70332
59.0,22.25,descending,235.08199
59.0,22.5,descending,241.316
59.0,22.75,descending,243.17499
59.0,23.0,descending,241.80598
59.0,23.25,descending,241.0925
59.0,23.5,descending,244.828
59.0,23.75,descending,250.6025
59.0,24.0,descending,257.704
59.0,24.25,descending,258.78375
59.0,24.5,descending,258.40054
59.0,24.75,descending,259.66528
59.0,25.0,descending,259.8514
59.0,25.25,descending,260.04065
59.0,25.5,descending,259.73334
59.0,25.75,descending,260.045
59.0,26.0,descending,260.04785
59.0,26.25,descending,259.82333
59.0,26.5,descending,258.71332
59.0,26.75,descending,255.5425
59.0,27.0,descending,250.5175
59.0,27.25,descending,243.595
59.0,27.5,descending,241.24454
59.0,27.75,descending,243.25749
59.0,28.0,descending,248.644
59.0,28.25,descending,253.58083
59.0,28.5,descending,256.82727
59.0,28.75,descending,259.16998
59.0,29.0,descending,259.854
59.0,29.25,descending,259.95636
59.0,29.5,descending,259.9218
59.0,29.75,descending,259.86633
59.0,30.0,descending,259.66
59.0,30.25,descending,259.3118
59.0,30.5,descending,258.50446
59.0,30.75,descending,259.04724
59.0,31.0,descending,259.06363
59.0,31.25,descending,258.76373
59.0,31.5,descending,259.089
59.0,31.75,descending,259.444
59.0,32.0,descending,259.29538
59.0,32.25,descending,259.1444
59.0,32.5,descending,258.91556
59.0,32.75,descending,259.52554
59.0,33.0,descending,258.66666
59.0,33.25,descending,258.86
59.0,33.5,descending,259.48636
59.0,33.75,descending,258.94998
59.0,34.0,descending,257.38248
59.0,34.25,descending,257.6122
59.0,34.5,descending,258.41098
59.0,34.75,descending,259.07
59.0,35.0,descending,261.04636
59.0,35.25,descending,262.13898
59.0,35.5,descending,263.29
59.0,35.75,descending,263.84555
59.0,36.0,descending,264.13834
59.0,36.25,descending,264.16498
59.0,36.5,descending,264.03082
59.0,36.75,descending,263.487
59.0,37.0,descending,262.3654
59.0,37.25,descending,260.775
59.0,37.5,descending,257.84183
59.0,37.75,descending,254.55856
59.0,38.0,descending,252.92888
59.25,-13.0,descending,205.605
59.25,-12.75,descending,205.62692
59.25,-12.5,descending,205.65941
59.25,-12.25,descending,205.64214
59.25,-12.0,descending,205.51538
59.25,-11.75,descending,205.45732
59.25,-11.5,descending,205.41266
59.25,-11.25,descending,205.43533
59.25,-11.0,descending,205.39732
59.25,-10.75,descending,205.39644
59.25,-10.5,descending,205.40411
59.25,-10.25,descending,205.56
59.25,-10.0,descending,205.80832
59.25,-9.75,descending,206.04889
59.25,-9.5,descending,206.111
59.25,-9.25,descending,206.09448
59.25,-9.0,descending,206.13332
59.25,-8.75,descending,206.44832
59.25,-8.5,descending,206.878
59.25,-8.25,descending,207.38998
59.25,-8.0,descending,207.805
59.25,-7.75,descending,208.04999
59.25,-7.5,descending,208.08398
59.25,-7.25,descending,208.048
59.25,-7.0,descending,208.246
59.25,-6.75,descending,208.898
59.25,-6.5,descending,210.15799
59.25,-6.25,descending,212.04498
59.25,-6.0,descending,213.98999
59.25,-5.75,descending,216.27249
59.25,-5.5,descending,218.78398
59.25,-5.25,descending,221.98
59.25,-5.0,descending,225.42249
59.25,-4.75,descending,227.6675
59.25,-4.5,descending,227.815
59.25,-4.25,descending,225.545
59.25,-4.0,descending,220.96199
59.25,-3.75,descending,218.4825
59.25,-3.5,descending,219.29399
59.25,-3.25,descending,222.34
59.25,-3.0,descending,227.002
59.25,-2.75,descending,228.54999
59.25,-2.5,descending,228.07999
59.25,-2.25,descending,227.97333
59.25,-2.0,descending,227.90999
59.25,-1.75,descending,227.8575
59.25,-1.5,descending,227.6275
59.25,-1.25,descending,227.765
59.25,-1.0,descending,228.06999
59.25,-0.75,descending,229.52249
59.25,-0.5,descending,230.6675
59.25,-0.25,descending,232.22499
59.25,0.0,descending,232.63
59.25,0.25,descending,231.9925
59.25,0.5,descending,229.75499
59.25,0.75,descending,226.91599
59.25,1.0,descending,223.65999
59.25,1.25,descending,221.405
59.25,1.5,descending,220.324
59.25,1.75,descending,221.04668
59.25,2.0,descending,222.608
59.25,2.25,descending,223.88
59.25,2.5,descending,224.23999
59.25,2.75,descending,224.62
59.25,3.0,descending,224.854
59.25,3.25,descending,224.514
59.25,3.5,descending,222.872
59.25,3.75,descending,222.08
59.25,4.0,descending,219.9
59.25,4.25,descending,218.262
59.25,4.5,descending,216.564
59.25,4.75,descending,216.866
59.25,5.0,descending,219.3625
59.25,5.25,descending,224.37997
59.25,5.5,descending,231.906
59.25,5.75,descending,239.944
59.25,6.0,descending,248.23398
59.25,6.25,descending,252.84499
59.25,6.5,descending,253.752
59.25,6.75,descending,252.31999
59.25,7.0,descending,253.50601
59.25,7.25,descending,256.018
59.25,7.5,descending,258.955
59.25,7.75,descending,260.726
59.25,8.0,descending,261.492
59.25,8.25,descending,261.82498
59.25,8.5,descending,261.76248
59.25,8.75,descending,261.004
59.25,9.0,descending,257.994
59.25,9.25,descending,253.52
59.25,9.5,descending,248.92499
59.25,9.75,descending,246.448
59.25,10.0,descending,238.83798
59.25,10.25,descending,234.75
59.25,10.5,descending,238.13312
59.25,10.75,descending,242.54555
59.25,11.0,descending,245.82106
59.25,11.25,descending,251.06467
59.25,11.5,descending,253.98529
59.25,11.75,descending,255.83865
59.25,12.0,descending,256.36856
59.25,12.25,descending,255.21143
59.25,12.5,descending,252.64
59.25,12.75,descending,248.50713
59.25,13.0,descending,243.18
59.25,13.25,descending,237.648
59.25,13.5,descending,236.93199
59.25,13.75,descending,239.68437
59.25,14.0,descending,245.94937
59.25,14.25,descending,252.75436
59.25,14.5,descending,257.02292
59.25,14.75,descending,259.57373
59.25,15.0,descending,259.525
59.25,15.25,descending,258.1394
59.25,15.5,descending,257.01633
59.25,15.75,descending,257.288
59.25,16.0,descending,257.56998
59.25,16.25,descending,258.88998
59.25,16.5,descending,259.602
59.25,16.75,descending,259.586
59.25,17.0,descending,258.414
59.25,17.25,descending,256.846
59.25,17.5,descending,255.53198
59.25,17.75,descending,252.26001
59.25,18.0,descending,248.564
59.25,18.25,descending,241.88249
59.25,18.5,descending,236.2175
59.25,18.75,descending,227.576
59.25,19.0,descending,224.91
59.25,19.25,descending,224.21
59.25,19.5,descending,225.368
59.25,19.75,descending,226.01799
59.25,20.0,descending,226.25998
59.25,20.25,descending,226.3075
59.25,20.5,descending,226.33798
59.25,20.75,descending,227.55249
59.25,21.0,descending,227.86198
59.25,21.25,descending,228.066
59.25,21.5,descending,228.038
59.25,21.75,descending,228.26
59.25,22.0,descending,229.34
59.25,22.25,descending,230.8575
59.25,22.5,descending,234.674
59.25,22.75,descending,238.3275
59.25,23.0,descending,238.76749
59.25,23.25,descending,240.6675
59.25,23.5,descending,243.9675
59.25,23.75,descending,250.6375
59.25,24.0,descending,255.01
59.25,24.25,descending,258.624
59.25,24.5,descending,255.7411
59.25,24.75,descending,256.9875
59.25,25.0,descending,259.21625
59.25,25.25,descending,259.46454
59.25,25.5,descending,260.10666
59.25,25.75,descending,260.59085
59.25,26.0,descending,260.28693
59.25,26.25,descending,259.97083
59.25,26.5,descending,259.02084
59.25,26.75,descending,258.292
59.25,27.0,descending,254.31084
59.25,27.25,descending,251.0575
59.25,27.5,descending,248.762
59.25,27.75,descending,250.00555
59.25,28.0,descending,251.92538
59.25,28.25,descending,255.5389
59.25,28.5,descending,257.97083
59.25,28.75,descending,259.53445
59.25,29.0,descending,259.94098
59.25,29.25,descending,261.7989
59.25,29.5,descending,260.5
59.25,29.75,descending,261.05334
59.25,30.0,descending,260.267
59.25,30.25,descending,260.195
59.25,30.5,descending,260.65363
59.25,30.75,descending,259.7611
59.25,31.0,descending,260.80334
59.25,31.25,descending,260.69998
59.25,31.5,descending,260.16998
59.25,31.75,descending,259.62442
59.25,32.0,descending,260.348
59.25,32.25,descending,260.68817
59.25,32.5,descending,260.39557
59.25,32.75,descending,259.28555
59.25,33.0,descending,259.3691
59.25,33.25,descending,259.755
59.25,33.5,descending,258.964
59.25,33.75,descending,258.84555
59.25,34.0,descending,257.8609
59.25,34.25,descending,257.3911
59.25,34.5,descending,257.9533
59.25,34.75,descending,258.19775
59.25,35.0,descending,259.8177
59.25,35.25,descending,261.44373
59.25,35.5,descending,262.7918
59.25,35.75,descending,263.61667
59.25,36.0,descending,263.9325
59.25,36.25,descending,264.0509
59.25,36.5,descending,263.91833
59.25,36.75,descending,263.56076
59.25,37.0,descending,262.913
59.25,37.25,descending,261.81454
59.25,37.5,descending,259.865
59.25,37.75,descending,259.31546
59.25,38.0,descending,258.94333
59.5,-13.0,descending,205.9825
59.5,-12.75,descending,206.10306
59.5,-12.5,descending,206.11642
59.5,-12.25,descending,205.98665
59.5,-12.0,descending,205.95749
59.5,-11.75,descending,205.64429
59.5,-11.5,descending,205.63687
59.5,-11.25,descending,205.53615
59.5,-11.0,descending,205.39249
59.5,-10.75,descending,205.53534
59.5,-10.5,descending,205.51936
59.5,-10.25,descending,205.65623
59.5,-10.0,descending,205.782
59.5,-9.75,descending,205.88235
59.5,-9.5,descending,205.90579
59.5,-9.25,descending,205.92159
59.5,-9.0,descending,205.91899
59.5,-8.75,descending,206.27625
59.5,-8.5,descending,206.92168
59.5,-8.25,descending,207.48665
59.5,-8.0,descending,208.09833
59.5,-7.75,descending,208.3925
59.5,-7.5,descending,208.42
59.5,-7.25,descending,208.41599
59.5,-7.0,descending,208.522
59.5,-6.75,descending,209.01
59.5,-6.5,descending,210.145
59.5,-6.25,descending,212.08598
59.5,-6.0,descending,215.08333
59.5,-5.75,descending,218.37498
59.5,-5.5,descending,221.79399
59.5,-5.25,descending,224.444
59.5,-5.0,descending,227.13799
59.5,-4.75,descending,228.41399
59.5,-4.5,descending,228.378
59.5,-4.25,descending,227.44499
59.5,-4.0,descending,224.70401
59.5,-3.75,descending,222.345
59.5,-3.5,descending,219.86665
59.5,-3.25,descending,220.06
59.5,-3.0,descending,221.874
59.5,-2.75,descending,224.846
59.5,-2.5,descending,225.89667
59.5,-2.25,descending,227.21399
59.5,-2.0,descending,226.79
59.5,-1.75,descending,226.6025
59.5,-1.5,descending,226.66399
59.5,-1.25,descending,227.23398
59.5,-1.0,descending,227.78
59.5,-0.75,descending,228.25598
59.5,-0.5,descending,229.18999
59.5,-0.25,descending,230.004
59.5,0.0,descending,224.66833
59.5,0.25,descending,230.34799
59.5,0.5,descending,229.065
59.5,0.75,descending,226.175
59.5,1.0,descending,223.654
59.5,1.25,descending,221.6225
59.5,1.5,descending,221.302
59.5,1.75,descending,222.56999
59.5,2.0,descending,225.38249
59.5,2.25,descending,226.8875
59.5,2.5,descending,227.304
59.5,2.75,descending,227.486
59.5,3.0,descending,228.02249
59.5,3.25,descending,227.9975
59.5,3.5,descending,226.892
59.5,3.75,descending,224.99199
59.5,4.0,descending,222.29749
59.5,4.25,descending,220.97249
59.5,4.5,descending,219.528
59.5,4.75,descending,220.076
59.5,5.0,descending,223.826
59.5,5.25,descending,231.354
59.5,5.5,descending,237.4475
59.5,5.75,descending,242.69199
59.5,6.0,descending,247.925
59.5,6.25,descending,251.5
59.5,6.5,descending,250.76833
59.5,6.75,descending,247.89749
59.5,7.0,descending,247.892
59.5,7.25,descending,250.8375
59.5,7.5,descending,254.594
59.5,7.75,descending,257.72
59.5,8.0,descending,259.73666
59.5,8.25,descending,261.10165
59.5,8.5,descending,261.94666
59.5,8.75,descending,262.4925
59.5,9.0,descending,262.256
59.5,9.25,descending,261.02426
59.5,9.5,descending,259.25833
59.5,9.75,descending,257.02
59.5,10.0,descending,252.46
59.5,10.25,descending,247.43834
59.5,10.5,descending,250.33142
59.5,10.75,descending,253.72833
59.5,11.0,descending,256.57333
59.5,11.25,descending,259.13998
59.5,11.5,descending,259.63498
59.5,11.75,descending,259.96927
59.5,12.0,descending,260.08063
59.5,12.25,descending,259.18933
59.5,12.5,descending,258.16187
59.5,12.75,descending,255.34866
59.5,13.0,descending,252.61214
59.5,13.25,descending,250.70937
59.5,13.5,descending,251.25356
59.5,13.75,descending,253.23357
59.5,14.0,descending,255.67175
59.5,14.25,descending,258.12616
59.5,14.5,descending,259.23706
59.5,14.75,descending,260.7011
59.5,15.0,descending,260.68942
59.5,15.25,descending,260.05313
59.5,15.5,descending,259.6076
59.5,15.75,descending,259.7975
59.5,16.0,descending,258.6057
59.5,16.25,descending,257.255
59.5,16.5,descending,257.222
59.5,16.75,descending,257.78665
59.5,17.0,descending,257.494
59.5,17.25,descending,256.55
59.5,17.5,descending,255.98248
59.5,17.75,descending,255.908
59.5,18.0,descending,255.77332
59.5,18.25,descending,251.90201
59.5,18.5,descending,245.63
59.5,18.75,descending,237.4
59.5,19.0,descending,227.92499
59.5,19.25,descending,224.48999
59.5,19.5,descending,222.474
59.5,19.75,descending,223.0275
59.5,20.0,descending,222.875
59.5,20.25,descending,223.34
59.5,20.5,descending,222.7775
59.5,20.75,descending,223.32999
59.5,21.0,descending,224.95798
59.5,21.25,descending,225.2
59.5,21.5,descending,226.672
59.5,21.75,descending,227.4225
59.5,22.0,descending,227.84999
59.5,22.25,descending,228.5875
59.5,22.5,descending,230.16399
59.5,22.75,descending,232.62999
59.5,23.0,descending,233.998
59.5,23.25,descending,236.9375
59.5,23.5,descending,238.73001
59.5,23.75,descending,243.495
59.5,24.0,descending,244.75
59.5,24.25,descending,250.04749
59.5,24.5,descending,240.9253
59.5,24.75,descending,240.67058
59.5,25.0,descending,244.55333
59.5,25.25,descending,247.456
59.5,25.5,descending,248.45857
59.5,25.75,descending,251.58858
59.5,26.0,descending,250.73615
59.5,26.25,descending,251.73363
59.5,26.5,descending,247.43153
59.5,26.75,descending,247.45583
59.5,27.0,descending,244.665
59.5,27.25,descending,240.3775
59.5,27.5,descending,240.76
59.5,27.75,descending,242.25908
59.5,28.0,descending,245.86636
59.5,28.25,descending,249.971
59.5,28.5,descending,254.8218
59.5,28.75,descending,257.63364
59.5,29.0,descending,259.51248
59.5,29.25,descending,260.08887
59.5,29.5,descending,260.362
59.5,29.75,descending,259.78363
59.5,30.0,descending,259.68634
59.5,30.25,descending,260.579
59.5,30.5,descending,259.87
59.5,30.75,descending,260.83887
59.5,31.0,descending,260.168
59.5,31.25,descending,258.94
59.5,31.5,descending,261.127
59.5,31.75,descending,260.00897
59.5,32.0,descending,260.23373
59.5,32.25,descending,259.69888
59.5,32.5,descending,259.64908
59.5,32.75,descending,259.39
59.5,33.0,descending,260.64664
59.5,33.25,descending,260.61728
59.5,33.5,descending,260.58557
59.5,33.75,descending,258.969
59.5,34.0,descending,258.66907
59.5,34.25,descending,258.06332
59.5,34.5,descending,257.85
59.5,34.75,descending,257.06
59.5,35.0,descending,257.9627
59.5,35.25,descending,259.8009
59.5,35.5,descending,261.46298
59.5,35.75,descending,262.498
59.5,36.0,descending,263.1775
59.5,36.25,descending,263.68698
59.5,36.5,descending,263.83908
59.5,36.75,descending,263.635
59.5,37.0,descending,263.1925
59.5,37.25,descending,262.8791
59.5,37.5,descending,262.1575
59.5,37.75,descending,262.00546
59.5,38.0,descending,261.78555
59.75,-13.0,descending,206.97499
59.75,-12.75,descending,206.35799
59.75,-12.5,descending,206.36154
59.75,-12.25,descending,206.36499
59.75,-12.0,descending,206.09154
59.75,-11.75,descending,206.15356
59.75,-11.5,descending,205.8007
59.75,-11.25,descending,205.85286
59.75,-11.0,descending,205.7957
59.75,-10.75,descending,205.67462
59.75,-10.5,descending,205.748
59.75,-10.25,descending,205.85153
59.75,-10.0,descending,205.80647
59.75,-9.75,descending,205.79437
59.75,-9.5,descending,205.83214
59.75,-9.25,descending,205.83789
59.75,-9.0,descending,206.02473
59.75,-8.75,descending,206.08899
59.75,-8.5,descending,206.63998
59.75,-8.25,descending,207.566
59.75,-8.0,descending,207.974
59.75,-7.75,descending,208.36168
59.75,-7.5,descending,208.55998
59.75,-7.25,descending,208.785
59.75,-7.0,descending,209.45601
59.75,-6.75,descending,210.12334
59.75,-6.5,descending,211.2325
59.75,-6.25,descending,213.1525
59.75,-6.0,descending,215.58499
59.75,-5.75,descending,219.51399
59.75,-5.5,descending,223.59749
59.75,-5.25,descending,227.54668
59.75,-5.0,descending,229.59
59.75,-4.75,descending,229.95749
59.75,-4.5,descending,228.736
59.75,-4.25,descending,228.5275
59.75,-4.0,descending,227.86499
59.75,-3.75,descending,225.70332
59.75,-3.5,descending,224.68
59.75,-3.25,descending,221.71
59.75,-3.0,descending,221.354
59.75,-2.75,descending,221.66
59.75,-2.5,descending,223.70499
59.75,-2.25,descending,224.8375
59.75,-2.0,descending,225.98
59.75,-1.75,descending,226.5275
59.75,-1.5,descending,227.27798
59.75,-1.25,descending,228.13
59.75,-1.0,descending,227.89499
59.75,-0.75,descending,227.93599
59.75,-0.5,descending,228.15
59.75,-0.25,descending,228.71333
59.75,0.0,descending,224.28857
59.75,0.25,descending,229.0
59.75,0.5,descending,228.06999
59.75,0.75,descending,226.28
59.75,1.0,descending,224.15
59.75,1.25,descending,223.20798
59.75,1.5,descending,223.17
59.75,1.75,descending,224.78
59.75,2.0,descending,226.63
59.75,2.25,descending,228.90749
59.75,2.5,descending,229.91
59.75,2.75,descending,229.875
59.75,3.0,descending,229.9775
59.75,3.25,descending,229.98
59.75,3.5,descending,228.80998
59.75,3.75,descending,227.01749
59.75,4.0,descending,225.04399
59.75,4.25,descending,223.905
59.75,4.5,descending,222.90999
59.75,4.75,descending,223.66
59.75,5.0,descending,227.75
59.75,5.25,descending,234.76999
59.75,5.5,descending,241.13
59.75,5.75,descending,246.092
59.75,6.0,descending,249.23999
59.75,6.25,descending,250.15598
59.75,6.5,descending,247.6375
59.75,6.75,descending,243.804
59.75,7.0,descending,242.3375
59.75,7.25,descending,244.376
59.75,7.5,descending,248.04498
59.75,7.75,descending,252.21501
59.75,8.0,descending,256.03198
59.75,8.25,descending,258.40997
59.75,8.5,descending,260.122
59.75,8.75,descending,261.826
59.75,9.0,descending,262.47748
59.75,9.25,descending,262.8
59.75,9.5,descending,262.62
59.75,9.75,descending,260.918
59.75,10.0,descending,258.22998
59.75,10.25,descending,255.788
59.75,10.5,descending,256.3425
59.75,10.75,descending,259.04468
59.75,11.0,descending,260.775
59.75,11.25,descending,262.09467
59.75,11.5,descending,263.025
59.75,11.75,descending,263.2923
59.75,12.0,descending,263.30927
59.75,12.25,descending,262.51532
59.75,12.5,descending,261.50922
59.75,12.75,descending,260.72
59.75,13.0,descending,259.37265
59.75,13.25,descending,260.21332
59.75,13.5,descending,260.66928
59.75,13.75,descending,261.49924
59.75,14.0,descending,261.95306
59.75,14.25,descending,262.14786
59.75,14.5,descending,262.43134
59.75,14.75,descending,262.91357
59.75,15.0,descending,263.11874
59.75,15.25,descending,263.2175
59.75,15.5,descending,263.03116
59.75,15.75,descending,262.914
59.75,16.0,descending,262.57156
59.75,16.25,descending,262.32
59.75,16.5,descending,260.97998
59.75,16.75,descending,260.2025
59.75,17.0,descending,259.82666
59.75,17.25,descending,259.62
59.75,17.5,descending,258.902
59.75,17.75,descending,259.15997
59.75,18.0,descending,260.10498
59.75,18.25,descending,258.62997
59.75,18.5,descending,253.53249
59.75,18.75,descending,247.29599
59.75,19.0,descending,235.45
59.75,19.25,descending,225.772
59.75,19.5,descending,222.17749
59.75,19.75,descending,220.356
59.75,20.0,descending,220.26399
59.75,20.25,descending,219.80998
59.75,20.5,descending,219.38399
59.75,20.75,descending,219.18
59.75,21.0,descending,220.50998
59.75,21.25,descending,222.19499
59.75,21.5,descending,224.70798
59.75,21.75,descending,226.3925
59.75,22.0,descending,228.196
59.75,22.25,descending,229.08
59.75,22.5,descending,230.908
59.75,22.75,descending,232.70401
59.75,23.0,descending,234.85333
59.75,23.25,descending,235.96399
59.75,23.5,descending,237.42332
59.75,23.75,descending,238.48799
59.75,24.0,descending,238.82666
59.75,24.25,descending,239.68999
59.75,24.5,descending,225.51462
59.75,24.75,descending,224.80176
59.75,25.0,descending,223.13437
59.75,25.25,descending,225.80539
59.75,25.5,descending,225.57533
59.75,25.75,descending,229.15
59.75,26.0,descending,229.2177
59.75,26.25,descending,230.72833
59.75,26.5,descending,226.94362
59.75,26.75,descending,228.12271
59.75,27.0,descending,225.32692
59.75,27.25,descending,222.95999
59.75,27.5,descending,222.446
59.75,27.75,descending,223.21362
59.75,28.0,descending,228.80501
59.75,28.25,descending,235.82332
59.75,28.5,descending,241.44699
59.75,28.75,descending,246.39099
59.75,29.0,descending,251.35817
59.75,29.25,descending,255.073
59.75,29.5,descending,256.397
59.75,29.75,descending,256.62125
59.75,30.0,descending,256.99875
59.75,30.25,descending,254.45554
59.75,30.5,descending,256.89636
59.75,30.75,descending,257.91455
59.75,31.0,descending,256.5822
59.75,31.25,descending,258.391
59.75,31.5,descending,256.81665
59.75,31.75,descending,259.38666
59.75,32.0,descending,259.6918
59.75,32.25,descending,259.29623
59.75,32.5,descending,258.37
59.75,32.75,descending,257.664
59.75,33.0,descending,258.4989
59.75,33.25,descending,259.775
59.75,33.5,descending,260.253
59.75,33.75,descending,259.65857
59.75,34.0,descending,259.30832
59.75,34.25,descending,258.28
59.75,34.5,descending,258.22446
59.75,34.75,descending,257.523
59.75,35.0,descending,257.148
59.75,35.25,descending,257.449
59.75,35.5,descending,259.289
59.75,35.75,descending,260.67224
59.75,36.0,descending,261.93222
59.75,36.25,descending,262.66544
59.75,36.5,descending,263.164
59.75,36.75,descending,263.247
59.75,37.0,descending,263.02545
59.75,37.25,descending,262.51553
59.75,37.5,descending,262.275
59.75,37.75,descending,262.012
59.75,38.0,descending,262.035
60.0,-13.0,descending,206.9475
60.0,-12.75,descending,206.88866
60.0,-12.5,descending,206.57666
60.0,-12.25,descending,206.45665
60.0,-12.0,descending,206.37845
60.0,-11.75,descending,206.22499
60.0,-11.5,descending,206.10832
60.0,-11.25,descending,206.04066
60.0,-11.0,descending,206.00845
60.0,-10.75,descending,206.04614
60.0,-10.5,descending,206.05186
60.0,-10.25,descending,205.98462
60.0,-10.0,descending,206.16266
60.0,-9.75,descending,206.04285
60.0,-9.5,descending,206.03294
60.0,-9.25,descending,206.25624
60.0,-9.0,descending,206.33948
60.0,-8.75,descending,206.61388
60.0,-8.5,descending,206.73955
60.0,-8.25,descending,207.40538
60.0,-8.0,descending,208.68166
60.0,-7.75,descending,209.00601
60.0,-7.5,descending,209.34
60.0,-7.25,descending,210.01999
60.0,-7.0,descending,211.394
60.0,-6.75,descending,213.3175
60.0,-6.5,descending,215.68666
60.0,-6.25,descending,217.55801
60.0,-6.0,descending,220.04599
60.0,-5.75,descending,222.63998
60.0,-5.5,descending,226.00499
60.0,-5.25,descending,228.89998
60.0,-5.0,descending,230.91202
60.0,-4.75,descending,231.5
60.0,-4.5,descending,231.07199
60.0,-4.25,descending,230.1975
60.0,-4.0,descending,230.02332
60.0,-3.75,descending,228.58199
60.0,-3.5,descending,226.872
60.0,-3.25,descending,225.1975
60.0,-3.0,descending,223.722
60.0,-2.75,descending,223.27249
60.0,-2.5,descending,223.4925
60.0,-2.25,descending,225.71
60.0,-2.0,descending,227.67249
60.0,-1.75,descending,229.16599
60.0,-1.5,descending,230.45
60.0,-1.25,descending,230.85333
60.0,-1.0,descending,229.068
60.0,-0.75,descending,227.97667
60.0,-0.5,descending,227.565
60.0,-0.25,descending,227.946
60.0,0.0,descending,224.83
60.0,0.25,descending,228.158
60.0,0.5,descending,227.04999
60.0,0.75,descending,226.004
60.0,1.0,descending,225.1625
60.0,1.25,descending,224.48999
60.0,1.5,descending,224.55801
60.0,1.75,descending,226.01749
60.0,2.0,descending,228.158
60.0,2.25,descending,230.0275
60.0,2.5,descending,231.15
60.0,2.75,descending,230.91199
60.0,3.0,descending,230.26599
60.0,3.25,descending,229.67749
60.0,3.5,descending,227.775
60.0,3.75,descending,226.83598
60.0,4.0,descending,226.23799
60.0,4.25,descending,226.2275
60.0,4.5,descending,226.215
60.0,4.75,descending,227.29
60.0,5.0,descending,231.578
60.0,5.25,descending,237.76001
60.0,5.5,descending,243.986
60.0,5.75,descending,246.9625
60.0,6.0,descending,248.11198
60.0,6.25,descending,247.08499
60.0,6.5,descending,243.676
60.0,6.75,descending,239.29
60.0,7.0,descending,236.95801
60.0,7.25,descending,237.53598
60.0,7.5,descending,241.702
60.0,7.75,descending,245.71199
60.0,8.0,descending,250.00749
60.0,8.25,descending,254.116
60.0,8.5,descending,257.425
60.0,8.75,descending,259.79333
60.0,9.0,descending,261.14664
60.0,9.25,descending,261.8625
60.0,9.5,descending,261.77832
60.0,9.75,descending,260.88998
60.0,10.0,descending,259.53165
60.0,10.25,descending,258.69998
60.0,10.5,descending,259.65332
60.0,10.75,descending,260.54904
60.0,11.0,descending,261.78
60.0,11.25,descending,263.044
60.0,11.5,descending,264.03598
60.0,11.75,descending,264.83
60.0,12.0,descending,265.29785
60.0,12.25,descending,265.3464
60.0,12.5,descending,264.63748
60.0,12.75,descending,264.49213
60.0,13.0,descending,264.15787
60.0,13.25,descending,264.28867
60.0,13.5,descending,264.87076
60.0,13.75,descending,265.166
60.0,14.0,descending,265.02066
60.0,14.25,descending,265.05533
60.0,14.5,descending,264.74
60.0,14.75,descending,264.59213
60.0,15.0,descending,264.55295
60.0,15.25,descending,264.37
60.0,15.5,descending,264.21555
60.0,15.75,descending,264.2106
60.0,16.0,descending,264.1905
60.0,16.25,descending,264.303
60.0,16.5,descending,264.3315
60.0,16.75,descending,264.4833
60.0,17.0,descending,264.4425
60.0,17.25,descending,264.824
60.0,17.5,descending,263.92667
60.0,17.75,descending,263.32498
60.0,18.0,descending,262.772
60.0,18.25,descending,260.874
60.0,18.5,descending,257.112
60.0,18.75,descending,249.50749
60.0,19.0,descending,241.1175
60.0,19.25,descending,231.42998
60.0,19.5,descending,226.102
60.0,19.75,descending,224.77998
60.0,20.0,descending,223.65201
60.0,20.25,descending,224.27249
60.0,20.5,descending,221.814
60.0,20.75,descending,221.89499
60.0,21.0,descending,221.59
60.0,21.25,descending,223.31999
60.0,21.5,descending,226.46799
60.0,21.75,descending,229.618
60.0,22.0,descending,233.965
60.0,22.25,descending,234.23799
60.0,22.5,descending,239.0125
60.0,22.75,descending,239.0625
60.0,23.0,descending,243.10167
60.0,23.25,descending,244.20749
60.0,23.5,descending,244.53598
60.0,23.75,descending,243.4625
60.0,24.0,descending,242.856
60.0,24.25,descending,241.12999
60.0,24.5,descending,231.45917
60.0,24.75,descending,226.1375
60.0,25.0,descending,224.38528
60.0,25.25,descending,219.89357
60.0,25.5,descending,220.332
60.0,25.75,descending,219.01785
60.0,26.0,descending,216.83083
60.0,26.25,descending,218.21666
60.0,26.5,descending,216.83615
60.0,26.75,descending,215.7325
60.0,27.0,descending,215.392
60.0,27.25,descending,214.77
60.0,27.5,descending,213.15749
60.0,27.75,descending,213.825
60.0,28.0,descending,215.63101
60.0,28.25,descending,219.80916
60.0,28.5,descending,224.207
60.0,28.75,descending,230.41364
60.0,29.0,descending,236.45801
60.0,29.25,descending,243.14545
60.0,29.5,descending,246.30301
60.0,29.75,descending,247.624
60.0,30.0,descending,249.39183
60.0,30.25,descending,251.403
60.0,30.5,descending,251.82332
60.0,30.75,descending,249.98221
60.0,31.0,descending,250.28598
60.0,31.25,descending,247.788
60.0,31.5,descending,249.93875
60.0,31.75,descending,251.346
60.0,32.0,descending,253.45801
60.0,32.25,descending,255.48001
60.0,32.5,descending,255.72
60.0,32.75,descending,256.905
60.0,33.0,descending,257.874
60.0,33.25,descending,259.00897
60.0,33.5,descending,260.6311
60.0,33.75,descending,260.03665
60.0,34.0,descending,261.28333
60.0,34.25,descending,259.65
60.0,34.5,descending,258.8578
60.0,34.75,descending,257.75555
60.0,35.0,descending,257.021
60.0,35.25,descending,256.518
60.0,35.5,descending,257.0527
60.0,35.75,descending,258.365
60.0,36.0,descending,259.956
60.0,36.25,descending,260.71698
60.0,36.5,descending,261.7754
60.0,36.75,descending,262.083
60.0,37.0,descending,261.508
60.0,37.25,descending,260.3869
60.0,37.5,descending,259.85898
60.0,37.75,descending,259.83334
60.0,38.0,descending,260.28854
60.25,-13.0,descending,207.95499
60.25,-12.75,descending,207.88467
60.25,-12.5,descending,207.55856
60.25,-12.25,descending,207.68999
60.25,-12.0,descending,206.96858
60.25,-11.75,descending,207.44693
60.25,-11.5,descending,207.0646
60.25,-11.25,descending,207.10538
60.25,-11.0,descending,206.96715
60.25,-10.75,descending,207.01534
60.25,-10.5,descending,207.03693
60.25,-10.25,descending,206.76154
60.25,-10.0,descending,207.00334
60.25,-9.75,descending,206.75865
60.25,-9.5,descending,207.10733
60.25,-9.25,descending,207.11125
60.25,-9.0,descending,207.32999
60.25,-8.75,descending,207.50647
60.25,-8.5,descending,208.06667
60.25,-8.25,descending,208.29842
60.25,-8.0,descending,208.99765
60.25,-7.75,descending,211.448
60.25,-7.5,descending,212.46399
60.25,-7.25,descending,213.248
60.25,-7.0,descending,214.66599
60.25,-6.75,descending,216.95999
60.25,-6.5,descending,220.3425
60.25,-6.25,descending,223.022
60.25,-6.0,descending,225.1875
60.25,-5.75,descending,227.10599
60.25,-5.5,descending,228.16333
60.25,-5.25,descending,229.405
60.25,-5.0,descending,229.944
60.25,-4.75,descending,230.448
60.25,-4.5,descending,229.8925
60.25,-4.25,descending,229.90666
60.25,-4.0,descending,229.4725
60.25,-3.75,descending,228.535
60.25,-3.5,descending,226.91599
60.25,-3.25,descending,225.26001
60.25,-3.0,descending,224.7225
60.25,-2.75,descending,224.4225
60.25,-2.5,descending,225.26799
60.25,-2.25,descending,226.9975
60.25,-2.0,descending,229.09999
60.25,-1.75,descending,232.26
60.25,-1.5,descending,233.9075
60.25,-1.25,descending,234.6725
60.25,-1.0,descending,231.69998
60.25,-0.75,descending,228.93999
60.25,-0.5,descending,227.10251
60.25,-0.25,descending,227.142
60.25,0.0,descending,224.12
60.25,0.25,descending,227.106
60.25,0.5,descending,226.09
60.25,0.75,descending,224.46
60.25,1.0,descending,223.46599
60.25,1.25,descending,222.905
60.25,1.5,descending,223.16399
60.25,1.75,descending,225.08499
60.25,2.0,descending,227.21999
60.25,2.25,descending,230.026
60.25,2.5,descending,230.875
60.25,2.75,descending,230.26666
60.25,3.0,descending,227.776
60.25,3.25,descending,226.904
60.25,3.5,descending,225.36499
60.25,3.75,descending,225.22664
60.25,4.0,descending,225.89249
60.25,4.25,descending,226.92801
60.25,4.5,descending,227.798
60.25,4.75,descending,229.70499
60.25,5.0,descending,235.49333
60.25,5.25,descending,242.168
60.25,5.5,descending,246.89249
60.25,5.75,descending,248.762
60.25,6.0,descending,248.12
60.25,6.25,descending,245.702
60.25,6.5,descending,241.21599
60.25,6.75,descending,236.498
60.25,7.0,descending,233.54199
60.25,7.25,descending,233.4625
60.25,7.5,descending,235.6
60.25,7.75,descending,239.27249
60.25,8.0,descending,244.55998
60.25,8.25,descending,250.2175
60.25,8.5,descending,255.01399
60.25,8.75,descending,258.1575
60.25,9.0,descending,259.778
60.25,9.25,descending,260.54
60.25,9.5,descending,260.37
60.25,9.75,descending,259.6475
60.25,10.0,descending,259.052
60.25,10.25,descending,259.29166
60.25,10.5,descending,260.4225
60.25,10.75,descending,260.63748
60.25,11.0,descending,261.48798
60.25,11.25,descending,262.6575
60.25,11.5,descending,263.6213
60.25,11.75,descending,264.77713
60.25,12.0,descending,265.54312
60.25,12.25,descending,266.20538
60.25,12.5,descending,266.39572
60.25,12.75,descending,266.45712
60.25,13.0,descending,266.5677
60.25,13.25,descending,266.73856
60.25,13.5,descending,266.7623
60.25,13.75,descending,266.8707
60.25,14.0,descending,266.585
60.25,14.25,descending,266.33585
60.25,14.5,descending,266.10785
60.25,14.75,descending,265.34845
60.25,15.0,descending,264.8713
60.25,15.25,descending,264.43
60.25,15.5,descending,264.21823
60.25,15.75,descending,264.21286
60.25,16.0,descending,264.45624
60.25,16.25,descending,264.3522
60.25,16.5,descending,263.92807
60.25,16.75,descending,262.90063
60.25,17.0,descending,265.03598
60.25,17.25,descending,264.92398
60.25,17.5,descending,264.5975
60.25,17.75,descending,263.34665
60.25,18.0,descending,261.1825
60.25,18.25,descending,257.47998
60.25,18.5,descending,251.455
60.25,18.75,descending,244.03598
60.25,19.0,descending,235.648
60.25,19.25,descending,229.79199
60.25,19.5,descending,228.04
60.25,19.75,descending,228.58333
60.25,20.0,descending,229.97
60.25,20.25,descending,229.67668
60.25,20.5,descending,228.378
60.25,20.75,descending,226.58333
60.25,21.0,descending,227.144
60.25,21.25,descending,228.63998
60.25,21.5,descending,233.172
60.25,21.75,descending,237.34749
60.25,22.0,descending,241.475
60.25,22.25,descending,243.905
60.25,22.5,descending,247.975
60.25,22.75,descending,251.03198
60.25,23.0,descending,253.94499
60.25,23.25,descending,255.2475
60.25,23.5,descending,255.45749
60.25,23.75,descending,254.48999
60.25,24.0,descending,254.08398
60.25,24.25,descending,251.69249
60.25,24.5,descending,247.65125
60.25,24.75,descending,243.88057
60.25,25.0,descending,242.15714
60.25,25.25,descending,236.70125
60.25,25.5,descending,234.68666
60.25,25.75,descending,229.28
60.25,26.0,descending,227.27641
60.25,26.25,descending,221.868
60.25,26.5,descending,221.71999
60.25,26.75,descending,218.81831
60.25,27.0,descending,216.36334
60.25,27.25,descending,217.32384
60.25,27.5,descending,215.65999
60.25,27.75,descending,215.40999
60.25,28.0,descending,215.81831
60.25,28.25,descending,218.398
60.25,28.5,descending,221.752
60.25,28.75,descending,226.12125
60.25,29.0,descending,232.849
60.25,29.25,descending,238.21799
60.25,29.5,descending,241.63998
60.25,29.75,descending,244.86546
60.25,30.0,descending,247.46443
60.25,30.25,descending,249.28334
60.25,30.5,descending,249.53249
60.25,30.75,descending,245.47333
60.25,31.0,descending,239.20898
60.25,31.25,descending,233.54399
60.25,31.5,descending,236.02272
60.25,31.75,descending,237.81223
60.25,32.0,descending,240.44333
60.25,32.25,descending,242.526
60.25,32.5,descending,247.72874
60.25,32.75,descending,250.40778
60.25,33.0,descending,254.47
60.25,33.25,descending,257.12
60.25,33.5,descending,259.43298
60.25,33.75,descending,261.28998
60.25,34.0,descending,260.16
60.25,34.25,descending,260.13455
60.25,34.5,descending,259.50668
60.25,34.75,descending,259.17664
60.25,35.0,descending,257.369
60.25,35.25,descending,255.93375
60.25,35.5,descending,256.68546
60.25,35.75,descending,257.25552
60.25,36.0,descending,258.12546
60.25,36.25,descending,259.3322
60.25,36.5,descending,260.40887
60.25,36.75,descending,260.73398
60.25,37.0,descending,259.93582
60.25,37.25,descending,258.22748
60.25,37.5,descending,257.32333
60.25,37.75,descending,258.16666
60.25,38.0,descending,259.31833
60.5,-13.0,descending,209.57832
60.5,-12.75,descending,209.57933
60.5,-12.5,descending,209.68666
60.5,-12.25,descending,209.81615
60.5,-12.0,descending,209.778
60.5,-11.75,descending,210.12306
60.5,-11.5,descending,209.83643
60.5,-11.25,descending,210.04713
60.5,-11.0,descending,209.71143
60.5,-10.75,descending,210.15154
60.5,-10.5,descending,209.26857
60.5,-10.25,descending,209.76384
60.5,-10.0,descending,209.344
60.5,-9.75,descending,209.04384
60.5,-9.5,descending,210.45213
60.5,-9.25,descending,209.90416
60.5,-9.0,descending,209.73471
60.5,-8.75,descending,210.26353
60.5,-8.5,descending,210.74284
60.5,-8.25,descending,210.93571
60.5,-8.0,descending,212.13052
60.5,-7.75,descending,212.05952
60.5,-7.5,descending,215.3075
60.5,-7.25,descending,218.43198
60.5,-7.0,descending,219.568
60.5,-6.75,descending,220.95
60.5,-6.5,descending,223.448
60.5,-6.25,descending,225.376
60.5,-6.0,descending,226.90201
60.5,-5.75,descending,227.81
60.5,-5.5,descending,227.85999
60.5,-5.25,descending,228.705
60.5,-5.0,descending,228.43999
60.5,-4.75,descending,227.97333
60.5,-4.5,descending,227.01
60.5,-4.25,descending,225.906
60.5,-4.0,descending,226.28
60.5,-3.75,descending,225.106
60.5,-3.5,descending,224.06999
60.5,-3.25,descending,222.80666
60.5,-3.0,descending,222.75334
60.5,-2.75,descending,223.09
60.5,-2.5,descending,223.78
60.5,-2.25,descending,225.0275
60.5,-2.0,descending,227.94
60.5,-1.75,descending,230.4425
60.5,-1.5,descending,234.67801
60.5,-1.25,descending,236.6525
60.5,-1.0,descending,234.68399
60.5,-0.75,descending,231.09001
60.5,-0.5,descending,227.74199
60.5,-0.25,descending,227.2475
60.5,0.0,descending,224.09167
60.5,0.25,descending,226.31665
60.5,0.5,descending,224.50749
60.5,0.75,descending,222.314
60.5,1.0,descending,220.2625
60.5,1.25,descending,219.522
60.5,1.5,descending,220.06
60.5,1.75,descending,221.85999
60.5,2.0,descending,225.05801
60.5,2.25,descending,227.0175
60.5,2.5,descending,227.66399
60.5,2.75,descending,227.33598
60.5,3.0,descending,223.91667
60.5,3.25,descending,222.116
60.5,3.5,descending,221.676
60.5,3.75,descending,223.31999
60.5,4.0,descending,225.27249
60.5,4.25,descending,227.04
60.5,4.5,descending,228.01498
60.5,4.75,descending,231.522
60.5,5.0,descending,237.95499
60.5,5.25,descending,245.92332
60.5,5.5,descending,251.376
60.5,5.75,descending,253.27798
60.5,6.0,descending,250.71799
60.5,6.25,descending,246.87
60.5,6.5,descending,242.47499
60.5,6.75,descending,237.68999
60.5,7.0,descending,233.65
60.5,7.25,descending,231.73999
60.5,7.5,descending,232.28
60.5,7.75,descending,235.82199
60.5,8.0,descending,241.6175
60.5,8.25,descending,248.24199
60.5,8.5,descending,253.7125
60.5,8.75,descending,257.15
60.5,9.0,descending,258.9575
60.5,9.25,descending,259.512
60.5,9.5,descending,259.38284
60.5,9.75,descending,258.58002
60.5,10.0,descending,257.97
60.5,10.25,descending,258.046
60.5,10.5,descending,258.99
60.5,10.75,descending,258.61533
60.5,11.0,descending,258.91528
60.5,11.25,descending,260.39645
60.5,11.5,descending,261.67648
60.5,11.75,descending,262.9907
60.5,12.0,descending,263.92355
60.5,12.25,descending,265.15143
60.5,12.5,descending,265.86066
60.5,12.75,descending,266.19385
60.5,13.0,descending,266.75858
60.5,13.25,descending,266.94998
60.5,13.5,descending,267.1143
60.5,13.75,descending,266.9825
60.5,14.0,descending,266.78714
60.5,14.25,descending,266.29785
60.5,14.5,descending,265.78
60.5,14.75,descending,265.3823
60.5,15.0,descending,264.87714
60.5,15.25,descending,264.27786
60.5,15.5,descending,264.14713
60.5,15.75,descending,264.02426
60.5,16.0,descending,264.32776
60.5,16.25,descending,264.34235
60.5,16.5,descending,263.6256
60.5,16.75,descending,261.99905
60.5,17.0,descending,259.1211
60.5,17.25,descending,257.21875
60.5,17.5,descending,258.20197
60.5,17.75,descending,254.1075
60.5,18.0,descending,250.31831
60.5,18.25,descending,247.074
60.5,18.5,descending,238.575
60.5,18.75,descending,231.7225
60.5,19.0,descending,227.28499
60.5,19.25,descending,221.68599
60.5,19.5,descending,221.265
60.5,19.75,descending,224.34999
60.5,20.0,descending,226.43399
60.5,20.25,descending,229.62
60.5,20.5,descending,228.68198
60.5,20.75,descending,229.356
60.5,21.0,descending,231.7
60.5,21.25,descending,235.84
60.5,21.5,descending,240.37798
60.5,21.75,descending,246.0425
60.5,22.0,descending,249.27666
60.5,22.25,descending,253.68001
60.5,22.5,descending,256.875
60.5,22.75,descending,259.955
60.5,23.0,descending,260.9125
60.5,23.25,descending,262.4975
60.5,23.5,descending,262.502
60.5,23.75,descending,262.2525
60.5,24.0,descending,261.9075
60.5,24.25,descending,260.71
60.5,24.5,descending,260.62
60.5,24.75,descending,256.64822
60.5,25.0,descending,257.0659
60.5,25.25,descending,256.54572
60.5,25.5,descending,255.02599
60.5,25.75,descending,251.14691
60.5,26.0,descending,249.53429
60.5,26.25,descending,242.47076
60.5,26.5,descending,239.29637
60.5,26.75,descending,238.01666
60.5,27.0,descending,232.34538
60.5,27.25,descending,233.31
60.5,27.5,descending,228.8175
60.5,27.75,descending,229.36
60.5,28.0,descending,227.38666
60.5,28.25,descending,229.3518
60.5,28.5,descending,231.84544
60.5,28.75,descending,237.424
60.5,29.0,descending,242.85999
60.5,29.25,descending,247.50667
60.5,29.5,descending,250.34908
60.5,29.75,descending,252.1911
60.5,30.0,descending,252.43272
60.5,30.25,descending,251.11374
60.5,30.5,descending,247.24635
60.5,30.75,descending,239.27333
60.5,31.0,descending,229.47
60.5,31.25,descending,223.82124
60.5,31.5,descending,222.02545
60.5,31.75,descending,222.7
60.5,32.0,descending,223.10222
60.5,32.25,descending,226.65375
60.5,32.5,descending,233.83545
60.5,32.75,descending,243.46777
60.5,33.0,descending,250.068
60.5,33.25,descending,254.98444
60.5,33.5,descending,257.44666
60.5,33.75,descending,258.87778
60.5,34.0,descending,259.83875
60.5,34.25,descending,259.129
60.5,34.5,descending,259.26334
60.5,34.75,descending,258.314
60.5,35.0,descending,257.77667
60.5,35.25,descending,256.94998
60.5,35.5,descending,257.075
60.5,35.75,descending,257.097
60.5,36.0,descending,258.073
60.5,36.25,descending,258.62888
60.5,36.5,descending,259.52
60.5,36.75,descending,260.02667
60.5,37.0,descending,259.68597
60.5,37.25,descending,258.643
60.5,37.5,descending,258.193
60.5,37.75,descending,258.47815
60.5,38.0,descending,259.36398
60.75,-13.0,descending,212.44858
60.75,-12.75,descending,213.43866
60.75,-12.5,descending,212.78249
60.75,-12.25,descending,213.58643
60.75,-12.0,descending,213.99635
60.75,-11.75,descending,213.54599
60.75,-11.5,descending,213.39537
60.75,-11.25,descending,213.84637
60.75,-11.0,descending,212.95152
60.75,-10.75,descending,212.97385
60.75,-10.5,descending,213.20306
60.75,-10.25,descending,213.08214
60.75,-10.0,descending,214.10384
60.75,-9.75,descending,214.15692
60.75,-9.5,descending,213.98306
60.75,-9.25,descending,214.61356
60.75,-9.0,descending,213.83643
60.75,-8.75,descending,214.31213
60.75,-8.5,descending,213.73874
60.75,-8.25,descending,214.52846
60.75,-8.0,descending,215.0211
60.75,-7.75,descending,215.65059
60.75,-7.5,descending,216.1655
60.75,-7.25,descending,218.18364
60.75,-7.0,descending,222.72499
60.75,-6.75,descending,223.21666
60.75,-6.5,descending,224.13599
60.75,-6.25,descending,224.78333
60.75,-6.0,descending,224.83833
60.75,-5.75,descending,224.978
60.75,-5.5,descending,224.14499
60.75,-5.25,descending,224.986
60.75,-5.0,descending,226.39667
60.75,-4.75,descending,226.5275
60.75,-4.5,descending,226.605
60.75,-4.25,descending,225.7425
60.75,-4.0,descending,224.58
60.75,-3.75,descending,224.02332
60.75,-3.5,descending,223.106
60.75,-3.25,descending,222.23999
60.75,-3.0,descending,221.875
60.75,-2.75,descending,221.918
60.75,-2.5,descending,222.368
60.75,-2.25,descending,223.83667
60.75,-2.0,descending,225.09
60.75,-1.75,descending,227.4325
60.75,-1.5,descending,229.54999
60.75,-1.25,descending,233.6275
60.75,-1.0,descending,233.715
60.75,-0.75,descending,231.148
60.75,-0.5,descending,228.63249
60.75,-0.25,descending,227.155
60.75,0.0,descending,219.54199
60.75,0.25,descending,225.38998
60.75,0.5,descending,223.665
60.75,0.75,descending,220.63599
60.75,1.0,descending,218.6025
60.75,1.25,descending,217.05666
60.75,1.5,descending,216.58249
60.75,1.75,descending,217.89749
60.75,2.0,descending,219.996
60.75,2.25,descending,221.96332
60.75,2.5,descending,222.99333
60.75,2.75,descending,222.354
60.75,3.0,descending,220.672
60.75,3.25,descending,219.40999
60.75,3.5,descending,219.7925
60.75,3.75,descending,222.054
60.75,4.0,descending,225.33249
60.75,4.25,descending,227.96333
60.75,4.5,descending,229.61499
60.75,4.75,descending,233.932
60.75,5.0,descending,241.446
60.75,5.25,descending,249.60999
60.75,5.5,descending,254.60333
60.75,5.75,descending,255.43333
60.75,6.0,descending,253.054
60.75,6.25,descending,249.18999
60.75,6.5,descending,244.624
60.75,6.75,descending,239.81
60.75,7.0,descending,235.224
60.75,7.25,descending,232.08499
60.75,7.5,descending,231.728
60.75,7.75,descending,234.4625
60.75,8.0,descending,240.12
60.75,8.25,descending,246.7775
60.75,8.5,descending,252.302
60.75,8.75,descending,256.04498
60.75,9.0,descending,257.99
60.75,9.25,descending,258.77
60.75,9.5,descending,258.50998
60.75,9.75,descending,257.622
60.75,10.0,descending,256.746
60.75,10.25,descending,256.325
60.75,10.5,descending,256.21198
60.75,10.75,descending,256.24417
60.75,11.0,descending,256.55823
60.75,11.25,descending,257.70178
60.75,11.5,descending,259.31534
60.75,11.75,descending,260.63687
60.75,12.0,descending,262.18616
60.75,12.25,descending,262.6957
60.75,12.5,descending,263.73615
60.75,12.75,descending,264.34692
60.75,13.0,descending,265.0854
60.75,13.25,descending,265.31927
60.75,13.5,descending,265.76083
60.75,13.75,descending,265.91077
60.75,14.0,descending,265.49667
60.75,14.25,descending,264.715
60.75,14.5,descending,263.77835
60.75,14.75,descending,263.51498
60.75,15.0,descending,263.53497
60.75,15.25,descending,264.06714
60.75,15.5,descending,264.25497
60.75,15.75,descending,264.58798
60.75,16.0,descending,264.876
60.75,16.25,descending,264.61356
60.75,16.5,descending,263.29822
60.75,16.75,descending,260.03857
60.75,17.0,descending,253.30048
60.75,17.25,descending,243.17148
60.75,17.5,descending,237.50446
60.75,17.75,descending,239.36002
60.75,18.0,descending,232.75749
60.75,18.25,descending,229.694
60.75,18.5,descending,225.026
60.75,18.75,descending,220.51599
60.75,19.0,descending,217.01599
60.75,19.25,descending,215.53333
60.75,19.5,descending,214.07999
60.75,19.75,descending,215.9375
60.75,20.0,descending,217.9475
60.75,20.25,descending,220.745
60.75,20.5,descending,223.44499
60.75,20.75,descending,225.6025
60.75,21.0,descending,230.476
60.75,21.25,descending,239.23999
60.75,21.5,descending,247.19998
60.75,21.75,descending,252.4325
60.75,22.0,descending,256.5
60.75,22.25,descending,260.63498
60.75,22.5,descending,261.8725
60.75,22.75,descending,264.2375
60.75,23.0,descending,264.635
60.75,23.25,descending,265.53598
60.75,23.5,descending,265.24
60.75,23.75,descending,264.874
60.75,24.0,descending,264.1925
60.75,24.25,descending,263.9
60.75,24.5,descending,263.76
60.75,24.75,descending,260.2156
60.75,25.0,descending,261.05884
60.75,25.25,descending,261.3564
60.75,25.5,descending,261.64307
60.75,25.75,descending,260.58786
60.75,26.0,descending,259.81583
60.75,26.25,descending,257.77582
60.75,26.5,descending,255.31923
60.75,26.75,descending,253.351
60.75,27.0,descending,251.32452
60.75,27.25,descending,250.28908
60.75,27.5,descending,248.40701
60.75,27.75,descending,247.79
60.75,28.0,descending,243.7675
60.75,28.25,descending,245.58556
60.75,28.5,descending,245.71799
60.75,28.75,descending,248.545
60.75,29.0,descending,250.986
60.75,29.25,descending,254.38777
60.75,29.5,descending,255.39886
60.75,29.75,descending,254.58798
60.75,30.0,descending,252.154
60.75,30.25,descending,248.279
60.75,30.5,descending,239.09001
60.75,30.75,descending,232.68
60.75,31.0,descending,224.89499
60.75,31.25,descending,219.49374
60.75,31.5,descending,214.41249
60.75,31.75,descending,213.46332
60.75,32.0,descending,215.72112
60.75,32.25,descending,218.846
60.75,32.5,descending,224.97125
60.75,32.75,descending,235.20999
60.75,33.0,descending,245.50374
60.75,33.25,descending,251.948
60.75,33.5,descending,256.372
60.75,33.75,descending,257.76
60.75,34.0,descending,258.00668
60.75,34.25,descending,258.10364
60.75,34.5,descending,258.17554
60.75,34.75,descending,257.766
60.75,35.0,descending,256.81775
60.75,35.25,descending,256.4411
60.75,35.5,descending,255.413
60.75,35.75,descending,255.70665
60.75,36.0,descending,255.85443
60.75,36.25,descending,258.064
60.75,36.5,descending,258.86664
60.75,36.75,descending,259.43182
60.75,37.0,descending,259.4425
60.75,37.25,descending,259.305
60.75,37.5,descending,259.15817
60.75,37.75,descending,259.69556
60.75,38.0,descending,259.96
61.0,-13.0,descending,224.07666
61.0,-12.75,descending,221.12001
61.0,-12.5,descending,219.96733
61.0,-12.25,descending,220.40428
61.0,-12.0,descending,218.816
61.0,-11.75,descending,219.88727
61.0,-11.5,descending,218.68642
61.0,-11.25,descending,218.39383
61.0,-11.0,descending,218.00613
61.0,-10.75,descending,217.77383
61.0,-10.5,descending,218.14713
61.0,-10.25,descending,217.90181
61.0,-10.0,descending,218.59769
61.0,-9.75,descending,218.03
61.0,-9.5,descending,218.68
61.0,-9.25,descending,217.19998
61.0,-9.0,descending,218.29356
61.0,-8.75,descending,218.26929
61.0,-8.5,descending,217.95561
61.0,-8.25,descending,217.844
61.0,-8.0,descending,218.49666
61.0,-7.75,descending,218.60118
61.0,-7.5,descending,219.116
61.0,-7.25,descending,220.39388
61.0,-7.0,descending,221.16882
61.0,-6.75,descending,223.065
61.0,-6.5,descending,222.63167
61.0,-6.25,descending,222.45999
61.0,-6.0,descending,221.17334
61.0,-5.75,descending,220.946
61.0,-5.5,descending,220.404
61.0,-5.25,descending,220.498
61.0,-5.0,descending,222.40201
61.0,-4.75,descending,224.13998
61.0,-4.5,descending,225.77998
61.0,-4.25,descending,226.3775
61.0,-4.0,descending,225.73999
61.0,-3.75,descending,224.522
61.0,-3.5,descending,223.64
61.0,-3.25,descending,223.035
61.0,-3.0,descending,222.49199
61.0,-2.75,descending,221.9375
61.0,-2.5,descending,221.48999
61.0,-2.25,descending,221.92801
61.0,-2.0,descending,222.14249
61.0,-1.75,descending,223.73999
61.0,-1.5,descending,223.85999
61.0,-1.25,descending,226.94
61.0,-1.0,descending,227.08199
61.0,-0.75,descending,228.55666
61.0,-0.5,descending,227.35999
61.0,-0.25,descending,226.245
61.0,0.0,descending,219.03444
61.0,0.25,descending,224.40999
61.0,0.5,descending,222.826
61.0,0.75,descending,220.45332
61.0,1.0,descending,218.176
61.0,1.25,descending,216.052
61.0,1.5,descending,214.84
61.0,1.75,descending,214.98749
61.0,2.0,descending,215.325
61.0,2.25,descending,217.32999
61.0,2.5,descending,218.43
61.0,2.75,descending,218.90999
61.0,3.0,descending,219.03
61.0,3.25,descending,219.38399
61.0,3.5,descending,220.43
61.0,3.75,descending,223.002
61.0,4.0,descending,226.08798
61.0,4.25,descending,229.2925
61.0,4.5,descending,231.58499
61.0,4.75,descending,236.77249
61.0,5.0,descending,243.75998
61.0,5.25,descending,250.7125
61.0,5.5,descending,254.698
61.0,5.75,descending,255.2625
61.0,6.0,descending,252.38249
61.0,6.25,descending,248.31198
61.0,6.5,descending,244.1075
61.0,6.75,descending,240.396
61.0,7.0,descending,237.2825
61.0,7.25,descending,234.82199
61.0,7.5,descending,233.44499
61.0,7.75,descending,234.34
61.0,8.0,descending,237.82748
61.0,8.25,descending,243.28198
61.0,8.5,descending,249.392
61.0,8.75,descending,254.0725
61.0,9.0,descending,256.294
61.0,9.25,descending,257.706
61.0,9.5,descending,257.59198
61.0,9.75,descending,256.83
61.0,10.0,descending,255.77
61.0,10.25,descending,254.976
61.0,10.5,descending,254.42249
61.0,10.75,descending,254.61111
61.0,11.0,descending,255.12776
61.0,11.25,descending,256.02353
61.0,11.5,descending,257.38266
61.0,11.75,descending,258.26285
61.0,12.0,descending,259.336
61.0,12.25,descending,260.03644
61.0,12.5,descending,260.86786
61.0,12.75,descending,261.09357
61.0,13.0,descending,262.16998
61.0,13.25,descending,261.9908
61.0,13.5,descending,263.23212
61.0,13.75,descending,263.41
61.0,14.0,descending,263.10416
61.0,14.25,descending,262.4092
61.0,14.5,descending,261.57077
61.0,14.75,descending,261.4654
61.0,15.0,descending,262.16132
61.0,15.25,descending,263.24384
61.0,15.5,descending,263.96832
61.0,15.75,descending,264.63153
61.0,16.0,descending,264.875
61.0,16.25,descending,264.24667
61.0,16.5,descending,261.51562
61.0,16.75,descending,254.4975
61.0,17.0,descending,243.812
61.0,17.25,descending,232.59999
61.0,17.5,descending,224.98955
61.0,17.75,descending,219.65732
61.0,18.0,descending,219.54199
61.0,18.25,descending,216.43999
61.0,18.5,descending,214.096
61.0,18.75,descending,212.98
61.0,19.0,descending,211.254
61.0,19.25,descending,211.342
61.0,19.5,descending,211.41199
61.0,19.75,descending,212.17801
61.0,20.0,descending,214.14749
61.0,20.25,descending,214.86499
61.0,20.5,descending,217.69499
61.0,20.75,descending,220.7475
61.0,21.0,descending,228.2425
61.0,21.25,descending,235.965
61.0,21.5,descending,247.344
61.0,21.75,descending,256.268
61.0,22.0,descending,260.745
61.0,22.25,descending,262.46
61.0,22.5,descending,263.9575
61.0,22.75,descending,264.9675
61.0,23.0,descending,265.772
61.0,23.25,descending,265.605
61.0,23.5,descending,265.38998
61.0,23.75,descending,264.13498
61.0,24.0,descending,263.675
61.0,24.25,descending,262.835
61.0,24.5,descending,263.34
61.0,24.75,descending,259.1377
61.0,25.0,descending,258.7394
61.0,25.25,descending,259.17688
61.0,25.5,descending,259.41333
61.0,25.75,descending,258.85165
61.0,26.0,descending,259.43845
61.0,26.25,descending,258.13165
61.0,26.5,descending,257.775
61.0,26.75,descending,256.83383
61.0,27.0,descending,256.40637
61.0,27.25,descending,255.26917
61.0,27.5,descending,254.202
61.0,27.75,descending,253.42801
61.0,28.0,descending,251.79546
61.0,28.25,descending,251.28453
61.0,28.5,descending,251.68198
61.0,28.75,descending,252.972
61.0,29.0,descending,254.93666
61.0,29.25,descending,255.74666
61.0,29.5,descending,255.702
61.0,29.75,descending,253.148
61.0,30.0,descending,248.1311
61.0,30.25,descending,240.323
61.0,30.5,descending,232.75887
61.0,30.75,descending,224.42
61.0,31.0,descending,218.47556
61.0,31.25,descending,215.26727
61.0,31.5,descending,214.64374
61.0,31.75,descending,215.05777
61.0,32.0,descending,216.89299
61.0,32.25,descending,220.8525
61.0,32.5,descending,228.71298
61.0,32.75,descending,237.75998
61.0,33.0,descending,245.61699
61.0,33.25,descending,252.0425
61.0,33.5,descending,254.81665
61.0,33.75,descending,256.33273
61.0,34.0,descending,256.4883
61.0,34.25,descending,256.88556
61.0,34.5,descending,255.79332
61.0,34.75,descending,255.69556
61.0,35.0,descending,254.03331
61.0,35.25,descending,251.84299
61.0,35.5,descending,247.771
61.0,35.75,descending,246.57443
61.0,36.0,descending,249.405
61.0,36.25,descending,252.85698
61.0,36.5,descending,256.274
61.0,36.75,descending,258.42444
61.0,37.0,descending,258.84363
61.0,37.25,descending,258.4909
61.0,37.5,descending,258.564
61.0,37.75,descending,259.11636
61.0,38.0,descending,259.77
61.25,-13.0,descending,225.35571
61.25,-12.75,descending,225.68846
61.25,-12.5,descending,225.97571
61.25,-12.25,descending,225.36615
61.25,-12.0,descending,225.75143
61.25,-11.75,descending,223.81416
61.25,-11.5,descending,224.84499
61.25,-11.25,descending,223.73167
61.25,-11.0,descending,223.855
61.25,-10.75,descending,223.05908
61.25,-10.5,descending,221.94385
61.25,-10.25,descending,221.95847
61.25,-10.0,descending,221.01917
61.25,-9.75,descending,220.11636
61.25,-9.5,descending,219.02428
61.25,-9.25,descending,218.50334
61.25,-9.0,descending,218.37166
61.25,-8.75,descending,218.4177
61.25,-8.5,descending,219.00537
61.25,-8.25,descending,219.36847
61.25,-8.0,descending,219.6307
61.25,-7.75,descending,219.834
61.25,-7.5,descending,220.56065
61.25,-7.25,descending,221.41353
61.25,-7.0,descending,221.96199
61.25,-6.75,descending,221.8222
61.25,-6.5,descending,221.60374
61.25,-6.25,descending,220.20401
61.25,-6.0,descending,219.304
61.25,-5.75,descending,218.315
61.25,-5.5,descending,217.9175
61.25,-5.25,descending,218.01749
61.25,-5.0,descending,218.76
61.25,-4.75,descending,221.015
61.25,-4.5,descending,222.302
61.25,-4.25,descending,224.298
61.25,-4.0,descending,224.16
61.25,-3.75,descending,224.1
61.25,-3.5,descending,222.6375
61.25,-3.25,descending,221.70999
61.25,-3.0,descending,220.74333
61.25,-2.75,descending,220.3475
61.25,-2.5,descending,219.372
61.25,-2.25,descending,218.7925
61.25,-2.0,descending,218.66249
61.25,-1.75,descending,219.45798
61.25,-1.5,descending,219.39667
61.25,-1.25,descending,220.71399
61.25,-1.0,descending,220.60333
61.25,-0.75,descending,221.82999
61.25,-0.5,descending,223.07251
61.25,-0.25,descending,223.305
61.25,0.0,descending,217.27249
61.25,0.25,descending,223.15
61.25,0.5,descending,222.10333
61.25,0.75,descending,219.9
61.25,1.0,descending,217.56
61.25,1.25,descending,215.73
61.25,1.5,descending,214.6375
61.25,1.75,descending,214.102
61.25,2.0,descending,214.31
61.25,2.25,descending,214.87334
61.25,2.5,descending,215.25499
61.25,2.75,descending,216.125
61.25,3.0,descending,218.185
61.25,3.25,descending,220.25998
61.25,3.5,descending,222.095
61.25,3.75,descending,223.89998
61.25,4.0,descending,225.98749
61.25,4.25,descending,228.18
61.25,4.5,descending,231.43001
61.25,4.75,descending,236.44
61.25,5.0,descending,244.505
61.25,5.25,descending,250.8275
61.25,5.5,descending,254.48999
61.25,5.75,descending,254.45248
61.25,6.0,descending,250.96999
61.25,6.25,descending,245.52666
61.25,6.5,descending,242.08
61.25,6.75,descending,239.31999
61.25,7.0,descending,238.476
61.25,7.25,descending,237.3675
61.25,7.5,descending,235.556
61.25,7.75,descending,234.4625
61.25,8.0,descending,235.872
61.25,8.25,descending,240.272
61.25,8.5,descending,245.77249
61.25,8.75,descending,250.75798
61.25,9.0,descending,254.12
61.25,9.25,descending,255.846
61.25,9.5,descending,256.47
61.25,9.75,descending,256.172
61.25,10.0,descending,255.3125
61.25,10.25,descending,254.39998
61.25,10.5,descending,253.91199
61.25,10.75,descending,254.1375
61.25,11.0,descending,254.27498
61.25,11.25,descending,254.86234
61.25,11.5,descending,255.40187
61.25,11.75,descending,255.84769
61.25,12.0,descending,256.14642
61.25,12.25,descending,256.71075
61.25,12.5,descending,257.32462
61.25,12.75,descending,257.3525
61.25,13.0,descending,258.21213
61.25,13.25,descending,258.45154
61.25,13.5,descending,259.07748
61.25,13.75,descending,259.69833
61.25,14.0,descending,259.95248
61.25,14.25,descending,259.66092
61.25,14.5,descending,259.54785
61.25,14.75,descending,260.52
61.25,15.0,descending,261.22
61.25,15.25,descending,262.2225
61.25,15.5,descending,262.9243
61.25,15.75,descending,263.47083
61.25,16.0,descending,263.40164
61.25,16.25,descending,261.88153
61.25,16.5,descending,258.66785
61.25,16.75,descending,252.23357
61.25,17.0,descending,240.43
61.25,17.25,descending,227.84999
61.25,17.5,descending,219.28067
61.25,17.75,descending,214.82349
61.25,18.0,descending,212.44167
61.25,18.25,descending,210.49165
61.25,18.5,descending,208.996
61.25,18.75,descending,208.95401
61.25,19.0,descending,208.4175
61.25,19.25,descending,208.475
61.25,19.5,descending,209.3425
61.25,19.75,descending,209.656
61.25,20.0,descending,211.028
61.25,20.25,descending,212.092
61.25,20.5,descending,213.665
61.25,20.75,descending,215.55249
61.25,21.0,descending,221.59666
61.25,21.25,descending,232.69
61.25,21.5,descending,243.06
61.25,21.75,descending,252.58249
61.25,22.0,descending,260.62833
61.25,22.25,descending,263.03
61.25,22.5,descending,263.362
61.25,22.75,descending,263.89
61.25,23.0,descending,264.0
61.25,23.25,descending,263.5975
61.25,23.5,descending,263.4025
61.25,23.75,descending,262.055
61.25,24.0,descending,260.69598
61.25,24.25,descending,260.005
61.25,24.5,descending,260.1325
61.25,24.75,descending,256.86
61.25,25.0,descending,256.04248
61.25,25.25,descending,255.30357
61.25,25.5,descending,255.69856
61.25,25.75,descending,256.32715
61.25,26.0,descending,256.2346
61.25,26.25,descending,256.32083
61.25,26.5,descending,256.0425
61.25,26.75,descending,255.8
61.25,27.0,descending,255.21748
61.25,27.25,descending,254.18109
61.25,27.5,descending,252.84816
61.25,27.75,descending,250.5725
61.25,28.0,descending,248.62555
61.25,28.25,descending,247.5725
61.25,28.5,descending,249.21251
61.25,28.75,descending,252.0275
61.25,29.0,descending,254.32889
61.25,29.25,descending,255.88101
61.25,29.5,descending,256.17554
61.25,29.75,descending,253.96555
61.25,30.0,descending,247.805
61.25,30.25,descending,237.552
61.25,30.5,descending,228.03818
61.25,30.75,descending,220.4625
61.25,31.0,descending,217.02998
61.25,31.25,descending,216.80124
61.25,31.5,descending,218.20999
61.25,31.75,descending,222.96571
61.25,32.0,descending,227.42778
61.25,32.25,descending,233.72223
61.25,32.5,descending,240.05
61.25,32.75,descending,246.2
61.25,33.0,descending,251.18907
61.25,33.25,descending,254.46222
61.25,33.5,descending,255.39
61.25,33.75,descending,256.16125
61.25,34.0,descending,255.74554
61.25,34.25,descending,254.90999
61.25,34.5,descending,254.05713
61.25,34.75,descending,252.476
61.25,35.0,descending,249.64572
61.25,35.25,descending,243.9489
61.25,35.5,descending,238.26999
61.25,35.75,descending,233.00598
61.25,36.0,descending,237.48665
61.25,36.25,descending,243.06999
61.25,36.5,descending,252.0711
61.25,36.75,descending,256.659
61.25,37.0,descending,258.0075
61.25,37.25,descending,257.6722
61.25,37.5,descending,257.57556
61.25,37.75,descending,258.02777
61.25,38.0,descending,258.39667
61.5,-13.0,descending,224.32571
61.5,-12.75,descending,224.03
61.5,-12.5,descending,223.846
61.5,-12.25,descending,222.85692
61.5,-12.0,descending,222.48845
61.5,-11.75,descending,222.67357
61.5,-11.5,descending,222.87271
61.5,-11.25,descending,223.12923
61.5,-11.0,descending,222.85071
61.5,-10.75,descending,223.16167
61.5,-10.5,descending,221.70667
61.5,-10.25,descending,221.06544
61.5,-10.0,descending,219.29001
61.5,-9.75,descending,218.4775
61.5,-9.5,descending,218.24615
61.5,-9.25,descending,217.65916
61.5,-9.0,descending,217.9357
61.5,-8.75,descending,218.22728
61.5,-8.5,descending,218.80214
61.5,-8.25,descending,218.73334
61.5,-8.0,descending,218.78642
61.5,-7.75,descending,219.37428
61.5,-7.5,descending,221.06934
61.5,-7.25,descending,222.20134
61.5,-7.0,descending,223.1075
61.5,-6.75,descending,222.98051
61.5,-6.5,descending,222.1721
61.5,-6.25,descending,220.86784
61.5,-6.0,descending,218.50598
61.5,-5.75,descending,217.96
61.5,-5.5,descending,217.44331
61.5,-5.25,descending,217.154
61.5,-5.0,descending,217.568
61.5,-4.75,descending,218.4475
61.5,-4.5,descending,219.63
61.5,-4.25,descending,220.3675
61.5,-4.0,descending,221.24666
61.5,-3.75,descending,221.08
61.5,-3.5,descending,220.48
61.5,-3.25,descending,219.0125
61.5,-3.0,descending,218.59749
61.5,-2.75,descending,217.83249
61.5,-2.5,descending,217.15
61.5,-2.25,descending,216.4175
61.5,-2.0,descending,215.96599
61.5,-1.75,descending,215.80333
61.5,-1.5,descending,216.082
61.5,-1.25,descending,215.95
61.5,-1.0,descending,215.43599
61.5,-0.75,descending,216.52333
61.5,-0.5,descending,216.804
61.5,-0.25,descending,218.58499
61.5,0.0,descending,214.57726
61.5,0.25,descending,219.77333
61.5,0.5,descending,219.93399
61.5,0.75,descending,217.9025
61.5,1.0,descending,216.9075
61.5,1.25,descending,215.31999
61.5,1.5,descending,214.25798
61.5,1.75,descending,214.02
61.5,2.0,descending,213.93799
61.5,2.25,descending,214.13602
61.5,2.5,descending,214.04333
61.5,2.75,descending,214.84799
61.5,3.0,descending,217.03
61.5,3.25,descending,219.54999
61.5,3.5,descending,221.69199
61.5,3.75,descending,223.03398
61.5,4.0,descending,224.11665
61.5,4.25,descending,225.33
61.5,4.5,descending,228.1875
61.5,4.75,descending,234.846
61.5,5.0,descending,242.82999
61.5,5.25,descending,250.146
61.5,5.5,descending,254.45499
61.5,5.75,descending,254.43399
61.5,6.0,descending,251.17
61.5,6.25,descending,246.4525
61.5,6.5,descending,240.56999
61.5,6.75,descending,237.54
61.5,7.0,descending,236.556
61.5,7.25,descending,236.3075
61.5,7.5,descending,235.21799
61.5,7.75,descending,233.9975
61.5,8.0,descending,234.38799
61.5,8.25,descending,237.1275
61.5,8.5,descending,242.096
61.5,8.75,descending,247.34
61.5,9.0,descending,251.478
61.5,9.25,descending,253.885
61.5,9.5,descending,254.83798
61.5,9.75,descending,254.94331
61.5,10.0,descending,254.54668
61.5,10.25,descending,254.08
61.5,10.5,descending,253.89665
61.5,10.75,descending,253.98167
61.5,11.0,descending,254.06
61.5,11.25,descending,254.21666
61.5,11.5,descending,254.41176
61.5,11.75,descending,254.44933
61.5,12.0,descending,254.40125
61.5,12.25,descending,254.25415
61.5,12.5,descending,254.13785
61.5,12.75,descending,253.80615
61.5,13.0,descending,253.91307
61.5,13.25,descending,254.09384
61.5,13.5,descending,254.22667
61.5,13.75,descending,254.98923
61.5,14.0,descending,255.02
61.5,14.25,descending,255.3
61.5,14.5,descending,256.11453
61.5,14.75,descending,257.65308
61.5,15.0,descending,258.28308
61.5,15.25,descending,259.78333
61.5,15.5,descending,260.50076
61.5,15.75,descending,260.98428
61.5,16.0,descending,260.80215
61.5,16.25,descending,259.37833
61.5,16.5,descending,255.91083
61.5,16.75,descending,249.49715
61.5,17.0,descending,239.16667
61.5,17.25,descending,229.65866
61.5,17.5,descending,219.1494
61.5,17.75,descending,214.09071
61.5,18.0,descending,211.06
61.5,18.25,descending,209.23141
61.5,18.5,descending,208.13545
61.5,18.75,descending,207.33199
61.5,19.0,descending,207.20401
61.5,19.25,descending,207.0575
61.5,19.5,descending,207.48999
61.5,19.75,descending,207.65999
61.5,20.0,descending,207.9025
61.5,20.25,descending,209.01749
61.5,20.5,descending,209.54599
61.5,20.75,descending,212.05249
61.5,21.0,descending,215.86198
61.5,21.25,descending,224.84
61.5,21.5,descending,237.09999
61.5,21.75,descending,250.19331
61.5,22.0,descending,257.35498
61.5,22.25,descending,262.37598
61.5,22.5,descending,262.45752
61.5,22.75,descending,262.245
61.5,23.0,descending,261.162
61.5,23.25,descending,260.88333
61.5,23.5,descending,259.61798
61.5,23.75,descending,258.78
61.5,24.0,descending,257.89
61.5,24.25,descending,257.13
61.5,24.5,descending,257.3775
61.5,24.75,descending,255.99571
61.5,25.0,descending,253.96059
61.5,25.25,descending,252.98936
61.5,25.5,descending,252.84499
61.5,25.75,descending,253.24733
61.5,26.0,descending,254.1677
61.5,26.25,descending,254.73
61.5,26.5,descending,255.17749
61.5,26.75,descending,255.27637
61.5,27.0,descending,255.1846
61.5,27.25,descending,254.34908
61.5,27.5,descending,252.66455
61.5,27.75,descending,250.10999
61.5,28.0,descending,247.69499
61.5,28.25,descending,246.868
61.5,28.5,descending,246.98453
61.5,28.75,descending,249.352
61.5,29.0,descending,251.75543
61.5,29.25,descending,254.53111
61.5,29.5,descending,256.22726
61.5,29.75,descending,254.602
61.5,30.0,descending,250.877
61.5,30.25,descending,244.70749
61.5,30.5,descending,235.09299
61.5,30.75,descending,228.81198
61.5,31.0,descending,223.929
61.5,31.25,descending,225.2711
61.5,31.5,descending,228.72112
61.5,31.75,descending,234.979
61.5,32.0,descending,239.4322
61.5,32.25,descending,246.72
61.5,32.5,descending,250.34888
61.5,32.75,descending,251.97333
61.5,33.0,descending,254.56624
61.5,33.25,descending,255.374
61.5,33.5,descending,255.87332
61.5,33.75,descending,255.427
61.5,34.0,descending,254.75775
61.5,34.25,descending,251.83
61.5,34.5,descending,249.648
61.5,34.75,descending,245.89
61.5,35.0,descending,242.41699
61.5,35.25,descending,234.72
61.5,35.5,descending,230.048
61.5,35.75,descending,225.9525
61.5,36.0,descending,229.66362
61.5,36.25,descending,239.05698
61.5,36.5,descending,248.2611
61.5,36.75,descending,254.815
61.5,37.0,descending,257.5609
61.5,37.25,descending,257.464
61.5,37.5,descending,257.2211
61.5,37.75,descending,257.237
61.5,38.0,descending,257.35
61.75,-13.0,descending,223.18166
61.75,-12.75,descending,222.8325
61.75,-12.5,descending,222.21071
61.75,-12.25,descending,221.66333
61.75,-12.0,descending,221.07927
61.75,-11.75,descending,219.98999
61.75,-11.5,descending,220.15921
61.75,-11.25,descending,219.4225
61.75,-11.0,descending,219.69916
61.75,-10.75,descending,218.745
61.75,-10.5,descending,218.66833
61.75,-10.25,descending,218.08167
61.75,-10.0,descending,217.03001
61.75,-9.75,descending,216.75832
61.75,-9.5,descending,216.38539
61.75,-9.25,descending,217.17833
61.75,-9.0,descending,217.769
61.75,-8.75,descending,218.02571
61.75,-8.5,descending,218.29584
61.75,-8.25,descending,218.39908
61.75,-8.0,descending,218.85384
61.75,-7.75,descending,220.00768
61.75,-7.5,descending,221.4975
61.75,-7.25,descending,223.44214
61.75,-7.0,descending,224.98312
61.75,-6.75,descending,223.53
61.75,-6.5,descending,221.96176
61.75,-6.25,descending,220.38388
61.75,-6.0,descending,219.20235
61.75,-5.75,descending,218.0457
61.75,-5.5,descending,217.64667
61.75,-5.25,descending,217.43599
61.75,-5.0,descending,217.265
61.75,-4.75,descending,217.366
61.75,-4.5,descending,217.85999
61.75,-4.25,descending,217.98999
61.75,-4.0,descending,218.7425
61.75,-3.75,descending,218.36398
61.75,-3.5,descending,218.03598
61.75,-3.25,descending,216.965
61.75,-3.0,descending,216.75
61.75,-2.75,descending,215.83199
61.75,-2.5,descending,215.36249
61.75,-2.25,descending,214.8375
61.75,-2.0,descending,214.578
61.75,-1.75,descending,214.63
61.75,-1.5,descending,214.58249
61.75,-1.25,descending,214.18799
61.75,-1.0,descending,213.64333
61.75,-0.75,descending,213.352
61.75,-0.5,descending,213.12
61.75,-0.25,descending,214.25749
61.75,0.0,descending,212.62166
61.75,0.25,descending,215.9725
61.75,0.5,descending,216.47
61.75,0.75,descending,215.62999
61.75,1.0,descending,215.25667
61.75,1.25,descending,214.16399
61.75,1.5,descending,213.675
61.75,1.75,descending,213.45601
61.75,2.0,descending,213.26
61.75,2.25,descending,213.31749
61.75,2.5,descending,213.3725
61.75,2.75,descending,213.95
61.75,3.0,descending,216.502
61.75,3.25,descending,219.605
61.75,3.5,descending,221.84999
61.75,3.75,descending,222.20999
61.75,4.0,descending,222.16199
61.75,4.25,descending,222.47667
61.75,4.5,descending,224.79668
61.75,4.75,descending,230.354
61.75,5.0,descending,239.2275
61.75,5.25,descending,246.58333
61.75,5.5,descending,252.265
61.75,5.75,descending,253.54
61.75,6.0,descending,252.01599
61.75,6.25,descending,247.9075
61.75,6.5,descending,242.98499
61.75,6.75,descending,237.43333
61.75,7.0,descending,234.4625
61.75,7.25,descending,233.28398
61.75,7.5,descending,233.1875
61.75,7.75,descending,233.814
61.75,8.0,descending,235.4
61.75,8.25,descending,238.254
61.75,8.5,descending,242.14499
61.75,8.75,descending,246.448
61.75,9.0,descending,249.975
61.75,9.25,descending,251.85999
61.75,9.5,descending,252.4725
61.75,9.75,descending,252.48665
61.75,10.0,descending,252.45801
61.75,10.25,descending,252.6175
61.75,10.5,descending,252.978
61.75,10.75,descending,253.38249
61.75,11.0,descending,253.64934
61.75,11.25,descending,253.72249
61.75,11.5,descending,253.74124
61.75,11.75,descending,253.53467
61.75,12.0,descending,253.27428
61.75,12.25,descending,252.74615
61.75,12.5,descending,251.88356
61.75,12.75,descending,250.87817
61.75,13.0,descending,250.18999
61.75,13.25,descending,249.6275
61.75,13.5,descending,249.77083
61.75,13.75,descending,249.90251
61.75,14.0,descending,249.92915
61.75,14.25,descending,250.846
61.75,14.5,descending,251.9346
61.75,14.75,descending,253.229
61.75,15.0,descending,254.23363
61.75,15.25,descending,255.59634
61.75,15.5,descending,256.72333
61.75,15.75,descending,257.09665
61.75,16.0,descending,257.2333
61.75,16.25,descending,256.34152
61.75,16.5,descending,254.15768
61.75,16.75,descending,248.66273
61.75,17.0,descending,241.12306
61.75,17.25,descending,230.96999
61.75,17.5,descending,222.31429
61.75,17.75,descending,214.79785
61.75,18.0,descending,211.46529
61.75,18.25,descending,209.36436
61.75,18.5,descending,208.32666
61.75,18.75,descending,207.77187
61.75,19.0,descending,206.85333
61.75,19.25,descending,206.51498
61.75,19.5,descending,206.404
61.75,19.75,descending,206.502
61.75,20.0,descending,206.4525
61.75,20.25,descending,206.974
61.75,20.5,descending,207.34001
61.75,20.75,descending,209.3225
61.75,21.0,descending,213.5925
61.75,21.25,descending,222.17
61.75,21.5,descending,231.9475
61.75,21.75,descending,245.00798
61.75,22.0,descending,255.168
61.75,22.25,descending,259.7775
61.75,22.5,descending,260.63748
61.75,22.75,descending,260.258
61.75,23.0,descending,259.12
61.75,23.25,descending,258.34
61.75,23.5,descending,256.95334
61.75,23.75,descending,256.175
61.75,24.0,descending,256.055
61.75,24.25,descending,255.9975
61.75,24.5,descending,256.116
61.75,24.75,descending,255.96
61.75,25.0,descending,254.43353
61.75,25.25,descending,253.79466
61.75,25.5,descending,252.47066
61.75,25.75,descending,252.61998
61.75,26.0,descending,252.92076
61.75,26.25,descending,253.59726
61.75,26.5,descending,253.58998
61.75,26.75,descending,254.16083
61.75,27.0,descending,254.86499
61.75,27.25,descending,255.46498
61.75,27.5,descending,254.998
61.75,27.75,descending,253.16779
61.75,28.0,descending,251.69
61.75,28.25,descending,250.01799
61.75,28.5,descending,249.62665
61.75,28.75,descending,248.84332
61.75,29.0,descending,249.5211
61.75,29.25,descending,250.929
61.75,29.5,descending,252.60875
61.75,29.75,descending,254.002
61.75,30.0,descending,253.50598
61.75,30.25,descending,251.75223
61.75,30.5,descending,247.50713
61.75,30.75,descending,242.71443
61.75,31.0,descending,240.7011
61.75,31.25,descending,239.1
61.75,31.5,descending,242.13333
61.75,31.75,descending,246.3211
61.75,32.0,descending,250.06999
61.75,32.25,descending,253.33571
61.75,32.5,descending,253.95499
61.75,32.75,descending,254.19556
61.75,33.0,descending,253.90555
61.75,33.25,descending,254.52444
61.75,33.5,descending,254.50665
61.75,33.75,descending,253.72427
61.75,34.0,descending,251.828
61.75,34.25,descending,247.15
61.75,34.5,descending,241.254
61.75,34.75,descending,235.34999
61.75,35.0,descending,229.722
61.75,35.25,descending,225.96875
61.75,35.5,descending,223.60698
61.75,35.75,descending,225.34624
61.75,36.0,descending,232.38399
61.75,36.25,descending,242.41428
61.75,36.5,descending,250.5
61.75,36.75,descending,255.12001
61.75,37.0,descending,257.42224
61.75,37.25,descending,258.29248
61.75,37.5,descending,257.78088
61.75,37.75,descending,257.3975
61.75,38.0,descending,257.03833
62.0,-13.0,descending,223.13165
62.0,-12.75,descending,222.82062
62.0,-12.5,descending,222.37428
62.0,-12.25,descending,222.03076
62.0,-12.0,descending,221.77231
62.0,-11.75,descending,221.05153
62.0,-11.5,descending,220.34917
62.0,-11.25,descending,219.34583
62.0,-11.0,descending,218.87538
62.0,-10.75,descending,218.39833
62.0,-10.5,descending,217.97455
62.0,-10.25,descending,217.47153
62.0,-10.0,descending,217.34
62.0,-9.75,descending,217.2675
62.0,-9.5,descending,217.601
62.0,-9.25,descending,217.77077
62.0,-9.0,descending,218.07692
62.0,-8.75,descending,218.40273
62.0,-8.5,descending,218.50383
62.0,-8.25,descending,219.03693
62.0,-8.0,descending,219.92749
62.0,-7.75,descending,221.82
62.0,-7.5,descending,224.64436
62.0,-7.25,descending,227.12929
62.0,-7.0,descending,227.3923
62.0,-6.75,descending,226.11
62.0,-6.5,descending,222.47235
62.0,-6.25,descending,219.69499
62.0,-6.0,descending,217.94646
62.0,-5.75,descending,216.79251
62.0,-5.5,descending,216.29915
62.0,-5.25,descending,217.39249
62.0,-5.0,descending,217.398
62.0,-4.75,descending,217.18
62.0,-4.5,descending,216.88799
62.0,-4.25,descending,216.69249
62.0,-4.0,descending,216.90999
62.0,-3.75,descending,216.8875
62.0,-3.5,descending,217.01399
62.0,-3.25,descending,216.5575
62.0,-3.0,descending,215.75
62.0,-2.75,descending,214.7925
62.0,-2.5,descending,214.17249
62.0,-2.25,descending,213.3875
62.0,-2.0,descending,213.47002
62.0,-1.75,descending,213.65201
62.0,-1.5,descending,214.2825
62.0,-1.25,descending,214.4925
62.0,-1.0,descending,214.052
62.0,-0.75,descending,213.5925
62.0,-0.5,descending,213.135
62.0,-0.25,descending,213.06
62.0,0.0,descending,212.42749
62.0,0.25,descending,213.8525
62.0,0.5,descending,213.85999
62.0,0.75,descending,212.9175
62.0,1.0,descending,213.0
62.0,1.25,descending,212.56334
62.0,1.5,descending,212.752
62.0,1.75,descending,212.97667
62.0,2.0,descending,213.08598
62.0,2.25,descending,213.11249
62.0,2.5,descending,213.405
62.0,2.75,descending,214.22
62.0,3.0,descending,216.03667
62.0,3.25,descending,218.275
62.0,3.5,descending,220.426
62.0,3.75,descending,220.89333
62.0,4.0,descending,219.306
62.0,4.25,descending,219.53499
62.0,4.5,descending,220.724
62.0,4.75,descending,225.41667
62.0,5.0,descending,234.048
62.0,5.25,descending,242.15
62.0,5.5,descending,248.01332
62.0,5.75,descending,250.2325
62.0,6.0,descending,250.672
62.0,6.25,descending,249.29999
62.0,6.5,descending,245.7425
62.0,6.75,descending,240.368
62.0,7.0,descending,235.60333
62.0,7.25,descending,232.5625
62.0,7.5,descending,231.57199
62.0,7.75,descending,232.95499
62.0,8.0,descending,235.874
62.0,8.25,descending,239.41249
62.0,8.5,descending,242.73398
62.0,8.75,descending,245.8925
62.0,9.0,descending,248.07999
62.0,9.25,descending,249.14499
62.0,9.5,descending,249.29
62.0,9.75,descending,249.33333
62.0,10.0,descending,249.63
62.0,10.25,descending,250.46599
62.0,10.5,descending,251.6075
62.0,10.75,descending,252.568
62.0,11.0,descending,252.68999
62.0,11.25,descending,252.57579
62.0,11.5,descending,252.27942
62.0,11.75,descending,251.95538
62.0,12.0,descending,251.595
62.0,12.25,descending,251.1707
62.0,12.5,descending,250.21571
62.0,12.75,descending,249.235
62.0,13.0,descending,248.16167
62.0,13.25,descending,247.04584
62.0,13.5,descending,246.36615
62.0,13.75,descending,246.24153
62.0,14.0,descending,246.34084
62.0,14.25,descending,247.59332
62.0,14.5,descending,248.355
62.0,14.75,descending,249.88081
62.0,15.0,descending,250.875
62.0,15.25,descending,252.33818
62.0,15.5,descending,252.81229
62.0,15.75,descending,253.19362
62.0,16.0,descending,253.68
62.0,16.25,descending,253.44461
62.0,16.5,descending,252.31917
62.0,16.75,descending,249.61143
62.0,17.0,descending,243.17714
62.0,17.25,descending,235.40231
62.0,17.5,descending,225.72398
62.0,17.75,descending,218.13437
62.0,18.0,descending,212.63924
62.0,18.25,descending,210.39499
62.0,18.5,descending,209.06474
62.0,18.75,descending,208.21312
62.0,19.0,descending,207.629
62.0,19.25,descending,206.94499
62.0,19.5,descending,206.12666
62.0,19.75,descending,206.074
62.0,20.0,descending,206.06665
62.0,20.25,descending,206.25165
62.0,20.5,descending,207.17749
62.0,20.75,descending,209.1975
62.0,21.0,descending,214.148
62.0,21.25,descending,223.9
62.0,21.5,descending,235.45
62.0,21.75,descending,244.7125
62.0,22.0,descending,252.70601
62.0,22.25,descending,256.87
62.0,22.5,descending,258.0825
62.0,22.75,descending,257.79
62.0,23.0,descending,257.452
62.0,23.25,descending,256.93997
62.0,23.5,descending,256.146
62.0,23.75,descending,255.20999
62.0,24.0,descending,254.844
62.0,24.25,descending,255.26
62.0,24.5,descending,255.68666
62.0,24.75,descending,255.996
62.0,25.0,descending,257.0
62.0,25.25,descending,256.70874
62.0,25.5,descending,255.512
62.0,25.75,descending,254.89285
62.0,26.0,descending,255.26071
62.0,26.25,descending,255.585
62.0,26.5,descending,255.77538
62.0,26.75,descending,255.94272
62.0,27.0,descending,255.52
62.0,27.25,descending,256.44818
62.0,27.5,descending,256.63364
62.0,27.75,descending,256.53165
62.0,28.0,descending,255.67665
62.0,28.25,descending,252.75899
62.0,28.5,descending,252.175
62.0,28.75,descending,250.73898
62.0,29.0,descending,250.12453
62.0,29.25,descending,248.18599
62.0,29.5,descending,249.19444
62.0,29.75,descending,250.03
62.0,30.0,descending,252.146
62.0,30.25,descending,253.354
62.0,30.5,descending,252.75908
62.0,30.75,descending,251.69499
62.0,31.0,descending,250.10374
62.0,31.25,descending,251.17099
62.0,31.5,descending,251.611
62.0,31.75,descending,252.98499
62.0,32.0,descending,254.351
62.0,32.25,descending,255.00667
62.0,32.5,descending,254.59442
62.0,32.75,descending,253.29889
62.0,33.0,descending,251.95749
62.0,33.25,descending,251.6989
62.0,33.5,descending,252.41599
62.0,33.75,descending,251.62221
62.0,34.0,descending,249.25998
62.0,34.25,descending,243.99777
62.0,34.5,descending,237.40625
62.0,34.75,descending,231.78714
62.0,35.0,descending,226.33556
62.0,35.25,descending,222.79778
62.0,35.5,descending,224.54666
62.0,35.75,descending,229.93375
62.0,36.0,descending,239.1911
62.0,36.25,descending,247.73001
62.0,36.5,descending,253.10443
62.0,36.75,descending,256.76398
62.0,37.0,descending,258.051
62.0,37.25,descending,258.52875
62.0,37.5,descending,258.5
62.0,37.75,descending,258.02365
62.0,38.0,descending,257.43332
62.25,-13.0,descending,223.805
62.25,-12.75,descending,222.44
62.25,-12.5,descending,222.32927
62.25,-12.25,descending,222.1377
62.25,-12.0,descending,221.89769
62.25,-11.75,descending,221.31728
62.25,-11.5,descending,220.59666
62.25,-11.25,descending,219.855
62.25,-11.0,descending,219.47636
62.25,-10.75,descending,219.11546
62.25,-10.5,descending,219.05846
62.25,-10.25,descending,218.722
62.25,-10.0,descending,218.9175
62.25,-9.75,descending,218.76636
62.25,-9.5,descending,219.09749
62.25,-9.25,descending,219.349
62.25,-9.0,descending,219.01666
62.25,-8.75,descending,218.62834
62.25,-8.5,descending,218.65
62.25,-8.25,descending,218.85501
62.25,-8.0,descending,220.27284
62.25,-7.75,descending,223.16833
62.25,-7.5,descending,226.96727
62.25,-7.25,descending,230.2
62.25,-7.0,descending,230.85143
62.25,-6.75,descending,227.84416
62.25,-6.5,descending,224.49428
62.25,-6.25,descending,219.99533
62.25,-6.0,descending,216.75665
62.25,-5.75,descending,215.89188
62.25,-5.5,descending,215.48776
62.25,-5.25,descending,215.35199
62.25,-5.0,descending,216.87856
62.25,-4.75,descending,217.2475
62.25,-4.5,descending,216.904
62.25,-4.25,descending,216.19331
62.25,-4.0,descending,215.745
62.25,-3.75,descending,215.79
62.25,-3.5,descending,216.18799
62.25,-3.25,descending,216.40666
62.25,-3.0,descending,215.9075
62.25,-2.75,descending,214.92
62.25,-2.5,descending,213.6375
62.25,-2.25,descending,212.56
62.25,-2.0,descending,211.896
62.25,-1.75,descending,211.52249
62.25,-1.5,descending,212.41
62.25,-1.25,descending,212.374
62.25,-1.0,descending,213.17668
62.25,-0.75,descending,212.93
62.25,-0.5,descending,212.495
62.25,-0.25,descending,212.6925
62.25,0.0,descending,212.02875
62.25,0.25,descending,212.77998
62.25,0.5,descending,212.55249
62.25,0.75,descending,211.82999
62.25,1.0,descending,211.23
62.25,1.25,descending,211.196
62.25,1.5,descending,211.8125
62.25,1.75,descending,212.4575
62.25,2.0,descending,212.81665
62.25,2.25,descending,212.976
62.25,2.5,descending,213.2
62.25,2.75,descending,213.59
62.25,3.0,descending,214.894
62.25,3.25,descending,215.98
62.25,3.5,descending,217.355
62.25,3.75,descending,217.34749
62.25,4.0,descending,216.08
62.25,4.25,descending,215.60999
62.25,4.5,descending,215.94499
62.25,4.75,descending,218.38249
62.25,5.0,descending,224.545
62.25,5.25,descending,231.45999
62.25,5.5,descending,239.49399
62.25,5.75,descending,244.29333
62.25,6.0,descending,246.88332
62.25,6.25,descending,247.406
62.25,6.5,descending,246.4775
62.25,6.75,descending,243.3275
62.25,7.0,descending,237.774
62.25,7.25,descending,234.025
62.25,7.5,descending,231.56749
62.25,7.75,descending,231.43
62.25,8.0,descending,233.19
62.25,8.25,descending,236.26001
62.25,8.5,descending,239.44499
62.25,8.75,descending,242.156
62.25,9.0,descending,244.20499
62.25,9.25,descending,245.18799
62.25,9.5,descending,245.685
62.25,9.75,descending,246.04668
62.25,10.0,descending,246.866
62.25,10.25,descending,248.43999
62.25,10.5,descending,250.4
62.25,10.75,descending,251.8425
62.25,11.0,descending,251.64249
62.25,11.25,descending,250.88437
62.25,11.5,descending,250.2675
62.25,11.75,descending,249.84
62.25,12.0,descending,249.4407
62.25,12.25,descending,249.25922
62.25,12.5,descending,248.84666
62.25,12.75,descending,248.43198
62.25,13.0,descending,247.67065
62.25,13.25,descending,246.599
62.25,13.5,descending,245.6375
62.25,13.75,descending,244.98582
62.25,14.0,descending,245.03583
62.25,14.25,descending,245.76181
62.25,14.5,descending,246.76416
62.25,14.75,descending,247.94545
62.25,15.0,descending,248.762
62.25,15.25,descending,249.60083
62.25,15.5,descending,250.19818
62.25,15.75,descending,250.58
62.25,16.0,descending,251.18364
62.25,16.25,descending,251.58545
62.25,16.5,descending,251.49666
62.25,16.75,descending,250.09776
62.25,17.0,descending,246.215
62.25,17.25,descending,237.45667
62.25,17.5,descending,230.045
62.25,17.75,descending,221.8018
62.25,18.0,descending,215.728
62.25,18.25,descending,211.50537
62.25,18.5,descending,209.26846
62.25,18.75,descending,207.98466
62.25,19.0,descending,207.24117
62.25,19.25,descending,206.81944
62.25,19.5,descending,206.52399
62.25,19.75,descending,205.92801
62.25,20.0,descending,205.976
62.25,20.25,descending,206.27666
62.25,20.5,descending,207.28249
62.25,20.75,descending,210.3425
62.25,21.0,descending,216.8075
62.25,21.25,descending,226.02
62.25,21.5,descending,236.805
62.25,21.75,descending,247.6975
62.25,22.0,descending,253.54668
62.25,22.25,descending,255.88248
62.25,22.5,descending,256.33798
62.25,22.75,descending,255.84666
62.25,23.0,descending,255.5675
62.25,23.25,descending,255.552
62.25,23.5,descending,255.2825
62.25,23.75,descending,255.245
62.25,24.0,descending,254.91998
62.25,24.25,descending,254.8875
62.25,24.5,descending,255.4025
62.25,24.75,descending,255.82332
62.25,25.0,descending,258.2577
62.25,25.25,descending,258.94785
62.25,25.5,descending,257.93933
62.25,25.75,descending,257.52
62.25,26.0,descending,257.23215
62.25,26.25,descending,257.42166
62.25,26.5,descending,258.4236
62.25,26.75,descending,258.27542
62.25,27.0,descending,259.08273
62.25,27.25,descending,258.21725
62.25,27.5,descending,257.9836
62.25,27.75,descending,256.5491
62.25,28.0,descending,255.868
62.25,28.25,descending,254.98444
62.25,28.5,descending,253.35698
62.25,28.75,descending,251.51727
62.25,29.0,descending,251.26776
62.25,29.25,descending,249.42749
62.25,29.5,descending,247.592
62.25,29.75,descending,249.0089
62.25,30.0,descending,251.18124
62.25,30.25,descending,252.04099
62.25,30.5,descending,253.32332
62.25,30.75,descending,252.795
62.25,31.0,descending,253.7275
62.25,31.25,descending,253.71428
62.25,31.5,descending,253.979
62.25,31.75,descending,254.96873
62.25,32.0,descending,254.44
62.25,32.25,descending,254.68
62.25,32.5,descending,253.88498
62.25,32.75,descending,252.83374
62.25,33.0,descending,251.91667
62.25,33.25,descending,251.05249
62.25,33.5,descending,250.74666
62.25,33.75,descending,250.06749
62.25,34.0,descending,247.78777
62.25,34.25,descending,244.59999
62.25,34.5,descending,239.316
62.25,34.75,descending,235.70427
62.25,35.0,descending,232.79999
62.25,35.25,descending,230.87
62.25,35.5,descending,232.39778
62.25,35.75,descending,237.08298
62.25,36.0,descending,244.273
62.25,36.25,descending,250.48125
62.25,36.5,descending,253.75334
62.25,36.75,descending,254.905
62.25,37.0,descending,256.13443
62.25,37.25,descending,256.87375
62.25,37.5,descending,257.383
62.25,37.75,descending,257.23874
62.25,38.0,descending,257.174
62.5,-13.0,descending,222.54143
62.5,-12.75,descending,223.10167
62.5,-12.5,descending,222.558
62.5,-12.25,descending,222.25
62.5,-12.0,descending,221.68498
62.5,-11.75,descending,220.93307
62.5,-11.5,descending,220.32166
62.5,-11.25,descending,220.0025
62.5,-11.0,descending,219.96616
62.5,-10.75,descending,219.82362
62.5,-10.5,descending,219.49834
62.5,-10.25,descending,220.10918
62.5,-10.0,descending,220.08101
62.5,-9.75,descending,220.13916
62.5,-9.5,descending,220.14917
62.5,-9.25,descending,219.76692
62.5,-9.0,descending,219.326
62.5,-8.75,descending,218.34
62.5,-8.5,descending,217.63693
62.5,-8.25,descending,217.46358
62.5,-8.0,descending,218.20181
62.5,-7.75,descending,220.87271
62.5,-7.5,descending,223.4723
62.5,-7.25,descending,226.2823
62.5,-7.0,descending,225.93538
62.5,-6.75,descending,225.84642
62.5,-6.5,descending,221.892
62.5,-6.25,descending,218.96616
62.5,-6.0,descending,217.37599
62.5,-5.75,descending,216.33786
62.5,-5.5,descending,215.58473
62.5,-5.25,descending,215.45937
62.5,-5.0,descending,215.153
62.5,-4.75,descending,215.45601
62.5,-4.5,descending,216.83
62.5,-4.25,descending,216.37997
62.5,-4.0,descending,215.45999
62.5,-3.75,descending,214.9925
62.5,-3.5,descending,214.596
62.5,-3.25,descending,214.93001
62.5,-3.0,descending,214.54999
62.5,-2.75,descending,214.4625
62.5,-2.5,descending,213.08598
62.5,-2.25,descending,211.79999
62.5,-2.0,descending,210.90749
62.5,-1.75,descending,210.4
62.5,-1.5,descending,210.4075
62.5,-1.25,descending,210.14998
62.5,-1.0,descending,210.694
62.5,-0.75,descending,210.55
62.5,-0.5,descending,210.56999
62.5,-0.25,descending,210.91
62.5,0.0,descending,213.31125
62.5,0.25,descending,210.9825
62.5,0.5,descending,210.98198
62.5,0.75,descending,210.63666
62.5,1.0,descending,210.515
62.5,1.25,descending,210.34666
62.5,1.5,descending,210.54749
62.5,1.75,descending,211.16998
62.5,2.0,descending,211.78398
62.5,2.25,descending,212.38335
62.5,2.5,descending,212.6
62.5,2.75,descending,212.8925
62.5,3.0,descending,213.35
62.5,3.25,descending,213.885
62.5,3.5,descending,214.42499
62.5,3.75,descending,214.4625
62.5,4.0,descending,214.135
62.5,4.25,descending,213.80249
62.5,4.5,descending,213.6625
62.5,4.75,descending,214.3375
62.5,5.0,descending,216.1825
62.5,5.25,descending,220.19
62.5,5.5,descending,224.93
62.5,5.75,descending,231.83398
62.5,6.0,descending,238.1875
62.5,6.25,descending,240.53667
62.5,6.5,descending,242.66
62.5,6.75,descending,243.66998
62.5,7.0,descending,241.17801
62.5,7.25,descending,237.14249
62.5,7.5,descending,234.12749
62.5,7.75,descending,233.34668
62.5,8.0,descending,232.66399
62.5,8.25,descending,233.095
62.5,8.5,descending,234.754
62.5,8.75,descending,236.475
62.5,9.0,descending,238.25
62.5,9.25,descending,239.7125
62.5,9.5,descending,241.06999
62.5,9.75,descending,242.33998
62.5,10.0,descending,243.73
62.5,10.25,descending,246.12
62.5,10.5,descending,248.7025
62.5,10.75,descending,250.262
62.5,11.0,descending,250.56
62.5,11.25,descending,249.38942
62.5,11.5,descending,248.74124
62.5,11.75,descending,248.65077
62.5,12.0,descending,248.25499
62.5,12.25,descending,248.29845
62.5,12.5,descending,248.2407
62.5,12.75,descending,248.16333
62.5,13.0,descending,247.63
62.5,13.25,descending,246.5
62.5,13.5,descending,245.65154
62.5,13.75,descending,245.3
62.5,14.0,descending,245.39615
62.5,14.25,descending,245.95917
62.5,14.5,descending,246.79
62.5,14.75,descending,247.41083
62.5,15.0,descending,248.13249
62.5,15.25,descending,248.58101
62.5,15.5,descending,249.09462
62.5,15.75,descending,249.56454
62.5,16.0,descending,250.08333
62.5,16.25,descending,250.605
62.5,16.5,descending,251.13582
62.5,16.75,descending,250.45583
62.5,17.0,descending,247.84637
62.5,17.25,descending,243.22537
62.5,17.5,descending,235.26154
62.5,17.75,descending,227.355
62.5,18.0,descending,219.90462
62.5,18.25,descending,213.57692
62.5,18.5,descending,209.88187
62.5,18.75,descending,207.64928
62.5,19.0,descending,206.78067
62.5,19.25,descending,206.34375
62.5,19.5,descending,206.156
62.5,19.75,descending,206.02437
62.5,20.0,descending,205.91547
62.5,20.25,descending,206.4625
62.5,20.5,descending,207.97499
62.5,20.75,descending,211.0275
62.5,21.0,descending,218.98499
62.5,21.25,descending,230.5975
62.5,21.5,descending,240.4675
62.5,21.75,descending,248.88
62.5,22.0,descending,254.626
62.5,22.25,descending,256.2475
62.5,22.5,descending,255.7175
62.5,22.75,descending,254.51001
62.5,23.0,descending,253.9025
62.5,23.25,descending,253.785
62.5,23.5,descending,253.985
62.5,23.75,descending,254.69249
62.5,24.0,descending,254.94249
62.5,24.25,descending,255.3125
62.5,24.5,descending,255.685
62.5,24.75,descending,255.875
62.5,25.0,descending,259.2825
62.5,25.25,descending,259.3781
62.5,25.5,descending,259.32123
62.5,25.75,descending,258.2443
62.5,26.0,descending,257.3746
62.5,26.25,descending,257.05463
62.5,26.5,descending,256.67844
62.5,26.75,descending,257.938
62.5,27.0,descending,257.84232
62.5,27.25,descending,258.846
62.5,27.5,descending,257.21332
62.5,27.75,descending,257.40332
62.5,28.0,descending,255.929
62.5,28.25,descending,254.72636
62.5,28.5,descending,254.8989
62.5,28.75,descending,253.347
62.5,29.0,descending,251.028
62.5,29.25,descending,249.70798
62.5,29.5,descending,248.267
62.5,29.75,descending,247.93637
62.5,30.0,descending,249.99333
62.5,30.25,descending,252.00285
62.5,30.5,descending,252.95091
62.5,30.75,descending,253.27222
62.5,31.0,descending,253.26909
62.5,31.25,descending,253.39557
62.5,31.5,descending,253.36124
62.5,31.75,descending,253.743
62.5,32.0,descending,254.04666
62.5,32.25,descending,253.65625
62.5,32.5,descending,253.73502
62.5,32.75,descending,253.05556
62.5,33.0,descending,252.28
62.5,33.25,descending,251.84888
62.5,33.5,descending,250.96889
62.5,33.75,descending,249.36
62.5,34.0,descending,248.22667
62.5,34.25,descending,245.51999
62.5,34.5,descending,243.28142
62.5,34.75,descending,240.89998
62.5,35.0,descending,238.13445
62.5,35.25,descending,237.97499
62.5,35.5,descending,238.90332
62.5,35.75,descending,242.29555
62.5,36.0,descending,247.431
62.5,36.25,descending,250.224
62.5,36.5,descending,251.5625
62.5,36.75,descending,252.39333
62.5,37.0,descending,252.73299
62.5,37.25,descending,253.53375
62.5,37.5,descending,254.222
62.5,37.75,descending,254.88998
62.5,38.0,descending,255.41399
62.75,-13.0,descending,223.25667
62.75,-12.75,descending,223.80077
62.75,-12.5,descending,222.81142
62.75,-12.25,descending,222.14833
62.75,-12.0,descending,221.3523
62.75,-11.75,descending,220.60333
62.75,-11.5,descending,220.32082
62.75,-11.25,descending,220.23698
62.75,-11.0,descending,220.2291
62.75,-10.75,descending,219.97455
62.75,-10.5,descending,219.72272
62.75,-10.25,descending,219.352
62.75,-10.0,descending,219.96083
62.75,-9.75,descending,219.676
62.75,-9.5,descending,219.35089
62.75,-9.25,descending,218.9818
62.75,-9.0,descending,218.507
62.75,-8.75,descending,217.60167
62.75,-8.5,descending,216.75182
62.75,-8.25,descending,216.41199
62.75,-8.0,descending,216.335
62.75,-7.75,descending,217.045
62.75,-7.5,descending,217.74333
62.75,-7.25,descending,219.36665
62.75,-7.0,descending,219.526
62.75,-6.75,descending,219.30165
62.75,-6.5,descending,219.23915
62.75,-6.25,descending,217.993
62.75,-6.0,descending,217.89928
62.75,-5.75,descending,216.89537
62.75,-5.5,descending,216.46077
62.75,-5.25,descending,215.73134
62.75,-5.0,descending,215.30765
62.75,-4.75,descending,214.68312
62.75,-4.5,descending,214.37866
62.75,-4.25,descending,214.34332
62.75,-4.0,descending,214.22333
62.75,-3.75,descending,213.83499
62.75,-3.5,descending,213.01399
62.75,-3.25,descending,212.88998
62.75,-3.0,descending,212.77
62.75,-2.75,descending,212.68399
62.75,-2.5,descending,211.9125
62.75,-2.25,descending,211.4725
62.75,-2.0,descending,210.6075
62.75,-1.75,descending,210.02332
62.75,-1.5,descending,209.66
62.75,-1.25,descending,209.4375
62.75,-1.0,descending,209.3
62.75,-0.75,descending,209.23198
62.75,-0.5,descending,209.40999
62.75,-0.25,descending,209.435
62.75,0.0,descending,212.26875
62.75,0.25,descending,209.63249
62.75,0.5,descending,209.73999
62.75,0.75,descending,209.86
62.75,1.0,descending,209.98999
62.75,1.25,descending,210.07999
62.75,1.5,descending,210.28
62.75,1.75,descending,210.56667
62.75,2.0,descending,211.15999
62.75,2.25,descending,211.9
62.75,2.5,descending,212.58333
62.75,2.75,descending,213.352
62.75,3.0,descending,213.45667
62.75,3.25,descending,213.62
62.75,3.5,descending,213.78749
62.75,3.75,descending,213.70499
62.75,4.0,descending,213.455
62.75,4.25,descending,213.3375
62.75,4.5,descending,213.48999
62.75,4.75,descending,213.76498
62.75,5.0,descending,213.94499
62.75,5.25,descending,214.65666
62.75,5.5,descending,216.4825
62.75,5.75,descending,218.34
62.75,6.0,descending,224.9075
62.75,6.25,descending,229.44
62.75,6.5,descending,232.44334
62.75,6.75,descending,236.37
62.75,7.0,descending,240.04999
62.75,7.25,descending,240.426
62.75,7.5,descending,239.11499
62.75,7.75,descending,238.45667
62.75,8.0,descending,236.92249
62.75,8.25,descending,236.75
62.75,8.5,descending,236.20999
62.75,8.75,descending,235.654
62.75,9.0,descending,234.9
62.75,9.25,descending,235.444
62.75,9.5,descending,237.04498
62.75,9.75,descending,239.02666
62.75,10.0,descending,241.344
62.75,10.25,descending,243.745
62.75,10.5,descending,245.646
62.75,10.75,descending,246.45499
62.75,11.0,descending,246.126
62.75,11.25,descending,244.30865
62.75,11.5,descending,243.19867
62.75,11.75,descending,243.99928
62.75,12.0,descending,243.49307
62.75,12.25,descending,244.63713
62.75,12.5,descending,244.96231
62.75,12.75,descending,246.15154
62.75,13.0,descending,245.78917
62.75,13.25,descending,245.70546
62.75,13.5,descending,245.304
62.75,13.75,descending,244.98769
62.75,14.0,descending,245.16888
62.75,14.25,descending,245.57199
62.75,14.5,descending,246.17
62.75,14.75,descending,246.86998
62.75,15.0,descending,247.6425
62.75,15.25,descending,248.29999
62.75,15.5,descending,248.76636
62.75,15.75,descending,249.23817
62.75,16.0,descending,249.48898
62.75,16.25,descending,249.84749
62.75,16.5,descending,250.20728
62.75,16.75,descending,250.15
62.75,17.0,descending,249.28545
62.75,17.25,descending,246.22307
62.75,17.5,descending,243.255
62.75,17.75,descending,235.48271
62.75,18.0,descending,228.09616
62.75,18.25,descending,219.86307
62.75,18.5,descending,212.82726
62.75,18.75,descending,210.07332
62.75,19.0,descending,207.65857
62.75,19.25,descending,206.57857
62.75,19.5,descending,206.06065
62.75,19.75,descending,205.8875
62.75,20.0,descending,205.95737
62.75,20.25,descending,206.37384
62.75,20.5,descending,207.55
62.75,20.75,descending,212.00749
62.75,21.0,descending,219.85999
62.75,21.25,descending,231.14249
62.75,21.5,descending,242.65201
62.75,21.75,descending,251.8625
62.75,22.0,descending,255.73999
62.75,22.25,descending,256.685
62.75,22.5,descending,255.396
62.75,22.75,descending,253.54999
62.75,23.0,descending,252.73
62.75,23.25,descending,252.33
62.75,23.5,descending,252.93665
62.75,23.75,descending,253.465
62.75,24.0,descending,254.055
62.75,24.25,descending,254.8875
62.75,24.5,descending,255.2175
62.75,24.75,descending,255.41667
62.75,25.0,descending,255.95833
62.75,25.25,descending,259.30066
62.75,25.5,descending,258.232
62.75,25.75,descending,257.28644
62.75,26.0,descending,256.07153
62.75,26.25,descending,255.32416
62.75,26.5,descending,254.88666
62.75,26.75,descending,255.10635
62.75,27.0,descending,255.54
62.75,27.25,descending,256.38834
62.75,27.5,descending,255.90443
62.75,27.75,descending,255.39818
62.75,28.0,descending,254.30798
62.75,28.25,descending,254.76999
62.75,28.5,descending,253.54909
62.75,28.75,descending,253.62749
62.75,29.0,descending,252.288
62.75,29.25,descending,250.16444
62.75,29.5,descending,249.69778
62.75,29.75,descending,248.98125
62.75,30.0,descending,249.30798
62.75,30.25,descending,251.34125
62.75,30.5,descending,252.33249
62.75,30.75,descending,252.20749
62.75,31.0,descending,252.61778
62.75,31.25,descending,252.413
62.75,31.5,descending,252.92429
62.75,31.75,descending,253.28375
62.75,32.0,descending,253.14099
62.75,32.25,descending,253.21625
62.75,32.5,descending,252.76555
62.75,32.75,descending,253.1025
62.75,33.0,descending,252.54555
62.75,33.25,descending,251.97499
62.75,33.5,descending,251.26999
62.75,33.75,descending,250.45123
62.75,34.0,descending,249.26799
62.75,34.25,descending,247.89125
62.75,34.5,descending,246.02124
62.75,34.75,descending,243.00874
62.75,35.0,descending,242.05249
62.75,35.25,descending,242.0089
62.75,35.5,descending,243.16284
62.75,35.75,descending,245.64223
62.75,36.0,descending,247.17142
62.75,36.25,descending,247.55
62.75,36.5,descending,247.72299
62.75,36.75,descending,248.36728
62.75,37.0,descending,249.0275
62.75,37.25,descending,250.32777
62.75,37.5,descending,251.41333
62.75,37.75,descending,252.64832
62.75,38.0,descending,253.14665
63.0,-13.0,descending,226.72714
63.0,-12.75,descending,225.72687
63.0,-12.5,descending,224.92642
63.0,-12.25,descending,223.49428
63.0,-12.0,descending,222.27333
63.0,-11.75,descending,221.06273
63.0,-11.5,descending,220.65
63.0,-11.25,descending,220.11499
63.0,-11.0,descending,219.85571
63.0,-10.75,descending,219.61636
63.0,-10.5,descending,219.4409
63.0,-10.25,descending,219.34583
63.0,-10.0,descending,219.01582
63.0,-9.75,descending,218.07364
63.0,-9.5,descending,217.84
63.0,-9.25,descending,217.08499
63.0,-9.0,descending,216.50713
63.0,-8.75,descending,215.691
63.0,-8.5,descending,215.025
63.0,-8.25,descending,215.13231
63.0,-8.0,descending,214.85667
63.0,-7.75,descending,214.86636
63.0,-7.5,descending,215.13272
63.0,-7.25,descending,215.31
63.0,-7.0,descending,216.29768
63.0,-6.75,descending,216.7625
63.0,-6.5,descending,216.76181
63.0,-6.25,descending,217.44499
63.0,-6.0,descending,217.40082
63.0,-5.75,descending,217.9177
63.0,-5.5,descending,217.41667
63.0,-5.25,descending,216.83467
63.0,-5.0,descending,215.75665
63.0,-4.75,descending,214.84714
63.0,-4.5,descending,214.20049
63.0,-4.25,descending,213.88333
63.0,-4.0,descending,213.5309
63.0,-3.75,descending,212.12
63.0,-3.5,descending,211.43999
63.0,-3.25,descending,211.185
63.0,-3.0,descending,211.39
63.0,-2.75,descending,211.00749
63.0,-2.5,descending,210.96
63.0,-2.25,descending,210.73499
63.0,-2.0,descending,210.39749
63.0,-1.75,descending,210.07999
63.0,-1.5,descending,209.78333
63.0,-1.25,descending,209.5375
63.0,-1.0,descending,209.23398
63.0,-0.75,descending,209.17
63.0,-0.5,descending,209.09
63.0,-0.25,descending,209.09999
63.0,0.0,descending,211.51874
63.0,0.25,descending,209.29
63.0,0.5,descending,209.43799
63.0,0.75,descending,209.805
63.0,1.0,descending,210.14
63.0,1.25,descending,210.56999
63.0,1.5,descending,210.70749
63.0,1.75,descending,210.842
63.0,2.0,descending,211.23
63.0,2.25,descending,212.11499
63.0,2.5,descending,213.0025
63.0,2.75,descending,213.84332
63.0,3.0,descending,214.26799
63.0,3.25,descending,214.3875
63.0,3.5,descending,214.21667
63.0,3.75,descending,213.81001
63.0,4.0,descending,213.42334
63.0,4.25,descending,213.0625
63.0,4.5,descending,213.052
63.0,4.75,descending,213.18333
63.0,5.0,descending,212.9475
63.0,5.25,descending,212.66599
63.0,5.5,descending,212.595
63.0,5.75,descending,212.48332
63.0,6.0,descending,214.13399
63.0,6.25,descending,217.24666
63.0,6.5,descending,221.15201
63.0,6.75,descending,226.445
63.0,7.0,descending,229.71599
63.0,7.25,descending,235.5075
63.0,7.5,descending,238.852
63.0,7.75,descending,240.7325
63.0,8.0,descending,241.385
63.0,8.25,descending,242.59334
63.0,8.5,descending,243.052
63.0,8.75,descending,242.20749
63.0,9.0,descending,239.854
63.0,9.25,descending,237.98749
63.0,9.5,descending,238.58798
63.0,9.75,descending,240.42
63.0,10.0,descending,242.20248
63.0,10.25,descending,243.65999
63.0,10.5,descending,243.55249
63.0,10.75,descending,242.45
63.0,11.0,descending,240.65
63.0,11.25,descending,237.70819
63.0,11.5,descending,236.41411
63.0,11.75,descending,235.82866
63.0,12.0,descending,235.895
63.0,12.25,descending,236.74075
63.0,12.5,descending,238.09999
63.0,12.75,descending,239.62999
63.0,13.0,descending,241.1446
63.0,13.25,descending,242.255
63.0,13.5,descending,242.54785
63.0,13.75,descending,243.306
63.0,14.0,descending,243.69331
63.0,14.25,descending,244.04999
63.0,14.5,descending,244.52818
63.0,14.75,descending,245.61908
63.0,15.0,descending,246.75691
63.0,15.25,descending,247.59544
63.0,15.5,descending,248.26
63.0,15.75,descending,248.80453
63.0,16.0,descending,249.00665
63.0,16.25,descending,248.85698
63.0,16.5,descending,248.93
63.0,16.75,descending,249.14615
63.0,17.0,descending,248.92726
63.0,17.25,descending,248.29417
63.0,17.5,descending,246.314
63.0,17.75,descending,243.02
63.0,18.0,descending,237.11699
63.0,18.25,descending,230.19272
63.0,18.5,descending,222.97133
63.0,18.75,descending,215.40833
63.0,19.0,descending,211.52692
63.0,19.25,descending,208.37384
63.0,19.5,descending,207.20213
63.0,19.75,descending,206.3341
63.0,20.0,descending,206.02124
63.0,20.25,descending,206.37187
63.0,20.5,descending,207.37723
63.0,20.75,descending,209.366
63.0,21.0,descending,215.845
63.0,21.25,descending,228.01001
63.0,21.5,descending,237.29333
63.0,21.75,descending,248.595
63.0,22.0,descending,253.84
63.0,22.25,descending,256.2425
63.0,22.5,descending,255.4625
63.0,22.75,descending,253.63666
63.0,23.0,descending,252.09749
63.0,23.25,descending,251.4075
63.0,23.5,descending,251.42499
63.0,23.75,descending,251.92499
63.0,24.0,descending,252.7275
63.0,24.25,descending,253.824
63.0,24.5,descending,254.25249
63.0,24.75,descending,254.1175
63.0,25.0,descending,253.28499
63.0,25.25,descending,258.20374
63.0,25.5,descending,257.70874
63.0,25.75,descending,256.65213
63.0,26.0,descending,256.6154
63.0,26.25,descending,255.26768
63.0,26.5,descending,254.83
63.0,26.75,descending,254.88916
63.0,27.0,descending,255.21916
63.0,27.25,descending,254.795
63.0,27.5,descending,254.38416
63.0,27.75,descending,254.606
63.0,28.0,descending,253.60999
63.0,28.25,descending,253.70999
63.0,28.5,descending,254.21544
63.0,28.75,descending,253.98502
63.0,29.0,descending,253.33499
63.0,29.25,descending,251.81699
63.0,29.5,descending,249.87776
63.0,29.75,descending,249.20776
63.0,30.0,descending,250.22299
63.0,30.25,descending,251.0722
63.0,30.5,descending,251.50899
63.0,30.75,descending,251.92125
63.0,31.0,descending,251.8775
63.0,31.25,descending,252.09
63.0,31.5,descending,252.27182
63.0,31.75,descending,252.41249
63.0,32.0,descending,252.79999
63.0,32.25,descending,252.41779
63.0,32.5,descending,252.45111
63.0,32.75,descending,251.89886
63.0,33.0,descending,251.31499
63.0,33.25,descending,250.25375
63.0,33.5,descending,250.51443
63.0,33.75,descending,250.01999
63.0,34.0,descending,250.79889
63.0,34.25,descending,249.51625
63.0,34.5,descending,249.73221
63.0,34.75,descending,247.07874
63.0,35.0,descending,246.11223
63.0,35.25,descending,246.5275
63.0,35.5,descending,246.78699
63.0,35.75,descending,247.26375
63.0,36.0,descending,246.75572
63.0,36.25,descending,245.99199
63.0,36.5,descending,245.285
63.0,36.75,descending,245.25778
63.0,37.0,descending,246.314
63.0,37.25,descending,247.861
63.0,37.5,descending,249.60857
63.0,37.75,descending,251.08624
63.0,38.0,descending,251.68599
63.25,-13.0,descending,228.92332
63.25,-12.75,descending,228.20267
63.25,-12.5,descending,227.16153
63.25,-12.25,descending,226.94847
63.25,-12.0,descending,225.19693
63.25,-11.75,descending,223.60538
63.25,-11.5,descending,222.455
63.25,-11.25,descending,221.46416
63.25,-11.0,descending,220.75888
63.25,-10.75,descending,219.86333
63.25,-10.5,descending,219.32182
63.25,-10.25,descending,218.51599
63.25,-10.0,descending,217.798
63.25,-9.75,descending,217.53249
63.25,-9.5,descending,216.84799
63.25,-9.25,descending,215.84908
63.25,-9.0,descending,216.09273
63.25,-8.75,descending,215.415
63.25,-8.5,descending,215.59273
63.25,-8.25,descending,215.56667
63.25,-8.0,descending,214.92818
63.25,-7.75,descending,214.36728
63.25,-7.5,descending,214.29599
63.25,-7.25,descending,215.077
63.25,-7.0,descending,214.48799
63.25,-6.75,descending,215.94916
63.25,-6.5,descending,215.4791
63.25,-6.25,descending,215.98833
63.25,-6.0,descending,216.7418
63.25,-5.75,descending,216.395
63.25,-5.5,descending,216.77818
63.25,-5.25,descending,216.03453
63.25,-5.0,descending,215.62332
63.25,-4.75,descending,214.75
63.25,-4.5,descending,213.95874
63.25,-4.25,descending,213.4654
63.25,-4.0,descending,213.16167
63.25,-3.75,descending,212.59438
63.25,-3.5,descending,211.32625
63.25,-3.25,descending,210.2825
63.25,-3.0,descending,210.18799
63.25,-2.75,descending,210.0625
63.25,-2.5,descending,210.135
63.25,-2.25,descending,209.99199
63.25,-2.0,descending,209.9625
63.25,-1.75,descending,209.90332
63.25,-1.5,descending,209.88599
63.25,-1.25,descending,209.75499
63.25,-1.0,descending,209.645
63.25,-0.75,descending,209.62
63.25,-0.5,descending,209.64667
63.25,-0.25,descending,210.074
63.25,0.0,descending,211.59
63.25,0.25,descending,210.39998
63.25,0.5,descending,210.38666
63.25,0.75,descending,210.80249
63.25,1.0,descending,211.302
63.25,1.25,descending,212.08667
63.25,1.5,descending,212.06499
63.25,1.75,descending,212.15332
63.25,2.0,descending,212.07332
63.25,2.25,descending,212.455
63.25,2.5,descending,212.77667
63.25,2.75,descending,213.26999
63.25,3.0,descending,213.54
63.25,3.25,descending,213.77249
63.25,3.5,descending,213.736
63.25,3.75,descending,213.56999
63.25,4.0,descending,213.34
63.25,4.25,descending,212.96999
63.25,4.5,descending,212.605
63.25,4.75,descending,212.45499
63.25,5.0,descending,212.18665
63.25,5.25,descending,211.79668
63.25,5.5,descending,211.318
63.25,5.75,descending,210.79
63.25,6.0,descending,210.61333
63.25,6.25,descending,211.49199
63.25,6.5,descending,213.36249
63.25,6.75,descending,216.155
63.25,7.0,descending,219.69
63.25,7.25,descending,224.14749
63.25,7.5,descending,228.42499
63.25,7.75,descending,234.054
63.25,8.0,descending,239.2175
63.25,8.25,descending,242.81
63.25,8.5,descending,246.43
63.25,8.75,descending,247.3725
63.25,9.0,descending,246.90999
63.25,9.25,descending,245.20801
63.25,9.5,descending,244.845
63.25,9.75,descending,245.40666
63.25,10.0,descending,246.32999
63.25,10.25,descending,246.5
63.25,10.5,descending,245.064
63.25,10.75,descending,242.67749
63.25,11.0,descending,240.04199
63.25,11.25,descending,237.73143
63.25,11.5,descending,236.80812
63.25,11.75,descending,235.025
63.25,12.0,descending,234.36427
63.25,12.25,descending,234.57538
63.25,12.5,descending,235.90833
63.25,12.75,descending,237.91544
63.25,13.0,descending,239.74924
63.25,13.25,descending,241.05273
63.25,13.5,descending,242.31636
63.25,13.75,descending,242.48915
63.25,14.0,descending,242.50908
63.25,14.25,descending,242.61398
63.25,14.5,descending,243.44908
63.25,14.75,descending,244.55083
63.25,15.0,descending,245.43298
63.25,15.25,descending,246.45334
63.25,15.5,descending,247.55333
63.25,15.75,descending,247.624
63.25,16.0,descending,248.075
63.25,16.25,descending,248.002
63.25,16.5,descending,247.98334
63.25,16.75,descending,247.68666
63.25,17.0,descending,247.80635
63.25,17.25,descending,247.8109
63.25,17.5,descending,247.418
63.25,17.75,descending,246.224
63.25,18.0,descending,244.35727
63.25,18.25,descending,239.0657
63.25,18.5,descending,234.58699
63.25,18.75,descending,227.26917
63.25,19.0,descending,220.78667
63.25,19.25,descending,215.60846
63.25,19.5,descending,211.00461
63.25,19.75,descending,209.44666
63.25,20.0,descending,207.78932
63.25,20.25,descending,207.65999
63.25,20.5,descending,208.66312
63.25,20.75,descending,210.5047
63.25,21.0,descending,213.1947
63.25,21.25,descending,218.04001
63.25,21.5,descending,230.3525
63.25,21.75,descending,238.8075
63.25,22.0,descending,243.86665
63.25,22.25,descending,251.78499
63.25,22.5,descending,253.8725
63.25,22.75,descending,254.07999
63.25,23.0,descending,252.872
63.25,23.25,descending,251.58249
63.25,23.5,descending,251.0
63.25,23.75,descending,250.944
63.25,24.0,descending,251.7325
63.25,24.25,descending,252.49666
63.25,24.5,descending,253.28
63.25,24.75,descending,253.39749
63.25,25.0,descending,252.56749
63.25,25.25,descending,258.6575
63.25,25.5,descending,257.96667
63.25,25.75,descending,257.604
63.25,26.0,descending,256.44357
63.25,26.25,descending,257.18454
63.25,26.5,descending,256.9023
63.25,26.75,descending,257.123
63.25,27.0,descending,256.68182
63.25,27.25,descending,257.171
63.25,27.5,descending,256.74908
63.25,27.75,descending,255.517
63.25,28.0,descending,255.3309
63.25,28.25,descending,255.11699
63.25,28.5,descending,255.22
63.25,28.75,descending,254.78888
63.25,29.0,descending,253.45
63.25,29.25,descending,252.33221
63.25,29.5,descending,250.40001
63.25,29.75,descending,249.67888
63.25,30.0,descending,250.13222
63.25,30.25,descending,251.43875
63.25,30.5,descending,252.23749
63.25,30.75,descending,252.53636
63.25,31.0,descending,252.595
63.25,31.25,descending,252.63777
63.25,31.5,descending,252.52333
63.25,31.75,descending,252.38445
63.25,32.0,descending,252.26
63.25,32.25,descending,252.3057
63.25,32.5,descending,251.75798
63.25,32.75,descending,250.65857
63.25,33.0,descending,249.27818
63.25,33.25,descending,247.19331
63.25,33.5,descending,246.2111
63.25,33.75,descending,246.26572
63.25,34.0,descending,247.46222
63.25,34.25,descending,249.33249
63.25,34.5,descending,249.37143
63.25,34.75,descending,248.67111
63.25,35.0,descending,248.8125
63.25,35.25,descending,248.67624
63.25,35.5,descending,249.245
63.25,35.75,descending,248.78712
63.25,36.0,descending,247.43698
63.25,36.25,descending,246.32625
63.25,36.5,descending,245.39886
63.25,36.75,descending,246.0089
63.25,37.0,descending,246.16856
63.25,37.25,descending,247.37285
63.25,37.5,descending,248.699
63.25,37.75,descending,250.20001
63.25,38.0,descending,251.15999
63.5,-13.0,descending,228.94499
63.5,-12.75,descending,229.15132
63.5,-12.5,descending,229.03539
63.5,-12.25,descending,228.98
63.5,-12.0,descending,227.69539
63.5,-11.75,descending,226.65572
63.5,-11.5,descending,224.85614
63.5,-11.25,descending,225.146
63.5,-11.0,descending,223.31273
63.5,-10.75,descending,222.06334
63.5,-10.5,descending,220.78726
63.5,-10.25,descending,219.90546
63.5,-10.0,descending,218.83229
63.5,-9.75,descending,218.33554
63.5,-9.5,descending,217.335
63.5,-9.25,descending,217.54272
63.5,-9.0,descending,216.90454
63.5,-8.75,descending,216.83272
63.5,-8.5,descending,217.23999
63.5,-8.25,descending,217.15555
63.5,-8.0,descending,216.14917
63.5,-7.75,descending,216.04727
63.5,-7.5,descending,214.67415
63.5,-7.25,descending,214.98665
63.5,-7.0,descending,214.73999
63.5,-6.75,descending,213.79546
63.5,-6.5,descending,215.4
63.5,-6.25,descending,215.51363
63.5,-6.0,descending,214.91615
63.5,-5.75,descending,215.137
63.5,-5.5,descending,214.38928
63.5,-5.25,descending,214.1725
63.5,-5.0,descending,213.7925
63.5,-4.75,descending,213.6225
63.5,-4.5,descending,213.40071
63.5,-4.25,descending,212.90428
63.5,-4.0,descending,212.71411
63.5,-3.75,descending,212.32071
63.5,-3.5,descending,212.0657
63.5,-3.25,descending,211.87715
63.5,-3.0,descending,211.372
63.5,-2.75,descending,211.17
63.5,-2.5,descending,210.9
63.5,-2.25,descending,211.06999
63.5,-2.0,descending,211.3125
63.5,-1.75,descending,211.04599
63.5,-1.5,descending,211.6675
63.5,-1.25,descending,210.86249
63.5,-1.0,descending,210.83333
63.5,-0.75,descending,211.1175
63.5,-0.5,descending,211.288
63.5,-0.25,descending,212.20332
63.5,0.0,descending,212.73715
63.5,0.25,descending,213.85
63.5,0.5,descending,214.09749
63.5,0.75,descending,214.17749
63.5,1.0,descending,214.66333
63.5,1.25,descending,215.82199
63.5,1.5,descending,214.90999
63.5,1.75,descending,215.26799
63.5,2.0,descending,215.05249
63.5,2.25,descending,214.93
63.5,2.5,descending,214.63
63.5,2.75,descending,214.56331
63.5,3.0,descending,214.262
63.5,3.25,descending,213.72998
63.5,3.5,descending,214.17499
63.5,3.75,descending,214.4
63.5,4.0,descending,214.595
63.5,4.25,descending,214.245
63.5,4.5,descending,213.7825
63.5,4.75,descending,213.36249
63.5,5.0,descending,212.9975
63.5,5.25,descending,212.8075
63.5,5.5,descending,213.12999
63.5,5.75,descending,212.385
63.5,6.0,descending,212.19249
63.5,6.25,descending,212.68
63.5,6.5,descending,213.26999
63.5,6.75,descending,213.595
63.5,7.0,descending,215.38399
63.5,7.25,descending,216.455
63.5,7.5,descending,219.13199
63.5,7.75,descending,223.7
63.5,8.0,descending,230.25
63.5,8.25,descending,237.2675
63.5,8.5,descending,242.30249
63.5,8.75,descending,243.99333
63.5,9.0,descending,245.352
63.5,9.25,descending,246.2525
63.5,9.5,descending,247.352
63.5,9.75,descending,248.62334
63.5,10.0,descending,249.14749
63.5,10.25,descending,248.776
63.5,10.5,descending,247.6575
63.5,10.75,descending,246.254
63.5,11.0,descending,244.79333
63.5,11.25,descending,242.746
63.5,11.5,descending,241.87411
63.5,11.75,descending,240.478
63.5,12.0,descending,238.79999
63.5,12.25,descending,238.5777
63.5,12.5,descending,238.61385
63.5,12.75,descending,240.15999
63.5,13.0,descending,241.60667
63.5,13.25,descending,243.069
63.5,13.5,descending,244.29538
63.5,13.75,descending,244.72667
63.5,14.0,descending,244.495
63.5,14.25,descending,244.25334
63.5,14.5,descending,244.30698
63.5,14.75,descending,244.38889
63.5,15.0,descending,245.40846
63.5,15.25,descending,245.747
63.5,15.5,descending,246.19221
63.5,15.75,descending,246.83453
63.5,16.0,descending,246.95166
63.5,16.25,descending,246.87544
63.5,16.5,descending,246.651
63.5,16.75,descending,246.39778
63.5,17.0,descending,246.53667
63.5,17.25,descending,246.77725
63.5,17.5,descending,247.25998
63.5,17.75,descending,247.09
63.5,18.0,descending,246.40727
63.5,18.25,descending,244.832
63.5,18.5,descending,242.81818
63.5,18.75,descending,238.60075
63.5,19.0,descending,233.605
63.5,19.25,descending,229.17455
63.5,19.5,descending,221.86333
63.5,19.75,descending,219.19499
63.5,20.0,descending,213.59143
63.5,20.25,descending,212.39
63.5,20.5,descending,211.67693
63.5,20.75,descending,212.50117
63.5,21.0,descending,212.60944
63.5,21.25,descending,212.32555
63.5,21.5,descending,212.32143
63.5,21.75,descending,221.642
63.5,22.0,descending,231.61499
63.5,22.25,descending,238.63249
63.5,22.5,descending,244.7425
63.5,22.75,descending,251.168
63.5,23.0,descending,252.77
63.5,23.25,descending,253.0625
63.5,23.5,descending,252.616
63.5,23.75,descending,252.21332
63.5,24.0,descending,251.74666
63.5,24.25,descending,252.075
63.5,24.5,descending,252.68
63.5,24.75,descending,252.995
63.5,25.0,descending,252.7525
63.5,25.25,descending,257.7991
63.5,25.5,descending,259.91428
63.5,25.75,descending,259.13867
63.5,26.0,descending,258.74786
63.5,26.25,descending,258.38998
63.5,26.5,descending,258.1275
63.5,26.75,descending,257.88818
63.5,27.0,descending,257.9125
63.5,27.25,descending,257.77545
63.5,27.5,descending,257.41098
63.5,27.75,descending,257.57547
63.5,28.0,descending,257.3658
63.5,28.25,descending,257.1911
63.5,28.5,descending,256.51898
63.5,28.75,descending,256.0
63.5,29.0,descending,254.92665
63.5,29.25,descending,253.05501
63.5,29.5,descending,252.12776
63.5,29.75,descending,251.577
63.5,30.0,descending,251.769
63.5,30.25,descending,251.99222
63.5,30.5,descending,252.75111
63.5,30.75,descending,253.00111
63.5,31.0,descending,253.10901
63.5,31.25,descending,253.46625
63.5,31.5,descending,253.02374
63.5,31.75,descending,252.98444
63.5,32.0,descending,252.71889
63.5,32.25,descending,252.45888
63.5,32.5,descending,252.02124
63.5,32.75,descending,250.41667
63.5,33.0,descending,248.69499
63.5,33.25,descending,246.8157
63.5,33.5,descending,244.58798
63.5,33.75,descending,243.68555
63.5,34.0,descending,244.07625
63.5,34.25,descending,245.01999
63.5,34.5,descending,245.06499
63.5,34.75,descending,246.47285
63.5,35.0,descending,246.767
63.5,35.25,descending,248.54443
63.5,35.5,descending,249.21555
63.5,35.75,descending,249.43999
63.5,36.0,descending,249.05124
63.5,36.25,descending,247.8725
63.5,36.5,descending,247.75624
63.5,36.75,descending,248.04167
63.5,37.0,descending,247.91667
63.5,37.25,descending,248.64124
63.5,37.5,descending,249.27222
63.5,37.75,descending,250.33
63.5,38.0,descending,251.04333
63.75,-13.0,descending,229.08142
63.75,-12.75,descending,229.165
63.75,-12.5,descending,230.16733
63.75,-12.25,descending,230.37083
63.75,-12.0,descending,229.9977
63.75,-11.75,descending,230.04909
63.75,-11.5,descending,228.59332
63.75,-11.25,descending,226.40999
63.75,-11.0,descending,224.80583
63.75,-10.75,descending,224.81699
63.75,-10.5,descending,222.59273
63.75,-10.25,descending,222.356
63.75,-10.0,descending,221.44499
63.75,-9.75,descending,220.26799
63.75,-9.5,descending,219.91908
63.75,-9.25,descending,219.5411
63.75,-9.0,descending,219.41399
63.75,-8.75,descending,219.46999
63.75,-8.5,descending,219.0
63.75,-8.25,descending,219.00273
63.75,-8.0,descending,218.08221
63.75,-7.75,descending,217.75555
63.75,-7.5,descending,216.8709
63.75,-7.25,descending,215.971
63.75,-7.0,descending,215.05556
63.75,-6.75,descending,215.745
63.75,-6.5,descending,215.36615
63.75,-6.25,descending,215.07199
63.75,-6.0,descending,215.35089
63.75,-5.75,descending,214.76999
63.75,-5.5,descending,214.9375
63.75,-5.25,descending,214.61699
63.75,-5.0,descending,214.92833
63.75,-4.75,descending,214.78847
63.75,-4.5,descending,214.675
63.75,-4.25,descending,214.745
63.75,-4.0,descending,215.0723
63.75,-3.75,descending,214.43001
63.75,-3.5,descending,214.8575
63.75,-3.25,descending,214.72932
63.75,-3.0,descending,214.67389
63.75,-2.75,descending,215.504
63.75,-2.5,descending,215.46999
63.75,-2.25,descending,215.6825
63.75,-2.0,descending,215.05666
63.75,-1.75,descending,216.7775
63.75,-1.5,descending,216.57332
63.75,-1.25,descending,216.01498
63.75,-1.0,descending,216.385
63.75,-0.75,descending,215.58499
63.75,-0.5,descending,215.7175
63.75,-0.25,descending,216.2925
63.75,0.0,descending,214.11856
63.75,0.25,descending,218.5
63.75,0.5,descending,220.0975
63.75,0.75,descending,219.77
63.75,1.0,descending,220.45801
63.75,1.25,descending,221.24666
63.75,1.5,descending,220.0125
63.75,1.75,descending,219.95667
63.75,2.0,descending,219.2
63.75,2.25,descending,219.13249
63.75,2.5,descending,219.0725
63.75,2.75,descending,218.75
63.75,3.0,descending,219.27249
63.75,3.25,descending,217.4925
63.75,3.5,descending,217.78667
63.75,3.75,descending,218.59
63.75,4.0,descending,218.7625
63.75,4.25,descending,218.08
63.75,4.5,descending,218.25749
63.75,4.75,descending,217.605
63.75,5.0,descending,217.30249
63.75,5.25,descending,217.0925
63.75,5.5,descending,217.1875
63.75,5.75,descending,218.47998
63.75,6.0,descending,217.70999
63.75,6.25,descending,217.73
63.75,6.5,descending,218.91333
63.75,6.75,descending,218.625
63.75,7.0,descending,218.8775
63.75,7.25,descending,218.9
63.75,7.5,descending,218.855
63.75,7.75,descending,220.15
63.75,8.0,descending,223.0
63.75,8.25,descending,228.58398
63.75,8.5,descending,234.59
63.75,8.75,descending,236.455
63.75,9.0,descending,237.5
63.75,9.25,descending,238.25598
63.75,9.5,descending,242.09999
63.75,9.75,descending,245.71667
63.75,10.0,descending,248.76399
63.75,10.25,descending,250.095
63.75,10.5,descending,249.68001
63.75,10.75,descending,249.14998
63.75,11.0,descending,248.93
63.75,11.25,descending,248.37
63.75,11.5,descending,246.864
63.75,11.75,descending,246.35066
63.75,12.0,descending,245.18799
63.75,12.25,descending,244.35356
63.75,12.5,descending,242.5577
63.75,12.75,descending,242.33727
63.75,13.0,descending,242.59248
63.75,13.25,descending,243.69415
63.75,13.5,descending,244.574
63.75,13.75,descending,245.11546
63.75,14.0,descending,245.705
63.75,14.25,descending,245.726
63.75,14.5,descending,245.69
63.75,14.75,descending,245.41362
63.75,15.0,descending,245.16699
63.75,15.25,descending,245.2289
63.75,15.5,descending,245.54999
63.75,15.75,descending,245.806
63.75,16.0,descending,246.00667
63.75,16.25,descending,245.86299
63.75,16.5,descending,245.57
63.75,16.75,descending,245.34454
63.75,17.0,descending,245.44499
63.75,17.25,descending,245.63445
63.75,17.5,descending,246.3325
63.75,17.75,descending,246.81198
63.75,18.0,descending,247.1211
63.75,18.25,descending,246.93182
63.75,18.5,descending,246.00417
63.75,18.75,descending,244.71298
63.75,19.0,descending,243.54999
63.75,19.25,descending,239.43599
63.75,19.5,descending,237.79306
63.75,19.75,descending,231.69916
63.75,20.0,descending,228.08922
63.75,20.25,descending,222.43546
63.75,20.5,descending,219.67857
63.75,20.75,descending,216.45923
63.75,21.0,descending,212.55466
63.75,21.25,descending,210.39072
63.75,21.5,descending,209.14313
63.75,21.75,descending,208.65938
63.75,22.0,descending,211.111
63.75,22.25,descending,221.3275
63.75,22.5,descending,230.8925
63.75,22.75,descending,237.89
63.75,23.0,descending,243.898
63.75,23.25,descending,251.43
63.75,23.5,descending,252.5425
63.75,23.75,descending,253.29
63.75,24.0,descending,253.22002
63.75,24.25,descending,253.13199
63.75,24.5,descending,253.02998
63.75,24.75,descending,252.905
63.75,25.0,descending,252.94249
63.75,25.25,descending,257.84
63.75,25.5,descending,259.67175
63.75,25.75,descending,259.94077
63.75,26.0,descending,259.08643
63.75,26.25,descending,258.88666
63.75,26.5,descending,258.09915
63.75,26.75,descending,258.20908
63.75,27.0,descending,257.67416
63.75,27.25,descending,257.602
63.75,27.5,descending,257.026
63.75,27.75,descending,257.649
63.75,28.0,descending,257.31998
63.75,28.25,descending,257.58798
63.75,28.5,descending,257.77444
63.75,28.75,descending,257.456
63.75,29.0,descending,256.909
63.75,29.25,descending,256.38376
63.75,29.5,descending,255.374
63.75,29.75,descending,255.60374
63.75,30.0,descending,255.48999
63.75,30.25,descending,254.73364
63.75,30.5,descending,253.98375
63.75,30.75,descending,253.48999
63.75,31.0,descending,252.89874
63.75,31.25,descending,252.96098
63.75,31.5,descending,253.37
63.75,31.75,descending,253.22571
63.75,32.0,descending,252.923
63.75,32.25,descending,252.68285
63.75,32.5,descending,252.06
63.75,32.75,descending,251.11856
63.75,33.0,descending,249.48221
63.75,33.25,descending,247.64624
63.75,33.5,descending,246.73856
63.75,33.75,descending,245.42557
63.75,34.0,descending,245.33778
63.75,34.25,descending,244.99428
63.75,34.5,descending,243.95
63.75,34.75,descending,243.95749
63.75,35.0,descending,245.36334
63.75,35.25,descending,246.97444
63.75,35.5,descending,248.51498
63.75,35.75,descending,249.44
63.75,36.0,descending,249.05222
63.75,36.25,descending,248.75
63.75,36.5,descending,247.87665
63.75,36.75,descending,246.28572
63.75,37.0,descending,246.80624
63.75,37.25,descending,246.16199
63.75,37.5,descending,247.2475
63.75,37.75,descending,248.57166
63.75,38.0,descending,249.68834
64.0,-13.0,descending,225.00713
64.0,-12.75,descending,226.34999
64.0,-12.5,descending,227.20999
64.0,-12.25,descending,229.04599
64.0,-12.0,descending,230.11499
64.0,-11.75,descending,230.41699
64.0,-11.5,descending,230.19582
64.0,-11.25,descending,229.99428
64.0,-11.0,descending,228.99199
64.0,-10.75,descending,226.555
64.0,-10.5,descending,225.7075
64.0,-10.25,descending,224.79555
64.0,-10.0,descending,223.90111
64.0,-9.75,descending,223.22624
64.0,-9.5,descending,222.45
64.0,-9.25,descending,221.68999
64.0,-9.0,descending,221.36874
64.0,-8.75,descending,221.4475
64.0,-8.5,descending,221.10501
64.0,-8.25,descending,221.20874
64.0,-8.0,descending,220.90201
64.0,-7.75,descending,219.996
64.0,-7.5,descending,219.66624
64.0,-7.25,descending,219.07375
64.0,-7.0,descending,219.14299
64.0,-6.75,descending,218.31
64.0,-6.5,descending,219.10124
64.0,-6.25,descending,218.31667
64.0,-6.0,descending,218.25092
64.0,-5.75,descending,218.3211
64.0,-5.5,descending,218.91998
64.0,-5.25,descending,218.88599
64.0,-5.0,descending,218.61499
64.0,-4.75,descending,219.802
64.0,-4.5,descending,219.48273
64.0,-4.25,descending,219.53636
64.0,-4.0,descending,219.48999
64.0,-3.75,descending,219.48308
64.0,-3.5,descending,219.94
64.0,-3.25,descending,219.81667
64.0,-3.0,descending,219.73784
64.0,-2.75,descending,220.02666
64.0,-2.5,descending,220.684
64.0,-2.25,descending,221.118
64.0,-2.0,descending,220.21999
64.0,-1.75,descending,221.46333
64.0,-1.5,descending,221.5925
64.0,-1.25,descending,222.18333
64.0,-1.0,descending,223.07666
64.0,-0.75,descending,221.86249
64.0,-0.5,descending,220.89333
64.0,-0.25,descending,220.65666
64.0,0.0,descending,215.33286
64.0,0.25,descending,220.4025
64.0,0.5,descending,221.86333
64.0,0.75,descending,223.18666
64.0,1.0,descending,223.91333
64.0,1.25,descending,224.14499
64.0,1.5,descending,223.76
64.0,1.75,descending,223.0425
64.0,2.0,descending,222.26999
64.0,2.25,descending,221.54999
64.0,2.5,descending,221.4475
64.0,2.75,descending,221.85999
64.0,3.0,descending,221.97667
64.0,3.25,descending,221.79668
64.0,3.5,descending,221.52666
64.0,3.75,descending,222.15999
64.0,4.0,descending,221.87334
64.0,4.25,descending,222.14
64.0,4.5,descending,222.3775
64.0,4.75,descending,221.70499
64.0,5.0,descending,222.02249
64.0,5.25,descending,221.64
64.0,5.5,descending,221.85667
64.0,5.75,descending,222.5825
64.0,6.0,descending,222.96999
64.0,6.25,descending,223.43
64.0,6.5,descending,224.00499
64.0,6.75,descending,223.63666
64.0,7.0,descending,224.15666
64.0,7.25,descending,223.88335
64.0,7.5,descending,222.642
64.0,7.75,descending,221.85
64.0,8.0,descending,221.62334
64.0,8.25,descending,223.53667
64.0,8.5,descending,226.51399
64.0,8.75,descending,228.89998
64.0,9.0,descending,229.8775
64.0,9.25,descending,229.35999
64.0,9.5,descending,234.67334
64.0,9.75,descending,239.73
64.0,10.0,descending,244.2275
64.0,10.25,descending,249.17998
64.0,10.5,descending,251.13249
64.0,10.75,descending,251.02
64.0,11.0,descending,250.824
64.0,11.25,descending,251.28
64.0,11.5,descending,250.54213
64.0,11.75,descending,250.51817
64.0,12.0,descending,250.36427
64.0,12.25,descending,249.39818
64.0,12.5,descending,247.88693
64.0,12.75,descending,246.47112
64.0,13.0,descending,245.53923
64.0,13.25,descending,245.17624
64.0,13.5,descending,245.29
64.0,13.75,descending,246.2425
64.0,14.0,descending,246.4909
64.0,14.25,descending,247.189
64.0,14.5,descending,246.93
64.0,14.75,descending,246.56699
64.0,15.0,descending,245.67331
64.0,15.25,descending,245.026
64.0,15.5,descending,244.62221
64.0,15.75,descending,244.64998
64.0,16.0,descending,244.90201
64.0,16.25,descending,245.00856
64.0,16.5,descending,245.0722
64.0,16.75,descending,244.97333
64.0,17.0,descending,245.05301
64.0,17.25,descending,245.30429
64.0,17.5,descending,245.754
64.0,17.75,descending,246.51625
64.0,18.0,descending,246.978
64.0,18.25,descending,247.39713
64.0,18.5,descending,247.54599
64.0,18.75,descending,247.35333
64.0,19.0,descending,246.512
64.0,19.25,descending,246.09299
64.0,19.5,descending,244.58221
64.0,19.75,descending,243.426
64.0,20.0,descending,240.33899
64.0,20.25,descending,235.30333
64.0,20.5,descending,231.14818
64.0,20.75,descending,223.163
64.0,21.0,descending,217.6825
64.0,21.25,descending,211.86076
64.0,21.5,descending,209.25691
64.0,21.75,descending,208.34538
64.0,22.0,descending,208.204
64.0,22.25,descending,208.65692
64.0,22.5,descending,211.0925
64.0,22.75,descending,221.3675
64.0,23.0,descending,225.77998
64.0,23.25,descending,241.6075
64.0,23.5,descending,244.99333
64.0,23.75,descending,250.83667
64.0,24.0,descending,253.3575
64.0,24.25,descending,253.92665
64.0,24.5,descending,254.03333
64.0,24.75,descending,253.64749
64.0,25.0,descending,253.63332
64.0,25.25,descending,253.25334
64.0,25.5,descending,259.83313
64.0,25.75,descending,258.80453
64.0,26.0,descending,258.6454
64.0,26.25,descending,257.09
64.0,26.5,descending,257.00076
64.0,26.75,descending,256.20444
64.0,27.0,descending,256.12817
64.0,27.25,descending,256.01624
64.0,27.5,descending,256.36636
64.0,27.75,descending,256.42874
64.0,28.0,descending,256.7633
64.0,28.25,descending,256.83875
64.0,28.5,descending,257.003
64.0,28.75,descending,257.1743
64.0,29.0,descending,257.01666
64.0,29.25,descending,256.97626
64.0,29.5,descending,257.0075
64.0,29.75,descending,256.87714
64.0,30.0,descending,256.70624
64.0,30.25,descending,256.60284
64.0,30.5,descending,255.68625
64.0,30.75,descending,254.47223
64.0,31.0,descending,253.73999
64.0,31.25,descending,253.58333
64.0,31.5,descending,253.3711
64.0,31.75,descending,253.29124
64.0,32.0,descending,253.3157
64.0,32.25,descending,253.28429
64.0,32.5,descending,252.27249
64.0,32.75,descending,251.46875
64.0,33.0,descending,250.13571
64.0,33.25,descending,249.61856
64.0,33.5,descending,248.78572
64.0,33.75,descending,248.48334
64.0,34.0,descending,247.7111
64.0,34.25,descending,247.05856
64.0,34.5,descending,246.45285
64.0,34.75,descending,246.27428
64.0,35.0,descending,246.18
64.0,35.25,descending,247.12856
64.0,35.5,descending,247.626
64.0,35.75,descending,246.36223
64.0,36.0,descending,244.81714
64.0,36.25,descending,243.47714
64.0,36.5,descending,239.38374
64.0,36.75,descending,237.73286
64.0,37.0,descending,236.81999
64.0,37.25,descending,235.665
64.0,37.5,descending,237.38428
64.0,37.75,descending,241.95665
64.0,38.0,descending,245.6075
