lat,lon,LST_Kelvin,LST_Celsius
35.25,-6.0,301.8254961832061,28.67549618320612
35.25,-5.75,300.3257668711656,27.17576687116565
35.25,-5.5,296.27223529411765,23.122235294117672
35.25,-5.25,296.0574452554745,22.9074452554745
35.25,-5.0,300.04535087719296,26.895350877192982
35.25,-4.75,296.61,23.460000000000036
35.25,-3.0,295.9610204081633,22.8110204081633
35.25,-1.5,294.0210526315789,20.871052631578948
35.25,-1.25,294.15418719211823,21.004187192118252
35.25,-1.0,296.9629464285714,23.812946428571422
35.25,-0.75,295.2863414634146,22.136341463414624
35.25,-0.5,295.8675,22.71750000000003
35.25,-0.25,293.3672,20.217200000000048
35.25,-0.0,293.4432,20.293200000000013
35.25,0.25,294.3335,21.183500000000038
35.25,0.5,294.46509803921566,21.315098039215684
35.25,0.75,292.2733333333333,19.123333333333335
35.25,1.5,292.6477777777778,19.4977777777778
35.25,2.75,295.37898305084747,22.22898305084749
35.25,3.0,291.38,18.230000000000018
35.25,4.75,296.5643661971831,23.414366197183142
35.25,8.0,287.35714285714283,14.207142857142856
35.25,8.25,291.72479591836736,18.574795918367386
35.25,8.5,301.3889377289378,28.2389377289378
35.25,8.75,302.49986666666666,29.349866666666685
35.25,9.0,299.759797979798,26.60979797979803
35.25,9.25,302.59060000000005,29.440600000000074
35.25,9.5,299.75062015503875,26.60062015503877
35.25,10.75,296.2033333333333,23.05333333333334
35.25,11.0,294.9118181818182,21.761818181818228
35.25,33.0,298.6036923076923,25.453692307692336
35.25,33.25,297.40858585858587,24.25858585858589
35.25,33.5,298.72159090909093,25.571590909090958
35.25,33.75,300.7991666666667,27.6491666666667
35.25,34.0,303.23486033519555,30.08486033519557
35.25,36.0,298.7622754491018,25.612275449101844
35.25,36.25,298.2951020408163,25.14510204081631
35.25,36.5,303.19413333333335,30.044133333333377
35.25,36.75,307.0516666666667,33.9016666666667
35.25,37.0,307.05673333333334,33.906733333333364
35.25,37.25,308.96026666666666,35.81026666666668
35.25,37.5,310.9428,37.7928
35.25,37.75,313.2832,40.133200000000045
35.25,38.0,313.4965882352941,40.34658823529412
35.5,-6.0,301.95514814814817,28.80514814814819
35.5,-5.75,298.6776679340938,25.527667934093813
35.5,-5.5,298.1329093050648,24.982909305064823
35.5,-5.25,298.1280056179775,24.978005617977544
35.5,-5.0,301.8054945054945,28.655494505494516
35.5,-3.0,294.5929032258064,21.442903225806447
35.5,-1.25,295.52494545454545,22.37494545454547
35.5,-1.0,296.69765793528506,23.547657935285088
35.5,-0.75,295.7513953488372,22.60139534883723
35.5,-0.5,296.06990654205606,22.919906542056083
35.5,-0.25,294.9736395759718,21.82363957597181
35.5,-0.0,295.40983957219254,22.25983957219256
35.5,0.25,295.6929889298893,22.542988929889304
35.5,1.0,293.8325714285714,20.682571428571407
35.5,1.25,293.25944444444445,20.109444444444478
35.5,1.5,293.5157142857143,20.36571428571432
35.5,1.75,294.0,20.850000000000023
35.5,2.0,294.5657142857143,21.41571428571433
35.5,2.25,297.42,24.27000000000004
35.5,4.5,301.86,28.710000000000036
35.5,4.75,295.7505084745763,22.600508474576316
35.5,5.0,298.91895470383275,25.768954703832776
35.5,5.25,301.64,28.49000000000001
35.5,5.5,298.6202702702703,25.470270270270305
35.5,8.0,283.52,10.370000000000005
35.5,8.25,286.04936170212767,12.899361702127692
35.5,8.5,298.5764814814815,25.426481481481517
35.5,8.75,299.23491017964074,26.084910179640758
35.5,9.0,294.3222105263158,21.172210526315837
35.5,9.25,297.9617085427136,24.81170854271363
35.5,9.5,299.60136842105265,26.451368421052678
35.5,10.75,296.1892307692308,23.039230769230812
35.5,11.0,296.1065306122449,22.956530612244933
35.5,12.5,297.0408,23.890800000000013
35.5,12.75,297.44,24.29000000000002
35.5,23.5,274.40909090909093,1.2590909090909577
35.5,23.75,280.09999999999997,6.949999999999989
35.5,27.0,291.67610389610394,18.52610389610396
35.5,27.25,293.2738541666667,20.123854166666717
35.5,33.0,296.2046153846154,23.05461538461543
35.5,33.75,297.19506172839505,24.04506172839507
35.5,34.0,299.62926174496647,26.479261744966493
35.5,34.25,298.54698863636366,25.396988636363687
35.5,34.5,298.11133333333333,24.961333333333357
35.5,35.75,296.81315789473683,23.663157894736855
35.5,36.0,297.42583333333334,24.275833333333367
35.5,36.25,298.69032367972744,25.540323679727464
35.5,36.5,304.3364666666667,31.186466666666718
35.5,36.75,305.4523333333334,32.30233333333342
35.5,37.0,307.95140000000004,34.80140000000006
35.5,37.25,309.11035555555554,35.960355555555566
35.5,37.5,311.9844222222222,38.8344222222222
35.5,37.75,315.9210444444444,42.77104444444444
35.5,38.0,316.29545098039216,43.145450980392184
35.75,-6.0,299.09587301587305,25.945873015873076
35.75,-5.75,299.85224427480915,26.702244274809175
35.75,-5.5,296.5954929577465,23.445492957746524
35.75,-5.25,298.78930817610063,25.639308176100656
35.75,-1.0,293.5841111111111,20.43411111111112
35.75,-0.75,295.28996845425866,22.13996845425868
35.75,-0.5,294.63796545105566,21.487965451055686
35.75,-0.25,296.1932876712329,23.043287671232918
35.75,-0.0,296.084776119403,22.93477611940301
35.75,0.25,298.0034615384615,24.853461538461545
35.75,0.5,296.3273170731707,23.17731707317074
35.75,0.75,292.305,19.15500000000003
35.75,1.0,292.02,18.870000000000005
35.75,1.25,293.6383333333333,20.488333333333344
35.75,1.5,293.21500000000003,20.065000000000055
35.75,2.25,293.3,20.150000000000034
35.75,2.75,298.99600000000004,25.84600000000006
35.75,3.0,297.72936936936935,24.579369369369374
35.75,5.0,299.3298305084746,26.179830508474595
35.75,5.25,299.8846365914787,26.734636591478704
35.75,5.5,301.20984505363526,28.059845053635286
35.75,5.75,298.32527514231504,25.17527514231506
35.75,6.0,292.8844897959184,19.73448979591842
35.75,6.25,288.03866666666664,14.888666666666666
35.75,6.5,286.97333333333336,13.82333333333338
35.75,9.0,288.06,14.910000000000025
35.75,10.75,296.5851612903226,23.43516129032264
35.75,12.75,297.604,24.454000000000008
35.75,13.0,300.5,27.350000000000023
35.75,14.25,296.704,23.55400000000003
35.75,14.5,300.9329323308271,27.782932330827123
35.75,23.25,283.9266666666667,10.7766666666667
35.75,23.75,277.9836363636364,4.833636363636401
35.75,27.0,290.9666666666667,17.81666666666672
35.75,27.25,288.0597350993378,14.909735099337809
35.75,34.5,297.00244444444445,23.852444444444473
35.75,35.75,297.0603636363636,23.910363636363627
35.75,36.0,294.7270503597123,21.577050359712302
35.75,36.25,298.86777188328915,25.717771883289174
35.75,36.5,304.3075777777778,31.157577777777817
35.75,36.75,306.39928888888886,33.249288888888884
35.75,37.0,307.5244147157191,34.374414715719126
35.75,37.25,309.9767555555556,36.82675555555562
35.75,37.5,312.08768888888886,38.937688888888886
35.75,37.75,317.5649111111111,44.41491111111111
35.75,38.0,319.402431372549,46.25243137254904
36.0,-5.75,295.6853691275168,22.535369127516844
36.0,-5.5,294.66618421052635,21.516184210526376
36.0,-5.25,295.3442857142857,22.19428571428574
36.0,-0.5,290.58000000000004,17.430000000000064
36.0,-0.25,294.20750000000004,21.05750000000006
36.0,-0.0,296.43069767441864,23.28069767441866
36.0,0.25,296.0020338983051,22.852033898305137
36.0,0.5,296.4974814814815,23.34748148148151
36.0,0.75,297.39473251028807,24.244732510288088
36.0,1.0,294.7588127853881,21.608812785388125
36.0,1.25,290.22,17.07000000000005
36.0,2.5,287.46,14.310000000000002
36.0,2.75,288.1,14.950000000000045
36.0,3.5,299.02,25.870000000000005
36.0,5.0,285.5663157894737,12.416315789473742
36.0,5.25,291.9415736040609,18.791573604060943
36.0,5.5,299.9804219409283,26.830421940928318
36.0,5.75,300.28388349514563,27.133883495145653
36.0,6.0,296.1570297029703,23.00702970297033
36.0,6.25,288.4245714285714,15.274571428571448
36.0,6.5,288.7904347826087,15.640434782608736
36.0,6.75,286.76193548387096,13.61193548387098
36.0,7.0,286.11034482758623,12.960344827586255
36.0,14.25,297.8430303030303,24.693030303030298
36.0,14.5,301.2897222222222,28.139722222222247
36.0,23.25,281.50857142857143,8.358571428571452
36.0,27.75,290.87216981132076,17.722169811320782
36.0,28.0,290.66962025316457,17.51962025316459
36.0,32.5,296.2993220338983,23.14932203389833
36.0,32.75,298.45030100334446,25.300301003344487
36.0,33.0,299.61357142857145,26.46357142857147
36.0,36.0,295.85948339483394,22.709483394833967
36.0,36.25,299.57086734693877,26.420867346938792
36.0,36.5,303.10375555555555,29.953755555555574
36.0,36.75,303.8077333333334,30.657733333333397
36.0,37.0,305.0000888888889,31.850088888888934
36.0,37.25,308.0884222222222,34.93842222222224
36.0,37.5,305.0897111111111,31.939711111111137
36.0,37.75,309.80637777777775,36.65637777777778
36.0,38.0,309.90035294117644,36.75035294117646
36.25,-6.25,297.87441860465117,24.72441860465119
36.25,-6.0,299.4565231788079,26.306523178807936
36.25,-5.75,298.92205417607227,25.772054176072288
36.25,-5.5,295.4775,22.327500000000043
36.25,-5.25,297.8289347079038,24.678934707903807
36.25,0.25,294.9952631578947,21.84526315789475
36.25,0.5,295.6520512820513,22.502051282051298
36.25,0.75,293.5243668122271,20.374366812227095
36.25,1.0,290.112,16.962000000000046
36.25,2.0,292.85527272727273,19.705272727272757
36.25,2.25,292.1538271604938,19.003827160493813
36.25,2.5,291.454375,18.30437500000005
36.25,2.75,291.8022641509434,18.652264150943438
36.25,5.5,287.9529411764706,14.802941176470597
36.25,5.75,295.44372881355935,22.29372881355937
36.25,6.0,297.9431578947369,24.793157894736908
36.25,6.25,292.6821719457014,19.532171945701407
36.25,6.5,295.1750413223141,22.02504132231411
36.25,6.75,292.6536567164179,19.503656716417936
36.25,7.0,291.4912547528517,18.34125475285174
36.25,7.25,293.03200000000004,19.882000000000062
36.25,10.25,289.5514285714286,16.401428571428596
36.25,26.75,287.1472727272727,13.99727272727273
36.25,27.5,286.7552380952381,13.605238095238121
36.25,27.75,288.7945454545454,15.644545454545437
36.25,28.0,290.7263788968825,17.576378896882545
36.25,28.25,292.51809523809527,19.368095238095293
36.25,29.25,292.116338028169,18.966338028169048
36.25,29.5,288.23800865800865,15.088008658008675
36.25,29.75,293.04255720053834,19.892557200538363
36.25,30.0,292.82837962962964,19.67837962962966
36.25,30.25,296.4043925233645,23.254392523364515
36.25,30.5,292.5174857142857,19.36748571428575
36.25,32.25,294.6193034825871,21.469303482587122
36.25,32.5,292.9812514757969,19.831251475796932
36.25,32.75,293.80303105590065,20.65303105590067
36.25,33.0,296.2472525027809,23.09725250278092
36.25,33.25,295.8911196911197,22.741119691119707
36.25,33.5,297.2218640776699,24.071864077669943
36.25,33.75,292.7119565217391,19.56195652173915
36.25,35.75,291.50476190476195,18.354761904761972
36.25,36.0,291.74587896253604,18.595878962536062
36.25,36.25,298.7120588235294,25.562058823529412
36.25,36.5,302.36379999999997,29.213799999999992
36.25,36.75,304.0330888888889,30.88308888888895
36.25,37.0,305.4305111111111,32.28051111111114
36.25,37.25,306.57531111111115,33.42531111111117
36.25,37.5,307.10591111111114,33.95591111111116
36.25,37.75,308.7025777777778,35.5525777777778
36.25,38.0,310.973137254902,37.82313725490201
36.5,-6.25,299.68865497076024,26.538654970760263
36.5,-6.0,301.45495535714286,28.304955357142887
36.5,-5.75,298.22371111111113,25.07371111111115
36.5,-5.5,293.61555555555555,20.465555555555568
36.5,-5.25,296.01683840749416,22.866838407494186
36.5,-5.0,296.9150274223035,23.765027422303547
36.5,-4.75,297.91221238938056,24.76221238938058
36.5,-4.5,297.71654320987653,24.566543209876556
36.5,1.0,290.06965517241383,16.919655172413854
36.5,1.25,287.0021052631579,13.85210526315791
36.5,1.75,287.5764285714286,14.42642857142863
36.5,2.0,291.18151351351355,18.031513513513573
36.5,2.25,291.52916083916085,18.379160839160875
36.5,2.5,290.3159322033898,17.165932203389843
36.5,2.75,292.1736134453782,19.023613445378203
36.5,3.0,293.07836734693876,19.928367346938785
36.5,3.25,294.9971428571429,21.8471428571429
36.5,3.5,290.4874576271186,17.337457627118624
36.5,3.75,289.3948104956268,16.244810495626837
36.5,4.0,286.8533333333333,13.703333333333319
36.5,7.0,292.24933333333337,19.09933333333339
36.5,7.25,291.89087719298243,18.740877192982452
36.5,7.5,292.96253164556964,19.812531645569663
36.5,8.0,280.23555555555555,7.0855555555555725
36.5,9.0,284.7914285714286,11.641428571428605
36.5,9.25,287.8552941176471,14.7052941176471
36.5,9.5,290.34000000000003,17.190000000000055
36.5,9.75,291.46,18.310000000000002
36.5,10.0,292.55333333333334,19.403333333333364
36.5,10.25,293.5148087431694,20.36480874316942
36.5,10.5,297.0462162162162,23.896216216216203
36.5,10.75,298.8666666666667,25.716666666666697
36.5,11.0,301.355,28.20500000000004
36.5,26.25,287.60086956521735,14.450869565217374
36.5,26.5,287.3136,14.16360000000003
36.5,27.75,281.6218181818182,8.471818181818207
36.5,28.0,287.66582278481013,14.515822784810155
36.5,28.25,292.6314285714286,19.481428571428637
36.5,28.75,290.32428571428574,17.17428571428576
36.5,29.0,285.64,12.490000000000009
36.5,29.25,291.6014243323442,18.45142433234423
36.5,29.5,286.65797709923663,13.507977099236655
36.5,29.75,290.22877437325906,17.07877437325908
36.5,30.0,288.40393001345893,15.253930013458955
36.5,30.25,290.90707096774196,17.75707096774198
36.5,30.5,292.63698701298705,19.486987012987072
36.5,32.25,285.2935555555556,12.143555555555622
36.5,32.5,286.5340841248304,13.384084124830395
36.5,32.75,292.0571326164875,18.9071326164875
36.5,33.0,296.54865105908584,23.398651059085864
36.5,33.25,299.18375939849625,26.033759398496272
36.5,33.5,303.1015987460815,29.951598746081515
36.5,33.75,295.7257995735608,22.5757995735608
36.5,34.0,291.148,17.998000000000047
36.5,35.5,291.7714285714286,18.621428571428623
36.5,35.75,294.644,21.494000000000028
36.5,36.0,296.68333333333334,23.53333333333336
36.5,36.25,295.6424055944056,22.492405594405625
36.5,36.5,298.4144444444444,25.26444444444445
36.5,36.75,303.51242158092845,30.36242158092847
36.5,37.0,302.5454888888889,29.395488888888906
36.5,37.25,302.36867039106147,29.218670391061494
36.5,37.5,306.3304338153504,33.1804338153504
36.5,37.75,309.57486666666665,36.424866666666674
36.5,38.0,310.85149019607843,37.70149019607845
36.75,-6.5,299.5675471698113,26.417547169811314
36.75,-6.25,303.8959899749373,30.745989974937345
36.75,-6.0,303.65121281464536,30.501212814645385
36.75,-5.75,301.08255555555553,27.932555555555552
36.75,-5.5,295.7305333333333,22.580533333333335
36.75,-5.25,295.78582222222224,22.63582222222226
36.75,-5.0,295.60857777777784,22.45857777777786
36.75,-4.75,299.85726666666665,26.70726666666667
36.75,-4.5,299.8621238938053,26.712123893805312
36.75,-4.25,300.8065255731923,27.65652557319231
36.75,-4.0,301.153625,28.003625
36.75,-3.75,296.71702306079663,23.567023060796657
36.75,-3.5,299.5884007029877,26.438400702987735
36.75,-3.25,300.13350762527233,26.983507625272352
36.75,-3.0,300.6672647702407,27.51726477024073
36.75,-2.75,300.6916770186335,27.54167701863355
36.75,-2.5,300.8177375565611,27.66773755656112
36.75,-2.25,304.47552147239264,31.325521472392666
36.75,-2.0,303.05919463087247,29.90919463087249
36.75,2.25,289.367,16.21700000000004
36.75,2.5,289.296,16.146000000000015
36.75,2.75,294.0158585858586,20.865858585858632
36.75,3.0,294.83063985374775,21.680639853747778
36.75,3.25,296.1080497925312,22.9580497925312
36.75,3.5,292.8063333333334,19.656333333333407
36.75,3.75,291.5241355932203,18.37413559322033
36.75,4.0,289.8290990990991,16.67909909909912
36.75,4.25,290.20105263157893,17.051052631578955
36.75,4.5,286.92,13.770000000000039
36.75,5.75,284.76,11.610000000000014
36.75,6.0,289.4372972972973,16.2872972972973
36.75,6.25,291.04333333333335,17.893333333333374
36.75,7.25,291.39175,18.241750000000025
36.75,7.5,293.00444444444446,19.854444444444482
36.75,8.0,286.7265853658537,13.576585365853703
36.75,8.25,289.55951612903226,16.409516129032284
36.75,8.5,283.9775,10.827500000000043
36.75,8.75,286.82,13.670000000000016
36.75,10.25,288.6218181818182,15.471818181818207
36.75,10.5,296.1909090909091,23.04090909090911
36.75,10.75,295.1326543209876,21.98265432098765
36.75,11.0,295.3442406876791,22.1942406876791
36.75,11.25,295.96,22.810000000000002
36.75,12.0,293.05914893617023,19.909148936170254
36.75,14.5,299.3856872037915,26.235687203791542
36.75,14.75,295.7895285359802,22.63952853598022
36.75,15.0,293.1074692874693,19.957469287469337
36.75,15.25,293.56333333333333,20.413333333333355
36.75,21.75,282.68,9.53000000000003
36.75,22.0,284.38,11.230000000000018
36.75,22.25,283.53796610169496,10.387966101694985
36.75,22.5,286.193893129771,13.04389312977105
36.75,22.75,288.7883870967742,15.638387096774238
36.75,25.0,284.5327272727273,11.382727272727323
36.75,25.25,287.9512781954887,14.801278195488749
36.75,25.5,288.0405263157895,14.890526315789543
36.75,25.75,292.5655072463768,19.41550724637682
36.75,26.0,292.2629787234043,19.112978723404296
36.75,26.5,286.0,12.850000000000023
36.75,27.0,291.2586746987952,18.1086746987952
36.75,27.25,291.6776978417266,18.52769784172665
36.75,27.5,285.0943949044586,11.944394904458647
36.75,27.75,287.707868852459,14.557868852459023
36.75,28.0,289.8765986394558,16.7265986394558
36.75,28.25,286.3676923076923,13.217692307692346
36.75,28.5,288.3364705882353,15.186470588235295
36.75,28.75,290.4403883495146,17.290388349514615
36.75,29.0,291.3422727272727,18.192272727272723
36.75,29.25,292.5569841269841,19.406984126984128
36.75,29.5,286.1824778761062,13.032477876106213
36.75,29.75,288.96524964336663,15.815249643366656
36.75,30.0,292.6538515081206,19.503851508120647
36.75,30.25,288.94429931972786,15.794299319727884
36.75,30.5,290.80625,17.65625
36.75,30.75,296.9250847457627,23.77508474576274
36.75,31.0,296.2662686567164,23.116268656716443
36.75,31.25,295.8354491017964,22.68544910179645
36.75,31.5,294.8526484018265,21.702648401826536
36.75,31.75,291.80790262172286,18.657902621722883
36.75,32.0,289.6687651331719,16.51876513317194
36.75,32.25,284.3274739039666,11.177473903966643
36.75,32.5,288.0096219035202,14.859621903520235
36.75,32.75,292.37059113300495,19.220591133004973
36.75,33.0,292.2696666666667,19.119666666666717
36.75,33.25,300.7636789297659,27.61367892976591
36.75,33.5,297.9543080357143,24.804308035714314
36.75,33.75,294.9911555555555,21.84115555555553
36.75,34.0,294.3475681818182,21.197568181818212
36.75,34.25,292.8397165991903,19.68971659919032
36.75,34.5,290.7427807486631,17.59278074866313
36.75,34.75,289.8015584415585,16.651558441558507
36.75,35.25,290.49,17.340000000000032
36.75,35.5,289.6553846153846,16.505384615384628
36.75,35.75,292.79846153846154,19.64846153846156
36.75,36.0,286.88,13.730000000000018
36.75,36.25,293.9265372168285,20.7765372168285
36.75,36.5,297.88524553571426,24.735245535714284
36.75,36.75,300.57720982142854,27.427209821428562
36.75,37.0,300.51729863692685,27.367298636926876
36.75,37.25,300.87611299435025,27.726112994350274
36.75,37.5,300.2752122641509,27.125212264150946
36.75,37.75,307.3678348214286,34.217834821428596
36.75,38.0,309.62870588235296,36.47870588235298
37.0,-9.0,301.1868253968254,28.036825396825407
37.0,-8.75,301.094693877551,27.944693877551003
37.0,-8.5,296.30533333333335,23.155333333333374
37.0,-8.25,300.8811538461539,27.731153846153916
37.0,-8.0,299.75979057591627,26.609790575916293
37.0,-7.75,299.48850574712645,26.338505747126476
37.0,-7.5,295.08,21.930000000000007
37.0,-6.75,301.5021505376344,28.35215053763443
37.0,-6.5,304.4706229508197,31.32062295081971
37.0,-6.25,305.033387283237,31.883387283237028
37.0,-6.0,304.75189674523006,31.60189674523008
37.0,-5.75,305.434,32.28400000000005
37.0,-5.5,301.2157777777778,28.06577777777784
37.0,-5.25,297.9072444444445,24.757244444444495
37.0,-5.0,299.65613333333334,26.506133333333366
37.0,-4.75,300.62559999999996,27.475599999999986
37.0,-4.5,298.6646,25.51460000000003
37.0,-4.25,297.27124444444445,24.12124444444447
37.0,-4.0,299.2095777777778,26.059577777777804
37.0,-3.75,299.9079555555556,26.75795555555561
37.0,-3.5,295.5180602006689,22.368060200668936
37.0,-3.25,293.3375030012005,20.187503001200525
37.0,-3.0,296.06190789473686,22.911907894736885
37.0,-2.75,296.93554757630164,23.785547576301667
37.0,-2.5,302.96228901734105,29.812289017341072
37.0,-2.25,302.7780294450736,29.62802944507365
37.0,-2.0,301.9038119440915,28.753811944091524
37.0,-1.75,297.109375,23.959375000000023
37.0,4.0,288.195593220339,15.045593220339015
37.0,4.25,288.25875,15.108750000000043
37.0,4.5,286.54833333333335,13.398333333333369
37.0,6.0,291.35,18.200000000000045
37.0,6.25,288.3683870967742,15.218387096774222
37.0,6.5,288.75098591549295,15.60098591549297
37.0,8.25,284.1257142857143,10.975714285714332
37.0,8.5,284.76758620689657,11.61758620689659
37.0,8.75,286.82,13.670000000000016
37.0,9.0,287.95119496855347,14.801194968553489
37.0,9.25,291.2621768707483,18.11217687074833
37.0,9.5,290.79869565217393,17.648695652173956
37.0,10.0,291.1275862068966,17.977586206896603
37.0,10.25,287.71696969696967,14.566969696969693
37.0,10.5,280.26,7.110000000000014
37.0,10.75,288.6439130434783,15.493913043478301
37.0,11.0,289.43146666666667,16.281466666666688
37.0,13.75,300.03999999999996,26.889999999999986
37.0,14.0,299.68318840579707,26.53318840579709
37.0,14.25,300.276507936508,27.126507936508006
37.0,14.5,299.87374100719427,26.723741007194292
37.0,14.75,293.8255899198167,20.67558991981673
37.0,15.0,294.4016164053076,21.25161640530763
37.0,15.25,299.9329323308271,26.782932330827123
37.0,21.5,283.12457142857147,9.974571428571494
37.0,21.75,285.967972972973,12.817972972972996
37.0,22.0,286.69594202898554,13.545942028985564
37.0,22.25,283.72720000000004,10.577200000000062
37.0,22.5,286.9390697674419,13.789069767441902
37.0,22.75,288.6291836734694,15.479183673469436
37.0,23.0,281.68,8.53000000000003
37.0,24.5,288.01,14.860000000000014
37.0,24.75,285.8617777777778,12.711777777777797
37.0,25.0,285.4625,12.3125
37.0,25.25,290.7257142857143,17.575714285714298
37.0,25.5,290.8766595289079,17.72665952890793
37.0,25.75,292.97375,19.823750000000018
37.0,26.0,290.88146341463414,17.731463414634163
37.0,26.5,290.2175,17.067499999999995
37.0,26.75,292.736,19.586000000000013
37.0,27.0,289.84765957446814,16.69765957446816
37.0,27.25,291.4060777385159,18.2560777385159
37.0,27.5,288.460546875,15.310546875
37.0,27.75,289.60690476190473,16.456904761904752
37.0,28.0,287.0262857142857,13.8762857142857
37.0,28.25,286.10779116465864,12.957791164658659
37.0,28.5,289.369625,16.219625000000008
37.0,28.75,289.17,16.02000000000004
37.0,29.5,286.94953125,13.79953125000003
37.0,29.75,288.3201230769231,15.170123076923119
37.0,30.0,289.143273657289,15.993273657289024
37.0,30.25,291.9711275415897,18.821127541589703
37.0,30.5,293.0523943661972,19.9023943661972
37.0,30.75,296.1588839285714,23.008883928571436
37.0,31.0,296.6580990629183,23.508099062918347
37.0,31.25,294.50111111111113,21.351111111111152
37.0,31.5,291.4522695035461,18.302269503546142
37.0,31.75,290.3133258678612,17.163325867861204
37.0,32.0,282.2552597402597,9.105259740259726
37.0,32.25,288.46992771084336,15.319927710843388
37.0,32.5,293.60391676866584,20.453916768665863
37.0,32.75,298.26203288490285,25.112032884902874
37.0,33.0,296.8571058823529,23.70710588235295
37.0,33.25,294.8934821428571,21.743482142857147
37.0,33.5,295.56613333333337,22.41613333333339
37.0,33.75,292.98699999999997,19.83699999999999
37.0,34.0,290.7156444444445,17.5656444444445
37.0,34.25,290.93573333333336,17.785733333333383
37.0,34.5,294.6645388349515,21.51453883495151
37.0,34.75,297.0224649859944,23.87246498599444
37.0,35.0,296.7858823529412,23.635882352941223
37.0,35.25,293.18113636363637,20.031136363636392
37.0,35.5,294.3155555555556,21.165555555555613
37.0,35.75,289.55573770491804,16.405737704918067
37.0,36.0,291.2927572016461,18.142757201646134
37.0,36.25,293.77524926686215,20.62524926686217
37.0,36.5,295.07020408163265,21.920204081632676
37.0,36.75,297.71861915367487,24.568619153674888
37.0,37.0,297.24118090452265,24.091180904522673
37.0,37.25,299.0568384879725,25.90683848797255
37.0,37.5,300.78562642369025,27.63562642369027
37.0,37.75,304.9904367301232,31.8404367301232
37.0,38.0,306.100862745098,32.95086274509805
37.25,-9.0,298.1053333333333,24.95533333333333
37.25,-8.75,298.23207920792083,25.082079207920856
37.25,-8.5,296.3867055393586,23.23670553935864
37.25,-8.25,297.54080808080806,24.390808080808085
37.25,-8.0,299.1146052631579,25.96460526315792
37.25,-7.75,299.42475806451614,26.274758064516163
37.25,-7.5,301.4527131782946,28.302713178294596
37.25,-7.25,298.5114285714286,25.361428571428632
37.25,-7.0,297.0158075601375,23.86580756013751
37.25,-6.75,300.3960209424084,27.24602094240845
37.25,-6.5,301.91327510917034,28.763275109170365
37.25,-6.25,303.99575471698114,30.845754716981162
37.25,-6.0,304.40160550458717,31.25160550458719
37.25,-5.75,306.26550724637684,33.115507246376865
37.25,-5.5,307.2814,34.13140000000004
37.25,-5.25,305.58284444444445,32.43284444444447
37.25,-5.0,303.12444444444446,29.974444444444487
37.25,-4.75,302.00938271604934,28.859382716049367
37.25,-4.5,301.2392333709132,28.089233370913234
37.25,-4.25,298.6215111111111,25.471511111111113
37.25,-4.0,301.15211111111114,28.002111111111162
37.25,-3.75,302.46382222222223,29.313822222222257
37.25,-3.5,297.07706666666667,23.92706666666669
37.25,-3.25,297.7475777777778,24.597577777777815
37.25,-3.0,300.62137777777775,27.471377777777775
37.25,-2.75,297.92153333333334,24.771533333333366
37.25,-2.5,298.47758816837313,25.327588168373154
37.25,-2.25,300.807955801105,27.657955801105004
37.25,-2.0,302.38573849878935,29.235738498789374
37.25,-1.75,301.95163814180927,28.801638141809292
37.25,9.25,284.3346551724138,11.18465517241384
37.25,9.5,286.23415162454876,13.084151624548781
37.25,9.75,281.728275862069,8.578275862069006
37.25,10.0,282.69937500000003,9.549375000000055
37.25,13.25,297.2916666666667,24.14166666666671
37.25,13.5,297.6441721854305,24.4941721854305
37.25,13.75,298.33924324324323,25.189243243243254
37.25,14.0,298.5685498108449,25.418549810844922
37.25,14.25,297.89365482233507,24.74365482233509
37.25,14.5,297.0770942111237,23.927094211123745
37.25,14.75,295.98626666666667,22.83626666666669
37.25,15.0,295.3493227091634,22.199322709163425
37.25,15.25,297.34553846153847,24.19553846153849
37.25,21.5,283.72583333333336,10.575833333333378
37.25,21.75,282.0048648648649,8.854864864864908
37.25,22.25,285.379375,12.229375000000005
37.25,22.5,283.978,10.828000000000031
37.25,22.75,287.2571612903226,14.107161290322608
37.25,23.0,293.384347826087,20.234347826087003
37.25,23.25,294.878870967742,21.72887096774201
37.25,23.5,291.350303030303,18.20030303030302
37.25,24.5,289.4877551020408,16.33775510204083
37.25,25.25,290.24727272727273,17.097272727272752
37.25,25.5,289.6835185185185,16.53351851851852
37.25,26.5,292.2475862068966,19.097586206896608
37.25,26.75,292.62,19.470000000000027
37.25,27.0,292.72,19.57000000000005
37.25,27.25,293.2653125,20.115312500000016
37.25,27.5,291.11408360128615,17.964083601286177
37.25,27.75,291.2716182572614,18.121618257261446
37.25,28.0,289.1977777777778,16.04777777777781
37.25,28.25,288.3128571428571,15.162857142857149
37.25,28.5,285.34000000000003,12.190000000000055
37.25,28.75,285.48650000000004,12.336500000000058
37.25,29.0,282.86,9.710000000000036
37.25,29.25,289.08936585365853,15.939365853658558
37.25,29.5,292.04531986531987,18.89531986531989
37.25,29.75,290.2481739130435,17.098173913043524
37.25,30.0,290.45007633587784,17.30007633587786
37.25,30.25,290.3774921630094,17.2274921630094
37.25,30.5,291.29940217391305,18.149402173913074
37.25,30.75,291.9372357723577,18.787235772357747
37.25,31.0,289.9801473296501,16.830147329650117
37.25,31.25,289.57004538577917,16.42004538577919
37.25,31.5,287.1364705882353,13.986470588235306
37.25,31.75,287.6747325102881,14.524732510288118
37.25,32.0,290.07894144144143,16.928941441441452
37.25,32.25,295.67673333333335,22.526733333333368
37.25,32.5,295.9549944382647,22.804994438264714
37.25,32.75,299.6834888888889,26.53348888888894
37.25,33.0,300.6959777777778,27.545977777777807
37.25,33.25,302.1696,29.019600000000025
37.25,33.5,303.5353111111111,30.38531111111115
37.25,33.75,302.57988801791714,29.429888017917165
37.25,34.0,295.2085077951002,22.05850779510024
37.25,34.25,284.8417766497462,11.691776649746203
37.25,34.5,286.9887378640777,13.8387378640777
37.25,34.75,291.5763661971831,18.426366197183143
37.25,35.0,290.7361739130435,17.586173913043524
37.25,35.25,292.7035,19.553500000000042
37.25,35.5,292.69935483870967,19.54935483870969
37.25,35.75,295.01206349206353,21.862063492063555
37.25,36.0,292.73435897435894,19.584358974358963
37.25,36.25,293.20637931034486,20.05637931034488
37.25,36.5,292.80317757009345,19.653177570093476
37.25,36.75,296.26066590126294,23.110665901262962
37.25,37.0,296.40079346557764,23.250793465577658
37.25,37.25,294.30492997198877,21.154929971988793
37.25,37.5,298.1935529411765,25.04355294117653
37.25,37.75,302.0520807061791,28.902080706179106
37.25,38.0,301.78959016393446,28.639590163934486
37.5,-8.75,298.62492592592594,25.47492592592596
37.5,-8.5,294.7917903930131,21.64179039301314
37.5,-8.25,293.3375675675676,20.187567567567612
37.5,-8.0,302.5210714285714,29.37107142857144
37.5,-7.75,303.41902597402594,30.269025974025965
37.5,-7.5,300.39217847769027,27.242178477690288
37.5,-7.25,300.745935483871,27.595935483871017
37.5,-7.0,301.1480245022971,27.99802450229714
37.5,-6.75,300.7823857868021,27.632385786802104
37.5,-6.5,299.93384615384616,26.783846153846184
37.5,-6.25,304.4253892215569,31.275389221556907
37.5,-6.0,303.7283143219265,30.57831432192654
37.5,-5.75,303.68778823529414,30.53778823529416
37.5,-5.5,304.8035885714286,31.6535885714286
37.5,-5.25,303.5771461187215,30.42714611872151
37.5,-5.0,303.1454893138358,29.995489313835833
37.5,-4.75,303.30415555555555,30.154155555555576
37.5,-4.5,301.8963697104677,28.746369710467718
37.5,-4.25,298.39006666666666,25.240066666666678
37.5,-4.0,298.77711111111114,25.627111111111162
37.5,-3.75,297.3799333333333,24.22993333333335
37.5,-3.5,301.2330666666667,28.083066666666696
37.5,-3.25,301.99333333333334,28.843333333333362
37.5,-3.0,301.73931111111114,28.589311111111158
37.5,-2.75,299.95702222222224,26.80702222222226
37.5,-2.5,300.16802222222225,27.01802222222227
37.5,-2.25,300.99544444444444,27.845444444444468
37.5,-2.0,304.8844666666667,31.73446666666672
37.5,-1.75,304.49317777777776,31.343177777777782
37.5,-1.5,301.24083333333334,28.090833333333364
37.5,-1.25,299.5553246753247,26.40532467532472
37.5,-1.0,297.60579545454544,24.455795454545466
37.5,-0.75,299.2652380952381,26.115238095238112
37.5,12.75,295.42450704225354,22.27450704225356
37.5,13.0,289.7026666666667,16.55266666666671
37.5,13.25,295.91749999999996,22.767499999999984
37.5,13.5,296.43824175824176,23.28824175824178
37.5,13.75,295.8239936102237,22.673993610223704
37.5,14.0,295.39023952095806,22.240239520958085
37.5,14.25,295.6403846153846,22.49038461538464
37.5,14.5,297.17772009029346,24.027720090293485
37.5,14.75,298.9331535756155,25.78315357561553
37.5,15.0,300.66150187734667,27.51150187734669
37.5,15.25,300.5348,27.38480000000004
37.5,21.5,293.1707438016529,20.02074380165294
37.5,21.75,288.2847747747748,15.134774774774826
37.5,22.0,286.60592592592593,13.455925925925953
37.5,22.5,287.0791304347826,13.929130434782621
37.5,22.75,293.68630630630634,20.536306306306358
37.5,23.0,293.79715596330277,20.647155963302794
37.5,23.25,293.47934065934066,20.329340659340687
37.5,23.5,293.9523383084577,20.802338308457706
37.5,24.25,290.20271186440675,17.052711864406774
37.5,24.5,292.4879120879121,19.337912087912116
37.5,24.75,286.95125,13.801250000000039
37.5,25.0,292.4861935483871,19.336193548387143
37.5,25.25,291.8504054054054,18.700405405405434
37.5,25.5,295.2863157894737,22.136315789473713
37.5,26.0,289.0273076923077,15.877307692307738
37.5,26.25,288.9976842105263,15.847684210526324
37.5,26.5,288.32882352941175,15.178823529411773
37.5,26.75,290.86,17.710000000000036
37.5,27.0,291.1936842105263,18.04368421052635
37.5,27.25,292.4127683615819,19.262768361581948
37.5,27.5,288.4384824902724,15.288482490272429
37.5,27.75,287.7168085106383,14.566808510638339
37.5,28.0,289.2724183006536,16.122418300653635
37.5,28.75,288.68260869565216,15.532608695652186
37.5,29.0,290.344375,17.194375000000036
37.5,29.25,286.54,13.390000000000043
37.5,29.5,290.3738271604939,17.223827160493897
37.5,29.75,287.95792,14.807920000000024
37.5,30.0,292.4212,19.27120000000002
37.5,30.25,288.2517209302326,15.101720930232602
37.5,30.5,290.22708860759496,17.077088607594987
37.5,30.75,287.4015625,14.251562500000034
37.5,31.0,287.40494296577947,14.254942965779492
37.5,31.25,287.5499588477366,14.399958847736627
37.5,31.5,288.75686028257456,15.606860282574587
37.5,31.75,290.4768208092485,17.326820809248545
37.5,32.0,292.18510083036773,19.035100830367753
37.5,32.25,292.7317463848721,19.581746384872133
37.5,32.5,297.62658482142854,24.47658482142856
37.5,32.75,302.12020111731846,28.97020111731848
37.5,33.0,304.3052888888889,31.155288888888947
37.5,33.25,301.8318040089087,28.681804008908728
37.5,33.5,302.37235555555554,29.222355555555566
37.5,33.75,302.7605333333333,29.610533333333308
37.5,34.0,302.5563595505618,29.40635955056183
37.5,34.25,301.0726616915423,27.922661691542316
37.5,34.5,298.54988399071925,25.399883990719275
37.5,34.75,295.0491736526946,21.89917365269463
37.5,35.0,290.3372594752187,17.187259475218696
37.5,35.25,287.35818731117826,14.208187311178278
37.5,35.5,288.0550427350428,14.905042735042798
37.5,36.0,288.60857142857145,15.458571428571474
37.5,36.25,292.77934640522875,19.629346405228773
37.5,36.5,293.22231678487,20.072316784869997
37.5,36.75,295.54771241830065,22.39771241830067
37.5,37.0,295.8008183306056,22.650818330605603
37.5,37.25,293.5889179104478,20.4389179104478
37.5,37.5,296.30339035769833,23.153390357698356
37.5,37.75,296.75964114832533,23.609641148325352
37.5,38.0,298.95428000000004,25.804280000000063
37.75,-8.75,299.6429957805907,26.492995780590718
37.75,-8.5,295.71527777777777,22.565277777777794
37.75,-8.25,298.6934426229508,25.543442622950806
37.75,-8.0,301.2835714285714,28.13357142857143
37.75,-7.75,301.01741626794256,27.867416267942588
37.75,-7.5,300.2376,27.08760000000001
37.75,-7.25,297.1785882352941,24.028588235294137
37.75,-7.0,298.2169135802469,25.066913580246933
37.75,-6.75,295.23977099236646,22.089770992366482
37.75,-6.5,295.4353033268102,22.285303326810208
37.75,-6.25,297.8915179968701,24.74151799687013
37.75,-6.0,298.5906344410876,25.44063444108764
37.75,-5.75,299.3440809968847,26.194080996884736
37.75,-5.5,299.5992092257002,26.4492092257002
37.75,-5.25,300.7208636977058,27.570863697705818
37.75,-5.0,300.5816100628931,27.431610062893128
37.75,-4.75,303.14407925407926,29.99407925407928
37.75,-4.5,304.6307777777778,31.480777777777803
37.75,-4.25,303.3311284916201,30.181128491620143
37.75,-4.0,300.78173719376395,27.631737193763968
37.75,-3.75,297.121756587202,23.971756587202037
37.75,-3.5,296.50554161915625,23.35554161915627
37.75,-3.25,300.2385555555556,27.088555555555615
37.75,-3.0,296.3286888888889,23.178688888888928
37.75,-2.75,299.1858888888889,26.035888888888906
37.75,-2.5,299.7683333333333,26.61833333333334
37.75,-2.25,298.94440000000003,25.794400000000053
37.75,-2.0,299.6808666666667,26.530866666666725
37.75,-1.75,303.3785555555556,30.2285555555556
37.75,-1.5,302.18994400895855,29.03994400895857
37.75,-1.25,303.07365962180205,29.923659621802074
37.75,-1.0,302.1531463414634,29.003146341463435
37.75,-0.75,299.15931623931624,26.009316239316263
37.75,12.5,290.07529411764705,16.92529411764707
37.75,12.75,295.3538983050848,22.203898305084806
37.75,13.0,290.2171428571429,17.067142857142926
37.75,13.25,291.1213333333333,17.971333333333348
37.75,13.5,292.71272727272725,19.562727272727273
37.75,13.75,293.6548717948718,20.504871794871804
37.75,14.0,294.41283333333337,21.26283333333339
37.75,14.25,294.2130666666667,21.063066666666714
37.75,14.5,295.49368658399095,22.343686583990973
37.75,14.75,297.6882642777156,24.538264277715598
37.75,15.0,294.25527936145954,21.105279361459566
37.75,15.25,298.2398412698413,25.089841269841315
37.75,20.5,290.84000000000003,17.690000000000055
37.75,20.75,290.4244444444445,17.274444444444498
37.75,21.0,290.71200000000005,17.56200000000007
37.75,21.25,294.83446254071663,21.684462540716652
37.75,21.5,291.6713310580205,18.521331058020507
37.75,21.75,287.31963636363633,14.169636363636357
37.75,22.0,287.11825396825395,13.968253968253975
37.75,22.25,287.95681818181816,14.806818181818187
37.75,22.5,289.6805048543689,16.530504854368928
37.75,22.75,295.47558739255015,22.325587392550176
37.75,23.0,292.7948501362398,19.644850136239825
37.75,23.25,291.9946788990826,18.844678899082624
37.75,23.5,297.43685950413226,24.28685950413228
37.75,23.75,295.8945945945946,22.744594594594616
37.75,24.0,295.8216393442623,22.671639344262303
37.75,24.25,286.14,12.990000000000009
37.75,24.75,290.62617021276594,17.476170212765965
37.75,25.0,289.09215384615385,15.942153846153872
37.75,25.25,286.6666666666667,13.516666666666708
37.75,26.0,289.8533333333333,16.70333333333332
37.75,26.25,287.0302564102564,13.880256410256436
37.75,26.5,284.87714285714287,11.727142857142894
37.75,26.75,286.293786407767,13.143786407767038
37.75,27.0,287.8007954545455,14.650795454545516
37.75,27.25,290.2722784810127,17.1222784810127
37.75,27.5,290.7410876132931,17.591087613293098
37.75,27.75,290.4041111111111,17.254111111111115
37.75,28.0,291.0,17.850000000000023
37.75,28.5,288.0697435897436,14.919743589743632
37.75,28.75,287.29005235602096,14.140052356020988
37.75,29.0,294.24080000000004,21.09080000000006
37.75,29.25,288.18599033816423,15.035990338164254
37.75,29.5,288.840197044335,15.690197044335036
37.75,29.75,290.78633484162896,17.63633484162898
37.75,30.0,286.3969411764706,13.246941176470614
37.75,30.25,286.35049019607845,13.200490196078476
37.75,30.5,288.8807843137255,15.730784313725508
37.75,30.75,286.72900000000004,13.579000000000065
37.75,31.0,285.1849504950495,12.034950495049543
37.75,31.25,284.1909289617486,11.040928961748648
37.75,31.5,284.1488316151203,10.99883161512031
37.75,31.75,289.76266149870804,16.612661498708064
37.75,32.0,289.67657250470813,16.526572504708156
37.75,32.25,290.1151534733441,16.965153473344117
37.75,32.5,295.80879041916165,22.658790419161676
37.75,32.75,297.8131082654249,24.66310826542491
37.75,33.0,299.52803611738153,26.378036117381555
37.75,33.25,300.11986301369865,26.96986301369867
37.75,33.5,301.42491686460806,28.274916864608088
37.75,33.75,301.08263297872344,27.93263297872346
37.75,34.0,302.8495896834701,29.69958968347015
37.75,34.25,297.83666011787824,24.68666011787826
37.75,34.5,299.5100826446281,26.360082644628108
37.75,34.75,299.5735634743875,26.42356347438755
37.75,35.0,294.36371721778795,21.213717217787973
37.75,35.25,282.2776908752328,9.127690875232815
37.75,35.5,290.3142934782609,17.164293478260902
37.75,35.75,290.42591194968554,17.275911949685565
37.75,36.0,287.8362142857143,14.6862142857143
37.75,36.25,288.5307284768212,15.380728476821218
37.75,36.5,290.0454817987152,16.895481798715196
37.75,36.75,294.7850398724083,21.6350398724083
37.75,37.0,292.95053164556964,19.800531645569663
37.75,37.25,289.94099363057325,16.79099363057327
37.75,37.5,294.72007653061223,21.570076530612255
37.75,37.75,293.9322292993631,20.78222929936311
37.75,38.0,291.8153811659193,18.665381165919314
38.0,-9.0,292.09000000000003,18.940000000000055
38.0,-8.75,297.5270481927711,24.3770481927711
38.0,-8.5,295.6798245614035,22.52982456140353
38.0,-8.25,300.24447368421056,27.094473684210584
38.0,-8.0,300.3396629213483,27.189662921348315
38.0,-7.75,302.62844660194173,29.478446601941755
38.0,-7.5,300.63686274509803,27.48686274509805
38.0,-7.25,299.01794871794874,25.867948717948764
38.0,-7.0,293.2947222222222,20.144722222222242
38.0,-6.75,291.5478947368421,18.397894736842147
38.0,-6.5,291.33967213114755,18.189672131147574
38.0,-6.25,291.1730158730159,18.023015873015936
38.0,-6.0,294.7677777777778,21.617777777777803
38.0,-5.75,293.4978947368421,20.347894736842136
38.0,-5.5,293.3491228070176,20.199122807017602
38.0,-5.25,293.6290909090909,20.479090909090928
38.0,-5.0,292.509,19.359000000000037
38.0,-4.75,296.4079383886256,23.257938388625632
38.0,-4.5,298.4271462264151,25.27714622641514
38.0,-4.25,301.62525462962964,28.47525462962966
38.0,-4.0,301.84420624151966,28.69420624151968
38.0,-3.75,302.5319548022599,29.38195480225994
38.0,-3.5,301.31347727272725,28.163477272727278
38.0,-3.25,302.4242888888889,29.27428888888892
38.0,-3.0,296.7694785631518,23.6194785631518
38.0,-2.75,291.2908444444445,18.140844444444497
38.0,-2.5,295.8253777777778,22.67537777777784
38.0,-2.25,298.2045777777778,25.05457777777781
38.0,-2.0,299.49954853273135,26.349548532731376
38.0,-1.75,296.29691542288555,23.14691542288557
38.0,-1.5,299.9048685714286,26.75486857142863
38.0,-1.25,304.3032666666667,31.153266666666696
38.0,-1.0,302.4269333333333,29.276933333333318
38.0,-0.75,301.1299706744868,27.97997067448682
38.0,12.5,289.2518181818182,16.101818181818203
38.0,12.75,288.1896875,15.039687500000014
38.0,13.0,290.4743859649123,17.324385964912324
38.0,13.25,292.9351836734694,19.78518367346942
38.0,13.5,293.9840901213172,20.834090121317217
38.0,13.75,295.00984326018806,21.859843260188086
38.0,14.0,294.1772573839662,21.02725738396623
38.0,14.25,294.63380281690144,21.48380281690146
38.0,14.5,291.33398319327733,18.183983193277356
38.0,14.75,293.40473745624274,20.254737456242765
38.0,15.0,293.0560179977503,19.906017997750325
38.0,15.25,292.55696827262045,19.406968272620475
38.0,15.5,293.3394923857868,20.18949238578682
38.0,15.75,292.26436830835115,19.114368308351175
38.0,16.0,289.60350877192985,16.453508771929876
38.0,20.5,291.9924137931035,18.842413793103503
38.0,20.75,290.7701960784314,17.620196078431434
38.0,21.0,291.9633333333333,18.813333333333333
38.0,21.25,293.7464468864469,20.596446886446927
38.0,21.5,291.47619469026546,18.32619469026548
38.0,21.75,288.7245238095238,15.57452380952384
38.0,22.0,286.48813397129186,13.338133971291882
38.0,22.25,286.4191946308725,13.269194630872505
38.0,22.5,290.079052774019,16.929052774019
38.0,22.75,294.66515625,21.515156250000018
38.0,23.0,294.7333898305085,21.58338983050851
38.0,23.25,293.81561475409836,20.665614754098385
38.0,23.5,297.7383001808318,24.588300180831823
38.0,23.75,296.8964691358025,23.7464691358025
38.0,24.0,297.4996257796258,24.349625779625796
38.0,24.25,295.12994871794876,21.979948717948787
38.0,24.5,293.17762376237624,20.027623762376265
38.0,24.75,293.7429357798165,20.592935779816514
38.0,25.0,291.79448275862075,18.644482758620768
38.0,26.5,290.3066666666667,17.156666666666695
38.0,26.75,290.0214285714286,16.871428571428623
38.0,27.0,289.07966386554625,15.929663865546274
38.0,27.25,291.5193457943925,18.36934579439253
38.0,27.5,290.8357894736842,17.685789473684224
38.0,27.75,286.615,13.465000000000032
38.0,28.75,290.72843373493976,17.57843373493978
38.0,29.0,294.49410628019325,21.344106280193273
38.0,29.25,290.59927272727276,17.449272727272785
38.0,29.5,292.42864000000003,19.278640000000053
38.0,29.75,288.5316666666667,15.381666666666717
38.0,30.0,287.86914285714283,14.719142857142856
38.0,30.25,285.67823529411766,12.528235294117678
38.0,30.75,286.3281818181818,13.178181818181827
38.0,31.0,285.55476744186046,12.404767441860486
38.0,31.25,287.3077272727273,14.1577272727273
38.0,31.5,288.3451330203443,15.195133020344315
38.0,31.75,287.6706844741235,14.520684474123527
38.0,32.0,288.1187421383648,14.968742138364803
38.0,32.25,288.49926229508196,15.349262295081985
38.0,32.5,291.95727810650885,18.807278106508875
38.0,32.75,293.1525212464589,20.00252124645891
38.0,33.0,293.7224870466321,20.572487046632148
38.0,33.25,295.7661463414634,22.616146341463434
38.0,33.5,295.5953784860558,22.4453784860558
38.0,33.75,296.67503320053123,23.525033200531254
38.0,34.0,295.3559162303665,22.20591623036654
38.0,34.25,293.3707,20.220700000000022
38.0,34.5,293.7232183908046,20.57321839080464
38.0,34.75,297.4671859296482,24.317185929648247
38.0,35.0,297.4524745762712,24.30247457627121
38.0,35.25,289.46867208672086,16.31867208672088
38.0,35.5,290.35920000000004,17.209200000000067
38.0,35.75,288.52,15.370000000000005
38.0,36.0,288.6384516129032,15.488451612903248
38.0,36.25,288.54015533980584,15.390155339805858
38.0,36.5,289.66407476635516,16.51407476635518
38.0,36.75,289.700562962963,16.550562962963
38.0,37.0,292.0236627906977,18.873662790697722
38.0,37.25,290.8728966521106,17.72289665211065
38.0,37.5,290.6004249291785,17.450424929178496
38.0,37.75,292.32576441102754,19.175764411027558
38.0,38.0,290.2890957446808,17.139095744680844
38.25,-8.75,300.83178571428573,27.681785714285752
38.25,-8.5,297.27311258278144,24.12311258278146
38.25,-8.25,296.41769230769233,23.267692307692357
38.25,-8.0,297.1993333333333,24.049333333333323
38.25,-7.75,296.9002380952381,23.750238095238103
38.25,-7.5,293.94510344827586,20.79510344827588
38.25,-7.25,296.70043010752687,23.550430107526893
38.25,-7.0,297.31333333333333,24.163333333333355
38.25,-6.75,293.1312820512821,19.981282051282108
38.25,-6.5,294.80536585365854,21.655365853658566
38.25,-6.25,295.5,22.350000000000023
38.25,-6.0,292.4526666666667,19.30266666666671
38.25,-5.75,295.954708994709,22.804708994709017
38.25,-5.5,296.18566308243726,23.03566308243728
38.25,-5.25,293.96925816023736,20.819258160237382
38.25,-5.0,292.44546583850934,19.295465838509358
38.25,-4.75,294.12313559322035,20.973135593220377
38.25,-4.5,293.5245564516129,20.374556451612932
38.25,-4.25,292.69806167400884,19.548061674008864
38.25,-4.0,296.0240161725067,22.874016172506742
38.25,-3.75,299.9763182897862,26.82631828978623
38.25,-3.5,302.10420581655484,28.95420581655486
38.25,-3.25,301.8746244131455,28.724624413145534
38.25,-3.0,300.32599777034557,27.17599777034559
38.25,-2.75,293.9998662207358,20.849866220735805
38.25,-2.5,291.14891111111115,17.99891111111117
38.25,-2.25,296.8131111111111,23.663111111111107
38.25,-2.0,296.5718,23.42180000000002
38.25,-1.75,301.11944444444447,27.96944444444449
38.25,-1.5,302.04875555555554,28.898755555555567
38.25,-1.25,301.1384444444445,27.988444444444497
38.25,-1.0,300.6337923250564,27.483792325056413
38.25,-0.75,301.3769852941176,28.22698529411764
38.25,-0.5,298.69725714285715,25.547257142857177
38.25,12.75,284.52608695652174,11.37608695652176
38.25,13.0,292.87333333333333,19.723333333333358
38.25,13.25,294.8245751633987,21.674575163398742
38.25,14.75,294.25324675324674,21.103246753246765
38.25,15.0,293.2769811320755,20.126981132075514
38.25,15.25,294.37290322580645,21.222903225806476
38.25,15.5,292.02475409836063,18.874754098360654
38.25,15.75,288.84066985645933,15.690669856459351
38.25,16.0,287.99545454545455,14.845454545454572
38.25,16.25,291.99413265306123,18.84413265306125
38.25,16.5,293.14155844155846,19.99155844155848
38.25,20.25,292.2103225806452,19.06032258064522
38.25,20.5,290.8437974683544,17.693797468354433
38.25,20.75,289.23844444444444,16.088444444444463
38.25,21.0,292.2,19.05000000000001
38.25,21.25,294.2429090909091,21.09290909090913
38.25,21.5,293.4730630630631,20.323063063063103
38.25,21.75,290.6048484848485,17.454848484848526
38.25,22.0,290.3998290598291,17.249829059829096
38.25,22.25,290.9761481481481,17.82614814814815
38.25,22.5,291.3924074074074,18.242407407407427
38.25,22.75,289.9438383838384,16.79383838383842
38.25,23.0,292.9776413570275,19.827641357027517
38.25,23.25,295.87962219598586,22.729622195985883
38.25,23.5,296.11539999999997,22.96539999999999
38.25,23.75,295.2508655126498,22.10086551264982
38.25,24.0,296.27330254041567,23.123302540415693
38.25,24.25,295.4182692307692,22.26826923076925
38.25,24.5,291.5935135135135,18.44351351351355
38.25,26.0,292.92185263157893,19.771852631578952
38.25,26.25,293.6534814814815,20.503481481481515
38.25,26.5,293.14449799196785,19.994497991967876
38.25,26.75,291.52125,18.371250000000032
38.25,27.0,289.31952038369303,16.169520383693055
38.25,27.25,291.46456896551723,18.314568965517253
38.25,27.5,286.5964285714286,13.446428571428612
38.25,27.75,285.41425531914894,12.264255319148958
38.25,28.5,287.54827067669174,14.398270676691766
38.25,28.75,294.0631578947369,20.913157894736912
38.25,29.0,293.14,19.99000000000001
38.25,29.25,291.3688888888889,18.2188888888889
38.25,30.5,287.5675,14.417500000000018
38.25,30.75,285.3025409836066,12.152540983606627
38.25,31.0,288.0177844311377,14.86778443113775
38.25,31.25,287.8776190476191,14.7276190476191
38.25,31.5,285.8552736318408,12.70527363184084
38.25,31.75,287.5116996047431,14.361699604743137
38.25,32.0,288.5453746770026,15.395374677002621
38.25,32.25,290.4295126705653,17.27951267056534
38.25,32.5,291.80596964586846,18.65596964586848
38.25,32.75,292.1,18.950000000000045
38.25,33.0,294.0731380753138,20.92313807531383
38.25,33.25,294.47001579778834,21.320015797788358
38.25,33.5,293.1317113402062,19.981711340206232
38.25,33.75,292.6665371024735,19.516537102473535
38.25,34.0,293.52873385012924,20.378733850129265
38.25,34.25,292.8126046511628,19.662604651162837
38.25,34.5,293.49384615384616,20.343846153846187
38.25,34.75,299.1438478747204,25.993847874720416
38.25,35.0,299.76407594936705,26.614075949367077
38.25,35.25,300.7191450777202,27.569145077720236
38.25,35.5,296.94382905982906,23.79382905982908
38.25,35.75,297.34877551020406,24.198775510204086
38.25,36.0,289.5411764705882,16.39117647058822
38.25,36.25,285.57891891891893,12.428918918918953
38.25,36.5,285.70609523809526,12.556095238095281
38.25,36.75,291.8840816326531,18.7340816326531
38.25,37.0,297.4423076923077,24.292307692307702
38.25,37.25,298.3083582089552,25.158358208955235
38.25,37.5,293.8752272727273,20.725227272727295
38.25,37.75,291.3266183574879,18.17661835748794
38.25,38.0,294.9367272727273,21.78672727272732
38.5,-9.25,296.8368983957219,23.686898395721926
38.5,-9.0,296.9730923694779,23.823092369477934
38.5,-8.75,297.33794871794873,24.187948717948757
38.5,-8.5,296.6093650793651,23.459365079365114
38.5,-8.25,297.5209216589862,24.37092165898622
38.5,-8.0,295.49764705882353,22.347647058823554
38.5,-7.75,297.38458646616544,24.234586466165467
38.5,-7.5,295.6561290322581,22.506129032258116
38.5,-7.25,300.31153153153156,27.16153153153158
38.5,-7.0,296.30631578947373,23.15631578947375
38.5,-6.75,293.5488764044944,20.398876404494445
38.5,-6.5,293.2878787878788,20.137878787878833
38.5,-6.25,298.09000000000003,24.940000000000055
38.5,-5.75,292.96,19.810000000000002
38.5,-5.5,293.13433333333336,19.98433333333338
38.5,-5.25,292.9842857142857,19.834285714285727
38.5,-5.0,289.60499999999996,16.454999999999984
38.5,-4.75,290.12333333333333,16.973333333333358
38.5,-4.5,291.9603896103896,18.81038961038962
38.5,-4.25,290.1674193548387,17.01741935483875
38.5,-4.0,294.37478439425047,21.22478439425049
38.5,-3.75,295.3077557251909,22.157755725190896
38.5,-3.5,298.08170050761424,24.931700507614266
38.5,-3.25,299.806483357453,26.656483357453
38.5,-3.0,300.63876146788994,27.488761467889958
38.5,-2.75,300.0434375,26.893437500000005
38.5,-2.5,292.1302122905028,18.980212290502834
38.5,-2.25,294.8426,21.692600000000027
38.5,-2.0,299.00775555555555,25.85775555555557
38.5,-1.75,301.2568,28.10680000000002
38.5,-1.5,302.1116,28.961600000000033
38.5,-1.25,299.56629588431593,26.416295884315957
38.5,-1.0,298.98126807563966,25.831268075639684
38.5,-0.75,296.74535307517084,23.595353075170863
38.5,-0.5,292.15316062176163,19.00316062176165
38.5,14.25,290.39,17.24000000000001
38.5,14.5,289.5236363636364,16.37363636363642
38.5,14.75,290.5427027027027,17.392702702702707
38.5,15.0,293.315064935065,20.165064935065004
38.5,15.75,289.65647058823527,16.50647058823529
38.5,16.0,292.50773082942095,19.357730829420973
38.5,16.25,290.4894573643411,17.339457364341115
38.5,16.5,291.89377443609027,18.74377443609029
38.5,20.5,289.8515151515152,16.701515151515196
38.5,20.75,289.735,16.585000000000036
38.5,21.0,290.882641509434,17.732641509434018
38.5,21.25,293.2815915915916,20.131591591591643
38.5,21.5,289.8150627615063,16.665062761506306
38.5,21.75,288.5722826086957,15.422282608695696
38.5,22.0,286.26461538461535,13.114615384615377
38.5,22.25,287.56355957767727,14.41355957767729
38.5,22.5,290.53817715019255,17.388177150192575
38.5,22.75,295.29443499392465,22.144434993924676
38.5,23.0,299.8483248730965,26.69832487309651
38.5,23.25,297.88730822873083,24.737308228730853
38.5,23.5,297.78756,24.637560000000008
38.5,23.75,298.29117870722433,25.141178707224356
38.5,24.0,295.2690398126464,22.119039812646406
38.5,24.25,296.6250731707317,23.47507317073172
38.5,25.5,293.6926315789474,20.542631578947407
38.5,25.75,292.9888235294118,19.838823529411798
38.5,26.0,291.35925686591276,18.209256865912778
38.5,26.25,291.88732394366195,18.737323943661977
38.5,26.5,289.937423580786,16.787423580786026
38.5,26.75,291.7434645669291,18.59346456692913
38.5,27.0,293.83030444964874,20.68030444964876
38.5,27.25,288.30572438162545,15.155724381625475
38.5,27.5,287.9787591240876,14.82875912408764
38.5,27.75,286.2944578313253,13.144457831325326
38.5,28.0,287.71235023041476,14.56235023041478
38.5,28.25,287.35234567901233,14.202345679012353
38.5,28.5,285.38,12.230000000000018
38.5,30.5,286.83741935483874,13.687419354838767
38.5,30.75,287.26517647058824,14.115176470588267
38.5,31.0,286.8543859649123,13.70438596491232
38.5,31.25,287.7058333333333,14.55583333333334
38.5,31.5,289.07965753424656,15.929657534246587
38.5,31.75,289.4132059447983,16.2632059447983
38.5,32.0,288.54200323101776,15.392003231017782
38.5,32.25,289.79980314960625,16.64980314960627
38.5,32.5,290.8849612403101,17.7349612403101
38.5,32.75,292.26737678855324,19.11737678855326
38.5,33.0,292.80936305732484,19.659363057324867
38.5,33.25,292.6458823529412,19.495882352941237
38.5,33.5,293.21650897226755,20.06650897226757
38.5,33.75,293.48833333333334,20.338333333333367
38.5,34.0,292.62,19.470000000000027
38.5,34.25,291.13068403908795,17.980684039087976
38.5,34.5,293.5878515625,20.437851562500043
38.5,34.75,295.6769117647059,22.526911764705915
38.5,35.0,296.4742599277978,23.32425992779781
38.5,35.25,297.5487230989957,24.39872309899573
38.5,35.5,289.40247689463956,16.252476894639585
38.5,35.75,296.68507836990597,23.53507836990599
38.5,36.0,297.59497584541066,24.44497584541068
38.5,36.25,295.86463157894735,22.714631578947376
38.5,36.5,285.0,11.850000000000023
38.5,36.75,290.53716193656095,17.38716193656097
38.5,37.0,290.5093943472409,17.359394347240936
38.5,37.25,290.3059290780142,17.155929078014196
38.5,37.5,296.8019417475728,23.651941747572835
38.5,37.75,298.4365186915888,25.28651869158881
38.5,38.0,296.8718489065607,23.721848906560695
38.75,-9.5,294.67834951456314,21.52834951456316
38.75,-9.25,293.37904761904764,20.229047619047662
38.75,-9.0,295.8849397590362,22.734939759036195
38.75,-8.75,296.8177297297297,23.66772972972973
38.75,-8.5,294.25244444444445,21.102444444444473
38.75,-8.25,297.9064918032787,24.75649180327872
38.75,-8.0,296.46257425742573,23.31257425742575
38.75,-7.75,295.18226950354614,22.03226950354616
38.75,-7.5,295.2725560538116,22.12255605381165
38.75,-7.25,292.32972972972976,19.179729729729786
38.75,-7.0,297.38459016393443,24.234590163934456
38.75,-6.75,297.8787962962963,24.72879629629631
38.75,-6.5,297.6540199335548,24.504019933554844
38.75,-6.25,297.2852307692308,24.135230769230816
38.75,-6.0,292.7772413793104,19.62724137931042
38.75,-5.5,294.8525,21.702500000000043
38.75,-5.25,294.52080645161294,21.370806451612964
38.75,-5.0,291.4582142857143,18.308214285714314
38.75,-4.75,293.6282608695652,20.478260869565247
38.75,-4.5,296.0698007968128,22.919800796812808
38.75,-4.25,290.09050632911396,16.940506329113987
38.75,-4.0,294.3076923076923,21.157692307692344
38.75,-3.75,296.59700000000004,23.44700000000006
38.75,-3.5,295.9782786885246,22.82827868852462
38.75,-3.25,297.4087863247864,24.2587863247864
38.75,-3.0,298.75266362252665,25.602663622526677
38.75,-2.75,298.6766265060241,25.526626506024115
38.75,-2.5,297.9732657657658,24.823265765765825
38.75,-2.25,295.5232516703786,22.373251670378636
38.75,-2.0,298.47361512791997,25.323615127919993
38.75,-1.75,299.0530123180291,25.90301231802914
38.75,-1.5,298.84706666666665,25.69706666666667
38.75,-1.25,299.3776222222222,26.227622222222237
38.75,-1.0,297.799710467706,24.64971046770603
38.75,-0.75,296.30571746384874,23.15571746384876
38.75,-0.5,293.9264058679707,20.77640586797071
38.75,-0.25,291.51817174515236,18.36817174515238
38.75,-0.0,291.099768115942,17.94976811594205
38.75,15.0,284.0,10.850000000000023
38.75,15.25,287.9925,14.84250000000003
38.75,15.75,289.88190476190476,16.731904761904786
38.75,16.0,292.53342756183747,19.383427561837493
38.75,16.25,292.54804081632653,19.398040816326557
38.75,16.5,292.58188383045524,19.431883830455263
38.75,16.75,295.928,22.77800000000002
38.75,20.5,288.93185185185183,15.781851851851854
38.75,20.75,290.3159420289855,17.165942028985512
38.75,21.0,288.69589285714284,15.54589285714286
38.75,21.25,290.41419161676646,17.26419161676648
38.75,21.5,287.45018587360596,14.300185873605983
38.75,21.75,282.7633846153846,9.613384615384632
38.75,22.0,284.0729577464789,10.922957746478914
38.75,22.25,285.2261692969871,12.076169296987132
38.75,22.5,294.8327722772277,21.68277227722774
38.75,22.75,297.0083003952569,23.858300395256947
38.75,23.0,296.0056983240224,22.8556983240224
38.75,23.25,293.88854748603353,20.738547486033553
38.75,23.5,294.9022848200313,21.75228482003132
38.75,23.75,291.36385269121814,18.213852691218165
38.75,24.0,292.40564971751417,19.25564971751419
38.75,24.25,291.86800000000005,18.718000000000075
38.75,24.5,294.2237037037037,21.0737037037037
38.75,24.75,294.2921568627451,21.14215686274514
38.75,26.25,289.15,16.0
38.75,26.5,290.40224719101127,17.252247191011293
38.75,26.75,293.3791836734694,20.229183673469436
38.75,27.0,291.8365934065934,18.68659340659343
38.75,27.25,288.5740909090909,15.424090909090921
38.75,27.5,288.3948031496063,15.244803149606298
38.75,27.75,289.1084745762712,15.958474576271215
38.75,28.0,289.465,16.314999999999998
38.75,28.25,287.05280000000005,13.90280000000007
38.75,28.5,283.72,10.57000000000005
38.75,30.75,284.82,11.670000000000016
38.75,31.0,283.35923076923075,10.209230769230771
38.75,31.25,286.77846153846156,13.628461538461579
38.75,31.5,287.9552709359606,14.805270935960607
38.75,31.75,289.4101111111111,16.260111111111144
38.75,32.0,288.40341772151896,15.253417721518986
38.75,32.25,288.22813333333335,15.07813333333337
38.75,32.5,286.83389830508474,13.683898305084767
38.75,32.75,287.98186046511626,14.831860465116279
38.75,33.0,290.63553956834534,17.48553956834536
38.75,33.25,288.86859618717506,15.71859618717508
38.75,33.5,289.33357686453576,16.18357686453578
38.75,33.75,292.3025846153846,19.152584615384626
38.75,34.0,288.7340221402214,15.584022140221407
38.75,34.25,291.3686451612903,18.21864516129034
38.75,34.5,291.9089913544669,18.7589913544669
38.75,34.75,293.8265517241379,20.676551724137937
38.75,35.0,295.146170212766,21.996170212766003
38.75,35.25,296.59669491525426,23.446694915254284
38.75,35.5,299.0946046511628,25.94460465116282
38.75,35.75,297.1761408083442,24.026140808344223
38.75,36.0,293.6309138381201,20.480913838120102
38.75,36.25,287.0765306122449,13.926530612244903
38.75,36.5,289.75910447761197,16.609104477611993
38.75,36.75,282.77329608938544,9.623296089385462
38.75,37.0,289.95603508771933,16.80603508771935
38.75,37.25,291.207426035503,18.057426035503
38.75,37.5,292.54450331125827,19.39450331125829
38.75,37.75,293.62421930870084,20.474219308700867
38.75,38.0,294.83729032258066,21.68729032258068
39.0,-9.5,295.26210526315793,22.112105263157957
39.0,-9.25,292.0888,18.938800000000015
39.0,-9.0,292.71967213114755,19.56967213114757
39.0,-8.75,291.7525773195876,18.602577319587624
39.0,-8.5,296.7905521472393,23.640552147239305
39.0,-8.25,294.50930555555556,21.35930555555558
39.0,-8.0,293.9184158415842,20.768415841584215
39.0,-7.75,291.4472727272727,18.29727272727274
39.0,-7.5,292.927323943662,19.777323943661997
39.0,-7.25,295.4225352112676,22.27253521126761
39.0,-7.0,294.7236842105263,21.573684210526324
39.0,-6.75,295.89,22.74000000000001
39.0,-6.5,293.75347826086954,20.603478260869565
39.0,-6.25,292.4763302752294,19.326330275229395
39.0,-6.0,292.6258823529412,19.4758823529412
39.0,-5.5,292.8546666666667,19.704666666666697
39.0,-5.25,291.25333333333333,18.103333333333353
39.0,-5.0,292.3570833333333,19.207083333333344
39.0,-4.75,291.07825,17.928250000000048
39.0,-4.5,288.40000000000003,15.250000000000057
39.0,-4.25,288.2393846153846,15.089384615384631
39.0,-4.0,293.77520766773165,20.625207667731672
39.0,-3.75,295.58042857142857,22.430428571428592
39.0,-3.5,298.00425887265135,24.85425887265137
39.0,-3.25,299.07977564102566,25.929775641025685
39.0,-3.0,298.67752136752136,25.527521367521388
39.0,-2.75,298.9879811097993,25.83798110979933
39.0,-2.5,298.28948453608245,25.139484536082477
39.0,-2.25,298.25356979405035,25.103569794050372
39.0,-2.0,298.33750000000003,25.187500000000057
39.0,-1.75,298.424982373678,25.27498237367803
39.0,-1.5,297.4417480136209,24.291748013620918
39.0,-1.25,296.35979955456565,23.209799554565677
39.0,-1.0,295.81384444444444,22.663844444444464
39.0,-0.75,296.5486888888889,23.3986888888889
39.0,-0.5,299.47724444444447,26.32724444444449
39.0,-0.25,296.12483487450464,22.974834874504666
39.0,-0.0,290.764,17.614000000000033
39.0,1.25,285.9334117647059,12.783411764705932
39.0,1.5,290.9058260869565,17.755826086956517
39.0,8.75,290.34,17.189999999999998
39.0,9.0,293.9711570247934,20.821157024793422
39.0,9.5,288.66,15.510000000000048
39.0,16.0,294.3231034482759,21.173103448275924
39.0,16.25,293.626934460888,20.476934460888003
39.0,16.5,292.23240618101545,19.08240618101547
39.0,16.75,294.8393215339233,21.689321533923305
39.0,17.0,296.9810689170183,23.831068917018342
39.0,17.25,297.5861333333333,24.436133333333316
39.0,20.5,288.5266666666667,15.376666666666722
39.0,20.75,292.30437500000005,19.154375000000073
39.0,21.0,292.39902439024394,19.24902439024396
39.0,21.25,289.41972752043597,16.269727520435993
39.0,21.5,285.5489208633094,12.3989208633094
39.0,21.75,283.0730434782609,9.923043478260922
39.0,22.0,289.21194486983154,16.061944869831564
39.0,22.25,292.543114992722,19.39311499272202
39.0,22.5,292.89658469945357,19.746584699453592
39.0,22.75,294.26038560411314,21.110385604113162
39.0,23.0,294.9488629737609,21.798862973760947
39.0,23.25,294.0911777301928,20.941177730192805
39.0,23.5,294.7050746268657,21.555074626865746
39.0,23.75,292.9057142857143,19.755714285714305
39.0,24.0,289.21999999999997,16.069999999999993
39.0,24.5,293.9282191780822,20.778219178082225
39.0,26.0,296.1859375,23.035937500000045
39.0,26.25,291.85515,18.705150000000003
39.0,26.5,290.3959668508287,17.245966850828722
39.0,26.75,291.1717829457365,18.021782945736504
39.0,27.0,293.44156250000003,20.291562500000055
39.0,27.25,292.49992895204264,19.34992895204266
39.0,27.5,288.8266049382716,15.676604938271623
39.0,27.75,290.0154716981132,16.865471698113197
39.0,28.0,287.44470588235293,14.294705882352957
39.0,29.25,284.668,11.518000000000029
39.0,29.5,285.45354838709676,12.303548387096782
39.0,29.75,281.7632653061225,8.613265306122514
39.0,30.0,283.9709523809524,10.820952380952406
39.0,30.25,288.72222222222223,15.572222222222251
39.0,30.5,284.47200000000004,11.32200000000006
39.0,30.75,284.764,11.614000000000033
39.0,31.0,286.58733727810653,13.437337278106554
39.0,31.25,285.5986666666667,12.448666666666725
39.0,31.5,287.58125,14.431250000000034
39.0,31.75,289.18,16.03000000000003
39.0,32.0,287.44,14.29000000000002
39.0,32.25,287.5357333333333,14.385733333333349
39.0,32.5,288.0832278481013,14.933227848101296
39.0,32.75,287.8292307692308,14.679230769230799
39.0,33.0,289.86657894736845,16.716578947368475
39.0,33.25,288.7613015184382,15.61130151843821
39.0,33.5,286.67625000000004,13.526250000000061
39.0,33.75,287.3849411764706,14.234941176470613
39.0,34.0,290.16176870748296,17.011768707482986
39.0,34.25,292.304,19.153999999999996
39.0,34.75,290.2114285714286,17.06142857142862
39.0,35.0,290.57138888888886,17.421388888888885
39.0,35.25,293.3778571428571,20.227857142857147
39.0,35.5,292.7047572815534,19.554757281553407
39.0,35.75,297.19798013245037,24.04798013245039
39.0,36.0,295.66458015267176,22.514580152671783
39.0,36.25,289.58857142857147,16.438571428571493
39.0,36.5,291.2373983739837,18.087398373983717
39.0,36.75,291.4112,18.26120000000003
39.0,37.0,288.8,15.650000000000034
39.0,37.25,286.451186440678,13.30118644067801
39.0,37.5,291.6772131147541,18.527213114754147
39.0,37.75,292.91138297872345,19.761382978723475
39.0,38.0,293.123984375,19.973984375000043
39.25,-9.5,293.18666666666667,20.03666666666669
39.25,-9.25,289.43704918032785,16.28704918032787
39.25,-9.0,286.4152941176471,13.265294117647102
39.25,-8.75,292.25850340136054,19.108503401360565
39.25,-8.5,294.1234482758621,20.973448275862097
39.25,-8.0,292.771186440678,19.621186440678002
39.25,-7.75,296.32142857142856,23.171428571428578
39.25,-7.5,293.71654054054056,20.566540540540586
39.25,-7.25,293.0733774834437,19.923377483443744
39.25,-7.0,293.32,20.170000000000016
39.25,-6.75,290.8868131868132,17.736813186813208
39.25,-6.5,290.4592,17.309200000000033
39.25,-6.25,292.56,19.410000000000025
39.25,-6.0,294.27000000000004,21.12000000000006
39.25,-5.0,287.5662222222222,14.416222222222245
39.25,-4.75,286.9806060606061,13.830606060606101
39.25,-4.25,291.60516666666666,18.455166666666685
39.25,-4.0,292.15757828810024,19.007578288100262
39.25,-3.75,296.06554079696394,22.915540796963967
39.25,-3.5,300.8437708830549,27.693770883054924
39.25,-3.25,301.265768707483,28.115768707483028
39.25,-3.0,302.46103254769923,29.311032547699256
39.25,-2.75,301.9816312849162,28.831631284916227
39.25,-2.5,300.87061179087874,27.720611790878763
39.25,-2.25,299.70265306122445,26.552653061224476
39.25,-2.0,298.94810996563575,25.798109965635774
39.25,-1.75,299.59285873192437,26.44285873192439
39.25,-1.5,299.0598611111111,25.909861111111127
39.25,-1.25,296.18396825396826,23.033968253968283
39.25,-1.0,294.8029854096521,21.652985409652103
39.25,-0.75,295.9248666666667,22.774866666666696
39.25,-0.5,299.78664444444445,26.63664444444447
39.25,-0.25,299.28332480818415,26.13332480818417
39.25,2.75,294.58923076923077,21.43923076923079
39.25,3.0,294.1944230769231,21.044423076923124
39.25,3.25,295.4501754385965,22.30017543859651
39.25,8.75,291.9243564356436,18.774356435643597
39.25,9.0,295.54562130177516,22.39562130177518
39.25,9.25,295.559341563786,22.40934156378603
39.25,9.5,294.71005444646096,21.56005444646098
39.25,16.0,293.09706293706296,19.94706293706298
39.25,16.25,292.84539404553414,19.695394045534158
39.25,16.5,285.01121771217714,11.861217712177165
39.25,16.75,292.88885620915033,19.738856209150356
39.25,17.0,296.99766423357664,23.847664233576666
39.25,17.25,297.6545454545454,24.50454545454545
39.25,20.25,291.581875,18.431875000000048
39.25,20.5,292.2148623853211,19.064862385321135
39.25,20.75,290.65783549783555,17.507835497835572
39.25,21.0,290.0388596491228,16.88885964912282
39.25,21.25,287.0727027027027,13.922702702702736
39.25,21.5,284.05234042553195,10.902340425531975
39.25,21.75,289.1710961214165,16.02109612141652
39.25,22.0,293.8716324062878,20.721632406287824
39.25,22.25,296.6771681415929,23.527168141592938
39.25,22.5,294.5158463385354,21.365846338535448
39.25,22.75,297.19329883570504,24.04329883570506
39.25,23.0,293.650701754386,20.500701754386
39.25,23.25,293.5438938053097,20.393893805309744
39.25,23.5,292.6687058823529,19.518705882352947
39.25,23.75,290.99970588235294,17.849705882352964
39.25,24.0,291.37136363636364,18.221363636363662
39.25,25.75,294.9123076923077,21.76230769230773
39.25,26.0,293.8940520446097,20.744052044609703
39.25,26.25,291.1585084745763,18.00850847457633
39.25,26.5,290.4532217573222,17.303221757322206
39.25,26.75,293.63120833333335,20.48120833333337
39.25,27.0,289.4675971731449,16.317597173144918
39.25,27.25,289.8005405405405,16.650540540540533
39.25,27.5,287.57398773006133,14.423987730061356
39.25,27.75,285.5257142857143,12.37571428571431
39.25,28.0,288.0036956521739,14.85369565217394
39.25,28.25,285.189,12.039000000000044
39.25,28.75,282.604,9.454000000000008
39.25,29.0,285.0621428571429,11.912142857142896
39.25,29.25,286.59000000000003,13.440000000000055
39.25,29.5,283.16,10.010000000000048
39.25,29.75,285.31,12.160000000000025
39.25,30.0,285.00714285714287,11.85714285714289
39.25,30.25,282.18,9.03000000000003
39.25,30.5,284.1350684931507,10.98506849315072
39.25,30.75,286.31655502392346,13.166555023923479
39.25,31.0,288.6187041036717,15.468704103671712
39.25,31.25,287.2850746268657,14.13507462686573
39.25,31.5,286.25555555555553,13.105555555555554
39.25,31.75,288.12848101265826,14.978481012658278
39.25,32.0,290.63215517241383,17.482155172413854
39.25,32.25,286.79312500000003,13.643125000000055
39.25,32.5,285.60413043478263,12.454130434782655
39.25,32.75,287.13575757575757,13.985757575757589
39.25,33.0,288.64661202185795,15.49661202185797
39.25,33.25,289.8616954022989,16.711695402298915
39.25,33.5,288.5301952277658,15.380195227765796
39.25,33.75,286.73940298507466,13.589402985074685
39.25,34.0,286.7741463414634,13.624146341463415
39.25,34.25,289.07419354838714,15.924193548387166
39.25,34.5,288.08385542168674,14.933855421686758
39.25,34.75,289.076,15.926000000000045
39.25,35.0,289.55586206896555,16.405862068965575
39.25,35.25,291.62,18.470000000000027
39.25,35.75,287.63539823008847,14.485398230088492
39.25,36.0,292.42263868065965,19.272638680659668
39.25,36.25,291.3087234042553,18.15872340425534
39.25,36.5,292.2871807228916,19.137180722891628
39.25,36.75,293.35699680511186,20.206996805111885
39.25,37.0,290.20444444444445,17.05444444444447
39.25,37.75,287.47872340425533,14.328723404255356
39.25,38.0,285.57473684210527,12.42473684210529
39.5,-9.25,289.2327659574468,16.08276595744684
39.5,-9.0,290.161875,17.011875000000032
39.5,-8.75,288.718,15.56800000000004
39.5,-8.5,288.38,15.230000000000018
39.5,-8.25,285.8,12.650000000000034
39.5,-8.0,285.8,12.650000000000034
39.5,-7.75,295.6037142857143,22.45371428571434
39.5,-7.5,292.60857142857145,19.458571428571474
39.5,-7.25,295.6323383084577,22.482338308457713
39.5,-7.0,296.499375,23.34937500000001
39.5,-6.75,293.0269230769231,19.876923076923106
39.5,-6.5,296.1,22.950000000000045
39.5,-6.25,294.26222222222225,21.11222222222227
39.5,-6.0,294.3674285714286,21.217428571428627
39.5,-5.75,292.1911111111111,19.04111111111115
39.5,-5.5,289.0824761904762,15.932476190476223
39.5,-5.25,289.69666666666666,16.54666666666668
39.5,-5.0,293.0895670103093,19.939567010309304
39.5,-4.75,287.09065693430654,13.94065693430656
39.5,-4.5,282.6842857142857,9.534285714285716
39.5,-4.25,283.5975,10.447500000000048
39.5,-4.0,290.9021476510067,17.752147651006737
39.5,-3.75,299.3259550561798,26.175955056179816
39.5,-3.5,302.76808266360507,29.618082663605094
39.5,-3.25,303.72,30.57000000000005
39.5,-3.0,302.0440830449827,28.89408304498272
39.5,-2.75,299.9647257383966,26.814725738396646
39.5,-2.5,299.0743908045977,25.92439080459775
39.5,-2.25,297.59707133917397,24.447071339173988
39.5,-2.0,297.3200723763571,24.170072376357098
39.5,-1.75,297.12139726027397,23.97139726027399
39.5,-1.5,296.0348794489093,22.884879448909317
39.5,-1.25,298.7517249154454,25.601724915445402
39.5,-1.0,294.6981165919283,21.548116591928306
39.5,-0.75,297.9671061452514,24.817106145251444
39.5,-0.5,300.45132664437017,27.301326644370192
39.5,-0.25,300.7432786885246,27.593278688524606
39.5,2.25,290.76444444444445,17.614444444444473
39.5,2.5,292.8189090909091,19.668909090909096
39.5,2.75,296.64245378151264,23.492453781512666
39.5,3.0,295.5327555555555,22.382755555555548
39.5,3.25,295.49996996997,22.349969969970005
39.5,3.5,294.51777777777784,21.36777777777786
39.5,8.5,291.60175,18.451750000000004
39.5,8.75,293.47280701754386,20.32280701754388
39.5,9.0,294.56,21.410000000000025
39.5,9.25,293.2269333333333,20.07693333333333
39.5,9.5,295.2682045184304,22.118204518430446
39.5,9.75,295.8657692307692,22.71576923076924
39.5,16.0,292.4681203007519,19.3181203007519
39.5,16.25,294.5136816524909,21.363681652490925
39.5,16.5,292.1114765906363,18.961476590636323
39.5,16.75,295.15488764044943,22.004887640449454
39.5,17.0,295.21982978723406,22.069829787234085
39.5,17.25,300.0825,26.932500000000005
39.5,19.75,292.31186813186815,19.161868131868175
39.5,20.0,292.20203883495145,19.052038834951475
39.5,20.25,292.6823076923077,19.53230769230771
39.5,20.5,289.23800675675676,16.088006756756783
39.5,20.75,287.27947368421053,14.129473684210552
39.5,21.0,285.2568085106383,12.106808510638302
39.5,21.25,281.7596954314721,8.609695431472119
39.5,21.5,287.7792120075047,14.629212007504748
39.5,21.75,296.9563038548753,23.806303854875296
39.5,22.0,297.5900995732575,24.4400995732575
39.5,22.25,297.5138679245283,24.363867924528336
39.5,22.5,296.3858865248227,23.235886524822718
39.5,22.75,296.72213720316626,23.572137203166278
39.5,23.0,290.6798636363636,17.529863636363643
39.5,23.25,289.4221739130435,16.272173913043503
39.5,24.25,287.836,14.686000000000035
39.5,25.0,293.59963636363636,20.449636363636387
39.5,26.0,292.72361111111115,19.573611111111177
39.5,26.25,293.70606284658044,20.55606284658046
39.5,26.5,290.6194444444444,17.469444444444434
39.5,26.75,287.40188679245284,14.251886792452865
39.5,27.0,287.41138461538463,14.261384615384657
39.5,27.25,286.1005633802817,12.950563380281721
39.5,27.5,287.74017316017313,14.590173160173151
39.5,27.75,287.64897849462363,14.498978494623657
39.5,28.0,288.53200000000004,15.382000000000062
39.5,28.25,283.04,9.890000000000043
39.5,28.75,287.2183870967742,14.068387096774245
39.5,29.0,284.5026315789474,11.35263157894741
39.5,29.75,284.8976923076923,11.747692307692319
39.5,30.0,284.3,11.150000000000034
39.5,30.25,279.48,6.330000000000041
39.5,30.5,279.48,6.330000000000041
39.5,30.75,288.2994047619048,15.149404761904805
39.5,31.0,289.63724137931035,16.487241379310376
39.5,31.25,283.8426086956522,10.692608695652211
39.5,31.5,285.63770114942525,12.487701149425277
39.5,31.75,288.5172972972973,15.367297297297341
39.5,32.0,293.1964705882353,20.04647058823531
39.5,32.25,286.30108108108107,13.151081081081088
39.5,32.5,286.9824561403509,13.832456140350928
39.5,32.75,288.4700900900901,15.320090090090105
39.5,33.0,288.01098412698417,14.860984126984192
39.5,33.25,289.58955056179775,16.439550561797773
39.5,33.5,288.69509677419353,15.545096774193553
39.5,33.75,288.5649285714286,15.414928571428618
39.5,34.0,287.74553846153844,14.595538461538467
39.5,34.5,290.0166393442623,16.866639344262296
39.5,34.75,288.992,15.842000000000041
39.5,35.0,289.745,16.595000000000027
39.5,35.75,279.22,6.07000000000005
39.5,36.0,287.1963736263736,14.046373626373622
39.5,36.25,289.7834666666667,16.63346666666672
39.5,36.5,291.54223880597016,18.39223880597018
39.5,36.75,291.46258064516127,18.31258064516129
39.5,37.25,285.08000000000004,11.930000000000064
39.75,-9.0,289.07214285714286,15.922142857142887
39.75,-8.75,288.6127272727273,15.462727272727307
39.75,-8.5,284.74,11.590000000000032
39.75,-7.75,291.60692307692307,18.45692307692309
39.75,-7.5,295.44666666666666,22.29666666666668
39.75,-7.25,297.84507462686565,24.695074626865676
39.75,-7.0,297.6530516431925,24.50305164319252
39.75,-6.75,294.849375,21.699375000000032
39.75,-6.5,291.5369230769231,18.386923076923097
39.75,-6.25,295.5057142857143,22.355714285714328
39.75,-6.0,295.6234615384615,22.47346153846155
39.75,-5.75,291.4441538461538,18.294153846153847
39.75,-5.5,292.9362962962963,19.786296296296314
39.75,-5.25,295.336120527307,22.186120527307025
39.75,-5.0,294.7091916167665,21.559191616766498
39.75,-4.75,290.6910437710438,17.541043771043803
39.75,-4.5,289.4604166666667,16.310416666666697
39.75,-4.25,293.30285714285714,20.152857142857158
39.75,-4.0,298.1316896551724,24.98168965517243
39.75,-3.75,301.2456674473068,28.095667447306823
39.75,-3.5,300.6272527472527,27.47725274725275
39.75,-3.25,300.732202247191,27.58220224719105
39.75,-3.0,299.6654913294798,26.5154913294798
39.75,-2.75,296.98994999999996,23.839949999999988
39.75,-2.5,297.1874074074074,24.037407407407443
39.75,-2.25,294.8128840125392,21.662884012539223
39.75,-2.0,293.15871875000005,20.00871875000007
39.75,-1.75,292.01260273972605,18.86260273972607
39.75,-1.5,292.6108207705193,19.46082077051932
39.75,-1.25,293.77614754098363,20.626147540983652
39.75,-1.0,294.0669940119761,20.9169940119761
39.75,-0.75,297.55400688863375,24.404006888633774
39.75,-0.5,298.02390588235295,24.87390588235297
39.75,-0.25,298.9067617689016,25.75676176890164
39.75,-0.0,300.8248275862069,27.674827586206902
39.75,2.5,289.68829787234046,16.53829787234048
39.75,2.75,291.29883656509696,18.148836565096985
39.75,3.0,294.51777027027026,21.367770270270285
39.75,3.25,292.6149295774648,19.46492957746483
39.75,3.5,291.0177777777778,17.867777777777803
39.75,4.0,291.34000000000003,18.190000000000055
39.75,4.25,292.669009009009,19.51900900900904
39.75,9.0,291.56814814814817,18.41814814814819
39.75,9.25,291.9906818181818,18.84068181818185
39.75,9.5,294.3795156695157,21.229515669515706
39.75,9.75,296.26670807453417,23.116708074534188
39.75,15.75,290.6928571428571,17.542857142857144
39.75,16.0,291.7328,18.58280000000002
39.75,16.25,295.00005291005294,21.850052910052966
39.75,16.5,296.4178010471204,23.26780104712043
39.75,18.25,298.66973333333334,25.519733333333363
39.75,18.5,298.25857142857143,25.10857142857145
39.75,19.5,290.24625000000003,17.096250000000055
39.75,19.75,291.4292737430168,18.2792737430168
39.75,20.0,293.71474683544307,20.56474683544309
39.75,20.25,290.4183658969805,17.268365896980526
39.75,20.5,288.2850841121495,15.135084112149514
39.75,20.75,288.1413008130081,14.991300813008138
39.75,21.0,285.66985781990525,12.519857819905269
39.75,21.25,283.94500000000005,10.795000000000073
39.75,21.5,292.9265596330275,19.776559633027546
39.75,21.75,295.1123611111111,21.962361111111136
39.75,22.0,293.1098085419735,19.95980854197353
39.75,22.25,294.3295969289827,21.179596928982733
39.75,22.5,294.2544623655914,21.104462365591417
39.75,22.75,291.8652223816356,18.715222381635613
39.75,23.0,292.2926315789474,19.14263157894743
39.75,25.0,293.9379310344828,20.787931034482824
39.75,25.25,294.95194444444445,21.801944444444473
39.75,26.0,292.46875,19.318750000000023
39.75,26.25,293.9547715736041,20.804771573604114
39.75,26.5,291.3577204884668,18.207720488466805
39.75,26.75,287.93429769392037,14.784297693920394
39.75,27.0,286.0896739130435,12.93967391304352
39.75,27.25,288.5829234338747,15.432923433874748
39.75,27.5,288.35,15.200000000000045
39.75,27.75,289.34354066985645,16.193540669856475
39.75,28.0,289.163375,16.013374999999996
39.75,28.25,288.81895652173915,15.668956521739176
39.75,28.5,288.3407317073171,15.190731707317127
39.75,28.75,286.8795744680851,13.729574468085104
39.75,29.0,286.462,13.312000000000012
39.75,30.25,278.18,5.03000000000003
39.75,31.75,288.68546583850934,15.535465838509367
39.75,32.0,289.2504347826087,16.100434782608716
39.75,32.25,286.4971428571429,13.347142857142899
39.75,32.5,288.28000000000003,15.130000000000052
39.75,32.75,285.12848484848485,11.978484848484868
39.75,33.0,287.866,14.716000000000008
39.75,33.25,287.6965445026178,14.546544502617849
39.75,33.5,289.7602631578947,16.610263157894735
39.75,33.75,288.6826829268293,15.532682926829295
39.75,34.0,290.24363636363637,17.093636363636392
39.75,34.25,289.4725,16.322500000000048
39.75,34.5,289.26831460674157,16.118314606741592
39.75,34.75,288.8435714285714,15.693571428571431
39.75,35.0,287.538,14.388000000000034
39.75,35.25,289.41083333333336,16.26083333333338
39.75,35.5,289.35219298245613,16.202192982456154
39.75,35.75,289.95,16.80000000000001
39.75,36.0,283.66651162790697,10.516511627906993
39.75,36.25,286.7587662337662,13.608766233766232
39.75,36.5,286.5061016949153,13.35610169491531
39.75,36.75,288.0054166666667,14.855416666666713
39.75,37.0,285.6375,12.487500000000011
39.75,37.5,291.8046428571428,18.654642857142846
40.0,-9.0,289.6572972972973,16.507297297297328
40.0,-8.75,288.9456,15.795600000000036
40.0,-8.5,286.3,13.150000000000034
40.0,-8.25,286.3,13.150000000000034
40.0,-8.0,282.44,9.29000000000002
40.0,-7.75,290.65090909090907,17.50090909090909
40.0,-7.5,291.9908108108108,18.840810810810808
40.0,-7.25,295.75549295774647,22.605492957746492
40.0,-7.0,294.5105263157895,21.360526315789514
40.0,-6.75,292.1616470588236,19.0116470588236
40.0,-6.5,295.62,22.470000000000027
40.0,-6.25,299.2211139240506,26.07111392405062
40.0,-6.0,296.6012324929972,23.451232492997235
40.0,-5.75,294.53275064267353,21.382750642673557
40.0,-5.5,297.29793842034803,24.147938420348055
40.0,-5.25,295.62782726045884,22.477827260458866
40.0,-5.0,295.22869109947646,22.078691099476487
40.0,-4.75,293.0557458563536,19.905745856353633
40.0,-4.5,295.620350877193,22.470350877193027
40.0,-4.25,297.56130281690145,24.41130281690147
40.0,-4.0,299.3483308270677,26.198330827067707
40.0,-3.75,299.7380441640379,26.58804416403791
40.0,-3.5,298.43949191685914,25.289491916859163
40.0,-3.25,297.51437158469946,24.364371584699484
40.0,-3.0,294.47788235294115,21.327882352941174
40.0,-2.75,295.28711111111113,22.137111111111153
40.0,-2.5,294.3196264855688,21.169626485568813
40.0,-2.25,291.70171779141106,18.55171779141108
40.0,-2.0,289.9042068965517,16.75420689655175
40.0,-1.75,290.2034715025907,17.053471502590696
40.0,-1.5,289.8347727272727,16.68477272727273
40.0,-1.25,292.2141708542714,19.064170854271424
40.0,-1.0,290.7381471389646,17.588147138964644
40.0,-0.75,291.5156082148499,18.365608214849942
40.0,-0.5,292.43957104557643,19.28957104557645
40.0,-0.25,296.59206857142857,23.442068571428592
40.0,-0.0,298.9433846153846,25.79338461538464
40.0,0.25,293.4846153846154,20.334615384615404
40.0,3.0,285.7208130081301,12.57081300813013
40.0,3.25,283.87565217391307,10.72565217391309
40.0,3.75,292.96155339805824,19.811553398058265
40.0,4.0,292.28778210116735,19.137782101167375
40.0,4.25,291.8896319018405,18.73963190184054
40.0,8.5,287.0770370370371,13.92703703703711
40.0,9.25,290.20588235294116,17.055882352941182
40.0,9.5,290.74943548387097,17.59943548387099
40.0,9.75,291.91821428571427,18.768214285714294
40.0,15.25,292.90333333333336,19.753333333333387
40.0,15.5,294.20750000000004,21.05750000000006
40.0,16.0,288.308,15.158000000000015
40.0,16.25,292.40126888217526,19.25126888217528
40.0,16.5,295.443893557423,22.29389355742302
40.0,16.75,300.34000000000003,27.190000000000055
40.0,18.0,299.55569321533926,26.405693215339284
40.0,18.25,298.0318712753278,24.881871275327796
40.0,18.5,295.39976190476193,22.249761904761954
40.0,19.5,288.2,15.050000000000011
40.0,19.75,291.64366972477063,18.493669724770655
40.0,20.0,291.06790513833994,17.91790513833996
40.0,20.25,291.93512605042014,18.78512605042016
40.0,20.5,288.37486049926576,15.224860499265787
40.0,20.75,287.1139689578714,13.96396895787143
40.0,21.0,282.8429752066116,9.692975206611607
40.0,21.25,290.6015625,17.451562500000023
40.0,21.5,296.0323842592593,22.88238425925931
40.0,21.75,292.14414239482204,18.994142394822063
40.0,22.0,290.192156196944,17.042156196944006
40.0,22.25,282.73243902439026,9.582439024390283
40.0,22.5,289.7530555555556,16.603055555555613
40.0,22.75,297.2666666666667,24.11666666666673
40.0,23.25,295.0086153846154,21.858615384615405
40.0,23.5,294.83449856733523,21.684498567335254
40.0,23.75,293.83969387755104,20.689693877551065
40.0,24.0,294.7252777777778,21.575277777777842
40.0,24.25,288.66,15.510000000000048
40.0,25.0,293.1823636363637,20.032363636363698
40.0,25.25,295.10619883040937,21.95619883040939
40.0,25.5,295.0946153846154,21.944615384615417
40.0,25.75,294.9094736842105,21.759473684210548
40.0,26.0,295.49333333333334,22.343333333333362
40.0,26.25,291.6945105566219,18.5445105566219
40.0,26.5,289.15751552795035,16.007515527950375
40.0,26.75,288.25312883435583,15.103128834355857
40.0,27.0,289.2335892514396,16.083589251439605
40.0,27.25,287.46993464052287,14.319934640522888
40.0,27.5,287.9286731391586,14.778673139158627
40.0,27.75,289.5074285714286,16.357428571428613
40.0,28.0,290.49498498498497,17.34498498498499
40.0,28.25,291.01574539363486,17.86574539363488
40.0,28.5,291.1426666666667,17.992666666666707
40.0,28.75,286.91900621118015,13.76900621118017
40.0,29.0,286.94440677966105,13.794406779661074
40.0,29.25,277.68428571428575,4.534285714285772
40.0,29.75,288.04377358490564,14.89377358490566
40.0,30.0,289.7511794871795,16.601179487179536
40.0,30.25,282.09764705882355,8.947647058823577
40.0,30.5,283.24533333333335,10.095333333333372
40.0,30.75,282.66,9.510000000000048
40.0,31.5,285.75375,12.603750000000048
40.0,31.75,288.0188888888889,14.868888888888932
40.0,32.0,289.9765384615385,16.82653846153852
40.0,32.25,286.54,13.390000000000043
40.0,32.5,285.64666666666665,12.49666666666667
40.0,32.75,286.08222222222224,12.932222222222265
40.0,33.0,287.2794285714286,14.129428571428605
40.0,33.25,285.7861904761905,12.636190476190507
40.0,33.5,289.5913636363636,16.441363636363633
40.0,33.75,288.63033707865173,15.480337078651758
40.0,34.0,290.0673520249222,16.917352024922195
40.0,34.25,287.00933333333336,13.859333333333382
40.0,34.5,287.3858536585366,14.235853658536598
40.0,34.75,286.95000000000005,13.800000000000068
40.0,35.25,285.53263157894736,12.382631578947382
40.0,35.5,289.5823036649215,16.432303664921506
40.0,35.75,287.3304081632653,14.180408163265326
40.0,36.0,285.8514285714285,12.70142857142855
40.0,36.25,286.18,13.03000000000003
40.0,36.5,287.1913978494624,14.041397849462442
40.0,36.75,285.06493150684935,11.91493150684937
40.0,38.0,277.86,4.710000000000036
40.25,-8.75,292.64750000000004,19.49750000000006
40.25,-8.0,289.59000000000003,16.440000000000055
40.25,-7.75,286.616,13.466000000000008
40.25,-7.5,286.72562500000004,13.57562500000006
40.25,-7.25,290.3673684210527,17.217368421052697
40.25,-7.0,288.835945945946,15.685945945946003
40.25,-6.75,291.58,18.430000000000007
40.25,-6.25,290.4517647058824,17.30176470588242
40.25,-6.0,288.2805633802817,15.130563380281728
40.25,-5.75,286.87301886792454,13.723018867924566
40.25,-5.5,287.7352492668622,14.585249266862206
40.25,-5.25,287.9771428571429,14.827142857142917
40.25,-5.0,285.20666666666665,12.056666666666672
40.25,-4.75,287.86867647058824,14.718676470588264
40.25,-4.5,291.6986721991701,18.54867219917014
40.25,-4.25,296.1867625899281,23.036762589928117
40.25,-4.0,295.2220746887967,22.072074688796704
40.25,-3.75,292.97550561797755,19.82550561797757
40.25,-3.5,291.8132142857143,18.663214285714332
40.25,-3.25,291.9236641221374,18.773664122137404
40.25,-2.75,295.34909090909093,22.199090909090955
40.25,-2.5,291.9328235294118,18.782823529411814
40.25,-2.25,289.94895652173915,16.79895652173917
40.25,-2.0,286.6389855072464,13.488985507246412
40.25,-1.75,284.47011235955057,11.320112359550592
40.25,-1.5,287.00296675191817,13.852966751918188
40.25,-1.25,290.3903281519862,17.240328151986205
40.25,-1.0,290.9370020533881,17.787002053388107
40.25,-0.75,289.0885046728972,15.938504672897238
40.25,-0.5,287.38370588235296,14.233705882352979
40.25,-0.25,290.2648398576512,17.114839857651248
40.25,-0.0,296.05057199211046,22.900571992110486
40.25,0.25,295.5334954407295,22.38349544072952
40.25,0.5,291.4984615384615,18.34846153846155
40.25,9.25,290.589593495935,17.439593495935014
40.25,9.5,290.6873684210526,17.537368421052633
40.25,9.75,290.82,17.670000000000016
40.25,15.0,291.26164383561644,18.111643835616462
40.25,15.25,292.17317647058826,19.023176470588282
40.25,15.5,291.45000000000005,18.300000000000068
40.25,15.75,292.4777777777778,19.32777777777784
40.25,16.0,292.9066108786611,19.75661087866115
40.25,16.25,295.159203539823,22.009203539823034
40.25,16.5,297.7081632653061,24.55816326530612
40.25,16.75,298.7083333333333,25.558333333333337
40.25,17.25,299.2,26.05000000000001
40.25,17.5,301.8964705882353,28.746470588235297
40.25,17.75,300.45424460431656,27.30424460431658
40.25,18.0,298.2837305699482,25.133730569948227
40.25,18.25,297.26272727272726,24.112727272727284
40.25,18.5,295.16167441860466,22.011674418604684
40.25,19.25,291.2733333333333,18.123333333333335
40.25,19.5,291.0898046875,17.939804687500043
40.25,19.75,289.7911375212224,16.641137521222447
40.25,20.0,290.59207547169814,17.44207547169816
40.25,20.25,289.97293463143257,16.822934631432588
40.25,20.5,289.2495652173913,16.09956521739133
40.25,20.75,285.9070355731225,12.75703557312255
40.25,21.0,285.8834608985025,12.733460898502528
40.25,21.25,293.07566958698374,19.92566958698376
40.25,21.5,293.45203094777565,20.302030947775677
40.25,21.75,294.357027027027,21.20702702702704
40.25,22.0,291.51431451612905,18.36431451612907
40.25,22.25,290.47414084507045,17.324140845070474
40.25,22.5,298.3220789473684,25.172078947368448
40.25,22.75,300.37399999999997,27.22399999999999
40.25,23.0,300.29872727272726,27.148727272727285
40.25,23.25,299.68893617021274,26.538936170212764
40.25,23.5,298.8841610738255,25.734161073825533
40.25,23.75,295.8802977667494,22.730297766749402
40.25,24.0,293.05111111111114,19.901111111111163
40.25,24.25,290.61101538461537,17.461015384615393
40.25,24.5,288.94,15.79000000000002
40.25,25.75,293.2958490566038,20.145849056603822
40.25,26.0,294.2717105263158,21.121710526315837
40.25,26.25,292.4030179028133,19.253017902813326
40.25,26.5,292.1441166936791,18.994116693679132
40.25,26.75,289.89186440677963,16.741864406779655
40.25,27.0,289.1948366013072,16.044836601307225
40.25,27.25,288.80467091295117,15.65467091295119
40.25,27.5,289.8301937984496,16.680193798449636
40.25,27.75,288.57974110032364,15.429741100323668
40.25,28.0,287.9330337078652,14.78303370786523
40.25,28.25,289.615,16.465000000000032
40.25,28.5,288.0496969696969,14.899696969696947
40.25,28.75,286.1770247933884,13.02702479338842
40.25,29.0,287.2112757201646,14.061275720164645
40.25,29.25,287.65856502242156,14.508565022421578
40.25,29.5,286.4688888888889,13.318888888888921
40.25,29.75,284.16,11.010000000000048
40.25,30.0,283.58,10.430000000000007
40.25,31.5,283.06,9.910000000000025
40.25,32.0,288.9756862745098,15.825686274509849
40.25,32.25,287.5487951807229,14.398795180722914
40.25,32.75,286.48,13.330000000000041
40.25,33.0,283.9229268292683,10.772926829268329
40.25,33.25,288.2919648093842,15.141964809384206
40.25,33.5,290.0269333333333,16.87693333333334
40.25,33.75,289.64976190476193,16.499761904761954
40.25,34.0,290.0432592592593,16.89325925925931
40.25,34.25,289.55786259541986,16.407862595419886
40.25,34.75,288.988,15.838000000000022
40.25,35.0,289.7868,16.63680000000005
40.25,35.25,289.4535613682093,16.30356136820933
40.25,35.5,289.9111805555556,16.761180555555597
40.25,35.75,288.08875,14.938750000000027
40.25,36.5,287.61,14.460000000000036
40.25,36.75,286.95459999999997,13.804599999999994
40.25,37.0,286.88103896103894,13.731038961038962
40.25,37.25,283.1642105263158,10.014210526315821
40.25,38.0,295.0254545454545,21.875454545454545
40.5,-7.0,288.6166666666667,15.466666666666697
40.5,-6.75,289.36673076923074,16.216730769230765
40.5,-6.5,289.4414705882353,16.291470588235313
40.5,-6.25,284.28000000000003,11.130000000000052
40.5,-5.75,288.06767441860467,14.91767441860469
40.5,-5.5,287.8376923076923,14.687692307692316
40.5,-5.25,286.37509433962265,13.225094339622672
40.5,-5.0,287.92438144329896,14.774381443298978
40.5,-4.75,287.2069387755102,14.056938775510218
40.5,-4.5,285.5485294117647,12.398529411764741
40.5,-4.25,288.65304964539007,15.503049645390092
40.5,-4.0,292.48777385159013,19.337773851590157
40.5,-3.75,291.1418357487923,17.99183574879231
40.5,-3.5,289.757619047619,16.60761904761904
40.5,-3.25,290.03666666666663,16.886666666666656
40.5,-3.0,289.6545454545454,16.50454545454545
40.5,-2.75,286.86318181818183,13.713181818181852
40.5,-2.5,285.92,12.770000000000039
40.5,-2.25,285.33363636363634,12.183636363636367
40.5,-1.75,283.4656603773585,10.31566037735854
40.5,-1.5,289.7360294117647,16.58602941176474
40.5,-1.25,294.25743243243244,21.10743243243246
40.5,-1.0,288.3463157894737,15.196315789473715
40.5,-0.75,287.5334782608696,14.383478260869595
40.5,-0.5,283.1009726443769,9.950972644376918
40.5,-0.25,288.3730817610063,15.223081761006313
40.5,-0.0,287.3741025641026,14.224102564102623
40.5,0.25,296.1157142857143,22.96571428571434
40.5,0.5,298.1377540106952,24.9877540106952
40.5,0.75,292.232,19.08200000000005
40.5,9.25,290.28669014084505,17.136690140845076
40.5,9.5,290.5329347826087,17.382934782608743
40.5,9.75,291.385,18.235000000000014
40.5,14.25,288.90250000000003,15.752500000000055
40.5,15.0,294.0827722772277,20.93277227722774
40.5,15.25,291.95305263157894,18.803052631578964
40.5,15.5,291.23826086956524,18.08826086956526
40.5,15.75,293.0065322580645,19.856532258064533
40.5,16.0,295.2538547486034,22.103854748603396
40.5,16.25,296.15384379785604,23.003843797856064
40.5,16.5,296.84630225080383,23.696302250803853
40.5,16.75,297.32,24.170000000000016
40.5,17.0,299.14072434607647,25.99072434607649
40.5,17.25,299.61525835866263,26.465258358662652
40.5,17.5,301.2100888888889,28.060088888888913
40.5,17.75,300.1459599528858,26.995959952885812
40.5,18.0,297.92888513513515,24.77888513513517
40.5,18.25,297.32526315789477,24.17526315789479
40.5,19.25,290.16812500000003,17.018125000000055
40.5,19.5,294.248496124031,21.098496124031044
40.5,19.75,293.4101275510204,20.260127551020446
40.5,20.0,290.589312,17.43931200000003
40.5,20.25,288.46517241379314,15.315172413793164
40.5,20.5,285.48833333333334,12.338333333333367
40.5,20.75,286.84285714285716,13.692857142857179
40.5,21.0,288.59457249070635,15.444572490706378
40.5,21.25,291.15965463108324,18.009654631083265
40.5,21.5,291.72662546353524,18.576625463535265
40.5,21.75,295.5643065693431,22.414306569343125
40.5,22.0,288.9440307692308,15.794030769230801
40.5,22.25,297.6941552511416,24.544155251141603
40.5,22.5,299.8503481392557,26.70034813925571
40.5,22.75,301.5226751592357,28.372675159235712
40.5,23.0,298.14945504087194,24.999455040871965
40.5,23.25,296.1434888888889,22.99348888888892
40.5,23.5,296.2248,23.07480000000004
40.5,23.75,294.8507973856209,21.700797385620945
40.5,24.0,292.9737704918033,19.823770491803316
40.5,24.5,296.28727272727275,23.137272727272773
40.5,24.75,295.53292307692305,22.382923076923078
40.5,25.5,291.3818085106383,18.231808510638302
40.5,25.75,290.66169014084505,17.511690140845076
40.5,26.0,293.11066666666665,19.96066666666667
40.5,26.25,295.64504854368937,22.495048543689393
40.5,26.5,292.260981595092,19.110981595092028
40.5,26.75,291.15715210355984,18.00715210355986
40.5,27.0,289.59147540983605,16.441475409836073
40.5,27.25,287.9609523809524,14.810952380952415
40.5,27.5,284.5475,11.397500000000036
40.5,27.75,287.2420792079208,14.092079207920847
40.5,28.0,287.8068656716418,14.65686567164181
40.5,28.25,285.2721951219512,12.122195121951222
40.5,28.5,287.1304761904762,13.980476190476224
40.5,28.75,284.5803174603175,11.430317460317497
40.5,29.0,285.16867924528304,12.018679245283067
40.5,29.25,285.2,12.050000000000011
40.5,29.5,285.93485148514856,12.784851485148579
40.5,30.5,280.48,7.330000000000041
40.5,30.75,280.48,7.330000000000041
40.5,32.25,278.23,5.080000000000041
40.5,32.5,280.46,7.310000000000002
40.5,33.0,283.090989010989,9.940989010989028
40.5,33.25,287.31416666666667,14.164166666666688
40.5,33.5,284.2,11.050000000000011
40.5,34.5,288.12,14.970000000000027
40.5,34.75,288.88444444444445,15.734444444444478
40.5,35.0,289.12877192982455,15.978771929824575
40.5,35.25,289.1135211267606,15.963521126760611
40.5,35.5,290.31221288515405,17.162212885154077
40.5,35.75,289.980218579235,16.83021857923501
40.5,36.5,278.96166666666664,5.811666666666667
40.5,36.75,288.118962962963,14.968962962963019
40.5,37.0,288.51176470588234,15.361764705882365
40.5,37.25,287.33608695652174,14.186086956521763
40.75,-7.5,286.40000000000003,13.250000000000057
40.75,-7.25,286.40000000000003,13.250000000000057
40.75,-7.0,289.67600000000004,16.526000000000067
40.75,-6.75,288.5203921568628,15.370392156862806
40.75,-6.5,288.45704225352114,15.30704225352116
40.75,-6.0,287.61064516129034,14.460645161290358
40.75,-5.75,288.268,15.117999999999995
40.75,-5.25,288.61583333333334,15.465833333333364
40.75,-5.0,286.96732673267326,13.81732673267328
40.75,-4.75,288.68857142857144,15.538571428571458
40.75,-4.5,285.64,12.490000000000009
40.75,-4.25,281.75714285714287,8.60714285714289
40.75,-4.0,287.74634146341464,14.59634146341466
40.75,-3.75,290.64698795180726,17.496987951807284
40.75,-3.5,289.2456521739131,16.095652173913095
40.75,-3.0,284.57454545454544,11.424545454545466
40.75,-2.75,283.8088888888889,10.658888888888896
40.75,-2.5,288.4266666666666,15.276666666666642
40.75,-2.25,286.516,13.366000000000042
40.75,-2.0,283.33,10.180000000000007
40.75,-1.75,287.0910891089109,13.941089108910944
40.75,-1.5,289.6590131578947,16.509013157894742
40.75,-1.25,288.4869696969697,15.336969696969732
40.75,-1.0,286.6894252873563,13.539425287356323
40.75,-0.75,284.94,11.79000000000002
40.75,-0.5,287.36640776699033,14.216407766990358
40.75,-0.25,289.3387462686567,16.1887462686567
40.75,-0.0,285.3706976744186,12.220697674418602
40.75,0.25,288.7343109540636,15.584310954063596
40.75,0.5,297.29663056558365,24.146630565583678
40.75,0.75,297.00741433021807,23.85741433021809
40.75,8.25,286.34,13.189999999999998
40.75,8.75,289.09999999999997,15.949999999999989
40.75,9.0,288.37538461538463,15.225384615384655
40.75,9.25,290.5778260869565,17.427826086956543
40.75,9.5,292.6933223684211,19.543322368421116
40.75,9.75,294.0376397515528,20.887639751552797
40.75,13.75,288.5,15.350000000000023
40.75,14.0,291.807,18.65700000000004
40.75,14.25,296.06275862068964,22.912758620689658
40.75,14.5,294.1834309623431,21.033430962343118
40.75,14.75,291.66636363636366,18.51636363636368
40.75,15.0,289.14,15.990000000000009
40.75,15.25,290.3257777777778,17.175777777777796
40.75,15.5,291.78615384615387,18.63615384615389
40.75,15.75,293.1576323119777,20.007632311977716
40.75,16.0,295.0122463768116,21.86224637681164
40.75,16.25,294.3108791208791,21.160879120879144
40.75,16.5,296.3327272727273,23.182727272727334
40.75,16.75,297.26165206508136,24.111652065081387
40.75,17.0,297.37825185185187,24.228251851851894
40.75,17.25,296.3166866267465,23.166686626746525
40.75,17.5,297.28299694189604,24.132996941896067
40.75,17.75,298.85103825136616,25.701038251366185
40.75,18.0,292.66625,19.516250000000014
40.75,19.25,292.40771929824564,19.25771929824566
40.75,19.5,293.6673838630807,20.517383863080738
40.75,19.75,292.664630404463,19.51463040446305
40.75,20.0,290.38171945701356,17.231719457013583
40.75,20.25,288.7644224422442,15.614422442244233
40.75,20.5,286.2688304093567,13.118830409356747
40.75,20.75,286.94237499999997,13.792374999999993
40.75,21.0,285.1368728522337,11.986872852233716
40.75,21.25,287.5350888529887,14.385088852988702
40.75,21.5,293.5394326241135,20.38943262411351
40.75,21.75,293.0622481751825,19.912248175182526
40.75,22.0,294.2675235849057,21.11752358490571
40.75,22.25,301.5912780269058,28.44127802690582
40.75,22.5,303.7650222222222,30.61502222222225
40.75,22.75,299.53248606466,26.382486064660043
40.75,23.0,297.3071783295711,24.15717832957114
40.75,23.25,296.10642222222225,22.956422222222272
40.75,23.5,295.12457777777774,21.974577777777768
40.75,23.75,296.21767605633806,23.067676056338087
40.75,24.0,296.86650000000003,23.716500000000053
40.75,24.25,296.8639382239382,23.713938223938214
40.75,24.5,294.53643243243243,21.386432432432457
40.75,24.75,293.0739130434783,19.923913043478308
40.75,25.5,293.635,20.485000000000014
40.75,25.75,295.23081081081085,22.080810810810874
40.75,26.0,294.90918032786885,21.759180327868876
40.75,26.25,294.9499210822999,21.79992108229993
40.75,26.5,293.4811210762332,20.331121076233217
40.75,26.75,291.59951865222627,18.44951865222629
40.75,27.0,292.8792610837438,19.729261083743836
40.75,27.25,291.8619624217119,18.711962421711917
40.75,27.5,290.2256,17.07560000000001
40.75,27.75,288.9268181818182,15.776818181818214
40.75,29.0,286.82666666666665,13.676666666666677
40.75,29.25,286.73831325301205,13.588313253012075
40.75,29.5,287.67437037037035,14.524370370370377
40.75,32.25,278.68,5.53000000000003
40.75,32.5,283.06580645161296,9.91580645161298
40.75,33.0,291.34000000000003,18.190000000000055
40.75,33.25,286.9890909090909,13.839090909090942
40.75,34.75,289.84761904761905,16.69761904761907
40.75,35.0,289.8312195121951,16.681219512195128
40.75,35.25,289.2192452830189,16.069245283018915
40.75,35.5,290.2352755905512,17.085275590551248
40.75,35.75,290.432,17.28200000000004
40.75,36.75,289.904,16.75400000000002
40.75,37.25,290.0068656716418,16.8568656716418
40.75,37.5,292.0366666666667,18.886666666666713
40.75,37.75,286.94,13.79000000000002
41.0,-8.75,288.02235294117645,14.872352941176473
41.0,-8.5,286.15523809523813,13.005238095238155
41.0,-8.25,286.24,13.090000000000032
41.0,-7.75,284.07466666666664,10.924666666666667
41.0,-7.0,292.0461538461538,18.896153846153823
41.0,-6.75,289.7263829787234,16.576382978723416
41.0,-6.5,285.6984615384616,12.548461538461595
41.0,-6.0,287.71814814814815,14.568148148148168
41.0,-4.75,285.56,12.410000000000025
41.0,-3.5,284.18285714285713,11.032857142857154
41.0,-3.25,281.49555555555554,8.345555555555563
41.0,-3.0,285.4463414634147,12.296341463414706
41.0,-2.75,285.9266666666667,12.7766666666667
41.0,-2.5,290.36629482071714,17.216294820717167
41.0,-2.25,288.8536563876652,15.703656387665205
41.0,-2.0,287.44795180722895,14.29795180722897
41.0,-1.75,286.9276190476191,13.777619047619112
41.0,-1.5,290.7837908496732,17.633790849673233
41.0,-1.25,289.38300000000004,16.23300000000006
41.0,-1.0,288.987374749499,15.83737474949902
41.0,-0.75,290.33495327102804,17.184953271028064
41.0,-0.5,289.91493975903614,16.764939759036167
41.0,-0.25,293.546335078534,20.396335078534037
41.0,-0.0,295.40535384615384,22.255353846153866
41.0,0.25,294.45433234421364,21.304332344213663
41.0,0.5,293.9438418079096,20.793841807909644
41.0,0.75,294.87245,21.722450000000038
41.0,1.0,296.88816816816814,23.73816816816816
41.0,1.25,299.21037974683543,26.06037974683545
41.0,9.25,290.2988888888889,17.148888888888905
41.0,9.5,292.86127659574464,19.711276595744664
41.0,9.75,292.85999999999996,19.70999999999998
41.0,14.0,292.81904761904764,19.66904761904766
41.0,14.25,294.5795945945946,21.42959459459462
41.0,14.5,294.95258620689657,21.802586206896592
41.0,14.75,291.72545454545457,18.57545454545459
41.0,15.0,294.0574193548387,20.907419354838737
41.0,15.25,291.9384279475982,18.788427947598223
41.0,15.5,293.63983388704315,20.489833887043176
41.0,15.75,295.8587112763321,22.70871127633211
41.0,16.0,295.98611694152925,22.83611694152927
41.0,16.25,296.0295169946333,22.87951699463332
41.0,16.5,298.5256103896104,25.375610389610415
41.0,16.75,300.04497175141245,26.89497175141247
41.0,17.0,297.2194618834081,24.06946188340811
41.0,17.25,289.74689655172415,16.59689655172417
41.0,19.5,294.1708571428572,21.02085714285721
41.0,19.75,292.9780195258019,19.82801952580195
41.0,20.0,291.4111616161616,18.261161616161644
41.0,20.25,287.0674305555556,13.917430555555597
41.0,20.5,287.11795744680853,13.967957446808555
41.0,20.75,283.3297068403909,10.179706840390907
41.0,21.0,285.4770464135021,12.327046413502103
41.0,21.25,289.9402037845706,16.790203784570622
41.0,21.5,296.5508035714286,23.40080357142864
41.0,21.75,290.2176357827476,17.06763578274763
41.0,22.0,292.1004744069913,18.950474406991304
41.0,22.25,292.8260294117647,19.676029411764716
41.0,22.5,296.5308474576271,23.380847457627112
41.0,22.75,298.10431111111114,24.954311111111167
41.0,23.0,296.7620444444445,23.612044444444507
41.0,23.25,297.6418444444445,24.491844444444496
41.0,23.5,303.47597777777776,30.32597777777778
41.0,23.75,301.88322222222223,28.733222222222253
41.0,24.0,298.6845211581292,25.534521158129223
41.0,24.25,299.28987514188424,26.13987514188426
41.0,24.5,294.0815241057543,20.931524105754306
41.0,24.75,297.6902774427021,24.54027744270212
41.0,25.0,299.0018490566038,25.85184905660384
41.0,25.25,298.6387900355872,25.488790035587215
41.0,25.5,298.30850356294536,25.158503562945384
41.0,25.75,295.56429050279326,22.41429050279328
41.0,26.0,294.13815555555556,20.98815555555558
41.0,26.25,296.07772321428575,22.927723214285777
41.0,26.5,296.0728222222222,22.922822222222237
41.0,26.75,293.88077272727276,20.73077272727278
41.0,27.0,292.9273059360731,19.777305936073105
41.0,27.25,292.48697788697785,19.336977886977877
41.0,27.5,293.7071597633136,20.55715976331362
41.0,27.75,292.9559009009009,19.805900900900895
41.0,28.0,293.8691878172589,20.7191878172589
41.0,28.25,294.04350710900474,20.89350710900476
41.0,28.5,289.2875714285714,16.137571428571448
41.0,28.75,289.36435714285716,16.21435714285718
41.0,29.0,290.8753887399464,17.725388739946425
41.0,29.25,291.06498094027955,17.914980940279577
41.0,29.5,288.951,15.801000000000045
41.0,29.75,288.0459259259259,14.895925925925951
41.0,30.0,288.6237777777778,15.473777777777798
41.0,33.75,261.94,-11.20999999999998
41.0,34.5,286.9641860465116,13.814186046511622
41.0,34.75,289.93674008810575,16.786740088105773
41.0,35.0,289.7134365325077,16.56343653250775
41.0,35.25,288.1470588235294,14.997058823529414
41.0,35.5,287.54929032258065,14.399290322580669
41.0,35.75,289.76,16.610000000000014
41.0,36.75,292.27617224880385,19.12617224880387
41.0,37.0,291.86880149812737,18.71880149812739
41.0,37.25,291.209425,18.059425000000033
41.0,37.5,292.73121951219514,19.58121951219516
41.0,37.75,287.51483870967746,14.364838709677485
41.25,-8.75,287.57526315789477,14.42526315789479
41.25,-7.75,284.4484210526316,11.298421052631625
41.25,-7.5,285.0889361702128,11.938936170212799
41.25,-7.25,288.51230769230773,15.362307692307752
41.25,-7.0,287.8283333333333,14.678333333333342
41.25,-6.75,285.6612121212121,12.511212121212111
41.25,-6.5,287.94166666666666,14.791666666666686
41.25,-6.25,285.27500000000003,12.125000000000057
41.25,-5.75,283.82785714285717,10.677857142857192
41.25,-5.25,286.96222222222224,13.81222222222226
41.25,-5.0,287.3077142857143,14.157714285714349
41.25,-4.75,287.6263829787234,14.47638297872345
41.25,-4.5,289.50288135593223,16.352881355932254
41.25,-4.25,286.05797979797984,12.907979797979863
41.25,-4.0,287.8488571428572,14.698857142857207
41.25,-3.75,286.1358974358974,12.985897435897414
41.25,-3.5,284.02526315789476,10.875263157894778
41.25,-3.25,283.29966666666667,10.14966666666669
41.25,-3.0,286.4081967213115,13.258196721311549
41.25,-2.75,285.7608928571429,12.610892857142915
41.25,-2.5,286.5885135135135,13.438513513513499
41.25,-2.25,284.6744444444445,11.524444444444498
41.25,-2.0,284.615,11.465000000000032
41.25,-1.75,288.01233160621763,14.862331606217651
41.25,-1.5,290.3297904761905,17.179790476190533
41.25,-1.25,290.1985849056604,17.048584905660448
41.25,-1.0,289.2218888888889,16.071888888888907
41.25,-0.75,295.4974927113703,22.347492711370307
41.25,-0.5,298.03994680851065,24.889946808510672
41.25,-0.25,294.7734899328859,21.623489932885946
41.25,-0.0,295.66425055928414,22.514250559284164
41.25,0.25,296.4712202852615,23.321220285261518
41.25,0.5,295.74969696969697,22.599696969696993
41.25,0.75,293.5465323741007,20.39653237410073
41.25,1.0,291.95954830614806,18.809548306148088
41.25,1.25,297.82098061573544,24.67098061573546
41.25,1.5,296.8412162162162,23.69121621621622
41.25,1.75,297.76114285714283,24.611142857142852
41.25,2.0,295.8238309859155,22.673830985915515
41.25,2.25,298.4511764705882,25.301176470588246
41.25,9.25,286.24,13.090000000000032
41.25,9.5,289.16078947368425,16.01078947368427
41.25,13.0,289.58,16.430000000000007
41.25,13.75,292.8255555555555,19.675555555555547
41.25,14.0,291.7366666666667,18.5866666666667
41.25,14.75,293.37166666666667,20.221666666666692
41.25,15.0,292.91077519379843,19.76077519379845
41.25,15.25,293.31956164383564,20.169561643835664
41.25,15.5,294.4174857142857,21.267485714285726
41.25,15.75,297.50136191677177,24.351361916771793
41.25,16.0,299.3024701195219,26.152470119521922
41.25,16.25,299.3545089285714,26.204508928571443
41.25,16.5,297.23278260869563,24.082782608695652
41.25,16.75,296.41512195121953,23.265121951219555
41.25,19.5,294.6927573529412,21.542757352941237
41.25,19.75,290.92228893058166,17.77228893058168
41.25,20.0,288.1455696202532,14.995569620253207
41.25,20.25,288.31234375,15.162343750000048
41.25,20.5,288.08312138728326,14.933121387283279
41.25,20.75,285.60125,12.451250000000016
41.25,21.0,285.78085626911314,12.630856269113167
41.25,21.25,291.36929663608566,18.219296636085687
41.25,21.5,293.1874342928661,20.037434292866124
41.25,21.75,293.3964907275321,20.246490727532148
41.25,22.0,291.4572641509434,18.30726415094341
41.25,22.25,290.780524137931,17.630524137931047
41.25,22.5,295.59473204104904,22.444732041049065
41.25,22.75,293.70385514018693,20.553855140186954
41.25,23.0,293.2623964165734,20.112396416573404
41.25,23.25,297.58307692307693,24.433076923076953
41.25,23.5,294.44346666666667,21.29346666666669
41.25,23.75,292.71999999999997,19.569999999999993
41.25,24.0,295.96567873303167,22.81567873303169
41.25,24.25,294.1827282976325,21.032728297632502
41.25,24.5,291.01195876288665,17.861958762886673
41.25,24.75,289.04749326145554,15.897493261455566
41.25,25.0,291.5746181818182,18.424618181818232
41.25,25.25,291.27133956386297,18.12133956386299
41.25,25.5,292.59844331641284,19.448443316412863
41.25,25.75,291.95283333333333,18.802833333333353
41.25,26.0,292.4820703933747,19.33207039337475
41.25,26.25,294.69424947145876,21.544249471458784
41.25,26.5,295.0557719054242,21.905771905424217
41.25,26.75,295.1727659574468,22.022765957446836
41.25,27.0,295.47737789203086,22.32737789203088
41.25,27.25,295.3305896805897,22.18058968058972
41.25,27.5,295.36828306264505,22.21828306264507
41.25,27.75,293.60212201591514,20.452122015915165
41.25,28.0,293.93058461538465,20.78058461538467
41.25,28.25,291.3537430167598,18.2037430167598
41.25,28.5,289.7195555555556,16.56955555555561
41.25,28.75,286.8264285714286,13.67642857142863
41.25,29.0,287.80145985401464,14.65145985401466
41.25,29.25,288.5710067114094,15.421006711409404
41.25,29.5,287.238,14.088000000000022
41.25,29.75,288.1118918918919,14.961891891891923
41.25,30.0,287.6608,14.510800000000017
41.25,30.25,285.0,11.850000000000023
41.25,34.5,282.445,9.295000000000016
41.25,34.75,289.7514893617021,16.601489361702136
41.25,35.0,288.3492270531401,15.199227053140135
41.25,35.25,289.7446992481203,16.59469924812032
41.25,36.0,286.3726315789474,13.222631578947414
41.25,36.75,292.0161038961039,18.866103896103937
41.25,37.0,296.31405750798723,23.164057507987252
41.25,37.25,294.92368421052635,21.77368421052637
41.5,-8.75,288.96066666666667,15.810666666666691
41.5,-8.5,288.1086991869919,14.958699186991907
41.5,-8.25,286.4220689655172,13.272068965517235
41.5,-8.0,286.3276923076923,13.177692307692325
41.5,-7.75,284.35428571428577,11.204285714285788
41.5,-7.5,284.713125,11.563125000000014
41.5,-7.25,289.60215053763443,16.452150537634452
41.5,-7.0,287.29564102564103,14.145641025641055
41.5,-6.75,287.805,14.65500000000003
41.5,-6.5,287.6813953488372,14.531395348837236
41.5,-6.25,288.50025641025644,15.350256410256463
41.5,-6.0,286.2543089430894,13.10430894308945
41.5,-5.75,288.66340425531916,15.513404255319188
41.5,-5.5,289.2376315789474,16.087631578947423
41.5,-5.25,291.28919402985076,18.139194029850785
41.5,-5.0,291.23088339222613,18.080883392226156
41.5,-4.75,289.4284482758621,16.278448275862104
41.5,-4.5,290.83843478260866,17.68843478260868
41.5,-4.25,287.40700000000004,14.257000000000062
41.5,-4.0,288.84083333333336,15.690833333333387
41.5,-3.75,286.81146341463415,13.66146341463417
41.5,-3.5,286.2897297297297,13.139729729729709
41.5,-3.25,286.76,13.610000000000014
41.5,-3.0,287.64292682926833,14.492926829268356
41.5,-2.75,287.3075789473684,14.15757894736845
41.5,-2.5,283.92411764705884,10.774117647058858
41.5,-2.25,282.7753333333333,9.625333333333344
41.5,-2.0,284.76896551724144,11.618965517241463
41.5,-1.75,289.1926241134752,16.0426241134752
41.5,-1.5,293.5372194304858,20.3872194304858
41.5,-1.25,294.3855363321799,21.235536332179947
41.5,-1.0,291.8066666666667,18.656666666666695
41.5,-0.75,296.31814432989694,23.16814432989696
41.5,-0.5,296.51191860465116,23.36191860465118
41.5,-0.25,297.5996563573883,24.449656357388335
41.5,-0.0,296.4280769230769,23.278076923076924
41.5,0.25,297.3419435736677,24.191943573667743
41.5,0.5,298.01429059829064,24.864290598290665
41.5,0.75,296.4032786885246,23.25327868852463
41.5,1.0,294.9245609065156,21.774560906515603
41.5,1.25,293.1230847029077,19.973084702907727
41.5,1.5,291.6967892976589,18.546789297658904
41.5,1.75,295.95740000000006,22.807400000000086
41.5,2.0,295.5779441340782,22.427944134078245
41.5,2.25,296.64932944606414,23.499329446064166
41.5,2.5,293.042734375,19.892734375000032
41.5,2.75,292.8228571428572,19.672857142857197
41.5,8.75,288.35212121212123,15.202121212121256
41.5,9.0,289.9383812010444,16.788381201044444
41.5,9.25,291.0902966101695,17.940296610169526
41.5,13.0,286.02,12.870000000000005
41.5,13.25,291.9615625,18.811562500000036
41.5,13.5,290.555,17.40500000000003
41.5,14.25,291.14,17.99000000000001
41.5,14.5,292.27131782945736,19.121317829457382
41.5,14.75,292.7273099415205,19.577309941520525
41.5,15.0,292.93521172638435,19.785211726384375
41.5,15.25,295.0666996291718,21.91669962917183
41.5,15.5,296.07092753623186,22.920927536231886
41.5,15.75,296.9428179551122,23.79281795511224
41.5,16.0,295.7741489361702,22.62414893617023
41.5,19.5,293.676993166287,20.526993166287014
41.5,19.75,291.10696897374703,17.956968973747053
41.5,20.0,287.42833333333334,14.278333333333364
41.5,20.25,285.9148936170213,12.7648936170213
41.5,20.5,286.57703703703703,13.427037037037053
41.5,20.75,285.5664864864865,12.41648648648652
41.5,21.0,289.43906896551727,16.289068965517288
41.5,21.25,291.7505278174037,18.6005278174037
41.5,21.5,293.025207253886,19.875207253886003
41.5,21.75,296.4085456595265,23.258545659526533
41.5,22.0,298.2576112412178,25.107611241217796
41.5,22.25,296.6204494382023,23.47044943820231
41.5,22.5,295.03596828992073,21.885968289920754
41.5,22.75,293.98682222222226,20.83682222222228
41.5,23.0,292.78499999999997,19.63499999999999
41.5,23.25,297.03212458286987,23.882124582869892
41.5,23.5,291.9417503217503,18.791750321750328
41.5,23.75,291.8879855247286,18.73798552472863
41.5,24.0,294.027438752784,20.87743875278403
41.5,24.25,287.30899653979236,14.158996539792383
41.5,24.5,285.3460695187166,12.196069518716627
41.5,24.75,282.9953284671533,9.845328467153308
41.5,25.0,284.76599999999996,11.615999999999985
41.5,25.25,286.9691666666667,13.819166666666717
41.5,25.5,290.0498461538462,16.899846153846227
41.5,25.75,290.58116923076926,17.431169230769285
41.5,26.0,290.5241176470588,17.374117647058824
41.5,26.25,291.2,18.05000000000001
41.5,26.5,292.6172916666667,19.46729166666671
41.5,26.75,294.96292307692306,21.812923076923084
41.5,27.0,293.5098058252427,20.359805825242745
41.5,27.25,294.3447154471545,21.194715447154522
41.5,27.5,294.4423076923077,21.292307692307702
41.5,28.25,284.03200000000004,10.882000000000062
41.5,28.5,284.5,11.350000000000023
41.5,33.75,283.9415,10.791500000000042
41.5,34.0,281.1,7.9500000000000455
41.5,34.25,290.84141304347827,17.691413043478292
41.5,34.5,286.63136150234743,13.481361502347454
41.5,34.75,291.6751351351351,18.525135135135145
41.5,35.0,289.6338181818182,16.483818181818208
41.5,35.25,287.4985100286533,14.348510028653322
41.5,35.5,282.40000000000003,9.250000000000057
41.5,36.0,285.598,12.448000000000036
41.75,-8.75,286.28322580645164,13.133225806451662
41.75,-8.5,287.32000000000005,14.170000000000073
41.75,-8.25,282.95000000000005,9.800000000000068
41.75,-8.0,282.60333333333335,9.453333333333376
41.75,-7.75,285.39535211267605,12.245352112676073
41.75,-7.5,288.0480459770115,14.89804597701152
41.75,-7.25,288.79499999999996,15.644999999999982
41.75,-7.0,288.69896103896104,15.548961038961068
41.75,-6.75,288.8433333333333,15.693333333333328
41.75,-6.5,289.054693877551,15.90469387755104
41.75,-6.25,289.3058267716535,16.15582677165355
41.75,-6.0,288.0894237288136,14.939423728813608
41.75,-5.75,291.59224105461396,18.442241054613987
41.75,-5.5,292.2853050397878,19.135305039787795
41.75,-5.25,292.50854838709677,19.35854838709679
41.75,-5.0,292.0611180124224,18.911118012422435
41.75,-4.75,288.38070921985815,15.23070921985817
41.75,-4.5,287.06946428571433,13.919464285714355
41.75,-4.25,288.5397894736842,15.389789473684232
41.75,-4.0,288.7133149171271,15.563314917127116
41.75,-3.75,287.93252747252745,14.782527472527477
41.75,-3.5,288.2906993006993,15.140699300699339
41.75,-3.25,285.0176811594203,11.867681159420329
41.75,-3.0,283.1865693430657,10.036569343065707
41.75,-2.75,283.3413793103448,10.191379310344814
41.75,-2.5,283.4244444444444,10.274444444444441
41.75,-2.25,282.2871698113208,9.137169811320803
41.75,-2.0,286.0313402061856,12.881340206185598
41.75,-1.75,286.67182795698926,13.521827956989284
41.75,-1.5,291.1633088235294,18.013308823529428
41.75,-1.25,288.3205063291139,15.170506329113948
41.75,-1.0,290.4713043478261,17.32130434782613
41.75,-0.75,294.6619310344828,21.511931034482814
41.75,-0.5,284.82814814814816,11.678148148148182
41.75,-0.25,294.08145658263305,20.931456582633075
41.75,-0.0,294.99061052631583,21.840610526315857
41.75,0.25,295.4350956521739,22.285095652173936
41.75,0.5,295.9246779661017,22.774677966101706
41.75,0.75,296.94523929471035,23.79523929471037
41.75,1.0,296.49805054151625,23.348050541516272
41.75,1.25,295.7193960511034,22.56939605110341
41.75,1.5,292.93924444444445,19.789244444444478
41.75,1.75,294.0921094640821,20.942109464082137
41.75,2.0,291.7417302798982,18.59173027989823
41.75,2.25,291.27039106145253,18.12039106145255
41.75,2.5,290.64959821428573,17.499598214285754
41.75,2.75,292.2348914431673,19.08489144316735
41.75,3.0,291.497,18.347000000000037
41.75,3.25,289.9353846153846,16.7853846153846
41.75,8.75,289.25927272727273,16.109272727272753
41.75,9.0,288.953125,15.803125000000023
41.75,9.25,289.84541598694943,16.695415986949456
41.75,9.5,291.7038461538462,18.553846153846223
41.75,12.75,291.5965,18.446500000000015
41.75,13.0,291.0314754098361,17.881475409836128
41.75,13.25,289.5925,16.442499999999995
41.75,14.0,289.66,16.510000000000048
41.75,14.25,288.483661971831,15.33366197183102
41.75,14.5,292.4141935483871,19.26419354838714
41.75,14.75,293.05125,19.901250000000005
41.75,15.0,296.2160050890585,23.066005089058535
41.75,15.25,299.57614184397164,26.426141843971664
41.75,15.5,298.91377503852084,25.763775038520862
41.75,15.75,296.28035856573706,23.130358565737083
41.75,16.0,295.30580431177447,22.15580431177449
41.75,16.25,293.9640909090909,20.814090909090908
41.75,19.25,292.1625,19.012500000000045
41.75,19.5,293.2389830508475,20.088983050847503
41.75,19.75,291.2744107744108,18.12441077441082
41.75,20.0,288.5268613138686,15.37686131386863
41.75,20.5,275.815,2.6650000000000205
41.75,20.75,286.63082949308756,13.480829493087583
41.75,21.0,292.0828220858896,18.932822085889597
41.75,21.25,291.7983021582734,18.648302158273395
41.75,21.5,291.07646739130433,17.926467391304357
41.75,21.75,299.19075170842825,26.040751708428274
41.75,22.0,298.5566888888889,25.406688888888937
41.75,22.25,298.05862222222225,24.908622222222277
41.75,22.5,292.0571301446051,18.907130144605105
41.75,22.75,292.4866666666667,19.3366666666667
41.75,23.0,290.04539863325743,16.895398633257457
41.75,23.25,288.95808,15.808080000000018
41.75,23.5,281.28222506393865,8.132225063938677
41.75,23.75,287.5723855421687,14.42238554216874
41.75,24.0,281.74024630541874,8.59024630541876
41.75,24.25,282.4922448979592,9.342244897959233
41.75,24.5,281.14809523809527,7.9980952380952886
41.75,24.75,278.369898989899,5.219898989899036
41.75,25.5,294.8048745519713,21.654874551971318
41.75,25.75,293.5246363636364,20.374636363636398
41.75,26.0,289.17473684210523,16.024736842105256
41.75,33.5,279.46,6.310000000000002
41.75,33.75,281.58761904761906,8.43761904761908
41.75,34.0,281.8872,8.73720000000003
41.75,34.25,291.56808510638297,18.41808510638299
41.75,34.5,289.7611034482759,16.611103448275912
41.75,34.75,284.2614285714286,11.111428571428632
41.75,35.0,288.6888188976378,15.538818897637839
41.75,35.25,289.65475000000004,16.504750000000058
42.0,-8.75,285.86,12.710000000000036
42.0,-8.5,284.45714285714286,11.307142857142878
42.0,-8.25,284.97818181818184,11.82818181818186
42.0,-8.0,286.00385542168675,12.853855421686774
42.0,-7.75,285.8176811594203,12.66768115942034
42.0,-7.5,289.4943369175627,16.344336917562714
42.0,-7.25,286.8468345323741,13.696834532374112
42.0,-7.0,285.98839506172845,12.838395061728477
42.0,-6.75,283.10867924528304,9.958679245283065
42.0,-6.5,287.1594318181819,14.009431818181895
42.0,-6.25,289.4198148148148,16.269814814814822
42.0,-6.0,289.04314049586776,15.893140495867783
42.0,-5.75,292.58310344827584,19.43310344827586
42.0,-5.5,290.45924731182794,17.30924731182796
42.0,-5.25,292.9299193548387,19.77991935483874
42.0,-5.0,290.4349295774648,17.284929577464823
42.0,-4.75,289.7342857142857,16.584285714285727
42.0,-4.5,288.35231092436976,15.202310924369783
42.0,-4.25,287.46098245614036,14.31098245614038
42.0,-4.0,286.7838738738739,13.633873873873938
42.0,-3.75,286.082030237581,12.932030237581046
42.0,-3.5,283.72888283378745,10.578882833787475
42.0,-3.25,283.4089411764706,10.258941176470614
42.0,-2.5,282.13933333333335,8.989333333333377
42.0,-2.25,283.48429378531074,10.334293785310763
42.0,-2.0,285.7549295774648,12.604929577464816
42.0,-1.75,289.0816,15.931600000000003
42.0,-1.5,288.9035714285714,15.753571428571433
42.0,-1.25,285.9873846153846,12.837384615384622
42.0,-1.0,289.3407547169811,16.190754716981132
42.0,-0.75,289.6152,16.46520000000004
42.0,-0.5,291.80424242424243,18.654242424242454
42.0,-0.25,294.64241935483875,21.492419354838773
42.0,-0.0,294.9196491228071,21.769649122807095
42.0,0.25,294.88374639769455,21.733746397694574
42.0,0.5,292.57130287648056,19.42130287648058
42.0,0.75,290.6115654952077,17.461565495207708
42.0,1.0,291.67214814814815,18.522148148148176
42.0,1.25,290.67197674418605,17.521976744186077
42.0,1.5,290.7565991902834,17.60659919028342
42.0,1.75,291.8115437788019,18.6615437788019
42.0,2.0,292.631907654921,19.48190765492103
42.0,2.25,291.1469828722003,17.996982872200306
42.0,2.5,287.02216296296297,13.872162962962989
42.0,2.75,291.36879032258065,18.218790322580674
42.0,3.0,292.66545664739886,19.515456647398878
42.0,3.25,292.92414545454545,19.774145454545476
42.0,8.5,287.70666666666665,14.556666666666672
42.0,8.75,290.3991472868217,17.24914728682171
42.0,9.0,286.13846153846157,12.988461538461593
42.0,9.25,288.19471624266146,15.04471624266148
42.0,9.5,294.81338403041826,21.663384030418285
42.0,13.0,290.48,17.33000000000004
42.0,13.5,287.39866666666666,14.24866666666668
42.0,13.75,289.7928,16.642800000000022
42.0,14.0,286.1552,13.005200000000002
42.0,14.25,293.3322310756972,20.182231075697246
42.0,14.5,295.0903537735849,21.940353773584945
42.0,14.75,296.2301604278075,23.080160427807527
42.0,15.0,299.11353846153844,25.963538461538462
42.0,15.25,298.50951612903225,25.359516129032272
42.0,15.5,296.8625,23.712500000000034
42.0,15.75,297.2530337078652,24.103033707865222
42.0,16.0,294.5598268398269,21.409826839826906
42.0,16.25,296.63909090909095,23.489090909090976
42.0,19.0,292.4431578947368,19.29315789473685
42.0,19.25,290.31713221601495,17.167132216014977
42.0,19.5,291.9484545454546,18.798454545454604
42.0,19.75,287.0655319148936,13.91553191489362
42.0,20.0,284.56,11.410000000000025
42.0,20.75,284.4697272727273,11.319727272727334
42.0,21.0,293.6947579693034,20.54475796930342
42.0,21.25,296.1059241706161,22.95592417061613
42.0,21.5,297.52806110458283,24.378061104582855
42.0,21.75,297.6700450450451,24.520045045045094
42.0,22.0,296.8336525612472,23.683652561247243
42.0,22.25,293.3213989637306,20.17139896373061
42.0,22.5,291.8399706314244,18.689970631424444
42.0,22.75,291.4814694894147,18.3314694894147
42.0,23.0,293.0894697903822,19.939469790382248
42.0,23.25,289.11972111553786,15.96972111553788
42.0,23.5,282.78301038062284,9.633010380622864
42.0,23.75,284.0641554959786,10.914155495978605
42.0,24.0,284.15298405466973,11.002984054669753
42.0,24.25,281.14630872483224,7.996308724832261
42.0,24.5,283.80018018018023,10.650180180180257
42.0,25.0,296.0233532934132,22.87335329341323
42.0,25.25,291.70500000000004,18.555000000000064
42.0,25.5,292.286875,19.136875000000032
42.0,25.75,294.0451111111111,20.895111111111135
42.0,26.0,292.90769230769234,19.757692307692366
42.25,-9.0,282.02,8.870000000000005
42.25,-8.75,285.6554545454546,12.505454545454597
42.25,-8.5,285.02799999999996,11.877999999999986
42.25,-8.25,283.14,9.990000000000009
42.25,-8.0,287.1588235294118,14.008823529411814
42.25,-7.75,287.394,14.244000000000028
42.25,-7.5,283.14,9.990000000000009
42.25,-7.25,285.34666666666664,12.196666666666658
42.25,-7.0,282.9742857142857,9.824285714285736
42.25,-6.75,285.04,11.890000000000043
42.25,-6.5,284.6537313432836,11.503731343283619
42.25,-6.0,287.8836144578313,14.733614457831322
42.25,-5.75,289.20972222222224,16.059722222222263
42.25,-5.5,287.48913793103446,14.339137931034486
42.25,-5.25,287.3974358974359,14.247435897435935
42.25,-5.0,287.83410569105695,14.68410569105697
42.25,-4.75,286.65642725598525,13.506427255985272
42.25,-4.5,288.49658015267175,15.346580152671777
42.25,-4.25,286.7881105990784,13.638110599078402
42.25,-4.0,286.17952380952386,13.02952380952388
42.25,-3.75,284.3747826086957,11.224782608695705
42.25,-3.5,282.5833502538071,9.433350253807134
42.25,-3.25,280.99976470588234,7.8497647058823645
42.25,-3.0,282.82439252336445,9.674392523364475
42.25,-2.75,286.31743243243244,13.167432432432463
42.25,-2.5,282.61899109792284,9.468991097922867
42.25,-2.25,283.6433333333333,10.49333333333334
42.25,-1.75,288.55617021276595,15.406170212765971
42.25,-1.5,289.7666869300912,16.616686930091248
42.25,-1.25,285.8561111111111,12.706111111111113
42.25,-0.25,287.2566265060241,14.1066265060241
42.25,-0.0,284.16448979591837,11.014489795918394
42.25,0.25,283.5023880597015,10.352388059701525
42.25,0.5,285.3130653266332,12.163065326633216
42.25,0.75,286.03091445427725,12.880914454277274
42.25,1.0,288.60579399141636,15.455793991416385
42.25,1.25,285.0928856624319,11.942885662431934
42.25,1.5,285.12331521739134,11.97331521739136
42.25,1.75,282.025625,8.875625000000014
42.25,2.0,282.8614117647059,9.711411764705929
42.25,2.25,285.2796153846154,12.12961538461542
42.25,2.5,286.2109,13.060900000000004
42.25,2.75,288.54229276895944,15.392292768959464
42.25,3.0,293.45022538552786,20.30022538552788
42.25,3.25,292.0030894308943,18.85308943089433
42.25,8.5,286.69217391304346,13.542173913043484
42.25,8.75,289.0792957746479,15.929295774647926
42.25,9.0,286.0712621359223,12.921262135922348
42.25,9.25,289.8054205607477,16.6554205607477
42.25,9.5,292.8000767754319,19.6500767754319
42.25,10.25,290.7653333333334,17.61533333333341
42.25,13.25,288.04,14.890000000000043
42.25,13.5,287.76153846153846,14.611538461538487
42.25,13.75,291.1914285714286,18.04142857142864
42.25,14.0,293.35284738041,20.20284738041005
42.25,14.25,295.15446071904125,22.004460719041276
42.25,14.5,296.4341111111111,23.284111111111145
42.25,14.75,296.963,23.813000000000045
42.25,18.5,290.1133333333333,16.96333333333331
42.25,18.75,291.50586466165413,18.355864661654152
42.25,19.0,289.4273903966597,16.27739039665971
42.25,19.25,289.6918789407314,16.541878940731408
42.25,19.5,290.5057766990291,17.35577669902915
42.25,19.75,279.4352380952381,6.285238095238128
42.25,20.0,286.8964539007092,13.746453900709241
42.25,20.25,291.42527173913044,18.27527173913046
42.25,20.5,292.8064135021097,19.65641350210973
42.25,20.75,292.42030075187967,19.270300751879688
42.25,21.0,289.12294444444444,15.972944444444465
42.25,21.25,292.9693894165536,19.819389416553634
42.25,21.5,291.8704160688666,18.720416068866598
42.25,21.75,295.3391355140187,22.189135514018744
42.25,22.0,294.4934169278997,21.34341692789974
42.25,22.25,287.67088607594934,14.520886075949363
42.25,22.5,286.46068702290074,13.310687022900765
42.25,22.75,287.7564113785558,14.606411378555833
42.25,23.0,288.1135222672065,14.963522267206542
42.25,23.25,281.5082392026578,8.358239202657842
42.25,23.5,280.99700879765396,7.847008797653984
42.25,23.75,273.58,0.4300000000000068
42.25,24.0,281.9275,8.777500000000032
42.25,24.5,289.74,16.590000000000032
42.25,25.0,294.7229629629629,21.572962962962947
42.25,25.25,295.3264319248826,22.17643192488265
42.25,25.5,293.4149874686717,20.264987468671734
42.25,25.75,291.2207920792079,18.070792079207934
42.25,26.0,292.68518828451886,19.53518828451888
42.25,26.25,294.57795148247976,21.427951482479784
42.25,26.5,296.0432209737828,22.89322097378283
42.25,26.75,293.25103448275866,20.101034482758678
42.25,27.25,293.7764,20.626400000000046
42.25,27.5,294.8337931034483,21.683793103448295
42.5,-9.0,288.8081081081081,15.658108108108138
42.5,-8.75,289.15441860465114,16.004418604651164
42.5,-8.5,288.33666666666664,15.186666666666667
42.5,-8.25,285.24,12.090000000000032
42.5,-8.0,286.6926923076923,13.542692307692334
42.5,-7.75,285.58,12.430000000000007
42.5,-7.0,283.92,10.770000000000039
42.5,-6.75,285.95603305785124,12.806033057851266
42.5,-6.25,279.90000000000003,6.750000000000057
42.5,-6.0,286.92,13.770000000000039
42.5,-5.75,289.2705263157895,16.120526315789505
42.5,-5.5,290.1969082125604,17.046908212560425
42.5,-5.25,289.07546666666667,15.925466666666694
42.5,-5.0,288.3921348314607,15.242134831460703
42.5,-4.75,287.4669721115538,14.31697211155381
42.5,-4.5,287.08966183574876,13.93966183574878
42.5,-4.25,284.36,11.210000000000036
42.5,-4.0,284.774,11.624000000000024
42.5,-3.75,285.1321212121212,11.982121212121228
42.5,-3.5,287.1644247787611,14.01442477876111
42.5,-3.25,286.95054108216436,13.800541082164386
42.5,-3.0,288.1808394160584,15.030839416058427
42.5,-2.75,289.0652608695652,15.915260869565202
42.5,-2.5,286.7272159090909,13.57721590909091
42.5,-2.25,285.8391366906475,12.689136690647501
42.5,-2.0,285.4093103448276,12.259310344827611
42.5,-1.75,287.77344894026976,14.623448940269782
42.5,-1.5,284.42571428571426,11.275714285714287
42.5,-0.5,282.36,9.210000000000036
42.5,-0.25,280.1856,7.035600000000045
42.5,-0.0,283.6353280839895,10.485328083989543
42.5,0.25,286.11684782608694,12.966847826086962
42.5,0.5,277.9547727272727,4.804772727272734
42.5,0.75,281.71322580645165,8.563225806451669
42.5,1.25,279.93333333333334,6.78333333333336
42.5,1.5,287.78312500000004,14.633125000000064
42.5,1.75,281.02,7.8700000000000045
42.5,2.5,286.415027027027,13.265027027027031
42.5,2.75,289.928343373494,16.77834337349401
42.5,3.0,291.62913978494623,18.479139784946256
42.5,3.25,289.342,16.192000000000007
42.5,8.5,287.624,14.474000000000046
42.5,8.75,290.16926931106474,17.01926931106476
42.5,9.0,290.1087659574468,16.958765957446815
42.5,9.25,292.1836465638149,19.033646563814898
42.5,9.5,293.1303781512605,19.98037815126054
42.5,10.0,290.5242857142857,17.374285714285747
42.5,11.0,285.24,12.090000000000032
42.5,13.5,292.13482352941173,18.984823529411756
42.5,13.75,292.57279761904766,19.422797619047685
42.5,14.0,294.6561379310345,21.506137931034516
42.5,14.25,295.72054474708176,22.570544747081783
42.5,18.25,292.45241379310346,19.302413793103483
42.5,18.5,289.40541401273885,16.255414012738868
42.5,18.75,289.4418543046358,16.29185430463582
42.5,19.0,291.14944055944056,17.999440559440586
42.5,19.25,293.07195804195806,19.921958041958078
42.5,19.5,289.0637735849057,15.913773584905698
42.5,19.75,275.6222222222222,2.4722222222222285
42.5,20.0,284.52973684210525,11.379736842105274
42.5,20.25,291.52134615384614,18.37134615384616
42.5,20.5,296.2823463687151,23.132346368715105
42.5,20.75,294.7126666666667,21.5626666666667
42.5,21.0,293.121267281106,19.97126728110601
42.5,21.25,291.63996146435454,18.489961464354565
42.5,21.5,293.1463636363636,19.99636363636364
42.5,21.75,292.49845588235297,19.348455882352994
42.5,22.0,289.44129032258064,16.291290322580664
42.5,22.25,284.2584827586207,11.10848275862071
42.5,22.5,285.02985074626866,11.879850746268687
42.5,22.75,284.54192307692307,11.391923076923092
42.5,23.0,279.84000000000003,6.690000000000055
42.5,23.25,281.9941304347826,8.844130434782642
42.5,23.5,284.02509615384616,10.875096153846187
42.5,23.75,284.4931914893617,11.343191489361743
42.5,24.0,282.80083333333334,9.650833333333367
42.5,24.25,284.83608695652174,11.686086956521763
42.5,25.25,292.2856140350877,19.135614035087713
42.5,25.5,291.9933333333333,18.843333333333305
42.5,26.25,296.8545454545455,23.704545454545496
42.5,26.5,295.4076767676768,22.2576767676768
42.5,26.75,293.3938636363636,20.243863636363642
42.5,27.0,292.55999999999995,19.409999999999968
42.5,27.25,298.05292418772564,24.90292418772566
42.5,27.5,297.2486956521739,24.098695652173944
42.75,-9.0,286.33142857142855,13.181428571428569
42.75,-6.25,283.3383333333333,10.188333333333333
42.75,-6.0,284.0893805309735,10.939380530973494
42.75,-5.75,286.5392,13.389200000000017
42.75,-5.5,286.28559440559445,13.135594405594475
42.75,-5.25,287.108167539267,13.958167539267038
42.75,-5.0,285.0090909090909,11.859090909090924
42.75,-4.75,283.9500787401575,10.800078740157517
42.75,-4.5,284.4285,11.278500000000008
42.75,-4.25,285.30085836909876,12.150858369098785
42.75,-4.0,286.7026885245902,13.552688524590224
42.75,-3.75,287.76910216718267,14.619102167182689
42.75,-3.5,283.9989090909091,10.848909090909103
42.75,-3.25,283.4527536231884,10.302753623188437
42.75,-3.0,285.267037037037,12.11703703703705
42.75,-2.75,287.05087719298245,13.900877192982477
42.75,-2.5,284.61214521452143,11.462145214521456
42.75,-2.25,283.56271903323267,10.41271903323269
42.75,-2.0,283.355,10.205000000000041
42.75,-1.75,285.1819047619048,12.031904761904798
42.75,-1.5,283.6587692307692,10.508769230769246
42.75,-1.25,285.3370491803279,12.187049180327904
42.75,-1.0,281.35225806451615,8.202258064516172
42.75,-0.5,269.77875,-3.371249999999975
42.75,0.75,273.376338028169,0.2263380281690388
42.75,1.0,271.7711111111111,-1.3788888888888664
42.75,1.25,283.32,10.170000000000016
42.75,1.5,279.99655172413793,6.846551724137953
42.75,1.75,281.98,8.830000000000041
42.75,2.25,280.74914893617023,7.599148936170252
42.75,2.5,289.4491556728232,16.299155672823247
42.75,2.75,293.8230383480826,20.673038348082628
42.75,3.0,294.01365853658535,20.863658536585376
42.75,9.0,292.33685950413224,19.186859504132258
42.75,9.25,291.8608785529716,18.71087855297162
42.75,9.5,290.15156756756755,17.001567567567577
42.75,10.25,290.1863888888889,17.03638888888895
42.75,10.5,288.3821052631579,15.232105263157905
42.75,11.0,291.2852117263844,18.135211726384398
42.75,11.25,289.72,16.57000000000005
42.75,12.5,290.4048484848485,17.254848484848537
42.75,12.75,290.5449689440994,17.394968944099446
42.75,13.0,286.66333333333336,13.513333333333378
42.75,13.25,289.7709090909091,16.620909090909095
42.75,13.5,290.8368166089965,17.686816608996537
42.75,13.75,293.42281746031745,20.27281746031747
42.75,14.0,294.6583439490446,21.508343949044615
42.75,16.5,288.44,15.29000000000002
42.75,16.75,289.87760000000003,16.727600000000052
42.75,17.0,291.36733333333336,18.217333333333386
42.75,17.25,290.5657142857143,17.41571428571433
42.75,17.5,291.2311377245509,18.0811377245509
42.75,17.75,292.3879461279461,19.237946127946145
42.75,18.0,292.3944827586207,19.244482758620734
42.75,18.25,292.69178571428574,19.541785714285766
42.75,18.5,290.87793721973094,17.72793721973096
42.75,18.75,288.0076923076923,14.857692307692332
42.75,19.0,290.0635465116279,16.913546511627942
42.75,19.25,284.5012,11.351200000000006
42.75,19.5,283.45666666666665,10.306666666666672
42.75,19.75,288.97182978723407,15.821829787234094
42.75,20.0,285.31745054945054,12.167450549450564
42.75,20.25,289.10778467908904,15.957784679089059
42.75,20.5,295.7474952198853,22.59749521988533
42.75,20.75,294.66283333333337,21.51283333333339
42.75,21.0,293.3304888888889,20.18048888888893
42.75,21.25,289.88450867052023,16.734508670520256
42.75,21.5,290.5270224719101,17.377022471910095
42.75,22.5,283.27875,10.128750000000025
42.75,23.5,287.0639024390244,13.913902439024412
43.0,-9.25,288.2008450704226,15.05084507042261
43.0,-9.0,286.99003636363636,13.840036363636386
43.0,-8.75,285.9042666666667,12.754266666666695
43.0,-7.25,285.1944,12.044399999999996
43.0,-7.0,284.946875,11.796875
43.0,-6.75,282.64,9.490000000000009
43.0,-6.25,281.34000000000003,8.190000000000055
43.0,-6.0,282.6135483870968,9.463548387096807
43.0,-5.75,282.8956862745098,9.745686274509808
43.0,-5.5,274.22,1.07000000000005
43.0,-5.25,275.6333333333334,2.4833333333334053
43.0,-5.0,279.32,6.170000000000016
43.0,-4.75,284.0957142857143,10.945714285714303
43.0,-4.5,283.63065088757395,10.480650887573972
43.0,-4.25,284.11472222222227,10.964722222222292
43.0,-4.0,280.99692307692305,7.846923076923076
43.0,-3.75,281.66,8.510000000000048
43.0,-3.5,284.99466666666666,11.844666666666683
43.0,-3.25,283.4225287356322,10.27252873563225
43.0,-3.0,286.7526605504587,13.602660550458722
43.0,-2.75,284.5655483870968,11.415548387096806
43.0,-2.5,284.66658486707564,11.516584867075665
43.0,-2.25,283.9766745283019,10.826674528301908
43.0,-2.0,282.2144262295082,9.064426229508229
43.0,-1.25,277.8312621359223,4.6812621359223385
43.0,0.5,279.0,5.850000000000023
43.0,0.75,278.33407407407407,5.18407407407409
43.0,1.0,280.4814285714286,7.331428571428603
43.0,1.25,281.2314285714286,8.081428571428603
43.0,1.5,277.70285714285717,4.552857142857192
43.0,2.0,279.15333333333336,6.003333333333387
43.0,2.25,286.8807242339833,13.730724233983324
43.0,2.5,287.62477489768077,14.474774897680788
43.0,2.75,291.8777777777778,18.727777777777817
43.0,3.0,293.01470370370373,19.864703703703753
43.0,5.75,289.4563888888889,16.306388888888932
43.0,6.0,291.07894736842104,17.928947368421063
43.0,6.25,290.53057471264367,17.380574712643693
43.0,6.5,286.14,12.990000000000009
43.0,9.25,288.4122033898305,15.262203389830518
43.0,9.5,289.97985507246375,16.829855072463772
43.0,9.75,290.36133333333333,17.211333333333357
43.0,10.5,291.038,17.888000000000034
43.0,10.75,289.144,15.994000000000028
43.0,11.0,289.6344,16.48440000000005
43.0,11.5,290.92694915254236,17.776949152542386
43.0,11.75,288.76608695652175,15.61608695652177
43.0,12.0,287.10133333333334,13.951333333333366
43.0,12.25,289.2928358208955,16.142835820895527
43.0,12.5,289.10707317073167,15.95707317073169
43.0,12.75,290.90583333333336,17.755833333333385
43.0,13.0,290.7085714285714,17.55857142857144
43.0,13.25,291.1120754716981,17.962075471698142
43.0,13.5,291.4876190476191,18.337619047619114
43.0,13.75,294.193359223301,21.043359223301024
43.0,14.0,295.5264864864865,22.3764864864865
43.0,15.75,289.808,16.658000000000015
43.0,16.0,291.2821739130435,18.132173913043516
43.0,16.25,292.36659340659344,19.21659340659346
43.0,16.75,291.5758888888889,18.42588888888895
43.0,17.0,291.06947976878615,17.919479768786175
43.0,17.25,291.0088157894737,17.858815789473738
43.0,17.5,293.429846743295,20.279846743295025
43.0,17.75,294.1637288135593,21.01372881355934
43.0,18.0,293.3035906642729,20.15359066427294
43.0,18.25,291.20870535714283,18.058705357142856
43.0,18.5,291.1048664688427,17.954866468842738
43.0,18.75,284.512,11.362000000000023
43.0,19.0,284.76904109589043,11.619041095890452
43.0,19.25,280.55875776397517,7.4087577639751885
43.0,19.5,286.47175609756096,13.321756097560979
43.0,19.75,291.8521843003413,18.702184300341344
43.0,20.0,289.3244171779141,16.17441717791411
43.0,20.25,287.09781250000003,13.947812500000055
43.0,20.5,284.03066666666666,10.880666666666684
43.0,21.0,284.4294736842105,11.27947368421053
43.0,21.25,283.75866666666667,10.608666666666693
43.0,21.5,285.5706666666667,12.420666666666705
43.0,25.75,285.26608695652175,12.11608695652177
43.0,26.75,285.14923076923077,11.999230769230792
43.0,27.0,284.3675,11.21750000000003
43.25,-9.25,284.2661538461538,11.11615384615385
43.25,-9.0,287.26765625,14.117656250000039
43.25,-7.25,284.85333333333335,11.703333333333376
43.25,-6.25,286.12615384615384,12.976153846153863
43.25,-6.0,288.3248157248157,15.174815724815744
43.25,-5.75,288.9875319148936,15.837531914893646
43.25,-5.5,286.5292517006803,13.3792517006803
43.25,-5.25,288.02559322033903,14.875593220339056
43.25,-5.0,286.0035294117647,12.853529411764725
43.25,-4.75,282.37023255813955,9.220232558139571
43.25,-4.5,284.37,11.220000000000027
43.25,-4.25,286.0790740740741,12.929074074074094
43.25,-4.0,284.6,11.450000000000045
43.25,-3.0,282.66204081632657,9.51204081632659
43.25,-2.75,283.98247933884295,10.832479338842973
43.25,-2.5,284.2988679245283,11.148867924528304
43.25,-2.25,286.0757638888889,12.925763888888923
43.25,-2.0,285.66391061452515,12.513910614525173
43.25,-1.75,284.04813559322037,10.898135593220388
43.25,-1.5,281.3955555555556,8.245555555555597
43.25,-1.25,281.9375,8.787500000000023
43.25,-0.5,281.5869444444445,8.43694444444452
43.25,-0.25,282.1595918367347,9.009591836734728
43.25,2.0,283.8862983425414,10.736298342541431
43.25,2.25,286.7560990712074,13.606099071207439
43.25,2.5,288.57973451327433,15.429734513274354
43.25,2.75,292.93708875739645,19.787088757396475
43.25,3.0,293.53486873508353,20.384868735083558
43.25,3.25,292.4841106719367,19.33411067193674
43.25,3.5,293.1883653846154,20.038365384615417
43.25,4.75,288.64500000000004,15.495000000000061
43.25,5.0,288.47125,15.32125000000002
43.25,5.25,288.879754601227,15.729754601227
43.25,5.5,290.07400313971743,16.924003139717456
43.25,5.75,288.86739659367396,15.717396593673982
43.25,6.0,289.8731333333333,16.72313333333335
43.25,6.25,291.07928730512253,17.929287305122557
43.25,6.5,291.33340482573726,18.183404825737284
43.25,6.75,291.9620634920635,18.812063492063544
43.25,10.75,286.85999999999996,13.70999999999998
43.25,11.0,285.25333333333333,12.103333333333353
43.25,11.25,286.21719298245614,13.067192982456163
43.25,11.5,290.06529411764706,16.91529411764708
43.25,12.0,288.99454545454546,15.844545454545482
43.25,13.0,290.330447761194,17.180447761194046
43.25,13.25,291.43853281853285,18.28853281853287
43.25,13.5,290.7877922077922,17.637792207792245
43.25,13.75,292.63451612903225,19.484516129032272
43.25,16.25,293.43882352941176,20.288823529411786
43.25,16.5,292.3255272727273,19.175527272727322
43.25,16.75,293.53240356083086,20.38240356083088
43.25,17.0,292.6193137254902,19.469313725490224
43.25,17.25,290.82516483516486,17.67516483516488
43.25,17.5,294.02187633262264,20.871876332622662
43.25,17.75,294.0697580645161,20.919758064516145
43.25,18.0,292.4609061488673,19.310906148867332
43.25,18.25,288.6071304347826,15.457130434782641
43.25,18.5,286.95020408163265,13.800204081632671
43.25,18.75,283.2321142857143,10.08211428571434
43.25,19.0,282.41763713080167,9.267637130801688
43.25,19.25,286.79422360248446,13.644223602484487
43.25,19.5,287.4430198019802,14.293019801980222
43.25,19.75,289.45043478260874,16.30043478260876
43.25,20.0,286.46238095238095,13.312380952380977
43.25,20.25,286.88529032258066,13.735290322580681
43.25,20.5,288.2138888888889,15.063888888888926
43.25,20.75,282.265,9.115000000000009
43.25,21.0,287.05375886524826,13.903758865248278
43.25,22.75,278.1,4.9500000000000455
43.5,-8.25,285.05326086956524,11.903260869565258
43.5,-8.0,287.18,14.03000000000003
43.5,-7.5,286.43728571428574,13.287285714285758
43.5,-7.25,286.5087022900763,13.358702290076337
43.5,-7.0,284.3485714285714,11.198571428571427
43.5,-6.75,286.04,12.890000000000043
43.5,-6.0,289.6004081632653,16.45040816326531
43.5,-5.75,290.1516339869281,17.00163398692814
43.5,-5.5,288.2432167832168,15.093216783216803
43.5,-5.25,287.5494117647059,14.399411764705917
43.5,-4.5,279.34000000000003,6.190000000000055
43.5,-4.25,281.71500000000003,8.565000000000055
43.5,-3.0,282.53133333333335,9.381333333333373
43.5,-2.75,280.83777777777783,7.687777777777853
43.5,-2.5,282.88800000000003,9.738000000000056
43.5,-1.75,283.9945,10.844500000000039
43.5,-1.5,286.578102189781,13.428102189781043
43.5,-1.25,285.1272,11.977200000000039
43.5,-1.0,283.288085106383,10.138085106383016
43.5,-0.75,284.58875,11.438750000000027
43.5,-0.5,282.74372093023254,9.593720930232564
43.5,-0.25,279.8828571428571,6.732857142857142
43.5,-0.0,275.54782608695655,2.39782608695657
43.5,0.25,276.34,3.1899999999999977
43.5,1.5,282.03333333333336,8.883333333333383
43.5,2.0,280.211,7.0610000000000355
43.5,2.25,282.5712820512821,9.421282051282105
43.5,2.5,282.9445714285714,9.79457142857143
43.5,2.75,285.75107828655837,12.60107828655839
43.5,3.0,289.1088372093023,15.958837209302317
43.5,3.25,291.1316363636364,17.981636363636426
43.5,3.5,293.119872611465,19.969872611465007
43.5,3.75,292.44118055555555,19.29118055555557
43.5,4.0,291.45539393939396,18.30539393939398
43.5,4.25,292.25461139896373,19.104611398963755
43.5,4.5,290.5598086124402,17.4098086124402
43.5,4.75,290.4714762516046,17.321476251604622
43.5,5.0,289.3090909090909,16.159090909090935
43.5,5.25,288.7341647597254,15.584164759725411
43.5,5.5,289.00783092324804,15.85783092324806
43.5,5.75,289.3265777777778,16.176577777777823
43.5,6.0,290.20944444444444,17.059444444444466
43.5,6.25,290.0594666666667,16.90946666666673
43.5,6.5,291.15675555555555,18.00675555555557
43.5,6.75,292.9343246592317,19.784324659231743
43.5,7.0,292.4349051490515,19.284905149051497
43.5,7.25,290.23333333333335,17.08333333333337
43.5,10.25,290.26661654135336,17.11661654135338
43.5,10.5,289.6123214285714,16.462321428571443
43.5,10.75,289.09000000000003,15.940000000000055
43.5,11.25,287.5866666666667,14.436666666666724
43.5,12.75,289.5965591397849,16.446559139784938
43.5,13.0,291.7356565656566,18.58565656565662
43.5,13.25,290.78818181818184,17.638181818181863
43.5,13.5,292.20759493670886,19.05759493670888
43.5,13.75,291.79826086956524,18.648260869565263
43.5,16.0,294.116125,20.966125000000034
43.5,16.25,293.958533007335,20.80853300733503
43.5,16.5,294.6565569620253,21.506556962025343
43.5,16.75,292.10752525252525,18.957525252525272
43.5,17.0,293.1047263681592,19.954726368159243
43.5,17.25,289.5713661202186,16.421366120218636
43.5,17.5,289.8589090909091,16.708909090909117
43.5,17.75,290.42875,17.278750000000002
43.5,18.0,290.54636363636365,17.396363636363674
43.5,18.25,289.22048387096777,16.07048387096779
43.5,18.5,289.26,16.110000000000014
43.5,19.0,290.18033898305083,17.030338983050854
43.5,19.25,292.5313939393939,19.381393939393945
43.5,19.5,285.58,12.430000000000007
43.5,19.75,283.6,10.450000000000045
43.5,20.25,283.6842105263158,10.534210526315803
43.5,20.5,280.4633333333333,7.313333333333333
43.5,21.0,285.64923076923077,12.499230769230792
43.5,22.5,280.02,6.8700000000000045
43.5,22.75,277.23375,4.083750000000009
43.5,24.75,283.40000000000003,10.250000000000057
43.75,-8.25,286.5,13.350000000000023
43.75,-8.0,284.52416666666664,11.374166666666667
43.75,-7.75,285.4623655913978,12.31236559139785
43.75,-7.5,284.40000000000003,11.250000000000057
43.75,-5.75,287.33,14.180000000000007
43.75,-1.25,277.8933333333334,4.743333333333396
43.75,-0.75,284.27466666666663,11.124666666666656
43.75,-0.25,280.26914285714287,7.11914285714289
43.75,-0.0,283.7,10.550000000000011
43.75,0.25,282.5188888888889,9.368888888888932
43.75,0.5,282.2084848484849,9.058484848484909
43.75,0.75,283.98868217054263,10.838682170542654
43.75,1.0,282.8512,9.701200000000028
43.75,1.5,282.90608695652173,9.756086956521756
43.75,1.75,284.380625,11.230625000000032
43.75,2.0,283.96610169491527,10.81610169491529
43.75,2.25,284.24848484848485,11.098484848484873
43.75,2.5,282.2735042735043,9.123504273504295
43.75,2.75,282.6394827586207,9.489482758620738
43.75,3.0,284.18636363636364,11.03636363636366
43.75,3.25,287.4121739130435,14.262173913043512
43.75,3.5,290.59174825174824,17.441748251748265
43.75,3.75,288.06701195219125,14.917011952191274
43.75,4.0,291.4538532110092,18.303853211009198
43.75,4.25,291.53355,18.383550000000014
43.75,4.5,290.53191588785046,17.381915887850482
43.75,4.75,289.7855504587156,16.635550458715613
43.75,5.0,289.0026876513317,15.852687651331735
43.75,5.25,287.6433221850613,14.493322185061345
43.75,5.5,289.15155555555555,16.00155555555557
43.75,5.75,290.86393333333336,17.713933333333387
43.75,6.0,290.7625777777778,17.6125777777778
43.75,6.25,287.7840235294118,14.63402352941182
43.75,6.5,288.4461936936937,15.296193693693738
43.75,6.75,288.63393333333335,15.483933333333368
43.75,7.0,288.6723606168446,15.52236061684465
43.75,7.25,288.5943103448276,15.444310344827613
43.75,7.5,285.894328358209,12.744328358209032
43.75,7.75,290.7070588235294,17.557058823529417
43.75,10.25,288.1333333333334,14.983333333333405
43.75,12.25,289.00625,15.856250000000045
43.75,12.5,289.141568627451,15.991568627451045
43.75,12.75,290.7929523809524,17.64295238095241
43.75,13.0,291.1519266055046,18.00192660550465
43.75,15.25,291.4793220338983,18.329322033898336
43.75,15.5,292.972,19.822000000000003
43.75,15.75,294.8525925925926,21.702592592592623
43.75,16.0,294.9715028901734,21.821502890173406
43.75,16.25,292.8536134453782,19.70361344537821
43.75,16.5,291.91227118644065,18.76227118644067
43.75,16.75,293.153285198556,20.003285198556
43.75,17.0,287.32000000000005,14.170000000000073
43.75,17.25,289.66285714285715,16.51285714285717
43.75,17.5,288.6623076923077,15.51230769230773
43.75,17.75,287.79042424242425,14.640424242424274
43.75,18.0,290.90224,17.75224000000003
43.75,18.25,287.0733333333333,13.923333333333346
43.75,18.5,286.50814814814817,13.358148148148189
43.75,22.0,285.0434482758621,11.893448275862113
43.75,22.25,283.0034146341464,9.853414634146418
43.75,22.5,280.281052631579,7.131052631578996
43.75,24.25,286.13573033707866,12.985730337078678
43.75,24.5,286.66198198198197,13.51198198198199
43.75,24.75,283.932,10.782000000000039
43.75,25.0,284.58363636363634,11.433636363636367
43.75,28.5,289.83222222222224,16.682222222222265
44.0,-1.25,281.445,8.295000000000016
44.0,-0.0,284.3803225806452,11.230322580645236
44.0,0.25,285.53190661478595,12.381906614785976
44.0,0.5,286.10161797752806,12.951617977528088
44.0,0.75,284.85683794466405,11.706837944664073
44.0,1.0,283.13824390243906,9.98824390243908
44.0,1.5,283.27454545454543,10.124545454545455
44.0,1.75,280.6755555555556,7.525555555555627
44.0,2.0,280.86,7.710000000000036
44.0,2.75,284.9248554913295,11.774855491329504
44.0,3.0,284.6066666666667,11.456666666666706
44.0,3.5,287.98307692307696,14.833076923076987
44.0,3.75,287.6342412451362,14.484241245136218
44.0,4.0,288.10661157024794,14.956611570247958
44.0,4.25,290.029283887468,16.879283887468034
44.0,4.5,289.7660508083141,16.616050808314128
44.0,4.75,289.9091572327044,16.75915723270441
44.0,5.0,289.752,16.602000000000032
44.0,5.25,287.4886486486486,14.338648648648643
44.0,5.5,287.0896766467066,13.93967664670663
44.0,5.75,290.890202247191,17.740202247191007
44.0,6.0,291.58448430493274,18.434484304932766
44.0,6.25,289.0153444180523,15.865344418052302
44.0,6.5,285.5996139927624,12.449613992762409
44.0,6.75,285.8319614921781,12.681961492178118
44.0,7.0,286.5188445667125,13.36884456671254
44.0,7.25,287.20692913385824,14.056929133858262
44.0,11.75,286.84000000000003,13.690000000000055
44.0,12.0,285.94545454545454,12.795454545454561
44.0,12.25,291.83804416403785,18.688044164037876
44.0,12.5,290.29392156862747,17.14392156862749
44.0,12.75,286.33818181818185,13.188181818181874
44.0,15.0,290.36283333333336,17.21283333333338
44.0,15.25,293.2974061433447,20.14740614334471
44.0,15.5,294.67584677419353,21.525846774193553
44.0,15.75,294.2361038961039,21.086103896103907
44.0,16.0,293.4846212121212,20.33462121212125
44.0,16.25,288.554375,15.404375000000016
44.0,16.5,287.45218750000004,14.30218750000006
44.0,16.75,287.20461538461535,14.054615384615374
44.0,17.0,291.508,18.358000000000004
44.0,17.25,287.58,14.430000000000007
44.0,17.5,283.44,10.29000000000002
44.0,21.75,281.29375,8.143750000000011
44.0,22.0,283.4230769230769,10.273076923076928
44.0,22.25,283.92727272727274,10.77727272727276
44.0,23.75,287.48765432098764,14.337654320987667
44.0,24.0,287.7650847457627,14.615084745762715
44.0,24.25,288.0862647444299,14.936264744429934
44.0,24.5,286.79757575757577,13.647575757575794
44.0,24.75,286.388,13.238
44.0,25.0,288.03486166007906,14.884861660079082
44.0,25.25,287.8121678321678,14.662167832167825
44.0,28.0,286.94,13.79000000000002
44.0,28.25,294.1473758865248,20.99737588652482
44.0,28.5,295.687256097561,22.537256097561
44.0,28.75,294.24642857142857,21.09642857142859
44.25,-1.25,278.39549999999997,5.245499999999993
44.25,-1.0,282.18438247011954,9.034382470119567
44.25,-0.75,277.76,4.610000000000014
44.25,-0.0,283.38,10.230000000000018
44.25,0.25,285.610612244898,12.460612244898016
44.25,0.5,285.44950819672135,12.299508196721376
44.25,0.75,286.04070671378093,12.890706713780958
44.25,1.0,284.15800995024875,11.008009950248777
44.25,1.75,281.46,8.310000000000002
44.25,2.25,281.6928,8.5428
44.25,2.75,281.787027027027,8.637027027027045
44.25,3.75,281.9788235294118,8.828823529411807
44.25,4.0,286.5828762541806,13.432876254180599
44.25,4.25,289.6565938864629,16.506593886462895
44.25,4.5,289.05731448763254,15.907314487632561
44.25,4.75,288.7407891156463,15.590789115646317
44.25,5.0,288.22155425219944,15.071554252199462
44.25,5.25,285.7012668463612,12.551266846361216
44.25,5.5,283.56985436893206,10.419854368932079
44.25,5.75,287.4171898734177,14.267189873417749
44.25,6.0,289.54936998854527,16.39936998854529
44.25,6.25,285.53967213114754,12.389672131147563
44.25,6.5,277.98835266821345,4.838352668213474
44.25,6.75,274.94772413793106,1.797724137931084
44.25,7.0,275.4252475247525,2.2752475247525012
44.25,7.25,268.9133333333333,-4.236666666666679
44.25,12.0,286.3,13.150000000000034
44.25,12.25,290.08933333333334,16.939333333333366
44.25,12.5,292.31081081081084,19.160810810810858
44.25,14.5,289.90999999999997,16.75999999999999
44.25,14.75,290.6859340659341,17.5359340659341
44.25,15.0,289.82933333333335,16.679333333333375
44.25,15.25,290.6389130434782,17.48891304347825
44.25,15.5,285.14,11.990000000000009
44.25,15.75,288.4821052631579,15.332105263157928
44.25,22.0,284.8466071428571,11.696607142857147
44.25,22.25,283.2924444444444,10.142444444444436
44.25,22.5,285.66,12.510000000000048
44.25,23.5,288.63444444444445,15.484444444444478
44.25,23.75,288.6323368421053,15.482336842105326
44.25,24.0,288.00944971537007,14.85944971537009
44.25,24.25,287.57391480730223,14.423914807302253
44.25,24.5,288.08000000000004,14.930000000000064
44.25,24.75,286.4711111111111,13.321111111111122
44.25,25.0,284.78000000000003,11.630000000000052
44.25,25.25,283.9425,10.792500000000018
44.25,26.25,286.50736842105266,13.357368421052684
44.25,26.5,288.95166666666665,15.801666666666677
44.25,26.75,285.96571428571434,12.815714285714364
44.25,27.5,288.36285714285714,15.21285714285716
44.25,27.75,284.64375,11.493750000000034
44.25,28.0,287.8610743801653,14.711074380165314
44.25,28.25,292.71417004048584,19.564170040485863
44.25,28.5,295.84355987055017,22.69355987055019
44.25,28.75,289.4895,16.339500000000044
44.5,-1.25,281.2220689655172,8.072068965517246
44.5,-1.0,283.19224852071005,10.042248520710075
44.5,-0.75,284.34987951807227,11.199879518072294
44.5,-0.5,283.3387570621469,10.18875706214692
44.5,-0.25,267.7528,-5.397199999999998
44.5,-0.0,265.22,-7.92999999999995
44.5,0.5,281.02,7.8700000000000045
44.5,0.75,283.7329411764706,10.582941176470626
44.5,1.0,282.03049999999996,8.880499999999984
44.5,1.5,279.8341666666667,6.6841666666667265
44.5,2.75,279.8,6.650000000000034
44.5,4.25,289.00961325966847,15.859613259668492
44.5,4.5,288.84593698175786,15.695936981757882
44.5,4.75,288.10298969072164,14.952989690721665
44.5,5.0,286.8695319148936,13.71953191489365
44.5,5.25,285.447251908397,12.297251908397016
44.5,5.5,281.93126213592234,8.781262135922361
44.5,5.75,284.5460869565217,11.396086956521742
44.5,6.0,284.5802037845706,11.430203784570608
44.5,6.25,285.06483582089555,11.914835820895576
44.5,6.5,282.13500000000005,8.98500000000007
44.5,6.75,284.49,11.340000000000032
44.5,11.75,287.46181818181816,14.311818181818182
44.5,12.0,287.96,14.810000000000002
44.5,14.25,286.0911111111111,12.941111111111127
44.5,14.5,284.43458333333336,11.284583333333387
44.5,14.75,287.77200000000005,14.622000000000071
44.5,15.0,279.52,6.3700000000000045
44.5,15.25,282.2115789473684,9.061578947368446
44.5,22.0,284.0247058823529,10.874705882352941
44.5,22.25,285.47407407407405,12.324074074074076
44.5,22.5,285.28346153846155,12.133461538461574
44.5,22.75,283.71666666666664,10.566666666666663
44.5,23.0,287.4067175572519,14.256717557251932
44.5,23.25,288.59791563275434,15.44791563275436
44.5,23.5,289.23009404388716,16.080094043887186
44.5,23.75,287.84093023255815,14.690930232558173
44.5,24.0,287.58758620689656,14.437586206896583
44.5,24.25,286.9857692307692,13.835769230769245
44.5,25.25,285.1794117647059,12.029411764705912
44.5,25.75,283.57800000000003,10.428000000000054
44.5,26.25,288.32,15.170000000000016
44.5,26.5,288.32060606060605,15.170606060606076
44.5,26.75,290.1355263157895,16.985526315789514
44.5,27.0,290.2518552036199,17.101855203619948
44.5,27.5,291.1035514018692,17.95355140186922
44.5,27.75,289.62,16.470000000000027
44.5,28.0,286.97519230769234,13.825192307692362
44.5,28.25,293.6693487698987,20.519348769898727
44.5,28.5,294.91889688249404,21.76889688249406
44.5,28.75,291.30171021377674,18.151710213776767
44.75,-1.25,282.7288235294118,9.578823529411807
44.75,-1.0,280.814693877551,7.664693877551031
44.75,-0.75,286.05455587392555,12.904555873925574
44.75,-0.5,285.99511976047904,12.845119760479065
44.75,-0.25,282.99464788732394,9.844647887323958
44.75,-0.0,284.565,11.41500000000002
44.75,3.5,279.4514285714286,6.30142857142863
44.75,3.75,279.2,6.050000000000011
44.75,4.0,280.84000000000003,7.690000000000055
44.75,4.25,285.9115,12.761500000000012
44.75,4.5,285.09066666666666,11.940666666666687
44.75,4.75,285.87021868787275,12.720218687872773
44.75,5.0,286.7215625,13.571562500000027
44.75,5.25,283.2107272727273,10.06072727272732
44.75,5.5,281.0037974683545,7.853797468354514
44.75,5.75,276.68399999999997,3.533999999999992
44.75,6.0,282.43204968944104,9.282049689441067
44.75,6.25,276.59058823529415,3.4405882352941717
44.75,6.5,267.0524137931035,-6.097586206896494
44.75,13.75,280.02235294117645,6.872352941176473
44.75,14.0,280.6222222222222,7.4722222222222285
44.75,14.25,282.146,8.996000000000038
44.75,22.25,283.7351111111111,10.585111111111132
44.75,22.5,284.6969230769231,11.546923076923122
44.75,22.75,287.11830136986305,13.96830136986307
44.75,23.0,288.9704424778761,15.8204424778761
44.75,23.25,289.8239410187668,16.67394101876681
44.75,23.5,288.1287261146497,14.978726114649703
44.75,23.75,287.33621621621626,14.18621621621628
44.75,24.0,288.48673469387757,15.336734693877588
44.75,24.25,286.55600000000004,13.406000000000063
44.75,24.5,285.0950819672131,11.945081967213127
44.75,25.5,271.97,-1.17999999999995
44.75,25.75,285.37666666666667,12.226666666666688
44.75,27.0,288.28000000000003,15.130000000000052
44.75,27.5,288.58,15.430000000000007
44.75,27.75,283.92926829268293,10.779268292682957
44.75,28.0,288.9207235142119,15.770723514211909
44.75,28.25,293.97291666666666,20.822916666666686
44.75,28.5,292.0970731707317,18.9470731707317
44.75,28.75,287.2103092783505,14.06030927835053
44.75,29.0,279.62105263157895,6.471052631578971
44.75,29.25,280.42542372881354,7.275423728813564
45.0,-1.25,284.84942408376963,11.699424083769657
45.0,-1.0,284.46590078328984,11.315900783289862
45.0,-0.75,286.1393103448276,12.98931034482763
45.0,-0.5,287.2939393939394,14.143939393939434
45.0,-0.25,284.42490842490844,11.27490842490846
45.0,-0.0,283.7303703703704,10.580370370370417
45.0,0.25,280.4286153846154,7.278615384615421
45.0,3.25,281.9557894736842,8.805789473684229
45.0,3.5,281.67155844155843,8.521558441558454
45.0,3.75,280.30411764705883,7.154117647058854
45.0,4.5,280.0392125984252,6.8892125984252175
45.0,4.75,284.83902654867256,11.689026548672587
45.0,5.0,285.4060273972603,12.256027397260311
45.0,5.25,283.87729729729733,10.727297297297355
45.0,5.5,282.18,9.03000000000003
45.0,6.0,269.8219607843137,-3.3280392156862604
45.0,6.25,268.7566101694915,-4.393389830508454
45.0,22.25,284.22222222222223,11.072222222222251
45.0,22.5,283.88,10.730000000000018
45.0,22.75,287.7780516898609,14.62805168986091
45.0,23.0,290.4106033376123,17.260603337612338
45.0,23.25,290.9618806509946,17.811880650994624
45.0,23.5,289.0717994100295,15.921799410029507
45.0,23.75,287.7723541247485,14.62235412474854
45.0,24.0,284.9409756097561,11.790975609756117
45.0,24.25,284.26,11.110000000000014
45.0,24.5,285.0613675213675,11.911367521367538
45.0,24.75,283.40000000000003,10.250000000000057
45.0,25.75,283.8190697674419,10.669069767441897
45.0,26.25,286.0,12.850000000000023
45.0,26.75,290.92135135135135,17.77135135135137
45.0,27.0,292.298,19.148000000000025
45.0,27.25,289.07169642857144,15.921696428571465
45.0,27.5,289.6607272727273,16.51072727272731
45.0,27.75,289.83475,16.684750000000008
45.0,28.0,288.77934210526314,15.629342105263163
45.0,28.25,289.33788235294116,16.187882352941187
45.0,28.5,289.08614525139666,15.936145251396681
45.0,28.75,290.83667282809614,17.686672828096164
45.0,29.0,288.0513924050633,14.901392405063348
45.0,29.25,283.7647692307692,10.614769230769241
45.0,29.5,280.8533333333333,7.703333333333319
45.25,-1.25,285.6435555555555,12.493555555555531
45.25,-1.0,286.00449557522126,12.854495575221279
45.25,-0.75,285.1017391304348,11.951739130434817
45.25,-0.5,288.0028571428571,14.852857142857147
45.25,-0.25,280.1626829268293,7.012682926829314
45.25,-0.0,285.088669527897,11.938669527897048
45.25,0.25,283.485625,10.33562500000005
45.25,0.5,279.93918918918916,6.789189189189187
45.25,3.25,282.14,8.990000000000009
45.25,3.5,279.2817142857143,6.131714285714338
45.25,3.75,278.74265193370167,5.5926519337016884
45.25,4.5,275.6838596491228,2.533859649122803
45.25,4.75,286.2074683544304,13.057468354430398
45.25,5.0,284.9868656716418,11.836865671641817
45.25,5.25,279.826511627907,6.6765116279070185
45.25,5.5,281.8980821917808,8.748082191780838
45.25,5.75,286.16,13.010000000000048
45.25,6.0,270.48,-2.669999999999959
45.25,6.25,268.08206896551724,-5.06793103448274
45.25,12.25,282.56,9.410000000000025
45.25,22.75,284.45258064516133,11.302580645161356
45.25,23.0,282.9634254143647,9.813425414364701
45.25,23.25,289.63701492537314,16.48701492537316
45.25,23.5,288.6597777777778,15.5097777777778
45.25,23.75,284.7676923076923,11.617692307692323
45.25,24.0,279.8002985074627,6.650298507462708
45.25,24.25,284.5141463414634,11.364146341463425
45.25,24.5,285.7792857142857,12.629285714285743
45.25,24.75,286.14,12.990000000000009
45.25,25.0,280.12,6.970000000000027
45.25,25.5,284.48122699386505,11.331226993865073
45.25,25.75,286.01181818181817,12.861818181818194
45.25,26.0,283.93551020408165,10.785510204081675
45.25,26.25,281.16153846153844,8.011538461538464
45.25,26.5,280.284,7.1340000000000146
45.25,26.75,286.8805454545455,13.730545454545506
45.25,27.0,293.18721068249255,20.03721068249257
45.25,27.25,292.2052336448598,19.05523364485981
45.25,27.5,293.01204058624575,19.86204058624577
45.25,27.75,292.8715726290516,19.72157262905165
45.25,28.0,292.28410256410257,19.13410256410259
45.25,28.25,286.2251923076923,13.075192307692305
45.25,28.5,284.940625,11.790625000000034
45.25,28.75,285.92469879518075,12.774698795180768
45.25,29.0,280.96,7.810000000000002
45.25,29.25,283.62099009900993,10.470990099009953
45.25,29.5,284.4268131868132,11.276813186813229
45.25,29.75,282.69563829787234,9.545638297872358
45.5,-1.25,287.2921568627451,14.14215686274514
45.5,-1.0,287.99010482180296,14.840104821802981
45.5,-0.75,286.52398009950247,13.37398009950249
45.5,-0.5,279.615,6.465000000000032
45.5,-0.25,282.66264150943397,9.51264150943399
45.5,-0.0,284.8052866242038,11.655286624203825
45.5,0.25,286.3006425702811,13.15064257028115
45.5,0.5,284.87770925110135,11.727709251101373
45.5,0.75,281.0133333333334,7.863333333333401
45.5,3.75,282.77985714285717,9.62985714285719
45.5,4.0,285.704,12.55400000000003
45.5,4.25,286.2678431372549,13.117843137254908
45.5,4.5,283.87216326530614,10.722163265306165
45.5,4.75,283.3040663900415,10.154066390041521
45.5,5.0,285.23970588235295,12.089705882352973
45.5,5.25,282.74285714285713,9.592857142857156
45.5,5.5,284.14023529411764,10.990235294117667
45.5,6.0,282.8071428571429,9.657142857142901
45.5,13.75,279.86,6.710000000000036
45.5,22.75,286.6667399267399,13.516739926739945
45.5,23.0,285.64142857142855,12.491428571428571
45.5,24.0,281.1565625,8.00656250000003
45.5,24.25,286.90333333333336,13.753333333333387
45.5,26.5,280.355,7.205000000000041
45.5,26.75,279.871875,6.721875000000011
45.5,27.0,290.2491418563923,17.09914185639235
45.5,27.25,294.4647246376812,21.314724637681195
45.5,27.5,296.48457777777776,23.33457777777778
45.5,27.75,295.80870824053454,22.658708240534565
45.5,28.0,293.6070485678705,20.457048567870515
45.5,28.25,289.9611155378486,16.81111553784865
45.5,28.5,288.95528399311536,15.805283993115381
45.5,28.75,287.0241666666667,13.874166666666724
45.5,29.25,286.7707142857143,13.620714285714314
45.5,29.5,286.4402614379085,13.290261437908498
45.5,29.75,280.94625,7.796250000000043
45.75,-1.25,287.189243697479,14.039243697479037
45.75,-1.0,288.49262790697674,15.342627906976759
45.75,-0.75,287.2606047032475,14.110604703247532
45.75,-0.5,282.21414285714286,9.064142857142883
45.75,-0.25,283.25500000000005,10.105000000000075
45.75,-0.0,284.9545299145299,11.804529914529951
45.75,0.25,286.24281150159743,13.092811501597453
45.75,0.5,284.16946341463415,11.019463414634174
45.75,1.25,280.0295238095238,6.879523809523846
45.75,3.0,286.1976923076923,13.04769230769233
45.75,3.25,286.42430107526883,13.274301075268852
45.75,3.5,282.4470476190476,9.297047619047646
45.75,3.75,283.05454545454546,9.904545454545485
45.75,4.0,284.3340350877193,11.184035087719337
45.75,4.25,285.3509090909091,12.200909090909136
45.75,4.5,284.05367647058824,10.903676470588266
45.75,4.75,283.9871681415929,10.83716814159294
45.75,5.0,287.3955456570156,14.245545657015612
45.75,5.25,286.3428378378378,13.192837837837828
45.75,5.5,284.6976435045317,11.54764350453172
45.75,5.75,283.35433962264153,10.204339622641555
45.75,6.0,283.0586956521739,9.908695652173947
45.75,9.5,289.5835,16.433500000000038
45.75,9.75,285.58,12.430000000000007
45.75,10.0,286.1261224489796,12.976122448979595
45.75,10.25,279.9184615384616,6.768461538461622
45.75,10.5,282.1588888888889,9.008888888888919
45.75,10.75,282.99030303030304,9.840303030303062
45.75,13.5,285.6745833333334,12.524583333333396
45.75,13.75,284.13510638297873,10.985106382978756
45.75,23.75,287.0450819672131,13.895081967213116
45.75,24.0,286.1508310991957,13.00083109919575
45.75,24.25,284.809375,11.659375000000011
45.75,26.5,279.1723636363636,6.02236363636365
45.75,26.75,285.845615942029,12.695615942029008
45.75,27.0,291.5647723132969,18.414772313296908
45.75,27.25,295.3011842105263,22.15118421052631
45.75,27.5,299.16715492957746,26.017154929577487
45.75,27.75,298.5076235294118,25.357623529411796
45.75,28.0,294.8612970168612,21.711297016861238
45.75,28.25,290.8416,17.69160000000005
45.75,28.5,291.0267889908257,17.87678899082573
45.75,28.75,283.18,10.03000000000003
45.75,29.0,293.85075471698116,20.70075471698118
45.75,29.25,291.83505376344084,18.685053763440862
45.75,29.5,290.4907692307692,17.34076923076924
45.75,29.75,291.92857142857144,18.778571428571468
45.75,30.0,291.20978723404255,18.059787234042574
45.75,30.25,290.04,16.890000000000043
46.0,-1.5,283.15,10.0
46.0,-1.25,287.5310382513661,14.381038251366135
46.0,-1.0,288.25012517385255,15.100125173852575
46.0,-0.75,286.17224111282843,13.022241112828453
46.0,-0.5,283.8155619596542,10.665561959654212
46.0,-0.25,281.3847474747475,8.234747474747508
46.0,0.25,285.14603773584906,11.996037735849086
46.0,0.5,282.24868421052633,9.098684210526358
46.0,2.75,280.2462068965517,7.096206896551735
46.0,3.0,282.95490384615385,9.804903846153877
46.0,3.25,284.1738095238095,11.023809523809518
46.0,3.5,282.5821374045802,9.432137404580203
46.0,3.75,281.92,8.770000000000039
46.0,4.0,284.109756097561,10.959756097561012
46.0,4.5,282.59555555555556,9.445555555555586
46.0,4.75,286.7234321372855,13.573432137285522
46.0,5.0,285.575306122449,12.425306122449001
46.0,5.25,285.9868204283361,12.836820428336125
46.0,5.5,284.20848484848483,11.058484848484852
46.0,5.75,279.31847328244277,6.16847328244279
46.0,6.0,280.7432142857143,7.593214285714339
46.0,23.5,287.53608391608395,14.386083916083976
46.0,23.75,287.77017632241814,14.62017632241816
46.0,24.0,289.6158312655087,16.46583126550871
46.0,24.25,283.74,10.590000000000032
46.0,24.5,282.9745454545455,9.8245454545455
46.0,24.75,282.62,9.470000000000027
46.0,26.5,280.9215254237288,7.771525423728804
46.0,26.75,287.95442982456143,14.804429824561453
46.0,27.0,292.83257692307694,19.682576923076965
46.0,27.25,295.36136363636365,22.21136363636367
46.0,27.5,296.7717725752508,23.621772575250816
46.0,27.75,295.80457757296466,22.654577572964683
46.0,28.0,292.82341401273885,19.673414012738874
46.0,28.25,292.714243902439,19.564243902439046
46.0,28.5,289.6459375,16.495937500000025
46.0,28.75,288.7304761904762,15.580476190476247
46.0,29.0,294.4064427480916,21.256442748091615
46.0,29.25,294.58961904761907,21.43961904761909
46.0,29.5,292.15346534653463,19.003465346534654
46.0,29.75,295.7981909547739,22.648190954773895
46.0,30.0,298.51876418663306,25.368764186633086
46.0,30.25,298.2260130718954,25.07601307189543
46.0,30.5,293.6384615384615,20.488461538461536
46.25,-1.5,288.09111111111116,14.941111111111184
46.25,-1.25,288.50081218274113,15.350812182741151
46.25,-1.0,286.9243606998654,13.77436069986544
46.25,-0.75,286.2372566371682,13.087256637168196
46.25,-0.5,284.61971830985914,11.46971830985916
46.25,-0.25,283.66820809248554,10.518208092485565
46.25,0.25,281.09377245508983,7.9437724550898565
46.25,0.5,280.64871794871794,7.498717948717967
46.25,1.5,284.66422857142857,11.514228571428589
46.25,1.75,281.54115384615386,8.391153846153884
46.25,2.75,281.8,8.650000000000034
46.25,3.0,282.39727748691104,9.24727748691106
46.25,3.25,279.3775757575758,6.227575757575835
46.25,3.5,283.99757575757576,10.847575757575783
46.25,3.75,281.05176470588236,7.901764705882385
46.25,4.25,282.98,9.830000000000041
46.25,4.5,282.7327536231884,9.58275362318841
46.25,4.75,285.20788079470196,12.057880794701987
46.25,5.0,285.3838436482085,12.233843648208506
46.25,5.25,286.17477966101694,13.024779661016964
46.25,5.5,281.2663157894737,8.116315789473731
46.25,5.75,280.7008,7.550800000000038
46.25,6.0,282.82722222222225,9.67722222222227
46.25,8.25,275.178125,2.0281250000000455
46.25,8.75,282.7084210526316,9.558421052631616
46.25,23.5,287.511797752809,14.361797752809025
46.25,23.75,289.1562406015037,16.006240601503748
46.25,24.0,290.98979591836735,17.839795918367372
46.25,24.5,283.32772727272726,10.177727272727282
46.25,24.75,283.76,10.610000000000014
46.25,26.25,280.79045454545457,7.640454545454588
46.25,26.5,282.9284816753927,9.778481675392698
46.25,26.75,290.19720754716985,17.047207547169876
46.25,27.0,294.5540157480315,21.404015748031497
46.25,27.25,293.1990243902439,20.049024390243915
46.25,27.5,296.4954814814815,23.3454814814815
46.25,27.75,298.2580586907449,25.10805869074494
46.25,28.0,294.8641046831956,21.714104683195615
46.25,28.25,294.8208888888889,21.670888888888896
46.25,28.5,289.9875,16.837500000000034
46.25,28.75,293.74597014925376,20.595970149253787
46.25,29.0,294.51823038397333,21.368230383973355
46.25,29.25,294.1806603773585,21.030660377358515
46.25,29.5,295.5280158730159,22.378015873015897
46.25,29.75,298.0509973753281,24.90099737532813
46.25,30.0,298.4888055555556,25.33880555555561
46.25,30.25,295.131167192429,21.98116719242904
46.25,30.5,297.9719723183391,24.821972318339135
46.25,30.75,295.35923076923075,22.20923076923077
46.25,31.75,283.28000000000003,10.130000000000052
46.5,-1.75,286.9977728285078,13.8477728285078
46.5,-1.5,285.8142913385827,12.6642913385827
46.5,-1.25,286.0611518324607,12.911151832460746
46.5,-1.0,285.33533026113673,12.185330261136755
46.5,-0.75,286.17424731182797,13.024247311827992
46.5,-0.5,285.81919266055047,12.669192660550493
46.5,-0.25,283.9717647058824,10.821764705882401
46.5,0.25,283.8299248120301,10.679924812030094
46.5,0.5,280.5787755102041,7.428775510204105
46.5,0.75,276.535,3.3850000000000477
46.5,1.5,284.33182795698923,11.181827956989252
46.5,1.75,279.56125000000003,6.411250000000052
46.5,2.5,286.0284153005465,12.878415300546521
46.5,2.75,284.8472580645161,11.69725806451612
46.5,3.5,282.3457142857143,9.195714285714303
46.5,3.75,279.91764705882355,6.76764705882357
46.5,4.25,285.7810204081633,12.631020408163295
46.5,4.5,285.25373970345964,12.103739703459667
46.5,4.75,284.4859504132232,11.335950413223202
46.5,5.0,285.47843137254904,12.328431372549062
46.5,5.25,284.6972631578948,11.547263157894804
46.5,5.5,284.1416363636364,10.991636363636417
46.5,5.75,279.86901408450706,6.71901408450708
46.5,8.25,267.1646153846154,-5.985384615384589
46.5,8.5,269.36400000000003,-3.7859999999999445
46.5,23.5,288.7877685950413,15.637768595041337
46.5,23.75,288.02026315789476,14.870263157894783
46.5,24.0,291.07881355932204,17.928813559322066
46.5,24.25,285.76,12.610000000000014
46.5,25.5,281.27,8.120000000000005
46.5,25.75,283.1948717948718,10.044871794871824
46.5,26.0,285.30942528735636,12.159425287356385
46.5,26.25,283.5235211267606,10.373521126760636
46.5,26.5,286.18285714285713,13.032857142857154
46.5,26.75,287.935,14.785000000000025
46.5,27.25,293.6125925925926,20.462592592592614
46.5,27.5,295.3208356545961,22.170835654596146
46.5,27.75,295.82494267515926,22.674942675159286
46.5,28.0,298.13775147928993,24.987751479289955
46.5,28.25,294.3225048169557,21.172504816955723
46.5,28.5,289.17846153846153,16.028461538461556
46.5,28.75,291.568904109589,18.41890410958905
46.5,29.0,294.57735338345867,21.427353383458694
46.5,29.25,295.101036036036,21.951036036036044
46.5,29.5,295.483058419244,22.333058419244026
46.5,29.75,297.3550656934307,24.205065693430697
46.5,30.0,294.86177464788733,21.711774647887353
46.5,30.25,297.09178255372944,23.941782553729468
46.5,30.5,300.13975,26.989750000000015
46.5,30.75,294.8718677042802,21.721867704280214
46.5,31.0,297.3418947368421,24.19189473684213
46.5,31.25,295.196551724138,22.046551724138
46.5,31.5,285.7086956521739,12.558695652173924
46.5,31.75,288.13293103448274,14.98293103448276
46.5,32.0,289.12470588235294,15.974705882352964
46.5,32.25,289.932,16.78200000000004
46.75,-2.25,281.1888888888889,8.038888888888948
46.75,-2.0,286.2693888888889,13.11938888888892
46.75,-1.75,285.2249822064057,12.074982206405707
46.75,-1.5,284.6098253275109,11.459825327510941
46.75,-1.25,285.8923603603604,12.742360360360408
46.75,-1.0,283.0576229508197,9.9076229508197
46.75,-0.75,284.552722513089,11.402722513089032
46.75,-0.5,281.72462585034015,8.574625850340169
46.75,0.25,285.2434285714286,12.093428571428603
46.75,0.5,283.6481967213115,10.498196721311501
46.75,0.75,277.315,4.1650000000000205
46.75,1.5,281.8662962962963,8.71629629629632
46.75,1.75,281.0174358974359,7.867435897435939
46.75,2.0,283.385,10.235000000000014
46.75,2.5,285.99176470588236,12.841764705882383
46.75,2.75,284.9175609756098,11.767560975609797
46.75,3.0,281.79348837209307,8.643488372093088
46.75,3.25,276.34000000000003,3.1900000000000546
46.75,3.5,281.94,8.79000000000002
46.75,4.0,283.3447058823529,10.194705882352935
46.75,4.25,285.2242883548983,12.074288354898329
46.75,4.5,285.1215425531915,11.971542553191512
46.75,4.75,284.2302325581395,11.080232558139528
46.75,5.0,284.54030303030305,11.390303030303073
46.75,5.25,283.9399107142857,10.789910714285725
46.75,5.5,284.9404608294931,11.7904608294931
46.75,5.75,283.0524637681159,9.902463768115922
46.75,6.5,282.26,9.110000000000014
46.75,8.0,260.0,-13.149999999999977
46.75,8.5,259.52,-13.629999999999995
46.75,17.75,287.01599999999996,13.865999999999985
46.75,18.0,289.38348484848484,16.233484848484864
46.75,18.25,288.00166666666667,14.851666666666688
46.75,19.5,289.8885714285714,16.738571428571447
46.75,19.75,291.0284210526316,17.87842105263161
46.75,20.0,288.54,15.390000000000043
46.75,25.25,280.70216216216215,7.552162162162176
46.75,25.5,286.9100740740741,13.760074074074112
46.75,25.75,284.5323913043478,11.382391304347834
46.75,26.0,283.63077747989274,10.480777479892765
46.75,26.25,283.16550458715597,10.015504587155988
46.75,26.5,291.3621428571429,18.212142857142908
46.75,26.75,296.16526315789474,23.015263157894765
46.75,27.0,297.412,24.262
46.75,27.25,296.9277272727273,23.777727272727304
46.75,27.5,297.51315403422984,24.363154034229865
46.75,27.75,299.9413793103448,26.791379310344837
46.75,28.0,298.6986084905661,25.548608490566096
46.75,28.25,293.37046218487393,20.220462184873952
46.75,28.5,289.04072538860106,15.890725388601084
46.75,28.75,291.52467043314505,18.37467043314507
46.75,29.0,293.3607456724368,20.210745672436815
46.75,29.25,296.8667380952381,23.7167380952381
46.75,29.5,296.8942637644046,23.74426376440465
46.75,29.75,296.42789099526067,23.27789099526069
46.75,30.0,297.2566898148148,24.106689814814843
46.75,30.25,299.9937834691502,26.843783469150196
46.75,30.5,296.7169653524492,23.566965352449245
46.75,30.75,300.6374537037037,27.48745370370375
46.75,31.0,302.0767227833894,28.926722783389437
46.75,31.25,298.3571812080537,25.207181208053726
46.75,31.5,297.816832460733,24.66683246073302
46.75,31.75,298.4940914419695,25.34409144196951
46.75,32.0,293.758785942492,20.608785942492034
46.75,32.25,292.6528181818182,19.502818181818213
46.75,32.5,287.1,13.950000000000045
46.75,32.75,286.36,13.210000000000036
46.75,33.0,281.48857142857145,8.33857142857147
47.0,-2.25,283.25076923076927,10.100769230769288
47.0,-2.0,285.52167800453515,12.37167800453517
47.0,-1.75,284.56701298701296,11.417012987012981
47.0,-1.5,284.1534146341464,11.003414634146395
47.0,-1.25,279.8129411764706,6.662941176470611
47.0,-0.75,282.7508958837773,9.600895883777298
47.0,-0.5,280.18198952879584,7.031989528795862
47.0,-0.25,278.26,5.110000000000014
47.0,0.25,284.72475,11.574749999999995
47.0,0.5,284.67267796610173,11.522677966101753
47.0,1.5,283.3099663299663,10.159966329966323
47.0,1.75,281.9373387096774,8.787338709677442
47.0,2.5,281.688,8.538000000000011
47.0,2.75,283.7193103448276,10.569310344827613
47.0,3.0,282.6466666666667,9.496666666666727
47.0,3.25,285.03521126760563,11.885211267605655
47.0,3.5,278.99875000000003,5.848750000000052
47.0,3.75,282.8,9.650000000000034
47.0,4.0,283.07773643410854,9.927736434108567
47.0,4.25,284.4699545454545,11.31995454545455
47.0,4.5,283.33737827715356,10.187378277153584
47.0,4.75,282.93041095890413,9.780410958904156
47.0,5.0,283.98565789473685,10.835657894736869
47.0,5.25,283.85655737704917,10.706557377049194
47.0,5.5,281.73520833333333,8.585208333333355
47.0,5.75,282.76525490196076,9.615254901960782
47.0,6.0,280.97809523809525,7.828095238095273
47.0,6.25,280.67740740740743,7.527407407407452
47.0,15.75,285.64,12.490000000000009
47.0,16.0,288.0290196078431,14.879019607843134
47.0,16.5,287.073125,13.923125000000027
47.0,17.75,288.4911290322581,15.341129032258095
47.0,18.0,287.76287878787883,14.612878787878856
47.0,18.25,288.1756756756757,15.0256756756757
47.0,20.0,290.5788888888889,17.428888888888935
47.0,20.25,290.41169811320754,17.261698113207558
47.0,25.25,280.84000000000003,7.690000000000055
47.0,25.5,278.88500000000005,5.7350000000000705
47.0,25.75,282.5729927007299,9.422992700729935
47.0,26.0,285.598488372093,12.448488372093038
47.0,26.25,289.1257024793388,15.97570247933885
47.0,26.5,294.11386138613864,20.96386138613866
47.0,26.75,296.10498360655737,22.95498360655739
47.0,27.0,298.2752156862745,25.125215686274544
47.0,27.25,296.01248097412486,22.86248097412488
47.0,27.5,296.8929120879121,23.742912087912146
47.0,27.75,293.2305316455696,20.080531645569636
47.0,28.0,296.896052141527,23.746052141527002
47.0,28.25,291.21049999999997,18.06049999999999
47.0,28.5,284.52198830409355,11.371988304093577
47.0,28.75,291.8343922204214,18.684392220421444
47.0,29.0,295.04569696969696,21.895696969696985
47.0,29.25,293.21066666666667,20.06066666666669
47.0,29.5,296.7295712630359,23.579571263035916
47.0,29.75,298.011261682243,24.861261682243025
47.0,30.0,299.46104444444444,26.311044444444462
47.0,30.25,300.4588,27.30880000000002
47.0,30.5,300.5190804597701,27.369080459770146
47.0,30.75,302.82787810383746,29.677878103837486
47.0,31.0,299.92645161290324,26.77645161290326
47.0,31.25,301.4852888888889,28.335288888888897
47.0,31.5,300.5682888888889,27.418288888888924
47.0,31.75,298.4722234891676,25.32222348916764
47.0,32.0,294.4580620155039,21.308062015503936
47.0,32.25,295.06009039548024,21.910090395480267
47.0,32.5,293.42624060150376,20.276240601503787
47.0,32.75,291.69863799283155,18.548637992831573
47.0,33.0,291.7277419354839,18.577741935483914
47.0,33.25,290.908,17.758000000000038
47.25,-3.25,285.98400000000004,12.83400000000006
47.25,-3.0,284.50620689655176,11.356206896551782
47.25,-2.5,288.15560000000005,15.005600000000072
47.25,-2.25,285.94355,12.793550000000039
47.25,-2.0,283.9927419354839,10.8427419354839
47.25,-1.75,285.49844210526317,12.348442105263189
47.25,-1.5,284.9607079646018,11.810707964601818
47.25,-1.25,283.45550000000003,10.305500000000052
47.25,-1.0,282.6008510638298,9.450851063829816
47.25,-0.75,282.3708510638298,9.220851063829798
47.25,-0.5,285.008173455979,11.858173455979
47.25,-0.25,279.2185714285714,6.068571428571431
47.25,0.25,284.04935593220335,10.899355932203378
47.25,0.5,283.6435545023697,10.493554502369705
47.25,0.75,281.27000000000004,8.120000000000061
47.25,1.25,280.63157894736844,7.481578947368462
47.25,1.5,283.93704797047974,10.787047970479762
47.25,1.75,280.02714285714285,6.877142857142871
47.25,2.5,282.2583720930233,9.10837209302332
47.25,2.75,282.06631578947366,8.916315789473686
47.25,3.0,284.2252941176471,11.075294117647104
47.25,3.25,282.0944827586207,8.944482758620723
47.25,3.5,283.21593908629444,10.065939086294463
47.25,3.75,283.2808695652174,10.130869565217438
47.25,4.0,283.5455588235294,10.395558823529427
47.25,4.25,282.3233333333333,9.173333333333346
47.25,4.5,282.15604651162795,9.006046511627972
47.25,4.75,280.08761904761906,6.93761904761908
47.25,5.0,278.5,5.350000000000023
47.25,5.25,280.5258823529412,7.3758823529412325
47.25,5.5,282.2497472924188,9.09974729241884
47.25,5.75,284.4086507936508,11.258650793650816
47.25,6.0,280.545625,7.3956249999999955
47.25,6.25,280.17659574468087,7.02659574468089
47.25,15.75,288.4777777777778,15.32777777777784
47.25,16.0,289.3353846153846,16.185384615384635
47.25,16.25,289.86452830188676,16.714528301886787
47.25,16.5,290.8070989761092,17.65709897610924
47.25,16.75,290.81386934673367,17.66386934673369
47.25,17.0,288.75666666666666,15.606666666666683
47.25,17.25,289.14,15.990000000000009
47.25,17.5,288.4,15.25
47.25,17.75,285.7924324324324,12.642432432432429
47.25,18.0,290.026875,16.87687500000004
47.25,18.25,292.234944,19.084944000000007
47.25,18.5,291.06870466321243,17.918704663212452
47.25,18.75,290.78269230769234,17.632692307692366
47.25,19.0,291.48833333333334,18.338333333333367
47.25,19.5,292.19222222222226,19.04222222222228
47.25,20.25,290.18444444444447,17.03444444444449
47.25,25.25,280.5895238095238,7.439523809523848
47.25,25.75,283.4883501683502,10.338350168350246
47.25,26.0,282.62613861386143,9.476138613861451
47.25,26.25,283.5623076923077,10.412307692307706
47.25,26.5,287.61571428571426,14.465714285714284
47.25,26.75,289.1545454545454,16.00454545454545
47.25,27.0,292.1223809523809,18.972380952380945
47.25,27.25,296.55910112359555,23.409101123595576
47.25,27.5,299.9754430379747,26.825443037974708
47.25,27.75,298.6787644787645,25.528764478764515
47.25,28.0,293.0048818897638,19.854881889763817
47.25,28.25,288.61867647058824,15.468676470588264
47.25,28.5,290.5252793834297,17.3752793834297
47.25,28.75,293.0713787638669,19.921378763866926
47.25,29.0,294.9847801578354,21.83478015783544
47.25,29.25,297.1591166477916,24.009116647791643
47.25,29.5,299.0611333333334,25.911133333333396
47.25,29.75,299.89391111111115,26.743911111111174
47.25,30.0,300.65764444444443,27.507644444444452
47.25,30.25,300.6534,27.5034
47.25,30.5,298.3839772727273,25.233977272727316
47.25,30.75,297.58088888888886,24.430888888888887
47.25,31.0,296.8540691192866,23.7040691192866
47.25,31.25,299.1675333333334,26.017533333333404
47.25,31.5,298.5327111111111,25.38271111111112
47.25,31.75,297.4683446712018,24.318344671201828
47.25,32.0,298.1014285714286,24.951428571428607
47.25,32.25,296.0985053380783,22.94850533807835
47.25,32.5,293.4967575757576,20.346757575757636
47.25,32.75,293.18726890756307,20.03726890756309
47.25,33.0,293.4266666666667,20.2766666666667
47.5,-3.25,284.704347826087,11.554347826086996
47.5,-3.0,283.4859574468085,10.33595744680855
47.5,-2.75,286.0279279279279,12.877927927927942
47.5,-2.5,285.2485945945946,12.098594594594601
47.5,-2.25,285.6869432314411,12.536943231441114
47.5,-2.0,284.07826315789475,10.928263157894776
47.5,-1.75,283.6025,10.452500000000043
47.5,-1.5,284.8172727272727,11.667272727272746
47.5,-1.25,282.51,9.360000000000014
47.5,-1.0,285.059140625,11.90914062500002
47.5,-0.75,282.7340234375,9.584023437500036
47.5,-0.5,285.0296308186196,11.879630818619603
47.5,-0.25,284.25302702702703,11.103027027027053
47.5,-0.0,285.316,12.165999999999997
47.5,0.25,285.2011675126904,12.051167512690427
47.5,0.5,284.6700293255132,11.520029325513235
47.5,0.75,281.7315,8.581500000000005
47.5,1.0,280.1460215053764,6.9960215053764045
47.5,1.25,285.0076041666667,11.857604166666704
47.5,1.5,286.0930474040632,12.943047404063236
47.5,1.75,284.8607407407407,11.710740740740732
47.5,2.0,282.6719298245614,9.521929824561425
47.5,2.25,281.7325,8.582500000000039
47.5,2.5,283.873381294964,10.723381294964042
47.5,2.75,282.83302325581394,9.683023255813964
47.5,3.0,284.1173604060914,10.967360406091416
47.5,3.25,283.7904392764858,10.640439276485836
47.5,3.5,283.4518232044199,10.301823204419918
47.5,3.75,283.64690721649487,10.49690721649489
47.5,4.0,285.35630831643005,12.206308316430068
47.5,4.25,283.0166037735849,9.866603773584927
47.5,4.5,282.17333333333335,9.023333333333369
47.5,4.75,281.8095238095238,8.659523809523819
47.5,5.0,276.34000000000003,3.1900000000000546
47.5,5.25,281.59824817518245,8.44824817518247
47.5,5.5,283.9745844504022,10.824584450402199
47.5,5.75,281.9261428571429,8.77614285714293
47.5,6.0,281.8758181818182,8.725818181818227
47.5,6.25,282.586,9.436000000000035
47.5,16.0,287.654748603352,14.504748603352027
47.5,16.25,287.71653631284914,14.566536312849166
47.5,16.5,289.8391414141414,16.68914141414143
47.5,16.75,291.0804335260116,17.930433526011598
47.5,17.0,289.74656319290466,16.596563192904682
47.5,17.25,290.0238139534884,16.873813953488423
47.5,17.5,291.21709876543207,18.067098765432092
47.5,17.75,290.5895983935743,17.43959839357433
47.5,18.0,290.7666265060241,17.616626506024147
47.5,18.25,290.5658181818182,17.415818181818224
47.5,18.5,291.02,17.870000000000005
47.5,18.75,289.7352941176471,16.585294117647095
47.5,19.0,291.6936559139785,18.54365591397851
47.5,19.25,293.62333333333333,20.473333333333358
47.5,19.5,292.45706093189966,19.307060931899684
47.5,19.75,292.11826086956523,18.968260869565256
47.5,20.0,293.22333333333336,20.07333333333338
47.5,25.0,280.12857142857143,6.978571428571456
47.5,25.25,282.4331707317073,9.283170731707344
47.5,25.5,283.5357037037037,10.385703703703712
47.5,25.75,285.28728862973765,12.137288629737668
47.5,26.0,289.03302083333335,15.883020833333376
47.5,26.25,294.16794520547944,21.017945205479464
47.5,26.5,295.36677367576243,22.216773675762454
47.5,26.75,293.1812386706949,20.031238670694904
47.5,27.0,299.29093289689035,26.140932896890376
47.5,27.25,301.5473666666667,28.3973666666667
47.5,27.5,296.1812058212058,23.031205821205845
47.5,27.75,299.2259838274933,26.075983827493303
47.5,28.0,297.5239705882353,24.373970588235295
47.5,28.25,291.42315789473685,18.27315789473687
47.5,28.5,296.4160335195531,23.266033519553105
47.5,28.75,301.1464810690423,27.996481069042318
47.5,29.0,298.6425253664036,25.49252536640364
47.5,29.25,297.29170285714287,24.14170285714289
47.5,29.5,298.8102888888889,25.660288888888942
47.5,29.75,299.9763555555556,26.826355555555608
47.5,30.0,300.3680444444444,27.218044444444445
47.5,30.25,298.9238042269188,25.7738042269188
47.5,30.5,294.09018604651163,20.940186046511656
47.5,30.75,294.42622222222224,21.27622222222226
47.5,31.0,298.33340022296545,25.183400222965474
47.5,31.25,297.4347661469933,24.28476614699332
47.5,31.5,297.19211111111116,24.042111111111183
47.5,31.75,298.16594654788423,25.015946547884255
47.5,32.0,298.7734192037471,25.62341920374712
47.5,32.25,297.49659574468086,24.346595744680883
47.5,32.5,296.08870175438597,22.93870175438599
47.5,32.75,294.8488970588235,21.698897058823547
47.5,33.0,292.87710594315246,19.72710594315248
47.5,33.25,293.3228193832599,20.172819383259935
47.5,33.5,294.6588235294118,21.508823529411814
47.75,-4.25,283.2015730337079,10.051573033707939
47.75,-4.0,283.69454545454545,10.54454545454547
47.75,-3.75,286.0831067961165,12.933106796116533
47.75,-3.5,286.47965367965367,13.329653679653688
47.75,-3.25,286.07871698113206,12.928716981132084
47.75,-3.0,284.1057777777778,10.955777777777826
47.75,-2.75,284.68683636363636,11.536836363636382
47.75,-2.5,283.7798910081744,10.629891008174411
47.75,-2.25,280.257696969697,7.107696969697031
47.75,-2.0,280.888,7.7379999999999995
47.75,-1.75,282.50127272727275,9.351272727272772
47.75,-1.5,279.59333333333336,6.443333333333385
47.75,-1.25,284.19511312217196,11.045113122171983
47.75,-1.0,285.6405586592179,12.490558659217925
47.75,-0.75,281.6702040816327,8.520204081632698
47.75,-0.5,283.03891089108913,9.888910891089154
47.75,-0.25,284.5056730769231,11.355673076923097
47.75,-0.0,282.5077272727273,9.357727272727345
47.75,0.25,284.9775487465181,11.827548746518119
47.75,0.5,282.46627450980395,9.316274509803975
47.75,0.75,283.21973684210525,10.069736842105272
47.75,1.0,284.67824,11.52824000000004
47.75,1.25,285.6258369098713,12.475836909871305
47.75,1.5,284.2179838709677,11.067983870967737
47.75,1.75,282.99005524861883,9.840055248618853
47.75,2.0,284.7768711656442,11.626871165644218
47.75,2.25,284.1727167630058,11.022716763005803
47.75,2.5,284.4663157894737,11.31631578947372
47.75,2.75,280.3,7.150000000000034
47.75,3.0,285.18944000000005,12.03944000000007
47.75,3.25,285.7160591133005,12.566059113300525
47.75,3.5,286.60867132867133,13.458671328671358
47.75,3.75,287.0042342342342,13.85423423423424
47.75,4.0,285.2556766256591,12.1056766256591
47.75,4.25,282.77755932203394,9.62755932203396
47.75,4.5,282.988275862069,9.838275862068997
47.75,4.75,281.3955555555556,8.245555555555597
47.75,5.0,279.99111111111114,6.841111111111161
47.75,5.25,281.68800000000005,8.538000000000068
47.75,5.5,282.5258426966292,9.375842696629206
47.75,6.0,282.97816326530614,9.82816326530616
47.75,6.25,283.8652244897959,10.7152244897959
47.75,6.5,281.56333333333333,8.413333333333355
47.75,15.75,285.7151724137931,12.565172413793107
47.75,16.0,288.8756355932203,15.725635593220318
47.75,16.25,288.12187214611873,14.971872146118756
47.75,16.5,288.47135446685877,15.321354466858793
47.75,16.75,287.0215789473684,13.871578947368448
47.75,17.0,291.08029294274303,17.93029294274305
47.75,17.25,292.15842931937175,19.00842931937177
47.75,17.5,292.65607934655776,19.506079346557783
47.75,17.75,292.5196083231334,19.369608323133434
47.75,18.0,292.6547215496368,19.504721549636827
47.75,18.25,292.5760246533128,19.426024653312822
47.75,18.5,291.8498573692552,18.6998573692552
47.75,18.75,292.0148953974895,18.864895397489533
47.75,19.0,291.51748031496066,18.367480314960687
47.75,19.25,292.665306122449,19.515306122449033
47.75,19.5,291.77164835164837,18.62164835164839
47.75,19.75,288.9923076923077,15.842307692307713
47.75,20.0,288.4959322033899,15.345932203389907
47.75,20.25,290.90000000000003,17.750000000000057
47.75,25.0,282.0953153153153,8.945315315315327
47.75,25.25,284.88,11.730000000000018
47.75,25.5,284.65026881720433,11.500268817204358
47.75,25.75,288.69361256544505,15.543612565445073
47.75,26.0,293.4940654205608,20.34406542056081
47.75,26.25,292.9539267015707,19.80392670157073
47.75,26.5,296.35050279329613,23.200502793296153
47.75,26.75,299.0814905450501,25.93149054505011
47.75,27.0,299.5961555555555,26.44615555555555
47.75,27.25,301.489552572707,28.33955257270702
47.75,27.5,302.30901785714286,29.159017857142885
47.75,27.75,297.25384615384615,24.103846153846177
47.75,28.25,295.783679245283,22.63367924528302
47.75,28.5,297.44775413711585,24.297754137115874
47.75,28.75,300.56600000000003,27.416000000000054
47.75,29.0,300.35142222222225,27.201422222222277
47.75,29.25,299.7367111111111,26.58671111111113
47.75,29.5,299.0989777777778,25.948977777777827
47.75,29.75,298.2589111111111,25.108911111111127
47.75,30.0,297.007,23.857000000000028
47.75,30.25,296.0086888888889,22.858688888888935
47.75,30.5,293.87928730512255,20.72928730512257
47.75,30.75,295.76193333333333,22.611933333333354
47.75,31.0,297.71097777777777,24.560977777777794
47.75,31.25,298.15113333333335,25.00113333333337
47.75,31.5,299.81960000000004,26.66960000000006
47.75,31.75,300.1734451901566,27.02344519015662
47.75,32.0,297.0795006242197,23.929500624219713
47.75,32.25,292.8435242290749,19.69352422907491
47.75,32.5,295.23442708333334,22.084427083333367
47.75,32.75,297.74535286284953,24.595352862849552
47.75,33.0,296.55646896551724,23.406468965517263
47.75,33.25,293.74727969348663,20.597279693486655
48.0,-4.75,282.73066666666665,9.580666666666673
48.0,-4.5,285.668131147541,12.518131147540998
48.0,-4.25,285.12775347912526,11.977753479125283
48.0,-4.0,284.3201724137931,11.170172413793125
48.0,-3.75,282.0926666666667,8.942666666666696
48.0,-3.5,284.40828087167074,11.258280871670763
48.0,-3.25,284.64246073298426,11.492460732984284
48.0,-3.0,284.7092972972973,11.559297297297348
48.0,-2.75,285.4383972125436,12.2883972125436
48.0,-2.5,283.6675,10.517500000000041
48.0,-2.25,281.5993650793651,8.449365079365123
48.0,-2.0,280.7685483870968,7.618548387096837
48.0,-1.75,284.73962962962963,11.589629629629655
48.0,-1.5,278.96675675675675,5.816756756756774
48.0,-1.25,283.51675213675213,10.366752136752154
48.0,-1.0,283.03144859813085,9.881448598130874
48.0,-0.75,280.9840983606557,7.83409836065573
48.0,-0.5,286.2812658227848,13.131265822784826
48.0,-0.25,285.2414814814815,12.091481481481537
48.0,-0.0,285.59065217391304,12.440652173913065
48.0,0.25,286.9902272727273,13.840227272727304
48.0,0.5,282.20316666666673,9.053166666666755
48.0,0.75,281.32013698630135,8.170136986301372
48.0,1.0,284.73698795180724,11.58698795180726
48.0,1.25,283.5057803468208,10.355780346820836
48.0,1.5,285.9066352941177,12.7566352941177
48.0,1.75,285.2813654618474,12.131365461847395
48.0,2.0,280.8,7.650000000000034
48.0,2.25,286.0609756097561,12.910975609756122
48.0,2.5,287.1806748466258,14.0306748466258
48.0,2.75,285.33613899613897,12.186138996138993
48.0,3.0,286.99216326530615,13.84216326530617
48.0,3.25,285.51499111900534,12.364991119005367
48.0,3.5,285.841143847487,12.691143847487012
48.0,3.75,285.72865822784814,12.578658227848166
48.0,4.0,285.42660130718957,12.276601307189594
48.0,4.25,282.9003846153846,9.750384615384633
48.0,4.5,284.6152380952381,11.465238095238135
48.0,4.75,280.85571428571427,7.7057142857142935
48.0,5.0,281.08671140939595,7.9367114093959685
48.0,5.25,282.89395744680854,9.743957446808565
48.0,5.5,281.49591160220996,8.34591160220998
48.0,5.75,279.64,6.490000000000009
48.0,6.0,283.118125,9.968125000000043
48.0,6.25,282.67904761904765,9.529047619047674
48.0,16.25,291.55454545454546,18.404545454545485
48.0,16.5,288.07553488372093,14.925534883720957
48.0,16.75,290.0930756302521,16.94307563025211
48.0,17.0,291.808389261745,18.658389261745015
48.0,17.25,291.4927919911012,18.34279199110125
48.0,17.5,292.3254994388328,19.175499438832844
48.0,17.75,292.94175946547887,19.79175946547889
48.0,18.0,293.9353897550111,20.785389755011124
48.0,18.25,293.79035555555555,20.640355555555573
48.0,18.5,293.8156991774383,20.66569917743834
48.0,18.75,292.94425855513305,19.79425855513307
48.0,19.0,292.4279608482871,19.277960848287137
48.0,19.25,293.59568627450983,20.445686274509853
48.0,19.5,290.1698666666667,17.0198666666667
48.0,19.75,286.38,13.230000000000018
48.0,20.0,288.0791666666667,14.929166666666731
48.0,20.25,290.02,16.870000000000005
48.0,24.75,281.22962962962964,8.079629629629665
48.0,25.0,288.01314285714284,14.863142857142861
48.0,25.25,285.45506053268764,12.305060532687662
48.0,25.5,288.1885346215781,15.038534621578151
48.0,25.75,291.9673181818182,18.817318181818223
48.0,26.0,294.2984834123223,21.14848341232232
48.0,26.25,294.187809307605,21.037809307605016
48.0,26.5,297.767062937063,24.617062937062997
48.0,26.75,299.1229595375723,25.972959537572308
48.0,27.0,299.6522149410223,26.502214941022316
48.0,27.25,300.3791454965358,27.229145496535807
48.0,27.5,299.8001390498262,26.650139049826237
48.0,27.75,295.11811965811967,21.96811965811969
48.0,28.0,293.3333333333333,20.183333333333337
48.0,28.25,294.6589189189189,21.508918918918937
48.0,28.5,296.7693803159174,23.619380315917397
48.0,28.75,299.92180400890874,26.77180400890876
48.0,29.0,298.02240000000006,24.872400000000084
48.0,29.25,298.1280222222222,24.97802222222225
48.0,29.5,296.71268888888886,23.562688888888886
48.0,29.75,296.55522222222226,23.405222222222278
48.0,30.0,296.1338444444445,22.983844444444514
48.0,30.25,296.12333333333333,22.973333333333358
48.0,30.5,297.0257555555555,23.875755555555543
48.0,30.75,296.6636445444319,23.51364454443194
48.0,31.0,299.34268888888886,26.19268888888888
48.0,31.25,301.01702222222224,27.86702222222226
48.0,31.5,300.5406888888889,27.390688888888917
48.0,31.75,300.2073496659243,27.057349665924335
48.0,32.0,300.55297071129706,27.402970711297087
48.0,32.25,297.59828451882845,24.448284518828473
48.0,32.5,298.18330601092896,25.033306010928982
48.0,32.75,296.6614465408805,23.511446540880513
48.0,33.0,297.1102362204724,23.96023622047244
48.0,33.25,292.33191111111114,19.181911111111162
48.25,-4.5,280.24,7.090000000000032
48.25,-4.25,284.8625806451613,11.712580645161324
48.25,-4.0,284.148,10.998000000000047
48.25,-3.75,282.42269230769233,9.272692307692353
48.25,-3.5,283.8620111731844,10.712011173184408
48.25,-3.25,284.3079452054794,11.15794520547945
48.25,-3.0,283.1685167464115,10.018516746411535
48.25,-2.75,281.99468468468467,8.844684684684694
48.25,-2.5,279.6742857142857,6.524285714285725
48.25,-2.25,281.42962686567165,8.279626865671673
48.25,-2.0,286.26245810055866,13.112458100558683
48.25,-1.75,284.56969696969696,11.419696969696986
48.25,-1.5,281.3224175824176,8.172417582417609
48.25,-1.0,284.77385826771655,11.623858267716571
48.25,-0.75,282.31714285714287,9.167142857142892
48.25,-0.5,287.276,14.126000000000033
48.25,-0.25,285.0749235474006,11.924923547400624
48.25,-0.0,285.0986060606061,11.948606060606096
48.25,0.25,286.84548323471404,13.695483234714061
48.25,0.5,286.56940000000003,13.419400000000053
48.25,1.0,282.8156363636364,9.665636363636395
48.25,1.25,283.68673469387755,10.536734693877577
48.25,1.5,284.95847780126854,11.808477801268566
48.25,1.75,283.89931623931625,10.749316239316272
48.25,2.5,287.65939849624056,14.509398496240578
48.25,2.75,287.47285123966947,14.32285123966949
48.25,3.0,285.2860248447205,12.13602484472051
48.25,3.25,287.0648368522073,13.914836852207316
48.25,3.5,286.7972,13.647199999999998
48.25,3.75,285.80655935613686,12.656559356136881
48.25,4.0,285.6658394160584,12.51583941605844
48.25,4.25,285.9126451612903,12.762645161290322
48.25,4.5,280.0176470588235,6.867647058823536
48.25,4.75,281.77492063492065,8.62492063492067
48.25,5.0,283.26244444444444,10.112444444444463
48.25,5.25,283.63895652173915,10.48895652173917
48.25,5.5,281.89884745762714,8.748847457627164
48.25,5.75,280.3550588235294,7.205058823529441
48.25,15.5,283.96,10.810000000000002
48.25,16.5,287.40133333333335,14.251333333333378
48.25,16.75,288.6905084745763,15.540508474576313
48.25,17.0,289.6168918918919,16.46689189189192
48.25,17.25,292.19290575916233,19.042905759162352
48.25,17.5,292.9090178571428,19.75901785714285
48.25,17.75,292.8295573212259,19.6795573212259
48.25,18.0,293.3331111111111,20.183111111111145
48.25,18.25,293.1615777777778,20.011577777777802
48.25,18.5,293.71107623318386,20.561076233183883
48.25,18.75,293.31903394255875,20.16903394255877
48.25,19.0,293.2839944134078,20.133994413407834
48.25,19.25,292.7585989492119,19.60859894921191
48.25,19.5,289.35125000000005,16.201250000000073
48.25,19.75,289.6928846153846,16.54288461538465
48.25,20.0,289.53380530973453,16.383805309734555
48.25,24.75,283.74361111111114,10.593611111111159
48.25,25.0,285.03869565217394,11.888695652173965
48.25,25.25,289.88325259515574,16.73325259515576
48.25,25.5,292.4730884041332,19.323088404133216
48.25,25.75,295.0749944382647,21.92499443826472
48.25,26.0,296.4206888888889,23.270688888888913
48.25,26.25,297.53248322147647,24.38248322147649
48.25,26.5,296.77990815155,23.629908151550012
48.25,26.75,296.4052963430012,23.25529634300125
48.25,27.0,297.5831141868512,24.433114186851242
48.25,27.25,296.96749063670416,23.81749063670418
48.25,27.5,298.4522305764411,25.302230576441104
48.25,27.75,292.94516129032263,19.795161290322653
48.25,28.0,290.0044117647059,16.8544117647059
48.25,28.25,292.83822784810127,19.688227848101292
48.25,28.5,295.2526571428572,22.102657142857197
48.25,28.75,297.2862656072645,24.136265607264534
48.25,29.0,296.46875555555556,23.318755555555583
48.25,29.25,295.7009111111111,22.550911111111134
48.25,29.5,296.1240222222222,22.97402222222223
48.25,29.75,294.86295884315905,21.712958843159072
48.25,30.0,294.42764444444447,21.27764444444449
48.25,30.25,295.2255777777778,22.075577777777823
48.25,30.5,293.1723777777778,20.02237777777782
48.25,30.75,294.5834675615213,21.433467561521297
48.25,31.0,298.3061333333334,25.1561333333334
48.25,31.25,298.9326644370123,25.78266443701233
48.25,31.5,296.45505185185186,23.305051851851886
48.25,31.75,294.3068346456693,21.156834645669335
48.25,32.0,292.7351351351352,19.585135135135204
48.25,32.5,295.74285714285713,22.592857142857156
48.25,32.75,294.9103875968992,21.76038759689925
48.25,33.0,297.44060708263066,24.290607082630686
48.25,33.25,296.7687747035573,23.618774703557335
48.5,-4.75,281.462,8.312000000000012
48.5,-4.25,280.57,7.420000000000016
48.5,-4.0,282.581095890411,9.43109589041103
48.5,-3.75,281.20222222222225,8.05222222222227
48.5,-3.5,281.9353846153846,8.7853846153846
48.5,-3.25,282.60830188679245,9.45830188679247
48.5,-3.0,281.9574418604651,8.807441860465133
48.5,-2.75,282.20308823529416,9.053088235294183
48.5,-2.25,280.18,7.03000000000003
48.5,-2.0,284.6740384615385,11.52403846153851
48.5,-1.75,286.22442687747036,13.074426877470387
48.5,-1.5,286.4014867256637,13.25148672566371
48.5,-1.25,283.38686567164183,10.236865671641851
48.5,-1.0,284.64649006622517,11.496490066225192
48.5,-0.75,286.07661157024796,12.926611570247985
48.5,-0.5,287.01482517482515,13.864825174825171
48.5,-0.25,284.65,11.5
48.5,-0.0,285.81404825737263,12.664048257372656
48.5,0.25,285.2809454545455,12.130945454545497
48.5,0.5,284.968,11.81800000000004
48.5,1.25,283.14045454545453,9.990454545454554
48.5,1.5,283.90155844155845,10.751558441558473
48.5,1.75,282.99359223300974,9.843592233009758
48.5,2.0,284.9430555555556,11.793055555555611
48.5,2.25,286.59103448275863,13.441034482758653
48.5,2.5,288.25217983651225,15.102179836512278
48.5,2.75,287.2347112462006,14.08471124620064
48.5,3.0,285.5815172413793,12.43151724137931
48.5,3.25,287.1896231884058,14.039623188405812
48.5,3.5,287.30018893387313,14.150188933873153
48.5,3.75,286.3207371007371,13.170737100737142
48.5,4.0,285.4131464174455,12.263146417445512
48.5,4.25,284.1906818181818,11.040681818181838
48.5,4.5,284.46722891566264,11.317228915662668
48.5,4.75,283.0015189873418,9.85151898734182
48.5,5.0,283.784914004914,10.634914004914037
48.5,5.25,282.3142553191489,9.164255319148936
48.5,5.5,281.4291,8.279100000000028
48.5,16.5,288.5013333333334,15.3513333333334
48.5,16.75,289.35,16.200000000000045
48.5,17.0,287.4609677419355,14.310967741935542
48.5,17.25,288.86757201646094,15.717572016460963
48.5,17.5,291.7121385902031,18.56213859020312
48.5,17.75,292.46233970753656,19.31233970753658
48.5,18.0,292.1844888888889,19.034488888888916
48.5,18.25,292.2515111111111,19.101511111111108
48.5,18.5,292.409853768279,19.259853768279015
48.5,18.75,292.92947368421056,19.779473684210586
48.5,19.0,293.6334444444445,20.4834444444445
48.5,19.25,293.2128549618321,20.0628549618321
48.5,19.5,290.56432801822325,17.414328018223273
48.5,19.75,282.06,8.910000000000025
48.5,20.5,285.6101538461538,12.460153846153844
48.5,20.75,287.05594594594595,13.905945945945973
48.5,24.5,283.7890909090909,10.639090909090896
48.5,24.75,284.37405405405406,11.22405405405408
48.5,25.0,283.7674285714286,10.617428571428604
48.5,25.25,294.8194501718213,21.669450171821325
48.5,25.5,299.38826666666665,26.238266666666675
48.5,25.75,300.22914349276977,27.079143492769788
48.5,26.0,297.2092666666667,24.0592666666667
48.5,26.25,295.3965168539326,22.246516853932633
48.5,26.5,295.2191745283019,22.069174528301915
48.5,26.75,297.87773119605424,24.727731196054265
48.5,27.0,294.72033383915027,21.570333839150294
48.5,27.25,291.20935550935553,18.059355509355555
48.5,27.5,288.1599248120301,15.009924812030135
48.5,28.0,289.3490769230769,16.199076923076916
48.5,28.25,292.81869047619045,19.668690476190477
48.5,28.5,295.6372624434389,22.487262443438908
48.5,28.75,296.83826666666664,23.688266666666664
48.5,29.0,295.14997777777774,21.999977777777758
48.5,29.25,295.87620000000004,22.726200000000063
48.5,29.5,295.2588444444445,22.108844444444514
48.5,29.75,293.8523777777778,20.702377777777826
48.5,30.0,292.4537777777778,19.30377777777784
48.5,30.25,291.76522222222223,18.615222222222258
48.5,30.5,288.09722735674677,14.947227356746794
48.5,30.75,288.58005722460655,15.430057224606571
48.5,31.0,291.61766561514196,18.467665615141982
48.5,31.25,293.2135742971888,20.063574297188836
48.5,31.5,291.55357933579336,18.40357933579338
48.5,31.75,293.017197696737,19.867197696737037
48.5,32.0,294.1201192250373,20.97011922503731
48.5,32.25,293.1114285714286,19.9614285714286
48.5,32.5,292.2714285714286,19.121428571428623
48.5,33.0,293.93594202898555,20.785942028985573
48.5,33.25,293.2187711864407,20.0687711864407
48.75,-4.0,278.09333333333336,4.943333333333385
48.75,-3.75,279.51,6.360000000000014
48.75,-3.5,282.14051948051946,8.990519480519481
48.75,-3.25,284.5538983050848,11.403898305084795
48.75,-3.0,281.5195555555556,8.369555555555621
48.75,-2.25,281.82214285714286,8.672142857142887
48.75,-2.0,286.7709090909091,13.620909090909095
48.75,-1.75,279.06,5.910000000000025
48.75,-1.5,283.76305882352943,10.613058823529457
48.75,-1.25,285.7031325301205,12.553132530120536
48.75,-1.0,285.48641304347825,12.336413043478274
48.75,-0.75,285.9877407407408,12.837740740740799
48.75,-0.5,284.894824120603,11.744824120603027
48.75,-0.25,286.22778801843316,13.077788018433182
48.75,-0.0,284.91736263736266,11.76736263736268
48.75,0.25,286.1332,12.98320000000001
48.75,0.5,284.69336787564765,11.543367875647675
48.75,0.75,284.29227513227517,11.142275132275188
48.75,1.0,283.21622448979593,10.066224489795957
48.75,1.25,284.5577049180328,11.407704918032834
48.75,1.5,286.242015037594,13.092015037594024
48.75,1.75,285.67814492753627,12.528144927536289
48.75,2.0,286.68593272171256,13.535932721712584
48.75,2.25,287.5946892655367,14.444689265536738
48.75,2.5,288.20861445783135,15.058614457831368
48.75,2.75,285.5197247706422,12.369724770642222
48.75,3.0,284.60084745762714,11.450847457627162
48.75,3.25,284.8518541033435,11.701854103343521
48.75,3.5,285.22389140271497,12.073891402714992
48.75,3.75,284.909837398374,11.759837398374032
48.75,4.0,286.07526666666666,12.925266666666687
48.75,4.25,285.7070815450644,12.55708154506442
48.75,4.5,285.55024590163936,12.40024590163938
48.75,4.75,284.20956521739134,11.059565217391366
48.75,5.0,281.90757894736845,8.757578947368472
48.75,5.25,281.13721212121214,7.987212121212167
48.75,14.0,280.552,7.402000000000044
48.75,15.75,284.12,10.970000000000027
48.75,16.0,288.68857142857144,15.538571428571458
48.75,16.25,291.33876923076923,18.188769230769253
48.75,16.5,290.0080487804878,16.85804878048782
48.75,16.75,290.1703267973856,17.02032679738562
48.75,17.25,286.7692307692308,13.619230769230796
48.75,17.5,289.72049535603713,16.570495356037156
48.75,17.75,292.3803807106599,19.230380710659915
48.75,18.0,292.34951248513676,19.19951248513678
48.75,18.25,292.7638,19.613800000000026
48.75,18.5,291.96904017857145,18.81904017857147
48.75,18.75,290.4120943134535,17.26209431345353
48.75,19.0,289.733568818514,16.58356881851404
48.75,19.25,291.3719621749409,18.221962174940927
48.75,19.5,287.6572052401747,14.507205240174699
48.75,19.75,287.2984,14.148400000000038
48.75,20.0,288.2286956521739,15.078695652173906
48.75,24.5,286.52,13.370000000000005
48.75,24.75,284.5703571428572,11.420357142857199
48.75,25.0,289.37385826771657,16.223858267716594
48.75,25.25,293.82693103448275,20.676931034482777
48.75,25.5,297.04236966824647,23.892369668246488
48.75,25.75,299.9852444444445,26.835244444444527
48.75,26.0,298.7644222222222,25.61442222222223
48.75,26.25,297.336573971079,24.186573971079042
48.75,26.5,300.65065420560745,27.500654205607475
48.75,26.75,298.9484,25.798400000000015
48.75,27.0,295.22473333333335,22.07473333333337
48.75,27.25,294.5760391198044,21.426039119804443
48.75,27.5,288.0170253164557,14.867025316455738
48.75,27.75,283.6,10.450000000000045
48.75,28.0,289.25524861878455,16.10524861878457
48.75,28.25,294.64447427293067,21.494474272930688
48.75,28.5,295.5579111111111,22.407911111111105
48.75,28.75,293.54504444444444,20.395044444444466
48.75,29.0,295.4740444444445,22.324044444444496
48.75,29.25,293.01247113163976,19.86247113163978
48.75,29.5,288.8813980028531,15.731398002853098
48.75,29.75,290.9626724137931,17.81267241379311
48.75,30.0,289.5466903914591,16.396690391459117
48.75,30.25,287.3554402515723,14.205440251572327
48.75,30.5,285.23368421052635,12.083684210526371
48.75,30.75,288.3385526315789,15.188552631578943
48.75,31.0,291.1250331125828,17.97503311258282
48.75,31.25,291.65772000000004,18.507720000000063
48.75,31.5,289.3921568627451,16.242156862745105
48.75,31.75,287.9222222222222,14.77222222222224
48.75,32.0,292.2208695652174,19.070869565217436
48.75,32.25,294.00266666666664,20.852666666666664
48.75,32.5,284.6252173913044,11.475217391304398
48.75,32.75,282.6,9.450000000000045
49.0,-1.5,285.6617445482866,12.511744548286629
49.0,-1.25,287.1160402684564,13.966040268456425
49.0,-1.0,286.4758685446009,13.32586854460095
49.0,-0.75,286.8738775510204,13.72387755102045
49.0,-0.5,286.1185447761194,12.968544776119415
49.0,-0.25,286.6956923076923,13.54569230769232
49.0,-0.0,285.58810810810814,12.438108108108167
49.0,0.25,287.6038535645472,14.453853564547217
49.0,0.5,285.5536069114471,12.403606911447127
49.0,0.75,285.9729518072289,12.822951807228947
49.0,1.0,284.59707317073173,11.447073170731755
49.0,1.25,287.104053030303,13.954053030303044
49.0,1.5,286.41017208413007,13.26017208413009
49.0,1.75,286.9127238095238,13.762723809523834
49.0,2.0,287.5176833976834,14.367683397683436
49.0,2.25,288.7719282511211,15.621928251121119
49.0,2.5,288.34878612716767,15.198786127167693
49.0,2.75,286.4088687782805,13.258868778280544
49.0,3.0,285.39234848484847,12.242348484848492
49.0,3.25,283.15948717948714,10.009487179487166
49.0,3.5,284.6382417582418,11.488241758241827
49.0,3.75,285.4384333333333,12.28843333333333
49.0,4.0,285.38947580645157,12.239475806451594
49.0,4.25,286.24156787762905,13.091567877629075
49.0,4.5,282.93450980392157,9.784509803921594
49.0,4.75,283.2605447470817,10.110544747081747
49.0,14.75,281.0587878787879,7.908787878787905
49.0,15.0,284.4866666666667,11.336666666666702
49.0,15.25,285.9878947368421,12.837894736842145
49.0,15.5,287.57844155844157,14.428441558441591
49.0,15.75,288.04150753768846,14.891507537688483
49.0,16.0,288.33805555555557,15.188055555555593
49.0,16.25,287.5909090909091,14.440909090909145
49.0,16.5,286.6684210526316,13.518421052631595
49.0,16.75,290.79774647887325,17.647746478873273
49.0,17.25,289.896,16.746000000000038
49.0,17.75,287.91200000000003,14.762000000000057
49.0,18.0,290.5154920634921,17.365492063492127
49.0,18.25,290.6678326996198,17.517832699619817
49.0,18.5,290.16944680851066,17.01944680851068
49.0,18.75,290.4846788990826,17.334678899082633
49.0,19.0,288.08770642201836,14.93770642201838
49.0,19.25,286.94129032258064,13.791290322580664
49.0,19.5,282.86875,9.71875
49.0,19.75,286.12368421052633,12.973684210526358
49.0,20.0,285.9076,12.757600000000025
49.0,20.25,288.0695652173913,14.919565217391323
49.0,24.75,288.2499173553719,15.099917355371929
49.0,25.0,288.34151724137934,15.191517241379358
49.0,25.25,291.73024208566113,18.580242085661155
49.0,25.5,298.20244694132333,25.052446941323353
49.0,25.75,297.03844243792327,23.88844243792329
49.0,26.0,296.94604444444445,23.796044444444476
49.0,26.25,301.83033333333333,28.68033333333335
49.0,26.5,298.9623777777778,25.81237777777784
49.0,26.75,299.80264444444447,26.65264444444449
49.0,27.0,296.99584444444446,23.84584444444448
49.0,27.25,294.4646,21.31460000000004
49.0,27.5,288.759243697479,15.60924369747903
49.0,27.75,284.57,11.420000000000016
49.0,28.0,289.21158357771264,16.061583577712668
49.0,28.25,292.9388992974239,19.78889929742394
49.0,28.5,294.6453170189099,21.49531701890993
49.0,28.75,293.3083111111111,20.158311111111118
49.0,29.0,294.2846666666667,21.134666666666703
49.0,29.25,292.48926503340755,19.33926503340757
49.0,29.5,292.06454434993924,18.914544349939263
49.0,29.75,289.05138103161397,15.901381031613994
49.0,30.0,288.8023394495413,15.65233944954133
49.0,30.25,285.6414,12.491399999999999
49.0,30.5,286.355,13.205000000000041
49.0,30.75,288.89938223938225,15.749382239382271
49.0,31.0,291.76790436005626,18.617904360056286
49.0,31.25,290.7830434782609,17.633043478260902
49.0,32.0,289.12,15.970000000000027
49.25,-2.25,283.3223076923077,10.172307692307697
49.25,-2.0,284.9695238095238,11.819523809523844
49.25,-1.75,287.1581132075472,14.00811320754724
49.25,-1.5,285.9619858156028,12.811985815602839
49.25,-1.25,286.432361516035,13.282361516034996
49.25,-1.0,286.25598958333336,13.105989583333383
49.25,-0.75,284.42026490066223,11.270264900662255
49.25,-0.5,288.2795986622074,15.1295986622074
49.25,-0.25,288.839,15.689000000000021
49.25,-0.0,286.2542731277533,13.104273127753345
49.25,0.25,286.820790513834,13.67079051383405
49.25,0.5,285.42611111111114,12.276111111111163
49.25,0.75,285.2354954954955,12.085495495495536
49.25,1.0,286.74643442622954,13.596434426229564
49.25,1.25,286.05766323024056,12.907663230240587
49.25,1.5,286.78450617283954,13.634506172839565
49.25,1.75,286.6676119402985,13.517611940298536
49.25,2.0,286.1462260127932,12.996226012793215
49.25,2.25,286.4391033138402,13.2891033138402
49.25,2.5,284.60632653061225,11.456326530612273
49.25,2.75,284.0860606060606,10.936060606060607
49.25,3.0,284.80790322580646,11.657903225806479
49.25,3.25,286.9723125,13.82231250000001
49.25,3.5,285.6169834710744,12.4669834710744
49.25,3.75,285.91572755417957,12.765727554179591
49.25,4.0,286.5103076923077,13.360307692307742
49.25,4.25,283.6856818181818,10.535681818181843
49.25,4.5,281.46,8.310000000000002
49.25,14.75,283.69881188118813,10.548811881188158
49.25,15.0,284.6669841269841,11.516984126984141
49.25,15.25,284.0284848484849,10.878484848484902
49.25,15.5,285.48636363636365,12.336363636363672
49.25,15.75,287.1688888888889,14.01888888888891
49.25,16.0,288.29694915254237,15.14694915254239
49.25,16.25,290.0552258064516,16.905225806451597
49.25,16.5,291.06,17.910000000000025
49.25,16.75,290.48343137254903,17.333431372549057
49.25,17.0,288.88675,15.736750000000029
49.25,17.25,293.9141666666667,20.76416666666671
49.25,25.0,287.2457777777778,14.095777777777812
49.25,25.25,295.5514987714988,22.401498771498837
49.25,25.5,296.908778280543,23.758778280543027
49.25,25.75,293.87837181044955,20.728371810449573
49.25,26.0,302.0593111111111,28.90931111111115
49.25,26.25,299.2222888888889,26.07228888888892
49.25,26.5,299.7841777777778,26.634177777777836
49.25,26.75,298.39262921348313,25.242629213483156
49.25,27.0,298.1296222222223,24.979622222222304
49.25,27.25,294.2377555555555,21.087755555555532
49.25,27.5,286.4577578475336,13.30775784753365
49.25,27.75,287.3501323251418,14.200132325141794
49.25,28.0,292.73855450236965,19.588554502369675
49.25,28.25,292.8197701149425,19.669770114942537
49.25,28.5,294.2605777777778,21.11057777777785
49.25,28.75,295.7285333333333,22.578533333333326
49.25,29.0,297.25624444444446,24.106244444444485
49.25,29.25,297.2214031180401,24.07140311804011
49.25,29.5,296.4042666666667,23.254266666666695
49.25,29.75,289.6336603773585,16.483660377358547
49.25,30.0,286.4286642599278,13.278664259927837
49.25,30.25,284.0466666666667,10.896666666666704
49.25,30.75,288.0117948717949,14.861794871794928
49.25,31.0,289.9940277777778,16.844027777777796
49.25,32.0,288.2336363636363,15.083636363636344
49.5,-2.75,276.13,2.980000000000018
49.5,-2.5,281.6852941176471,8.53529411764714
49.5,-1.75,285.28481203007516,12.134812030075182
49.5,-1.5,286.0707954545455,12.920795454545498
49.5,-1.25,285.2202352941177,12.070235294117708
49.5,-1.0,284.3957142857143,11.245714285714314
49.5,-0.0,287.06857142857143,13.918571428571454
49.5,0.25,287.12586466165413,13.975864661654157
49.5,0.5,286.24813559322035,13.098135593220377
49.5,0.75,286.2135334872979,13.063533487297946
49.5,1.0,285.7198148148148,12.569814814814833
49.5,1.25,286.1424908424909,12.992490842490895
49.5,1.5,286.61467576791813,13.464675767918152
49.5,1.75,287.2036472945892,14.053647294589211
49.5,2.0,286.96115942028985,13.811159420289869
49.5,2.25,285.9996610169491,12.849661016949142
49.5,2.5,285.17023255813956,12.020232558139583
49.5,2.75,285.8730275229358,12.723027522935809
49.5,3.0,286.4686403508772,13.318640350877217
49.5,3.25,287.59126934984516,14.441269349845186
49.5,3.5,285.99294573643414,12.84294573643416
49.5,3.75,284.0431392405063,10.893139240506343
49.5,4.0,283.6074193548387,10.457419354838748
49.5,13.0,285.2,12.050000000000011
49.5,14.25,283.058,9.908000000000015
49.5,14.5,285.1957446808511,12.0457446808511
49.5,14.75,287.41672131147544,14.266721311475465
49.5,15.0,285.92,12.770000000000039
49.5,15.25,285.53,12.379999999999995
49.5,15.5,286.81885057471266,13.668850574712678
49.5,15.75,288.4887878787879,15.338787878787912
49.5,16.0,285.61,12.460000000000036
49.5,16.25,286.94,13.79000000000002
49.5,16.5,291.94,18.79000000000002
49.5,16.75,286.88000000000005,13.730000000000075
49.5,17.0,291.8157894736842,18.665789473684242
49.5,17.25,292.6097744360902,19.459774436090242
49.5,18.0,287.04,13.890000000000043
49.5,25.0,286.8927272727273,13.742727272727336
49.5,25.25,293.7297461928934,20.579746192893424
49.5,25.5,295.685312,22.535312000000033
49.5,25.75,293.39923076923077,20.249230769230792
49.5,26.0,297.461553133515,24.31155313351502
49.5,26.25,302.2802888888889,29.130288888888913
49.5,26.5,300.6499555555556,27.49995555555563
49.5,26.75,299.4266888888889,26.27668888888894
49.5,27.0,298.20326666666665,25.053266666666673
49.5,27.25,295.2585777777778,22.10857777777784
49.5,27.5,289.78283018867927,16.632830188679293
49.5,27.75,289.33971918876756,16.189719188767583
49.5,28.0,294.16159014557667,21.01159014557669
49.5,28.25,295.8360666666667,22.686066666666704
49.5,28.5,298.08157777777774,24.93157777777776
49.5,28.75,299.32682222222223,26.176822222222256
49.5,29.0,297.15668888888894,24.00668888888896
49.5,29.25,296.4524022346369,23.30240223463693
49.5,29.5,295.9511111111111,22.80111111111114
49.5,29.75,290.67064846416383,17.520648464163855
49.5,30.0,285.5860580912863,12.436058091286327
49.5,30.5,285.3830303030303,12.233030303030318
49.75,-1.75,284.7711111111111,11.621111111111134
49.75,-1.5,287.22453608247423,14.074536082474253
49.75,-1.25,285.9301587301587,12.780158730158746
49.75,0.25,285.80307692307696,12.65307692307698
49.75,0.5,286.2231489361702,13.073148936170242
49.75,0.75,287.0648670756646,13.914867075664631
49.75,1.0,286.5299428571428,13.37994285714285
49.75,1.25,285.86752688172044,12.71752688172046
49.75,1.5,286.2521702127659,13.102170212765941
49.75,1.75,285.94842857142856,12.798428571428587
49.75,2.0,284.98516666666666,11.83516666666668
49.75,2.25,285.166875,12.016875000000027
49.75,2.5,286.29706122448977,13.14706122448979
49.75,2.75,287.14153846153846,13.991538461538482
49.75,3.0,287.11351254480286,13.963512544802882
49.75,3.25,287.0334285714286,13.883428571428624
49.75,3.5,284.358,11.208000000000027
49.75,3.75,281.206875,8.056875000000048
49.75,12.25,284.97846153846154,11.828461538461568
49.75,13.0,285.52,12.370000000000005
49.75,13.75,287.1904,14.040400000000034
49.75,14.0,290.4908695652174,17.340869565217417
49.75,14.25,288.87845794392524,15.728457943925264
49.75,14.5,288.989918699187,15.839918699187024
49.75,14.75,287.32908396946567,14.179083969465694
49.75,15.0,285.63134796238245,12.481347962382472
49.75,15.25,285.6686451612903,12.518645161290351
49.75,15.5,287.8687671232877,14.718767123287705
49.75,15.75,290.2142465753425,17.06424657534251
49.75,16.0,288.43142857142857,15.281428571428592
49.75,16.5,286.37,13.220000000000027
49.75,16.75,288.82,15.670000000000016
49.75,17.0,290.038,16.888000000000034
49.75,17.25,289.3365034965035,16.18650349650352
49.75,17.5,287.3293548387097,14.179354838709742
49.75,17.75,286.1757446808511,13.025744680851119
49.75,18.0,286.6568,13.506799999999998
49.75,18.25,289.48297029702974,16.33297029702976
49.75,18.5,285.64,12.490000000000009
49.75,20.75,276.14,2.990000000000009
49.75,25.25,293.13,19.980000000000018
49.75,25.5,292.18051792828686,19.030517928286883
49.75,25.75,290.51063529411766,17.360635294117685
49.75,26.0,295.6491124260355,22.499112426035538
49.75,26.25,299.9795423340961,26.829542334096118
49.75,26.5,302.5465555555556,29.396555555555608
49.75,26.75,300.7202222222222,27.57022222222224
49.75,27.0,299.57871111111115,26.42871111111117
49.75,27.25,299.528,26.378000000000043
49.75,27.5,292.80913678618856,19.659136786188583
49.75,27.75,289.0650136239782,15.915013623978211
49.75,28.0,293.89788235294117,20.74788235294119
49.75,28.25,293.06576485461443,19.91576485461445
49.75,28.5,297.0578935447339,23.907893544733895
49.75,28.75,298.35982222222225,25.20982222222227
49.75,29.0,298.03973333333334,24.889733333333368
49.75,29.25,295.9253854748604,22.7753854748604
49.75,29.5,289.85621689785626,16.70621689785628
49.75,29.75,288.2488768606225,15.09887686062251
49.75,30.0,285.6122051282052,12.462205128205198
49.75,30.25,284.25440000000003,11.104400000000055
49.75,30.5,284.3610810810811,11.211081081081147
50.0,-5.75,285.18537313432836,12.035373134328381
50.0,-5.5,283.105,9.955000000000041
50.0,0.75,284.3488888888889,11.198888888888916
50.0,1.0,281.1866666666667,8.036666666666747
50.0,1.25,279.32,6.170000000000016
50.0,1.5,285.16021276595745,12.010212765957476
50.0,1.75,286.4119402985075,13.261940298507511
50.0,2.0,286.9161607142857,13.766160714285718
50.0,2.25,287.2253465346535,14.075346534653534
50.0,2.5,287.69507853403144,14.545078534031461
50.0,2.75,286.81882747068676,13.668827470686779
50.0,3.0,285.482572815534,12.332572815534036
50.0,3.25,282.43518324607334,9.285183246073359
50.0,11.75,283.72,10.57000000000005
50.0,13.75,285.72654867256637,12.576548672566389
50.0,14.0,288.91581560283686,15.76581560283688
50.0,14.25,289.69307692307694,16.543076923076967
50.0,14.5,289.86447900466567,16.71447900466569
50.0,14.75,289.1528985507246,16.002898550724638
50.0,15.0,290.7708641975309,17.62086419753092
50.0,15.25,290.4065873015873,17.25658730158733
50.0,15.5,290.442027972028,17.292027972027995
50.0,15.75,287.80974358974356,14.659743589743584
50.0,16.0,288.96,15.810000000000002
50.0,16.25,289.75441441441444,16.604414414414464
50.0,16.5,285.8676923076923,12.717692307692346
50.0,16.75,290.5171232876712,17.367123287671234
50.0,17.0,291.6749287749288,18.52492877492881
50.0,17.25,288.14205479452056,14.992054794520584
50.0,17.5,286.91868544600936,13.768685446009385
50.0,17.75,286.73785714285714,13.58785714285716
50.0,18.0,286.9144615384615,13.764461538461546
50.0,18.25,287.8634005763689,14.71340057636894
50.0,18.5,289.8965,16.746500000000026
50.0,18.75,289.0371428571429,15.88714285714292
50.0,19.0,287.70363636363635,14.553636363636372
50.0,19.5,287.83166666666665,14.681666666666672
50.0,25.5,288.68,15.53000000000003
50.0,25.75,289.7942769230769,16.644276923076916
50.0,26.0,291.2537254901961,18.103725490196098
50.0,26.25,295.07784768211917,21.927847682119193
50.0,26.5,299.71031026252984,26.560310262529867
50.0,26.75,301.2697555555556,28.119755555555628
50.0,27.0,301.43564444444445,28.285644444444472
50.0,27.25,300.6666666666667,27.51666666666671
50.0,27.5,292.264787363305,19.114787363305027
50.0,27.75,293.6603598200899,20.510359820089946
50.0,28.0,297.08454901960783,23.934549019607857
50.0,28.25,291.39303630363037,18.24303630363039
50.0,28.5,292.5962669683258,19.4462669683258
50.0,28.75,296.25048888888887,23.10048888888889
50.0,29.0,296.5285333333333,23.378533333333337
50.0,29.25,294.70107061503415,21.551070615034178
50.0,29.5,289.1451344743276,15.995134474327642
50.0,29.75,286.8041502683363,13.65415026833631
50.0,30.0,286.3693032015066,13.219303201506648
50.0,30.25,286.4752941176471,13.325294117647104
50.0,30.5,282.8777777777778,9.727777777777817
50.0,30.75,286.3112149532711,13.161214953271099
50.25,-5.75,284.992,11.842000000000041
50.25,-5.5,281.26,8.110000000000014
50.25,-3.75,278.24,5.090000000000032
50.25,1.5,286.6578260869565,13.507826086956527
50.25,1.75,287.21140186915886,14.061401869158885
50.25,2.0,287.8025088339223,14.652508833922298
50.25,2.25,287.52646825396823,14.376468253968255
50.25,2.5,286.28064239828694,13.130642398286966
50.25,2.75,285.65194444444444,12.501944444444462
50.25,3.0,282.0684210526316,8.91842105263163
50.25,13.0,283.325,10.175000000000011
50.25,13.25,285.61132530120483,12.461325301204852
50.25,13.5,284.2088888888889,11.05888888888893
50.25,13.75,286.44,13.29000000000002
50.25,14.0,289.59826625387,16.44826625387003
50.25,14.25,291.38703557312255,18.23703557312257
50.25,14.5,291.25724528301885,18.10724528301887
50.25,14.75,290.85012244897956,17.700122448979585
50.25,15.0,292.54459459459457,19.394594594594594
50.25,15.25,292.05953125,18.909531250000043
50.25,15.5,291.45519572953737,18.305195729537388
50.25,15.75,290.6454396728016,17.495439672801638
50.25,16.0,291.1035294117647,17.953529411764748
50.25,16.25,289.01950000000005,15.869500000000073
50.25,16.5,288.6872972972973,15.5372972972973
50.25,17.0,282.16,9.010000000000048
50.25,17.25,282.16,9.010000000000048
50.25,17.5,286.88130434782613,13.731304347826153
50.25,17.75,287.7184269662921,14.568426966292122
50.25,18.0,288.42640776699034,15.27640776699036
50.25,18.25,289.83626794258373,16.686267942583754
50.25,18.5,290.5754186413902,17.425418641390195
50.25,18.75,291.88866141732285,18.738661417322874
50.25,19.0,291.2056559766764,18.055655976676405
50.25,19.25,287.9379310344828,14.787931034482824
50.25,19.5,287.8011428571429,14.65114285714293
50.25,19.75,290.27000000000004,17.12000000000006
50.25,20.0,288.2057142857143,15.055714285714316
50.25,25.75,287.75775,14.60775000000001
50.25,26.0,286.8174879227053,13.667487922705334
50.25,26.25,290.0975609756098,16.947560975609804
50.25,26.5,292.6632121212121,19.51321212121212
50.25,26.75,295.1536197916667,22.003619791666722
50.25,27.0,297.9028,24.752800000000036
50.25,27.25,296.7736,23.62360000000001
50.25,27.5,293.6294693877551,20.479469387755103
50.25,27.75,292.2045953002611,19.0545953002611
50.25,28.0,290.2081188118812,17.05811881188123
50.25,28.25,291.0128675400291,17.86286754002913
50.25,28.5,289.58925619834713,16.439256198347152
50.25,28.75,294.28148888888893,21.131488888888953
50.25,29.0,295.64988888888894,22.49988888888896
50.25,29.25,294.1661111111111,21.016111111111115
50.25,29.5,290.33551066217734,17.185510662177364
50.25,29.75,286.7245864661654,13.574586466165442
50.25,30.0,287.1688363636364,14.01883636363641
50.25,30.25,283.048,9.898000000000025
50.5,-4.0,263.51953488372095,-9.630465116279026
50.5,-3.75,266.21636363636367,-6.93363636363631
50.5,-3.5,289.256,16.105999999999995
50.5,-2.5,288.13136363636363,14.981363636363653
50.5,-2.25,287.4870588235294,14.337058823529446
50.5,-2.0,286.93294117647065,13.782941176470672
50.5,-1.25,286.9156363636364,13.765636363636418
50.5,1.5,288.8676923076923,15.717692307692346
50.5,1.75,288.10572127139363,14.955721271393656
50.5,2.0,288.08027855153205,14.93027855153207
50.5,2.25,287.5780952380953,14.428095238095295
50.5,2.5,285.7760975609756,12.626097560975609
50.5,2.75,286.08166666666665,12.931666666666672
50.5,11.5,283.31,10.160000000000025
50.5,11.75,284.7331343283582,11.583134328358199
50.5,12.0,283.00666666666666,9.856666666666683
50.5,12.25,283.714,10.564000000000021
50.5,12.5,276.298,3.1480000000000246
50.5,12.75,281.1060606060606,7.956060606060646
50.5,13.0,280.59705426356595,7.447054263565974
50.5,13.25,282.46893617021277,9.318936170212794
50.5,13.5,286.9090476190476,13.759047619047635
50.5,14.0,291.6127272727273,18.462727272727307
50.5,14.25,287.29773049645394,14.14773049645396
50.5,14.5,289.49236084452974,16.342360844529765
50.5,14.75,287.46320916905444,14.31320916905446
50.5,15.0,289.62271844660194,16.47271844660196
50.5,15.25,290.1782527301092,17.028252730109216
50.5,15.5,290.90832684824903,17.758326848249055
50.5,15.75,290.4822654867257,17.332265486725703
50.5,16.0,288.28806083650187,15.138060836501893
50.5,16.25,289.5736263736264,16.423626373626405
50.5,16.5,290.80393442622955,17.65393442622957
50.5,16.75,291.14285714285717,17.99285714285719
50.5,17.0,286.404,13.254000000000019
50.5,17.25,288.3290566037736,15.179056603773631
50.5,17.5,289.0925096525097,15.942509652509727
50.5,17.75,289.1834394904459,16.033439490445915
50.5,18.0,291.3147474747475,18.164747474747514
50.5,18.25,292.0184891165173,18.86848911651731
50.5,18.5,291.92729574223245,18.777295742232468
50.5,18.75,290.6417005988024,17.491700598802424
50.5,19.0,292.3565413533834,19.206541353383443
50.5,26.0,290.18333333333334,17.03333333333336
50.5,26.25,288.99718309859156,15.847183098591586
50.5,26.5,293.86392156862746,20.713921568627484
50.5,26.75,295.25951388888893,22.109513888888955
50.5,27.0,299.12095238095236,25.970952380952383
50.5,27.25,300.58526666666666,27.435266666666678
50.5,27.5,299.24376844494896,26.093768444948978
50.5,27.75,295.30011600928077,22.150116009280794
50.5,28.0,293.50089186176143,20.350891861761454
50.5,28.25,287.13459227467814,13.984592274678164
50.5,28.5,288.762389380531,15.612389380530999
50.5,28.75,293.0489614935823,19.898961493582306
50.5,29.0,296.39793333333336,23.24793333333338
50.5,29.25,295.4837777777778,22.33377777777781
50.5,29.5,290.51591324200916,17.365913242009185
50.5,29.75,287.23603092783503,14.086030927835054
50.5,30.0,286.06321715817694,12.913217158176963
50.5,30.25,285.5036,12.353600000000029
50.5,30.5,285.70129032258063,12.551290322580655
50.75,-4.0,280.03553719008266,6.885537190082687
50.75,-3.75,284.3314525139665,11.18145251396652
50.75,-3.5,286.26198312236284,13.111983122362858
50.75,-3.25,286.63337552742615,13.483375527426176
50.75,-3.0,287.457741046832,14.307741046832007
50.75,-2.75,286.1121367521368,12.962136752136814
50.75,-2.5,287.1173752310536,13.967375231053609
50.75,-2.25,286.6801616161616,13.53016161616165
50.75,-2.0,288.6762068965517,15.526206896551741
50.75,-1.75,289.47,16.32000000000005
50.75,-1.5,287.6125242718447,14.4625242718447
50.75,-1.25,288.8966225165563,15.746622516556329
50.75,-1.0,289.36518134715027,16.215181347150292
50.75,-0.75,289.20432160804023,16.054321608040254
50.75,-0.5,290.579391634981,17.429391634981016
50.75,-0.25,292.2616304347826,19.111630434782626
50.75,-0.0,290.83601626016264,17.68601626016266
50.75,0.25,291.05691919191923,17.906919191919258
50.75,0.5,291.23333333333335,18.08333333333337
50.75,0.75,289.204,16.05400000000003
50.75,1.5,288.3743262411347,15.224326241134747
50.75,1.75,287.84006430868163,14.690064308681656
50.75,2.0,287.4308695652174,14.280869565217415
50.75,2.25,286.82565217391306,13.675652173913079
50.75,11.25,285.4651094890511,12.31510948905111
50.75,11.5,288.4706111111111,15.320611111111134
50.75,11.75,289.1218311533888,15.971831153388848
50.75,12.0,289.49876543209876,16.348765432098787
50.75,12.25,288.9163191763192,15.7663191763192
50.75,12.5,289.39324786324784,16.24324786324786
50.75,12.75,286.2841071428571,13.134107142857147
50.75,14.0,283.555,10.40500000000003
50.75,14.25,287.01290909090915,13.86290909090917
50.75,14.5,287.9375,14.787500000000023
50.75,14.75,287.26340425531913,14.113404255319153
50.75,15.0,289.29727611940297,16.14727611940299
50.75,15.25,288.71124645892354,15.561246458923563
50.75,15.5,287.5044444444444,14.354444444444425
50.75,15.75,285.0006626506024,11.85066265060243
50.75,16.0,286.89172932330825,13.741729323308277
50.75,16.25,286.9960465116279,13.846046511627947
50.75,16.5,287.96516129032256,14.815161290322578
50.75,16.75,290.1954231974922,17.045423197492198
50.75,17.0,290.7077777777778,17.5577777777778
50.75,17.25,288.6443902439024,15.494390243902444
50.75,17.5,289.8019402985075,16.651940298507498
50.75,17.75,288.96721991701247,15.817219917012494
50.75,18.0,290.2126153846154,17.062615384615412
50.75,18.25,289.92277777777775,16.772777777777776
50.75,18.5,290.7485748792271,17.5985748792271
50.75,18.75,290.87682741116754,17.726827411167562
50.75,19.0,289.9436180904523,16.7936180904523
50.75,19.25,289.168,16.01800000000003
50.75,19.5,289.520686695279,16.370686695279005
50.75,26.25,288.91126760563384,15.761267605633861
50.75,26.75,293.7925333333334,20.642533333333404
50.75,27.0,294.39145539906104,21.241455399061067
50.75,27.25,294.6570819672131,21.50708196721314
50.75,27.5,296.3431713554987,23.193171355498748
50.75,27.75,296.9571555555556,23.807155555555596
50.75,28.0,296.78264444444443,23.632644444444452
50.75,28.25,292.2396139927624,19.089613992762395
50.75,28.5,288.23766143106457,15.08766143106459
50.75,28.75,290.528665819568,17.378665819568027
50.75,29.0,293.6633555555556,20.51335555555562
50.75,29.25,295.7494666666667,22.59946666666673
50.75,29.5,294.50919821826284,21.35919821826286
50.75,29.75,288.03533692722374,14.885336927223761
50.75,30.0,287.1905149051491,14.04051490514911
50.75,30.25,284.55278195488717,11.402781954887189
51.0,-4.0,282.15558823529415,9.00558823529417
51.0,-3.75,284.3943842364532,11.244384236453243
51.0,-3.5,283.3367647058824,10.18676470588241
51.0,-3.25,284.3301369863014,11.18013698630142
51.0,-3.0,285.1158793969849,11.965879396984917
51.0,-2.75,287.18489675516224,14.034896755162265
51.0,-2.5,287.01243243243243,13.862432432432456
51.0,-2.25,286.6272916666667,13.477291666666702
51.0,-2.0,284.40776119402983,11.257761194029854
51.0,-1.75,286.567811634349,13.41781163434905
51.0,-1.5,287.9026923076923,14.752692307692314
51.0,-1.25,286.44602649006623,13.296026490066254
51.0,-1.0,286.3015297450425,13.151529745042524
51.0,-0.75,287.1093598233996,13.959359823399609
51.0,-0.5,289.88562367864694,16.73562367864696
51.0,-0.25,289.4918421052632,16.341842105263197
51.0,-0.0,288.5126611570248,15.362661157024831
51.0,0.25,288.6547252747253,15.504725274725331
51.0,0.5,288.299797979798,15.149797979797995
51.0,0.75,289.4174089068826,16.267408906882622
51.0,1.0,289.91345707656615,16.76345707656617
51.0,1.25,289.1154666666667,15.965466666666714
51.0,1.75,281.8,8.650000000000034
51.0,10.75,280.84000000000003,7.690000000000055
51.0,11.0,288.44406779661017,15.294067796610193
51.0,11.25,289.9093306288033,16.759330628803298
51.0,11.5,289.9347076023392,16.78470760233921
51.0,11.75,289.57993730407526,16.42993730407528
51.0,12.0,286.1589473684211,13.008947368421104
51.0,12.25,286.9346428571429,13.784642857142899
51.0,12.5,287.4720072992701,14.322007299270126
51.0,12.75,288.1184507042253,14.968450704225347
51.0,13.0,288.1019435736677,14.951943573667734
51.0,13.25,286.2180198019802,13.0680198019802
51.0,13.5,285.4608,12.310800000000029
51.0,13.75,289.6514285714286,16.50142857142862
51.0,14.0,289.1473615635179,15.997361563517927
51.0,14.25,288.10011267605637,14.950112676056392
51.0,14.5,289.3869129287599,16.23691292875992
51.0,14.75,290.66160583941604,17.511605839416063
51.0,15.0,290.181091954023,17.031091954022997
51.0,15.25,289.35390557939917,16.20390557939919
51.0,15.5,289.9361133603239,16.786113360323895
51.0,15.75,289.4382741116751,16.28827411167515
51.0,16.0,289.15939393939396,16.009393939393988
51.0,16.25,290.09319865319867,16.943198653198692
51.0,16.5,290.78488673139157,17.63488673139159
51.0,16.75,290.5933766233766,17.44337662337665
51.0,17.0,291.3681818181818,18.218181818181847
51.0,17.25,289.8856209150327,16.73562091503271
51.0,17.5,288.7692012779553,15.619201277955312
51.0,17.75,290.99612903225807,17.84612903225809
51.0,18.0,291.01722326454035,17.86722326454037
51.0,18.25,291.0930107526882,17.943010752688224
51.0,18.5,289.6536071428572,16.50360714285722
51.0,18.75,290.8570763260026,17.707076326002607
51.0,19.0,291.59363040629097,18.443630406290993
51.0,19.25,290.9836434108527,17.833643410852744
51.0,19.5,290.99554770318025,17.845547703180273
51.0,19.75,288.20201183431953,15.052011834319558
51.0,20.0,288.82360655737705,15.67360655737707
51.0,27.0,288.18666666666667,15.03666666666669
51.0,27.25,289.3757512953368,16.225751295336806
51.0,27.5,293.4158064516129,20.265806451612946
51.0,27.75,295.6797486535009,22.529748653500917
51.0,28.0,296.34040404040405,23.190404040404076
51.0,28.25,295.72168888888893,22.571688888888957
51.0,28.5,291.7044208037825,18.554420803782534
51.0,28.75,291.34122875816996,18.191228758169984
51.0,29.0,291.75547557840616,18.605475578406185
51.0,29.25,295.63613333333336,22.486133333333385
51.0,29.5,295.97911111111114,22.82911111111116
51.0,29.75,292.7175333333334,19.567533333333415
51.0,30.0,287.28773509933774,14.13773509933776
51.0,30.25,285.0269318181818,11.876931818181845
51.0,30.5,282.55380952380955,9.40380952380957
51.0,30.75,285.6175,12.46750000000003
51.25,-4.25,273.42,0.27000000000003865
51.25,-4.0,277.2830769230769,4.133076923076942
51.25,-3.75,281.668813559322,8.51881355932204
51.25,-3.5,283.5823728813559,10.432372881355946
51.25,-3.25,284.16025316455693,11.010253164556957
51.25,-3.0,284.7585263157895,11.608526315789504
51.25,-2.75,285.30380952380955,12.15380952380957
51.25,-2.5,285.57817351598175,12.428173515981769
51.25,-2.25,283.54114285714286,10.391142857142881
51.25,-2.0,285.5722330097087,12.422233009708748
51.25,-1.75,283.65818181818184,10.508181818181868
51.25,-1.5,284.4898181818182,11.339818181818202
51.25,-1.25,286.5466666666667,13.396666666666704
51.25,-1.0,286.5708490566038,13.4208490566038
51.25,-0.75,287.26852941176475,14.118529411764769
51.25,-0.5,288.8714600550964,15.72146005509643
51.25,-0.25,288.704476534296,15.554476534296043
51.25,-0.0,288.1000518134715,14.950051813471532
51.25,0.25,288.3314948453608,15.181494845360817
51.25,0.5,287.69658536585365,14.546585365853673
51.25,0.75,287.2831413612565,14.133141361256548
51.25,1.0,288.0622026431718,14.912202643171838
51.25,1.25,287.9734156378601,14.823415637860137
51.25,1.5,287.2088888888889,14.05888888888893
51.25,10.75,284.1218181818182,10.971818181818207
51.25,11.0,285.914496124031,12.76449612403104
51.25,11.25,288.5679220779221,15.417922077922128
51.25,11.5,287.1222446689114,13.9722446689114
51.25,11.75,290.5778421052632,17.42784210526321
51.25,12.0,289.38217886178865,16.232178861788668
51.25,12.25,288.24245487364624,15.092454873646261
51.25,12.5,285.52481927710846,12.374819277108486
51.25,12.75,286.99634703196347,13.84634703196349
51.25,13.0,288.02000000000004,14.870000000000061
51.25,13.25,288.51085714285716,15.360857142857185
51.25,13.5,289.18135746606333,16.031357466063355
51.25,13.75,289.61497674418604,16.46497674418606
51.25,14.0,290.6716113744076,17.5216113744076
51.25,14.25,290.3996984924623,17.2496984924623
51.25,14.5,290.6825859697386,17.532585969738648
51.25,14.75,290.7861849710983,17.636184971098317
51.25,15.0,291.07249097472925,17.92249097472927
51.25,15.25,291.178431372549,18.02843137254905
51.25,15.5,291.75443396226416,18.60443396226418
51.25,15.75,291.59044534412953,18.440445344129557
51.25,16.0,291.2452112676056,18.095211267605634
51.25,16.25,292.9237421383648,19.77374213836481
51.25,16.5,293.3195145631068,20.169514563106816
51.25,16.75,291.857971473851,18.707971473851046
51.25,17.0,291.9517582417582,18.80175824175825
51.25,17.25,291.3214619883041,18.171461988304145
51.25,17.5,289.9614864864865,16.8114864864865
51.25,17.75,290.3783783783784,17.22837837837841
51.25,18.0,290.224513618677,17.07451361867703
51.25,18.25,289.94740298507463,16.797402985074655
51.25,18.5,292.2961374407583,19.14613744075831
51.25,18.75,293.2197757847534,20.069775784753404
51.25,19.0,294.24401384083046,21.094013840830485
51.25,19.25,294.10131818181816,20.95131818181818
51.25,19.5,293.6350888888889,20.485088888888924
51.25,19.75,289.38845598845603,16.238455988456053
51.25,20.0,287.7624742268041,14.612474226804125
51.25,20.25,287.1353846153846,13.985384615384646
51.25,20.5,286.72249999999997,13.572499999999991
51.25,20.75,287.7513432835821,14.601343283582139
51.25,21.0,288.46290909090914,15.312909090909159
51.25,21.25,287.71037037037036,14.560370370370379
51.25,21.5,287.9622222222222,14.812222222222204
51.25,27.5,292.824,19.674000000000035
51.25,27.75,290.57183098591554,17.421830985915562
51.25,28.0,293.58258620689656,20.432586206896588
51.25,28.25,294.25555555555553,21.105555555555554
51.25,28.5,292.89155056179777,19.741550561797794
51.25,28.75,292.08550351288056,18.935503512880587
51.25,29.0,295.46354143019295,22.31354143019297
51.25,29.25,295.43817777777775,22.288177777777776
51.25,29.5,296.21937777777777,23.069377777777788
51.25,29.75,295.01,21.860000000000014
51.25,30.0,291.7795510662178,18.6295510662178
51.25,30.25,286.31881904761906,13.168819047619081
51.25,30.5,286.1386538461539,12.988653846153909
51.25,30.75,285.92727272727274,12.77727272727276
51.5,-10.25,287.3742857142857,14.224285714285713
51.5,-10.0,288.0519047619048,14.901904761904802
51.5,-9.75,284.8989130434783,11.748913043478296
51.5,-9.5,282.5861904761905,9.436190476190518
51.5,-9.25,282.44774193548386,9.297741935483884
51.5,-8.75,283.55018181818184,10.400181818181863
51.5,-5.0,284.9386206896551,11.788620689655147
51.5,-4.25,279.61,6.460000000000036
51.5,-4.0,286.7924675324675,13.642467532467549
51.5,-3.75,287.35698924731184,14.206989247311867
51.5,-3.5,286.78140845070425,13.63140845070427
51.5,-3.25,288.35387862796836,15.203878627968379
51.5,-3.0,286.93679012345683,13.786790123456854
51.5,-2.75,286.87781094527367,13.727810945273689
51.5,-2.5,288.4711232876713,15.321123287671298
51.5,-2.25,287.4876923076923,14.33769230769235
51.5,-2.0,287.2920424403183,14.142042440318335
51.5,-1.75,288.56671794871795,15.416717948717974
51.5,-1.5,286.9095634095634,13.759563409563441
51.5,-1.25,286.588375,13.438375000000008
51.5,-1.0,287.5338495575221,14.383849557522126
51.5,-0.75,289.2524876441516,16.10248764415161
51.5,-0.5,289.55774834437085,16.407748344370873
51.5,-0.25,288.56306188925083,15.413061889250855
51.5,-0.0,287.4677894736842,14.317789473684229
51.5,0.25,286.16,13.010000000000048
51.5,0.5,283.46,10.310000000000002
51.5,0.75,285.98185567010313,12.831855670103153
51.5,1.25,284.21333333333337,11.06333333333339
51.5,1.5,289.13125,15.981250000000045
51.5,10.25,280.73400000000004,7.58400000000006
51.5,10.5,283.7494736842105,10.599473684210523
51.5,10.75,284.50094339622643,11.350943396226455
51.5,11.0,284.96310904872394,11.813109048723959
51.5,11.25,286.41636363636366,13.266363636363678
51.5,11.5,287.60730198019803,14.457301980198054
51.5,11.75,288.8306238185255,15.680623818525532
51.5,12.0,288.5079274611399,15.357927461139923
51.5,12.25,286.1479310344827,12.997931034482747
51.5,12.5,286.14285714285717,12.99285714285719
51.5,12.75,286.66593023255814,13.515930232558162
51.5,13.0,287.4744230769231,14.324423076923097
51.5,13.25,288.1569784172662,15.006978417266225
51.5,13.5,291.1566666666667,18.006666666666717
51.5,13.75,287.65909090909093,14.509090909090958
51.5,14.0,290.4245703839122,17.27457038391225
51.5,14.25,292.1419460726847,18.991946072684698
51.5,14.5,292.51240990990993,19.362409909909957
51.5,14.75,292.89230769230767,19.74230769230769
51.5,15.0,291.8326618705036,18.682661870503637
51.5,15.25,292.5663871763255,19.416387176325543
51.5,15.5,294.3358850574713,21.185885057471296
51.5,15.75,292.9546214099217,19.804621409921708
51.5,16.0,294.3192183908046,21.169218390804645
51.5,16.25,294.81613839285717,21.666138392857192
51.5,16.5,294.4901559020045,21.34015590200454
51.5,16.75,294.3772960893855,21.227296089385504
51.5,17.0,293.03163472378804,19.881634723788068
51.5,17.25,291.6564155844156,18.506415584415606
51.5,17.5,290.7810266940452,17.631026694045204
51.5,17.75,291.8083701657459,18.658370165745907
51.5,18.0,292.6128903654485,19.462890365448516
51.5,18.25,291.9396551724138,18.789655172413802
51.5,18.5,293.90914351851853,20.759143518518556
51.5,18.75,294.3760909090909,21.226090909090942
51.5,19.0,293.66412162162163,20.514121621621655
51.5,19.25,292.88906249999997,19.73906249999999
51.5,19.5,290.925219941349,17.775219941349008
51.5,19.75,288.7879159369527,15.637915936952709
51.5,20.0,290.95474835886216,17.804748358862184
51.5,20.25,289.6386187845304,16.488618784530445
51.5,20.5,291.5719772403983,18.42197724039835
51.5,20.75,290.7682252141983,17.618225214198333
51.5,21.0,290.3959128065395,17.245912806539536
51.5,21.25,290.7223076923077,17.57230769230773
51.5,21.5,289.21191235059763,16.06191235059765
51.5,21.75,287.13380281690144,13.98380281690146
51.5,28.5,293.8316,20.681600000000003
51.5,28.75,292.65849541284405,19.50849541284407
51.5,29.0,293.3287514585764,20.178751458576414
51.5,29.25,292.17501199040765,19.025011990407677
51.5,29.5,294.4447801578354,21.29478015783542
51.5,29.75,295.84668888888893,22.696688888888957
51.5,30.0,295.11390433815353,21.963904338153554
51.5,30.25,289.7105590062112,16.560559006211236
51.5,30.5,287.1694298245614,14.019429824561428
51.5,30.75,287.65820580474934,14.508205804749366
51.75,-10.0,286.43934959349593,13.289349593495956
51.75,-9.75,283.5835398230089,10.433539823008914
51.75,-9.5,279.7925,6.642500000000041
51.75,-9.0,278.1786486486487,5.028648648648698
51.75,-8.75,282.0862585034014,8.936258503401405
51.75,-8.5,276.77944444444444,3.6294444444444594
51.75,-8.25,279.46,6.310000000000002
51.75,-8.0,282.632,9.482000000000028
51.75,-5.25,278.86758620689653,5.717586206896556
51.75,-5.0,285.978606557377,12.828606557377043
51.75,-4.75,284.09582278481014,10.945822784810161
51.75,-4.5,281.81500000000005,8.665000000000077
51.75,-4.25,284.2042718446602,11.054271844660207
51.75,-4.0,286.0880686695279,12.938068669527922
51.75,-3.75,286.75731800766283,13.607318007662855
51.75,-3.5,285.07866666666666,11.928666666666686
51.75,-3.25,285.47041666666667,12.320416666666688
51.75,-3.0,286.6730158730159,13.523015873015936
51.75,-2.75,286.9798443579767,13.829844357976697
51.75,-2.5,286.19087613293055,13.040876132930578
51.75,-2.25,287.12685,13.976850000000013
51.75,-2.0,286.75265306122446,13.602653061224487
51.75,-1.75,286.1567539267016,13.006753926701606
51.75,-1.5,285.97158208955227,12.821582089552294
51.75,-1.25,287.09003663003665,13.940036630036673
51.75,-1.0,286.95896907216496,13.808969072164984
51.75,-0.75,285.66577405857737,12.515774058577392
51.75,-0.5,286.2138219895288,13.063821989528833
51.75,-0.25,288.21671641791045,15.06671641791047
51.75,-0.0,285.66285714285715,12.512857142857172
51.75,0.25,286.295,13.145000000000039
51.75,0.5,283.8,10.650000000000034
51.75,1.25,283.8940298507463,10.744029850746301
51.75,11.0,282.94117647058823,9.791176470588255
51.75,11.25,283.8235761589404,10.67357615894042
51.75,11.5,284.78254545454547,11.632545454545493
51.75,11.75,287.6341630901287,14.484163090128732
51.75,12.0,286.73774647887325,13.587746478873271
51.75,12.25,284.9818181818182,11.831818181818221
51.75,12.5,283.98369565217394,10.833695652173958
51.75,12.75,286.429865470852,13.27986547085203
51.75,13.0,286.3690909090909,13.219090909090937
51.75,13.25,286.77953488372094,13.629534883720964
51.75,13.5,281.12666666666667,7.976666666666688
51.75,13.75,286.6052,13.455200000000048
51.75,14.0,289.05886621315193,15.908866213151953
51.75,14.25,290.5206946983547,17.370694698354725
51.75,14.5,290.0331024930748,16.88310249307483
51.75,14.75,291.63578125,18.485781250000002
51.75,15.0,293.3244370122631,20.174437012263127
51.75,15.25,293.2727804878049,20.122780487804903
51.75,15.5,294.7333632286996,21.583363228699625
51.75,15.75,294.15886666666665,21.008866666666677
51.75,16.0,293.8860646599777,20.73606465997773
51.75,16.25,294.4904474272931,21.3404474272931
51.75,16.5,293.72820143884894,20.578201438848964
51.75,16.75,292.24657668711654,19.096576687116567
51.75,17.0,293.0401571268238,19.890157126823794
51.75,17.25,293.48119158878507,20.33119158878509
51.75,17.5,293.2722048997773,20.12220489977733
51.75,17.75,293.5114222222223,20.361422222222302
51.75,18.0,294.5592880978865,21.40928809788653
51.75,18.25,293.79965477560415,20.649654775604176
51.75,18.5,293.875722679201,20.725722679201
51.75,18.75,292.7811111111111,19.631111111111125
51.75,19.0,292.5285777777778,19.37857777777782
51.75,19.25,291.9717604790419,18.821760479041927
51.75,19.5,292.50965699208444,19.359656992084467
51.75,19.75,293.0161231470924,19.866123147092424
51.75,20.0,293.7309598214286,20.58095982142862
51.75,20.25,293.23164444444444,20.081644444444464
51.75,20.5,292.6942888888889,19.5442888888889
51.75,20.75,293.233,20.083000000000027
51.75,21.0,291.0303240223464,17.88032402234643
51.75,21.25,290.54807215332585,17.39807215332587
51.75,21.5,291.4206285072952,18.270628507295214
51.75,21.75,289.12847926267284,15.978479262672863
51.75,22.0,290.2140106951872,17.06401069518722
51.75,28.75,288.16615384615386,15.016153846153884
51.75,29.0,290.145945945946,16.995945945946005
51.75,29.25,290.49178343949046,17.341783439490484
51.75,29.5,292.13413153457,18.984131534569997
51.75,29.75,294.8760245398773,21.7260245398773
51.75,30.0,297.23640449438204,24.086404494382066
51.75,30.25,292.95431085043987,19.80431085043989
51.75,30.5,287.829705882353,14.679705882353005
51.75,30.75,286.5454857142857,13.395485714285712
51.75,31.0,285.9577443609022,12.807744360902234
52.0,-10.5,279.6118518518519,6.461851851851918
52.0,-10.25,284.897037037037,11.747037037037046
52.0,-10.0,286.7519083969466,13.601908396946612
52.0,-9.75,285.5415238095238,12.391523809523846
52.0,-9.5,283.0618181818182,9.911818181818205
52.0,-9.0,278.9824,5.832400000000007
52.0,-8.75,280.8034328358209,7.653432835820922
52.0,-8.5,275.8211111111111,2.671111111111145
52.0,-8.25,285.52,12.370000000000005
52.0,-8.0,284.09857142857146,10.948571428571483
52.0,-5.25,280.60172839506174,7.451728395061764
52.0,-5.0,285.6475799086758,12.497579908675846
52.0,-4.75,282.4506818181818,9.300681818181829
52.0,-4.5,284.638938547486,11.488938547486043
52.0,-4.25,285.65985074626866,12.509850746268683
52.0,-4.0,286.48400000000004,13.33400000000006
52.0,-3.75,284.58181818181816,11.431818181818187
52.0,-2.75,285.75703703703704,12.60703703703706
52.0,-2.5,286.574036939314,13.424036939314021
52.0,-2.25,286.83062200956937,13.68062200956939
52.0,-2.0,287.88951807228915,14.739518072289172
52.0,-1.75,286.94891666666666,13.798916666666685
52.0,-1.5,285.3296296296296,12.17962962962963
52.0,-1.25,285.90000000000003,12.750000000000057
52.0,-1.0,286.59398373983737,13.443983739837392
52.0,-0.75,287.2445714285714,14.094571428571442
52.0,-0.5,287.01270833333336,13.862708333333387
52.0,0.5,283.8,10.650000000000034
52.0,1.0,284.00666666666666,10.856666666666683
52.0,1.25,282.2123943661972,9.062394366197225
52.0,10.5,281.5961904761905,8.446190476190509
52.0,11.0,284.03852941176467,10.888529411764694
52.0,11.25,285.3380952380952,12.18809523809523
52.0,11.5,286.9954948805461,13.845494880546141
52.0,11.75,287.9201759530792,14.770175953079217
52.0,12.0,286.4766024518389,13.326602451838937
52.0,12.25,286.1393137254902,12.989313725490206
52.0,12.5,285.4729559748428,12.322955974842841
52.0,12.75,286.42777777777775,13.277777777777771
52.0,13.0,288.8233333333333,15.673333333333346
52.0,13.25,287.9816666666667,14.831666666666706
52.0,13.5,286.1234666666667,12.973466666666695
52.0,13.75,287.26024096385544,14.11024096385546
52.0,14.0,288.675980861244,15.525980861244022
52.0,14.25,289.65422222222224,16.504222222222268
52.0,14.5,290.39446428571426,17.244464285714287
52.0,14.75,292.2822444444445,19.132244444444495
52.0,15.0,292.46382222222223,19.313822222222257
52.0,15.25,292.37548888888887,19.22548888888889
52.0,15.5,291.78555555555556,18.635555555555584
52.0,15.75,291.9683555555556,18.818355555555627
52.0,16.0,292.27993333333336,19.129933333333383
52.0,16.25,292.93449209932277,19.78449209932279
52.0,16.5,291.854375,18.704375000000027
52.0,16.75,292.7189977728285,19.56899777282854
52.0,17.0,292.9017441860465,19.75174418604655
52.0,17.25,292.56529477196887,19.415294771968888
52.0,17.5,293.3041870824054,20.15418708240543
52.0,17.75,292.29817777777777,19.14817777777779
52.0,18.0,292.2117906976744,19.06179069767444
52.0,18.25,292.27193657984145,19.121936579841474
52.0,18.5,292.91693002257335,19.766930022573376
52.0,18.75,292.3618382352941,19.211838235294124
52.0,19.0,292.6925357142857,19.542535714285748
52.0,19.25,292.6216099071207,19.47160990712075
52.0,19.5,292.0889568345324,18.938956834532405
52.0,19.75,294.1894935217903,21.039493521790348
52.0,20.0,293.63633177570097,20.48633177570099
52.0,20.25,292.42684684684684,19.276846846846865
52.0,20.5,293.81388888888887,20.66388888888889
52.0,20.75,291.509418344519,18.359418344519042
52.0,21.0,289.15814898419865,16.00814898419867
52.0,21.25,291.3566206896552,18.20662068965521
52.0,21.5,291.88067264573993,18.730672645739958
52.0,21.75,290.935,17.785000000000025
52.0,22.0,290.53975652173915,17.389756521739173
52.0,22.25,289.8986666666667,16.748666666666736
52.0,22.5,289.5254545454546,16.375454545454602
52.0,29.5,289.84073394495414,16.69073394495416
52.0,29.75,292.6976,19.547600000000045
52.0,30.0,293.8636842105263,20.71368421052631
52.0,30.25,293.06963963963966,19.919639639639684
52.0,30.5,289.2732588454376,16.123258845437647
52.0,30.75,286.1507936507937,13.000793650793696
52.0,31.0,285.88,12.730000000000018
52.0,31.25,286.2502777777778,13.10027777777782
52.25,-10.5,281.30925,8.159250000000043
52.25,-10.25,283.2747280334728,10.12472803347282
52.25,-10.0,286.63974193548387,13.489741935483892
52.25,-9.75,281.5839130434783,8.433913043478299
52.25,-9.5,281.5213793103448,8.371379310344821
52.25,-9.25,278.95,5.800000000000011
52.25,-9.0,278.5963636363636,5.446363636363628
52.25,-4.5,284.835593220339,11.685593220339001
52.25,-4.25,284.39801242236024,11.248012422360262
52.25,-4.0,285.78487179487183,12.634871794871856
52.25,-3.75,285.98,12.830000000000041
52.25,-2.75,285.04,11.890000000000043
52.25,-2.5,284.9173611111111,11.767361111111143
52.25,-2.25,284.3638888888889,11.213888888888903
52.25,-2.0,286.31351851851855,13.163518518518572
52.25,-1.75,287.37652173913045,14.226521739130476
52.25,-1.5,283.38,10.230000000000018
52.25,-0.5,282.82,9.670000000000016
52.25,-0.25,276.8869230769231,3.7369230769231194
52.25,-0.0,285.41857142857145,12.268571428571477
52.25,0.25,286.652,13.50200000000001
52.25,0.5,283.556,10.406000000000006
52.25,0.75,283.9975,10.847500000000025
52.25,11.0,285.23214285714283,12.082142857142856
52.25,11.25,285.4615384615385,12.311538461538532
52.25,11.5,284.4256179775281,11.2756179775281
52.25,11.75,285.6852258064516,12.535225806451649
52.25,12.0,285.4720231213873,12.322023121387303
52.25,12.25,287.57220489977726,14.422204899777284
52.25,12.5,285.7788695652174,12.628869565217428
52.25,12.75,286.5963095238095,13.446309523809532
52.25,13.0,286.5743278084715,13.424327808471503
52.25,13.25,288.89867889908254,15.748678899082563
52.25,13.5,287.6062526766595,14.456252676659517
52.25,13.75,287.729272467903,14.579272467903024
52.25,14.0,288.78615384615387,15.636153846153888
52.25,14.25,289.40069584736256,16.25069584736258
52.25,14.5,289.7339285714286,16.5839285714286
52.25,14.75,289.9322522522522,16.78225225225225
52.25,15.0,289.9420535714286,16.792053571428596
52.25,15.25,289.44593333333336,16.29593333333338
52.25,15.5,290.084790960452,16.934790960452005
52.25,15.75,291.15236080178175,18.002360801781776
52.25,16.0,292.0105961754781,18.860596175478122
52.25,16.25,291.20943613348675,18.05943613348677
52.25,16.5,290.8256702253855,17.675670225385545
52.25,16.75,291.98298206278025,18.832982062780275
52.25,17.0,292.5786464410735,19.42864644107351
52.25,17.25,293.3541242937853,20.2041242937853
52.25,17.5,291.83265765765765,18.68265765765767
52.25,17.75,291.2926160815402,18.14261608154021
52.25,18.0,290.8581162790698,17.708116279069827
52.25,18.25,290.60856820744084,17.458568207440862
52.25,18.5,291.054420206659,17.90442020665904
52.25,18.75,290.4627712854758,17.312771285475833
52.25,19.0,291.3551327433628,18.20513274336281
52.25,19.25,292.18266280752533,19.032662807525355
52.25,19.5,293.0202463054187,19.870246305418732
52.25,19.75,294.57408,21.424080000000004
52.25,20.0,289.86918322295804,16.719183222958065
52.25,20.25,290.19594142259416,17.045941422594183
52.25,20.5,291.4065234899329,18.25652348993293
52.25,20.75,287.7154309165527,14.565430916552714
52.25,21.0,288.1688888888889,15.01888888888891
52.25,21.25,290.0981278538813,16.948127853881317
52.25,21.5,292.7766222222223,19.626622222222295
52.25,21.75,292.8358389261745,19.68583892617454
52.25,22.0,289.9030235783634,16.75302357836341
52.25,22.25,290.14602693602694,16.996026936026965
52.25,22.5,289.92417670682727,16.77417670682729
52.25,22.75,288.64,15.490000000000009
52.25,29.75,288.05333333333334,14.903333333333364
52.25,30.0,288.4894117647059,15.339411764705915
52.25,30.25,289.58,16.430000000000007
52.25,30.5,287.6078481012658,14.457848101265824
52.25,30.75,284.10370370370373,10.953703703703752
52.25,31.0,283.0621052631579,9.912105263157912
52.25,31.5,283.96571428571434,10.815714285714364
52.5,-10.0,282.65705882352944,9.507058823529462
52.5,-9.75,284.7093442622951,11.559344262295099
52.5,-9.5,282.0334246575342,8.883424657534249
52.5,-9.25,278.4966515837104,5.346651583710411
52.5,-9.0,280.8502564102564,7.700256410256429
52.5,-8.5,266.114,-7.036000000000001
52.5,-8.25,279.90000000000003,6.750000000000057
52.5,-2.75,283.74,10.590000000000032
52.5,-2.5,281.56800000000004,8.418000000000063
52.5,-2.0,284.43611111111113,11.286111111111154
52.5,-0.75,281.83411764705886,8.684117647058883
52.5,-0.5,283.1918446601942,10.041844660194215
52.5,-0.25,287.05344398340253,13.903443983402553
52.5,-0.0,287.7394705882353,14.589470588235315
52.5,0.25,286.69460410557184,13.544604105571864
52.5,0.5,285.2759821428571,12.12598214285714
52.5,0.75,283.7309803921569,10.580980392156903
52.5,11.25,284.1875,11.037500000000023
52.5,11.5,285.31333333333333,12.163333333333355
52.5,11.75,285.7851502145923,12.63515021459233
52.5,12.0,286.0791702432046,12.929170243204624
52.5,12.25,286.6932881355932,13.54328813559323
52.5,12.5,287.13546635183,13.985466351830041
52.5,12.75,288.0541230068337,14.904123006833743
52.5,13.0,290.114802259887,16.96480225988705
52.5,13.25,291.7854505005562,18.635450500556203
52.5,13.5,293.0323915461624,19.88239154616241
52.5,13.75,289.722841163311,16.57284116331101
52.5,14.0,288.1845993031359,15.034599303135906
52.5,14.25,288.03889338731443,14.888893387314454
52.5,14.5,290.7685714285714,17.618571428571443
52.5,14.75,291.1506444444445,18.000644444444504
52.5,15.0,289.6538100558659,16.503810055865927
52.5,15.25,288.3452242152466,15.19522421524664
52.5,15.5,288.894200913242,15.744200913242025
52.5,15.75,290.1025536723164,16.952553672316412
52.5,16.0,290.6215555555556,17.471555555555597
52.5,16.25,292.1484,18.998400000000004
52.5,16.5,292.0932071269488,18.943207126948835
52.5,16.75,292.4180666666667,19.268066666666698
52.5,17.0,292.04851111111117,18.89851111111119
52.5,17.25,290.1122869955157,16.96228699551574
52.5,17.5,289.68364245810056,16.533642458100587
52.5,17.75,289.8377480490524,16.687748049052402
52.5,18.0,287.6813727810651,14.531372781065102
52.5,18.25,288.43,15.28000000000003
52.5,18.5,289.79221732745964,16.64221732745966
52.5,18.75,287.4133884297521,14.263388429752126
52.5,19.0,291.3032460732984,18.15324607329842
52.5,19.25,290.72643137254903,17.576431372549052
52.5,19.5,291.13092402464065,17.98092402464067
52.5,19.75,289.6596475770925,16.50964757709255
52.5,20.0,287.7423580786026,14.592358078602615
52.5,20.25,290.9607888040712,17.81078880407125
52.5,20.5,288.04857843137256,14.898578431372584
52.5,20.75,285.99724637681163,12.847246376811654
52.5,21.0,289.6596551724138,16.50965517241383
52.5,21.25,292.19002227171495,19.040022271714975
52.5,21.5,294.88486666666665,21.734866666666676
52.5,21.75,295.2095768374165,22.0595768374165
52.5,22.0,293.29968574635245,20.149685746352475
52.5,22.25,292.8686,19.718600000000038
52.5,22.5,291.74235,18.59235000000001
52.5,22.75,290.871,17.721000000000004
52.75,-9.75,281.55179487179487,8.401794871794891
52.75,-9.5,280.2711764705883,7.121176470588296
52.75,-9.25,282.2943373493976,9.144337349397631
52.75,-9.0,282.79225,9.642250000000047
52.75,-8.75,280.53033112582784,7.380331125827865
52.75,-8.5,276.5153333333334,3.3653333333334103
52.75,-7.75,272.62666666666667,-0.5233333333333121
52.75,-7.5,280.93625000000003,7.786250000000052
52.75,-7.25,281.9294117647059,8.779411764705912
52.75,-7.0,283.42,10.270000000000039
52.75,-6.75,283.6411965811966,10.491196581196618
52.75,-6.5,281.9633333333333,8.813333333333333
52.75,-6.25,285.22526315789474,12.075263157894767
52.75,-4.0,280.3725,7.222500000000025
52.75,-3.75,280.6909090909091,7.5409090909091105
52.75,-3.5,280.0942857142857,6.944285714285741
52.75,-2.75,282.61466666666666,9.464666666666687
52.75,-2.5,282.95428571428573,9.804285714285754
52.75,-2.25,260.28000000000003,-12.869999999999948
52.75,-1.75,259.13,-14.019999999999982
52.75,-1.5,279.88272727272727,6.732727272727288
52.75,-1.0,285.9196694214876,12.769669421487606
52.75,-0.75,285.8271717171717,12.677171717171746
52.75,-0.5,285.6043165467626,12.45431654676264
52.75,-0.25,286.6940636042403,13.544063604240307
52.75,-0.0,287.9927548806942,14.842754880694201
52.75,0.25,286.82968036529684,13.67968036529686
52.75,0.5,284.0101910828025,10.860191082802544
52.75,0.75,282.31687500000004,9.166875000000061
52.75,11.25,282.8395454545455,9.68954545454551
52.75,11.5,285.687,12.537000000000035
52.75,11.75,285.3647678018576,12.214767801857647
52.75,12.0,286.1218336886994,12.971833688699405
52.75,12.25,287.6251877133106,14.475187713310618
52.75,12.5,288.63836919592296,15.488369195922985
52.75,12.75,289.69858880778594,16.54858880778596
52.75,13.0,288.80712394705176,15.657123947051787
52.75,13.25,288.3605382436261,15.210538243626104
52.75,13.5,288.625,15.475000000000023
52.75,13.75,288.2696881959911,15.119688195991102
52.75,14.0,288.6490625,15.499062500000036
52.75,14.25,291.4447491638796,18.2947491638796
52.75,14.5,289.65101675977655,16.501016759776576
52.75,14.75,288.65400890868597,15.50400890868599
52.75,15.0,289.4396222222222,16.28962222222225
52.75,15.25,289.93975555555556,16.789755555555587
52.75,15.5,289.80227424749165,16.652274247491675
52.75,15.75,289.729375,16.579375000000027
52.75,16.0,289.69165336374004,16.541653363740068
52.75,16.25,290.1866816647919,17.0366816647919
52.75,16.5,290.0336363636364,16.883636363636413
52.75,16.75,291.00608811749,17.856088117490003
52.75,17.0,292.2821205357143,19.132120535714307
52.75,17.25,291.47144175317186,18.321441753171882
52.75,17.5,291.0980602006689,17.94806020066892
52.75,17.75,290.2460157126824,17.0960157126824
52.75,18.0,289.1602820211516,16.010282021151625
52.75,18.25,290.0403562945368,16.890356294536844
52.75,18.5,289.6067982456141,16.456798245614095
52.75,18.75,287.7878431372549,14.637843137254947
52.75,19.0,286.23,13.080000000000041
52.75,19.25,288.1675675675676,15.017567567567596
52.75,19.75,285.11333333333334,11.963333333333367
52.75,20.0,289.6308045977012,16.480804597701194
52.75,20.25,289.66341637010675,16.513416370106768
52.75,20.5,288.54183050847456,15.391830508474584
52.75,20.75,290.3534894613583,17.203489461358345
52.75,21.0,292.5871392405063,19.437139240506326
52.75,21.25,294.42694475760993,21.276944757609954
52.75,21.5,294.9391061452514,21.789106145251424
52.75,21.75,294.12779279279283,20.977792792792854
52.75,22.0,294.42417410714285,21.27417410714287
52.75,22.25,294.221372328459,21.071372328459006
52.75,22.5,293.05691078561915,19.906910785619175
52.75,22.75,290.0620382165605,16.912038216560518
52.75,23.0,288.7060696517413,15.556069651741325
52.75,23.25,287.2325714285715,14.082571428571498
53.0,-9.75,273.06,-0.08999999999997499
53.0,-9.5,278.83354838709676,5.683548387096778
53.0,-9.25,284.61980119284294,11.469801192842965
53.0,-9.0,286.3646979865772,13.214697986577221
53.0,-8.5,281.52574468085106,8.375744680851085
53.0,-8.25,273.98,0.8300000000000409
53.0,-7.5,277.3775,4.2275000000000205
53.0,-7.25,279.77384615384614,6.623846153846159
53.0,-7.0,279.14250000000004,5.992500000000064
53.0,-6.75,283.6296875,10.479687500000011
53.0,-6.5,278.81288135593223,5.662881355932257
53.0,-6.25,283.5095625,10.359562500000038
53.0,-4.0,279.597037037037,6.447037037037035
53.0,-3.75,282.832,9.682000000000016
53.0,-3.5,284.15025,11.000250000000051
53.0,-3.25,280.36466666666666,7.214666666666687
53.0,-3.0,282.75333333333333,9.603333333333353
53.0,-2.75,281.5674285714286,8.417428571428616
53.0,-2.5,284.1898039215686,11.039803921568648
53.0,-2.25,283.44869565217397,10.29869565217399
53.0,-2.0,281.15263157894736,8.002631578947387
53.0,-1.75,284.02799999999996,10.877999999999986
53.0,-1.5,284.3518367346939,11.201836734693927
53.0,-1.25,288.47253012048196,15.322530120481986
53.0,-1.0,288.17529411764707,15.025294117647093
53.0,-0.75,287.4281739130435,14.278173913043531
53.0,-0.5,285.04828402366866,11.89828402366868
53.0,-0.25,287.152,14.00200000000001
53.0,-0.0,286.3805610561056,13.230561056105614
53.0,0.25,282.59425,9.444250000000011
53.0,0.5,281.94354838709677,8.793548387096791
53.0,11.5,282.99222222222227,9.84222222222229
53.0,12.0,285.0443822843823,11.894382284382345
53.0,12.25,286.51060728744943,13.360607287449454
53.0,12.5,286.9972298325723,13.847229832572339
53.0,12.75,287.45660685154974,14.306606851549759
53.0,13.0,287.8850914205345,14.735091420534502
53.0,13.25,289.17990000000003,16.029900000000055
53.0,13.5,288.60743047830925,15.457430478309277
53.0,13.75,287.9537149270483,14.803714927048304
53.0,14.0,289.16091517857143,16.01091517857145
53.0,14.25,289.1161787709497,15.966178770949739
53.0,14.5,288.87231284916203,15.722312849162051
53.0,14.75,287.96504587155965,14.815045871559676
53.0,15.0,289.332790960452,16.182790960451996
53.0,15.25,289.18910714285715,16.039107142857176
53.0,15.5,290.659977703456,17.509977703456002
53.0,15.75,290.08006681514473,16.930066815144755
53.0,16.0,289.84278396436525,16.692783964365276
53.0,16.25,290.84453932584273,17.694539325842754
53.0,16.5,290.9052657004831,17.755265700483108
53.0,16.75,290.03265745007684,16.882657450076863
53.0,17.0,289.8217763157895,16.671776315789543
53.0,17.25,290.12690265486725,16.976902654867274
53.0,17.5,290.03444055944055,16.884440559440577
53.0,17.75,289.5364705882353,16.38647058823534
53.0,18.0,288.8464655172414,15.69646551724145
53.0,18.25,289.1977777777778,16.04777777777781
53.0,18.5,288.03,14.879999999999995
53.0,18.75,288.916,15.76600000000002
53.0,19.0,286.66857142857145,13.518571428571477
53.0,20.25,287.552380952381,14.402380952381009
53.0,20.5,289.866875,16.716875000000016
53.0,20.75,293.55446153846157,20.40446153846159
53.0,21.0,293.5569040247678,20.40690402476781
53.0,21.25,292.9313163064833,19.781316306483347
53.0,21.5,294.3407537688442,21.190753768844218
53.0,21.75,294.97892976588633,21.828929765886357
53.0,22.0,294.45455964325527,21.30455964325529
53.0,22.25,294.0190222222222,20.869022222222213
53.0,22.5,293.7256888888889,20.57568888888892
53.0,22.75,292.9862933930571,19.836293393057133
53.0,23.0,291.70599520383695,18.55599520383697
53.0,23.25,291.11702997275205,17.967029972752073
53.0,23.5,288.3052073732719,15.155207373271935
53.0,23.75,288.1883667621777,15.038366762177702
53.0,24.0,288.33896907216496,15.18896907216498
53.0,24.25,288.14,14.990000000000009
53.25,-9.75,281.80362694300516,8.653626943005179
53.25,-9.5,284.2476855895197,11.097685589519699
53.25,-9.25,285.05992592592594,11.909925925925961
53.25,-9.0,285.00701657458563,11.857016574585657
53.25,-8.75,283.17737931034486,10.027379310344884
53.25,-8.5,282.2981027667984,9.148102766798445
53.25,-8.25,278.1260606060606,4.976060606060628
53.25,-8.0,279.2505555555556,6.100555555555616
53.25,-7.25,278.9654545454546,5.8154545454546
53.25,-7.0,281.3475757575758,8.197575757575805
53.25,-6.75,279.7455882352941,6.595588235294144
53.25,-6.5,280.67713004484307,7.527130044843091
53.25,-6.25,281.74510638297875,8.59510638297877
53.25,-4.75,276.2542857142857,3.1042857142857088
53.25,-4.5,280.2441095890411,7.094109589041125
53.25,-4.25,279.23925333333335,6.0892533333333745
53.25,-4.0,277.86040816326533,4.710408163265356
53.25,-3.75,280.2936296296296,7.143629629629629
53.25,-3.5,282.192,9.04200000000003
53.25,-3.25,283.93251282051284,10.782512820512864
53.25,-3.0,285.2966292134832,12.146629213483209
53.25,-2.75,284.1757837837838,11.025783783783822
53.25,-2.5,284.9494366197183,11.799436619718335
53.25,-2.25,285.6892142857143,12.539214285714309
53.25,-2.0,284.3457142857143,11.195714285714303
53.25,-1.75,282.26666666666665,9.116666666666674
53.25,-1.5,284.60903225806453,11.459032258064553
53.25,-1.25,284.8266101694915,11.67661016949154
53.25,-1.0,286.7809420289855,13.630942028985544
53.25,-0.75,287.82821192052984,14.678211920529861
53.25,-0.5,288.8543890274314,15.704389027431432
53.25,-0.25,286.6472580645161,13.497258064516132
53.25,-0.0,283.39492063492065,10.244920634920675
53.25,0.25,283.18,10.03000000000003
53.25,6.5,285.86641509433963,12.716415094339652
53.25,6.75,285.85639810426545,12.706398104265475
53.25,7.0,286.85578947368424,13.705789473684263
53.25,7.25,287.2993469387755,14.149346938775523
53.25,7.5,287.2348648648649,14.084864864864926
53.25,7.75,286.5207518796993,13.370751879699299
53.25,8.5,281.85161290322577,8.701612903225794
53.25,8.75,282.62,9.470000000000027
53.25,11.75,281.41333333333336,8.263333333333378
53.25,12.0,285.2217543859649,12.071754385964937
53.25,12.25,285.9483053040104,12.798305304010398
53.25,12.5,287.031715285881,13.881715285881
53.25,12.75,286.5371612903226,13.387161290322638
53.25,13.0,286.29348235294117,13.143482352941191
53.25,13.25,286.83329583802026,13.683295838020285
53.25,13.5,286.8245894263217,13.674589426321745
53.25,13.75,288.77264,15.622640000000047
53.25,14.0,289.2889285714286,16.138928571428607
53.25,14.25,289.1234888888889,15.973488888888937
53.25,14.5,290.0394877505568,16.88948775055684
53.25,14.75,289.71084937712345,16.560849377123475
53.25,15.0,290.07939814814813,16.929398148148152
53.25,15.25,290.7546888888889,17.604688888888916
53.25,15.5,291.1602006688963,18.010200668896346
53.25,15.75,290.074,16.924000000000035
53.25,16.0,289.6711234705228,16.52112347052281
53.25,16.25,290.3173124300112,17.167312430011236
53.25,16.5,290.6394660734149,17.489466073414917
53.25,16.75,289.9782569832402,16.828256983240237
53.25,17.0,291.8880865603645,18.738086560364536
53.25,17.25,291.04714689265535,17.89714689265537
53.25,17.5,289.9510169491526,16.801016949152597
53.25,17.75,289.1359748427673,15.985974842767348
53.25,18.0,286.2336363636364,13.083636363636401
53.25,18.25,286.89,13.740000000000009
53.25,18.5,288.56666666666666,15.416666666666686
53.25,20.25,288.24,15.090000000000032
53.25,20.5,288.58044943820227,15.430449438202288
53.25,20.75,288.8259090909091,15.675909090909101
53.25,21.25,291.8147663551402,18.664766355140216
53.25,21.5,293.05278350515465,19.902783505154673
53.25,21.75,293.3007251908397,20.15072519083975
53.25,22.0,293.3347938751472,20.18479387514725
53.25,22.25,293.44567567567566,20.29567567567568
53.25,22.5,292.8818934911243,19.73189349112431
53.25,22.75,293.6188876529477,20.46888765294773
53.25,23.0,292.1582718894009,19.00827188940093
53.25,23.25,290.52910866910867,17.37910866910869
53.25,23.5,288.65932299012695,15.509322990126975
53.25,23.75,288.86037735849055,15.710377358490575
53.25,24.0,289.3012931034483,16.151293103448324
53.25,24.25,288.17812080536913,15.028120805369156
53.25,24.5,287.4236363636364,14.273636363636399
53.25,24.75,287.3920408163265,14.24204081632655
53.25,25.0,286.9219178082192,13.7719178082192
53.25,25.25,286.6528888888889,13.502888888888947
53.5,-10.25,281.98,8.830000000000041
53.5,-10.0,275.19401459854015,2.0440145985401728
53.5,-9.75,274.80290076335876,1.6529007633587867
53.5,-9.5,276.3577570093458,3.207757009345812
53.5,-9.25,279.74655391120507,6.596553911205092
53.5,-9.0,281.84224,8.692240000000027
53.5,-8.75,285.6280172413793,12.478017241379348
53.5,-8.5,284.6332167832168,11.483216783216847
53.5,-8.25,280.70388157894735,7.553881578947369
53.5,-8.0,275.4466666666667,2.296666666666738
53.5,-7.75,277.8735135135135,4.723513513513524
53.5,-7.5,278.0685611510791,4.918561151079132
53.5,-7.25,279.87885416666666,6.728854166666679
53.5,-7.0,281.8537552742616,8.703755274261596
53.5,-6.75,281.5592771084338,8.409277108433798
53.5,-6.5,280.4084137931035,7.2584137931035
53.5,-6.25,282.8268263473054,9.67682634730545
53.5,-6.0,283.0631818181818,9.91318181818184
53.5,-4.5,273.43365853658537,0.2836585365853921
53.5,-4.25,278.70799999999997,5.557999999999993
53.5,-3.0,288.99488038277514,15.844880382775159
53.5,-2.75,289.22416927899684,16.074169278996862
53.5,-2.5,288.2617301038062,15.111730103806224
53.5,-2.25,289.0986894586895,15.9486894586895
53.5,-2.0,285.85616000000005,12.706160000000068
53.5,-1.75,284.47161290322583,11.321612903225855
53.5,-1.5,286.4904054054054,13.34040540540542
53.5,-1.25,287.18857142857144,14.038571428571458
53.5,-1.0,288.67652530779753,15.526525307797556
53.5,-0.75,289.2812666666667,16.131266666666704
53.5,-0.5,286.85930618401204,13.709306184012064
53.5,-0.25,283.0758007117438,9.925800711743818
53.5,6.25,284.38649999999996,11.236499999999978
53.5,6.5,285.91212121212124,12.762121212121258
53.5,6.75,286.2818991097923,13.1318991097923
53.5,7.0,286.6330701754386,13.483070175438627
53.5,7.25,285.9274229346486,12.777422934648598
53.5,7.5,285.6270731707317,12.477073170731728
53.5,7.75,285.1790303030303,12.02903030303031
53.5,8.0,281.94823529411764,8.79823529411766
53.5,8.25,280.05573333333336,6.905733333333387
53.5,8.5,281.55613636363637,8.406136363636392
53.5,10.75,281.1491489361702,7.999148936170229
53.5,11.0,281.21656652360514,8.066566523605161
53.5,11.25,281.6490181818182,8.499018181818201
53.5,11.5,283.120085106383,9.97008510638301
53.5,11.75,283.150310880829,10.000310880829034
53.5,12.0,284.430213371266,11.28021337126603
53.5,12.25,283.9248228882834,10.774822888283438
53.5,12.5,285.4796670630202,12.329667063020224
53.5,12.75,285.14633257403193,11.996332574031953
53.5,13.0,287.07381535038934,13.923815350389361
53.5,13.25,287.4040223463687,14.254022346368743
53.5,13.5,288.0311409395973,14.881140939597344
53.5,13.75,288.24207589285714,15.092075892857167
53.5,14.0,288.982,15.83200000000005
53.5,14.25,289.3127333333333,16.162733333333335
53.5,14.5,289.90537853107344,16.75537853107346
53.5,14.75,288.632466367713,15.482466367713016
53.5,15.0,290.2801111111111,17.130111111111148
53.5,15.25,290.89733333333334,17.74733333333336
53.5,15.5,290.3214031180401,17.171403118040132
53.5,15.75,290.2985777777778,17.148577777777803
53.5,16.0,290.02037777777775,16.870377777777776
53.5,16.25,290.0459020044543,16.895902004454342
53.5,16.5,290.13826280623607,16.988262806236094
53.5,16.75,290.40798165137613,17.257981651376156
53.5,17.0,289.37436585365856,16.224365853658583
53.5,17.25,290.15770226537217,17.00770226537219
53.5,17.5,289.51346534653464,16.363465346534667
53.5,17.75,288.3136666666667,15.1636666666667
53.5,18.25,285.574,12.424000000000035
53.5,18.5,286.32933333333335,13.179333333333375
53.5,20.75,284.84000000000003,11.690000000000055
53.5,21.5,281.28000000000003,8.130000000000052
53.5,21.75,288.3676190476191,15.21761904761911
53.5,22.0,291.46770967741935,18.317709677419373
53.5,22.25,292.0621902017291,18.912190201729118
53.5,22.5,289.79,16.640000000000043
53.5,22.75,292.55033333333336,19.40033333333338
53.5,23.0,292.34162528216706,19.19162528216708
53.5,23.25,292.22526666666664,19.075266666666664
53.5,23.5,292.5824943820225,19.432494382022526
53.5,23.75,291.18261282660336,18.032612826603383
53.5,24.0,290.64541953232464,17.49541953232466
53.5,24.25,289.6240449438202,16.474044943820218
53.5,24.5,286.66129032258067,13.511290322580692
53.5,24.75,286.66140625,13.51140625000005
53.5,25.0,287.99468013468015,14.844680134680175
53.5,25.25,286.9613471502591,13.81134715025911
53.5,25.5,286.6224827586207,13.472482758620743
53.75,-10.25,281.98,8.830000000000041
53.75,-10.0,279.8644444444444,6.714444444444439
53.75,-9.75,279.6439739413681,6.493973941368097
53.75,-9.5,280.88112798264643,7.731127982646456
53.75,-9.25,282.45964000000004,9.309640000000059
53.75,-9.0,283.5198305084746,10.36983050847465
53.75,-8.75,284.25776,11.107760000000042
53.75,-8.5,284.579648,11.429648000000043
53.75,-8.25,282.5867632850242,9.436763285024199
53.75,-8.0,276.7729641693811,3.6229641693811345
53.75,-7.75,277.33130434782606,4.181304347826085
53.75,-7.5,279.3315639810427,6.1815639810427
53.75,-7.25,279.7297406340058,6.579740634005816
53.75,-7.0,279.8806769230769,6.730676923076942
53.75,-6.75,278.09565714285714,4.945657142857158
53.75,-6.5,281.4131972789115,8.263197278911548
53.75,-6.25,279.5436024844721,6.393602484472126
53.75,-3.0,288.53002257336345,15.380022573363476
53.75,-2.75,289.4942566709022,16.34425667090221
53.75,-2.5,288.76667542706963,15.616675427069652
53.75,-2.25,287.8026441631505,14.652644163150512
53.75,-2.0,284.9506179775281,11.800617977528134
53.75,-1.75,285.86673796791445,12.716737967914469
53.75,-1.5,288.107358490566,14.957358490566037
53.75,-1.25,286.51813813813817,13.368138138138193
53.75,-1.0,287.50755267423017,14.357552674230192
53.75,-0.75,285.64918851435704,12.499188514357058
53.75,-0.5,280.937380952381,7.787380952381
53.75,7.25,284.36254777070064,11.212547770700667
53.75,7.5,283.7298076923077,10.579807692307725
53.75,7.75,281.3678947368421,8.21789473684214
53.75,8.75,279.09000000000003,5.940000000000055
53.75,9.0,282.072,8.922000000000025
53.75,9.25,283.07851239669424,9.92851239669426
53.75,9.5,281.6925714285714,8.54257142857142
53.75,9.75,283.5134042553192,10.36340425531921
53.75,10.0,282.34000000000003,9.190000000000055
53.75,10.25,280.9775,7.827500000000043
53.75,10.5,281.73741007194246,8.587410071942486
53.75,10.75,282.15866666666665,9.00866666666667
53.75,11.0,283.0317592592593,9.881759259259297
53.75,11.25,284.145625717566,10.995625717566043
53.75,11.5,284.53829689298044,11.388296892980463
53.75,11.75,285.0725400457666,11.922540045766596
53.75,12.0,285.2429452054795,12.09294520547951
53.75,12.25,285.4098873873874,12.259887387387437
53.75,12.5,286.7863157894737,13.636315789473713
53.75,12.75,287.1112975391499,13.961297539149939
53.75,13.0,287.0399331848553,13.889933184855295
53.75,13.25,286.83571111111115,13.685711111111175
53.75,13.5,287.1024276169265,13.952427616926514
53.75,13.75,287.47113895216404,14.321138952164063
53.75,14.0,287.6004920913884,14.450492091388412
53.75,14.25,286.7032516703786,13.553251670378643
53.75,14.5,287.0776129032258,13.92761290322585
53.75,14.75,288.15328843995513,15.003288439955156
53.75,15.0,289.36311111111115,16.213111111111175
53.75,15.25,290.40313333333336,17.25313333333338
53.75,15.5,290.3617555555556,17.211755555555612
53.75,15.75,291.24384444444445,18.09384444444447
53.75,16.0,291.038,17.888000000000034
53.75,16.25,290.1084888888889,16.95848888888895
53.75,16.5,290.1344666666667,16.98446666666672
53.75,16.75,289.44943181818184,16.29943181818186
53.75,17.0,288.07694285714285,14.926942857142876
53.75,17.25,287.1291803278689,13.979180327868903
53.75,17.5,286.14624,12.99624
53.75,17.75,287.39728,14.247280000000046
53.75,18.0,285.90285714285716,12.75285714285718
53.75,21.75,288.1221052631579,14.972105263157914
53.75,22.0,288.0231836734694,14.873183673469441
53.75,22.25,289.1009310986965,15.950931098696515
53.75,22.5,285.31214814814814,12.162148148148162
53.75,22.75,285.4115384615385,12.261538461538521
53.75,23.0,289.0325306122449,15.88253061224492
53.75,23.25,292.19330841121496,19.04330841121498
53.75,23.5,291.76583720930233,18.615837209302356
53.75,23.75,291.7492049272117,18.5992049272117
53.75,24.0,290.46197352587245,17.311973525872475
53.75,24.25,287.7192665726375,14.569266572637503
53.75,24.5,286.7509197651663,13.600919765166338
53.75,24.75,285.7931007751938,12.64310077519383
53.75,25.0,285.8619444444445,12.711944444444498
53.75,25.25,287.0861224489796,13.936122448979631
53.75,25.5,286.901166180758,13.751166180758048
53.75,25.75,286.8462753950339,13.696275395033922
53.75,26.0,285.71583333333336,12.565833333333387
53.75,26.25,284.7033333333333,11.553333333333342
54.0,-10.25,275.55440000000004,2.4044000000000665
54.0,-10.0,275.8449645390071,2.694964539007117
54.0,-9.75,278.8407142857143,5.690714285714307
54.0,-9.5,281.5450980392157,8.395098039215725
54.0,-9.25,279.2860553633218,6.136055363321816
54.0,-9.0,282.25474626865673,9.104746268656754
54.0,-8.75,287.42594029850744,14.275940298507464
54.0,-8.5,285.6999229781772,12.549922978177221
54.0,-8.25,282.3501379310345,9.200137931034533
54.0,-8.0,277.9730463576159,4.823046357615908
54.0,-7.75,279.2161224489796,6.066122448979627
54.0,-7.5,283.5674105865522,10.41741058655225
54.0,-7.25,278.80688888888886,5.656888888888886
54.0,-7.0,280.4490909090909,7.299090909090921
54.0,-6.75,273.71473684210525,0.5647368421052761
54.0,-6.25,269.1,-4.0499999999999545
54.0,-6.0,269.78470588235297,-3.365294117647011
54.0,-4.75,285.5095238095238,12.359523809523807
54.0,-4.5,286.77902439024393,13.629024390243956
54.0,-3.25,289.20535714285717,16.05535714285719
54.0,-3.0,288.3415,15.191500000000019
54.0,-2.75,287.84346853146855,14.693468531468568
54.0,-2.5,286.40835725677834,13.258357256778368
54.0,-2.25,286.5341605839416,13.38416058394165
54.0,-2.0,286.72749116607775,13.577491166077778
54.0,-1.75,284.4080412371134,11.258041237113446
54.0,-1.5,285.2323588039867,12.082358803986722
54.0,-1.25,285.5784027777778,12.42840277777782
54.0,-1.0,283.48210256410255,10.33210256410257
54.0,-0.75,283.90350710900475,10.753507109004772
54.0,8.75,285.31894736842105,12.168947368421072
54.0,9.0,284.60495479204343,11.454954792043452
54.0,9.25,285.06010139416986,11.910101394169885
54.0,9.5,284.7245927903872,11.574592790387214
54.0,9.75,284.79257372654155,11.64257372654157
54.0,10.0,285.0971515151515,11.947151515151518
54.0,10.25,283.468527607362,10.318527607362
54.0,10.5,281.6872760511883,8.537276051188314
54.0,10.75,282.7840695652174,9.63406956521743
54.0,11.0,282.6691063829787,9.519106382978748
54.0,11.25,284.5542222222222,11.404222222222245
54.0,11.5,285.1154013015185,11.965401301518511
54.0,11.75,284.81158482142854,11.661584821428562
54.0,12.0,285.99393736017896,12.843937360178984
54.0,12.25,286.7201113585746,13.57011135857465
54.0,12.5,286.50311111111114,13.353111111111161
54.0,12.75,285.65944444444443,12.509444444444455
54.0,13.0,286.3741555555556,13.224155555555626
54.0,13.25,286.21993333333336,13.069933333333381
54.0,13.5,286.4028767123288,13.252876712328828
54.0,13.75,286.21440203562344,13.06440203562346
54.0,14.0,285.1316751269036,11.98167512690361
54.0,14.25,284.76649484536085,11.616494845360876
54.0,14.5,284.4753676470588,11.32536764705884
54.0,14.75,287.16906605922554,14.019066059225565
54.0,15.0,287.4943989071038,14.344398907103823
54.0,15.25,288.1155680539933,14.965568053993309
54.0,15.5,288.4155777777778,15.265577777777821
54.0,15.75,288.8394888888889,15.689488888888945
54.0,16.0,289.91242222222223,16.762422222222256
54.0,16.25,288.9364587973274,15.786458797327441
54.0,16.5,288.4274720357942,15.277472035794233
54.0,16.75,287.46041013268996,14.31041013268998
54.0,17.0,287.40207161125323,14.252071611253257
54.0,17.25,287.00647342995165,13.856473429951677
54.0,17.5,285.7127235772358,12.562723577235829
54.0,17.75,285.4374358974359,12.287435897435898
54.0,18.0,286.6795041322314,13.52950413223141
54.0,18.25,286.62882352941176,13.478823529411784
54.0,22.5,284.396,11.246000000000038
54.0,23.25,284.7018181818182,11.551818181818248
54.0,23.5,286.1059090909091,12.955909090909131
54.0,23.75,287.37285151116953,14.222851511169551
54.0,24.0,287.88417499999997,14.734174999999993
54.0,24.25,287.12463040446306,13.974630404463085
54.0,24.5,286.2843494423792,13.134349442379232
54.0,24.75,286.60191268191267,13.451912681912688
54.0,25.0,287.4908454810496,14.340845481049598
54.0,25.25,287.32772277227724,14.177722772277264
54.0,25.5,286.5934101382489,13.443410138248908
54.0,25.75,286.53637333333336,13.386373333333381
54.0,26.0,287.02445672191527,13.874456721915294
54.0,26.25,285.20258585858585,12.052585858585871
54.0,26.5,285.5145744680851,12.364574468085095
54.0,26.75,281.194358974359,8.044358974359
54.0,27.0,279.6709090909091,6.520909090909129
54.25,-10.0,269.5733333333333,-3.576666666666654
54.25,-9.5,281.47999999999996,8.329999999999984
54.25,-9.25,278.59344578313255,5.443445783132574
54.25,-9.0,280.439356223176,7.289356223176014
54.25,-8.75,287.6387525150905,14.488752515090539
54.25,-8.5,285.81902280130294,12.669022801302958
54.25,-8.25,281.2388698630137,8.088869863013713
54.25,-8.0,277.46133704735377,4.311337047353788
54.25,-7.75,283.07443181818184,9.924431818181858
54.25,-7.5,280.9343676662321,7.784367666232129
54.25,-7.25,281.6858961474037,8.535896147403719
54.25,-7.0,278.6072941176471,5.457294117647109
54.25,-6.75,276.221875,3.071875000000034
54.25,-5.75,272.6381818181818,-0.5118181818181711
54.25,-5.5,275.1546511627907,2.004651162790708
54.25,-4.75,283.6392356687898,10.489235668789831
54.25,-4.5,285.8128913963329,12.662891396332896
54.25,-4.25,286.9219512195122,13.771951219512232
54.25,-3.5,286.8448484848485,13.694848484848535
54.25,-3.25,288.03026217228467,14.880262172284688
54.25,-3.0,286.0884848484848,12.938484848484848
54.25,-2.75,287.3027079303675,14.152707930367512
54.25,-2.5,286.80587412587414,13.655874125874163
54.25,-2.25,284.81917293233084,11.669172932330866
54.25,-2.0,285.53546511627906,12.385465116279079
54.25,-1.75,285.53078431372546,12.380784313725485
54.25,-1.5,284.42279569892474,11.272795698924767
54.25,-1.25,284.7067326732673,11.556732673267334
54.25,8.75,284.279935483871,11.129935483871009
54.25,9.0,284.8906954436451,11.740695443645109
54.25,9.25,285.1738666666667,12.02386666666672
54.25,9.5,284.83209821428574,11.682098214285759
54.25,9.75,283.9569397590362,10.806939759036197
54.25,10.0,282.5599600798403,9.409960079840346
54.25,10.25,282.15113737075336,9.001137370753383
54.25,10.5,282.0433376123235,8.893337612323535
54.25,10.75,283.1676657060519,10.0176657060519
54.25,11.0,283.8548489666137,10.704848966613724
54.25,11.75,283.0567567567568,9.906756756756806
54.25,12.0,286.54,13.390000000000043
54.25,12.25,285.2170149253731,12.067014925373144
54.25,12.5,286.21212795549377,13.062127955493793
54.25,12.75,286.90497716894976,13.754977168949779
54.25,13.0,286.5160046728972,13.366004672897247
54.25,13.25,285.3662787550744,12.216278755074427
54.25,13.5,285.2520909090909,12.102090909090919
54.25,13.75,284.0570186335404,10.907018633540417
54.25,15.25,283.88439024390243,10.734390243902453
54.25,15.5,286.54277108433735,13.392771084337369
54.25,15.75,286.2911976047904,13.14119760479042
54.25,16.0,286.81534675615217,13.66534675615219
54.25,16.25,285.56734265734264,12.417342657342658
54.25,16.5,285.49628647214854,12.346286472148563
54.25,16.75,287.5764983164983,14.42649831649834
54.25,17.0,287.46886414253896,14.318864142538985
54.25,17.25,286.6837688442211,13.533768844221129
54.25,17.5,288.4716004540295,15.321600454029522
54.25,17.75,288.4369248291572,15.286924829157215
54.25,18.0,288.39290033594625,15.242900335946274
54.25,18.25,286.8374068554396,13.687406855439633
54.25,18.5,285.94421052631577,12.794210526315794
54.25,18.75,286.70074074074074,13.550740740740764
54.25,23.5,285.6129411764706,12.462941176470622
54.25,23.75,285.21561904761904,12.065619047619066
54.25,24.0,284.7751530612245,11.625153061224523
54.25,24.25,285.0112158808933,11.861215880893326
54.25,24.5,285.37618823529414,12.22618823529416
54.25,24.75,286.4401937984496,13.29019379844965
54.25,25.0,286.23608069164266,13.086080691642678
54.25,25.25,284.88376383763836,11.733763837638378
54.25,25.5,285.51576323987535,12.365763239875378
54.25,25.75,286.16178861788615,13.011788617886168
54.25,26.0,285.5742222222222,12.424222222222227
54.25,26.25,285.91117647058826,12.761176470588282
54.25,26.5,285.3714230019493,12.221423001949347
54.25,26.75,283.52979118329466,10.379791183294685
54.25,27.0,282.0786315789474,8.928631578947432
54.25,27.25,280.510303030303,7.360303030303044
54.25,27.5,277.598,4.448000000000036
54.5,-8.75,287.32,14.170000000000016
54.5,-8.5,286.339696969697,13.189696969697025
54.5,-8.25,278.1763203463204,5.026320346320404
54.5,-8.0,277.07717391304345,3.9271739130434753
54.5,-7.75,283.7132097334878,10.563209733487838
54.5,-7.5,284.81995255041517,11.66995255041519
54.5,-7.25,283.46885976408913,10.318859764089154
54.5,-7.0,278.61195652173916,5.461956521739182
54.5,-6.75,277.8871568627451,4.73715686274511
54.5,-6.5,273.5609302325582,0.4109302325582007
54.5,-6.25,269.21555555555557,-3.9344444444444093
54.5,-6.0,274.370625,1.220625000000041
54.5,-5.75,272.77066666666667,-0.37933333333330665
54.5,-5.5,272.7599074074074,-0.39009259259256623
54.5,-4.5,285.9636,12.813600000000008
54.5,-4.25,285.996,12.846000000000004
54.5,-3.75,285.26666666666665,12.116666666666674
54.5,-3.5,288.43910299003323,15.289102990033257
54.5,-3.25,288.09814303638643,14.948143036386455
54.5,-3.0,284.9318309859155,11.78183098591552
54.5,-2.75,279.97956989247314,6.82956989247316
54.5,-2.5,281.20392156862744,8.053921568627459
54.5,-2.25,280.52,7.3700000000000045
54.5,-0.75,268.68,-4.46999999999997
54.5,8.25,282.34000000000003,9.190000000000055
54.5,8.5,283.5609090909091,10.410909090909115
54.5,8.75,284.50890995260664,11.358909952606666
54.5,9.0,284.87392670157067,11.72392670157069
54.5,9.25,284.7836666666667,11.633666666666727
54.5,9.5,283.95267573696145,10.802675736961476
54.5,9.75,283.00730813287515,9.857308132875175
54.5,10.0,283.27081355932205,10.120813559322073
54.5,10.25,280.9472131147541,7.797213114754129
54.5,10.5,280.05636363636364,6.906363636363665
54.5,11.0,281.02979020979024,7.879790209790258
54.5,11.25,281.6706730769231,8.520673076923117
54.5,11.5,283.7066666666667,10.556666666666729
54.5,12.0,282.38380952380953,9.233809523809555
54.5,12.5,283.4865408805031,10.33654088050315
54.5,12.75,285.15839285714287,12.008392857142894
54.5,13.0,284.4500775193798,11.30007751937984
54.5,13.25,284.30126923076926,11.151269230769287
54.5,13.5,284.03858012170383,10.888580121703853
54.5,13.75,282.9760563380282,9.826056338028195
54.5,16.25,283.844375,10.694375000000036
54.5,16.5,285.16180698151953,12.011806981519555
54.5,16.75,286.5867422096317,13.436742209631745
54.5,17.0,288.29105747126437,15.14105747126439
54.5,17.25,288.3617707150965,15.21177071509652
54.5,17.5,288.4622090261283,15.3122090261283
54.5,17.75,288.0081818181818,14.858181818181833
54.5,18.0,287.91373913043475,14.763739130434772
54.5,18.25,287.3710850439883,14.221085043988296
54.5,18.5,286.4372523961661,13.287252396166139
54.5,18.75,284.16727272727275,11.017272727272768
54.5,19.5,280.24,7.090000000000032
54.5,19.75,281.1245454545455,7.9745454545455345
54.5,23.5,283.01736842105265,9.867368421052674
54.5,23.75,284.20235294117646,11.05235294117648
54.5,24.0,285.28464052287586,12.134640522875884
54.5,24.25,285.99569811320754,12.845698113207561
54.5,24.5,285.3284598698482,12.178459869848211
54.5,24.75,284.7547252747253,11.604725274725297
54.5,25.0,285.480826873385,12.330826873385035
54.5,25.25,284.13278106508875,10.982781065088773
54.5,25.5,284.24241134751776,11.092411347517782
54.5,25.75,284.7018705035971,11.551870503597115
54.5,26.0,283.83233644859814,10.682336448598164
54.5,26.25,285.73,12.580000000000041
54.5,26.5,285.2459591836735,12.095959183673529
54.5,26.75,284.35416430594904,11.204164305949064
54.5,27.0,283.35836601307193,10.208366013071952
54.5,27.25,278.72515151515154,5.5751515151515605
54.5,27.5,278.38,5.230000000000018
54.5,27.75,280.63021739130437,7.480217391304393
54.5,28.0,280.2,7.050000000000011
54.75,-8.75,287.46843373493977,14.318433734939788
54.75,-8.5,286.415296,13.265296000000035
54.75,-8.25,279.6330476190476,6.483047619047625
54.75,-8.0,282.6779792746114,9.527979274611425
54.75,-7.75,284.5168391608392,11.36683916083922
54.75,-7.5,285.2445390070922,12.094539007092237
54.75,-7.25,285.61473193473194,12.464731934731958
54.75,-7.0,282.5897702539299,9.439770253929908
54.75,-6.75,279.0588764044944,5.9088764044944355
54.75,-6.5,276.72148760330583,3.5714876033058545
54.75,-6.25,274.40293333333335,1.2529333333333739
54.75,-6.0,277.29693333333336,4.146933333333379
54.75,-5.75,277.1896797153025,4.039679715302498
54.75,-5.5,274.1691666666667,1.019166666666706
54.75,-5.25,283.5133333333333,10.363333333333344
54.75,-5.0,287.7055882352941,14.555588235294124
54.75,-4.75,287.4153448275862,14.265344827586205
54.75,-4.5,287.69311203319506,14.543112033195086
54.75,-4.25,287.1766216216216,14.026621621621643
54.75,-4.0,287.91633986928105,14.766339869281069
54.75,-3.75,287.94048780487805,14.790487804878069
54.75,-3.5,288.546824925816,15.39682492581602
54.75,-3.25,287.74994535519124,14.599945355191267
54.75,-3.0,284.87291228070177,11.722912280701792
54.75,-2.75,282.6285380116959,9.478538011695946
54.75,-2.5,284.42466019417475,11.274660194174771
54.75,-2.25,281.12,7.970000000000027
54.75,8.25,283.7925581395349,10.642558139534913
54.75,8.5,283.5667942583732,10.416794258373216
54.75,8.75,282.46805555555557,9.318055555555588
54.75,9.0,284.14733333333334,10.997333333333358
54.75,9.25,285.16071269487753,12.010712694877554
54.75,9.5,284.8366297662977,11.686629766297699
54.75,9.75,283.7863608562691,10.636360856269107
54.75,10.0,283.0748288973384,9.924828897338443
54.75,10.25,283.55428571428575,10.404285714285777
54.75,10.5,284.2574285714286,11.107428571428613
54.75,10.75,284.72237623762373,11.572376237623757
54.75,11.0,283.08157480314964,9.931574803149658
54.75,11.25,284.692738336714,11.542738336714024
54.75,11.5,284.66329588014986,11.513295880149883
54.75,11.75,284.8360248447205,11.68602484472052
54.75,12.0,285.71421232876713,12.564212328767155
54.75,12.25,284.2894117647059,11.139411764705926
54.75,13.25,283.34767441860464,10.197674418604663
54.75,13.5,282.81,9.660000000000025
54.75,17.0,284.3895,11.239500000000021
54.75,17.25,285.6754929577465,12.525492957746508
54.75,17.5,285.90584551148226,12.755845511482278
54.75,17.75,287.04900489396414,13.899004893964161
54.75,18.0,284.3156916996047,11.165691699604736
54.75,18.25,283.93553648068666,10.785536480686687
54.75,18.5,284.68657342657343,11.536573426573455
54.75,18.75,281.87857142857143,8.728571428571456
54.75,20.0,285.6173484848485,12.467348484848515
54.75,20.25,284.3954471544715,11.245447154471549
54.75,20.5,281.78000000000003,8.630000000000052
54.75,24.0,285.2820408163265,12.132040816326537
54.75,24.25,287.75445783132534,14.604457831325362
54.75,24.5,286.63364421416236,13.483644214162382
54.75,24.75,286.03366863905325,12.883668639053269
54.75,25.0,285.46510204081636,12.315102040816384
54.75,25.25,285.3381313131313,12.18813131313135
54.75,25.5,282.92329588014985,9.773295880149874
54.75,25.75,283.1761363636364,10.026136363636397
54.75,26.25,285.03430711610486,11.884307116104878
54.75,26.5,285.02705882352944,11.877058823529467
54.75,26.75,283.8366812227074,10.68668122270742
54.75,27.0,281.97515625,8.82515625000002
54.75,27.25,283.6350420168067,10.485042016806744
54.75,27.5,282.8993103448276,9.74931034482762
54.75,27.75,280.642641509434,7.492641509434009
54.75,28.0,283.4534508816121,10.30345088161215
54.75,28.25,281.11764705882354,7.967647058823559
54.75,28.5,277.3076190476191,4.157619047619107
55.0,-8.5,285.0008,11.85080000000005
55.0,-8.25,280.7382056892779,7.588205689277913
55.0,-8.0,279.94743919885553,6.797439198855557
55.0,-7.75,285.28812858783004,12.138128587830067
55.0,-7.5,283.22427994616424,10.074279946164268
55.0,-7.25,285.90313375796177,12.753133757961791
55.0,-7.0,284.8826439790576,11.732643979057627
55.0,-6.75,283.35360323886636,10.203603238866378
55.0,-6.5,281.3423602484472,8.192360248447244
55.0,-6.25,277.45428571428573,4.304285714285754
55.0,-6.0,278.1612648221344,5.011264822134422
55.0,-5.75,280.44,7.2900000000000205
55.0,-5.25,286.2311111111111,13.081111111111113
55.0,-5.0,284.5776383763838,11.427638376383811
55.0,-4.75,285.29525773195877,12.145257731958793
55.0,-4.5,285.659534109817,12.509534109817025
55.0,-4.25,284.28135922330097,11.13135922330099
55.0,-4.0,285.5215144766147,12.37151447661472
55.0,-3.75,287.14101265822785,13.991012658227874
55.0,-3.5,286.04,12.890000000000043
55.0,-3.25,285.7196441281139,12.569644128113907
55.0,-3.0,280.46280701754387,7.312807017543889
55.0,-2.75,282.13015384615386,8.980153846153883
55.0,-2.25,282.52,9.370000000000005
55.0,8.25,281.9541666666667,8.804166666666731
55.0,8.5,283.6642857142857,10.514285714285734
55.0,8.75,284.5407898089172,11.390789808917248
55.0,9.0,286.8674704491726,13.717470449172595
55.0,9.25,287.2773563218391,14.127356321839102
55.0,9.5,285.85429799426936,12.704297994269382
55.0,9.75,284.6941869918699,11.544186991869935
55.0,10.0,284.8499290780142,11.699929078014236
55.0,10.25,283.65099526066354,10.500995260663558
55.0,10.5,284.0658260869565,10.915826086956542
55.0,10.75,283.21478723404255,10.06478723404257
55.0,11.0,283.0467889908257,9.896788990825712
55.0,11.25,286.144,12.994000000000028
55.0,11.5,282.3704166666667,9.220416666666722
55.0,11.75,284.24307692307696,11.093076923076978
55.0,12.0,284.0470878274268,10.897087827426844
55.0,12.25,283.7851677852349,10.635167785234898
55.0,12.5,284.79155844155844,11.641558441558459
55.0,14.75,284.030395480226,10.880395480226014
55.0,15.0,283.5361229314421,10.386122931442117
55.0,15.25,284.82521739130436,11.675217391304386
55.0,20.0,284.0665979381443,10.91659793814432
55.0,20.25,285.7270731707317,12.577073170731751
55.0,20.5,284.11553719008265,10.96553719008267
55.0,20.75,280.78000000000003,7.630000000000052
55.0,23.25,279.8,6.650000000000034
55.0,23.75,283.4146666666667,10.264666666666699
55.0,24.0,282.44,9.29000000000002
55.0,24.25,287.15000000000003,14.000000000000057
55.0,24.5,285.66560000000004,12.515600000000063
55.0,24.75,285.99199999999996,12.841999999999985
55.0,25.0,285.9347303543914,12.7847303543914
55.0,25.25,285.5026345083488,12.352634508348842
55.0,25.5,282.9595633187773,9.80956331877735
55.0,25.75,284.4530046948357,11.30300469483575
55.0,26.0,284.9886925795053,11.838692579505334
55.0,26.25,285.22129675810476,12.07129675810478
55.0,26.5,286.75183257918553,13.601832579185555
55.0,26.75,286.73426339285714,13.584263392857167
55.0,27.0,286.18659340659343,13.036593406593454
55.0,27.25,283.239649122807,10.089649122807032
55.0,27.5,285.27097560975614,12.120975609756158
55.0,27.75,285.28915422885575,12.139154228855773
55.0,28.0,283.77106796116504,10.621067961165068
55.0,28.25,283.6115328467153,10.461532846715329
55.0,28.5,281.38446376811595,8.234463768115972
55.0,28.75,278.9699736147757,5.8199736147757335
55.0,29.0,280.36504731861197,7.215047318611994
55.0,29.25,280.35,7.2000000000000455
55.25,-8.25,279.9508771929825,6.800877192982512
55.25,-8.0,278.747619047619,5.597619047619048
55.25,-7.75,285.5782122905028,12.428212290502813
55.25,-7.5,280.46994594594594,7.31994594594596
55.25,-7.25,284.2163093622795,11.066309362279526
55.25,-7.0,283.0714084507042,9.921408450704234
55.25,-6.75,283.3520408163265,10.20204081632653
55.25,-6.5,282.5459424920128,9.395942492012807
55.25,-6.25,276.4316814159292,3.2816814159291994
55.25,-6.0,278.59185185185186,5.4418518518518795
55.25,-5.75,283.2934065934066,10.14340659340661
55.25,-5.5,282.6022535211268,9.452253521126806
55.25,-5.0,284.73191011235957,11.581910112359594
55.25,-4.75,284.2523244929797,11.102324492979733
55.25,-4.5,285.0107608695652,11.86076086956524
55.25,-4.25,283.4218867924528,10.271886792452847
55.25,-4.0,283.8171955719557,10.667195571955745
55.25,-3.75,285.1686666666667,12.018666666666718
55.25,-3.5,282.3645714285714,9.214571428571446
55.25,-2.5,278.53741935483873,5.387419354838755
55.25,-2.25,280.62533333333334,7.475333333333367
55.25,-2.0,282.1896551724138,9.039655172413802
55.25,-1.75,278.62,5.470000000000027
55.25,-1.5,276.5949152542373,3.444915254237344
55.25,8.5,283.8122285714286,10.662228571428614
55.25,8.75,286.5468713450292,13.39687134502924
55.25,9.0,287.13988776655447,13.989887766554489
55.25,9.25,287.22375555555556,14.073755555555579
55.25,9.5,285.68855708908404,12.538557089084065
55.25,9.75,283.9328994082841,10.782899408284095
55.25,10.0,284.2904347826087,11.140434782608736
55.25,10.25,284.37060931899646,11.22060931899648
55.25,10.5,283.4111847133758,10.261184713375826
55.25,10.75,283.4199661016949,10.269966101694934
55.25,11.0,280.0733333333333,6.923333333333346
55.25,11.25,282.281592039801,9.131592039801035
55.25,11.5,283.95054794520547,10.800547945205494
55.25,11.75,285.7792857142857,12.629285714285743
55.25,12.0,284.6962110960758,11.546211096075808
55.25,12.25,281.9811013215859,8.831101321585948
55.25,12.5,280.60987341772153,7.459873417721553
55.25,13.25,286.4922666666667,13.342266666666717
55.25,13.5,283.9342857142857,10.784285714285716
55.25,14.75,283.5377643504532,10.38776435045321
55.25,15.0,284.04657894736846,10.896578947368482
55.25,15.25,284.72857142857146,11.578571428571479
55.25,20.75,281.45466666666664,8.304666666666662
55.25,21.0,283.2993181818182,10.149318181818217
55.25,21.25,284.31026086956524,11.160260869565263
55.25,21.5,282.9427642276423,9.792764227642294
55.25,21.75,275.32,2.170000000000016
55.25,22.75,280.3235294117647,7.173529411764719
55.25,23.0,282.12857142857143,8.978571428571456
55.25,23.25,282.9530081300813,9.80300813008131
55.25,23.5,283.6240310077519,10.474031007751933
55.25,23.75,284.49315436241613,11.343154362416158
55.25,24.0,281.01652173913044,7.866521739130462
55.25,24.25,283.77542056074765,10.62542056074767
55.25,24.5,285.75561904761906,12.605619047619086
55.25,24.75,286.85552147239264,13.705521472392661
55.25,25.0,285.9296089385475,12.77960893854754
55.25,25.25,286.6531728045326,13.503172804532596
55.25,25.5,284.0075814751287,10.857581475128711
55.25,25.75,280.803,7.65300000000002
55.25,26.0,285.2869425901202,12.136942590120213
55.25,26.25,286.2203903903904,13.0703903903904
55.25,26.5,288.2408868144691,15.090886814469116
55.25,26.75,287.437417721519,14.287417721519034
55.25,27.0,285.9861294964029,12.836129496402918
55.25,27.25,285.66868131868137,12.518681318681388
55.25,27.5,284.28168421052635,11.131684210526373
55.25,27.75,285.49424242424243,12.344242424242452
55.25,28.0,285.9795744680851,12.829574468085127
55.25,28.25,279.852625,6.702625000000012
55.25,28.5,283.232292358804,10.082292358804011
55.25,28.75,281.0325179856115,7.882517985611514
55.25,29.0,280.6040802675585,7.454080267558538
55.25,29.25,278.952676056338,5.8026760563380435
55.5,-7.5,277.26,4.110000000000014
55.5,-7.25,270.78000000000003,-2.3699999999999477
55.5,-6.25,285.95392857142855,12.803928571428571
55.5,-5.75,283.6049853372434,10.454985337243443
55.5,-5.5,283.61383458646617,10.463834586466191
55.5,-5.25,286.0514181818182,12.901418181818201
55.5,-5.0,283.840350877193,10.690350877192998
55.5,-4.75,288.43701657458564,15.287016574585664
55.5,-4.5,287.720974789916,14.570974789916022
55.5,-4.25,287.1921668909825,14.042166890982514
55.5,-4.0,286.25223819301846,13.10223819301848
55.5,-3.75,286.451,13.301000000000045
55.5,-2.5,280.86914285714283,7.719142857142856
55.5,-2.25,283.1916129032258,10.041612903225825
55.5,-2.0,283.61673267326734,10.466732673267359
55.5,-1.75,282.95230476190477,9.802304761904793
55.5,-1.5,281.03901639344264,7.88901639344266
55.5,8.0,286.19448275862067,13.044482758620688
55.5,8.25,286.1061290322581,12.956129032258104
55.5,8.5,286.35373643410855,13.203736434108578
55.5,8.75,286.8813468013468,13.731346801346831
55.5,9.0,286.9056444444445,13.7556444444445
55.5,9.25,285.84973333333335,12.69973333333337
55.5,9.5,282.9894117647059,9.839411764705915
55.5,9.75,279.83991416309016,6.6899141630901795
55.5,10.0,281.99313929313934,8.843139293139359
55.5,10.25,282.1185798816568,8.968579881656808
55.5,10.5,282.10304985337245,8.953049853372477
55.5,10.75,279.47254545454547,6.322545454545491
55.5,11.0,280.56666666666666,7.416666666666686
55.5,11.25,282.95346534653464,9.803465346534665
55.5,11.5,282.8677088948787,9.71770889487874
55.5,11.75,282.70017316017316,9.550173160173188
55.5,12.0,283.9995486111111,10.849548611111118
55.5,12.25,284.8560619469027,11.706061946902707
55.5,12.5,279.1272727272727,5.977272727272748
55.5,12.75,282.80594594594595,9.655945945945973
55.5,13.0,286.7488381742739,13.598838174273908
55.5,13.25,285.7977053824363,12.6477053824363
55.5,13.5,284.6044657534247,11.4544657534247
55.5,13.75,284.64324324324326,11.493243243243285
55.5,14.0,286.72744186046515,13.577441860465171
55.5,14.25,285.87369308600336,12.72369308600338
55.5,21.0,283.2266,10.076600000000042
55.5,21.25,286.6073153153153,13.457315315315327
55.5,21.5,285.771544011544,12.621544011544017
55.5,21.75,283.53736434108527,10.387364341085288
55.5,22.0,280.80734693877554,7.657346938775561
55.5,22.25,283.1488,9.998800000000017
55.5,22.5,282.55355555555553,9.403555555555556
55.5,22.75,281.80974358974356,8.659743589743584
55.5,23.0,282.6107042253521,9.460704225352117
55.5,23.25,284.4574336283186,11.30743362831862
55.5,23.5,285.13306930693074,11.983069306930759
55.5,23.75,284.76321192052984,11.613211920529864
55.5,24.0,286.1337129300119,12.983712930011905
55.5,24.25,286.9393378995434,13.789337899543398
55.5,24.5,287.80634883720927,14.656348837209293
55.5,24.75,288.5346205357143,15.384620535714305
55.5,25.0,287.73083215796896,14.580832157968985
55.5,25.25,286.03514195583597,12.88514195583599
55.5,25.5,286.2534642857143,13.103464285714324
55.5,25.75,284.43885416666666,11.288854166666681
55.5,26.0,283.33882121807466,10.188821218074679
55.5,26.25,283.82750000000004,10.677500000000066
55.5,26.5,286.79473214285713,13.644732142857151
55.5,26.75,287.09393865030677,13.94393865030679
55.5,27.0,286.20295377677564,13.052953776775666
55.5,27.25,287.33358796296295,14.183587962962974
55.5,27.5,287.042374854482,13.892374854482
55.5,27.75,286.63735909822867,13.487359098228694
55.5,28.0,286.52962457337884,13.379624573378862
55.5,28.25,284.1750847457627,11.02508474576274
55.5,28.5,278.3334042553191,5.183404255319147
55.5,28.75,281.0193721973094,7.869372197309417
55.5,29.0,280.74119402985076,7.591194029850783
55.5,29.25,280.06978723404256,6.919787234042587
55.75,-6.5,288.18635593220336,15.036355932203378
55.75,-6.25,288.86182621502206,15.711826215022086
55.75,-6.0,288.7357647058824,15.585764705882411
55.75,-5.75,285.3900917431193,12.240091743119308
55.75,-5.5,286.56389048991355,13.41389048991357
55.75,-5.25,287.04679452054796,13.896794520547985
55.75,-5.0,288.32351219512196,15.173512195121987
55.75,-4.75,288.4942444152431,15.34424441524311
55.75,-4.5,288.87650837988826,15.726508379888287
55.75,-4.25,287.06428571428575,13.914285714285768
55.75,-4.0,287.2241860465116,14.074186046511613
55.75,-2.5,283.548,10.398000000000025
55.75,-2.25,284.3295716395864,11.179571639586413
55.75,-2.0,286.1291139240506,12.979113924050637
55.75,-1.75,282.5105263157895,9.360526315789514
55.75,8.0,283.48,10.330000000000041
55.75,8.25,285.7874424898512,12.637442489851196
55.75,8.5,285.7058666666667,12.555866666666702
55.75,8.75,284.2130033745782,11.063003374578216
55.75,9.0,283.3907709497207,10.24077094972074
55.75,9.25,282.11429256594727,8.96429256594729
55.75,9.5,279.70411764705887,6.554117647058888
55.75,9.75,279.24058355437666,6.090583554376678
55.75,10.0,277.632,4.482000000000028
55.75,10.25,277.67405405405407,4.524054054054091
55.75,10.5,278.28760563380285,5.1376056338028775
55.75,10.75,278.33076923076925,5.180769230769272
55.75,11.0,277.5075,4.357500000000016
55.75,11.25,280.57758389261744,7.427583892617463
55.75,11.5,284.506457925636,11.35645792563605
55.75,11.75,285.69736842105266,12.547368421052681
55.75,12.0,286.6876851851852,13.53768518518524
55.75,12.25,283.61525773195876,10.465257731958786
55.75,12.5,284.2737341772152,11.123734177215226
55.75,12.75,282.74883720930234,9.59883720930236
55.75,13.0,285.126953125,11.976953125000023
55.75,13.25,286.4763530778165,13.32635307781652
55.75,13.5,285.7566110397946,12.606611039794643
55.75,13.75,284.27654008438816,11.126540084388182
55.75,14.0,281.66745535714284,8.517455357142865
55.75,14.25,280.0727272727273,6.922727272727343
55.75,21.0,286.45006993006996,13.30006993006998
55.75,21.25,288.35318955732123,15.203189557321252
55.75,21.5,287.0312,13.881200000000035
55.75,21.75,285.54176339285715,12.391763392857172
55.75,22.0,284.38,11.230000000000018
55.75,22.25,284.02529862174583,10.875298621745856
55.75,22.5,284.075837398374,10.925837398374028
55.75,22.75,283.77688095238096,10.626880952380986
55.75,23.0,284.6431050228311,11.493105022831116
55.75,23.25,285.7451111111111,12.595111111111123
55.75,23.5,286.05508342602894,12.905083426028966
55.75,23.75,286.39984375,13.249843750000025
55.75,24.0,286.9465333333333,13.796533333333343
55.75,24.25,287.60002222222226,14.450022222222287
55.75,24.5,287.8653467561521,14.715346756152144
55.75,24.75,288.1964464692483,15.046446469248338
55.75,25.0,288.1117633410673,14.961763341067297
55.75,25.25,287.6061379310345,14.456137931034505
55.75,25.5,286.596409495549,13.446409495549005
55.75,25.75,285.15639468690705,12.006394686907072
55.75,26.0,284.76613333333336,11.61613333333338
55.75,26.25,283.9493774319066,10.799377431906635
55.75,26.5,284.2733168316832,11.123316831683212
55.75,26.75,283.91488069414316,10.764880694143187
55.75,27.0,283.754976744186,10.604976744186047
55.75,27.25,284.7314409221902,11.581440922190211
55.75,27.5,286.9199708879185,13.769970887918532
55.75,27.75,287.4834976525822,14.333497652582196
55.75,28.0,288.11865272938445,14.968652729384473
55.75,28.25,287.81373205741625,14.663732057416269
55.75,28.5,286.3574603174603,13.207460317460345
55.75,28.75,285.1533650793651,12.003365079365096
55.75,29.0,284.51948387096775,11.36948387096777
55.75,29.25,282.4435971223022,9.29359712230223
55.75,29.5,280.26079999999996,7.110799999999983
56.0,-6.25,287.98448087431694,14.834480874316966
56.0,-6.0,288.1447023809524,14.994702380952447
56.0,-5.75,288.4391124260355,15.289112426035501
56.0,-5.5,287.3474600870827,14.197460087082732
56.0,-5.25,286.97809523809525,13.828095238095273
56.0,-5.0,286.2400612557427,13.09006125574274
56.0,-4.75,288.3061647727273,15.156164772727323
56.0,-4.5,288.27013767209013,15.120137672090152
56.0,-4.25,287.7295238095238,14.579523809523835
56.0,-2.75,284.25,11.100000000000023
56.0,-2.5,284.36271604938275,11.212716049382777
56.0,-2.25,286.28531914893614,13.135319148936162
56.0,-2.0,286.24,13.090000000000032
56.0,8.0,278.75,5.600000000000023
56.0,8.25,282.4159245283019,9.265924528301923
56.0,8.5,282.9596195652174,9.809619565217417
56.0,8.75,283.1700683994528,10.020068399452839
56.0,9.0,282.76549494949495,9.615494949494973
56.0,9.25,281.65695473251026,8.50695473251028
56.0,9.5,279.52613382899625,6.376133828996274
56.0,9.75,278.86374429223747,5.713744292237493
56.0,10.0,278.7200744878957,5.570074487895738
56.0,10.25,277.39260606060606,4.242606060606079
56.0,10.5,275.62142857142857,2.4714285714285893
56.0,11.0,277.2142857142857,4.064285714285745
56.0,11.25,278.58,5.430000000000007
56.0,12.25,283.0535294117647,9.903529411764737
56.0,12.5,283.1640758293839,10.014075829383899
56.0,12.75,283.27609907120745,10.126099071207477
56.0,13.0,285.69711048158644,12.547110481586458
56.0,13.25,284.8418571428571,11.691857142857145
56.0,13.5,281.37166666666667,8.221666666666692
56.0,13.75,280.76694214876034,7.616942148760359
56.0,14.0,283.9486274509804,10.798627450980405
56.0,14.25,285.6538873994638,12.50388739946385
56.0,14.5,286.28110817941956,13.131108179419584
56.0,14.75,291.2312953367876,18.081295336787605
56.0,15.5,284.83625,11.68625000000003
56.0,15.75,285.1938144329897,12.043814432989734
56.0,16.0,285.29999999999995,12.149999999999977
56.0,21.0,286.82018264840184,13.670182648401862
56.0,21.25,286.968,13.81800000000004
56.0,21.5,286.4048,13.254800000000046
56.0,21.75,286.16242222222223,13.012422222222256
56.0,22.0,286.1002222222222,12.950222222222237
56.0,22.25,285.6989309576838,12.548930957683808
56.0,22.5,285.9874,12.837400000000002
56.0,22.75,285.33191111111114,12.181911111111162
56.0,23.0,285.38151111111114,12.23151111111116
56.0,23.25,285.93407572383074,12.784075723830767
56.0,23.5,286.04729910714286,12.897299107142885
56.0,23.75,286.4628,13.312800000000038
56.0,24.0,286.90246666666667,13.752466666666692
56.0,24.25,286.91364444444446,13.76364444444448
56.0,24.5,286.81202222222225,13.662022222222276
56.0,24.75,286.5770542635659,13.427054263565935
56.0,25.0,285.96499219968797,12.814992199687993
56.0,25.25,287.8977403846154,14.74774038461544
56.0,25.5,287.81310344827585,14.663103448275876
56.0,25.75,286.13150326797387,12.981503267973892
56.0,26.0,286.6576233183857,13.507623318385697
56.0,26.25,286.026204238921,12.876204238921048
56.0,26.5,285.2404739336493,12.09047393364932
56.0,26.75,285.103893129771,11.953893129771018
56.0,27.0,285.7639207048458,12.613920704845839
56.0,27.25,285.9033519553073,12.753351955307323
56.0,27.5,286.9242535211268,13.77425352112681
56.0,27.75,286.855178807947,13.70517880794705
56.0,28.0,287.6929216152019,14.54292161520192
56.0,28.25,286.7916179775281,13.641617977528142
56.0,28.5,286.4533926585095,13.303392658509495
56.0,28.75,287.3615350389322,14.211535038932197
56.0,29.0,286.46816143497756,13.318161434977583
56.0,29.25,285.5161871345029,12.366187134502923
56.0,29.5,283.4977631578948,10.347763157894803
56.0,29.75,282.3966972477064,9.246697247706436
56.0,30.0,277.371981981982,4.221981981982026
56.0,30.25,276.84940397350994,3.699403973509959
56.0,30.5,277.65663060278206,4.5066306027820815
56.0,30.75,276.4504191616767,3.3004191616767002
56.0,31.0,275.0508823529412,1.9008823529412098
56.0,31.5,274.2,1.0500000000000114
56.0,31.75,275.80269662921353,2.652696629213551
56.0,32.0,276.584705882353,3.4347058823530006
56.25,-6.5,287.35,14.200000000000045
56.25,-6.25,288.02926108374385,14.87926108374387
56.25,-6.0,287.9437037037037,14.793703703703727
56.25,-5.75,287.4220430107527,14.272043010752725
56.25,-5.5,287.4750800582242,14.325080058224216
56.25,-5.25,287.0308924485126,13.880892448512611
56.25,-5.0,286.4749436795995,13.324943679599528
56.25,-4.75,286.57280373831776,13.422803738317782
56.25,-4.5,283.32265010351966,10.172650103519686
56.25,-4.25,277.66265060240966,4.512650602409678
56.25,-3.5,282.66588235294114,9.515882352941162
56.25,-3.25,285.86371830985917,12.713718309859189
56.25,-3.0,285.98706382978725,12.837063829787269
56.25,-2.75,284.8746511627907,11.724651162790735
56.25,-2.5,285.3036363636364,12.153636363636394
56.25,8.0,278.99,5.840000000000032
56.25,8.25,281.45735682819384,8.30735682819386
56.25,8.5,282.0328925619835,8.88289256198351
56.25,8.75,282.21101063829786,9.061010638297887
56.25,9.0,282.5646753246753,9.41467532467533
56.25,9.25,282.0882743362832,8.9382743362832
56.25,9.5,281.43722772277226,8.287227722772286
56.25,9.75,280.32834355828226,7.178343558282279
56.25,10.0,278.18,5.03000000000003
56.25,12.5,278.83,5.680000000000007
56.25,12.75,280.99,7.840000000000032
56.25,13.0,279.7066037735849,6.556603773584925
56.25,13.25,280.1538039215686,7.003803921568647
56.25,13.5,281.47188509874326,8.32188509874328
56.25,13.75,284.79722152690863,11.647221526908652
56.25,14.0,286.6431777777778,13.493177777777817
56.25,14.25,286.43797777777775,13.287977777777769
56.25,14.5,286.50773333333336,13.357733333333385
56.25,14.75,287.16039360393603,14.010393603936052
56.25,15.0,286.3601825293351,13.2101825293351
56.25,15.25,286.6517766497462,13.501776649746205
56.25,15.5,286.2022404371585,13.052240437158503
56.25,15.75,285.3597055214724,12.209705521472415
56.25,16.0,285.45537190082644,12.305371900826458
56.25,16.5,285.6276923076923,12.477692307692337
56.25,21.0,286.41230769230765,13.262307692307672
56.25,21.25,287.1262222222222,13.976222222222248
56.25,21.5,287.5994,14.449400000000026
56.25,21.75,287.2927555555556,14.142755555555595
56.25,22.0,286.5070666666667,13.357066666666697
56.25,22.25,286.4574222222222,13.307422222222215
56.25,22.5,286.0724666666667,12.922466666666708
56.25,22.75,285.44197777777777,12.291977777777788
56.25,23.0,285.6128,12.462800000000016
56.25,23.25,285.2104444444444,12.060444444444443
56.25,23.5,285.7642,12.61420000000004
56.25,23.75,286.2021111111111,13.052111111111117
56.25,24.0,286.5177111111111,13.367711111111134
56.25,24.25,286.59664444444445,13.446644444444473
56.25,24.5,287.17946547884185,14.029465478841871
56.25,24.75,286.27934725848564,13.129347258485666
56.25,25.0,284.4934908136483,11.343490813648316
56.25,25.25,284.9947252747253,11.844725274725306
56.25,25.5,286.49637023593465,13.346370235934671
56.25,25.75,287.0796153846154,13.929615384615431
56.25,26.0,287.23709359605914,14.087093596059162
56.25,26.25,287.3386422976501,14.18864229765012
56.25,26.5,287.5601615074024,14.41016150740245
56.25,26.75,286.89412607449856,13.744126074498581
56.25,27.0,284.9583804143126,11.808380414312637
56.25,27.25,284.50172506738545,11.351725067385473
56.25,27.5,283.1316535433071,9.981653543307118
56.25,27.75,284.3656119402985,11.215611940298515
56.25,28.0,286.1864837905237,13.036483790523732
56.25,28.25,284.63834333733496,11.488343337334982
56.25,28.5,284.45804494382025,11.308044943820278
56.25,28.75,285.17216610549946,12.02216610549948
56.25,29.0,285.4925309336333,12.342530933633327
56.25,29.25,286.20402669632927,13.054026696329288
56.25,29.5,285.9704888888889,12.820488888888917
56.25,29.75,285.37744444444445,12.227444444444473
56.25,30.0,283.4399767171129,10.28997671711295
56.25,30.25,281.1608925619835,8.010892561983496
56.25,30.5,279.8009677419355,6.650967741935517
56.25,30.75,278.56605898123325,5.416058981233277
56.25,31.0,276.1017523809524,2.9517523809524278
56.25,31.25,272.67283276450513,-0.4771672354948464
56.25,31.75,276.33542372881357,3.185423728813589
56.25,32.0,277.8525754884547,4.702575488454727
56.25,32.25,278.5491866028708,5.399186602870827
56.25,32.5,278.14,4.990000000000009
56.5,-7.0,287.1842105263158,14.034210526315803
56.5,-6.75,286.92358974358973,13.773589743589753
56.5,-6.5,287.4396,14.289600000000007
56.5,-6.25,287.49850000000004,14.348500000000058
56.5,-6.0,286.089698630137,12.939698630137002
56.5,-5.75,288.19887482419125,15.048874824191273
56.5,-5.5,287.92174807197944,14.77174807197946
56.5,-5.25,287.20236907730674,14.052369077306764
56.5,-5.0,288.1950530035336,15.04505300353361
56.5,-4.75,287.7485941043084,14.598594104308404
56.5,-4.5,283.85703832752614,10.707038327526163
56.5,-4.25,283.6998290598291,10.549829059829108
56.5,-4.0,282.6413636363637,9.491363636363701
56.5,-3.75,284.1363862928349,10.986386292834936
56.5,-3.5,287.8909243697479,14.740924369747916
56.5,-3.25,288.6048339483395,15.454833948339513
56.5,-3.0,289.239490616622,16.089490616622015
56.5,-2.75,288.62344689378756,15.473446893787582
56.5,-2.5,289.67964912280706,16.529649122807086
56.5,8.0,275.565,2.4150000000000205
56.5,8.25,280.0838176638177,6.933817663817706
56.5,8.5,280.55481481481485,7.40481481481487
56.5,8.75,280.58168224299067,7.431682242990689
56.5,9.0,282.3451851851852,9.19518518518521
56.5,10.75,275.466,2.316000000000031
56.5,11.0,274.72,1.57000000000005
56.5,12.75,283.0920238095238,9.942023809523846
56.5,13.0,286.5443344709898,13.394334470989804
56.5,13.25,285.7502657004831,12.600265700483135
56.5,13.5,285.09378619153676,11.943786191536788
56.5,13.75,285.28164444444445,12.131644444444476
56.5,14.0,285.36122222222224,12.211222222222261
56.5,14.25,285.4216666666667,12.271666666666704
56.5,14.5,284.5734888888889,11.423488888888926
56.5,14.75,284.1246888888889,10.97468888888892
56.5,15.0,284.6515777777778,11.501577777777811
56.5,15.25,284.4902,11.340200000000038
56.5,15.5,284.3254888888889,11.175488888888935
56.5,15.75,283.80164444444443,10.651644444444457
56.5,16.0,284.8204587155963,11.67045871559634
56.5,16.25,286.73624309392267,13.58624309392269
56.5,16.5,285.4719945355191,12.321994535519138
56.5,16.75,286.02923076923076,12.879230769230787
56.5,21.0,285.639012987013,12.48901298701304
56.5,21.25,286.5533096926714,13.403309692671428
56.5,21.5,287.6417997750281,14.491799775028142
56.5,21.75,286.8012888888889,13.651288888888928
56.5,22.0,286.4459111111111,13.295911111111138
56.5,22.25,286.14166666666665,12.991666666666674
56.5,22.5,285.87142222222224,12.721422222222259
56.5,22.75,285.16380000000004,12.01380000000006
56.5,23.0,284.8599111111111,11.709911111111126
56.5,23.25,285.3140666666667,12.164066666666713
56.5,23.5,285.74677777777777,12.596777777777788
56.5,23.75,285.9464,12.796400000000006
56.5,24.0,286.6188222222222,13.46882222222223
56.5,24.25,287.2106,14.060600000000022
56.5,24.5,287.44017777777776,14.290177777777785
56.5,24.75,286.745283446712,13.595283446712017
56.5,25.0,284.7577298850575,11.607729885057495
56.5,25.25,284.91092819614715,11.760928196147177
56.5,25.5,284.9435393258427,11.793539325842744
56.5,25.75,285.2782097186701,12.12820971867012
56.5,26.0,284.98321083172146,11.833210831721487
56.5,26.25,286.8604287515763,13.71042875157633
56.5,26.5,287.0842410714286,13.93424107142863
56.5,26.75,286.00306666666665,12.853066666666678
56.5,27.0,285.9285874439462,12.778587443946208
56.5,27.25,286.9668139534884,13.816813953488406
56.5,27.5,285.87486447931525,12.724864479315272
56.5,27.75,284.9841596638655,11.834159663865535
56.5,28.0,284.1564814814815,11.0064814814815
56.5,28.25,286.32332953249716,13.173329532497178
56.5,28.5,285.7946888888889,12.644688888888936
56.5,28.75,285.2654888888889,12.115488888888933
56.5,29.0,284.11297777777776,10.96297777777778
56.5,29.25,284.83453527435614,11.684535274356165
56.5,29.5,285.4477333333333,12.297733333333326
56.5,29.75,286.96411111111115,13.814111111111174
56.5,30.0,287.30104444444447,14.151044444444494
56.5,30.25,286.1284,12.978400000000022
56.5,30.5,283.365,10.215000000000032
56.5,30.75,282.6512222222222,9.501222222222225
56.5,31.0,281.0234490481523,7.873449048152338
56.5,31.25,278.92511254019297,5.775112540192993
56.5,31.5,278.2326946107784,5.0826946107784465
56.5,31.75,274.77522123893806,1.6252212389380816
56.5,32.0,275.492351543943,2.342351543943039
56.5,32.25,277.89025125628143,4.740251256281454
56.5,32.5,276.8877887788779,3.7377887788779276
56.5,32.75,277.96,4.810000000000002
56.75,-7.75,285.58000000000004,12.430000000000064
56.75,-7.5,283.8833333333334,10.733333333333405
56.75,-6.5,287.2397674418605,14.089767441860545
56.75,-6.25,286.33735849056603,13.187358490566055
56.75,-6.0,286.61360215053764,13.463602150537668
56.75,-5.75,287.30917989417986,14.159179894179886
56.75,-5.5,286.86452655889144,13.714526558891464
56.75,-5.25,287.124447592068,13.974447592068032
56.75,-5.0,287.5218925233645,14.371892523364522
56.75,-4.75,287.7753400222966,14.625340022296598
56.75,-4.5,285.04077764277037,11.890777642770388
56.75,-4.25,283.61756563245825,10.467565632458275
56.75,-4.0,286.3352658662092,13.18526586620925
56.75,-3.75,286.12389791183296,12.973897911832978
56.75,-3.5,282.90521739130435,9.75521739130437
56.75,-3.25,282.73797101449276,9.58797101449278
56.75,-3.0,288.9421223021583,15.792122302158305
56.75,-2.75,289.7254456654457,16.575445665445727
56.75,-2.5,289.48294372294373,16.332943722943753
56.75,-2.25,288.64436974789913,15.494369747899157
56.75,8.25,277.5575,4.407500000000027
56.75,10.25,276.79806451612905,3.648064516129068
56.75,11.5,278.338064516129,5.188064516129032
56.75,12.5,287.41806451612905,14.268064516129073
56.75,12.75,288.1056540084388,14.955654008438842
56.75,13.0,286.64770436730123,13.497704367301253
56.75,13.25,284.4963111111111,11.346311111111106
56.75,13.5,284.3998888888889,11.249888888888904
56.75,13.75,284.37344444444443,11.223444444444453
56.75,14.0,285.3834,12.233400000000017
56.75,14.25,284.4755333333333,11.32553333333334
56.75,14.5,284.90175555555555,11.751755555555576
56.75,14.75,284.39006666666666,11.240066666666678
56.75,15.0,284.4364,11.286400000000015
56.75,15.25,283.5531777777778,10.403177777777842
56.75,15.5,283.3159060402685,10.16590604026851
56.75,15.75,282.56792941176474,9.41792941176476
56.75,16.0,282.8599319727891,9.70993197278915
56.75,16.25,284.31821640903684,11.168216409036859
56.75,16.5,284.1386567164179,10.98865671641795
56.75,16.75,285.312854442344,12.162854442344042
56.75,21.0,284.04977578475336,10.899775784753388
56.75,21.25,285.17205574912896,12.022055749128981
56.75,21.5,285.3491135734072,12.199113573407203
56.75,21.75,286.4091486946652,13.259148694665214
56.75,22.0,285.8663697104677,12.716369710467745
56.75,22.25,285.45695555555557,12.30695555555559
56.75,22.5,285.6556347438753,12.505634743875305
56.75,22.75,284.50783389450055,11.357833894500573
56.75,23.0,285.03891111111113,11.888911111111156
56.75,23.25,285.42040000000003,12.270400000000052
56.75,23.5,285.0044666666667,11.854466666666724
56.75,23.75,285.13624444444446,11.98624444444448
56.75,24.0,285.76515555555557,12.615155555555589
56.75,24.25,286.2343176733781,13.08431767337811
56.75,24.5,286.2666592427617,13.116659242761727
56.75,24.75,286.41282222222225,13.262822222222269
56.75,25.0,286.8694314381271,13.719431438127117
56.75,25.25,286.14443127962085,12.99443127962087
56.75,25.5,285.5221515151515,12.372151515151529
56.75,25.75,285.45065573770495,12.300655737704972
56.75,26.0,283.84034482758625,10.690344827586273
56.75,26.25,284.4872064777328,11.33720647773282
56.75,26.5,285.63385300668153,12.483853006681557
56.75,26.75,285.35169811320753,12.201698113207556
56.75,27.0,284.49959044368603,11.349590443686054
56.75,27.25,285.52912621359224,12.379126213592258
56.75,27.5,285.0948307692308,11.944830769230805
56.75,27.75,283.97353535353534,10.823535353535362
56.75,28.0,284.2464534883721,11.096453488372106
56.75,28.25,283.8109849749583,10.660984974958296
56.75,28.5,285.6999160839161,12.549916083916116
56.75,28.75,285.6136100628931,12.46361006289311
56.75,29.0,285.724094488189,12.574094488189019
56.75,29.25,285.3230888888889,12.173088888888913
56.75,29.5,285.87784444444446,12.727844444444486
56.75,29.75,286.45826666666665,13.308266666666668
56.75,30.0,287.9502888888889,14.800288888888929
56.75,30.25,287.19048888888886,14.040488888888888
56.75,30.5,285.8764,12.726400000000012
56.75,30.75,285.53964444444443,12.389644444444457
56.75,31.0,284.85093333333333,11.700933333333353
56.75,31.25,284.4330444444445,11.2830444444445
56.75,31.5,283.07266666666663,9.922666666666657
56.75,31.75,280.59858363858365,7.448583638583671
56.75,32.0,277.88204142011836,4.732041420118378
56.75,32.25,277.2389219858156,4.0889219858156025
56.75,32.5,275.43700900900905,2.2870090090090684
56.75,32.75,274.7056896551724,1.5556896551724435
56.75,33.0,275.2733333333333,2.123333333333335
56.75,33.25,275.50173913043477,2.351739130434794
56.75,35.25,277.64,4.490000000000009
56.75,35.5,277.0903448275862,3.940344827586216
56.75,35.75,280.4362962962963,7.286296296296314
56.75,36.0,282.5366666666667,9.386666666666713
57.0,-7.5,285.8421818181818,12.692181818181837
57.0,-7.25,283.935223880597,10.785223880597016
57.0,-6.5,284.60453333333334,11.454533333333359
57.0,-6.25,286.52860986547086,13.378609865470878
57.0,-6.0,287.6126373626374,14.462637362637395
57.0,-5.75,287.72197654941374,14.571976549413762
57.0,-5.5,287.5887470449173,14.438747044917307
57.0,-5.25,288.25873589164786,15.108735891647882
57.0,-5.0,287.7715367483296,14.621536748329618
57.0,-4.75,288.2422972972973,15.092297297297307
57.0,-4.5,286.22560830860533,13.075608308605354
57.0,-4.25,286.4132,13.26320000000004
57.0,-4.0,287.82778420038534,14.67778420038536
57.0,-3.75,282.9811,9.831100000000049
57.0,-3.5,283.34,10.189999999999998
57.0,-3.25,283.303,10.15300000000002
57.0,-3.0,286.16326530612247,13.013265306122491
57.0,-2.75,287.76637305699484,14.61637305699486
57.0,-2.5,286.95703846153845,13.807038461538468
57.0,-2.25,288.6459593023256,15.495959302325616
57.0,-2.0,289.34826086956525,16.198260869565274
57.0,12.25,288.1268367346939,14.976836734693904
57.0,12.5,288.1217289719626,14.971728971962648
57.0,12.75,285.7728,12.62280000000004
57.0,13.0,284.28200000000004,11.132000000000062
57.0,13.25,284.1902888888889,11.040288888888938
57.0,13.5,283.3391555555556,10.189155555555601
57.0,13.75,283.23793333333333,10.087933333333353
57.0,14.0,284.08206666666666,10.932066666666685
57.0,14.25,283.76346666666666,10.613466666666682
57.0,14.5,283.64140000000003,10.491400000000056
57.0,14.75,283.39655555555555,10.246555555555574
57.0,15.0,282.92633333333333,9.776333333333355
57.0,15.25,282.1946153846154,9.04461538461544
57.0,15.5,280.8854664914586,7.735466491458624
57.0,15.75,279.4942980561555,6.344298056155537
57.0,16.0,280.5663665594855,7.416366559485539
57.0,16.25,282.43846666666667,9.288466666666693
57.0,16.5,282.8975669099757,9.747566909975717
57.0,16.75,284.54584507042256,11.395845070422581
57.0,17.0,284.61094594594596,11.46094594594598
57.0,18.0,284.88,11.730000000000018
57.0,18.25,284.70503816793894,11.55503816793896
57.0,18.5,284.22875,11.078750000000014
57.0,21.25,282.6696842105263,9.51968421052635
57.0,21.5,284.56221941992436,11.412219419924384
57.0,21.75,285.45338728323696,12.303387283236987
57.0,22.0,285.2272045454545,12.07720454545455
57.0,22.25,284.5179441340782,11.367944134078243
57.0,22.5,284.9006681514477,11.750668151447712
57.0,22.75,284.90037777777775,11.750377777777771
57.0,23.0,284.92472160356346,11.774721603563478
57.0,23.25,283.43557251908396,10.285572519083985
57.0,23.5,282.5064362850972,9.356436285097232
57.0,23.75,283.9202849002849,10.770284900284935
57.0,24.0,286.1152836879433,12.965283687943327
57.0,24.25,286.0478504672897,12.897850467289743
57.0,24.5,286.6502372881356,13.500237288135622
57.0,24.75,285.88165548098436,12.731655480984386
57.0,25.0,286.45190255220416,13.301902552204183
57.0,25.25,286.0079909194098,12.857990919409815
57.0,25.5,285.33683192261185,12.186831922611873
57.0,25.75,284.64725361366624,11.49725361366626
57.0,26.0,284.40331753554506,11.25331753554508
57.0,26.25,283.832,10.682000000000016
57.0,26.5,282.9671818181818,9.817181818181837
57.0,26.75,282.2057142857143,9.055714285714316
57.0,27.0,281.46133333333336,8.31133333333338
57.0,27.75,282.8023529411765,9.652352941176503
57.0,28.0,283.284,10.134000000000015
57.0,28.25,282.33860465116277,9.188604651162791
57.0,28.5,283.68329268292683,10.533292682926856
57.0,28.75,283.3900230946882,10.24002309468824
57.0,29.0,284.3700351699883,11.220035169988307
57.0,29.25,284.2975570776256,11.147557077625606
57.0,29.5,284.82828870779974,11.678288707799766
57.0,29.75,286.53925507900675,13.389255079006773
57.0,30.0,286.1639822024472,13.01398220244721
57.0,30.25,285.81291111111113,12.662911111111157
57.0,30.5,285.6329111111111,12.48291111111115
57.0,30.75,285.7319777777778,12.581977777777809
57.0,31.0,285.54364444444445,12.393644444444476
57.0,31.25,285.2106,12.060600000000022
57.0,31.5,284.5820888888889,11.432088888888927
57.0,31.75,283.9736,10.823599999999999
57.0,32.0,282.24755555555555,9.097555555555573
57.0,32.25,281.9470666666667,8.797066666666694
57.0,32.5,281.02666666666664,7.876666666666665
57.0,32.75,277.22605355064024,4.0760535506402675
57.0,33.0,276.29636363636365,3.1463636363636738
57.0,33.25,275.52,2.3700000000000045
57.0,33.5,277.34000000000003,4.190000000000055
57.0,35.25,282.08363636363634,8.933636363636367
57.0,35.5,281.0368,7.886800000000051
57.0,35.75,281.9913846153847,8.841384615384698
57.0,36.0,282.6325252525252,9.48252525252525
57.0,36.25,269.62,-3.5299999999999727
57.25,-7.5,283.97828125,10.828281250000032
57.25,-7.25,283.1976785714286,10.047678571428605
57.25,-6.75,286.63800000000003,13.488000000000056
57.25,-6.5,285.6955555555556,12.545555555555609
57.25,-6.25,286.1059044862518,12.955904486251825
57.25,-6.0,286.7615471698113,13.611547169811331
57.25,-5.75,287.9995614035087,14.849561403508744
57.25,-5.5,289.31879396984925,16.168793969849276
57.25,-5.25,288.3192359550562,15.169235955056195
57.25,-5.0,288.09608988764046,14.946089887640483
57.25,-4.75,289.3479555555556,16.19795555555561
57.25,-4.5,287.3415577889447,14.191557788944749
57.25,-4.25,286.1542857142857,13.004285714285743
57.25,-4.0,287.47958974358977,14.329589743589793
57.25,-3.75,286.5631728045326,13.413172804532621
57.25,-3.5,285.0669827586207,11.916982758620748
57.25,-3.25,284.2407582938389,11.090758293838917
57.25,-3.0,287.21939058171745,14.069390581717471
57.25,-2.75,287.83723122238587,14.68723122238589
57.25,-2.5,287.402,14.25200000000001
57.25,-2.25,289.1268407310705,15.976840731070524
57.25,-2.0,289.4204312668464,16.2704312668464
57.25,9.75,281.1137254901961,7.963725490196111
57.25,10.0,284.1120098039216,10.962009803921603
57.25,10.25,284.0495108695652,10.899510869565233
57.25,10.5,285.4164859002169,12.266485900216935
57.25,11.0,286.64774774774776,13.49774774774778
57.25,11.25,285.1642857142857,12.014285714285734
57.25,12.0,285.2497142857143,12.099714285714299
57.25,12.25,286.314,13.164000000000044
57.25,12.5,284.98657777777777,11.83657777777779
57.25,12.75,283.7354222222222,10.585422222222235
57.25,13.0,283.57964444444445,10.429644444444477
57.25,13.25,283.55311111111115,10.403111111111173
57.25,13.5,283.78540000000004,10.635400000000061
57.25,13.75,283.91673333333335,10.766733333333377
57.25,14.0,284.15386666666666,11.003866666666681
57.25,14.25,283.19044444444444,10.04044444444446
57.25,14.5,283.0395111111111,9.88951111111112
57.25,14.75,282.5206,9.370600000000024
57.25,15.0,281.76393333333334,8.613933333333364
57.25,15.25,280.43266903914594,7.282669039145958
57.25,15.5,278.70945686900956,5.55945686900958
57.25,15.75,277.1973643410853,4.047364341085313
57.25,16.0,278.9188993288591,5.768899328859106
57.25,16.25,280.3098305084746,7.159830508474613
57.25,16.5,282.1528278688525,9.002827868852535
57.25,16.75,279.78000000000003,6.630000000000052
57.25,17.0,282.95211195928755,9.802111959287572
57.25,17.25,280.9866666666667,7.8366666666667015
57.25,18.0,282.1266666666667,8.976666666666745
57.25,18.25,285.3999227799228,12.249922779922827
57.25,18.5,285.0415514809591,11.891551480959095
57.25,18.75,284.00674698795183,10.856746987951851
57.25,21.5,284.5795058139535,11.42950581395354
57.25,21.75,284.16530657748046,11.015306577480487
57.25,22.0,283.6641403508772,10.514140350877199
57.25,22.25,283.40529680365296,10.255296803652982
57.25,22.5,284.3081555555556,11.158155555555595
57.25,22.75,284.3915178571429,11.241517857142924
57.25,23.0,283.04284434490484,9.892844344904859
57.25,23.25,281.7674345549738,8.61743455497384
57.25,24.25,282.4001886792453,9.250188679245298
57.25,24.5,284.87541307028357,11.725413070283594
57.25,24.75,285.31195294117646,12.16195294117648
57.25,25.0,284.5083756345178,11.358375634517813
57.25,25.25,283.2863096960926,10.13630969609261
57.25,25.5,283.36897763578276,10.218977635782778
57.25,25.75,282.66475873544096,9.514758735440978
57.25,26.0,282.21794392523367,9.067943925233692
57.25,26.25,281.99344086021506,8.843440860215082
57.25,26.5,281.8346315789474,8.684631578947403
57.25,26.75,280.9468085106383,7.7968085106383
57.25,27.0,278.7054545454546,5.555454545454609
57.25,27.5,279.48470588235296,6.334705882352978
57.25,28.0,281.49757575757576,8.347575757575783
57.25,28.25,281.90875,8.75875000000002
57.25,28.5,280.90315789473686,7.753157894736887
57.25,28.75,282.5204576659039,9.370457665903928
57.25,29.0,283.3338484848485,10.183848484848511
57.25,29.25,284.0077725118483,10.857772511848339
57.25,29.5,284.00831775700937,10.858317757009388
57.25,29.75,285.5347884187082,12.38478841870824
57.25,30.0,286.2060666666667,13.056066666666709
57.25,30.25,286.0071555555556,12.857155555555607
57.25,30.5,285.4651333333333,12.315133333333335
57.25,30.75,285.49462222222223,12.344622222222256
57.25,31.0,285.3498,12.199800000000039
57.25,31.25,285.33377777777775,12.183777777777777
57.25,31.5,285.01748888888886,11.867488888888886
57.25,31.75,284.5173555555555,11.367355555555548
57.25,32.0,284.8453333333334,11.695333333333394
57.25,32.25,284.154,11.004000000000019
57.25,32.5,283.0517111111111,9.901711111111126
57.25,32.75,280.35786429365965,7.207864293659668
57.25,33.0,279.0352657004831,5.885265700483103
57.25,33.25,279.09855513307986,5.9485551330798785
57.25,33.5,278.66979919678715,5.519799196787176
57.25,33.75,278.4463366336634,5.296336633663429
57.25,34.0,277.96896000000004,4.818960000000061
57.25,34.25,279.7509090909091,6.600909090909113
57.25,34.75,279.17760000000004,6.027600000000064
57.25,35.0,275.84000000000003,2.6900000000000546
57.25,35.25,275.84000000000003,2.6900000000000546
57.25,36.5,274.56,1.410000000000025
57.5,-7.5,284.8,11.650000000000034
57.5,-7.25,283.3989230769231,10.24892307692312
57.5,-7.0,285.13272727272727,11.982727272727288
57.5,-6.75,285.5001913875598,12.350191387559846
57.5,-6.5,285.50224637681157,12.352246376811593
57.5,-6.25,286.28589420654913,13.135894206549153
57.5,-6.0,285.51785714285717,12.36785714285719
57.5,-5.75,288.2342194744977,15.08421947449773
57.5,-5.5,289.1867615658363,16.036761565836343
57.5,-5.25,290.6651333333333,17.515133333333324
57.5,-5.0,289.40023446658853,16.25023446658855
57.5,-4.75,289.1275203725262,15.977520372526214
57.5,-4.5,289.0206775700935,15.870677570093505
57.5,-4.25,288.01978919631097,14.86978919631099
57.5,-4.0,288.9686785009862,15.81867850098621
57.5,-3.75,288.88419558359624,15.73419558359626
57.5,-3.5,288.81934664246825,15.66934664246827
57.5,-3.25,288.0650080775444,14.915008077544428
57.5,-3.0,287.7070807453416,14.557080745341636
57.5,-2.75,287.91029641185645,14.760296411856473
57.5,-2.5,288.3260501567398,15.176050156739848
57.5,-2.25,287.1425830258303,13.9925830258303
57.5,-2.0,286.37145945945946,13.221459459459481
57.5,-1.75,285.7303196347032,12.580319634703244
57.5,9.75,284.1389,10.988900000000001
57.5,10.0,286.9167619047619,13.76676190476195
57.5,10.25,287.51591981132077,14.365919811320794
57.5,10.5,287.18946835443035,14.039468354430369
57.5,11.75,284.1844444444444,11.034444444444432
57.5,12.0,285.9326905132193,12.782690513219336
57.5,12.25,284.08567928730514,10.935679287305163
57.5,12.5,284.12646666666666,10.976466666666681
57.5,12.75,283.9667777777778,10.816777777777816
57.5,13.0,283.5403111111111,10.390311111111146
57.5,13.25,283.6957777777778,10.5457777777778
57.5,13.5,282.9050222222222,9.755022222222237
57.5,13.75,282.1016,8.951600000000042
57.5,14.0,282.5862,9.436200000000042
57.5,14.25,283.3739111111111,10.223911111111136
57.5,14.5,282.2153333333334,9.065333333333399
57.5,14.75,282.52104444444444,9.371044444444465
57.5,15.0,282.05603563474386,8.906035634743887
57.5,15.25,280.46202066590126,7.3120206659012865
57.5,15.5,280.6818918918919,7.531891891891917
57.5,15.75,280.3172991071429,7.167299107142924
57.5,16.0,279.6474182638106,6.49741826381063
57.5,16.25,279.93548603351957,6.7854860335195895
57.5,16.5,281.3221754385965,8.172175438596526
57.5,16.75,280.5985,7.448500000000024
57.5,18.0,280.30428571428575,7.154285714285777
57.5,18.25,284.55752837326605,11.407528373266075
57.5,18.5,285.15355780022446,12.003557800224485
57.5,18.75,283.80075,10.650750000000016
57.5,19.0,283.65384615384613,10.503846153846155
57.5,21.5,285.1785294117647,12.028529411764737
57.5,21.75,282.84242603550297,9.69242603550299
57.5,22.0,283.4867615658363,10.336761565836298
57.5,22.25,282.9957354618016,9.84573546180161
57.5,22.5,283.03207872078724,9.882078720787263
57.5,22.75,282.42236983842014,9.272369838420161
57.5,23.0,281.695306122449,8.545306122449006
57.5,24.25,279.3666666666667,6.216666666666697
57.5,24.5,283.0706617647059,9.920661764705926
57.5,24.75,283.685625,10.535625000000039
57.5,25.0,282.9731050228311,9.8231050228311
57.5,25.25,282.27656836461125,9.126568364611273
57.5,25.5,281.600234375,8.450234375000036
57.5,25.75,281.8516981132076,8.701698113207613
57.5,26.0,282.039587628866,8.889587628866025
57.5,26.25,282.09251396648045,8.942513966480476
57.5,26.5,280.99069565217394,7.840695652173963
57.5,26.75,280.04301675977655,6.893016759776572
57.5,27.0,278.11,4.960000000000036
57.5,27.25,278.3645,5.214500000000044
57.5,27.5,279.08206896551724,5.93206896551726
57.5,27.75,277.7956363636364,4.645636363636413
57.5,28.0,281.834554973822,8.684554973822003
57.5,28.25,283.71564864864865,10.565648648648676
57.5,28.5,283.45430167597766,10.304301675977683
57.5,28.75,282.6533077905492,9.50330779054923
57.5,29.0,283.6495357590966,10.499535759096602
57.5,29.25,283.58015945330294,10.430159453302963
57.5,29.5,283.3424971098266,10.192497109826604
57.5,29.75,284.32902186421177,11.17902186421179
57.5,30.0,285.91935412026726,12.76935412026728
57.5,30.25,284.6931777777778,11.543177777777828
57.5,30.5,285.12073333333336,11.970733333333385
57.5,30.75,285.82484444444447,12.674844444444489
57.5,31.0,285.97904444444447,12.829044444444492
57.5,31.25,285.67275555555557,12.522755555555591
57.5,31.5,284.70037777777776,11.550377777777783
57.5,31.75,284.4285111111111,11.27851111111113
57.5,32.0,285.0236666666667,11.873666666666736
57.5,32.25,285.2002444444444,12.050244444444445
57.5,32.5,285.76706666666666,12.617066666666688
57.5,32.75,284.61133333333333,11.461333333333357
57.5,33.0,282.3032222222222,9.153222222222212
57.5,33.25,281.68098984771575,8.530989847715773
57.5,33.5,279.9820116054159,6.832011605415914
57.5,33.75,280.59024128686326,7.440241286863284
57.5,34.0,279.10051813471506,5.950518134715082
57.5,34.25,278.6447794117647,5.494779411764739
57.5,34.5,278.70464419475655,5.554644194756577
57.5,34.75,281.46572127139365,8.31572127139367
57.5,35.0,282.4202631578948,9.270263157894817
57.5,35.25,281.89525925925926,8.745259259259285
57.5,35.5,283.3428081123245,10.192808112324542
57.5,35.75,282.77560975609754,9.62560975609756
57.5,36.0,279.6995555555556,6.549555555555628
57.5,36.25,277.68276729559744,4.532767295597466
57.5,36.5,278.8624120603015,5.712412060301517
57.5,36.75,278.74583333333334,5.59583333333336
57.5,37.25,274.9478947368421,1.7978947368421245
57.75,-8.5,282.6977777777778,9.54777777777781
57.75,-7.5,285.61510204081634,12.465102040816362
57.75,-7.25,283.43969696969697,10.28969696969699
57.75,-7.0,285.888417721519,12.738417721519
57.75,-6.75,286.9809523809524,13.830952380952397
57.75,-6.5,286.1622222222222,13.012222222222249
57.75,-6.25,286.74129032258065,13.591290322580676
57.75,-5.75,289.13161676646706,15.981616766467084
57.75,-5.5,289.29904875148634,16.14904875148636
57.75,-5.25,289.6260295790671,16.47602957906713
57.75,-5.0,288.47323759791124,15.323237597911259
57.75,-4.75,288.054859437751,14.904859437751043
57.75,-4.5,287.1241498559078,13.974149855907797
57.75,-4.25,287.91879616963064,14.768796169630662
57.75,-4.0,289.30113537117904,16.151135371179066
57.75,-3.75,288.64863157894735,15.498631578947368
57.75,-3.5,291.44858585858583,18.298585858585852
57.75,-3.25,291.4082033898305,18.2582033898305
57.75,-3.0,288.56673575129537,15.416735751295391
57.75,-2.75,288.41700000000003,15.267000000000053
57.75,-2.5,288.4061627906977,15.256162790697715
57.75,-2.25,285.4152112676056,12.26521126760565
57.75,-2.0,285.0816352201258,11.931635220125827
57.75,10.25,284.24380952380955,11.093809523809568
57.75,10.5,285.58783132530124,12.43783132530126
57.75,10.75,282.58,9.430000000000007
57.75,11.5,283.7705263157895,10.620526315789505
57.75,11.75,286.0842512077295,12.934251207729517
57.75,12.0,286.86345211581295,13.71345211581297
57.75,12.25,283.78289532293985,10.632895322939873
57.75,12.5,282.8539821029083,9.703982102908299
57.75,12.75,282.8877111111111,9.737711111111139
57.75,13.0,283.4130444444445,10.263044444444517
57.75,13.25,282.95924444444444,9.80924444444446
57.75,13.5,282.49182222222225,9.341822222222277
57.75,13.75,281.58757777777777,8.43757777777779
57.75,14.0,282.04613333333333,8.896133333333353
57.75,14.25,281.5556389214537,8.405638921453715
57.75,14.5,281.1508017817372,8.00080178173721
57.75,14.75,281.17519274376417,8.025192743764194
57.75,15.0,281.3832438478747,8.233243847874746
57.75,15.25,280.97879464285717,7.82879464285719
57.75,15.5,281.19697777777776,8.046977777777784
57.75,15.75,281.8313111111111,8.681311111111143
57.75,16.0,281.4347216035635,8.284721603563526
57.75,16.25,282.03133333333335,8.881333333333373
57.75,16.5,282.07421254801534,8.924212548015362
57.75,16.75,281.4913253012048,8.341325301204847
57.75,18.25,281.5932075471698,8.443207547169834
57.75,18.5,284.02614678899084,10.876146788990866
57.75,18.75,283.79801324503313,10.648013245033155
57.75,19.0,283.88425675675677,10.734256756756793
57.75,19.25,283.3866666666667,10.236666666666736
57.75,22.0,281.81333333333333,8.663333333333355
57.75,22.25,281.0708641975309,7.920864197530932
57.75,22.5,281.32893081761006,8.17893081761008
57.75,23.25,280.88916666666665,7.7391666666666765
57.75,24.25,282.4371764705882,9.287176470588236
57.75,24.5,282.35607407407406,9.206074074074081
57.75,24.75,280.00666666666666,6.856666666666683
57.75,25.25,279.36105263157896,6.21105263157898
57.75,25.75,280.8641666666667,7.714166666666699
57.75,26.0,280.75111111111113,7.601111111111152
57.75,26.25,278.725,5.5750000000000455
57.75,27.75,280.278,7.128000000000043
57.75,28.0,283.17288461538465,10.022884615384669
57.75,28.25,284.22469505178367,11.074695051783692
57.75,28.5,283.1622823984526,10.012282398452612
57.75,28.75,282.86411242603555,9.71411242603557
57.75,29.0,283.5993885350319,10.449388535031915
57.75,29.25,282.51947368421054,9.369473684210561
57.75,29.5,283.47387205387207,10.323872053872094
57.75,29.75,283.85609865470855,10.706098654708569
57.75,30.0,284.23744680851064,11.087446808510663
57.75,30.25,284.80139013452913,11.651390134529152
57.75,30.5,284.3200449438202,11.170044943820244
57.75,30.75,283.8160312151617,10.666031215161695
57.75,31.0,284.0843111111111,10.934311111111128
57.75,31.25,285.4018888888889,12.251888888888914
57.75,31.5,285.11733333333336,11.967333333333386
57.75,31.75,285.0272444444445,11.8772444444445
57.75,32.0,285.1682666666667,12.018266666666705
57.75,32.25,284.71542222222223,11.565422222222253
57.75,32.5,285.9195111111111,12.769511111111115
57.75,32.75,286.1708888888889,13.02088888888892
57.75,33.0,282.5043111111111,9.354311111111144
57.75,33.25,282.86075555555556,9.71075555555558
57.75,33.5,283.54,10.390000000000043
57.75,33.75,283.3797995545657,10.229799554565716
57.75,34.0,282.0262340966921,8.876234096692144
57.75,34.25,279.44160000000005,6.291600000000074
57.75,34.5,279.27393759286775,6.123937592867776
57.75,34.75,277.6817518248175,4.5317518248175475
57.75,35.0,278.38218045112785,5.232180451127874
57.75,35.25,280.5206451612903,7.3706451612903265
57.75,35.5,283.50783109404995,10.35783109404997
57.75,35.75,283.82374816983895,10.673748169838973
57.75,36.0,282.471364764268,9.321364764268026
57.75,36.25,282.18949037372596,9.039490373725982
57.75,36.5,283.01686716791977,9.866867167919793
57.75,36.75,282.58431259044863,9.434312590448656
57.75,37.0,283.31534569983137,10.165345699831391
57.75,37.25,283.7157142857143,10.565714285714307
57.75,37.5,283.22561403508774,10.075614035087767
57.75,37.75,281.31990990990994,8.169909909909961
57.75,38.0,281.6590082644628,8.509008264462807
58.0,-7.25,279.805,6.65500000000003
58.0,-7.0,284.1691296625222,11.019129662522232
58.0,-6.75,284.8988059701493,11.748805970149306
58.0,-6.5,286.3661343012704,13.216134301270415
58.0,-6.25,286.62,13.470000000000027
58.0,-5.75,287.435,14.285000000000025
58.0,-5.5,288.59944055944055,15.449440559440575
58.0,-5.25,289.11293548387096,15.962935483870979
58.0,-5.0,288.4755994729908,15.325599472990802
58.0,-4.75,288.38695172413793,15.236951724137953
58.0,-4.5,287.45559493670885,14.305594936708872
58.0,-4.25,289.0300939597316,15.880093959731596
58.0,-4.0,289.3383151326053,16.18831513260534
58.0,-3.75,289.35161616161616,16.201616161616187
58.0,6.5,279.3016666666667,6.151666666666699
58.0,6.75,278.5006666666667,5.3506666666667115
58.0,7.0,279.22327272727273,6.073272727272752
58.0,7.25,280.2015873015873,7.051587301587347
58.0,7.5,280.78531506849316,7.635315068493185
58.0,7.75,283.20431372549024,10.05431372549026
58.0,8.0,284.3717525773196,11.221752577319648
58.0,8.25,283.6,10.450000000000045
58.0,11.5,285.2693525179856,12.119352517985647
58.0,11.75,285.36933823529415,12.219338235294174
58.0,12.0,284.38026666666667,11.230266666666694
58.0,12.25,283.54840934371526,10.398409343715286
58.0,12.5,282.48935555555556,9.339355555555585
58.0,12.75,283.45382222222224,10.303822222222266
58.0,13.0,283.11416481069045,9.964164810690477
58.0,13.25,283.0877555555556,9.937755555555611
58.0,13.5,283.2638888888889,10.113888888888937
58.0,13.75,282.4199555555556,9.269955555555612
58.0,14.0,280.3710344827586,7.2210344827586255
58.0,14.25,275.2748069241012,2.1248069241012217
58.0,14.5,279.5114011976048,6.361401197604835
58.0,14.75,280.71397420867527,7.56397420867529
58.0,15.0,281.64031284916206,8.49031284916208
58.0,15.25,280.90277777777777,7.752777777777794
58.0,15.5,281.46782222222225,8.317822222222276
58.0,15.75,281.51206741573037,8.362067415730394
58.0,16.0,281.15824053452116,8.008240534521178
58.0,16.25,282.40484444444445,9.254844444444473
58.0,16.5,283.07700495049505,9.927004950495075
58.0,16.75,282.5774501992032,9.427450199203236
58.0,18.5,281.84000000000003,8.690000000000055
58.0,18.75,282.59576923076924,9.445769230769258
58.0,19.0,282.96878980891717,9.818789808917188
58.0,19.25,282.6712582781457,9.521258278145694
58.0,22.0,281.9830612244898,8.833061224489825
58.0,22.25,280.7717543859649,7.621754385964948
58.0,24.0,276.35714285714283,3.2071428571428555
58.0,24.25,282.932,9.782000000000039
58.0,24.5,280.06875,6.9187500000000455
58.0,24.75,279.50333333333333,6.353333333333353
58.0,25.25,282.60235294117643,9.452352941176457
58.0,25.5,280.3933333333334,7.243333333333396
58.0,26.25,278.34000000000003,5.190000000000055
58.0,26.75,275.90000000000003,2.750000000000057
58.0,27.5,278.9137748344371,5.763774834437129
58.0,27.75,278.8464080100125,5.696408010012533
58.0,28.0,276.8646894803549,3.7146894803549344
58.0,28.25,280.33676300578037,7.186763005780392
58.0,28.5,280.1756862745098,7.025686274509837
58.0,28.75,280.2367010309278,7.086701030927827
58.0,29.0,280.99914893617023,7.849148936170252
58.0,29.25,280.9665257595773,7.816525759577303
58.0,29.5,281.9742957746479,8.824295774647908
58.0,29.75,282.34602579132473,9.196025791324757
58.0,30.0,282.7890062893082,9.639006289308213
58.0,30.25,283.49698389458274,10.346983894582763
58.0,30.5,282.9089121887287,9.758912188728743
58.0,30.75,283.1493093922652,9.999309392265218
58.0,31.0,282.4543538268507,9.304353826850729
58.0,31.25,283.9909601873536,10.84096018735363
58.0,31.5,283.35942093541206,10.209420935412084
58.0,31.75,283.13495555555556,9.984955555555587
58.0,32.0,282.988285077951,9.838285077951014
58.0,32.25,283.29710467706013,10.147104677060156
58.0,32.5,283.8862222222222,10.736222222222239
58.0,32.75,285.53959731543625,12.389597315436276
58.0,33.0,284.06831111111114,10.918311111111166
58.0,33.25,283.1397777777778,9.989777777777817
58.0,33.5,283.03597777777776,9.885977777777782
58.0,33.75,284.11826666666667,10.968266666666693
58.0,34.0,284.07413333333335,10.924133333333373
58.0,34.25,282.5239565741858,9.373956574185797
58.0,34.5,282.7390035587189,9.5890035587189
58.0,34.75,281.40528358208957,8.25528358208959
58.0,35.0,281.0589972144847,7.908997214484714
58.0,35.25,279.0170403587444,5.867040358744418
58.0,35.5,276.54,3.390000000000043
58.0,35.75,278.20325581395355,5.0532558139535695
58.0,36.0,280.75291139240505,7.602911392405076
58.0,36.25,280.08957345971567,6.939573459715689
58.0,36.5,280.6334086629002,7.483408662900217
58.0,36.75,283.07945454545455,9.929454545454576
58.0,37.0,283.9066163522013,10.75661635220132
58.0,37.25,285.9030831099196,12.7530831099196
58.0,37.5,285.4208428246014,12.270842824601402
58.0,37.75,283.29114595898676,10.141145958986783
58.0,38.0,283.81213636363634,10.662136363636364
58.25,-7.25,278.66,5.510000000000048
58.25,-7.0,283.0501083032491,9.900108303249112
58.25,-6.75,285.552131147541,12.402131147541013
58.25,-6.5,286.17529816513763,13.025298165137656
58.25,-6.25,287.11307479224376,13.963074792243788
58.25,-5.5,288.2066666666667,15.056666666666729
58.25,-5.25,286.86528301886796,13.715283018867979
58.25,-5.0,286.6769454545455,13.526945454545512
58.25,-4.75,288.0808631319359,14.93086313193595
58.25,-4.5,287.95589473684214,14.805894736842163
58.25,-4.25,286.3925663716814,13.242566371681448
58.25,-4.0,286.171962962963,13.021962962963016
58.25,-3.75,287.0318009478673,13.881800947867305
58.25,-3.5,288.3102994011976,15.16029940119762
58.25,-3.25,287.69225,14.542250000000024
58.25,-3.0,288.98,15.830000000000041
58.25,6.0,276.6,3.4500000000000455
58.25,6.25,280.38439024390243,7.234390243902453
58.25,6.5,280.174406779661,7.024406779661035
58.25,6.75,281.1009489051095,7.950948905109499
58.25,7.0,283.38912991656736,10.239129916567379
58.25,7.25,284.544009009009,11.39400900900904
58.25,7.5,284.5258666666667,11.375866666666695
58.25,7.75,284.57784444444445,11.427844444444474
58.25,8.0,284.7794619883041,11.629461988304115
58.25,8.25,284.18969151670956,11.039691516709581
58.25,8.5,283.9946086956522,10.844608695652198
58.25,8.75,284.9563636363636,11.806363636363642
58.25,11.25,284.071724137931,10.92172413793105
58.25,11.5,285.08755627009646,11.93755627009648
58.25,11.75,284.8600278940028,11.710027894002849
58.25,12.0,284.0063265306123,10.856326530612307
58.25,12.25,283.78364444444446,10.633644444444485
58.25,12.5,283.46753333333334,10.317533333333358
58.25,12.75,284.6238666666667,11.473866666666709
58.25,13.0,285.1276,11.977599999999995
58.25,13.25,284.38331111111114,11.233311111111163
58.25,13.5,283.7208,10.57080000000002
58.25,13.75,282.0085648148148,8.858564814814827
58.25,14.0,280.51382007822684,7.3638200782268655
58.25,14.25,278.6241959798995,5.474195979899548
58.25,14.5,274.4510893512852,1.3010893512852135
58.25,14.75,282.09915367483296,8.949153674832985
58.25,15.0,283.04540000000003,9.895400000000052
58.25,15.25,283.23275555555557,10.082755555555593
58.25,15.5,282.90404921700224,9.754049217002262
58.25,15.75,282.264494892168,9.114494892168011
58.25,16.0,282.6127171492205,9.46271714922051
58.25,16.25,282.1410913140312,8.991091314031223
58.25,16.5,283.2403111111111,10.090311111111134
58.25,16.75,283.0427856025039,9.89278560250392
58.25,17.0,281.27377777777775,8.123777777777775
58.25,19.25,280.0275,6.877499999999998
58.25,21.75,279.18,6.03000000000003
58.25,22.0,280.54741379310343,7.397413793103453
58.25,22.25,280.34699386503064,7.196993865030663
58.25,22.5,280.5206511627907,7.37065116279075
58.25,22.75,280.3894964028777,7.239496402877705
58.25,23.0,279.77169811320755,6.621698113207572
58.25,23.75,281.3782857142857,8.228285714285732
58.25,24.0,280.48486187845305,7.334861878453069
58.25,24.25,279.3095652173913,6.159565217391332
58.25,24.5,278.5457142857143,5.395714285714348
58.25,24.75,277.96000000000004,4.810000000000059
58.25,25.0,279.78999999999996,6.639999999999986
58.25,25.25,279.77,6.6200000000000045
58.25,26.0,274.408,1.2580000000000382
58.25,26.25,276.2578260869565,3.1078260869565497
58.25,26.5,278.51599999999996,5.3659999999999854
58.25,27.25,278.7153846153846,5.56538461538463
58.25,27.5,277.1573861386139,4.007386138613924
58.25,27.75,278.04748663101606,4.897486631016079
58.25,28.0,275.60423076923075,2.454230769230776
58.25,28.5,279.24474226804125,6.094742268041273
58.25,29.25,280.8,7.650000000000034
58.25,29.5,280.3760563380282,7.226056338028229
58.25,29.75,281.55773399014777,8.40773399014779
58.25,30.0,281.84019801980196,8.690198019801983
58.25,30.25,282.4592673992674,9.309267399267412
58.25,30.5,282.46119205298015,9.311192052980175
58.25,30.75,282.2651376146789,9.115137614678929
58.25,31.0,277.37483146067416,4.2248314606741815
58.25,31.25,274.61562642369023,1.465626423690253
58.25,31.5,275.59778781038375,2.4477878103837725
58.25,31.75,277.54653937947495,4.396539379474973
58.25,32.0,281.0314880952381,7.881488095238126
58.25,32.25,280.92515806988354,7.77515806988356
58.25,32.5,281.54948529411763,8.399485294117653
58.25,32.75,281.48593505039196,8.335935050391981
58.25,33.0,281.5883612040134,8.438361204013404
58.25,33.25,280.9745698324022,7.824569832402233
58.25,33.5,283.0889309576838,9.938930957683795
58.25,33.75,283.5811111111111,10.431111111111136
58.25,34.0,285.0568666666667,11.906866666666701
58.25,34.25,283.2744888888889,10.124488888888948
58.25,34.5,282.5848642533937,9.434864253393698
58.25,34.75,282.311817116061,9.161817116061002
58.25,35.0,282.30681883024255,9.156818830242571
58.25,35.25,282.0340634005764,8.884063400576395
58.25,35.5,281.428125,8.278125000000045
58.25,36.0,277.94,4.7900000000000205
58.25,36.25,279.05625,5.90625
58.25,36.5,284.41076923076923,11.260769230769256
58.25,36.75,282.2458959537572,9.095895953757235
58.25,37.0,281.6917021276596,8.541702127659619
58.25,37.25,279.56050632911393,6.410506329113957
58.25,37.5,277.93111570247936,4.781115702479383
58.25,37.75,279.630176,6.480176000000029
58.25,38.0,279.82870445344133,6.678704453441355
58.5,-6.5,286.0116363636364,12.861636363636421
58.5,-6.25,286.2352,13.085200000000043
58.5,-5.25,281.26181818181817,8.111818181818194
58.5,-5.0,285.74581314878895,12.595813148788977
58.5,-4.75,286.22847368421054,13.078473684210564
58.5,-4.5,287.3006993006993,14.15069930069933
58.5,-4.25,287.29277580071175,14.142775800711775
58.5,-4.0,287.7888698630137,14.638869863013724
58.5,-3.75,287.18691114245416,14.036911142454187
58.5,-3.5,288.2881613285884,15.13816132858841
58.5,-3.25,289.0032657657658,15.853265765765798
58.5,-3.0,288.40551724137936,15.25551724137938
58.5,5.5,278.268,5.117999999999995
58.5,5.75,281.43493750000005,8.28493750000007
58.5,6.0,284.8489922480621,11.698992248062098
58.5,6.25,284.4283068783069,11.278306878306921
58.5,6.5,285.1553863381859,12.005386338185929
58.5,6.75,285.3889347079038,12.238934707903809
58.5,7.0,285.89245977011495,12.742459770114976
58.5,7.25,283.5831034482759,10.433103448275915
58.5,7.5,285.3057111111111,12.155711111111145
58.5,7.75,285.3838666666667,12.2338666666667
58.5,8.0,284.5660888888889,11.416088888888908
58.5,8.25,284.72373333333337,11.573733333333394
58.5,8.5,284.0303777777778,10.880377777777824
58.5,8.75,284.70182529335074,11.55182529335076
58.5,9.0,283.8274476987447,10.677447698744743
58.5,11.25,286.17265625,13.022656250000011
58.5,11.5,285.400117370892,12.250117370892042
58.5,11.75,283.75575280898875,10.605752808988768
58.5,12.0,283.7242,10.574200000000019
58.5,12.25,283.73075555555556,10.580755555555584
58.5,12.5,280.8515777777778,7.7015777777778
58.5,12.75,279.7089555555556,6.558955555555599
58.5,13.0,283.31986666666666,10.169866666666678
58.5,13.25,282.85751111111114,9.70751111111116
58.5,13.5,284.5718,11.421800000000019
58.5,13.75,282.3307603686636,9.180760368663641
58.5,14.0,283.632850678733,10.48285067873303
58.5,14.25,281.39834451901567,8.248344519015689
58.5,14.5,277.7577438307873,4.607743830787342
58.5,14.75,277.08111904761904,3.931119047619063
58.5,15.0,282.81176339285713,9.661763392857154
58.5,15.25,284.3445413870246,11.194541387024628
58.5,15.5,284.5985810810811,11.448581081081102
58.5,15.75,284.11598194130926,10.96598194130928
58.5,16.0,283.38500571428574,10.235005714285762
58.5,16.25,284.2320902612827,11.082090261282701
58.5,16.5,284.0216009852217,10.871600985221733
58.5,16.75,283.9726855123675,10.822685512367514
58.5,17.0,282.02285714285716,8.872857142857185
58.5,19.25,279.547,6.397000000000048
58.5,21.75,277.9422222222222,4.792222222222222
58.5,22.0,278.2203076923077,5.070307692307722
58.5,22.25,277.8296402877698,4.679640287769814
58.5,22.5,278.5388349514563,5.388834951456317
58.5,22.75,279.3813620071685,6.231362007168514
58.5,23.0,279.1879245283019,6.0379245283019145
58.5,23.25,279.3247692307692,6.174769230769243
58.5,23.5,280.71860465116276,7.5686046511627865
58.5,23.75,280.6291156462585,7.479115646258549
58.5,24.0,280.0235714285714,6.873571428571438
58.5,24.25,278.4309090909091,5.28090909090912
58.5,24.5,279.24,6.090000000000032
58.5,24.75,280.2884210526316,7.1384210526316
58.5,25.0,279.27777777777777,6.127777777777794
58.5,25.25,279.34000000000003,6.190000000000055
58.5,25.75,280.32800000000003,7.178000000000054
58.5,26.0,278.4705511811024,5.320551181102417
58.5,26.25,278.9620920502092,5.81209205020923
58.5,26.5,279.3874418604651,6.23744186046514
58.5,26.75,276.88,3.730000000000018
58.5,27.0,279.26,6.110000000000014
58.5,27.25,275.0070792079208,1.8570792079208331
58.5,27.5,272.8832762836186,-0.26672371638136383
58.5,27.75,274.39799682034976,1.2479968203497833
58.5,28.5,280.18,7.03000000000003
58.5,31.25,277.28400000000005,4.134000000000071
58.5,31.5,276.8005769230769,3.650576923076926
58.5,31.75,277.9604444444444,4.8104444444444425
58.5,32.5,277.59538461538466,4.4453846153846825
58.5,32.75,280.0263694267516,6.876369426751637
58.5,33.0,279.05537525354976,5.905375253549778
58.5,33.25,280.74094545454545,7.590945454545476
58.5,33.5,281.4523964868256,8.302396486825614
58.5,33.75,282.50467136150235,9.354671361502369
58.5,34.0,283.5464464692483,10.396446469248303
58.5,34.25,282.0171555555556,8.867155555555598
58.5,34.5,282.6290807174888,9.479080717488841
58.5,34.75,281.5007795100223,8.350779510022335
58.5,35.0,280.6864177362894,7.5364177362894225
58.5,35.25,281.3206161745828,8.170616174582847
58.5,35.5,282.4132159624413,9.263215962441336
58.5,35.75,282.17046204620465,9.02046204620467
58.5,36.0,282.0100561797753,8.860056179775313
58.5,36.25,282.3610071942446,9.211007194244644
58.5,36.5,278.5952380952381,5.445238095238096
58.5,37.25,280.66875,7.518750000000011
58.5,37.5,277.0255598455598,3.875559845559849
58.5,37.75,274.32585620915034,1.1758562091503677
58.5,38.0,273.3575669099757,0.2075669099756965
58.75,-3.5,287.35058823529414,14.200588235294163
58.75,-3.25,284.22697674418606,11.076976744186084
58.75,-3.0,277.48407185628747,4.334071856287494
58.75,5.5,286.1556228956229,13.005622895622935
58.75,5.75,289.2650334075724,16.11503340757241
58.75,6.0,288.7390380313199,15.589038031319944
58.75,6.25,283.6748051948052,10.524805194805197
58.75,6.5,278.74592841163314,5.595928411633167
58.75,6.75,279.29141230068336,6.141412300683385
58.75,7.0,277.5628700564972,4.4128700564972405
58.75,7.25,276.84406666666666,3.6940666666666857
58.75,7.5,280.52222222222224,7.372222222222263
58.75,7.75,282.71702176403204,9.567021764032063
58.75,8.0,283.5192697290931,10.369269729093105
58.75,8.25,284.83267260579066,11.682672605790685
58.75,8.5,285.1339777777778,11.983977777777795
58.75,8.75,284.30573333333336,11.155733333333387
58.75,9.0,284.14928089887644,10.999280898876464
58.75,9.25,283.92243727598566,10.77243727598568
58.75,9.5,284.22923076923075,11.079230769230776
58.75,11.0,285.86,12.710000000000036
58.75,11.25,286.58425041186166,13.434250411861683
58.75,11.5,284.8387111111111,11.688711111111104
58.75,11.75,284.2181777777778,11.068177777777805
58.75,12.0,284.28502222222227,11.13502222222229
58.75,12.25,282.66700000000003,9.517000000000053
58.75,12.5,281.4750666666667,8.325066666666714
58.75,12.75,275.60333333333335,2.4533333333333758
58.75,13.0,275.60220000000004,2.4522000000000617
58.75,13.25,276.78457777777777,3.6345777777777926
58.75,13.5,276.6112888888889,3.46128888888893
58.75,13.75,279.3684869169511,6.218486916951122
58.75,14.0,282.81575555555554,9.665755555555563
58.75,14.25,281.2496296296296,8.099629629629646
58.75,14.5,278.32338624338627,5.17338624338629
58.75,14.75,279.5004449648712,6.350444964871201
58.75,15.0,281.3394,8.189400000000035
58.75,15.25,282.9248444444445,9.774844444444511
58.75,15.5,282.9441555555556,9.79415555555562
58.75,15.75,282.76939866369713,9.619398663697154
58.75,16.0,281.38408775981526,8.234087759815282
58.75,16.25,281.34118265440213,8.191182654402155
58.75,16.5,282.1179214195184,8.967921419518404
58.75,16.75,281.6663247863248,8.516324786324844
58.75,17.0,280.88384748700173,7.7338474870017535
58.75,17.25,279.0620740740741,5.9120740740740985
58.75,17.5,279.1931666666667,6.043166666666707
58.75,17.75,277.89,4.740000000000009
58.75,18.0,278.2136363636364,5.0636363636364194
58.75,18.25,278.17,5.020000000000039
58.75,22.5,279.14269005847956,5.992690058479582
58.75,22.75,278.1560606060606,5.0060606060606005
58.75,23.0,278.52799999999996,5.377999999999986
58.75,23.25,275.34000000000003,2.1900000000000546
58.75,23.5,279.1476086956522,5.997608695652218
58.75,23.75,278.93933774834437,5.789337748344394
58.75,24.0,279.89396825396824,6.743968253968262
58.75,24.25,279.8396103896104,6.689610389610436
58.75,24.5,278.9779487179487,5.827948717948743
58.75,24.75,279.40380952380957,6.253809523809593
58.75,26.25,278.7,5.550000000000011
58.75,26.5,278.71033492822966,5.560334928229679
58.75,26.75,278.9483076923077,5.798307692307731
58.75,27.0,273.01746341463416,-0.1325365853658127
58.75,27.25,272.2031343283582,-0.946865671641774
58.75,27.5,271.5388379204893,-1.6111620795106774
58.75,27.75,271.54045454545457,-1.6095454545454118
58.75,29.25,277.3666666666667,4.216666666666697
58.75,30.25,276.94,3.7900000000000205
58.75,30.5,279.68,6.53000000000003
58.75,30.75,279.78,6.6299999999999955
58.75,31.5,276.40000000000003,3.250000000000057
58.75,31.75,276.5714285714286,3.4214285714286348
58.75,32.75,278.1342268041237,4.98422680412375
58.75,33.0,276.5891666666667,3.439166666666722
58.75,33.5,278.53705263157894,5.3870526315789675
58.75,33.75,278.8293574297189,5.679357429718948
58.75,34.0,278.68042372881354,5.53042372881356
58.75,34.25,279.7954672897196,6.645467289719647
58.75,34.5,280.5388422247446,7.3888422247446215
58.75,34.75,281.7082497212932,8.558249721293237
58.75,35.0,281.5588876276958,8.408887627695833
58.75,35.25,281.07337001375515,7.923370013755175
58.75,35.5,280.01,6.860000000000014
58.75,35.75,280.13110187110186,6.981101871101885
58.75,36.0,281.97632311977713,8.826323119777157
58.75,36.25,282.81781491002573,9.667814910025754
58.75,36.5,283.8217897727273,10.671789772727323
58.75,36.75,281.4232,8.273200000000031
58.75,37.0,279.5310588235294,6.381058823529429
58.75,37.25,278.41363636363633,5.263636363636351
58.75,37.5,278.93595505617975,5.785955056179773
58.75,37.75,280.5117818181818,7.361781818181839
58.75,38.0,279.92442367601245,6.774423676012475
59.0,-5.75,283.40000000000003,10.250000000000057
59.0,-3.5,280.77375,7.62375000000003
59.0,-3.25,279.86614583333335,6.716145833333371
59.0,-3.0,282.3442,9.194200000000023
59.0,-2.75,279.28285714285715,6.132857142857176
59.0,5.5,286.8615384615385,13.71153846153851
59.0,5.75,288.8825298329356,15.732529832935597
59.0,6.0,285.83996710526316,12.689967105263179
59.0,6.25,283.44316176470585,10.293161764705872
59.0,6.5,277.34860294117647,4.198602941176489
59.0,6.75,275.7492342342342,2.5992342342342454
59.0,7.0,275.66931111111114,2.519311111111165
59.0,7.25,275.4973777777778,2.347377777777808
59.0,7.5,278.28540782122906,5.13540782122908
59.0,7.75,278.68662222222224,5.536622222222263
59.0,8.0,279.2554761904762,6.1054761904762245
59.0,8.25,282.3351851851852,9.185185185185219
59.0,8.5,284.08195505617977,10.931955056179788
59.0,8.75,285.24373333333335,12.093733333333375
59.0,9.0,285.3773111111111,12.227311111111135
59.0,9.25,284.584276169265,11.434276169265047
59.0,9.5,284.3860902255639,11.236090225563942
59.0,9.75,285.5320822622108,12.382082262210815
59.0,10.0,286.28463465553233,13.134634655532352
59.0,10.25,287.92977528089887,14.779775280898889
59.0,10.5,285.8409523809524,12.69095238095241
59.0,10.75,284.20909090909095,11.059090909090969
59.0,11.0,285.09497267759565,11.944972677595672
59.0,11.25,285.7724615384616,12.622461538461607
59.0,11.5,284.81548888888886,11.665488888888888
59.0,11.75,283.72246666666666,10.572466666666685
59.0,12.0,282.9434,9.79340000000002
59.0,12.25,282.7389777777778,9.588977777777814
59.0,12.5,282.69300000000004,9.543000000000063
59.0,12.75,279.9108888888889,6.760888888888928
59.0,13.0,279.04457777777776,5.8945777777777835
59.0,13.25,278.6764,5.526400000000024
59.0,13.5,274.82533333333333,1.6753333333333558
59.0,13.75,274.6684,1.5184000000000424
59.0,14.0,278.54446927374306,5.394469273743084
59.0,14.25,280.2671635150167,7.117163515016728
59.0,14.5,281.345,8.19500000000005
59.0,14.75,282.3448666666667,9.194866666666712
59.0,15.0,283.75291111111113,10.602911111111155
59.0,15.25,282.9080666666667,9.758066666666707
59.0,15.5,282.2094,9.05940000000004
59.0,15.75,282.4853777777778,9.335377777777808
59.0,16.0,281.72475869809205,8.574758698092069
59.0,16.25,282.06886198547215,8.918861985472176
59.0,16.5,281.99935637663884,8.849356376638866
59.0,16.75,281.39387470997684,8.243874709976865
59.0,17.0,279.9501020408163,6.800102040816341
59.0,17.25,279.639875,6.4898750000000405
59.0,17.5,278.201149068323,5.051149068323014
59.0,17.75,277.7755421686747,4.625542168674713
59.0,18.0,278.6516504854369,5.501650485436926
59.0,18.25,280.2395652173913,7.089565217391339
59.0,18.5,276.5704166666667,3.4204166666667106
59.0,22.0,275.71529411764703,2.5652941176470563
59.0,22.25,277.1447272727273,3.9947272727273457
59.0,22.5,279.2747142857143,6.124714285714333
59.0,22.75,278.68533066132267,5.535330661322689
59.0,23.0,278.3523376623377,5.202337662337698
59.0,23.25,279.07731182795703,5.927311827957055
59.0,23.5,279.28801742919387,6.138017429193894
59.0,23.75,279.9939772727273,6.843977272727329
59.0,24.0,278.44785953177256,5.297859531772588
59.0,24.25,278.35873015873017,5.208730158730191
59.0,24.5,277.77787878787876,4.627878787878785
59.0,24.75,278.59497076023393,5.444970760233957
59.0,25.0,278.4478014184397,5.297801418439747
59.0,25.25,277.355,4.205000000000041
59.0,25.5,277.6,4.4500000000000455
59.0,25.75,277.6186666666667,4.4686666666667065
59.0,26.0,277.0575,3.9075000000000273
59.0,26.25,277.5,4.350000000000023
59.0,27.0,274.6622516556291,1.512251655629143
59.0,27.25,272.9938743455497,-0.15612565445024984
59.0,27.5,272.47251798561155,-0.6774820143884313
59.0,27.75,272.3205673758865,-0.8294326241134513
59.0,30.5,279.07,5.920000000000016
59.0,30.75,279.30954545454546,6.15954545454548
59.0,31.0,277.2445333333333,4.094533333333345
59.0,31.75,275.85333333333335,2.7033333333333758
59.0,32.5,276.872,3.722000000000037
59.0,32.75,278.42,5.270000000000039
59.0,33.0,277.60323529411767,4.45323529411769
59.0,33.25,276.0446511627907,2.8946511627906943
59.0,33.5,274.578275862069,1.4282758620690288
59.0,33.75,273.9653793103449,0.8153793103448947
59.0,34.0,275.92865671641795,2.77865671641797
59.0,34.25,277.15885714285713,4.008857142857153
59.0,34.5,279.7968656716418,6.6468656716418195
59.0,34.75,279.6389214175655,6.488921417565507
59.0,35.0,280.094375,6.944375000000036
59.0,35.25,280.9366508313539,7.786650831353938
59.0,35.5,279.88562584118444,6.735625841184458
59.0,35.75,279.03952755905516,5.889527559055182
59.0,36.0,279.21882063882066,6.068820638820682
59.0,36.25,280.5221848739496,7.372184873949607
59.0,36.5,281.9944675642595,8.844467564259503
59.0,36.75,281.78006666666664,8.630066666666664
59.0,37.0,281.4760655737705,8.326065573770506
59.0,37.25,282.0376744186047,8.887674418604718
59.0,37.5,278.5446753246754,5.394675324675404
59.0,37.75,275.02292537313434,1.8729253731343647
59.0,38.0,275.18292993630575,2.032929936305777
59.25,-3.25,281.3,8.150000000000034
59.25,5.25,282.7763636363636,9.626363636363635
59.25,5.5,285.2371428571429,12.087142857142908
59.25,5.75,287.0379775280899,13.887977528089948
59.25,6.0,285.10350282485877,11.953502824858788
59.25,6.25,285.2149680715198,12.064968071519843
59.25,6.5,279.93254807692307,6.782548076923092
59.25,6.75,274.71093333333334,1.5609333333333666
59.25,7.0,274.32795555555555,1.1779555555555703
59.25,7.25,275.2806896551724,2.130689655172432
59.25,7.5,277.1435641316686,3.99356413166862
59.25,7.75,276.64697777777775,3.496977777777772
59.25,8.0,279.97543820224723,6.8254382022472555
59.25,8.25,280.6465972222222,7.496597222222249
59.25,8.5,282.6797742663657,9.529774266365735
59.25,8.75,283.39636568848755,10.246365688487572
59.25,9.0,284.87127516778526,11.72127516778528
59.25,9.25,284.5927008928571,11.442700892857147
59.25,9.5,284.921677852349,11.771677852349
59.25,9.75,285.10302222222225,11.953022222222273
59.25,10.0,285.78006666666664,12.630066666666664
59.25,10.25,287.8617556346382,14.711755634638223
59.25,10.5,288.30481159420293,15.154811594202954
59.25,10.75,286.2835588972431,13.13355889724312
59.25,11.0,287.056427672956,13.906427672956
59.25,11.25,286.1438709677419,12.993870967741941
59.25,11.5,285.30122222222224,12.151222222222259
59.25,11.75,283.3624888888889,10.212488888888913
59.25,12.0,282.7361111111111,9.586111111111109
59.25,12.25,282.19568888888887,9.04568888888889
59.25,12.5,282.9456666666667,9.795666666666705
59.25,12.75,284.13922222222226,10.989222222222281
59.25,13.0,283.5433777777778,10.3933777777778
59.25,13.25,278.3469777777778,5.196977777777818
59.25,13.5,277.6977777777778,4.54777777777781
59.25,13.75,276.81342222222224,3.663422222222266
59.25,14.0,280.3952561247216,7.245256124721607
59.25,14.25,283.0432222222222,9.89322222222222
59.25,14.5,282.67493333333334,9.524933333333365
59.25,14.75,282.42973333333333,9.279733333333354
59.25,15.0,284.9276222222222,11.777622222222249
59.25,15.25,285.8004888888889,12.650488888888901
59.25,15.5,284.4220222222222,11.272022222222233
59.25,15.75,280.0902222222222,6.940222222222246
59.25,16.0,280.8432511210762,7.69325112107623
59.25,16.25,281.64974770642203,8.499747706422056
59.25,16.5,280.87814671814675,7.728146718146775
59.25,16.75,279.34430107526885,6.194301075268868
59.25,17.0,277.97892638036814,4.828926380368159
59.25,17.25,277.45969696969695,4.309696969696972
59.25,17.5,276.9548404255319,3.8048404255319497
59.25,17.75,276.1332,2.9832000000000107
59.25,18.0,279.96705882352944,6.8170588235294645
59.25,18.25,276.5356896551724,3.3856896551724276
59.25,18.5,279.00832941176475,5.858329411764771
59.25,18.75,278.83256097560974,5.682560975609761
59.25,19.0,278.2735714285714,5.123571428571438
59.25,23.5,278.62258823529413,5.472588235294154
59.25,23.75,279.12581052631583,5.975810526315854
59.25,24.0,279.38907936507934,6.239079365079363
59.25,24.25,279.5266826923077,6.376682692307725
59.25,24.5,279.8727463863338,6.722746386333824
59.25,24.75,279.28976,6.139760000000024
59.25,25.0,279.1757738095238,6.025773809523798
59.25,25.25,278.94746376811594,5.797463768115961
59.25,25.5,277.62163934426235,4.471639344262371
59.25,25.75,277.916067961165,4.766067961165049
59.25,26.0,277.8774097664544,4.7274097664544
59.25,26.25,277.84360655737703,4.693606557377052
59.25,26.5,278.29653333333334,5.146533333333366
59.25,26.75,277.0975,3.9475000000000477
59.25,27.0,279.0288888888889,5.878888888888923
59.25,27.25,278.2223076923077,5.0723076923077315
59.25,27.5,279.3314285714286,6.181428571428626
59.25,31.25,278.12,4.970000000000027
59.25,31.5,278.15333333333336,5.003333333333387
59.25,31.75,276.54,3.390000000000043
59.25,32.75,275.188,2.038000000000011
59.25,33.0,275.7327272727273,2.582727272727311
59.25,33.25,274.26,1.1100000000000136
59.25,33.75,274.1170909090909,0.9670909090909277
59.25,34.0,275.79370892018784,2.643708920187862
59.25,34.25,275.3659040590406,2.2159040590406107
59.25,34.5,276.4340292275574,3.2840292275574257
59.25,34.75,276.09372549019605,2.9437254901960728
59.25,35.0,277.76032206119163,4.610322061191653
59.25,35.25,278.4661835748792,5.316183574879233
59.25,35.5,278.7278703703704,5.5778703703704196
59.25,35.75,280.3760135135135,7.2260135135135215
59.25,36.0,279.69057324840765,6.540573248407668
59.25,36.25,279.7380511182109,6.588051118210899
59.25,36.5,280.0743515850144,6.924351585014449
59.25,36.75,280.91325953259536,7.763259532595384
59.25,37.0,281.6169863013699,8.4669863013699
59.25,37.25,281.7194242424242,8.569424242424247
59.25,37.5,279.2123867069486,6.062386706948644
59.25,37.75,280.91497674418605,7.764976744186072
59.25,38.0,277.56169811320757,4.411698113207592
59.5,5.25,282.68634615384616,9.536346153846182
59.5,5.5,282.0065,8.85650000000004
59.5,5.75,284.0275,10.877499999999998
59.5,6.0,283.6820328849028,10.532032884902833
59.5,6.25,281.601628959276,8.451628959276036
59.5,6.5,279.0624916573971,5.91249165739714
59.5,6.75,276.3658,3.2158000000000015
59.5,7.0,274.06831111111114,0.9183111111111657
59.5,7.25,274.86651111111115,1.7165111111111742
59.5,7.5,275.2125389755011,2.062538975501127
59.5,7.75,276.7768018018018,3.6268018018018324
59.5,8.0,279.7930210772834,6.643021077283436
59.5,8.25,279.2428734321551,6.092873432155102
59.5,8.5,280.75879289940826,7.608792899408286
59.5,8.75,280.4439606396064,7.293960639606439
59.5,9.0,283.1868983268983,10.036898326898324
59.5,9.25,284.12825242718446,10.978252427184486
59.5,9.5,281.9365483476132,8.786548347613234
59.5,9.75,283.25035794183447,10.100357941834488
59.5,10.0,284.62896860986547,11.47896860986549
59.5,10.25,286.56689740420273,13.416897404202757
59.5,10.5,285.05260204081634,11.902602040816362
59.5,10.75,285.8112658227848,12.661265822784799
59.5,11.0,285.15602222222225,12.00602222222227
59.5,11.25,285.75796875000003,12.607968750000055
59.5,11.5,283.6463310961969,10.496331096196911
59.5,11.75,282.40765237020315,9.257652370203175
59.5,12.0,282.82480984340043,9.674809843400453
59.5,12.25,282.2235044642857,9.073504464285747
59.5,12.5,281.63413333333335,8.484133333333375
59.5,12.75,281.9642471910112,8.814247191011248
59.5,13.0,282.44463963963966,9.294639639639684
59.5,13.25,284.5261777777778,11.376177777777798
59.5,13.5,284.48126666666667,11.331266666666693
59.5,13.75,284.11584444444446,10.965844444444485
59.5,14.0,284.0566222222222,10.906622222222211
59.5,14.25,282.46604444444444,9.316044444444458
59.5,14.5,282.3526444444444,9.202644444444445
59.5,14.75,281.7148222222222,8.564822222222233
59.5,15.0,281.88405345211584,8.734053452115859
59.5,15.25,283.8118666666667,10.661866666666697
59.5,15.5,283.4084632516704,10.258463251670435
59.5,15.75,283.49367231638416,10.343672316384186
59.5,16.0,283.2703981264637,10.120398126463726
59.5,16.25,280.983615676359,7.833615676359045
59.5,16.5,280.4202706359946,7.2702706359946205
59.5,16.75,279.0089934640523,5.8589934640523325
59.5,17.0,278.2983540372671,5.148354037267097
59.5,17.25,276.95214285714286,3.802142857142883
59.5,17.5,276.15286713286713,3.002867132867152
59.5,17.75,277.0794623655914,3.929462365591405
59.5,18.0,279.45906821963393,6.309068219633957
59.5,18.25,279.60514685314683,6.455146853146857
59.5,18.5,279.3400357781753,6.190035778175343
59.5,18.75,279.7678756476684,6.617875647668427
59.5,19.0,279.27420289855075,6.124202898550777
59.5,19.25,276.5666666666667,3.4166666666667425
59.5,24.0,279.144,5.994000000000028
59.5,24.25,278.9325773195876,5.782577319587631
59.5,24.5,279.4230538922156,6.273053892215614
59.5,24.75,280.9921489971347,7.8421489971347
59.5,25.0,280.3511778290993,7.201177829099322
59.5,25.25,279.0663285024155,5.916328502415524
59.5,25.5,277.8798035363458,4.729803536345798
59.5,25.75,277.34293333333335,4.192933333333372
59.5,26.0,277.3518050541516,4.2018050541516345
59.5,26.25,278.0453246753247,4.89532467532473
59.5,26.5,278.9865314401623,5.836531440162332
59.5,26.75,278.81876712328767,5.668767123287694
59.5,27.0,279.1647244094488,6.0147244094488315
59.5,27.25,278.93904761904764,5.789047619047665
59.5,27.5,277.3253608247423,4.175360824742313
59.5,27.75,276.53499999999997,3.384999999999991
59.5,28.0,274.5629411764706,1.4129411764706106
59.5,28.25,276.6052941176471,3.4552941176470995
59.5,28.5,272.33,-0.8199999999999932
59.5,31.0,275.9061386138614,2.756138613861424
59.5,31.25,275.5610666666667,2.411066666666727
59.5,31.5,274.77200000000005,1.622000000000071
59.5,33.0,275.6325,2.482500000000016
59.5,33.25,275.3475675675676,2.197567567567603
59.5,33.5,275.1464705882353,1.9964705882352973
59.5,33.75,276.9188235294118,3.7688235294118044
59.5,34.0,273.7176470588235,0.5676470588235247
59.5,34.25,274.848275862069,1.6982758620690106
59.5,34.5,275.81440000000003,2.6644000000000574
59.5,34.75,275.25290322580645,2.1029032258064717
59.5,35.0,276.277556561086,3.12755656108601
59.5,35.25,277.47360890302065,4.32360890302067
59.5,35.5,278.03236031927025,4.882360319270276
59.5,35.75,278.7416888888889,5.591688888888939
59.5,36.0,278.2119818799547,5.061981879954715
59.5,36.25,277.6447376311844,4.494737631184421
59.5,36.5,277.80168595041323,4.651685950413253
59.5,36.75,278.63595567867037,5.485955678670393
59.5,37.0,279.05846153846153,5.908461538461552
59.5,37.25,277.8084931506849,4.658493150684933
59.5,37.5,277.5353846153846,4.385384615384623
59.75,5.0,281.58444444444444,8.434444444444466
59.75,5.25,282.8721393034826,9.722139303482606
59.75,5.5,283.15541984732823,10.005419847328255
59.75,5.75,283.5147532467533,10.36475324675331
59.75,6.0,283.26797122302156,10.117971223021584
59.75,6.25,278.2366510538642,5.086651053864216
59.75,6.5,275.72124444444444,2.57124444444446
59.75,6.75,275.06873333333334,1.918733333333364
59.75,7.0,273.95695555555557,0.8069555555555894
59.75,7.25,274.18775555555555,1.0377555555555773
59.75,7.5,274.9011538461538,1.7511538461538407
59.75,7.75,275.55388392857145,2.4038839285714744
59.75,8.0,275.4615111111111,2.3115111111111446
59.75,8.25,276.1676444444445,3.0176444444444996
59.75,8.5,276.97053571428575,3.820535714285768
59.75,8.75,278.08341288782816,4.933412887828183
59.75,9.0,281.62443127962086,8.474431279620887
59.75,9.25,280.4851312649165,7.335131264916527
59.75,9.5,282.8631219512195,9.713121951219534
59.75,9.75,283.8724317912218,10.722431791221823
59.75,10.0,284.0726303854875,10.922630385487537
59.75,10.25,285.11350681536555,11.963506815365577
59.75,10.5,284.93087719298245,11.780877192982473
59.75,10.75,286.58936936936936,13.439369369369388
59.75,11.0,283.1246859903382,9.97468599033823
59.75,11.25,283.48294591484466,10.332945914844686
59.75,11.5,282.2188862559242,9.068886255924212
59.75,11.75,281.0917321016166,7.941732101616651
59.75,12.0,281.6675885714286,8.517588571428632
59.75,12.25,282.0083855981417,8.858385598141695
59.75,12.5,280.90086124401915,7.750861244019177
59.75,12.75,279.7560740740741,6.606074074074115
59.75,13.0,280.63247222222225,7.48247222222227
59.75,13.25,282.17220140515224,9.02220140515226
59.75,13.5,282.49764565992865,9.347645659928673
59.75,13.75,282.0199776785714,8.869977678571445
59.75,14.0,282.1304231625835,8.98042316258352
59.75,14.25,281.6466,8.4966
59.75,14.5,281.45702222222224,8.307022222222258
59.75,14.75,281.9404899777283,8.790489977728328
59.75,15.0,281.7220222222222,8.572022222222245
59.75,15.25,281.78988888888887,8.63988888888889
59.75,15.5,281.683,8.533000000000015
59.75,15.75,281.59261401557285,8.442614015572872
59.75,16.0,279.79814814814813,6.648148148148152
59.75,16.25,278.7650956937799,5.615095693779949
59.75,16.5,279.90667532467535,6.756675324675371
59.75,16.75,280.27242021276595,7.122420212765974
59.75,17.0,278.970703125,5.820703125000023
59.75,17.25,278.64230927835047,5.49230927835049
59.75,17.5,279.82049844236764,6.670498442367659
59.75,17.75,279.5528641975309,6.402864197530903
59.75,18.0,279.3346892655367,6.184689265536747
59.75,18.25,279.71880361173817,6.56880361173819
59.75,18.5,279.95761904761906,6.8076190476190845
59.75,18.75,280.4334196891192,7.283419689119228
59.75,19.0,279.47178807947023,6.321788079470252
59.75,19.25,277.19302325581396,4.043023255813978
59.75,21.0,279.56,6.410000000000025
59.75,21.25,277.36,4.210000000000036
59.75,21.5,276.416,3.2660000000000196
59.75,22.0,276.52,3.3700000000000045
59.75,22.25,277.42,4.270000000000039
59.75,22.5,278.5487804878049,5.398780487804913
59.75,23.0,280.29522123893804,7.145221238938063
59.75,23.25,280.104375,6.954375000000027
59.75,23.5,277.992,4.842000000000041
59.75,25.0,279.12,5.970000000000027
59.75,25.5,277.94,4.7900000000000205
59.75,25.75,277.6977777777778,4.54777777777781
59.75,26.0,276.28000000000003,3.1300000000000523
59.75,27.25,275.74666666666667,2.5966666666666924
59.75,28.0,275.3412865497076,2.191286549707627
59.75,28.25,276.2831896551724,3.13318965517243
59.75,28.5,276.2270222222222,3.07702222222224
59.75,28.75,275.4103529411765,2.2603529411765066
59.75,29.0,274.0377777777778,0.887777777777842
59.75,29.75,275.37,2.2200000000000273
59.75,30.0,275.11058823529413,1.9605882352941535
59.75,30.25,278.38234042553194,5.232340425531959
59.75,30.5,279.2876796714579,6.137679671457931
59.75,30.75,277.1611586901763,4.01115869017633
59.75,31.0,275.64375886524823,2.493758865248253
59.75,31.25,276.18237717908085,3.032377179080868
59.75,31.5,276.8242091503268,3.674209150326817
59.75,31.75,277.52436416184975,4.374364161849769
59.75,32.0,276.00570327552987,2.8557032755298906
59.75,32.25,276.2897446808511,3.139744680851095
59.75,32.5,275.59090909090907,2.440909090909088
59.75,33.25,273.75,0.6000000000000227
59.75,33.5,275.51968750000003,2.3696875000000546
59.75,33.75,276.0499703264095,2.899970326409516
59.75,34.0,275.3092636579572,2.15926365795724
59.75,34.25,274.59164444444446,1.4416444444444778
59.75,34.5,273.35402985074626,0.20402985074628077
59.75,35.25,274.94,1.7900000000000205
59.75,35.5,276.5369491525424,3.3869491525423996
59.75,35.75,276.9622026431718,3.8122026431718155
59.75,36.0,277.1346113989637,3.98461139896375
59.75,36.25,276.983717948718,3.8337179487180038
59.75,36.5,277.26627565982403,4.116275659824055
59.75,36.75,277.9985685884692,4.84856858846922
59.75,37.0,277.35910344827585,4.209103448275869
59.75,37.25,274.76190476190476,1.611904761904782
59.75,37.5,276.3369811320755,3.186981132075516
59.75,37.75,275.03780821917803,1.887808219178055
59.75,38.0,277.090303030303,3.9403030303030278
60.0,5.0,281.9158620689655,8.765862068965532
60.0,5.25,283.7871369294606,10.63713692946061
60.0,5.5,284.18243070362473,11.032430703624755
60.0,5.75,284.0662795698925,10.916279569892538
60.0,6.0,282.2520938023451,9.10209380234511
60.0,6.25,275.3793720930233,2.2293720930233007
60.0,6.5,275.58675,2.4367500000000177
60.0,6.75,273.41124444444443,0.2612444444444577
60.0,7.0,272.3206222222222,-0.8293777777777791
60.0,7.25,273.40042222222223,0.2504222222222552
60.0,7.5,274.10508888888893,0.9550888888889517
60.0,7.75,274.43362222222225,1.2836222222222773
60.0,8.0,274.7934,1.6434000000000424
60.0,8.25,274.4072444444445,1.2572444444444955
60.0,8.5,275.9332,2.783200000000022
60.0,8.75,279.1907305936073,6.04073059360735
60.0,9.0,278.61604118993137,5.4660411899313885
60.0,9.25,281.15961768219836,8.009617682198382
60.0,9.5,283.3243005780347,10.174300578034718
60.0,9.75,283.88897959183674,10.738979591836767
60.0,10.0,283.38227064220183,10.232270642201854
60.0,10.25,281.745387283237,8.595387283237017
60.0,10.5,283.08778415614233,9.937784156142357
60.0,10.75,283.56723880597013,10.417238805970158
60.0,11.0,284.0300900900901,10.880090090090107
60.0,11.25,284.47101516919486,11.32101516919488
60.0,11.5,282.9526113116727,9.802611311672706
60.0,11.75,280.12607228915664,6.9760722891566616
60.0,12.0,280.25587467362925,7.105874673629273
60.0,12.25,280.6632957746479,7.513295774647929
60.0,12.5,279.2309863429439,6.080986342943902
60.0,12.75,277.5911956521739,4.441195652173917
60.0,13.0,280.5455837563452,7.395583756345218
60.0,13.25,281.3935971223022,8.24359712230222
60.0,13.5,281.3453483146068,8.195348314606804
60.0,13.75,281.3309821428571,8.180982142857147
60.0,14.0,280.27539551357734,7.1253955135773595
60.0,14.25,281.16262331838567,8.012623318385693
60.0,14.5,281.02065388951524,7.870653889515268
60.0,14.75,281.8568151447662,8.70681514476621
60.0,15.0,281.64442222222226,8.494422222222283
60.0,15.25,280.6278396436526,7.477839643652601
60.0,15.5,280.4281514476615,7.278151447661514
60.0,15.75,279.11345413363534,5.963454133635366
60.0,16.0,278.0355995343423,4.885599534342305
60.0,16.25,278.5462200956938,5.39622009569382
60.0,16.5,278.391466992665,5.241466992665039
60.0,16.75,278.8065944645006,5.6565944645006425
60.0,17.0,278.0034326579261,4.853432657926135
60.0,17.25,279.06692650334077,5.91692650334079
60.0,17.5,280.1710862262038,7.021086226203806
60.0,17.75,279.83803131991056,6.6880313199105785
60.0,18.0,279.40869565217395,6.258695652173969
60.0,18.25,279.04911161731206,5.899111617312087
60.0,18.5,279.2037966101695,6.053796610169513
60.0,18.75,279.6704926108374,6.520492610837437
60.0,19.0,278.77582608695656,5.625826086956579
60.0,19.75,279.9784,6.828400000000045
60.0,20.0,280.2469822485207,7.096982248520703
60.0,20.25,279.53829383886256,6.38829383886258
60.0,20.5,279.5604081632653,6.410408163265345
60.0,20.75,278.9,5.75
60.0,21.0,280.635,7.485000000000014
60.0,21.5,279.8476923076923,6.697692307692307
60.0,21.75,278.63953488372096,5.489534883720978
60.0,22.0,280.16400000000004,7.014000000000067
60.0,22.25,277.968125,4.818125000000009
60.0,22.5,279.64819327731095,6.498193277310975
60.0,22.75,280.2680487804878,7.118048780487811
60.0,23.0,279.93829702970294,6.78829702970296
60.0,23.25,280.0934661354582,6.943466135458209
60.0,23.5,280.3024478442281,7.1524478442281065
60.0,23.75,280.28867469879515,7.138674698795171
60.0,24.0,280.53344186046513,7.383441860465155
60.0,24.25,280.70517647058824,7.555176470588265
60.0,24.5,280.61729885057474,7.467298850574764
60.0,24.75,279.115,5.965000000000032
60.0,27.0,277.04555555555555,3.8955555555555748
60.0,27.75,275.94,2.7900000000000205
60.0,28.25,278.5,5.350000000000023
60.0,28.5,278.26800000000003,5.118000000000052
60.0,29.0,274.43363636363637,1.2836363636363899
60.0,29.25,276.1059,2.9559000000000424
60.0,29.5,276.1610101010101,3.011010101010129
60.0,29.75,278.3050746268657,5.155074626865712
60.0,30.0,276.7075657894737,3.557565789473699
60.0,30.25,277.92596964586846,4.775969645868486
60.0,30.5,278.11848133848133,4.968481338481354
60.0,30.75,276.80251497005986,3.652514970059883
60.0,31.0,276.1612397660819,3.0112397660819283
60.0,31.25,274.874650887574,1.7246508875740005
60.0,31.5,273.87901565995526,0.7290156599552802
60.0,31.75,276.77831408775984,3.628314087759861
60.0,32.0,277.2441573033708,4.094157303370821
60.0,32.25,277.36287946428575,4.212879464285777
60.0,32.5,276.8203817914831,3.6703817914831234
60.0,32.75,275.9403149606299,2.790314960629928
60.0,33.0,275.49834710743806,2.3483471074380873
60.0,33.25,275.4304845814978,2.2804845814978307
60.0,33.5,274.9019559902201,1.7519559902200967
60.0,33.75,274.3082772277228,1.158277227722806
60.0,34.0,274.1176735459662,0.9676735459662495
60.0,34.25,273.30211009174315,0.15211009174316814
60.0,34.5,272.274,-0.8759999999999764
60.0,36.5,277.0936036036036,3.9436036036036057
60.0,36.75,275.7301369863014,2.5801369863013974
60.0,37.0,276.5898275862069,3.4398275862069454
60.0,37.25,274.5365789473684,1.3865789473684345
60.0,37.5,273.3679876160991,0.21798761609909434
60.0,37.75,274.1199456521739,0.9699456521739194
60.0,38.0,273.46092307692305,0.31092307692307486
60.25,-1.25,270.42,-2.7299999999999613
60.25,-1.0,273.7488888888889,0.5988888888889505
60.25,5.0,286.61383259911895,13.463832599118973
60.25,5.25,286.6329032258065,13.482903225806524
60.25,5.5,284.31288461538463,11.162884615384655
60.25,5.75,283.0003695150115,9.85036951501155
60.25,6.0,281.1158458961474,7.965845896147414
60.25,6.25,280.65237942122184,7.50237942122186
60.25,6.5,276.1922670025189,3.0422670025189404
60.25,6.75,275.068180764774,1.9181807647740357
60.25,7.0,273.36075555555556,0.21075555555557912
60.25,7.25,273.6166888888889,0.4666888888889389
60.25,7.5,273.62555555555554,0.47555555555555884
60.25,7.75,273.7108666666667,0.5608666666666977
60.25,8.0,273.9186666666667,0.7686666666667179
60.25,8.25,274.13851111111114,0.9885111111111655
60.25,8.5,275.121135857461,1.9711358574610358
60.25,8.75,276.14329596412557,2.9932959641255934
60.25,9.0,279.1215298087739,5.971529808773937
60.25,9.25,278.66703448275865,5.517034482758675
60.25,9.5,280.2111845102506,7.061184510250598
60.25,9.75,282.66609977324265,9.516099773242672
60.25,10.0,282.5382227488152,9.388222748815224
60.25,10.25,282.6444194756554,9.494419475655434
60.25,10.5,280.49198511166253,7.341985111662552
60.25,10.75,279.7763150492264,6.626315049226434
60.25,11.0,279.33459649122807,6.184596491228092
60.25,11.25,282.30091719745224,9.150917197452259
60.25,11.5,282.15992687385744,9.009926873857466
60.25,11.75,280.5927448275862,7.442744827586239
60.25,12.0,280.0347098976109,6.884709897610946
60.25,12.25,278.4129593810445,5.2629593810445385
60.25,12.5,279.1011678832117,5.951167883211724
60.25,12.75,278.7645866666667,5.614586666666696
60.25,13.0,280.90410194174757,7.754101941747592
60.25,13.25,281.9157015590201,8.765701559020101
60.25,13.5,281.939,8.789000000000044
60.25,13.75,281.4636302895323,8.313630289532341
60.25,14.0,281.4153111111111,8.265311111111146
60.25,14.25,280.9701116071429,7.8201116071429055
60.25,14.5,280.48627802690584,7.336278026905859
60.25,14.75,281.34546067415727,8.195460674157289
60.25,15.0,280.84313063063064,7.693130630630662
60.25,15.25,280.1698222222222,7.019822222222217
60.25,15.5,279.3043261608154,6.154326160815401
60.25,15.75,277.6594536817102,4.509453681710227
60.25,16.0,277.4102796271638,4.260279627163811
60.25,16.25,276.94110041265475,3.791100412654771
60.25,16.5,276.9581697612732,3.808169761273234
60.25,16.75,277.7810132689988,4.6310132689987995
60.25,17.0,279.0136145952109,5.863614595210947
60.25,17.25,279.05436363636363,5.904363636363655
60.25,17.5,279.90675555555555,6.756755555555571
60.25,17.75,278.9525223214286,5.802522321428626
60.25,18.0,278.0283408071749,4.878340807174936
60.25,18.25,278.69083431257343,5.540834312573452
60.25,18.5,279.179378238342,6.029378238342019
60.25,18.75,278.32358974358976,5.173589743589787
60.25,19.5,278.9173333333333,5.76733333333334
60.25,19.75,279.7741361256545,6.624136125654502
60.25,20.0,280.16937259923174,7.019372599231758
60.25,20.25,279.3669938650307,6.216993865030702
60.25,20.5,279.0735714285714,5.923571428571449
60.25,20.75,279.50903225806456,6.3590322580645875
60.25,21.0,279.8393103448276,6.689310344827618
60.25,21.25,279.1434210526316,5.993421052631618
60.25,21.5,279.4621052631579,6.312105263157946
60.25,21.75,280.08860557768924,6.938605577689259
60.25,22.0,279.88228571428573,6.7322857142857515
60.25,22.25,280.3246277665996,7.174627766599599
60.25,22.5,280.45397212543554,7.303972125435564
60.25,22.75,281.2917412935323,8.141741293532334
60.25,23.0,280.317249070632,7.16724907063201
60.25,23.25,280.9823016759777,7.832301675977703
60.25,23.5,279.9228988764045,6.772898876404497
60.25,23.75,279.9304250559284,6.780425055928447
60.25,24.0,280.05638795986624,6.906387959866265
60.25,24.25,280.4720268756999,7.322026875699919
60.25,24.5,279.7647374301676,6.614737430167622
60.25,24.75,281.4723491655969,8.322349165596904
60.25,25.0,282.672347083926,9.522347083926036
60.25,25.25,280.5232719836401,7.373271983640109
60.25,25.5,279.8434054054054,6.693405405405429
60.25,25.75,279.6809819121447,6.530981912144739
60.25,26.0,279.2374449339207,6.087444933920722
60.25,26.25,278.05176470588236,4.901764705882385
60.25,26.5,278.07666666666665,4.9266666666666765
60.25,26.75,276.205,3.055000000000007
60.25,28.5,274.87658536585366,1.7265853658536798
60.25,28.75,273.49842105263156,0.3484210526315792
60.25,29.0,274.06454545454545,0.9145454545454754
60.25,29.25,275.1446635367762,1.9946635367762156
60.25,29.5,275.2198327759197,2.0698327759197355
60.25,29.75,275.0394744976816,1.8894744976816469
60.25,30.0,274.73676392572946,1.5867639257294854
60.25,30.25,275.1560799001249,2.0060799001249165
60.25,30.5,275.93711009174314,2.787110091743159
60.25,30.75,276.47605769230773,3.3260576923077565
60.25,31.0,275.20061714285714,2.0506171428571633
60.25,31.25,274.7559777777778,1.6059777777778095
60.25,31.5,274.4718820861678,1.3218820861678182
60.25,31.75,275.99520179372195,2.8452017937219694
60.25,32.0,275.67601336302897,2.5260133630289943
60.25,32.25,274.43837777777776,1.2883777777777823
60.25,32.5,275.16773333333333,2.0177333333333536
60.25,32.75,277.16587155963305,4.015871559633069
60.25,33.0,277.53494736842106,4.384947368421081
60.25,33.25,276.5404589371981,3.3904589371981046
60.25,33.5,276.0468728522337,2.8968728522337415
60.25,33.75,274.99685834502105,1.8468583450210758
60.25,34.0,274.07348115299334,0.9234811529933609
60.25,34.25,274.0074247491639,0.8574247491638971
60.25,34.5,272.7155066079295,-0.4344933920704648
60.25,34.75,271.13741176470586,-2.0125882352941176
60.25,35.0,271.79562189054724,-1.354378109452739
60.25,35.25,271.62342342342345,-1.526576576576531
60.25,35.5,270.98,-2.169999999999959
60.25,37.5,271.8855605381166,-1.2644394618833985
60.25,37.75,271.55,-1.599999999999966
60.25,38.0,269.62,-3.5299999999999727
60.5,-1.5,280.14000000000004,6.990000000000066
60.5,-1.25,281.87933054393307,8.729330543933088
60.5,-1.0,283.730447761194,10.580447761194023
60.5,-0.75,280.67440000000005,7.524400000000071
60.5,5.25,280.72,7.57000000000005
60.5,5.5,283.0761290322581,9.926129032258132
60.5,5.75,278.7691603053435,5.6191603053435415
60.5,6.0,275.32882951653943,2.1788295165394516
60.5,6.25,276.7511990686845,3.6011990686845365
60.5,6.5,277.29605479452056,4.14605479452058
60.5,6.75,277.7849408672799,4.634940867279909
60.5,7.0,276.71367647058827,3.563676470588291
60.5,7.25,274.61424444444447,1.464244444444489
60.5,7.5,272.8939555555556,-0.2560444444443988
60.5,7.75,273.0046888888889,-0.1453111111110843
60.5,8.0,273.40346666666665,0.25346666666666806
60.5,8.25,275.38427771556553,2.234277715565554
60.5,8.5,276.3354138702461,3.1854138702461228
60.5,8.75,276.5296875,3.3796875000000455
60.5,9.0,277.7232366071429,4.573236607142917
60.5,9.25,279.62954954954955,6.479549549549574
60.5,9.5,279.02631936579843,5.876319365798452
60.5,9.75,278.9820022497188,5.832002249718812
60.5,10.0,280.1217162471396,6.971716247139625
60.5,10.25,280.3289612015019,7.17896120150192
60.5,10.5,280.2071809256662,7.057180925666216
60.5,10.75,277.9129753914989,4.762975391498912
60.5,11.0,277.8418779342723,4.691877934272327
60.5,11.25,278.6898039215686,5.539803921568648
60.5,11.5,278.99932504440494,5.849325044404964
60.5,11.75,278.0494545454546,4.899454545454603
60.5,12.0,281.37560477001705,8.225604770017071
60.5,12.25,279.22260744985675,6.0726074498567755
60.5,12.5,278.38642228739,5.236422287390042
60.5,12.75,279.33335157318743,6.183351573187451
60.5,13.0,281.7060997732426,8.556099773242636
60.5,13.25,282.56800000000004,9.418000000000063
60.5,13.5,282.44613333333336,9.296133333333387
60.5,13.75,281.85744444444447,8.70744444444449
60.5,14.0,281.27968888888887,8.129688888888893
60.5,14.25,281.5313140311804,8.381314031180409
60.5,14.5,280.6410267857143,7.491026785714325
60.5,14.75,280.9011777777778,7.751177777777798
60.5,15.0,280.98906666666664,7.8390666666666675
60.5,15.25,279.11286995515695,5.962869955156975
60.5,15.5,279.1505853051059,6.000585305105915
60.5,15.75,277.21376044568245,4.063760445682476
60.5,16.0,275.77763993948565,2.6276399394856753
60.5,16.25,275.51631067961165,2.366310679611672
60.5,16.5,277.3322815533981,4.182281553398127
60.5,16.75,277.9356363636364,4.785636363636399
60.5,17.0,277.2934606741573,4.143460674157325
60.5,17.25,277.6881655480984,4.538165548098448
60.5,17.5,278.36031567080045,5.210315670800469
60.5,17.75,278.2885,5.138500000000022
60.5,18.0,277.2860370994941,4.136037099494104
60.5,18.25,278.3042105263158,5.154210526315808
60.5,18.5,278.14458333333334,4.994583333333367
60.5,19.75,279.2246153846154,6.074615384615413
60.5,20.0,279.0860465116279,5.9360465116279215
60.5,21.0,279.96875,6.818750000000023
60.5,21.25,279.5279545454545,6.377954545454543
60.5,21.5,280.6123036649215,7.462303664921535
60.5,21.75,280.5033628318584,7.353362831858419
60.5,22.0,281.82087218045115,8.67087218045117
60.5,22.25,281.8685011709602,8.718501170960224
60.5,22.5,281.29306029579067,8.14306029579069
60.5,22.75,280.71245828698557,7.5624582869855885
60.5,23.0,280.74875555555553,7.598755555555556
60.5,23.25,281.1816666666667,8.031666666666695
60.5,23.5,280.5602455357143,7.410245535714296
60.5,23.75,279.3107519640853,6.160751964085307
60.5,24.0,279.3606306306307,6.210630630630703
60.5,24.25,279.70611607142854,6.556116071428562
60.5,24.5,279.7763329583802,6.626332958380203
60.5,24.75,280.4944581005587,7.344458100558711
60.5,25.0,280.422600896861,7.272600896861036
60.5,25.25,280.30859375,7.158593750000023
60.5,25.5,280.26146666666665,7.111466666666672
60.5,25.75,279.61420814479635,6.464208144796373
60.5,26.0,279.6988191881919,6.548819188191942
60.5,26.25,279.7148557089084,6.5648557089083965
60.5,26.5,279.1397730496454,5.989773049645407
60.5,26.75,278.8205676126878,5.670567612687819
60.5,27.0,279.22786813186815,6.077868131868172
60.5,27.25,278.7450581395349,5.595058139534899
60.5,27.5,276.942,3.79200000000003
60.5,27.75,276.88683823529414,3.736838235294158
60.5,28.0,274.14395061728396,0.9939506172839856
60.5,28.25,274.5667889908257,1.4167889908257507
60.5,28.5,272.6413186813187,-0.5086813186812833
60.5,28.75,273.03052631578953,-0.11947368421044757
60.5,29.0,272.76730158730163,-0.38269841269834615
60.5,29.25,273.33169329073485,0.18169329073487006
60.5,29.5,273.7216296296296,0.5716296296296264
60.5,29.75,274.2456485355649,1.0956485355649193
60.5,30.0,273.88273794002606,0.7327379400260838
60.5,30.25,274.2371113831089,1.0871113831089474
60.5,30.5,275.47997566909976,2.329975669099781
60.5,30.75,275.0183936651584,1.8683936651584077
60.5,31.0,274.0693111111111,0.919311111111142
60.5,31.25,273.75846666666666,0.6084666666666863
60.5,31.5,273.14973154362417,-0.00026845637580663606
60.5,31.75,272.711,-0.43899999999996453
60.5,32.0,271.99280000000005,-1.157199999999932
60.5,32.25,272.0146222222222,-1.1353777777777623
60.5,32.5,272.65877777777774,-0.491222222222234
60.5,32.75,274.78453333333334,1.6345333333333656
60.5,33.0,278.0655793025872,4.9155793025872185
60.5,33.25,277.12142372881357,3.9714237288135905
60.5,33.5,276.12852272727275,2.9785227272727752
60.5,33.75,275.2775638051044,2.127563805104444
60.5,34.0,274.6770702179177,1.5270702179176965
60.5,34.25,274.0609882964889,0.910988296488938
60.5,34.5,273.7449304677623,0.5949304677623104
60.5,34.75,272.95003783102146,-0.19996216897851582
60.5,35.0,272.6681672816728,-0.4818327183271549
60.5,35.25,271.8348874172185,-1.3151125827814667
60.5,35.5,271.30957210776546,-1.8404278922345156
60.5,35.75,270.83,-2.319999999999993
60.5,36.0,270.28,-2.8700000000000045
60.5,38.0,268.62,-4.529999999999973
60.75,-1.25,282.0141176470588,8.864117647058833
60.75,-1.0,282.42414893617024,9.274148936170263
60.75,-0.75,285.1038235294118,11.953823529411807
60.75,4.75,285.54742857142855,12.397428571428577
60.75,5.0,287.2148913043478,14.064891304347839
60.75,5.25,285.26011834319524,12.110118343195268
60.75,5.5,281.11494505494505,7.964945054945076
60.75,5.75,279.4922340425532,6.34223404255323
60.75,6.0,277.1383802024747,3.9883802024747297
60.75,6.25,275.648085106383,2.49808510638303
60.75,6.5,277.46793333333335,4.317933333333372
60.75,6.75,275.0390888888889,1.8890888888889208
60.75,7.0,273.789,0.63900000000001
60.75,7.25,273.87552338530065,0.7255233853006757
60.75,7.5,272.7105111111111,-0.4394888888888886
60.75,7.75,272.31419999999997,-0.8358000000000061
60.75,8.0,273.91122222222225,0.7612222222222726
60.75,8.25,273.9295535714286,0.7795535714286075
60.75,8.5,275.5063279445728,2.356327944572797
60.75,8.75,278.31303167420816,5.1630316742081845
60.75,9.0,278.7317514124294,5.581751412429412
60.75,9.25,275.8537777777778,2.703777777777816
60.75,9.5,276.7882696629213,3.6382696629213456
60.75,9.75,279.7099761336516,6.559976133651617
60.75,10.0,278.92481049562684,5.774810495626866
60.75,10.25,279.1946115702479,6.044611570247923
60.75,10.5,278.372,5.222000000000037
60.75,10.75,280.8849108367627,7.734910836762708
60.75,11.0,280.62615212527965,7.476152125279668
60.75,11.25,284.6438,11.493800000000022
60.75,11.5,280.61971597633135,7.469715976331372
60.75,11.75,280.65934146341465,7.509341463414671
60.75,12.0,280.3399726402189,7.189972640218912
60.75,12.25,279.68469465648855,6.534694656488568
60.75,12.5,279.4486430678466,6.298643067846626
60.75,12.75,281.01799323562574,7.867993235625761
60.75,13.0,282.2488222222222,9.098822222222225
60.75,13.25,282.1601816118048,9.010181611804796
60.75,13.5,282.47346666666664,9.323466666666661
60.75,13.75,281.4026888888889,8.25268888888894
60.75,14.0,281.4102888888889,8.260288888888908
60.75,14.25,280.60833333333335,7.458333333333371
60.75,14.5,279.69744444444444,6.547444444444466
60.75,14.75,279.17317777777777,6.023177777777789
60.75,15.0,279.0593080357143,5.909308035714332
60.75,15.25,277.5431257078143,4.393125707814306
60.75,15.5,275.94669344042836,2.7966934404283847
60.75,15.75,276.10218705035976,2.9521870503597825
60.75,16.0,274.8710743801653,1.7210743801653052
60.75,16.25,275.27654986522913,2.1265498652291512
60.75,16.5,275.8885549132948,2.73855491329482
60.75,16.75,276.70522968197884,3.555229681978858
60.75,17.0,277.861708428246,4.711708428246027
60.75,17.25,278.0198427672956,4.869842767295609
60.75,17.5,278.0871052631579,4.937105263157946
60.75,17.75,276.43333333333334,3.28333333333336
60.75,21.25,278.9214857142857,5.771485714285745
60.75,21.5,280.54085549132947,7.390855491329489
60.75,21.75,280.7740848214286,7.624084821428596
60.75,22.0,280.2937111111111,7.143711111111145
60.75,22.25,279.5830666666667,6.4330666666667184
60.75,22.5,280.19496659242765,7.04496659242767
60.75,22.75,280.4652888888889,7.315288888888915
60.75,23.0,280.66488888888887,7.5148888888888905
60.75,23.25,280.3583777777778,7.208377777777798
60.75,23.5,280.4788864142539,7.32888641425393
60.75,23.75,279.0208803611738,5.870880361173818
60.75,24.0,277.7985471055619,4.648547105561931
60.75,24.25,278.2465393258427,5.096539325842741
60.75,24.5,278.73228187919466,5.5822818791946816
60.75,24.75,279.5539643652561,6.403964365256115
60.75,25.0,278.95511261261265,5.805112612612675
60.75,25.25,278.5576510067114,5.407651006711433
60.75,25.5,278.8972098214286,5.747209821428612
60.75,25.75,278.30099099099095,5.150990990990977
60.75,26.0,278.80301754385965,5.653017543859676
60.75,26.25,279.0350452488688,5.885045248868835
60.75,26.5,279.5774222222222,6.427422222222219
60.75,26.75,279.54524444444445,6.395244444444472
60.75,27.0,278.4123146067416,5.262314606741597
60.75,27.25,277.1903314285714,4.040331428571449
60.75,27.5,276.61481212121214,3.4648121212121623
60.75,27.75,275.6448710601719,2.4948710601719313
60.75,28.0,274.5527607361964,1.4027607361963987
60.75,28.25,274.4573737373737,1.307373737373723
60.75,28.5,273.37614814814816,0.22614814814818374
60.75,28.75,273.8451612903226,0.6951612903226305
60.75,29.0,274.28732142857143,1.137321428571454
60.75,29.25,273.70671875,0.5567187500000159
60.75,29.5,273.5396581196581,0.38965811965812236
60.75,29.75,273.2541697416974,0.10416974169743298
60.75,30.0,274.0641111111111,0.91411111111114
60.75,30.25,274.72147517730497,1.5714751773049898
60.75,30.5,274.5889306698002,1.4389306698002429
60.75,30.75,274.0892888888889,0.9392888888889388
60.75,31.0,273.8116,0.6616000000000213
60.75,31.25,273.18255555555555,0.03255555555557521
60.75,31.5,272.6213111111111,-0.5286888888888939
60.75,31.75,272.2835111111111,-0.8664888888888527
60.75,32.0,272.0864666666667,-1.0635333333332824
60.75,32.25,271.7441777777778,-1.4058222222221843
60.75,32.5,272.02104444444444,-1.1289555555555353
60.75,32.75,273.00191964285716,-0.14808035714281687
60.75,33.0,276.15220454545454,3.0022045454545605
60.75,33.25,276.99988839285714,3.849888392857167
60.75,33.5,276.1557020757021,3.005702075702118
60.75,33.75,274.9549583828775,1.804958382877544
60.75,34.0,274.10906493506496,0.9590649350649869
60.75,34.25,273.36760000000004,0.2176000000000613
60.75,34.5,273.0129022988506,-0.13709770114940056
60.75,34.75,273.7416331658291,0.5916331658291369
60.75,35.0,272.89580152671755,-0.25419847328242895
60.75,35.25,271.84456140350875,-1.3054385964912285
60.75,35.5,272.8681267217631,-0.2818732782369011
60.75,35.75,273.09012746234066,-0.05987253765931655
60.75,36.0,272.6175115207373,-0.5324884792626676
60.75,36.25,271.6471186440678,-1.5028813559321748
61.0,4.75,287.1596694214876,14.009669421487615
61.0,5.0,287.3511504424779,14.20115044247791
61.0,5.25,284.97024390243905,11.820243902439074
61.0,5.5,282.56384858044163,9.413848580441652
61.0,5.75,275.5789655172414,2.4289655172414086
61.0,6.0,274.3095054945055,1.159505494505538
61.0,6.25,274.6971911573472,1.5471911573472426
61.0,6.5,276.0379365079365,2.8879365079365016
61.0,6.75,274.26413333333335,1.1141333333333705
61.0,7.0,276.93938202247193,3.7893820224719548
61.0,7.25,275.61709261430246,2.467092614302487
61.0,7.5,274.8998878923767,1.7498878923767052
61.0,7.75,274.59701559020044,1.4470155902004649
61.0,8.0,272.8455928411633,-0.3044071588366819
61.0,8.25,272.5552,-0.5947999999999638
61.0,8.5,273.27002227171494,0.1200222717149586
61.0,8.75,273.8032480533927,0.6532480533927014
61.0,9.0,275.78286681715576,2.6328668171557865
61.0,9.25,276.7163146067416,3.566314606741628
61.0,9.5,275.9824832214765,2.8324832214765365
61.0,9.75,275.53465088757395,2.3846508875739687
61.0,10.0,275.6164705882353,2.4664705882353246
61.0,10.25,275.7992712550607,2.6492712550607393
61.0,10.5,279.32215753424657,6.172157534246594
61.0,10.75,279.5019440353461,6.3519440353461505
61.0,11.0,278.4877354709419,5.3377354709419365
61.0,11.25,276.7995966386555,3.6495966386555097
61.0,11.5,280.5008439897698,7.350843989769828
61.0,11.75,279.9008615384615,6.75086153846155
61.0,12.0,278.7510472972973,5.6010472972973275
61.0,12.25,278.52006700167505,5.370067001675068
61.0,12.5,280.9382151029748,7.788215102974846
61.0,12.75,281.73750561797755,8.58750561797757
61.0,13.0,281.5778728606357,8.427872860635716
61.0,13.25,282.0236017897092,8.873601789709198
61.0,13.5,281.7746,8.624600000000044
61.0,13.75,281.493,8.343000000000018
61.0,14.0,279.87881959910914,6.728819599109158
61.0,14.25,279.1756666666667,6.025666666666723
61.0,14.5,279.0930708661418,5.943070866141795
61.0,14.75,278.0962,4.946200000000033
61.0,15.0,278.0896996662959,4.939699666295951
61.0,15.25,276.46342857142855,3.313428571428574
61.0,15.5,275.0205283018868,1.87052830188685
61.0,15.75,274.79840148698884,1.6484014869888597
61.0,16.0,274.13821678321676,0.9882167832167852
61.0,16.25,275.08898701298705,1.93898701298707
61.0,16.5,275.62367396593675,2.4736739659367686
61.0,16.75,276.257115613826,3.1071156138260108
61.0,17.0,276.57322853688026,3.4232285368802877
61.0,17.25,276.33009433962263,3.1800943396226558
61.0,21.25,278.80953846153847,5.659538461538489
61.0,21.5,280.18503797468355,7.035037974683576
61.0,21.75,280.0669419642857,6.916941964285741
61.0,22.0,279.44284444444446,6.2928444444444835
61.0,22.25,277.2668609865471,4.116860986547124
61.0,22.5,279.14144444444446,5.9914444444444825
61.0,22.75,279.7961555555556,6.646155555555595
61.0,23.0,279.9787111111111,6.828711111111147
61.0,23.25,279.5462138084633,6.396213808463301
61.0,23.5,279.1445067264574,5.994506726457416
61.0,23.75,278.4793453724605,5.329345372460523
61.0,24.0,277.73850340136056,4.588503401360583
61.0,24.25,277.97299885974917,4.822998859749191
61.0,24.5,278.8417937219731,5.691793721973113
61.0,24.75,278.1725170068027,5.02251700680273
61.0,25.0,277.80822843822847,4.658228438228491
61.0,25.25,277.59194508009153,4.441945080091557
61.0,25.5,277.1586440677966,4.008644067796638
61.0,25.75,276.5294708994709,3.3794708994709026
61.0,26.0,276.5994622279129,3.4494622279129317
61.0,26.25,276.74498866213156,3.594988662131584
61.0,26.5,277.11737442922373,3.967374429223753
61.0,26.75,277.44043280182234,4.290432801822362
61.0,27.0,277.19525309336336,4.045253093363385
61.0,27.25,276.5024200913242,3.352420091324234
61.0,27.5,276.5133102652826,3.363310265282621
61.0,27.75,275.88714285714286,2.737142857142885
61.0,28.0,275.3905899280575,2.2405899280575454
61.0,28.25,275.3837554585153,2.2337554585153043
61.0,28.5,276.1248681541582,2.97486815415823
61.0,28.75,273.8323287671233,0.6823287671232947
61.0,29.0,274.0379335793358,0.8879335793358223
61.0,29.25,273.14441791044777,-0.005582089552206071
61.0,29.5,273.12053435114507,-0.029465648854909432
61.0,29.75,273.4256756756757,0.27567567567569995
61.0,30.0,272.8473542600897,-0.30264573991030375
61.0,30.25,273.5953611111111,0.44536111111113996
61.0,30.5,273.5518233295583,0.40182332955834
61.0,30.75,273.72713333333337,0.5771333333333928
61.0,31.0,273.3403348214286,0.19033482142862113
61.0,31.25,272.6980444444444,-0.4519555555555712
61.0,31.5,272.23684444444444,-0.9131555555555337
61.0,31.75,272.1996666666667,-0.9503333333332762
61.0,32.0,272.37353333333334,-0.7764666666666358
61.0,32.25,272.4759465478842,-0.6740534521157997
61.0,32.5,273.1564587973274,0.006458797327411503
61.0,32.75,275.5848250904705,2.434825090470497
61.0,33.0,276.24324966974905,3.0932496697490706
61.0,33.25,274.5405128205128,1.3905128205128108
61.0,33.5,273.91793532338306,0.7679353233830852
61.0,33.75,273.28055727554175,0.13055727554177565
61.0,34.0,273.7033734939759,0.5533734939759256
61.0,34.25,273.5242,0.3742000000000303
61.0,34.5,272.54857142857145,-0.6014285714285279
61.0,34.75,272.56,-0.589999999999975
61.0,35.0,273.00697802197806,-0.1430219780219204
61.0,35.25,273.3299453551913,0.1799453551913075
61.0,35.5,273.9606194690266,0.8106194690266193
61.0,35.75,272.0058695652174,-1.1441304347825962
61.0,36.0,271.9361157024793,-1.2138842975206785
61.0,36.25,271.01750000000004,-2.1324999999999363
61.0,36.5,271.7957264957265,-1.3542735042734648
61.0,36.75,269.79066666666665,-3.359333333333325
61.0,37.0,267.28000000000003,-5.869999999999948
61.0,37.25,267.28000000000003,-5.869999999999948
61.25,4.75,284.75296296296295,11.602962962962977
61.25,5.0,285.3739898989899,12.223989898989942
61.25,5.25,285.7765634674923,12.626563467492304
61.25,5.5,283.0666829268293,9.91668292682931
61.25,5.75,279.1520512820513,6.002051282051298
61.25,6.0,277.16341463414636,4.013414634146386
61.25,6.25,276.02771341463415,2.8777134146341723
61.25,6.5,276.0747580645161,2.9247580645161406
61.25,6.75,276.28000000000003,3.1300000000000523
61.25,7.0,276.463695380774,3.3136953807740497
61.25,7.25,278.7773082942097,5.62730829420974
61.25,7.5,275.9691870967742,2.8191870967742148
61.25,7.75,275.2362150055991,2.086215005599115
61.25,8.0,272.43506666666667,-0.7149333333333061
61.25,8.25,271.7348666666667,-1.4151333333333014
61.25,8.5,272.1797321428572,-0.970267857142801
61.25,8.75,273.4231756756757,0.2731756756757022
61.25,9.0,273.77445701357465,0.6244570135746699
61.25,9.25,273.2801333333333,0.1301333333333332
61.25,9.5,273.7702444444445,0.620244444444495
61.25,9.75,274.5494877505568,1.3994877505568297
61.25,10.0,275.11316027088037,1.963160270880394
61.25,10.25,278.217018469657,5.067018469657
61.25,10.5,276.69906586826346,3.549065868263483
61.25,10.75,274.40633867276887,1.2563386727688908
61.25,11.0,274.47759465478845,1.32759465478847
61.25,11.25,278.51911464245177,5.369114642451791
61.25,11.5,280.743569023569,7.593569023569046
61.25,11.75,278.1470415647922,4.997041564792198
61.25,12.0,277.0402312138728,3.8902312138728234
61.25,12.25,278.2011,5.0511000000000195
61.25,12.5,279.37250293772036,6.222502937720378
61.25,12.75,280.8687219730942,7.718721973094205
61.25,13.0,279.61024719101124,6.460247191011263
61.25,13.25,281.62202702702706,8.472027027027082
61.25,13.5,283.0738888888889,9.92388888888894
61.25,13.75,280.5500900900901,7.400090090090146
61.25,14.0,279.1951235955056,6.045123595505629
61.25,14.25,277.6975604142693,4.547560414269299
61.25,14.5,277.78863181312573,4.638631813125755
61.25,14.75,278.0604522613065,4.9104522613065456
61.25,15.0,277.07106382978725,3.921063829787272
61.25,15.25,273.56623188405797,0.41623188405799283
61.25,15.5,274.15770588235296,1.0077058823529796
61.25,15.75,274.0158312655087,0.8658312655087457
61.25,16.0,275.1056559766764,1.9556559766764394
61.25,16.25,276.1765989847716,3.026598984771624
61.25,16.5,276.44940880503145,3.299408805031476
61.25,16.75,276.84891203703705,3.6989120370370756
61.25,17.0,276.15660249150625,3.0066024915062712
61.25,17.25,275.9705,2.820500000000038
61.25,21.25,277.28363636363633,4.133636363636356
61.25,21.5,279.7691701244813,6.619170124481343
61.25,21.75,279.8595555555556,6.709555555555596
61.25,22.0,280.0212,6.871200000000044
61.25,22.25,279.6997777777778,6.54977777777782
61.25,22.5,279.3542444444445,6.204244444444498
61.25,22.75,279.6179510022272,6.46795100222721
61.25,23.0,278.9250666666667,5.775066666666703
61.25,23.25,278.69502222222224,5.545022222222258
61.25,23.5,278.30597315436245,5.155973154362471
61.25,23.75,278.81417040358747,5.664170403587491
61.25,24.0,278.1175199089875,4.967519908987526
61.25,24.25,276.5348474576271,3.3848474576271315
61.25,24.5,276.9546543778802,3.80465437788024
61.25,24.75,276.4647845804989,3.3147845804988947
61.25,25.0,276.1893720930233,3.039372093023303
61.25,25.25,276.6120716685331,3.462071668533099
61.25,25.5,275.2724222222222,2.1224222222222124
61.25,25.75,275.5024969400245,2.352496940024537
61.25,26.0,275.9308647990256,2.7808647990256077
61.25,26.25,275.7476227390181,2.5976227390181066
61.25,26.5,276.26265446224255,3.112654462242574
61.25,26.75,275.6823720930233,2.532372093023298
61.25,27.0,276.04661904761906,2.896619047619083
61.25,27.25,275.64270935960593,2.4927093596059535
61.25,27.5,275.77153558052436,2.6215355805243803
61.25,27.75,275.7274692874693,2.5774692874693415
61.25,28.0,274.4993382352941,1.3493382352941126
61.25,28.25,273.16397094430994,0.013970944309960487
61.25,28.5,273.21257003654085,0.06257003654087612
61.25,28.75,274.147251908397,0.9972519083970042
61.25,29.0,272.9705172413793,-0.1794827586206793
61.25,29.25,273.40717730496453,0.25717730496455715
61.25,29.5,273.3826351351351,0.23263513513512635
61.25,29.75,274.09883076923074,0.9488307692307671
61.25,30.0,272.9963,-0.15369999999995798
61.25,30.25,271.5546511627907,-1.595348837209258
61.25,30.5,271.64747093023254,-1.5025290697674336
61.25,30.75,272.6537471783296,-0.49625282167039586
61.25,31.0,272.7590271493213,-0.39097285067867915
61.25,31.25,272.3282,-0.8217999999999961
61.25,31.5,272.0928605769231,-1.057139423076876
61.25,31.75,271.6982122905028,-1.4517877094971823
61.25,32.0,271.59784711388454,-1.5521528861154366
61.25,32.25,271.85223918575065,-1.2977608142493295
61.25,32.5,272.6197712833545,-0.5302287166454676
61.25,32.75,273.0765991902834,-0.07340080971658836
61.25,33.0,273.0010719754977,-0.14892802450225417
61.25,33.25,272.61791044776123,-0.5320895522387445
61.25,33.5,272.3648148148148,-0.7851851851851848
61.25,33.75,271.86003690036904,-1.2899630996309384
61.25,34.0,271.7900716845878,-1.3599283154121622
61.25,34.25,271.5623236514523,-1.5876763485476886
61.25,34.5,272.7894871794872,-0.3605128205127812
61.25,34.75,273.68785454545457,0.5378545454545929
61.25,35.0,273.2571098265896,0.1071098265896353
61.25,35.25,272.71149012567327,-0.4385098743267122
61.25,35.5,271.0346246973366,-2.115375302663381
61.25,35.75,269.9928205128205,-3.1571794871794623
61.25,36.75,269.75111111111113,-3.398888888888848
61.25,37.0,269.03428571428566,-4.1157142857143185
61.25,37.25,267.69354838709677,-5.456451612903209
61.25,37.5,267.00068965517244,-6.149310344827541
61.5,4.75,282.38,9.230000000000018
61.5,5.0,283.44137931034487,10.291379310344894
61.5,5.25,283.96592901878915,10.815929018789177
61.5,5.5,281.7003886925795,8.550388692579531
61.5,5.75,278.50124054462935,5.351240544629377
61.5,6.0,277.1357685950413,3.9857685950413497
61.5,6.25,275.9562893081761,2.806289308176133
61.5,6.5,273.49449541284406,0.3444954128440827
61.5,6.75,273.78048275862074,0.630482758620758
61.5,7.0,272.47133333333335,-0.6786666666666292
61.5,7.25,274.89097065462755,1.7409706546275743
61.5,7.5,274.87316964285714,1.7231696428571581
61.5,7.75,273.4778619153675,0.32786191536752085
61.5,8.0,271.17842222222225,-1.9715777777777248
61.5,8.25,270.1292,-3.0207999999999515
61.5,8.5,270.26575555555553,-2.884244444444448
61.5,8.75,271.9099554565702,-1.2400445434298035
61.5,9.0,273.42157777777777,0.271577777777793
61.5,9.25,274.9136666666667,1.7636666666667224
61.5,9.5,275.68629339305716,2.5362933930571785
61.5,9.75,276.8214317673378,3.671431767337822
61.5,10.0,277.1254423292273,3.9754423292273486
61.5,10.25,277.02258351893096,3.8725835189309805
61.5,10.5,274.01304444444446,0.8630444444444834
61.5,10.75,274.6973719376392,1.547371937639241
61.5,11.0,279.06329596412553,5.9132959641255525
61.5,11.25,278.35877966101697,5.20877966101699
61.5,11.5,276.11632516703787,2.966325167037894
61.5,11.75,275.80358574610244,2.653585746102465
61.5,12.0,276.0987542468856,2.948754246885642
61.5,12.25,275.7469652855543,2.5969652855543472
61.5,12.5,275.4746666666667,2.324666666666701
61.5,12.75,275.539585730725,2.3895857307250026
61.5,13.0,279.99553324968633,6.845533249686355
61.5,13.25,282.2478299776286,9.097829977628635
61.5,13.5,281.14956626506023,7.999566265060253
61.5,13.75,276.64800894854585,3.4980089485458734
61.5,14.0,275.76950561797753,2.619505617977552
61.5,14.25,275.2231880733945,2.073188073394533
61.5,14.5,276.22893975903617,3.0789397590361887
61.5,14.75,275.6104854368932,2.4604854368932365
61.5,15.0,274.7430769230769,1.5930769230769215
61.5,15.25,273.6859411764706,0.535941176470601
61.5,15.5,274.0222775800712,0.872277580071227
61.5,15.75,273.488813559322,0.33881355932203405
61.5,16.0,275.08066496163684,1.9306649616368645
61.5,16.25,276.3030900243309,3.153090024330936
61.5,16.5,276.3576247030879,3.2076247030879017
61.5,16.75,275.3659880239521,2.21598802395215
61.5,17.0,275.69321899736144,2.543218997361464
61.5,17.25,273.5654166666667,0.4154166666667152
61.5,17.5,274.59250000000003,1.4425000000000523
61.5,21.25,276.52,3.3700000000000045
61.5,21.5,279.1487159533074,5.998715953307396
61.5,21.75,280.44078651685396,7.290786516853984
61.5,22.0,279.5166,6.366600000000005
61.5,22.25,278.58551111111115,5.435511111111168
61.5,22.5,278.2776666666667,5.127666666666698
61.5,22.75,278.55373333333335,5.403733333333378
61.5,23.0,278.32327759197324,5.17327759197326
61.5,23.25,278.0943463687151,4.944346368715117
61.5,23.5,278.3981069042316,5.2481069042316335
61.5,23.75,277.32254464285717,4.17254464285719
61.5,24.0,277.63744394618834,4.487443946188364
61.5,24.25,276.86536199095025,3.715361990950271
61.5,24.5,276.4834443168772,3.3334443168772054
61.5,24.75,276.4606799531067,3.310679953106728
61.5,25.0,274.6334477825465,1.4834477825465342
61.5,25.25,274.72708039492244,1.5770803949224614
61.5,25.5,274.4749886621315,1.3249886621315454
61.5,25.75,275.8774019607843,2.7274019607843343
61.5,26.0,276.35137032842584,3.2013703284258668
61.5,26.25,275.9628830874007,2.812883087400735
61.5,26.5,276.2518385650224,3.101838565022433
61.5,26.75,275.9749829738933,2.824982973893327
61.5,27.0,275.844747706422,2.6947477064220493
61.5,27.25,276.05219842164604,2.9021984216460623
61.5,27.5,275.88138009049777,2.731380090497794
61.5,27.75,275.3803002309469,2.2303002309469093
61.5,28.0,274.8088628370457,1.6588628370457172
61.5,28.25,274.5423661270237,1.3923661270237062
61.5,28.5,274.4808219178082,1.3308219178082368
61.5,28.75,273.9333816425121,0.7833816425120972
61.5,29.0,273.9331081081081,0.7831081081081379
61.5,29.25,274.98846153846154,1.8384615384615586
61.5,29.5,274.857339055794,1.707339055794023
61.5,29.75,273.4188613138686,0.26886131386862644
61.5,30.0,273.53445721583654,0.3844572158365622
61.5,30.25,272.66188073394494,-0.48811926605503686
61.5,30.5,272.2164896073903,-0.9335103926096622
61.5,30.75,272.2696850393701,-0.880314960629903
61.5,31.0,272.6956501726122,-0.4543498273877731
61.5,31.25,271.7629355281207,-1.3870644718792846
61.5,31.5,270.99382765531067,-2.1561723446893097
61.5,31.75,269.93242857142855,-3.217571428571432
61.5,32.0,269.71957805907175,-3.430421940928227
61.5,32.25,270.46432773109245,-2.685672268907524
61.5,32.5,270.6849367088608,-2.465063291139188
61.5,32.75,271.5633937397035,-1.5866062602964917
61.5,33.0,271.3426384364821,-1.8073615635178726
61.5,33.25,271.3871590909091,-1.762840909090869
61.5,33.5,271.11333333333334,-2.0366666666666333
61.5,33.75,271.0819958419958,-2.0680041580041575
61.5,34.0,270.02091743119263,-3.1290825688073483
61.5,34.25,271.4901034482759,-1.6598965517241027
61.5,34.5,271.84196875000004,-1.3080312499999422
61.5,34.75,272.7160152284264,-0.4339847715735914
61.5,35.0,272.2210406504065,-0.9289593495934696
61.5,35.25,270.4694239290989,-2.680576070901054
61.5,35.5,269.79066445182724,-3.359335548172737
61.5,35.75,269.9210734463277,-3.228926553672295
61.5,36.0,270.20152466367716,-2.948475336322815
61.5,36.25,272.17924276169265,-0.9707572383073284
61.5,36.5,272.48072243346013,-0.6692775665398472
61.5,36.75,271.1207586206897,-2.0292413793102924
61.5,37.0,269.4776744186047,-3.6723255813952846
61.5,37.25,267.624,-5.525999999999954
61.5,37.5,267.2286111111111,-5.921388888888885
61.5,37.75,265.17333333333335,-7.976666666666631
61.75,-7.0,279.34000000000003,6.190000000000055
61.75,-6.75,281.1837288135593,8.033728813559321
61.75,4.75,285.92765957446807,12.777659574468089
61.75,5.0,285.3875615212528,12.237561521252815
61.75,5.25,281.20535947712415,8.05535947712417
61.75,5.5,276.7837846655791,3.633784665579128
61.75,5.75,276.25013867488445,3.1001386748844766
61.75,6.0,276.4625648021828,3.3125648021828056
61.75,6.25,276.93517027863777,3.7851702786377928
61.75,6.5,276.96733333333333,3.8173333333333517
61.75,6.75,273.66861224489793,0.5186122448979518
61.75,7.0,272.59619260918254,-0.5538073908174397
61.75,7.25,271.95793333333336,-1.1920666666666193
61.75,7.5,270.8482,-2.3017999999999574
61.75,7.75,271.09602222222225,-2.0539777777777317
61.75,8.0,270.3348222222222,-2.8151777777777625
61.75,8.25,272.1091173184358,-1.0408826815641987
61.75,8.5,273.6289841986456,0.4789841986456054
61.75,8.75,273.3248818897638,0.17488188976381025
61.75,9.0,275.78346846846847,2.633468468468493
61.75,9.25,277.14135440180587,3.991354401805893
61.75,9.5,278.22939325842697,5.07939325842699
61.75,9.75,275.1580941704036,2.0080941704036377
61.75,10.0,273.36024444444445,0.21024444444447
61.75,10.25,273.93146666666667,0.7814666666666881
61.75,10.5,275.1505016722408,2.00050167224083
61.75,10.75,277.31264937993234,4.162649379932361
61.75,11.0,277.4307158836689,4.280715883668904
61.75,11.25,278.4483445190157,5.2983445190157
61.75,11.5,275.5514,2.4014000000000237
61.75,11.75,275.63399776035834,2.4839977603583634
61.75,12.0,275.2117333333333,2.0617333333333363
61.75,12.25,274.8728222222222,1.7228222222222485
61.75,12.5,275.8739010356732,2.7239010356732365
61.75,12.75,278.13642679900744,4.986426799007461
61.75,13.0,279.53807259073847,6.3880725907384885
61.75,13.25,278.62689295039166,5.4768929503916866
61.75,13.5,275.6916458852868,2.541645885286812
61.75,13.75,276.28682808716707,3.136828087167089
61.75,14.0,277.00120996441285,3.851209964412874
61.75,14.25,278.89395755305867,5.743957553058692
61.75,14.5,276.61740791268755,3.4674079126875768
61.75,14.75,274.52589108910894,1.3758910891089613
61.75,15.0,273.1482269503546,-0.0017730496453509659
61.75,15.5,273.82428571428574,0.6742857142857588
61.75,15.75,274.5394223826715,1.389422382671512
61.75,16.0,275.8314021164021,2.6814021164021256
61.75,16.25,276.5984848484849,3.4484848484848953
61.75,16.5,276.64745684695055,3.49745684695057
61.75,16.75,275.5526857142857,2.402685714285724
61.75,17.0,274.6753048780488,1.5253048780488143
61.75,17.25,276.0485082872928,2.8985082872928274
61.75,17.5,275.4449717514124,2.2949717514124472
61.75,21.5,279.1503125,6.000312500000007
61.75,21.75,278.48173719376393,5.331737193763956
61.75,22.0,278.53452115812917,5.384521158129189
61.75,22.25,278.45535555555557,5.305355555555593
61.75,22.5,278.5624666666667,5.412466666666717
61.75,22.75,278.26044444444443,5.110444444444454
61.75,23.0,277.91195555555555,4.7619555555555735
61.75,23.25,277.4587946428572,4.308794642857208
61.75,23.5,277.5105948372615,4.360594837261544
61.75,23.75,275.87269058295965,2.7226905829596717
61.75,24.0,276.8559595959596,3.705959595959598
61.75,24.25,275.99722772277227,2.8472277227722884
61.75,24.5,275.0918670886076,1.941867088607637
61.75,24.75,275.00938144329893,1.8593814432989575
61.75,25.0,273.52186666666665,0.37186666666667634
61.75,25.25,274.82690671031094,1.6769067103109592
61.75,25.5,274.7263396226415,1.5763396226415125
61.75,25.75,275.042358974359,1.8923589743590128
61.75,26.0,275.8709813084112,2.7209813084112398
61.75,26.25,275.6669383003492,2.5169383003492385
61.75,26.5,274.9011325028313,1.7511325028312967
61.75,26.75,274.33240506329116,1.1824050632911849
61.75,27.0,275.2943103448276,2.144310344827602
61.75,27.25,275.88319711538463,2.7331971153846553
61.75,27.5,275.401125,2.251125000000002
61.75,27.75,275.54678090575277,2.3967809057527916
61.75,28.0,275.09637931034484,1.9463793103448666
61.75,28.25,274.59879839786385,1.448798397863868
61.75,28.5,274.2610834553441,1.111083455344101
61.75,28.75,273.71217158176944,0.5621715817694621
61.75,29.0,273.2674036850922,0.11740368509219934
61.75,29.25,273.76336842105263,0.6133684210526553
61.75,29.5,273.89220809248553,0.742208092485555
61.75,29.75,275.3466362599772,2.196636259977197
61.75,30.0,272.8581767180926,-0.2918232819073978
61.75,30.25,272.2586994219653,-0.8913005780347021
61.75,30.5,272.9101230769231,-0.23987692307684938
61.75,30.75,273.07403141361254,-0.07596858638743242
61.75,31.0,272.64747380675203,-0.5025261932479452
61.75,31.25,271.600857538036,-1.5491424619639815
61.75,31.5,270.87438898450944,-2.27561101549054
61.75,31.75,270.4828467153285,-2.6671532846714854
61.75,32.0,269.98314814814813,-3.1668518518518454
61.75,32.25,269.7921142857143,-3.3578857142856577
61.75,32.5,269.74898113207547,-3.401018867924506
61.75,32.75,268.9787058823529,-4.171294117647051
61.75,33.0,270.14721649484534,-3.002783505154639
61.75,33.25,271.25111702127657,-1.8988829787234067
61.75,33.5,271.02512820512817,-2.124871794871808
61.75,33.75,270.0785714285714,-3.071428571428555
61.75,34.0,271.18755223880595,-1.9624477611940279
61.75,34.25,272.0296604938272,-1.1203395061727974
61.75,34.5,270.7889101338432,-2.3610898661567603
61.75,34.75,269.724099378882,-3.4259006211179894
61.75,35.0,270.02561643835617,-3.1243835616438105
61.75,35.25,270.45742528735633,-2.6925747126436477
61.75,35.5,270.43757225433524,-2.7124277456647405
61.75,35.75,270.2014522292994,-2.9485477707006
61.75,36.0,271.60817653890825,-1.5418234610917239
61.75,36.25,273.2318257956449,0.08182579564493153
61.75,36.5,273.1405522682446,-0.00944773175535829
61.75,36.75,272.89514184397166,-0.2548581560283196
61.75,37.0,271.9526810176125,-1.1973189823874577
61.75,37.25,271.42044444444446,-1.729555555555521
61.75,37.5,268.50363636363636,-4.646363636363617
61.75,37.75,267.18,-5.96999999999997
62.0,-7.5,283.0448275862069,9.89482758620693
62.0,-7.25,284.0673015873016,10.917301587301608
62.0,-7.0,276.32,3.170000000000016
62.0,-6.75,280.16237288135596,7.0123728813559865
62.0,-6.5,283.06,9.910000000000025
62.0,5.0,286.540989010989,13.390989010989017
62.0,5.25,286.2048758465011,13.054875846501147
62.0,5.5,283.64747940691933,10.497479406919354
62.0,5.75,278.4992836676218,5.349283667621819
62.0,6.0,277.88205882352946,4.732058823529485
62.0,6.25,276.9062573099415,3.7562573099415317
62.0,6.5,277.1290775988287,3.9790775988287237
62.0,6.75,275.5306532663316,2.380653266331649
62.0,7.0,275.9103317535545,2.76033175355451
62.0,7.25,273.69800000000004,0.5480000000000587
62.0,7.5,271.7199111111111,-1.4300888888888608
62.0,7.75,272.62893333333335,-0.521066666666627
62.0,8.0,272.92944320712695,-0.2205567928730261
62.0,8.25,272.84764245810055,-0.30235754189942554
62.0,8.5,272.3422297297297,-0.8077702702702823
62.0,8.75,271.7925554259043,-1.3574445740956662
62.0,9.0,274.32925,1.1792500000000246
62.0,9.25,275.3183934807916,2.1683934807916216
62.0,9.5,273.1698316498317,0.01983164983170127
62.0,9.75,273.6761290322581,0.5261290322580976
62.0,10.0,276.1388550548112,2.9888550548112107
62.0,10.25,275.9386622073579,2.788662207357902
62.0,10.5,275.3461520737327,2.196152073732719
62.0,10.75,276.7148156424581,3.564815642458143
62.0,11.0,278.03984,4.889840000000049
62.0,11.25,274.2339777777778,1.0839777777778181
62.0,11.5,274.4783777777778,1.3283777777778027
62.0,11.75,274.5796666666667,1.4296666666667193
62.0,12.0,274.5112222222222,1.3612222222222385
62.0,12.25,274.9361333333334,1.786133333333396
62.0,12.5,275.6113278495887,2.461327849588713
62.0,12.75,275.78241657077103,2.6324165707710563
62.0,13.0,274.3516,1.2016000000000417
62.0,13.25,273.6998888888889,0.5498888888889155
62.0,13.5,274.8906588235294,1.7406588235294294
62.0,13.75,277.4369706840391,4.286970684039147
62.0,14.0,278.989865470852,5.839865470852033
62.0,14.25,277.92244239631333,4.772442396313352
62.0,14.5,276.30643500643504,3.1564350064350606
62.0,14.75,274.33466666666664,1.1846666666666579
62.0,15.5,271.70320000000004,-1.4467999999999392
62.0,15.75,274.02469798657717,0.8746979865771891
62.0,16.0,274.10894736842107,0.958947368421093
62.0,16.25,274.0972965116279,0.9472965116279397
62.0,16.5,274.2324548736462,1.0824548736462134
62.0,16.75,273.37495098039216,0.22495098039217964
62.0,17.0,275.2634593023256,2.113459302325623
62.0,17.25,275.9294647201947,2.77946472019471
62.0,17.5,276.97635135135135,3.826351351351377
62.0,21.25,278.1044295302014,4.954429530201423
62.0,21.5,278.81538461538463,5.665384615384653
62.0,21.75,278.57893333333334,5.428933333333362
62.0,22.0,278.8087111111111,5.658711111111131
62.0,22.25,278.86944444444447,5.719444444444491
62.0,22.5,278.5252,5.375200000000007
62.0,22.75,278.0230289532294,4.873028953229436
62.0,23.0,277.72262222222224,4.5726222222222646
62.0,23.25,277.1599777777778,4.009977777777806
62.0,23.5,276.4667111111111,3.3167111111111467
62.0,23.75,276.4566741071429,3.3066741071428964
62.0,24.0,276.38006764374296,3.2300676437429843
62.0,24.25,276.13389150943397,2.983891509433988
62.0,24.5,274.63215596330275,1.4821559633027732
62.0,24.75,274.1269124423963,0.9769124423963262
62.0,25.0,273.7480493827161,0.5980493827161126
62.0,25.25,273.71255474452556,0.5625547445255847
62.0,25.5,274.9083540802213,1.7583540802212951
62.0,25.75,274.6788466579292,1.5288466579292503
62.0,26.0,275.6018795180723,2.451879518072303
62.0,26.25,275.51522522522527,2.365225225225288
62.0,26.5,275.2629280397023,2.1129280397022967
62.0,26.75,275.5401875732708,2.3901875732708504
62.0,27.0,274.6893673965937,1.5393673965937182
62.0,27.25,274.9216040100251,1.7716040100251007
62.0,27.5,274.95300000000003,1.8030000000000541
62.0,27.75,274.8060028860029,1.6560028860029092
62.0,28.0,275.0775590551181,1.927559055118138
62.0,28.25,274.41195195195195,1.2619519519519713
62.0,28.5,273.35102857142857,0.2010285714285942
62.0,28.75,273.1798567335244,0.02985673352441154
62.0,29.0,273.10974264705885,-0.040257352941125646
62.0,29.25,274.01356435643567,0.8635643564356883
62.0,29.5,273.4648047337278,0.3148047337278399
62.0,29.75,273.3519590268886,0.20195902688863043
62.0,30.0,272.5356935817805,-0.6143064182194848
62.0,30.25,272.8936,-0.2563999999999851
62.0,30.5,272.6262989323844,-0.5237010676156046
62.0,30.75,271.95577677224736,-1.194223227752616
62.0,31.0,271.6650406504065,-1.4849593495934528
62.0,31.25,271.8543453070684,-1.2956546929315778
62.0,31.5,271.3491064871481,-1.8008935128518715
62.0,31.75,270.90887434554975,-2.2411256544502294
62.0,32.0,270.727398989899,-2.4226010101010047
62.0,32.25,270.40101910828025,-2.748980891719725
62.0,32.5,270.3024347826087,-2.8475652173912636
62.0,32.75,269.9481632653061,-3.2018367346938703
62.0,33.0,270.19079872204475,-2.9592012779552306
62.0,33.25,270.4112888888889,-2.7387111111110585
62.0,33.5,269.6183435582822,-3.5316564417177574
62.0,33.75,270.0846153846154,-3.0653846153845734
62.0,34.0,271.64296907216493,-1.5070309278350464
62.0,34.25,272.0795066413662,-1.0704933586337688
62.0,34.5,270.9650535331906,-2.1849464668093788
62.0,34.75,270.1007837837838,-3.0492162162161662
62.0,35.0,270.27868217054265,-2.8713178294573254
62.0,35.25,271.2779870967742,-1.872012903225766
62.0,35.5,270.52824462061153,-2.6217553793884463
62.0,35.75,271.72923076923075,-1.4207692307692241
62.0,36.0,272.82,-0.3299999999999841
62.0,36.25,272.47033033033034,-0.6796696696696358
62.0,36.5,270.77647619047616,-2.3735238095238174
62.0,36.75,270.7629950083195,-2.3870049916804987
62.0,37.0,269.50837662337665,-3.641623376623329
62.0,37.25,270.7499502487562,-2.4000497512437846
62.0,37.5,270.0021052631579,-3.1478947368420904
62.0,37.75,267.75564102564107,-5.394358974358909
62.0,38.0,267.55333333333334,-5.596666666666636
62.25,-7.5,282.092,8.942000000000007
62.25,-7.25,282.604,9.454000000000008
62.25,-7.0,283.66902127659574,10.519021276595765
62.25,-6.75,282.9491304347826,9.799130434782626
62.25,-6.5,280.20157894736843,7.051578947368455
62.25,5.0,284.72833333333335,11.578333333333376
62.25,5.25,287.35218390804596,14.202183908045981
62.25,5.5,285.3822641509434,12.232264150943422
62.25,5.75,284.08956217162876,10.93956217162878
62.25,6.0,283.4266909090909,10.276690909090917
62.25,6.25,277.83379128137386,4.683791281373885
62.25,6.5,277.84410404624276,4.694104046242785
62.25,6.75,276.2184633027523,3.0684633027523205
62.25,7.0,276.905459770115,3.75545977011501
62.25,7.25,275.4990511860175,2.3490511860175047
62.25,7.5,274.20083805209515,1.0508380520951732
62.25,7.75,271.61415555555556,-1.5358444444444217
62.25,8.0,272.3983333333333,-0.7516666666666652
62.25,8.25,272.8262666666667,-0.3237333333332799
62.25,8.5,272.3955555555556,-0.7544444444444025
62.25,8.75,272.70253333333335,-0.44746666666662804
62.25,9.0,271.4086033519553,-1.741396648044656
62.25,9.25,271.5314888888889,-1.6185111111111041
62.25,9.5,273.8406888888889,0.6906888888889284
62.25,9.75,275.2989285714286,2.1489285714285984
62.25,10.0,275.42739819004527,2.2773981900452895
62.25,10.25,275.47314814814814,2.3231481481481637
62.25,10.5,276.7255928411633,3.5755928411633136
62.25,10.75,277.21824436536184,4.068244365361863
62.25,11.0,275.5441123595506,2.394112359550604
62.25,11.25,273.71344444444446,0.5634444444444853
62.25,11.5,274.9242222222222,1.7742222222222495
62.25,11.75,274.72842222222226,1.5784222222222866
62.25,12.0,274.3355555555556,1.1855555555555952
62.25,12.25,273.7822,0.6322000000000116
62.25,12.5,273.90133333333335,0.7513333333333776
62.25,12.75,274.01268888888893,0.8626888888889539
62.25,13.0,273.9749555555556,0.8249555555556185
62.25,13.25,274.72290502793294,1.5729050279329613
62.25,13.5,275.8472879330944,2.697287933094401
62.25,13.75,277.2606342015855,4.110634201585526
62.25,14.0,278.7846029919448,5.634602991944803
62.25,14.25,276.4845942571785,3.334594257178537
62.25,14.5,274.8167515923567,1.666751592356718
62.25,15.5,272.544,-0.6059999999999945
62.25,15.75,273.31125000000003,0.1612500000000523
62.25,16.0,272.6371647509579,-0.512835249042098
62.25,16.25,272.5339577039275,-0.6160422960724645
62.25,16.5,271.5934188034188,-1.5565811965811918
62.25,16.75,272.5995733333333,-0.5504266666666808
62.25,17.0,275.0023872679045,1.8523872679045326
62.25,17.25,276.6266052934408,3.476605293440798
62.25,17.5,276.9162216624685,3.7662216624685243
62.25,17.75,275.86625000000004,2.716250000000059
62.25,21.25,277.6528,4.502800000000036
62.25,21.5,278.60972789115647,5.45972789115649
62.25,21.75,278.4088222222222,5.25882222222225
62.25,22.0,278.2371777777778,5.087177777777811
62.25,22.25,277.9434888888889,4.79348888888893
62.25,22.5,277.81442329227326,4.664423292273284
62.25,22.75,277.75986666666665,4.609866666666676
62.25,23.0,277.43683035714287,4.28683035714289
62.25,23.25,277.21414414414414,4.064144144144166
62.25,23.5,277.21908482142857,4.069084821428589
62.25,23.75,276.625496009122,3.4754960091220255
62.25,24.0,276.6438084632517,3.493808463251696
62.25,24.25,275.9411098265896,2.7911098265896044
62.25,24.5,274.8087878787879,1.658787878787905
62.25,24.75,274.18156250000004,1.0315625000000637
62.25,25.0,273.46709803921567,0.31709803921569346
62.25,25.25,273.8176255707763,0.6676255707762948
62.25,25.5,274.6251623931624,1.4751623931624067
62.25,25.75,273.9763111111111,0.8263111111111243
62.25,26.0,274.80025641025645,1.6502564102564747
62.25,26.25,275.5703669724771,2.4203669724770975
62.25,26.5,274.77480059084195,1.6248005908419714
62.25,26.75,274.8206114649681,1.6706114649681467
62.25,27.0,275.0679106438896,1.917910643889627
62.25,27.25,274.30963820549925,1.1596382054992773
62.25,27.5,272.88281329923274,-0.2671867007672404
62.25,27.75,274.65250659630607,1.502506596306091
62.25,28.0,273.81484662576685,0.6648466257668701
62.25,28.25,272.1093506493507,-1.0406493506492893
62.25,28.5,272.1551089588378,-0.994891041162191
62.25,28.75,272.49177272727275,-0.6582272727272311
62.25,29.0,272.169623655914,-0.9803763440859825
62.25,29.25,271.9696453900709,-1.1803546099290543
62.25,29.5,271.95159947984394,-1.1984005201560421
62.25,29.75,272.5064739884393,-0.6435260115606525
62.25,30.0,272.13028697571747,-1.0197130242825097
62.25,30.25,272.93825327510916,-0.21174672489081559
62.25,30.5,272.23703703703706,-0.9129629629629221
62.25,30.75,272.1478698224852,-1.0021301775148004
62.25,31.0,271.50129936305734,-1.6487006369426354
62.25,31.25,270.9871495327103,-2.1628504672896725
62.25,31.5,271.2372064276885,-1.9127935723115002
62.25,31.75,270.9643376623377,-2.1856623376622792
62.25,32.0,271.2272291904219,-1.9227708095780827
62.25,32.25,270.9121244925575,-2.2378755074424816
62.25,32.5,270.44710334788937,-2.70289665211061
62.25,32.75,270.20698591549296,-2.9430140845070127
62.25,33.0,270.4818479880775,-2.668152011922473
62.25,33.25,270.4399394856278,-2.7100605143721737
62.25,33.5,270.52610837438425,-2.6238916256157268
62.25,33.75,271.77752244165174,-1.372477558348237
62.25,34.0,271.9363725490196,-1.2136274509803684
62.25,34.25,271.5850852272727,-1.5649147727272634
62.25,34.5,269.86715294117647,-3.2828470588235064
62.25,34.75,270.6271393034826,-2.522860696517398
62.25,35.0,271.3844162436548,-1.7655837563451655
62.25,35.25,271.25817034700316,-1.8918296529968188
62.25,35.5,270.61121875,-2.5387812499999995
62.25,35.75,270.90085648148147,-2.2491435185185082
62.25,36.0,271.808446866485,-1.3415531335149922
62.25,36.25,269.86045045045046,-3.2895495495495197
62.25,36.5,269.27489082969436,-3.8751091703056204
62.25,36.75,270.23810606060607,-2.911893939393906
62.25,37.0,270.82395,-2.3260499999999524
62.25,37.25,271.1480952380952,-2.0019047619047683
62.25,37.5,270.27407407407406,-2.8759259259259125
62.25,37.75,269.4345255474452,-3.7154744525547585
62.25,38.0,269.3496551724138,-3.800344827586173
62.5,-6.5,277.88,4.730000000000018
62.5,5.5,284.25,11.100000000000023
62.5,5.75,284.6416666666667,11.491666666666731
62.5,6.0,285.1510734463277,12.001073446327723
62.5,6.25,284.74037267080746,11.590372670807483
62.5,6.5,283.89029304029305,10.740293040293068
62.5,6.75,281.6295430107527,8.479543010752707
62.5,7.0,278.75366538952744,5.603665389527464
62.5,7.25,277.22572115384617,4.075721153846189
62.5,7.5,277.28835195530723,4.138351955307257
62.5,7.75,276.17367149758456,3.023671497584587
62.5,8.0,274.03975555555553,0.8897555555555527
62.5,8.25,274.24224444444445,1.092244444444475
62.5,8.5,273.2134,0.06340000000000146
62.5,8.75,272.35213333333337,-0.7978666666666072
62.5,9.0,273.5200222222222,0.37002222222224646
62.5,9.25,273.02995555555555,-0.12004444444443152
62.5,9.5,273.7628666666667,0.6128666666667186
62.5,9.75,273.8947932960894,0.7447932960894263
62.5,10.0,274.47842222222226,1.3284222222222866
62.5,10.25,275.18791111111113,2.037911111111157
62.5,10.5,274.88044444444444,1.7304444444444584
62.5,10.75,274.3057111111111,1.1557111111111453
62.5,11.0,275.3744666666667,2.2244666666667285
62.5,11.25,275.08764444444444,1.9376444444444587
62.5,11.5,274.98997777777777,1.83997777777779
62.5,11.75,274.5994888888889,1.4494888888889363
62.5,12.0,273.9562222222222,0.8062222222222317
62.5,12.25,273.5096888888889,0.35968888888891115
62.5,12.5,274.16766666666666,1.0176666666666847
62.5,12.75,274.43486666666666,1.2848666666666873
62.5,13.0,274.6710244988864,1.5210244988864474
62.5,13.25,276.4339257592801,3.283925759280123
62.5,13.5,276.57608745684695,3.4260874568469717
62.5,13.75,275.6425235849057,2.4925235849057117
62.5,14.0,274.02274376417233,0.8727437641723554
62.5,14.25,274.9580495356037,1.8080495356037432
62.5,14.5,275.41398936170214,2.2639893617021585
62.5,14.75,273.1536842105263,0.0036842105263303893
62.5,15.25,273.10083333333336,-0.04916666666662195
62.5,15.5,273.7926153846154,0.6426153846153966
62.5,15.75,275.43017283950616,2.2801728395061787
62.5,16.0,273.9337965260546,0.7837965260546298
62.5,16.25,271.6790625,-1.470937499999991
62.5,16.5,271.73779141104296,-1.4122085889570144
62.5,16.75,272.6678651685393,-0.4821348314606553
62.5,17.0,274.9762213740458,1.826221374045815
62.5,17.25,277.5201236093943,4.370123609394341
62.5,17.5,278.1464919941776,4.996491994177632
62.5,17.75,277.2421621621622,4.092162162162197
62.5,18.0,277.3598347107438,4.2098347107438485
62.5,21.0,276.3748387096774,3.2248387096774422
62.5,21.25,278.2875530410184,5.137553041018407
62.5,21.5,278.1498888888889,4.999888888888904
62.5,21.75,278.0805111111111,4.930511111111116
62.5,22.0,278.01228888888886,4.862288888888884
62.5,22.25,278.1063111111111,4.95631111111112
62.5,22.5,277.979710467706,4.829710467706036
62.5,22.75,278.00870824053453,4.858708240534554
62.5,23.0,278.15402222222224,5.004022222222261
62.5,23.25,277.9537668161435,4.803766816143536
62.5,23.5,277.8174107142857,4.667410714285722
62.5,23.75,277.34278280542986,4.192782805429886
62.5,24.0,276.7281026785714,3.5781026785714403
62.5,24.25,274.7683606557377,1.6183606557377175
62.5,24.5,274.02840531561463,0.878405315614657
62.5,24.75,273.8375460122699,0.6875460122699337
62.5,25.0,272.02945147679327,-1.1205485232067076
62.5,25.25,274.290101010101,1.1401010101010343
62.5,25.5,274.3973143759874,1.2473143759874006
62.5,25.75,274.08157377049184,0.9315737704918661
62.5,26.0,274.92173575129533,1.7717357512953527
62.5,26.25,274.5382411347518,1.3882411347518087
62.5,26.5,273.6287708649469,0.47877086494690957
62.5,26.75,273.2016120906801,0.0516120906801234
62.5,27.0,274.2460171919771,1.0960171919771255
62.5,27.25,273.7726849894292,0.6226849894292172
62.5,27.5,272.3757798165137,-0.7742201834862499
62.5,27.75,272.63611510791367,-0.5138848920863097
62.5,28.0,272.6765944272446,-0.4734055727553823
62.5,28.25,272.6589755011136,-0.491024498886361
62.5,28.5,271.8068656716418,-1.3431343283581896
62.5,28.75,272.2369918699187,-0.9130081300812662
62.5,29.0,271.53000000000003,-1.6199999999999477
62.5,29.25,271.2711034482758,-1.8788965517241536
62.5,29.5,271.1949206349206,-1.9550793650793707
62.5,29.75,271.1061663286004,-2.043833671399568
62.5,30.0,270.904875,-2.245124999999973
62.5,30.25,269.99533333333335,-3.1546666666666283
62.5,30.5,270.25225352112676,-2.8977464788732163
62.5,30.75,270.51612903225805,-2.6338709677419274
62.5,31.0,270.36927472527475,-2.780725274725228
62.5,31.25,270.2820809248555,-2.8679190751444708
62.5,31.5,270.02093693693695,-3.129063063063029
62.5,31.75,269.5673825503356,-3.582617449664383
62.5,32.0,269.5474885844749,-3.6025114155251003
62.5,32.25,269.4505449591281,-3.6994550408718965
62.5,32.5,269.2984230769231,-3.851576923076891
62.5,32.75,269.50874371859294,-3.6412562814070384
62.5,33.0,270.03939477303993,-3.110605226960047
62.5,33.25,270.4210631229236,-2.7289368770763645
62.5,33.5,270.39740157480315,-2.7525984251968225
62.5,33.75,271.0239502762431,-2.1260497237568643
62.5,34.0,271.17543091655267,-1.9745690834473066
62.5,34.25,271.28816455696204,-1.8618354430379327
62.5,34.5,271.0115008431703,-2.1384991568296527
62.5,34.75,271.05966494845364,-2.090335051546333
62.5,35.0,271.5624909310762,-1.5875090689237936
62.5,35.25,271.65295735900963,-1.497042640990344
62.5,35.5,271.31010600706713,-1.8398939929328435
62.5,35.75,271.10375161707634,-2.046248382923636
62.5,36.0,271.18568218298554,-1.9643178170144324
62.5,36.25,270.14620689655175,-3.0037931034482312
62.5,36.5,270.6953395472703,-2.4546604527296836
62.5,36.75,270.7821698113207,-2.3678301886792497
62.5,37.0,270.70459197787,-2.445408022129982
62.5,37.25,269.9998116169545,-3.1501883830454744
62.5,37.5,270.4153664921466,-2.7346335078534025
62.5,37.75,269.4196756756757,-3.730324324324272
62.5,38.0,268.5498888888889,-4.600111111111062
62.75,6.25,285.2741666666667,12.124166666666724
62.75,6.5,285.05079365079365,11.900793650793673
62.75,6.75,285.21166023166023,12.061660231660255
62.75,7.0,286.5028571428572,13.352857142857204
62.75,7.25,284.8394298245614,11.689429824561444
62.75,7.5,280.68211009174314,7.532110091743164
62.75,7.75,278.405019206146,5.255019206146017
62.75,8.0,278.6009114583333,5.450911458333337
62.75,8.25,278.08854139290406,4.938541392904085
62.75,8.5,278.21930107526885,5.069301075268868
62.75,8.75,275.5591402714932,2.409140271493243
62.75,9.0,273.2054505005562,0.05545050055621914
62.75,9.25,273.00166666666667,-0.1483333333333121
62.75,9.5,273.7360888888889,0.5860888888889235
62.75,9.75,274.25098434004474,1.1009843400447608
62.75,10.0,276.55826473859844,3.4082647385984615
62.75,10.25,274.8753111111111,1.7253111111111252
62.75,10.5,274.57706666666667,1.4270666666666898
62.75,10.75,273.9199777777778,0.7699777777777967
62.75,11.0,273.8978888888889,0.7478888888888946
62.75,11.25,275.0655111111111,1.9155111111111296
62.75,11.5,274.1177777777778,0.967777777777826
62.75,11.75,273.7145111111111,0.5645111111111305
62.75,12.0,273.4207777777778,0.2707777777778233
62.75,12.25,272.9348,-0.21519999999998163
62.75,12.5,273.22777777777776,0.07777777777778283
62.75,12.75,273.21484444444445,0.0648444444444749
62.75,13.0,274.0936888888889,0.9436888888889143
62.75,13.25,274.66144444444444,1.5114444444444644
62.75,13.5,274.7403790412486,1.5903790412486387
62.75,13.75,275.42569343065696,2.275693430656986
62.75,14.0,276.5301678657074,3.380167865707449
62.75,14.25,276.25758513931885,3.1075851393188714
62.75,14.5,274.2394923857868,1.089492385786798
62.75,15.0,272.47185185185185,-0.6781481481481251
62.75,15.25,272.7017,-0.4482999999999606
62.75,15.5,271.318064516129,-1.83193548387095
62.75,15.75,271.2736170212766,-1.8763829787233703
62.75,16.0,270.44416666666666,-2.7058333333333167
62.75,16.25,271.75538461538457,-1.3946153846154061
62.75,16.5,272.71850746268655,-0.4314925373134315
62.75,16.75,274.15076555023927,1.0007655502392936
62.75,17.0,275.0542198100407,1.904219810040729
62.75,17.25,275.86636363636364,2.716363636363667
62.75,17.5,276.5567201834863,3.4067201834863
62.75,17.75,277.14015748031494,3.990157480314963
62.75,18.0,277.42669158878505,4.27669158878507
62.75,18.25,277.0445569620253,3.8945569620253195
62.75,18.5,277.27384615384614,4.123846153846159
62.75,21.0,276.4052459016394,3.255245901639398
62.75,21.25,276.97243107769424,3.8224310776942616
62.75,21.5,277.459,4.309000000000026
62.75,21.75,277.3464222222222,4.196422222222225
62.75,22.0,277.1363844393593,3.9863844393593126
62.75,22.25,277.29002242152467,4.140022421524691
62.75,22.5,277.6624444444445,4.5124444444444975
62.75,22.75,278.0033632286995,4.85336322869955
62.75,23.0,277.96630167597766,4.816301675977684
62.75,23.25,277.56329199549043,4.413291995490454
62.75,23.5,277.00587030716724,3.8558703071672653
62.75,23.75,276.88074576271185,3.7307457627118765
62.75,24.0,275.74623556581986,2.5962355658198817
62.75,24.25,274.5187338501292,1.3687338501292174
62.75,24.5,274.6595783926219,1.5095783926219042
62.75,24.75,274.3756239316239,1.225623931623943
62.75,25.0,273.79533568904594,0.6453356890459645
62.75,25.25,274.84482398956976,1.6948239895697839
62.75,25.5,273.1554671280277,0.005467128027703438
62.75,25.75,274.25533519553073,1.1053351955307562
62.75,26.0,274.025980861244,0.8759808612440452
62.75,26.25,273.7049818181818,0.5549818181818296
62.75,26.5,272.8719047619048,-0.2780952380952044
62.75,26.75,273.289224137931,0.1392241379310235
62.75,27.0,271.41391752577323,-1.7360824742267482
62.75,27.25,271.71818181818185,-1.4318181818181301
62.75,27.5,272.45644012944985,-0.693559870550132
62.75,27.75,272.0477192982456,-1.1022807017543528
62.75,28.0,271.98014598540146,-1.1698540145985135
62.75,28.25,269.94150943396227,-3.2084905660377103
62.75,28.5,270.1651851851852,-2.984814814814797
62.75,28.75,269.62310344827586,-3.5268965517241213
62.75,29.0,269.93853658536585,-3.2114634146341245
62.75,29.25,268.71311475409834,-4.436885245901635
62.75,29.5,269.3383561643836,-3.811643835616394
62.75,29.75,270.3504051172708,-2.7995948827291954
62.75,30.0,270.4318309859155,-2.7181690140844808
62.75,30.25,270.777696969697,-2.3723030303029873
62.75,30.5,269.3388636363636,-3.811136363636365
62.75,30.75,269.1490974729242,-4.000902527075766
62.75,31.0,269.6420051413882,-3.5079948586117666
62.75,31.25,269.8072398190045,-3.3427601809954695
62.75,31.5,269.345,-3.80499999999995
62.75,31.75,269.0576033057851,-4.0923966942148695
62.75,32.0,269.13982558139537,-4.010174418604606
62.75,32.25,268.66434285714286,-4.4856571428571215
62.75,32.5,268.6377777777778,-4.512222222222192
62.75,32.75,268.41769736842105,-4.732302631578932
62.75,33.0,269.0808536585366,-4.069146341463352
62.75,33.25,269.35095607235144,-3.7990439276485404
62.75,33.5,269.0516129032258,-4.098387096774161
62.75,33.75,269.74884718498663,-3.401152815013347
62.75,34.0,269.90488222698076,-3.245117773019217
62.75,34.25,270.2096470588236,-2.9403529411764
62.75,34.5,271.12803738317757,-2.0219626168224067
62.75,34.75,270.79802259887003,-2.3519774011299432
62.75,35.0,270.4888888888889,-2.661111111111097
62.75,35.25,269.6906705539359,-3.459329446064089
62.75,35.5,270.6173281452659,-2.532671854734076
62.75,35.75,270.8813975903614,-2.268602409638561
62.75,36.0,270.5707506053269,-2.57924939467307
62.75,36.25,270.94120728929386,-2.2087927107061205
62.75,36.5,270.87064444444445,-2.279355555555526
62.75,36.75,270.9014269788183,-2.2485730211816986
62.75,37.0,270.83496871088863,-2.315031289111346
62.75,37.25,270.7156304619226,-2.4343695380773624
62.75,37.5,270.3477419354839,-2.8022580645160815
62.75,37.75,270.25903141361255,-2.89096858638743
62.75,38.0,269.63855345911946,-3.511446540880513
63.0,7.0,286.1936283185841,13.043628318584126
63.0,7.25,285.4826757369614,12.332675736961448
63.0,7.5,285.03754068716097,11.887540687160993
63.0,7.75,284.15504215851604,11.005042158516062
63.0,8.0,282.7671813285458,9.617181328545826
63.0,8.25,282.7163082437276,9.566308243727633
63.0,8.5,280.25666666666666,7.106666666666683
63.0,8.75,278.12870641169854,4.9787064116985675
63.0,9.0,275.3954875283447,2.245487528344711
63.0,9.25,275.530748603352,2.3807486033520036
63.0,9.5,275.4823516237402,2.3323516237402373
63.0,9.75,277.3054947613504,4.15549476135044
63.0,10.0,276.3734,3.2234000000000265
63.0,10.25,278.3038009049774,5.153800904977402
63.0,10.5,276.2183856502242,3.0683856502242293
63.0,10.75,275.259593220339,2.109593220339036
63.0,11.0,275.5766222222222,2.4266222222222495
63.0,11.25,275.492,2.3420000000000414
63.0,11.5,274.7052666666667,1.5552666666667392
63.0,11.75,274.34051111111114,1.1905111111111637
63.0,12.0,273.01484444444446,-0.13515555555551373
63.0,12.25,272.97724444444447,-0.17275555555551136
63.0,12.5,272.9605777777778,-0.18942222222216287
63.0,12.75,273.0082,-0.14179999999998927
63.0,13.0,273.64748888888886,0.4974888888888813
63.0,13.25,273.4622444444445,0.3122444444445023
63.0,13.5,273.3572888888889,0.20728888888891106
63.0,13.75,273.19151856018,0.04151856018000899
63.0,14.0,274.82707913669066,1.6770791366906792
63.0,14.25,276.344329004329,3.1943290043290062
63.0,14.5,274.0032432432433,0.8532432432432984
63.0,15.25,270.22,-2.92999999999995
63.0,15.5,271.538,-1.6119999999999663
63.0,15.75,271.0466666666667,-2.103333333333296
63.0,16.0,270.928,-2.22199999999998
63.0,16.25,272.93028248587575,-0.2197175141242269
63.0,16.5,272.95447963800905,-0.19552036199092981
63.0,16.75,274.0828647214854,0.93286472148543
63.0,17.0,275.78050704225353,2.630507042253555
63.0,17.25,275.8461904761905,2.696190476190509
63.0,17.5,276.4183352601156,3.2683352601156344
63.0,17.75,277.6670704573548,4.517070457354805
63.0,18.0,276.4320459770115,3.282045977011535
63.0,18.25,276.9898393077874,3.839839307787429
63.0,18.5,276.90590643274857,3.7559064327485885
63.0,18.75,276.2361904761905,3.0861904761904952
63.0,21.25,274.94666666666666,1.796666666666681
63.0,21.5,276.22020202020207,3.070202020202089
63.0,21.75,277.1249886621315,3.9749886621315227
63.0,22.0,277.31697777777777,4.166977777777788
63.0,22.25,277.2808888888889,4.130888888888933
63.0,22.5,277.71496659242763,4.564966592427652
63.0,22.75,277.98184444444445,4.831844444444471
63.0,23.0,277.6359465478842,4.485946547884225
63.0,23.25,277.6819555555556,4.531955555555612
63.0,23.5,277.3422799097066,4.192279909706599
63.0,23.75,276.5136384439359,3.3636384439359404
63.0,24.0,275.3707793923382,2.2207793923382155
63.0,24.25,275.70092233009706,2.5509223300970802
63.0,24.5,275.20967430639325,2.0596743063932763
63.0,24.75,274.54579634464756,1.3957963446475787
63.0,25.0,274.6091539528433,1.4591539528433373
63.0,25.25,274.1045874125874,0.9545874125874434
63.0,25.5,274.1727386541471,1.0227386541471333
63.0,25.75,274.7070170827858,1.5570170827858192
63.0,26.0,273.3589308176101,0.2089308176101099
63.0,26.25,272.86257053291536,-0.28742946708462114
63.0,26.5,273.42590361445787,0.2759036144578886
63.0,26.75,273.09585,-0.054149999999992815
63.0,27.0,272.57787375415285,-0.5721262458471301
63.0,27.25,272.86080568720377,-0.2891943127962122
63.0,27.5,272.67601895734595,-0.4739810426540316
63.0,27.75,272.34584615384614,-0.804153846153838
63.0,28.0,270.8666666666667,-2.283333333333303
63.0,28.25,271.96848,-1.1815199999999777
63.0,28.5,269.98047904191617,-3.169520958083808
63.0,28.75,268.0068085106383,-5.143191489361698
63.0,29.0,268.5316349809886,-4.618365019011378
63.0,29.25,268.0571287128713,-5.092871287128673
63.0,29.5,269.17491803278693,-3.9750819672130433
63.0,29.75,269.0671604938272,-4.082839506172775
63.0,30.0,269.34208333333333,-3.8079166666666424
63.0,30.25,269.12923076923073,-4.020769230769247
63.0,30.5,265.9,-7.25
63.0,30.75,267.68731707317073,-5.462682926829245
63.0,31.0,267.0339393939394,-6.116060606060557
63.0,31.25,267.43615384615384,-5.713846153846134
63.0,31.5,268.0208,-5.129199999999969
63.0,31.75,269.0240883977901,-4.1259116022098965
63.0,32.0,268.5281818181818,-4.621818181818185
63.0,32.25,268.0569911504425,-5.093008849557464
63.0,32.5,267.99137724550894,-5.158622754491034
63.0,32.75,268.05325301204823,-5.096746987951747
63.0,33.0,268.61089285714286,-4.5391071428571195
63.0,33.25,268.95382278481014,-4.196177215189834
63.0,33.5,269.25838235294117,-3.8916176470588084
63.0,33.75,269.31964365256124,-3.8303563474387374
63.0,34.0,269.9177358490566,-3.232264150943365
63.0,34.25,269.7367391304348,-3.4132608695651925
63.0,34.5,269.722,-3.4279999999999973
63.0,34.75,269.7752919708029,-3.374708029197052
63.0,35.0,269.51934664246824,-3.6306533575317417
63.0,35.25,269.1587984496124,-3.9912015503875864
63.0,35.5,269.137310252996,-4.0126897470040035
63.0,35.75,269.497030162413,-3.6529698375869657
63.0,36.0,269.80462569832406,-3.3453743016759176
63.0,36.25,269.9917555555556,-3.1582444444443922
63.0,36.5,269.85082222222223,-3.299177777777743
63.0,36.75,269.8132,-3.3367999999999824
63.0,37.0,270.1074888888889,-3.0425111111110823
63.0,37.25,270.1156792873051,-3.034320712694864
63.0,37.5,270.1983820224719,-2.9516179775280875
63.0,37.75,270.8231812865497,-2.3268187134502796
63.0,38.0,271.28685990338164,-1.8631400966183378
63.25,7.75,284.76758620689657,11.61758620689659
63.25,8.0,285.89130434782606,12.741304347826087
63.25,8.25,283.9752303523035,10.82523035230355
63.25,8.5,283.85489075630255,10.704890756302575
63.25,8.75,280.781075794621,7.63107579462104
63.25,9.0,281.40219277108434,8.252192771084367
63.25,9.25,277.8230964467005,4.6730964467005265
63.25,9.5,277.1854260089686,4.035426008968614
63.25,9.75,279.615198019802,6.465198019802017
63.25,10.0,279.565306122449,6.41530612244901
63.25,10.25,282.5774178403756,9.427417840375597
63.25,10.5,278.89421768707484,5.744217687074865
63.25,10.75,277.22427745664737,4.074277456647394
63.25,11.0,278.1920819112628,5.042081911262812
63.25,11.25,276.4754260089686,3.325426008968634
63.25,11.5,274.5672222222222,1.4172222222222217
63.25,11.75,274.90891111111114,1.7589111111111606
63.25,12.0,274.5811777777778,1.4311777777778047
63.25,12.25,274.10962222222224,0.959622222222265
63.25,12.5,274.4977333333334,1.3477333333333945
63.25,12.75,274.6882,1.5382000000000176
63.25,13.0,274.51017777777776,1.3601777777777784
63.25,13.25,274.99176470588236,1.8417647058823832
63.25,13.5,275.27407407407406,2.1240740740740875
63.25,13.75,276.48482932996205,3.3348293299620764
63.25,14.0,276.8832544378698,3.733254437869846
63.25,14.25,274.02362264150946,0.8736226415094848
63.25,15.25,271.92,-1.2299999999999613
63.25,15.5,272.822,-0.32799999999997453
63.25,15.75,272.57454545454544,-0.5754545454545337
63.25,16.0,271.63,-1.5199999999999818
63.25,16.5,271.1775510204082,-1.9724489795917748
63.25,16.75,275.2669083969466,2.1169083969465987
63.25,17.0,277.4862870159454,4.336287015945402
63.25,17.25,277.4704017857143,4.320401785714296
63.25,17.5,276.77796875,3.6279687500000364
63.25,17.75,276.1963184079602,3.0463184079602
63.25,18.0,275.5194694348328,2.3694694348328085
63.25,18.25,276.21758420441347,3.0675842044134924
63.25,18.5,277.3290588235294,4.179058823529431
63.25,18.75,277.93663778162914,4.786637781629167
63.25,19.0,277.1666797642436,4.016679764243634
63.25,19.25,277.87800000000004,4.7280000000000655
63.25,21.0,274.65500000000003,1.5050000000000523
63.25,21.25,275.17385620915036,2.023856209150381
63.25,21.5,275.2687159533074,2.118715953307401
63.25,21.75,275.6233047210301,2.473304721030104
63.25,22.0,275.5534328358209,2.4034328358209223
63.25,22.25,276.29790625,3.1479062500000055
63.25,22.5,276.8372808988764,3.687280898876395
63.25,22.75,277.3998,4.24980000000005
63.25,23.0,277.344855233853,4.194855233853048
63.25,23.25,277.28271412680755,4.132714126807571
63.25,23.5,276.8640356744705,3.7140356744704945
63.25,23.75,275.3698742857143,2.2198742857142975
63.25,24.0,275.88713947990544,2.7371394799054656
63.25,24.25,276.4411525423729,3.291152542372913
63.25,24.5,275.53955659276545,2.389556592765473
63.25,24.75,274.1208376963351,0.9708376963351384
63.25,25.0,274.98566233766235,1.8356623376623702
63.25,25.25,274.27583783783786,1.125837837837878
63.25,25.5,274.29802898550724,1.148028985507267
63.25,25.75,273.1603636363636,0.010363636363649675
63.25,26.0,272.6801408450704,-0.46985915492956565
63.25,26.25,273.04584821428574,-0.10415178571423667
63.25,26.5,272.6832669322709,-0.46673306772908063
63.25,26.75,273.05761996161226,-0.09238003838771647
63.25,27.0,272.4690256410256,-0.6809743589743675
63.25,27.25,272.77354691075516,-0.37645308924481924
63.25,27.5,272.63347457627117,-0.5165254237288082
63.25,27.75,270.26375,-2.8862499999999613
63.25,28.0,270.48279569892475,-2.6672043010752304
63.25,28.25,269.2920689655173,-3.8579310344827036
63.25,28.5,267.9968,-5.15319999999997
63.25,28.75,267.3184375,-5.831562499999961
63.25,29.0,268.6363218390805,-4.513678160919483
63.25,29.25,269.27350746268655,-3.8764925373134247
63.25,29.5,269.5211764705882,-3.6288235294117612
63.25,29.75,268.18559440559443,-4.964405594405548
63.25,30.0,268.82671232876714,-4.323287671232833
63.25,30.25,269.07674556213016,-4.073254437869821
63.25,30.5,268.2255927051672,-4.924407294832804
63.25,30.75,268.82349112426033,-4.326508875739648
63.25,31.0,268.00505376344086,-5.144946236559122
63.25,31.25,267.8013793103448,-5.348620689655149
63.25,31.5,267.3351020408163,-5.814897959183668
63.25,31.75,267.20978723404255,-5.940212765957426
63.25,32.0,267.18507772020723,-5.964922279792745
63.25,32.25,267.5486451612903,-5.6013548387096534
63.25,32.5,266.54015625,-6.609843749999982
63.25,32.75,267.1758115183246,-5.974188481675355
63.25,33.0,266.37899543378995,-6.771004566210024
63.25,33.25,266.8637179487179,-6.286282051282058
63.25,33.5,267.76626086956526,-5.383739130434719
63.25,33.75,269.1529064039409,-3.9970935960590737
63.25,34.0,268.3717164179104,-4.778283582089557
63.25,34.25,267.0831724137931,-6.066827586206898
63.25,34.5,266.3038028169014,-6.846197183098582
63.25,34.75,268.7249438202247,-4.425056179775254
63.25,35.0,268.28206572769955,-4.867934272300431
63.25,35.25,268.7594117647059,-4.3905882352941035
63.25,35.5,268.8867049808429,-4.263295019157056
63.25,35.75,269.28153846153845,-3.8684615384615313
63.25,36.0,269.0992165898617,-4.050783410138251
63.25,36.25,268.8429854096521,-4.307014590347876
63.25,36.5,268.6082554161916,-4.541744583808395
63.25,36.75,269.2072605790646,-3.942739420935368
63.25,37.0,269.22124444444444,-3.92875555555554
63.25,37.25,269.10418079096047,-4.045819209039507
63.25,37.5,269.6372602739726,-3.512739726027405
63.25,37.75,270.1196942675159,-3.0303057324840665
63.25,38.0,270.88425263157893,-2.265747368421046
63.5,7.75,285.1776470588235,12.027647058823504
63.5,8.0,286.6315511551155,13.48155115511554
63.5,8.25,285.1798684210527,12.029868421052697
63.5,8.5,286.57426987060995,13.424269870609976
63.5,8.75,286.3083188405797,13.158318840579739
63.5,9.0,285.1730769230769,12.023076923076928
63.5,9.25,283.44676122931446,10.296761229314484
63.5,9.5,282.4148872180451,9.264887218045146
63.5,9.75,281.6287533156499,8.478753315649897
63.5,10.0,283.61224719101125,10.462247191011272
63.5,10.25,280.60007843137254,7.45007843137256
63.5,10.5,283.1167785234899,9.96677852348995
63.5,10.75,283.37846501128666,10.228465011286687
63.5,11.0,282.4283451536643,9.278345153664304
63.5,11.25,279.37005611672276,6.2200561167227875
63.5,11.5,276.35444196428574,3.2044419642857633
63.5,11.75,275.10018475750576,1.950184757505781
63.5,12.0,273.85544444444446,0.7054444444444812
63.5,12.25,273.79555555555555,0.6455555555555748
63.5,12.5,274.31135555555556,1.1613555555555877
63.5,12.75,274.44702222222224,1.2970222222222674
63.5,13.0,274.1005333333333,0.9505333333333397
63.5,13.25,274.37225446428573,1.2222544642857542
63.5,13.5,273.7724444444445,0.6224444444445112
63.5,13.75,274.3132786885246,1.1632786885245991
63.5,16.0,269.86,-3.2899999999999636
63.5,16.25,270.2038709677419,-2.9461290322580567
63.5,16.5,272.49443902439026,-0.6555609756097169
63.5,16.75,274.224578313253,1.0745783132530278
63.5,17.0,275.8069809203143,2.656980920314311
63.5,17.25,275.16316883116883,2.013168831168855
63.5,17.5,274.761511627907,1.6115116279070207
63.5,17.75,275.4495790671217,2.2995790671217264
63.5,18.0,276.00979865771814,2.8597986577181587
63.5,18.25,276.23842873176204,3.0884287317620647
63.5,18.5,275.8874455899198,2.7374455899198438
63.5,18.75,275.43791715976334,2.287917159763367
63.5,19.0,275.7978027465668,2.6478027465668106
63.5,19.25,276.7015863141524,3.5515863141524164
63.5,19.5,277.286129753915,4.136129753915043
63.5,19.75,277.29689411764707,4.1468941176470935
63.5,20.0,276.9577777777778,3.807777777777801
63.5,21.0,276.06,2.910000000000025
63.5,21.25,274.8,1.650000000000034
63.5,21.75,273.3,0.1500000000000341
63.5,22.0,274.3411111111111,1.1911111111111268
63.5,22.25,274.9686692015209,1.8186692015209474
63.5,22.5,275.52508843537413,2.3750884353741526
63.5,22.75,276.28406666666666,3.1340666666666834
63.5,23.0,276.38193333333334,3.231933333333359
63.5,23.25,276.51162374020157,3.361623740201594
63.5,23.5,276.32136054421767,3.1713605442176913
63.5,23.75,276.31860674157303,3.1686067415730577
63.5,24.0,276.56446927374304,3.414469273743066
63.5,24.25,276.3820945945946,3.232094594594628
63.5,24.5,275.5791111111111,2.4291111111111263
63.5,24.75,273.9596245306633,0.8096245306633136
63.5,25.0,274.8126797385621,1.662679738562133
63.5,25.25,274.6182303370786,1.4682303370786371
63.5,25.5,274.55576323987543,1.405763239875455
63.5,25.75,273.20503937007874,0.055039370078759475
63.5,26.0,272.7424949698189,-0.40750503018108475
63.5,26.25,272.6082389937107,-0.5417610062892777
63.5,26.5,273.0288268156425,-0.12117318435747393
63.5,26.75,273.15566137566134,0.00566137566136149
63.5,27.0,271.6902857142857,-1.4597142857142558
63.5,27.25,271.8594615384616,-1.2905384615384037
63.5,27.5,270.25945454545456,-2.8905454545454177
63.5,27.75,269.6351515151515,-3.5148484848484713
63.5,28.0,269.15200000000004,-3.9979999999999336
63.5,28.25,267.5256179775281,-5.6243820224718775
63.5,28.5,266.8513043478261,-6.298695652173876
63.5,28.75,267.9362962962963,-5.213703703703686
63.5,29.0,269.87951219512195,-3.27048780487803
63.5,29.25,267.8688888888889,-5.281111111111102
63.5,29.5,268.37811158798286,-4.77188841201712
63.5,29.75,269.0288444444444,-4.121155555555561
63.5,30.0,269.18875,-3.96124999999995
63.5,30.25,268.5805813953488,-4.569418604651162
63.5,30.5,268.86700636942675,-4.28299363057323
63.5,30.75,266.32473214285716,-6.825267857142819
63.5,31.0,267.66617021276596,-5.483829787234015
63.5,31.25,269.0577777777778,-4.092222222222176
63.5,31.5,267.1974107142857,-5.952589285714282
63.5,31.75,267.0826976744186,-6.067302325581352
63.5,32.0,267.05872463768117,-6.091275362318811
63.5,32.25,267.9569230769231,-5.193076923076887
63.5,32.5,268.01174825174826,-5.138251748251719
63.5,32.75,267.4481656804734,-5.701834319526597
63.5,33.0,267.3272727272727,-5.822727272727263
63.5,33.25,267.8103703703704,-5.339629629629599
63.5,33.5,268.3979464285714,-4.752053571428576
63.5,33.75,269.35630208333333,-3.7936979166666447
63.5,34.0,268.4626158038147,-4.687384196185292
63.5,34.25,269.0797883597884,-4.070211640211596
63.5,34.5,269.20192468619246,-3.9480753138075215
63.5,34.75,270.32668229777255,-2.8233177022274276
63.5,35.0,270.19615384615383,-2.9538461538461434
63.5,35.25,268.9664210526316,-4.183578947368403
63.5,35.5,268.0409651474531,-5.10903485254687
63.5,35.75,267.9725729442971,-5.1774270557028785
63.5,36.0,267.922511627907,-5.227488372092978
63.5,36.25,267.8360661764706,-5.313933823529396
63.5,36.5,268.03554878048783,-5.114451219512148
63.5,36.75,268.42121212121214,-4.728787878787841
63.5,37.0,268.6810050251256,-4.468994974874363
63.5,37.25,269.75391608391607,-3.39608391608391
63.5,37.5,270.19885057471265,-2.9511494252873263
63.5,37.75,270.8003428571428,-2.349657142857154
63.5,38.0,271.2732075471698,-1.8767924528301592
63.75,8.25,284.3289655172414,11.178965517241409
63.75,8.5,285.04155688622757,11.89155688622759
63.75,8.75,285.3858256880734,12.235825688073419
63.75,9.0,285.5901724137931,12.440172413793107
63.75,9.25,284.8946153846154,11.744615384615429
63.75,9.5,284.86348387096774,11.713483870967764
63.75,9.75,285.75194444444446,12.601944444444484
63.75,10.0,283.95859042553195,10.808590425531975
63.75,10.25,281.0787207872079,7.928720787207908
63.75,10.5,277.4869575200919,4.336957520091914
63.75,10.75,278.14661157024796,4.996611570247978
63.75,11.0,280.9703904923599,7.820390492359934
63.75,11.25,282.8214122137405,9.671412213740496
63.75,11.5,280.8935391923991,7.743539192399112
63.75,11.75,277.8905788876277,4.740578887627748
63.75,12.0,275.44081081081083,2.2908108108108536
63.75,12.25,274.33262222222226,1.1826222222222782
63.75,12.5,273.77015555555556,0.6201555555555842
63.75,12.75,273.1502222222222,0.00022222222224854704
63.75,13.0,273.9693555555556,0.8193555555556031
63.75,13.25,273.4683291139241,0.3183291139241078
63.75,13.5,273.0274556213018,-0.12254437869819412
63.75,14.25,270.14,-3.009999999999991
63.75,14.5,272.38,-0.7699999999999818
63.75,14.75,272.359375,-0.7906249999999773
63.75,15.25,272.1369230769231,-1.0130769230768806
63.75,16.25,271.7760396039604,-1.3739603960395925
63.75,16.5,271.82331313131317,-1.3266868686868065
63.75,16.75,272.7316814159292,-0.41831858407078926
63.75,17.0,273.5739130434783,0.4239130434783078
63.75,17.25,274.4697362110312,1.319736211031227
63.75,17.5,272.9301269035533,-0.2198730964466904
63.75,17.75,272.9065944272446,-0.24340557275536412
63.75,18.0,272.52567026194146,-0.6243297380585204
63.75,18.25,273.6306090373281,0.4806090373281222
63.75,18.5,274.927251995439,1.7772519954390305
63.75,18.75,274.84219598583235,1.6921959858323703
63.75,19.0,275.06489226869456,1.9148922686945866
63.75,19.25,275.2951841359773,2.145184135977331
63.75,19.5,275.59307593307597,2.4430759330759884
63.75,19.75,275.4798830409357,2.3298830409357265
63.75,20.0,276.22355555555555,3.073555555555572
63.75,20.25,277.6079882525698,4.457988252569805
63.75,20.5,276.37846547314575,3.228465473145775
63.75,20.75,275.94122448979596,2.7912244897959795
63.75,21.0,275.16177215189873,2.0117721518987537
63.75,22.5,274.4410101010101,1.2910101010101016
63.75,22.75,274.89180428134557,1.741804281345594
63.75,23.0,274.86040455120104,1.7104045512010657
63.75,23.25,275.4637087599545,2.3137087599545225
63.75,23.5,275.7292567567568,2.57925675675682
63.75,23.75,276.55832589285717,3.4083258928571922
63.75,24.0,276.4787777777778,3.328777777777816
63.75,24.25,276.3537639198218,3.2037639198218244
63.75,24.5,275.8052396878484,2.65523968784845
63.75,24.75,275.562662116041,2.4126621160410195
63.75,25.0,274.9871616766467,1.8371616766467014
63.75,25.25,275.2233656174334,2.07336561743341
63.75,25.5,274.57211881188124,1.422118811881262
63.75,25.75,273.9828720626632,0.8328720626632276
63.75,26.0,273.2891103202847,0.13911032028471482
63.75,26.25,272.5424126984127,-0.607587301587273
63.75,26.5,273.3159119496855,0.165911949685551
63.75,26.75,271.4431884057971,-1.7068115942028612
63.75,27.0,271.0101529051988,-2.139847094801155
63.75,27.25,271.06415492957746,-2.085845070422522
63.75,27.5,270.28625,-2.863749999999982
63.75,27.75,268.7773451327434,-4.3726548672565855
63.75,28.0,268.4959183673469,-4.65408163265306
63.75,28.25,266.3501818181818,-6.799818181818182
63.75,28.5,267.7242657342657,-5.425734265734263
63.75,28.75,269.1803626943005,-3.9696373056994503
63.75,29.0,268.8945142857143,-4.255485714285669
63.75,29.25,268.7280733944954,-4.421926605504552
63.75,29.5,268.60392694063927,-4.546073059360708
63.75,29.75,269.46062500000005,-3.6893749999999272
63.75,30.0,269.3468796992481,-3.803120300751857
63.75,30.25,268.6836666666667,-4.466333333333296
63.75,30.5,268.5370114942529,-4.612988505747069
63.75,30.75,267.66417040358743,-5.485829596412543
63.75,31.0,268.3960479041916,-4.7539520958083585
63.75,31.25,266.32056,-6.829439999999977
63.75,31.5,265.8060410557185,-7.343958944281496
63.75,31.75,266.13092936802974,-7.019070631970237
63.75,32.0,266.73091743119267,-6.419082568807312
63.75,32.25,267.137095709571,-6.012904290428992
63.75,32.5,267.08455357142856,-6.06544642857142
63.75,32.75,268.19861842105263,-4.951381578947348
63.75,33.0,268.6294,-4.520600000000002
63.75,33.25,270.2809498680739,-2.8690501319260875
63.75,33.5,269.11320079522864,-4.0367992047713415
63.75,33.75,268.728201058201,-4.421798941798954
63.75,34.0,268.9271124620061,-4.22288753799387
63.75,34.25,267.73035714285714,-5.419642857142833
63.75,34.5,268.46252525252527,-4.68747474747471
63.75,34.75,268.71319402985074,-4.436805970149237
63.75,35.0,267.56748387096775,-5.5825161290322285
63.75,35.25,267.73938775510203,-5.410612244897948
63.75,35.5,268.1562732919255,-4.993726708074462
63.75,35.75,268.05333333333334,-5.096666666666636
63.75,36.0,267.88369230769234,-5.266307692307635
63.75,36.25,266.663947368421,-6.486052631578957
63.75,36.5,268.83483870967746,-4.315161290322521
63.75,36.75,269.86593750000003,-3.2840624999999477
63.75,37.0,270.9636697247706,-2.186330275229352
63.75,37.25,270.17267716535434,-2.9773228346456335
63.75,37.5,270.9177142857143,-2.2322857142856947
63.75,37.75,271.1505732484076,-1.9994267515923525
63.75,38.0,270.82299319727895,-2.32700680272103
64.0,9.0,281.5175,8.367500000000007
64.0,9.25,281.6566666666667,8.506666666666717
64.0,9.75,282.7109090909091,9.56090909090915
64.0,10.0,284.03985915492956,10.889859154929582
64.0,10.25,283.0885255474453,9.938525547445295
64.0,10.5,279.6901891891892,6.5401891891892205
64.0,10.75,276.2598967741936,3.1098967741936008
64.0,11.0,276.4506711409396,3.3006711409396416
64.0,11.25,281.24712087912087,8.097120879120894
64.0,11.5,282.4678260869565,9.31782608695653
64.0,11.75,278.7817027027027,5.631702702702739
64.0,12.0,275.81882506527415,2.668825065274177
64.0,12.25,274.0806153846154,0.9306153846154075
64.0,12.5,273.22069230769233,0.07069230769235446
64.0,12.75,273.3127692307692,0.16276923076924277
64.0,13.0,273.0748717948718,-0.07512820512818053
64.0,13.25,271.89447368421054,-1.2555263157894387
64.0,13.5,270.89980079681277,-2.250199203187208
64.0,13.75,271.96181818181816,-1.1881818181818176
64.0,15.25,273.6786666666667,0.5286666666667088
64.0,15.5,271.5704651162791,-1.5795348837208962
64.0,15.75,270.43,-2.7199999999999704
64.0,16.0,270.4811111111111,-2.668888888888887
64.0,16.25,272.62451063829786,-0.5254893617021139
64.0,16.5,273.11645161290323,-0.03354838709674368
64.0,16.75,271.7996595744681,-1.350340425531897
64.0,17.0,271.5793800539083,-1.5706199460916537
64.0,17.25,273.5514962962963,0.40149629629632955
64.0,17.5,273.33568567026197,0.18568567026198934
64.0,17.75,272.5245945945946,-0.6254054054053881
64.0,18.0,272.024962962963,-1.125037037036975
64.0,18.25,273.5512428298279,0.401242829827936
64.0,18.5,273.63968695652176,0.48968695652177985
64.0,18.75,272.72593984962407,-0.42406015037590805
64.0,19.0,274.1113009708738,0.9613009708738218
64.0,19.25,274.8183109919571,1.668310991957128
64.0,19.5,275.35068181818184,2.200681818181863
64.0,19.75,275.56986301369864,2.4198630136986594
64.0,20.0,274.52594666666664,1.375946666666664
64.0,20.25,274.89843081312415,1.7484308131241733
64.0,20.5,275.90210666666667,2.752106666666691
64.0,20.75,276.2649554896143,3.1149554896143172
64.0,21.0,276.36892307692307,3.2189230769230903
64.0,22.75,273.16999999999996,0.01999999999998181
64.0,23.0,273.01272727272726,-0.1372727272727161
64.0,23.25,273.9023157894737,0.7523157894736983
64.0,23.5,274.5464259927798,1.3964259927798253
64.0,23.75,275.4283183568678,2.2783183568678282
64.0,24.0,276.05748717948717,2.907487179487191
64.0,24.25,276.25228205128207,3.1022820512820886
64.0,24.5,276.45448717948716,3.3044871794871824
64.0,24.75,276.20533333333333,3.055333333333351
64.0,25.0,275.60474114441416,2.454741144414186
64.0,25.25,274.9463670411985,1.7963670411985504
64.0,25.5,275.43210332103325,2.2821033210332757
64.0,25.75,275.198330170778,2.0483301707780015
64.0,26.0,274.23479115479114,1.0847911547911622
64.0,26.25,272.4844351464435,-0.6655648535564751
64.0,26.5,270.252268907563,-2.8977310924369704
64.0,26.75,268.6911428571429,-4.4588571428570845
64.0,27.0,270.759693877551,-2.390306122448976
64.0,27.25,270.9063473053892,-2.2436526946107733
64.0,27.5,270.7208888888889,-2.4291111111110695
64.0,27.75,268.1771428571429,-4.9728571428570945
64.0,28.0,266.0488888888889,-7.101111111111095
64.0,28.5,267.03000000000003,-6.119999999999948
64.0,28.75,268.43516483516487,-4.714835164835108
64.0,29.0,267.89985507246377,-5.250144927536212
64.0,29.25,267.6153246753247,-5.534675324675277
64.0,29.5,268.3918644067797,-4.758135593220288
64.0,29.75,267.53662337662337,-5.61337662337661
64.0,30.0,268.9515815085158,-4.198418491484176
64.0,30.25,267.99669724770644,-5.153302752293541
64.0,30.5,267.2551097178684,-5.894890282131598
64.0,30.75,268.2113861386139,-4.938613861386102
64.0,31.0,267.90418300653596,-5.245816993464018
64.0,31.25,268.29484536082475,-4.855154639175225
64.0,31.5,266.7572515856237,-6.392748414376285
64.0,31.75,266.79415204678367,-6.355847953216312
64.0,32.0,268.97565022421526,-4.174349775784719
64.0,32.25,266.92831615120275,-6.221683848797227
64.0,32.5,266.48527272727273,-6.664727272727248
64.0,32.75,268.8612466124661,-4.288753387533859
64.0,33.0,268.233014354067,-4.916985645932982
64.0,33.25,266.38028776978416,-6.769712230215816
64.0,33.5,268.68702222222225,-4.4629777777777235
64.0,33.75,268.6300636942675,-4.519936305732472
64.0,34.0,266.8922077922078,-6.257792207792193
64.0,34.25,265.05313131313136,-8.096868686868618
64.0,34.5,263.95684848484854,-9.193151515151442
64.0,34.75,263.42720496894407,-9.72279503105591
64.0,35.0,259.94311111111114,-13.206888888888841
64.0,35.25,259.81965517241383,-13.330344827586146
64.0,35.5,260.4357142857143,-12.714285714285666
64.0,35.75,264.17026548672567,-8.979734513274309
64.0,36.0,259.55833333333334,-13.59166666666664
64.0,36.5,265.17764705882354,-7.972352941176439
64.0,36.75,271.52882352941174,-1.6211764705882388
64.0,37.0,273.4493023255814,0.29930232558143643
64.0,37.25,272.94666666666666,-0.20333333333331893
64.0,37.75,268.5922727272727,-4.557727272727277
64.0,38.0,271.74333333333334,-1.4066666666666379
