latitude,longitude,pass_type,brightness_temp_37v
35.25,-13.0,descending,215.76999
35.25,-12.75,descending,213.77
35.25,-12.5,descending,212.28667
35.25,-12.25,descending,212.065
35.25,-12.0,descending,212.20499
35.25,-11.75,descending,212.135
35.25,-11.5,descending,211.81
35.25,-11.25,descending,211.34799
35.25,-11.0,descending,211.0875
35.25,-10.75,descending,211.25166
35.25,-10.5,descending,211.76833
35.25,-10.25,descending,212.23888
35.25,-10.0,descending,212.35664
35.25,-3.25,descending,243.51999
35.25,-3.0,descending,243.60713
35.25,-2.75,descending,241.40166
35.25,-2.5,descending,238.6675
35.25,-2.25,descending,237.61499
35.25,-2.0,descending,238.054
35.25,-1.75,descending,244.99333
35.25,-1.5,descending,253.215
35.25,-1.25,descending,263.05
35.25,-1.0,descending,269.49332
35.25,-0.75,descending,272.12997
35.25,-0.5,descending,273.5225
35.25,-0.25,descending,274.41498
35.25,0.0,descending,274.48666
35.25,0.25,descending,274.21335
35.25,0.5,descending,273.22
35.25,0.75,descending,272.26
35.25,1.0,descending,271.48
35.25,1.25,descending,270.47
35.25,1.5,descending,269.49
35.25,1.75,descending,269.22333
35.25,2.0,descending,269.56998
35.25,2.25,descending,270.29333
35.25,2.5,descending,271.2
35.25,2.75,descending,271.49332
35.25,3.0,descending,271.35666
35.25,3.25,descending,270.58002
35.25,3.5,descending,268.28998
35.25,3.75,descending,268.39502
35.25,4.0,descending,268.75333
35.25,4.25,descending,268.75
35.25,4.5,descending,267.82333
35.25,4.75,descending,266.72998
35.25,5.0,descending,267.76334
35.25,5.25,descending,268.91498
35.25,5.5,descending,268.35
35.25,5.75,descending,267.745
35.25,6.0,descending,267.97998
35.25,6.25,descending,267.505
35.25,6.5,descending,268.03333
35.25,6.75,descending,267.815
35.25,7.0,descending,266.1
35.25,7.25,descending,265.41998
35.25,7.5,descending,265.67
35.25,7.75,descending,265.70502
35.25,8.0,descending,266.24667
35.25,8.25,descending,267.185
35.25,8.5,descending,268.18997
35.25,8.75,descending,269.04
35.25,9.0,descending,269.875
35.25,9.25,descending,270.87332
35.25,9.5,descending,271.445
35.25,9.75,descending,271.47
35.25,10.0,descending,271.57666
35.25,10.25,descending,270.29498
35.25,10.5,descending,266.28333
35.25,10.75,descending,253.525
35.25,11.0,descending,234.10333
35.25,11.25,descending,216.28333
35.25,11.5,descending,211.15666
35.25,11.75,descending,210.37
35.25,12.0,descending,210.06999
35.25,12.25,descending,209.83249
35.25,12.5,descending,209.63332
35.25,12.75,descending,209.2625
35.25,13.0,descending,208.77249
35.25,13.25,descending,208.45499
35.25,13.5,descending,208.50601
35.25,13.75,descending,208.96599
35.25,14.0,descending,209.38167
35.25,14.25,descending,209.63832
35.25,14.5,descending,209.778
35.25,14.75,descending,209.70999
35.25,35.5,descending,214.4775
35.25,35.75,descending,222.64998
35.25,36.0,descending,235.23999
35.25,36.25,descending,250.196
35.25,36.5,descending,261.108
35.25,36.75,descending,265.09998
35.25,37.0,descending,265.4375
35.25,37.25,descending,264.93332
35.25,37.5,descending,264.505
35.25,37.75,descending,263.735
35.25,38.0,descending,263.41
35.5,-13.0,descending,214.4475
35.5,-12.75,descending,213.08112
35.5,-12.5,descending,211.98726
35.5,-12.25,descending,211.83818
35.5,-12.0,descending,211.97455
35.5,-11.75,descending,211.92499
35.5,-11.5,descending,211.63916
35.5,-11.25,descending,211.33922
35.5,-11.0,descending,211.24571
35.5,-10.75,descending,211.48277
35.5,-10.5,descending,211.92947
35.5,-10.25,descending,212.3219
35.5,-10.0,descending,212.57051
35.5,-3.25,descending,233.40625
35.5,-3.0,descending,231.47841
35.5,-2.75,descending,229.71999
35.5,-2.5,descending,228.8157
35.5,-2.25,descending,227.91428
35.5,-2.0,descending,227.4425
35.5,-1.75,descending,230.46416
35.5,-1.5,descending,236.89908
35.5,-1.25,descending,249.595
35.5,-1.0,descending,260.87546
35.5,-0.75,descending,268.18222
35.5,-0.5,descending,271.201
35.5,-0.25,descending,273.4989
35.5,0.0,descending,274.392
35.5,0.25,descending,274.40778
35.5,0.5,descending,273.80554
35.5,0.75,descending,273.18427
35.5,1.0,descending,272.63443
35.5,1.25,descending,271.88998
35.5,1.5,descending,270.61624
35.5,1.75,descending,269.86142
35.5,2.0,descending,269.9757
35.5,2.25,descending,270.4957
35.5,2.5,descending,271.255
35.5,2.75,descending,271.86856
35.5,3.0,descending,272.19
35.5,3.25,descending,271.54248
35.5,3.5,descending,269.91714
35.5,3.75,descending,268.99286
35.5,4.0,descending,269.49167
35.5,4.25,descending,269.43777
35.5,4.5,descending,268.01715
35.5,4.75,descending,266.445
35.5,5.0,descending,266.89572
35.5,5.25,descending,268.3657
35.5,5.5,descending,267.92572
35.5,5.75,descending,267.05
35.5,6.0,descending,267.19998
35.5,6.25,descending,266.88666
35.5,6.5,descending,266.69284
35.5,6.75,descending,266.53
35.5,7.0,descending,264.83572
35.5,7.25,descending,264.91833
35.5,7.5,descending,265.758
35.5,7.75,descending,265.85873
35.5,8.0,descending,266.61874
35.5,8.25,descending,267.59665
35.5,8.5,descending,268.58835
35.5,8.75,descending,269.13284
35.5,9.0,descending,269.75223
35.5,9.25,descending,270.67572
35.5,9.5,descending,271.1925
35.5,9.75,descending,271.1725
35.5,10.0,descending,270.80624
35.5,10.25,descending,268.39874
35.5,10.5,descending,265.55624
35.5,10.75,descending,255.72333
35.5,11.0,descending,230.41399
35.5,11.25,descending,214.24889
35.5,11.5,descending,210.94
35.5,11.75,descending,210.31444
35.5,12.0,descending,209.98799
35.5,12.25,descending,209.82635
35.5,12.5,descending,209.679
35.5,12.75,descending,209.21332
35.5,13.0,descending,208.79546
35.5,13.25,descending,208.61499
35.5,13.5,descending,208.82785
35.5,13.75,descending,209.35214
35.5,14.0,descending,209.84438
35.5,14.25,descending,210.28316
35.5,14.5,descending,210.63615
35.5,14.75,descending,210.384
35.5,35.5,descending,216.67632
35.5,35.75,descending,224.97125
35.5,36.0,descending,237.52187
35.5,36.25,descending,251.80856
35.5,36.5,descending,260.88583
35.5,36.75,descending,264.82333
35.5,37.0,descending,265.61365
35.5,37.25,descending,265.38272
35.5,37.5,descending,265.23
35.5,37.75,descending,265.034
35.5,38.0,descending,264.7
35.75,-13.0,descending,213.43399
35.75,-12.75,descending,212.60875
35.75,-12.5,descending,211.775
35.75,-12.25,descending,211.597
35.75,-12.0,descending,211.69165
35.75,-11.75,descending,211.6309
35.75,-11.5,descending,211.47545
35.75,-11.25,descending,211.4177
35.75,-11.0,descending,211.4977
35.75,-10.75,descending,211.68071
35.75,-10.5,descending,212.03313
35.75,-10.25,descending,212.472
35.75,-10.0,descending,212.80153
35.75,-9.75,descending,213.055
35.75,-3.25,descending,224.25601
35.75,-3.0,descending,222.38809
35.75,-2.75,descending,221.28941
35.75,-2.5,descending,220.65933
35.75,-2.25,descending,220.16692
35.75,-2.0,descending,220.87453
35.75,-1.75,descending,222.63818
35.75,-1.5,descending,225.1509
35.75,-1.25,descending,230.73499
35.75,-1.0,descending,242.13098
35.75,-0.75,descending,252.80444
35.75,-0.5,descending,260.32556
35.75,-0.25,descending,265.46777
35.75,0.0,descending,269.84442
35.75,0.25,descending,273.6857
35.75,0.5,descending,274.3
35.75,0.75,descending,274.03998
35.75,1.0,descending,273.8643
35.75,1.25,descending,273.54855
35.75,1.5,descending,272.75375
35.75,1.75,descending,271.895
35.75,2.0,descending,271.02374
35.75,2.25,descending,271.055
35.75,2.5,descending,271.40714
35.75,2.75,descending,271.7775
35.75,3.0,descending,272.025
35.75,3.25,descending,272.07144
35.75,3.5,descending,271.10428
35.75,3.75,descending,270.1357
35.75,4.0,descending,270.1014
35.75,4.25,descending,269.93167
35.75,4.5,descending,268.68283
35.75,4.75,descending,266.83
35.75,5.0,descending,266.64713
35.75,5.25,descending,267.48666
35.75,5.5,descending,266.91998
35.75,5.75,descending,266.305
35.75,6.0,descending,266.80374
35.75,6.25,descending,266.5057
35.75,6.5,descending,265.66202
35.75,6.75,descending,264.5425
35.75,7.0,descending,263.28375
35.75,7.25,descending,264.57428
35.75,7.5,descending,266.16284
35.75,7.75,descending,266.636
35.75,8.0,descending,267.318
35.75,8.25,descending,268.20334
35.75,8.5,descending,268.78888
35.75,8.75,descending,269.03287
35.75,9.0,descending,269.2775
35.75,9.25,descending,270.055
35.75,9.5,descending,270.74124
35.75,9.75,descending,270.73
35.75,10.0,descending,269.8175
35.75,10.25,descending,266.12286
35.75,10.5,descending,260.285
35.75,10.75,descending,245.14749
35.75,11.0,descending,223.87125
35.75,11.25,descending,213.38374
35.75,11.5,descending,210.93
35.75,11.75,descending,210.24889
35.75,12.0,descending,209.918
35.75,12.25,descending,209.80333
35.75,12.5,descending,209.62363
35.75,12.75,descending,209.25546
35.75,13.0,descending,209.01271
35.75,13.25,descending,209.02
35.75,13.5,descending,209.37917
35.75,13.75,descending,209.90213
35.75,14.0,descending,211.20927
35.75,14.25,descending,213.12175
35.75,14.5,descending,213.15999
35.75,14.75,descending,211.544
35.75,35.5,descending,218.73999
35.75,35.75,descending,227.27333
35.75,36.0,descending,240.91266
35.75,36.25,descending,254.27922
35.75,36.5,descending,262.2723
35.75,36.75,descending,265.0625
35.75,37.0,descending,265.37634
35.75,37.25,descending,264.93597
35.75,37.5,descending,264.6991
35.75,37.75,descending,264.6175
35.75,38.0,descending,264.40665
36.0,-13.0,descending,213.37
36.0,-12.75,descending,212.552
36.0,-12.5,descending,211.66199
36.0,-12.25,descending,211.499
36.0,-12.0,descending,211.5611
36.0,-11.75,descending,211.48111
36.0,-11.5,descending,211.41908
36.0,-11.25,descending,211.52
36.0,-11.0,descending,211.646
36.0,-10.75,descending,211.82153
36.0,-10.5,descending,212.18443
36.0,-10.25,descending,212.702
36.0,-10.0,descending,213.0748
36.0,-9.75,descending,213.32077
36.0,-3.25,descending,221.20999
36.0,-3.0,descending,220.505
36.0,-2.75,descending,219.96562
36.0,-2.5,descending,218.616
36.0,-2.25,descending,217.42923
36.0,-2.0,descending,217.54845
36.0,-1.75,descending,218.7275
36.0,-1.5,descending,220.06728
36.0,-1.25,descending,222.17
36.0,-1.0,descending,225.698
36.0,-0.75,descending,233.1
36.0,-0.5,descending,238.33798
36.0,-0.25,descending,246.055
36.0,0.0,descending,253.57874
36.0,0.25,descending,264.70334
36.0,0.5,descending,271.41443
36.0,0.75,descending,273.8025
36.0,1.0,descending,274.205
36.0,1.25,descending,274.20334
36.0,1.5,descending,274.16125
36.0,1.75,descending,273.65833
36.0,2.0,descending,273.1143
36.0,2.25,descending,272.2914
36.0,2.5,descending,271.98712
36.0,2.75,descending,271.82123
36.0,3.0,descending,271.3643
36.0,3.25,descending,271.35623
36.0,3.5,descending,271.07855
36.0,3.75,descending,270.67285
36.0,4.0,descending,270.63
36.0,4.25,descending,270.29572
36.0,4.5,descending,269.41873
36.0,4.75,descending,267.73166
36.0,5.0,descending,266.92123
36.0,5.25,descending,266.87857
36.0,5.5,descending,266.20285
36.0,5.75,descending,265.8557
36.0,6.0,descending,266.64664
36.0,6.25,descending,266.85858
36.0,6.5,descending,265.74667
36.0,6.75,descending,264.934
36.0,7.0,descending,264.23874
36.0,7.25,descending,265.3257
36.0,7.5,descending,266.74445
36.0,7.75,descending,267.23
36.0,8.0,descending,268.02625
36.0,8.25,descending,268.72284
36.0,8.5,descending,269.18375
36.0,8.75,descending,269.11713
36.0,9.0,descending,269.29126
36.0,9.25,descending,269.88998
36.0,9.5,descending,270.53
36.0,9.75,descending,270.7125
36.0,10.0,descending,269.345
36.0,10.25,descending,263.25714
36.0,10.5,descending,249.60625
36.0,10.75,descending,229.38666
36.0,11.0,descending,216.60625
36.0,11.25,descending,211.88777
36.0,11.5,descending,210.625
36.0,11.75,descending,210.09332
36.0,12.0,descending,209.85222
36.0,12.25,descending,209.69699
36.0,12.5,descending,209.59776
36.0,12.75,descending,209.4909
36.0,13.0,descending,209.36333
36.0,13.25,descending,209.45636
36.0,13.5,descending,209.7325
36.0,13.75,descending,210.58531
36.0,14.0,descending,213.41866
36.0,14.25,descending,215.57469
36.0,14.5,descending,213.6265
36.0,14.75,descending,211.69038
36.0,15.0,descending,211.42363
36.0,35.5,descending,218.385
36.0,35.75,descending,225.38353
36.0,36.0,descending,238.29062
36.0,36.25,descending,252.96571
36.0,36.5,descending,262.27844
36.0,36.75,descending,265.44666
36.0,37.0,descending,265.28082
36.0,37.25,descending,264.143
36.0,37.5,descending,262.752
36.0,37.75,descending,261.73297
36.0,38.0,descending,261.18832
36.25,-13.0,descending,213.46999
36.25,-12.75,descending,212.55556
36.25,-12.5,descending,211.66222
36.25,-12.25,descending,211.486
36.25,-12.0,descending,211.52455
36.25,-11.75,descending,211.40181
36.25,-11.5,descending,211.40999
36.25,-11.25,descending,211.60417
36.25,-11.0,descending,211.79083
36.25,-10.75,descending,212.06334
36.25,-10.5,descending,212.4375
36.25,-10.25,descending,212.89062
36.25,-10.0,descending,213.29381
36.25,-9.75,descending,213.5178
36.25,-3.0,descending,219.41666
36.25,-2.75,descending,219.02437
36.25,-2.5,descending,218.35599
36.25,-2.25,descending,216.93857
36.25,-2.0,descending,215.58229
36.25,-1.75,descending,215.55817
36.25,-1.5,descending,215.93166
36.25,-1.25,descending,217.181
36.25,-1.0,descending,218.28778
36.25,-0.75,descending,220.779
36.25,-0.5,descending,223.55667
36.25,-0.25,descending,226.91
36.25,0.0,descending,231.57555
36.25,0.25,descending,240.81625
36.25,0.5,descending,253.685
36.25,0.75,descending,265.54123
36.25,1.0,descending,269.99625
36.25,1.25,descending,271.6443
36.25,1.5,descending,272.71124
36.25,1.75,descending,273.31445
36.25,2.0,descending,273.39142
36.25,2.25,descending,272.79874
36.25,2.5,descending,272.58667
36.25,2.75,descending,272.38666
36.25,3.0,descending,271.75998
36.25,3.25,descending,271.40857
36.25,3.5,descending,271.20712
36.25,3.75,descending,270.92874
36.25,4.0,descending,271.09
36.25,4.25,descending,271.2143
36.25,4.5,descending,270.88168
36.25,4.75,descending,269.215
36.25,5.0,descending,267.28333
36.25,5.25,descending,266.52664
36.25,5.5,descending,266.24713
36.25,5.75,descending,266.3514
36.25,6.0,descending,266.95712
36.25,6.25,descending,267.266
36.25,6.5,descending,267.03748
36.25,6.75,descending,266.47998
36.25,7.0,descending,266.68
36.25,7.25,descending,267.17285
36.25,7.5,descending,267.68
36.25,7.75,descending,267.96143
36.25,8.0,descending,268.68375
36.25,8.25,descending,269.35715
36.25,8.5,descending,269.75125
36.25,8.75,descending,269.57855
36.25,9.0,descending,269.65125
36.25,9.25,descending,270.07285
36.25,9.5,descending,270.75375
36.25,9.75,descending,271.16287
36.25,10.0,descending,269.6475
36.25,10.25,descending,261.31143
36.25,10.5,descending,240.59665
36.25,10.75,descending,222.41714
36.25,11.0,descending,214.42874
36.25,11.25,descending,211.3925
36.25,11.5,descending,210.31
36.25,11.75,descending,209.97
36.25,12.0,descending,209.83444
36.25,12.25,descending,209.70667
36.25,12.5,descending,209.70636
36.25,12.75,descending,209.6875
36.25,13.0,descending,209.624
36.25,13.25,descending,209.726
36.25,13.5,descending,210.02
36.25,13.75,descending,211.10918
36.25,14.0,descending,213.05501
36.25,14.25,descending,213.28072
36.25,14.5,descending,212.01389
36.25,14.75,descending,211.85849
36.25,15.0,descending,212.0877
36.25,35.5,descending,221.33899
36.25,35.75,descending,226.56058
36.25,36.0,descending,237.82875
36.25,36.25,descending,251.65785
36.25,36.5,descending,261.43692
36.25,36.75,descending,265.4091
36.25,37.0,descending,265.70364
36.25,37.25,descending,264.9927
36.25,37.5,descending,263.722
36.25,37.75,descending,262.11398
36.25,38.0,descending,260.524
36.5,-13.0,descending,213.34799
36.5,-12.75,descending,212.51776
36.5,-12.5,descending,211.72
36.5,-12.25,descending,211.50665
36.5,-12.0,descending,211.43301
36.5,-11.75,descending,211.29399
36.5,-11.5,descending,211.40083
36.5,-11.25,descending,211.69582
36.5,-11.0,descending,211.99083
36.5,-10.75,descending,212.31084
36.5,-10.5,descending,212.60646
36.5,-10.25,descending,212.95125
36.5,-10.0,descending,213.24095
36.5,-9.75,descending,213.2152
36.5,-9.5,descending,212.93555
36.5,-3.0,descending,220.76334
36.5,-2.75,descending,219.79
36.5,-2.5,descending,219.14937
36.5,-2.25,descending,218.51785
36.5,-2.0,descending,217.02693
36.5,-1.75,descending,215.34749
36.5,-1.5,descending,214.5309
36.5,-1.25,descending,214.44545
36.5,-1.0,descending,214.929
36.5,-0.75,descending,215.57777
36.5,-0.5,descending,216.972
36.5,-0.25,descending,218.25899
36.5,0.0,descending,219.554
36.5,0.25,descending,222.54
36.5,0.5,descending,229.62125
36.5,0.75,descending,241.35222
36.5,1.0,descending,251.5025
36.5,1.25,descending,258.40625
36.5,1.5,descending,261.12
36.5,1.75,descending,262.78333
36.5,2.0,descending,265.05
36.5,2.25,descending,266.40332
36.5,2.5,descending,266.12833
36.5,2.75,descending,268.65332
36.5,3.0,descending,269.94427
36.5,3.25,descending,270.02
36.5,3.5,descending,270.75125
36.5,3.75,descending,270.60666
36.5,4.0,descending,270.9057
36.5,4.25,descending,270.94666
36.5,4.5,descending,270.92142
36.5,4.75,descending,268.98856
36.5,5.0,descending,265.2675
36.5,5.25,descending,262.81284
36.5,5.5,descending,263.50714
36.5,5.75,descending,265.71
36.5,6.0,descending,266.89856
36.5,6.25,descending,267.615
36.5,6.5,descending,267.55667
36.5,6.75,descending,267.4114
36.5,7.0,descending,267.6325
36.5,7.25,descending,267.972
36.5,7.5,descending,267.37714
36.5,7.75,descending,267.445
36.5,8.0,descending,267.69998
36.5,8.25,descending,268.925
36.5,8.5,descending,268.88715
36.5,8.75,descending,269.06876
36.5,9.0,descending,269.26855
36.5,9.25,descending,269.78287
36.5,9.5,descending,270.555
36.5,9.75,descending,270.93
36.5,10.0,descending,269.65125
36.5,10.25,descending,260.4875
36.5,10.5,descending,243.45334
36.5,10.75,descending,228.60428
36.5,11.0,descending,217.23
36.5,11.25,descending,211.89125
36.5,11.5,descending,210.30667
36.5,11.75,descending,210.18889
36.5,12.0,descending,210.29
36.5,12.25,descending,209.97554
36.5,12.5,descending,209.87888
36.5,12.75,descending,209.81273
36.5,13.0,descending,209.80182
36.5,13.25,descending,209.89362
36.5,13.5,descending,210.165
36.5,13.75,descending,210.82832
36.5,14.0,descending,211.58286
36.5,14.25,descending,212.24066
36.5,14.5,descending,214.05722
36.5,14.75,descending,216.38899
36.5,15.0,descending,216.0757
36.5,15.25,descending,215.2475
36.5,35.5,descending,225.45
36.5,35.75,descending,227.957
36.5,36.0,descending,236.22412
36.5,36.25,descending,249.29132
36.5,36.5,descending,260.79614
36.5,36.75,descending,265.26614
36.5,37.0,descending,265.8525
36.5,37.25,descending,265.2682
36.5,37.5,descending,264.87454
36.5,37.75,descending,264.33667
36.5,38.0,descending,263.23666
36.75,-13.0,descending,213.16249
36.75,-12.75,descending,212.57375
36.75,-12.5,descending,211.814
36.75,-12.25,descending,211.51
36.75,-12.0,descending,211.36273
36.75,-11.75,descending,211.31332
36.75,-11.5,descending,211.51111
36.75,-11.25,descending,211.849
36.75,-11.0,descending,212.21582
36.75,-10.75,descending,212.46307
36.75,-10.5,descending,212.66922
36.75,-10.25,descending,212.91133
36.75,-10.0,descending,212.94
36.75,-9.75,descending,212.68904
36.75,-9.5,descending,212.4857
36.75,-3.0,descending,234.42154
36.75,-2.75,descending,234.48177
36.75,-2.5,descending,232.40532
36.75,-2.25,descending,229.49384
36.75,-2.0,descending,226.00768
36.75,-1.75,descending,221.04333
36.75,-1.5,descending,217.36499
36.75,-1.25,descending,215.33301
36.75,-1.0,descending,214.38637
36.75,-0.75,descending,214.19624
36.75,-0.5,descending,214.523
36.75,-0.25,descending,215.42
36.75,0.0,descending,216.75624
36.75,0.25,descending,218.06125
36.75,0.5,descending,219.94333
36.75,0.75,descending,221.58142
36.75,1.0,descending,226.55222
36.75,1.25,descending,231.5325
36.75,1.5,descending,238.04428
36.75,1.75,descending,240.39778
36.75,2.0,descending,241.83286
36.75,2.25,descending,244.06331
36.75,2.5,descending,248.41249
36.75,2.75,descending,249.54428
36.75,3.0,descending,256.66855
36.75,3.25,descending,259.14334
36.75,3.5,descending,260.735
36.75,3.75,descending,264.9057
36.75,4.0,descending,265.49
36.75,4.25,descending,265.04855
36.75,4.5,descending,263.66125
36.75,4.75,descending,263.465
36.75,5.0,descending,254.94571
36.75,5.25,descending,249.38284
36.75,5.5,descending,251.10832
36.75,5.75,descending,256.75
36.75,6.0,descending,261.93713
36.75,6.25,descending,263.85284
36.75,6.5,descending,265.60284
36.75,6.75,descending,262.94
36.75,7.0,descending,263.58856
36.75,7.25,descending,264.19998
36.75,7.5,descending,263.52164
36.75,7.75,descending,260.758
36.75,8.0,descending,260.86832
36.75,8.25,descending,260.94855
36.75,8.5,descending,261.98373
36.75,8.75,descending,265.40802
36.75,9.0,descending,267.65665
36.75,9.25,descending,268.35715
36.75,9.5,descending,269.22998
36.75,9.75,descending,269.09833
36.75,10.0,descending,266.3625
36.75,10.25,descending,256.00125
36.75,10.5,descending,245.54285
36.75,10.75,descending,235.96858
36.75,11.0,descending,223.07375
36.75,11.25,descending,213.15999
36.75,11.5,descending,210.5875
36.75,11.75,descending,210.935
36.75,12.0,descending,211.12222
36.75,12.25,descending,210.34999
36.75,12.5,descending,209.97299
36.75,12.75,descending,209.88889
36.75,13.0,descending,209.93799
36.75,13.25,descending,210.11499
36.75,13.5,descending,210.67749
36.75,13.75,descending,211.46362
36.75,14.0,descending,213.48749
36.75,14.25,descending,218.94286
36.75,14.5,descending,227.925
36.75,14.75,descending,232.52823
36.75,15.0,descending,228.37045
36.75,15.25,descending,220.91295
36.75,35.5,descending,234.1
36.75,35.75,descending,238.46158
36.75,36.0,descending,237.6147
36.75,36.25,descending,244.60928
36.75,36.5,descending,255.74715
36.75,36.75,descending,263.29272
36.75,37.0,descending,265.43634
36.75,37.25,descending,265.31198
36.75,37.5,descending,264.732
36.75,37.75,descending,264.294
36.75,38.0,descending,263.90665
37.0,-13.0,descending,212.81334
37.0,-12.75,descending,212.39333
37.0,-12.5,descending,211.755
37.0,-12.25,descending,211.504
37.0,-12.0,descending,211.44875
37.0,-11.75,descending,211.5291
37.0,-11.5,descending,211.6918
37.0,-11.25,descending,211.985
37.0,-11.0,descending,212.23915
37.0,-10.75,descending,212.38307
37.0,-10.5,descending,212.57715
37.0,-10.25,descending,212.78714
37.0,-10.0,descending,212.71841
37.0,-9.75,descending,212.424
37.0,-9.5,descending,212.38077
37.0,-9.25,descending,212.528
37.0,-3.0,descending,256.37555
37.0,-2.75,descending,257.77527
37.0,-2.5,descending,257.49374
37.0,-2.25,descending,253.336
37.0,-2.0,descending,245.51
37.0,-1.75,descending,233.69
37.0,-1.5,descending,223.4909
37.0,-1.25,descending,217.96182
37.0,-1.0,descending,215.61636
37.0,-0.75,descending,214.48799
37.0,-0.5,descending,214.37445
37.0,-0.25,descending,214.76
37.0,0.0,descending,215.806
37.0,0.25,descending,217.39221
37.0,0.5,descending,218.754
37.0,0.75,descending,219.09125
37.0,1.0,descending,218.6375
37.0,1.25,descending,218.81375
37.0,1.5,descending,219.63124
37.0,1.75,descending,221.03142
37.0,2.0,descending,223.37143
37.0,2.25,descending,222.81831
37.0,2.5,descending,224.73143
37.0,2.75,descending,228.78833
37.0,3.0,descending,232.26375
37.0,3.25,descending,237.63124
37.0,3.5,descending,240.47856
37.0,3.75,descending,244.56285
37.0,4.0,descending,248.32373
37.0,4.25,descending,247.60333
37.0,4.5,descending,245.91333
37.0,4.75,descending,245.77875
37.0,5.0,descending,236.67
37.0,5.25,descending,233.06
37.0,5.5,descending,230.37625
37.0,5.75,descending,238.13857
37.0,6.0,descending,243.525
37.0,6.25,descending,251.85832
37.0,6.5,descending,252.5275
37.0,6.75,descending,252.02832
37.0,7.0,descending,248.80428
37.0,7.25,descending,249.77571
37.0,7.5,descending,251.25749
37.0,7.75,descending,245.96143
37.0,8.0,descending,246.31429
37.0,8.25,descending,244.56198
37.0,8.5,descending,248.49199
37.0,8.75,descending,254.16284
37.0,9.0,descending,260.7575
37.0,9.25,descending,263.03854
37.0,9.5,descending,264.455
37.0,9.75,descending,263.0975
37.0,10.0,descending,256.41855
37.0,10.25,descending,242.33624
37.0,10.5,descending,237.37776
37.0,10.75,descending,232.8625
37.0,11.0,descending,223.85374
37.0,11.25,descending,213.49445
37.0,11.5,descending,210.68875
37.0,11.75,descending,211.23888
37.0,12.0,descending,211.17111
37.0,12.25,descending,210.36334
37.0,12.5,descending,210.05222
37.0,12.75,descending,210.09727
37.0,13.0,descending,210.42444
37.0,13.25,descending,211.6711
37.0,13.5,descending,215.15636
37.0,13.75,descending,218.19
37.0,14.0,descending,226.14583
37.0,14.25,descending,238.46933
37.0,14.5,descending,251.22374
37.0,14.75,descending,251.21443
37.0,15.0,descending,239.21094
37.0,15.25,descending,224.4574
37.0,15.5,descending,218.605
37.0,35.75,descending,255.87389
37.0,36.0,descending,255.0589
37.0,36.25,descending,255.08734
37.0,36.5,descending,257.6807
37.0,36.75,descending,261.93582
37.0,37.0,descending,264.25082
37.0,37.25,descending,264.37833
37.0,37.5,descending,263.8727
37.0,37.75,descending,263.528
37.0,38.0,descending,263.38666
37.25,-13.0,descending,211.96667
37.25,-12.75,descending,211.66124
37.25,-12.5,descending,211.42221
37.25,-12.25,descending,211.45444
37.25,-12.0,descending,211.54399
37.25,-11.75,descending,211.67375
37.25,-11.5,descending,211.81999
37.25,-11.25,descending,211.98907
37.25,-11.0,descending,212.10909
37.25,-10.75,descending,212.19908
37.25,-10.5,descending,212.39357
37.25,-10.25,descending,212.54417
37.25,-10.0,descending,212.46999
37.25,-9.75,descending,212.36765
37.25,-9.5,descending,212.47087
37.25,-9.25,descending,213.19066
37.25,-3.0,descending,263.36798
37.25,-2.75,descending,265.30386
37.25,-2.5,descending,267.06686
37.25,-2.25,descending,266.57333
37.25,-2.0,descending,261.0525
37.25,-1.75,descending,248.24333
37.25,-1.5,descending,231.11182
37.25,-1.25,descending,220.43817
37.25,-1.0,descending,216.23222
37.25,-0.75,descending,215.04599
37.25,-0.5,descending,214.73665
37.25,-0.25,descending,214.9
37.25,0.0,descending,215.3211
37.25,0.25,descending,216.08249
37.25,0.5,descending,217.49857
37.25,0.75,descending,218.51874
37.25,1.0,descending,218.39777
37.25,1.25,descending,217.87285
37.25,1.5,descending,217.41714
37.25,1.75,descending,216.87999
37.25,2.0,descending,216.13374
37.25,2.25,descending,215.58374
37.25,2.5,descending,215.53
37.25,2.75,descending,215.95
37.25,3.0,descending,218.10143
37.25,3.25,descending,219.73833
37.25,3.5,descending,223.07713
37.25,3.75,descending,224.01572
37.25,4.0,descending,228.10428
37.25,4.25,descending,227.87572
37.25,4.5,descending,228.19142
37.25,4.75,descending,224.62166
37.25,5.0,descending,223.45667
37.25,5.25,descending,218.34125
37.25,5.5,descending,217.75832
37.25,5.75,descending,219.63857
37.25,6.0,descending,226.14833
37.25,6.25,descending,231.43166
37.25,6.5,descending,233.24333
37.25,6.75,descending,232.56714
37.25,7.0,descending,230.02856
37.25,7.25,descending,232.60834
37.25,7.5,descending,230.16124
37.25,7.75,descending,228.20285
37.25,8.0,descending,225.52249
37.25,8.25,descending,228.85428
37.25,8.5,descending,229.48624
37.25,8.75,descending,236.71428
37.25,9.0,descending,242.94125
37.25,9.25,descending,250.3957
37.25,9.5,descending,249.34874
37.25,9.75,descending,251.22166
37.25,10.0,descending,240.94124
37.25,10.25,descending,225.45427
37.25,10.5,descending,223.51143
37.25,10.75,descending,222.61665
37.25,11.0,descending,218.38124
37.25,11.25,descending,211.86499
37.25,11.5,descending,210.39777
37.25,11.75,descending,210.65125
37.25,12.0,descending,210.535
37.25,12.25,descending,210.32332
37.25,12.5,descending,210.94499
37.25,12.75,descending,212.34875
37.25,13.0,descending,215.48
37.25,13.25,descending,220.40273
37.25,13.5,descending,231.59799
37.25,13.75,descending,239.77748
37.25,14.0,descending,250.44165
37.25,14.25,descending,259.38583
37.25,14.5,descending,264.26715
37.25,14.75,descending,258.706
37.25,15.0,descending,241.315
37.25,15.25,descending,223.11182
37.25,15.5,descending,216.80153
37.25,35.75,descending,263.10666
37.25,36.0,descending,264.18445
37.25,36.25,descending,264.11642
37.25,36.5,descending,263.5677
37.25,36.75,descending,263.55075
37.25,37.0,descending,263.82748
37.25,37.25,descending,263.73102
37.25,37.5,descending,263.21
37.25,37.75,descending,262.65332
37.25,38.0,descending,262.22333
37.5,-13.0,descending,211.12666
37.5,-12.75,descending,211.01888
37.5,-12.5,descending,211.12888
37.5,-12.25,descending,211.30667
37.5,-12.0,descending,211.41699
37.5,-11.75,descending,211.57909
37.5,-11.5,descending,211.79889
37.5,-11.25,descending,211.978
37.5,-11.0,descending,212.08083
37.5,-10.75,descending,212.11415
37.5,-10.5,descending,212.15749
37.5,-10.25,descending,212.25916
37.5,-10.0,descending,212.35875
37.5,-9.75,descending,212.4675
37.5,-9.5,descending,212.7759
37.5,-9.25,descending,214.50885
37.5,-9.0,descending,218.165
37.5,-3.0,descending,266.56
37.5,-2.75,descending,267.4063
37.5,-2.5,descending,267.7388
37.5,-2.25,descending,268.24356
37.5,-2.0,descending,267.08286
37.5,-1.75,descending,261.42667
37.5,-1.5,descending,249.93182
37.5,-1.25,descending,234.84248
37.5,-1.0,descending,222.99364
37.5,-0.75,descending,218.58699
37.5,-0.5,descending,215.398
37.5,-0.25,descending,215.057
37.5,0.0,descending,215.81749
37.5,0.25,descending,216.42874
37.5,0.5,descending,216.3111
37.5,0.75,descending,216.38556
37.5,1.0,descending,216.72856
37.5,1.25,descending,217.39777
37.5,1.5,descending,218.20555
37.5,1.75,descending,217.90141
37.5,2.0,descending,216.52286
37.5,2.25,descending,215.16624
37.5,2.5,descending,213.70375
37.5,2.75,descending,213.21501
37.5,3.0,descending,213.49124
37.5,3.25,descending,214.60428
37.5,3.5,descending,215.095
37.5,3.75,descending,216.85664
37.5,4.0,descending,217.24715
37.5,4.25,descending,217.78
37.5,4.5,descending,216.64499
37.5,4.75,descending,216.60667
37.5,5.0,descending,214.99777
37.5,5.25,descending,213.432
37.5,5.5,descending,212.98999
37.5,5.75,descending,213.25166
37.5,6.0,descending,215.21715
37.5,6.25,descending,216.73125
37.5,6.5,descending,220.9
37.5,6.75,descending,218.13165
37.5,7.0,descending,218.04625
37.5,7.25,descending,219.265
37.5,7.5,descending,217.88335
37.5,7.75,descending,216.42429
37.5,8.0,descending,214.84874
37.5,8.25,descending,215.85715
37.5,8.5,descending,216.15
37.5,8.75,descending,219.92429
37.5,9.0,descending,223.97624
37.5,9.25,descending,230.18001
37.5,9.5,descending,230.4557
37.5,9.75,descending,233.51143
37.5,10.0,descending,225.00374
37.5,10.25,descending,215.76857
37.5,10.5,descending,214.41333
37.5,10.75,descending,214.29124
37.5,11.0,descending,212.8875
37.5,11.25,descending,210.51875
37.5,11.5,descending,210.03874
37.5,11.75,descending,210.16142
37.5,12.0,descending,210.228
37.5,12.25,descending,211.80666
37.5,12.5,descending,217.14
37.5,12.75,descending,222.93999
37.5,13.0,descending,231.9375
37.5,13.25,descending,242.59099
37.5,13.5,descending,251.59364
37.5,13.75,descending,258.44916
37.5,14.0,descending,263.10165
37.5,14.25,descending,265.97415
37.5,14.5,descending,265.74
37.5,14.75,descending,257.25732
37.5,15.0,descending,237.65887
37.5,15.25,descending,221.19499
37.5,15.5,descending,215.99036
37.5,35.75,descending,265.3218
37.5,36.0,descending,265.10666
37.5,36.25,descending,264.59125
37.5,36.5,descending,263.52713
37.5,36.75,descending,262.46692
37.5,37.0,descending,261.72415
37.5,37.25,descending,262.1
37.5,37.5,descending,262.75998
37.5,37.75,descending,262.61
37.5,38.0,descending,261.704
37.75,-13.0,descending,210.63
37.75,-12.75,descending,210.66624
37.75,-12.5,descending,210.97624
37.75,-12.25,descending,211.22125
37.75,-12.0,descending,211.26999
37.75,-11.75,descending,211.44875
37.75,-11.5,descending,211.7291
37.75,-11.25,descending,211.974
37.75,-11.0,descending,212.0711
37.75,-10.75,descending,212.00273
37.75,-10.5,descending,211.9975
37.75,-10.25,descending,212.21582
37.75,-10.0,descending,212.49214
37.75,-9.75,descending,212.70822
37.75,-9.5,descending,213.41049
37.75,-9.25,descending,216.59955
37.75,-9.0,descending,222.68166
37.75,-2.75,descending,268.97235
37.75,-2.5,descending,268.48883
37.75,-2.25,descending,268.25333
37.75,-2.0,descending,268.53357
37.75,-1.75,descending,268.47
37.75,-1.5,descending,265.555
37.75,-1.25,descending,259.43198
37.75,-1.0,descending,246.69362
37.75,-0.75,descending,231.0089
37.75,-0.5,descending,219.96399
37.75,-0.25,descending,215.1675
37.75,0.0,descending,215.34
37.75,0.25,descending,217.34666
37.75,0.5,descending,217.48499
37.75,0.75,descending,215.84427
37.75,1.0,descending,215.03
37.75,1.25,descending,214.90428
37.75,1.5,descending,215.53
37.75,1.75,descending,216.75888
37.75,2.0,descending,217.23625
37.75,2.25,descending,216.0
37.75,2.5,descending,214.51428
37.75,2.75,descending,213.25
37.75,3.0,descending,213.06714
37.75,3.25,descending,213.31999
37.75,3.5,descending,213.54399
37.75,3.75,descending,213.84
37.75,4.0,descending,214.31999
37.75,4.25,descending,214.1525
37.75,4.5,descending,213.83333
37.75,4.75,descending,213.71428
37.75,5.0,descending,213.50665
37.75,5.25,descending,212.97427
37.75,5.5,descending,212.58858
37.75,5.75,descending,212.33833
37.75,6.0,descending,212.37625
37.75,6.25,descending,212.7575
37.75,6.5,descending,213.7
37.75,6.75,descending,213.855
37.75,7.0,descending,213.65857
37.75,7.25,descending,213.64749
37.75,7.5,descending,213.76
37.75,7.75,descending,212.62666
37.75,8.0,descending,212.04
37.75,8.25,descending,211.90999
37.75,8.5,descending,211.88857
37.75,8.75,descending,212.84714
37.75,9.0,descending,214.005
37.75,9.25,descending,216.2957
37.75,9.5,descending,217.93857
37.75,9.75,descending,218.45999
37.75,10.0,descending,214.935
37.75,10.25,descending,211.77284
37.75,10.5,descending,211.09856
37.75,10.75,descending,210.79285
37.75,11.0,descending,210.53749
37.75,11.25,descending,209.9025
37.75,11.5,descending,209.81499
37.75,11.75,descending,209.94998
37.75,12.0,descending,210.89444
37.75,12.25,descending,216.47714
37.75,12.5,descending,230.21443
37.75,12.75,descending,241.81
37.75,13.0,descending,250.228
37.75,13.25,descending,257.91443
37.75,13.5,descending,261.50906
37.75,13.75,descending,261.42636
37.75,14.0,descending,262.48398
37.75,14.25,descending,263.2023
37.75,14.5,descending,261.9046
37.75,14.75,descending,253.155
37.75,15.0,descending,238.57625
37.75,15.25,descending,225.17332
37.75,15.5,descending,219.98083
37.75,15.75,descending,221.45
37.75,35.75,descending,263.29
37.75,36.0,descending,262.43
37.75,36.25,descending,260.792
37.75,36.5,descending,259.19534
37.75,36.75,descending,257.2475
37.75,37.0,descending,255.805
37.75,37.25,descending,255.32999
37.75,37.5,descending,256.465
37.75,37.75,descending,258.8409
37.75,38.0,descending,259.585
38.0,-13.0,descending,210.555
38.0,-12.75,descending,210.58374
38.0,-12.5,descending,211.01299
38.0,-12.25,descending,211.27249
38.0,-12.0,descending,211.27444
38.0,-11.75,descending,211.45555
38.0,-11.5,descending,211.80598
38.0,-11.25,descending,211.99399
38.0,-11.0,descending,211.9525
38.0,-10.75,descending,211.87636
38.0,-10.5,descending,212.04364
38.0,-10.25,descending,212.35214
38.0,-10.0,descending,212.56999
38.0,-9.75,descending,212.99399
38.0,-9.5,descending,214.48369
38.0,-9.25,descending,220.32239
38.0,-9.0,descending,231.63458
38.0,-8.75,descending,243.13
38.0,-2.75,descending,269.53998
38.0,-2.5,descending,269.25278
38.0,-2.25,descending,268.87213
38.0,-2.0,descending,268.9457
38.0,-1.75,descending,269.33844
38.0,-1.5,descending,269.46414
38.0,-1.25,descending,267.8008
38.0,-1.0,descending,262.621
38.0,-0.75,descending,248.16399
38.0,-0.5,descending,231.23698
38.0,-0.25,descending,217.74445
38.0,0.0,descending,214.08363
38.0,0.25,descending,215.3811
38.0,0.5,descending,217.1311
38.0,0.75,descending,216.43
38.0,1.0,descending,214.39
38.0,1.25,descending,213.33556
38.0,1.5,descending,213.28624
38.0,1.75,descending,213.61833
38.0,2.0,descending,214.79375
38.0,2.25,descending,215.03444
38.0,2.5,descending,214.2057
38.0,2.75,descending,213.4
38.0,3.0,descending,213.09
38.0,3.25,descending,213.09833
38.0,3.5,descending,213.26624
38.0,3.75,descending,213.04333
38.0,4.0,descending,213.06749
38.0,4.25,descending,213.10667
38.0,4.5,descending,213.32715
38.0,4.75,descending,213.54832
38.0,5.0,descending,213.86714
38.0,5.25,descending,213.59428
38.0,5.5,descending,213.125
38.0,5.75,descending,212.7025
38.0,6.0,descending,212.29141
38.0,6.25,descending,212.24124
38.0,6.5,descending,212.48856
38.0,6.75,descending,212.90572
38.0,7.0,descending,213.01
38.0,7.25,descending,212.57143
38.0,7.5,descending,212.09749
38.0,7.75,descending,211.77856
38.0,8.0,descending,211.62831
38.0,8.25,descending,211.298
38.0,8.5,descending,211.08142
38.0,8.75,descending,211.12285
38.0,9.0,descending,211.19429
38.0,9.25,descending,211.67833
38.0,9.5,descending,212.45332
38.0,9.75,descending,212.06857
38.0,10.0,descending,211.26999
38.0,10.25,descending,210.69429
38.0,10.5,descending,210.5375
38.0,10.75,descending,210.25856
38.0,11.0,descending,209.97874
38.0,11.25,descending,209.72556
38.0,11.5,descending,209.76625
38.0,11.75,descending,210.01624
38.0,12.0,descending,211.75749
38.0,12.25,descending,220.60112
38.0,12.5,descending,236.55667
38.0,12.75,descending,247.9278
38.0,13.0,descending,253.01888
38.0,13.25,descending,255.941
38.0,13.5,descending,251.86299
38.0,13.75,descending,249.36667
38.0,14.0,descending,249.56454
38.0,14.25,descending,250.24416
38.0,14.5,descending,250.51416
38.0,14.75,descending,247.784
38.0,15.0,descending,240.16934
38.0,15.25,descending,232.235
38.0,15.5,descending,231.82521
38.0,15.75,descending,239.105
38.0,35.75,descending,258.20502
38.0,36.0,descending,256.30103
38.0,36.25,descending,254.71687
38.0,36.5,descending,253.15285
38.0,36.75,descending,251.6369
38.0,37.0,descending,250.21666
38.0,37.25,descending,248.60167
38.0,37.5,descending,248.254
38.0,37.75,descending,249.43399
38.0,38.0,descending,251.20833
38.25,-13.0,descending,210.7175
38.25,-12.75,descending,210.68286
38.25,-12.5,descending,211.135
38.25,-12.25,descending,211.44
38.25,-12.0,descending,211.478
38.25,-11.75,descending,211.69624
38.25,-11.5,descending,211.98698
38.25,-11.25,descending,212.02556
38.25,-11.0,descending,211.90887
38.25,-10.75,descending,212.05333
38.25,-10.5,descending,212.47083
38.25,-10.25,descending,212.55833
38.25,-10.0,descending,212.67084
38.25,-9.75,descending,213.49284
38.25,-9.5,descending,216.186
38.25,-9.25,descending,224.8521
38.25,-9.0,descending,239.71498
38.25,-8.75,descending,250.52875
38.25,-2.75,descending,270.43546
38.25,-2.5,descending,270.32333
38.25,-2.25,descending,270.16266
38.25,-2.0,descending,270.14926
38.25,-1.75,descending,270.12833
38.25,-1.5,descending,270.1077
38.25,-1.25,descending,269.5822
38.25,-1.0,descending,267.33453
38.25,-0.75,descending,259.403
38.25,-0.5,descending,241.39499
38.25,-0.25,descending,223.22554
38.25,0.0,descending,214.63374
38.25,0.25,descending,212.75124
38.25,0.5,descending,213.79999
38.25,0.75,descending,214.40874
38.25,1.0,descending,213.83624
38.25,1.25,descending,212.83714
38.25,1.5,descending,212.23373
38.25,1.75,descending,212.0725
38.25,2.0,descending,212.34572
38.25,2.25,descending,212.73143
38.25,2.5,descending,212.76143
38.25,2.75,descending,212.35664
38.25,3.0,descending,212.255
38.25,3.25,descending,212.19856
38.25,3.5,descending,212.1843
38.25,3.75,descending,212.39
38.25,4.0,descending,212.21428
38.25,4.25,descending,212.53569
38.25,4.5,descending,213.0625
38.25,4.75,descending,213.68713
38.25,5.0,descending,214.08124
38.25,5.25,descending,213.918
38.25,5.5,descending,213.27571
38.25,5.75,descending,212.72333
38.25,6.0,descending,212.25334
38.25,6.25,descending,212.15498
38.25,6.5,descending,212.37834
38.25,6.75,descending,212.59332
38.25,7.0,descending,212.46999
38.25,7.25,descending,212.04999
38.25,7.5,descending,211.56999
38.25,7.75,descending,211.21999
38.25,8.0,descending,211.12
38.25,8.25,descending,210.8657
38.25,8.5,descending,210.74666
38.25,8.75,descending,210.724
38.25,9.0,descending,210.682
38.25,9.25,descending,210.64143
38.25,9.5,descending,210.6957
38.25,9.75,descending,210.59874
38.25,10.0,descending,210.50713
38.25,10.25,descending,210.48665
38.25,10.5,descending,210.4375
38.25,10.75,descending,210.23714
38.25,11.0,descending,209.9925
38.25,11.25,descending,209.8675
38.25,11.5,descending,209.91875
38.25,11.75,descending,210.24571
38.25,12.0,descending,212.00334
38.25,12.25,descending,218.97624
38.25,12.5,descending,229.05624
38.25,12.75,descending,235.23776
38.25,13.0,descending,238.54109
38.25,13.25,descending,237.19333
38.25,13.5,descending,231.97
38.25,13.75,descending,228.33545
38.25,14.0,descending,229.25728
38.25,14.25,descending,229.38832
38.25,14.5,descending,232.27501
38.25,14.75,descending,233.25667
38.25,15.0,descending,232.28932
38.25,15.25,descending,230.49933
38.25,15.5,descending,236.17368
38.25,15.75,descending,245.34608
38.25,16.0,descending,250.06142
38.25,35.75,descending,253.79999
38.25,36.0,descending,250.46399
38.25,36.25,descending,247.51764
38.25,36.5,descending,246.61867
38.25,36.75,descending,246.98077
38.25,37.0,descending,249.23584
38.25,37.25,descending,249.48999
38.25,37.5,descending,248.39088
38.25,37.75,descending,247.58699
38.25,38.0,descending,247.68166
38.5,-13.0,descending,211.05798
38.5,-12.75,descending,210.95142
38.5,-12.5,descending,211.35777
38.5,-12.25,descending,211.65111
38.5,-12.0,descending,211.75446
38.5,-11.75,descending,211.9
38.5,-11.5,descending,212.066
38.5,-11.25,descending,212.12
38.5,-11.0,descending,212.18182
38.5,-10.75,descending,212.58624
38.5,-10.5,descending,212.79099
38.5,-10.25,descending,212.70166
38.5,-10.0,descending,213.08
38.5,-9.75,descending,215.00713
38.5,-9.5,descending,222.25
38.5,-9.25,descending,236.01555
38.5,-9.0,descending,251.16824
38.5,-8.75,descending,260.91272
38.5,-2.75,descending,270.85
38.5,-2.5,descending,271.021
38.5,-2.25,descending,271.00714
38.5,-2.0,descending,270.742
38.5,-1.75,descending,270.51923
38.5,-1.5,descending,270.32748
38.5,-1.25,descending,270.12332
38.5,-1.0,descending,269.67545
38.5,-0.75,descending,267.45886
38.5,-0.5,descending,258.79364
38.5,-0.25,descending,241.52667
38.5,0.0,descending,224.20778
38.5,0.25,descending,214.84665
38.5,0.5,descending,212.57332
38.5,0.75,descending,212.39
38.5,1.0,descending,212.7625
38.5,1.25,descending,212.61429
38.5,1.5,descending,212.05249
38.5,1.75,descending,211.35625
38.5,2.0,descending,211.21715
38.5,2.25,descending,211.25499
38.5,2.5,descending,211.17874
38.5,2.75,descending,211.12875
38.5,3.0,descending,210.97374
38.5,3.25,descending,210.84142
38.5,3.5,descending,211.02832
38.5,3.75,descending,211.1225
38.5,4.0,descending,211.41167
38.5,4.25,descending,211.63284
38.5,4.5,descending,212.25166
38.5,4.75,descending,213.20143
38.5,5.0,descending,213.44331
38.5,5.25,descending,213.27249
38.5,5.5,descending,212.37857
38.5,5.75,descending,212.18999
38.5,6.0,descending,211.7275
38.5,6.25,descending,211.66428
38.5,6.5,descending,212.00125
38.5,6.75,descending,211.94832
38.5,7.0,descending,211.50856
38.5,7.25,descending,211.18857
38.5,7.5,descending,210.86665
38.5,7.75,descending,210.50427
38.5,8.0,descending,210.32375
38.5,8.25,descending,210.4257
38.5,8.5,descending,210.67285
38.5,8.75,descending,210.98715
38.5,9.0,descending,210.64499
38.5,9.25,descending,210.46571
38.5,9.5,descending,210.48749
38.5,9.75,descending,210.46428
38.5,10.0,descending,210.42375
38.5,10.25,descending,210.43571
38.5,10.5,descending,210.36714
38.5,10.75,descending,210.24284
38.5,11.0,descending,210.11499
38.5,11.25,descending,210.12875
38.5,11.5,descending,210.19429
38.5,11.75,descending,210.41444
38.5,12.0,descending,211.33125
38.5,12.25,descending,214.46375
38.5,12.5,descending,217.5
38.5,12.75,descending,220.3675
38.5,13.0,descending,221.34
38.5,13.25,descending,219.26666
38.5,13.5,descending,216.57544
38.5,13.75,descending,214.64555
38.5,14.0,descending,214.545
38.5,14.25,descending,214.78726
38.5,14.5,descending,217.23
38.5,14.75,descending,218.16667
38.5,15.0,descending,218.03416
38.5,15.25,descending,219.23705
38.5,15.5,descending,226.36948
38.5,15.75,descending,238.83524
38.5,16.0,descending,248.37349
38.5,36.0,descending,249.19176
38.5,36.25,descending,244.37936
38.5,36.5,descending,238.726
38.5,36.75,descending,237.08383
38.5,37.0,descending,240.34999
38.5,37.25,descending,246.22363
38.5,37.5,descending,249.3709
38.5,37.75,descending,250.57199
38.5,38.0,descending,251.39333
38.75,-13.0,descending,211.47
38.75,-12.75,descending,211.25427
38.75,-12.5,descending,211.50749
38.75,-12.25,descending,211.83499
38.75,-12.0,descending,211.9775
38.75,-11.75,descending,211.91779
38.75,-11.5,descending,211.96555
38.75,-11.25,descending,212.14888
38.75,-11.0,descending,212.46362
38.75,-10.75,descending,212.77998
38.75,-10.5,descending,212.74364
38.75,-10.25,descending,212.85727
38.75,-10.0,descending,213.81363
38.75,-9.75,descending,220.12265
38.75,-9.5,descending,234.81999
38.75,-9.25,descending,250.99785
38.75,-9.0,descending,262.54526
38.75,-8.75,descending,267.81128
38.75,-8.5,descending,269.35715
38.75,-2.75,descending,270.08502
38.75,-2.5,descending,270.13104
38.75,-2.25,descending,270.33438
38.75,-2.0,descending,270.18784
38.75,-1.75,descending,270.00333
38.75,-1.5,descending,269.88083
38.75,-1.25,descending,269.979
38.75,-1.0,descending,270.20728
38.75,-0.75,descending,270.05725
38.75,-0.5,descending,267.67444
38.75,-0.25,descending,259.46332
38.75,0.0,descending,243.44221
38.75,0.25,descending,225.40778
38.75,0.5,descending,215.69376
38.75,0.75,descending,212.82999
38.75,1.0,descending,213.73499
38.75,1.25,descending,215.09889
38.75,1.5,descending,213.87712
38.75,1.75,descending,212.06874
38.75,2.0,descending,210.77875
38.75,2.25,descending,210.43285
38.75,2.5,descending,210.33833
38.75,2.75,descending,210.17429
38.75,3.0,descending,210.09833
38.75,3.25,descending,209.97714
38.75,3.5,descending,209.96375
38.75,3.75,descending,210.12334
38.75,4.0,descending,210.4825
38.75,4.25,descending,210.65999
38.75,4.5,descending,211.23
38.75,4.75,descending,211.87999
38.75,5.0,descending,212.23167
38.75,5.25,descending,211.91833
38.75,5.5,descending,211.395
38.75,5.75,descending,211.0775
38.75,6.0,descending,210.76666
38.75,6.25,descending,210.83167
38.75,6.5,descending,210.98
38.75,6.75,descending,210.82858
38.75,7.0,descending,210.63335
38.75,7.25,descending,210.05124
38.75,7.5,descending,210.06285
38.75,7.75,descending,209.84
38.75,8.0,descending,210.17857
38.75,8.25,descending,211.61142
38.75,8.5,descending,214.72624
38.75,8.75,descending,214.94429
38.75,9.0,descending,213.12625
38.75,9.25,descending,211.33832
38.75,9.5,descending,210.93124
38.75,9.75,descending,210.64857
38.75,10.0,descending,210.435
38.75,10.25,descending,210.38
38.75,10.5,descending,210.28125
38.75,10.75,descending,210.1843
38.75,11.0,descending,210.16
38.75,11.25,descending,210.24124
38.75,11.5,descending,210.37999
38.75,11.75,descending,210.52374
38.75,12.0,descending,210.83249
38.75,12.25,descending,211.50143
38.75,12.5,descending,212.29124
38.75,12.75,descending,212.73874
38.75,13.0,descending,212.88333
38.75,13.25,descending,211.72333
38.75,13.5,descending,210.87334
38.75,13.75,descending,210.298
38.75,14.0,descending,209.77222
38.75,14.25,descending,209.429
38.75,14.5,descending,209.99272
38.75,14.75,descending,210.24916
38.75,15.0,descending,210.2275
38.75,15.25,descending,210.93428
38.75,15.5,descending,217.78188
38.75,15.75,descending,230.23157
38.75,16.0,descending,242.48799
38.75,16.25,descending,247.9475
38.75,36.0,descending,249.60571
38.75,36.25,descending,246.3775
38.75,36.5,descending,239.69812
38.75,36.75,descending,231.90154
38.75,37.0,descending,229.8146
38.75,37.25,descending,234.45636
38.75,37.5,descending,241.16182
38.75,37.75,descending,246.46909
38.75,38.0,descending,248.7
39.0,-13.0,descending,211.70332
39.0,-12.75,descending,211.45111
39.0,-12.5,descending,211.465
39.0,-12.25,descending,211.9
39.0,-12.0,descending,212.05798
39.0,-11.75,descending,211.81999
39.0,-11.5,descending,211.7711
39.0,-11.25,descending,211.93109
39.0,-11.0,descending,212.25888
39.0,-10.75,descending,212.51111
39.0,-10.5,descending,212.67833
39.0,-10.25,descending,213.42665
39.0,-10.0,descending,216.20306
39.0,-9.75,descending,225.66249
39.0,-9.5,descending,242.76
39.0,-9.25,descending,257.91937
39.0,-9.0,descending,267.02332
39.0,-8.75,descending,270.33392
39.0,-8.5,descending,270.7055
39.0,-2.5,descending,268.77045
39.0,-2.25,descending,268.86124
39.0,-2.0,descending,269.11133
39.0,-1.75,descending,269.45428
39.0,-1.5,descending,269.87167
39.0,-1.25,descending,270.33167
39.0,-1.0,descending,270.65182
39.0,-0.75,descending,270.06198
39.0,-0.5,descending,266.88898
39.0,-0.25,descending,259.45554
39.0,0.0,descending,247.38364
39.0,0.25,descending,234.08875
39.0,0.5,descending,221.62334
39.0,0.75,descending,215.33374
39.0,1.0,descending,215.59332
39.0,1.25,descending,219.2957
39.0,1.5,descending,220.14
39.0,1.75,descending,215.4375
39.0,2.0,descending,211.47667
39.0,2.25,descending,210.88249
39.0,2.5,descending,210.73776
39.0,2.75,descending,211.00572
39.0,3.0,descending,211.1875
39.0,3.25,descending,210.32143
39.0,3.5,descending,210.00285
39.0,3.75,descending,209.98283
39.0,4.0,descending,210.17285
39.0,4.25,descending,210.305
39.0,4.5,descending,210.27625
39.0,4.75,descending,210.55
39.0,5.0,descending,210.68428
39.0,5.25,descending,210.53285
39.0,5.5,descending,210.28625
39.0,5.75,descending,209.97833
39.0,6.0,descending,210.01166
39.0,6.25,descending,209.90141
39.0,6.5,descending,209.92429
39.0,6.75,descending,209.77144
39.0,7.0,descending,209.59375
39.0,7.25,descending,209.28598
39.0,7.5,descending,209.28375
39.0,7.75,descending,209.42857
39.0,8.0,descending,210.51599
39.0,8.25,descending,217.02856
39.0,8.5,descending,227.53714
39.0,8.75,descending,229.07286
39.0,9.0,descending,223.88
39.0,9.25,descending,217.1857
39.0,9.5,descending,215.13571
39.0,9.75,descending,212.13857
39.0,10.0,descending,210.66142
39.0,10.25,descending,210.37428
39.0,10.5,descending,210.21375
39.0,10.75,descending,210.08714
39.0,11.0,descending,210.07713
39.0,11.25,descending,210.15375
39.0,11.5,descending,210.2975
39.0,11.75,descending,210.41
39.0,12.0,descending,210.5589
39.0,12.25,descending,210.77428
39.0,12.5,descending,210.76555
39.0,12.75,descending,210.52222
39.0,13.0,descending,210.21
39.0,13.25,descending,209.85625
39.0,13.5,descending,209.394
39.0,13.75,descending,208.60666
39.0,14.0,descending,207.83
39.0,14.25,descending,207.36398
39.0,14.5,descending,207.44832
39.0,14.75,descending,207.57582
39.0,15.0,descending,207.75
39.0,15.25,descending,208.44499
39.0,15.5,descending,212.11937
39.0,15.75,descending,221.88222
39.0,16.0,descending,238.6836
39.0,16.25,descending,249.66466
39.0,36.0,descending,250.9789
39.0,36.25,descending,249.78264
39.0,36.5,descending,246.91937
39.0,36.75,descending,240.925
39.0,37.0,descending,235.68166
39.0,37.25,descending,233.24916
39.0,37.5,descending,235.86
39.0,37.75,descending,238.717
39.0,38.0,descending,240.06
39.25,-13.0,descending,211.81
39.25,-12.75,descending,211.47499
39.25,-12.5,descending,211.35222
39.25,-12.25,descending,211.81714
39.25,-12.0,descending,212.06874
39.25,-11.75,descending,211.76874
39.25,-11.5,descending,211.53888
39.25,-11.25,descending,211.565
39.25,-11.0,descending,211.86398
39.25,-10.75,descending,212.35397
39.25,-10.5,descending,213.1311
39.25,-10.25,descending,214.50635
39.25,-10.0,descending,217.047
39.25,-9.75,descending,225.4925
39.25,-9.5,descending,241.86499
39.25,-9.25,descending,257.55215
39.25,-9.0,descending,267.06937
39.25,-8.75,descending,270.19556
39.25,-8.5,descending,270.65457
39.25,-8.25,descending,270.6825
39.25,-2.5,descending,268.31824
39.25,-2.25,descending,268.49625
39.25,-2.0,descending,268.92133
39.25,-1.75,descending,269.5646
39.25,-1.5,descending,270.38998
39.25,-1.25,descending,271.225
39.25,-1.0,descending,271.49908
39.25,-0.75,descending,269.879
39.25,-0.5,descending,263.67596
39.25,-0.25,descending,252.12776
39.25,0.0,descending,238.75111
39.25,0.25,descending,227.40222
39.25,0.5,descending,220.5475
39.25,0.75,descending,216.635
39.25,1.0,descending,215.73125
39.25,1.25,descending,218.73286
39.25,1.5,descending,220.95427
39.25,1.75,descending,219.36856
39.25,2.0,descending,215.00555
39.25,2.25,descending,213.65001
39.25,2.5,descending,215.10167
39.25,2.75,descending,217.58624
39.25,3.0,descending,218.048
39.25,3.25,descending,214.81429
39.25,3.5,descending,211.40714
39.25,3.75,descending,210.58624
39.25,4.0,descending,210.27666
39.25,4.25,descending,210.09856
39.25,4.5,descending,209.77165
39.25,4.75,descending,209.53857
39.25,5.0,descending,209.50285
39.25,5.25,descending,209.55333
39.25,5.5,descending,209.31142
39.25,5.75,descending,209.27
39.25,6.0,descending,209.15141
39.25,6.25,descending,209.09167
39.25,6.5,descending,209.07999
39.25,6.75,descending,209.026
39.25,7.0,descending,208.97
39.25,7.25,descending,208.96333
39.25,7.5,descending,208.93
39.25,7.75,descending,209.2057
39.25,8.0,descending,211.73375
39.25,8.25,descending,222.41833
39.25,8.5,descending,239.39499
39.25,8.75,descending,245.80666
39.25,9.0,descending,242.29285
39.25,9.25,descending,233.23
39.25,9.5,descending,226.23749
39.25,9.75,descending,214.248
39.25,10.0,descending,210.95833
39.25,10.25,descending,210.44142
39.25,10.5,descending,210.12375
39.25,10.75,descending,209.94832
39.25,11.0,descending,209.90141
39.25,11.25,descending,209.915
39.25,11.5,descending,210.01666
39.25,11.75,descending,209.96375
39.25,12.0,descending,209.96715
39.25,12.25,descending,210.00749
39.25,12.5,descending,209.815
39.25,12.75,descending,209.49625
39.25,13.0,descending,209.18
39.25,13.25,descending,208.76888
39.25,13.5,descending,208.14888
39.25,13.75,descending,207.35333
39.25,14.0,descending,206.84222
39.25,14.25,descending,206.73499
39.25,14.5,descending,206.95908
39.25,14.75,descending,207.26363
39.25,15.0,descending,207.47583
39.25,15.25,descending,207.89856
39.25,15.5,descending,211.14784
39.25,15.75,descending,223.39928
39.25,16.0,descending,243.3195
39.25,16.25,descending,251.86208
39.25,16.5,descending,251.43
39.25,36.0,descending,254.275
39.25,36.25,descending,253.74118
39.25,36.5,descending,252.14125
39.25,36.75,descending,247.64856
39.25,37.0,descending,241.55083
39.25,37.25,descending,237.05916
39.25,37.5,descending,234.98363
39.25,37.75,descending,235.46199
39.25,38.0,descending,236.31334
39.5,-13.0,descending,211.83
39.5,-12.75,descending,211.47499
39.5,-12.5,descending,211.2825
39.5,-12.25,descending,211.77856
39.5,-12.0,descending,212.20332
39.5,-11.75,descending,212.04
39.5,-11.5,descending,211.719
39.5,-11.25,descending,211.53
39.5,-11.0,descending,211.84889
39.5,-10.75,descending,212.53
39.5,-10.5,descending,213.82182
39.5,-10.25,descending,215.48444
39.5,-10.0,descending,216.65363
39.5,-9.75,descending,221.64
39.5,-9.5,descending,234.47615
39.5,-9.25,descending,250.30598
39.5,-9.0,descending,262.90186
39.5,-8.75,descending,268.76834
39.5,-8.5,descending,270.40543
39.5,-8.25,descending,270.84
39.5,-2.5,descending,268.59308
39.5,-2.25,descending,268.81528
39.5,-2.0,descending,269.1575
39.5,-1.75,descending,269.72415
39.5,-1.5,descending,270.44614
39.5,-1.25,descending,271.29666
39.5,-1.0,descending,271.7709
39.5,-0.75,descending,270.037
39.5,-0.5,descending,263.57443
39.5,-0.25,descending,249.36398
39.5,0.0,descending,232.52667
39.5,0.25,descending,221.53
39.5,0.5,descending,216.38445
39.5,0.75,descending,214.46443
39.5,1.0,descending,214.10124
39.5,1.25,descending,214.73334
39.5,1.5,descending,215.97
39.5,1.75,descending,216.93001
39.5,2.0,descending,215.86856
39.5,2.25,descending,218.01999
39.5,2.5,descending,223.27124
39.5,2.75,descending,230.71143
39.5,3.0,descending,233.0925
39.5,3.25,descending,228.46715
39.5,3.5,descending,216.29778
39.5,3.75,descending,211.31999
39.5,4.0,descending,210.47499
39.5,4.25,descending,209.86165
39.5,4.5,descending,209.24715
39.5,4.75,descending,208.84666
39.5,5.0,descending,208.81429
39.5,5.25,descending,208.79285
39.5,5.5,descending,208.66286
39.5,5.75,descending,208.57666
39.5,6.0,descending,208.47249
39.5,6.25,descending,208.50285
39.5,6.5,descending,208.44666
39.5,6.75,descending,208.44429
39.5,7.0,descending,208.62334
39.5,7.25,descending,208.71715
39.5,7.5,descending,208.83286
39.5,7.75,descending,209.21999
39.5,8.0,descending,211.76285
39.5,8.25,descending,223.77284
39.5,8.5,descending,246.38374
39.5,8.75,descending,257.87286
39.5,9.0,descending,255.91998
39.5,9.25,descending,249.79
39.5,9.5,descending,238.842
39.5,9.75,descending,218.18999
39.5,10.0,descending,211.55713
39.5,10.25,descending,210.42285
39.5,10.5,descending,209.92874
39.5,10.75,descending,209.72285
39.5,11.0,descending,209.6375
39.5,11.25,descending,209.53714
39.5,11.5,descending,209.53749
39.5,11.75,descending,209.31
39.5,12.0,descending,209.26285
39.5,12.25,descending,209.25777
39.5,12.5,descending,209.10555
39.5,12.75,descending,208.7925
39.5,13.0,descending,208.33221
39.5,13.25,descending,207.71332
39.5,13.5,descending,207.23898
39.5,13.75,descending,206.89444
39.5,14.0,descending,206.821
39.5,14.25,descending,206.98625
39.5,14.5,descending,207.28917
39.5,14.75,descending,207.53398
39.5,15.0,descending,207.71582
39.5,15.25,descending,208.43071
39.5,15.5,descending,213.97537
39.5,15.75,descending,230.14882
39.5,16.0,descending,250.22841
39.5,16.25,descending,254.37
39.5,16.5,descending,250.59642
39.5,36.0,descending,254.42
39.5,36.25,descending,254.23685
39.5,36.5,descending,254.48294
39.5,36.75,descending,253.38356
39.5,37.0,descending,248.35
39.5,37.25,descending,241.2525
39.5,37.5,descending,234.28749
39.5,37.75,descending,231.825
39.5,38.0,descending,232.805
39.75,-13.0,descending,211.60332
39.75,-12.75,descending,211.34874
39.75,-12.5,descending,211.21571
39.75,-12.25,descending,211.7625
39.75,-12.0,descending,212.64125
39.75,-11.75,descending,212.90141
39.75,-11.5,descending,212.61249
39.75,-11.25,descending,212.1822
39.75,-11.0,descending,212.301
39.75,-10.75,descending,212.83875
39.75,-10.5,descending,214.17801
39.75,-10.25,descending,215.0891
39.75,-10.0,descending,215.09999
39.75,-9.75,descending,217.25798
39.75,-9.5,descending,225.57999
39.75,-9.25,descending,240.66
39.75,-9.0,descending,258.00858
39.75,-8.75,descending,267.14124
39.75,-8.5,descending,270.4
39.75,-8.25,descending,271.21695
39.75,-8.0,descending,271.3033
39.75,-2.5,descending,268.987
39.75,-2.25,descending,269.17703
39.75,-2.0,descending,269.46185
39.75,-1.75,descending,269.87286
39.75,-1.5,descending,270.27536
39.75,-1.25,descending,270.74454
39.75,-1.0,descending,271.25906
39.75,-0.75,descending,271.0991
39.75,-0.5,descending,266.329
39.75,-0.25,descending,254.61664
39.75,0.0,descending,236.2975
39.75,0.25,descending,221.595
39.75,0.5,descending,214.71555
39.75,0.75,descending,212.52124
39.75,1.0,descending,212.03
39.75,1.25,descending,212.03
39.75,1.5,descending,211.94142
39.75,1.75,descending,212.53499
39.75,2.0,descending,213.15875
39.75,2.25,descending,215.66667
39.75,2.5,descending,225.27284
39.75,2.75,descending,236.89
39.75,3.0,descending,242.95142
39.75,3.25,descending,237.65999
39.75,3.5,descending,224.96501
39.75,3.75,descending,214.90572
39.75,4.0,descending,213.58249
39.75,4.25,descending,211.38167
39.75,4.5,descending,209.56857
39.75,4.75,descending,208.56999
39.75,5.0,descending,208.35873
39.75,5.25,descending,208.30666
39.75,5.5,descending,208.205
39.75,5.75,descending,208.14
39.75,6.0,descending,208.13332
39.75,6.25,descending,208.154
39.75,6.5,descending,208.11249
39.75,6.75,descending,208.076
39.75,7.0,descending,208.25
39.75,7.25,descending,208.52498
39.75,7.5,descending,208.80856
39.75,7.75,descending,209.125
39.75,8.0,descending,211.54
39.75,8.25,descending,223.85428
39.75,8.5,descending,247.17285
39.75,8.75,descending,262.02
39.75,9.0,descending,262.725
39.75,9.25,descending,259.22144
39.75,9.5,descending,244.73572
39.75,9.75,descending,223.27856
39.75,10.0,descending,212.29625
39.75,10.25,descending,210.3657
39.75,10.5,descending,209.84286
39.75,10.75,descending,209.56499
39.75,11.0,descending,209.4175
39.75,11.25,descending,209.25429
39.75,11.5,descending,209.16167
39.75,11.75,descending,209.01125
39.75,12.0,descending,208.98572
39.75,12.25,descending,208.97374
39.75,12.5,descending,208.685
39.75,12.75,descending,208.18143
39.75,13.0,descending,207.61499
39.75,13.25,descending,207.18
39.75,13.5,descending,207.0689
39.75,13.75,descending,207.08124
39.75,14.0,descending,207.193
39.75,14.25,descending,207.38454
39.75,14.5,descending,207.62625
39.75,14.75,descending,207.81728
39.75,15.0,descending,208.60999
39.75,15.25,descending,211.41333
39.75,15.5,descending,222.24083
39.75,15.75,descending,241.72266
39.75,16.0,descending,254.7761
39.75,16.25,descending,252.20055
39.75,16.5,descending,240.94398
39.75,36.25,descending,255.65056
39.75,36.5,descending,254.67764
39.75,36.75,descending,254.09154
39.75,37.0,descending,253.13857
39.75,37.25,descending,249.94818
39.75,37.5,descending,243.647
39.75,37.75,descending,235.56
39.75,38.0,descending,230.924
40.0,-13.0,descending,211.12999
40.0,-12.75,descending,211.02875
40.0,-12.5,descending,211.08125
40.0,-12.25,descending,211.63124
40.0,-12.0,descending,212.93443
40.0,-11.75,descending,214.0211
40.0,-11.5,descending,214.00888
40.0,-11.25,descending,213.54666
40.0,-11.0,descending,213.14125
40.0,-10.75,descending,213.18399
40.0,-10.5,descending,213.80779
40.0,-10.25,descending,214.045
40.0,-10.0,descending,213.56909
40.0,-9.75,descending,214.29083
40.0,-9.5,descending,220.20692
40.0,-9.25,descending,234.54001
40.0,-9.0,descending,251.51462
40.0,-8.75,descending,264.74936
40.0,-8.5,descending,270.13736
40.0,-8.25,descending,271.39865
40.0,-8.0,descending,271.4356
40.0,-2.5,descending,268.985
40.0,-2.25,descending,269.03333
40.0,-2.0,descending,269.08313
40.0,-1.75,descending,269.19785
40.0,-1.5,descending,269.3177
40.0,-1.25,descending,269.67166
40.0,-1.0,descending,270.04456
40.0,-0.75,descending,270.721
40.0,-0.5,descending,270.25833
40.0,-0.25,descending,264.925
40.0,0.0,descending,248.15727
40.0,0.25,descending,230.51999
40.0,0.5,descending,217.94
40.0,0.75,descending,213.015
40.0,1.0,descending,211.6375
40.0,1.25,descending,211.03749
40.0,1.5,descending,210.78125
40.0,1.75,descending,210.67125
40.0,2.0,descending,210.6825
40.0,2.25,descending,211.815
40.0,2.5,descending,217.04375
40.0,2.75,descending,226.22624
40.0,3.0,descending,234.62
40.0,3.25,descending,231.25624
40.0,3.5,descending,223.64874
40.0,3.75,descending,217.80856
40.0,4.0,descending,217.83199
40.0,4.25,descending,215.55124
40.0,4.5,descending,210.79001
40.0,4.75,descending,208.67285
40.0,5.0,descending,208.20833
40.0,5.25,descending,208.13832
40.0,5.5,descending,208.0557
40.0,5.75,descending,207.995
40.0,6.0,descending,208.00429
40.0,6.25,descending,208.04124
40.0,6.5,descending,208.03166
40.0,6.75,descending,208.01714
40.0,7.0,descending,208.12
40.0,7.25,descending,208.33
40.0,7.5,descending,208.67665
40.0,7.75,descending,209.17375
40.0,8.0,descending,210.75334
40.0,8.25,descending,221.202
40.0,8.5,descending,245.465
40.0,8.75,descending,262.11166
40.0,9.0,descending,265.08124
40.0,9.25,descending,262.63998
40.0,9.5,descending,250.23714
40.0,9.75,descending,227.33142
40.0,10.0,descending,213.43875
40.0,10.25,descending,210.69286
40.0,10.5,descending,210.12285
40.0,10.75,descending,209.66
40.0,11.0,descending,209.39874
40.0,11.25,descending,209.16856
40.0,11.5,descending,209.04999
40.0,11.75,descending,208.98856
40.0,12.0,descending,208.9875
40.0,12.25,descending,208.7525
40.0,12.5,descending,208.28125
40.0,12.75,descending,207.6825
40.0,13.0,descending,207.26776
40.0,13.25,descending,207.20125
40.0,13.5,descending,207.35777
40.0,13.75,descending,207.42444
40.0,14.0,descending,207.47556
40.0,14.25,descending,207.63666
40.0,14.5,descending,207.93416
40.0,14.75,descending,209.475
40.0,15.0,descending,214.74916
40.0,15.25,descending,223.26833
40.0,15.5,descending,236.45332
40.0,15.75,descending,249.95332
40.0,16.0,descending,255.58467
40.0,16.25,descending,250.13947
40.0,16.5,descending,237.83798
40.0,16.75,descending,231.3125
40.0,36.25,descending,257.096
40.0,36.5,descending,254.79666
40.0,36.75,descending,251.5957
40.0,37.0,descending,248.37
40.0,37.25,descending,246.2025
40.0,37.5,descending,244.54915
40.0,37.75,descending,241.102
40.0,38.0,descending,237.68143
40.25,-13.0,descending,210.84334
40.25,-12.75,descending,210.82141
40.25,-12.5,descending,210.92499
40.25,-12.25,descending,211.48
40.25,-12.0,descending,212.79875
40.25,-11.75,descending,214.49374
40.25,-11.5,descending,215.36374
40.25,-11.25,descending,215.24142
40.25,-11.0,descending,214.302
40.25,-10.75,descending,213.74625
40.25,-10.5,descending,213.665
40.25,-10.25,descending,213.53778
40.25,-10.0,descending,212.97
40.25,-9.75,descending,213.0689
40.25,-9.5,descending,216.67363
40.25,-9.25,descending,227.59999
40.25,-9.0,descending,245.95416
40.25,-8.75,descending,261.38867
40.25,-8.5,descending,269.3493
40.25,-8.25,descending,271.2479
40.25,-8.0,descending,271.15305
40.25,-7.75,descending,270.77
40.25,-2.5,descending,269.0825
40.25,-2.25,descending,269.11823
40.25,-2.0,descending,268.95236
40.25,-1.75,descending,268.595
40.25,-1.5,descending,268.18332
40.25,-1.25,descending,268.10498
40.25,-1.0,descending,268.27332
40.25,-0.75,descending,269.068
40.25,-0.5,descending,269.90555
40.25,-0.25,descending,269.40887
40.25,0.0,descending,263.451
40.25,0.25,descending,246.32375
40.25,0.5,descending,228.0725
40.25,0.75,descending,217.1275
40.25,1.0,descending,213.20874
40.25,1.25,descending,211.80124
40.25,1.5,descending,211.08374
40.25,1.75,descending,210.67429
40.25,2.0,descending,210.59285
40.25,2.25,descending,210.51874
40.25,2.5,descending,211.22
40.25,2.75,descending,213.43
40.25,3.0,descending,217.61777
40.25,3.25,descending,218.72333
40.25,3.5,descending,216.41875
40.25,3.75,descending,214.79599
40.25,4.0,descending,216.58499
40.25,4.25,descending,216.41667
40.25,4.5,descending,212.37999
40.25,4.75,descending,209.23665
40.25,5.0,descending,208.3157
40.25,5.25,descending,208.17
40.25,5.5,descending,208.116
40.25,5.75,descending,208.06667
40.25,6.0,descending,208.04857
40.25,6.25,descending,208.03833
40.25,6.5,descending,208.03333
40.25,6.75,descending,208.03142
40.25,7.0,descending,208.09334
40.25,7.25,descending,208.13571
40.25,7.5,descending,208.36143
40.25,7.75,descending,209.29399
40.25,8.0,descending,211.68857
40.25,8.25,descending,223.62874
40.25,8.5,descending,247.03749
40.25,8.75,descending,262.01166
40.25,9.0,descending,265.20712
40.25,9.25,descending,263.41998
40.25,9.5,descending,251.26874
40.25,9.75,descending,227.52428
40.25,10.0,descending,213.89
40.25,10.25,descending,211.06142
40.25,10.5,descending,210.46199
40.25,10.75,descending,209.94142
40.25,11.0,descending,209.52124
40.25,11.25,descending,209.18143
40.25,11.5,descending,208.99666
40.25,11.75,descending,208.88857
40.25,12.0,descending,208.7775
40.25,12.25,descending,208.29857
40.25,12.5,descending,207.79999
40.25,12.75,descending,207.44249
40.25,13.0,descending,207.43748
40.25,13.25,descending,207.5925
40.25,13.5,descending,207.72
40.25,13.75,descending,207.72223
40.25,14.0,descending,207.75777
40.25,14.25,descending,208.20555
40.25,14.5,descending,209.96332
40.25,14.75,descending,217.415
40.25,15.0,descending,231.92
40.25,15.25,descending,242.56749
40.25,15.5,descending,249.36916
40.25,15.75,descending,254.60846
40.25,16.0,descending,258.00198
40.25,16.25,descending,254.80562
40.25,16.5,descending,244.27762
40.25,16.75,descending,236.15714
40.25,17.0,descending,235.79
40.25,36.25,descending,258.52167
40.25,36.5,descending,257.1647
40.25,36.75,descending,253.96437
40.25,37.0,descending,250.15384
40.25,37.25,descending,245.85922
40.25,37.5,descending,243.06
40.25,37.75,descending,241.644
40.25,38.0,descending,240.998
40.5,-13.0,descending,211.14333
40.5,-12.75,descending,211.0657
40.5,-12.5,descending,210.8925
40.5,-12.25,descending,211.2525
40.5,-12.0,descending,212.35875
40.5,-11.75,descending,214.13374
40.5,-11.5,descending,216.09332
40.5,-11.25,descending,216.78555
40.5,-11.0,descending,215.96666
40.5,-10.75,descending,214.729
40.5,-10.5,descending,213.90666
40.5,-10.25,descending,213.529
40.5,-10.0,descending,213.11363
40.5,-9.75,descending,212.9
40.5,-9.5,descending,214.6025
40.5,-9.25,descending,223.04417
40.5,-9.0,descending,240.36249
40.5,-8.75,descending,257.71072
40.5,-8.5,descending,267.65936
40.5,-8.25,descending,270.66443
40.5,-8.0,descending,270.65695
40.5,-7.75,descending,270.3407
40.5,-2.25,descending,269.43445
40.5,-2.0,descending,269.0681
40.5,-1.75,descending,268.30533
40.5,-1.5,descending,267.44
40.5,-1.25,descending,266.78085
40.5,-1.0,descending,266.72165
40.5,-0.75,descending,267.438
40.5,-0.5,descending,268.2918
40.5,-0.25,descending,269.257
40.5,0.0,descending,269.03113
40.5,0.25,descending,261.242
40.5,0.5,descending,243.932
40.5,0.75,descending,226.31555
40.5,1.0,descending,217.09555
40.5,1.25,descending,213.97374
40.5,1.5,descending,212.70857
40.5,1.75,descending,211.71889
40.5,2.0,descending,211.26285
40.5,2.25,descending,211.1857
40.5,2.5,descending,211.01334
40.5,2.75,descending,211.07143
40.5,3.0,descending,211.55333
40.5,3.25,descending,212.37856
40.5,3.5,descending,211.94499
40.5,3.75,descending,211.89499
40.5,4.0,descending,212.26
40.5,4.25,descending,213.01572
40.5,4.5,descending,211.08714
40.5,4.75,descending,209.28333
40.5,5.0,descending,208.60286
40.5,5.25,descending,208.35571
40.5,5.5,descending,208.23856
40.5,5.75,descending,208.2425
40.5,6.0,descending,208.19666
40.5,6.25,descending,208.075
40.5,6.5,descending,207.955
40.5,6.75,descending,207.88599
40.5,7.0,descending,207.9357
40.5,7.25,descending,207.85834
40.5,7.5,descending,207.93428
40.5,7.75,descending,208.89833
40.5,8.0,descending,214.42
40.5,8.25,descending,228.54285
40.5,8.5,descending,248.25143
40.5,8.75,descending,261.40665
40.5,9.0,descending,265.2333
40.5,9.25,descending,263.81427
40.5,9.5,descending,253.12143
40.5,9.75,descending,230.65285
40.5,10.0,descending,214.86429
40.5,10.25,descending,211.11284
40.5,10.5,descending,210.47285
40.5,10.75,descending,210.07143
40.5,11.0,descending,209.55142
40.5,11.25,descending,209.09856
40.5,11.5,descending,208.8675
40.5,11.75,descending,208.61
40.5,12.0,descending,208.37999
40.5,12.25,descending,207.96571
40.5,12.5,descending,207.6625
40.5,12.75,descending,207.68999
40.5,13.0,descending,207.93
40.5,13.25,descending,208.0211
40.5,13.5,descending,208.13889
40.5,13.75,descending,208.69376
40.5,14.0,descending,209.551
40.5,14.25,descending,212.75888
40.5,14.5,descending,218.14499
40.5,14.75,descending,232.4025
40.5,15.0,descending,248.93999
40.5,15.25,descending,254.44556
40.5,15.5,descending,255.28416
40.5,15.75,descending,258.05383
40.5,16.0,descending,262.00998
40.5,16.25,descending,261.87936
40.5,16.5,descending,255.02548
40.5,16.75,descending,247.40086
40.5,17.0,descending,246.59666
40.5,36.25,descending,261.13998
40.5,36.5,descending,260.65823
40.5,36.75,descending,259.16467
40.5,37.0,descending,256.50714
40.5,37.25,descending,253.1275
40.5,37.5,descending,249.68166
40.5,37.75,descending,246.70363
40.5,38.0,descending,244.64713
40.75,-13.0,descending,211.94
40.75,-12.75,descending,211.70999
40.75,-12.5,descending,211.04625
40.75,-12.25,descending,211.01999
40.75,-12.0,descending,211.86
40.75,-11.75,descending,213.60286
40.75,-11.5,descending,216.13374
40.75,-11.25,descending,217.60571
40.75,-11.0,descending,217.25125
40.75,-10.75,descending,215.85124
40.75,-10.5,descending,214.55556
40.75,-10.25,descending,213.89444
40.75,-10.0,descending,213.496
40.75,-9.75,descending,213.00182
40.75,-9.5,descending,213.69499
40.75,-9.25,descending,219.23334
40.75,-9.0,descending,233.92583
40.75,-8.75,descending,251.69154
40.75,-8.5,descending,265.28
40.75,-8.25,descending,270.20465
40.75,-8.0,descending,270.53998
40.75,-7.75,descending,270.37
40.75,-7.5,descending,270.26
40.75,-2.25,descending,269.04715
40.75,-2.0,descending,268.55
40.75,-1.75,descending,267.655
40.75,-1.5,descending,266.67767
40.75,-1.25,descending,265.97083
40.75,-1.0,descending,265.986
40.75,-0.75,descending,266.64636
40.75,-0.5,descending,267.647
40.75,-0.25,descending,268.69998
40.75,0.0,descending,269.698
40.75,0.25,descending,269.04248
40.75,0.5,descending,261.4178
40.75,0.75,descending,243.72874
40.75,1.0,descending,226.93375
40.75,1.25,descending,218.41374
40.75,1.5,descending,215.31624
40.75,1.75,descending,214.01428
40.75,2.0,descending,212.8875
40.75,2.25,descending,212.06285
40.75,2.5,descending,211.85333
40.75,2.75,descending,211.6675
40.75,3.0,descending,211.55624
40.75,3.25,descending,211.60999
40.75,3.5,descending,211.58142
40.75,3.75,descending,211.62
40.75,4.0,descending,211.62166
40.75,4.25,descending,211.4375
40.75,4.5,descending,210.53333
40.75,4.75,descending,209.44858
40.75,5.0,descending,208.89667
40.75,5.25,descending,208.555
40.75,5.5,descending,208.34125
40.75,5.75,descending,208.28
40.75,6.0,descending,208.23999
40.75,6.25,descending,208.05998
40.75,6.5,descending,207.80833
40.75,6.75,descending,207.65833
40.75,7.0,descending,207.53572
40.75,7.25,descending,207.46999
40.75,7.5,descending,207.64833
40.75,7.75,descending,209.10143
40.75,8.0,descending,215.455
40.75,8.25,descending,230.986
40.75,8.5,descending,247.43124
40.75,8.75,descending,259.00143
40.75,9.0,descending,263.91
40.75,9.25,descending,263.396
40.75,9.5,descending,252.28398
40.75,9.75,descending,230.92749
40.75,10.0,descending,214.635
40.75,10.25,descending,210.655
40.75,10.5,descending,210.38625
40.75,10.75,descending,210.00716
40.75,11.0,descending,209.45857
40.75,11.25,descending,208.89856
40.75,11.5,descending,208.57832
40.75,11.75,descending,208.33571
40.75,12.0,descending,208.14285
40.75,12.25,descending,207.9557
40.75,12.5,descending,207.89749
40.75,12.75,descending,208.18428
40.75,13.0,descending,208.53624
40.75,13.25,descending,208.63713
40.75,13.5,descending,209.20125
40.75,13.75,descending,212.17749
40.75,14.0,descending,218.38889
40.75,14.25,descending,225.98499
40.75,14.5,descending,237.301
40.75,14.75,descending,248.36198
40.75,15.0,descending,256.88
40.75,15.25,descending,258.675
40.75,15.5,descending,258.899
40.75,15.75,descending,261.75
40.75,16.0,descending,264.826
40.75,16.25,descending,265.58923
40.75,16.5,descending,262.7181
40.75,16.75,descending,258.505
40.75,17.0,descending,253.74217
40.75,36.25,descending,261.78998
40.75,36.5,descending,261.5584
40.75,36.75,descending,261.08124
40.75,37.0,descending,259.59616
40.75,37.25,descending,257.2923
40.75,37.5,descending,254.705
40.75,37.75,descending,252.05092
40.75,38.0,descending,250.005
41.0,-13.0,descending,212.86665
41.0,-12.75,descending,212.57857
41.0,-12.5,descending,211.54889
41.0,-12.25,descending,210.98143
41.0,-12.0,descending,211.40625
41.0,-11.75,descending,212.76428
41.0,-11.5,descending,215.08624
41.0,-11.25,descending,217.0689
41.0,-11.0,descending,217.41444
41.0,-10.75,descending,216.44333
41.0,-10.5,descending,215.32124
41.0,-10.25,descending,214.51111
41.0,-10.0,descending,213.80598
41.0,-9.75,descending,213.01332
41.0,-9.5,descending,213.30333
41.0,-9.25,descending,217.08499
41.0,-9.0,descending,229.03833
41.0,-8.75,descending,248.76917
41.0,-8.5,descending,264.868
41.0,-8.25,descending,269.86124
41.0,-8.0,descending,270.20554
41.0,-7.75,descending,270.03
41.0,-7.5,descending,269.82333
41.0,-2.25,descending,267.75168
41.0,-2.0,descending,267.43176
41.0,-1.75,descending,266.95932
41.0,-1.5,descending,266.30716
41.0,-1.25,descending,265.9275
41.0,-1.0,descending,266.105
41.0,-0.75,descending,266.80545
41.0,-0.5,descending,267.85
41.0,-0.25,descending,268.90332
41.0,0.0,descending,270.12546
41.0,0.25,descending,271.15375
41.0,0.5,descending,269.98444
41.0,0.75,descending,262.0422
41.0,1.0,descending,246.30444
41.0,1.25,descending,231.36555
41.0,1.5,descending,223.315
41.0,1.75,descending,219.69249
41.0,2.0,descending,217.29713
41.0,2.25,descending,214.715
41.0,2.5,descending,212.92
41.0,2.75,descending,212.60428
41.0,3.0,descending,212.51
41.0,3.25,descending,212.21999
41.0,3.5,descending,212.04857
41.0,3.75,descending,212.06999
41.0,4.0,descending,212.18
41.0,4.25,descending,211.87
41.0,4.5,descending,210.94714
41.0,4.75,descending,210.08142
41.0,5.0,descending,209.21333
41.0,5.25,descending,208.71286
41.0,5.5,descending,208.30998
41.0,5.75,descending,208.13666
41.0,6.0,descending,208.03111
41.0,6.25,descending,207.898
41.0,6.5,descending,207.71571
41.0,6.75,descending,207.42142
41.0,7.0,descending,207.20833
41.0,7.25,descending,207.10832
41.0,7.5,descending,207.34428
41.0,7.75,descending,208.5
41.0,8.0,descending,213.04857
41.0,8.25,descending,224.77571
41.0,8.5,descending,235.21666
41.0,8.75,descending,244.43428
41.0,9.0,descending,256.16855
41.0,9.25,descending,257.85284
41.0,9.5,descending,246.71143
41.0,9.75,descending,227.46143
41.0,10.0,descending,213.155
41.0,10.25,descending,210.20714
41.0,10.5,descending,209.99428
41.0,10.75,descending,209.75856
41.0,11.0,descending,209.28857
41.0,11.25,descending,208.73999
41.0,11.5,descending,208.40428
41.0,11.75,descending,208.20287
41.0,12.0,descending,208.14111
41.0,12.25,descending,208.23999
41.0,12.5,descending,208.59444
41.0,12.75,descending,209.7275
41.0,13.0,descending,210.94374
41.0,13.25,descending,212.31874
41.0,13.5,descending,214.42221
41.0,13.75,descending,221.24875
41.0,14.0,descending,234.65778
41.0,14.25,descending,245.37555
41.0,14.5,descending,254.29999
41.0,14.75,descending,259.28
41.0,15.0,descending,260.85635
41.0,15.25,descending,260.97363
41.0,15.5,descending,262.13998
41.0,15.75,descending,263.751
41.0,16.0,descending,264.6143
41.0,16.25,descending,263.59845
41.0,16.5,descending,260.26352
41.0,16.75,descending,252.81209
41.0,17.0,descending,242.32832
41.0,17.25,descending,231.521
41.0,36.25,descending,260.02
41.0,36.5,descending,259.622
41.0,36.75,descending,259.65668
41.0,37.0,descending,257.89786
41.0,37.25,descending,254.41
41.0,37.5,descending,251.56667
41.0,37.75,descending,248.74635
41.0,38.0,descending,246.16142
41.25,-13.0,descending,213.60333
41.25,-12.75,descending,213.43999
41.25,-12.5,descending,212.3
41.25,-12.25,descending,211.30856
41.25,-12.0,descending,211.06285
41.25,-11.75,descending,211.77
41.25,-11.5,descending,213.355
41.25,-11.25,descending,215.63625
41.25,-11.0,descending,217.05875
41.25,-10.75,descending,217.3457
41.25,-10.5,descending,216.62334
41.25,-10.25,descending,215.56874
41.25,-10.0,descending,214.251
41.25,-9.75,descending,213.1411
41.25,-9.5,descending,213.0511
41.25,-9.25,descending,216.3811
41.25,-9.0,descending,228.64272
41.25,-8.75,descending,250.16833
41.25,-8.5,descending,265.50214
41.25,-8.25,descending,269.68536
41.25,-8.0,descending,270.10666
41.25,-7.75,descending,269.9572
41.25,-7.5,descending,269.89172
41.25,-7.25,descending,269.94998
41.25,-2.25,descending,266.90665
41.25,-2.0,descending,267.05222
41.25,-1.75,descending,267.2314
41.25,-1.5,descending,267.28427
41.25,-1.25,descending,267.04248
41.25,-1.0,descending,266.96454
41.25,-0.75,descending,267.37454
41.25,-0.5,descending,268.136
41.25,-0.25,descending,268.938
41.25,0.0,descending,269.76666
41.25,0.25,descending,270.98444
41.25,0.5,descending,271.83112
41.25,0.75,descending,270.57623
41.25,1.0,descending,264.60873
41.25,1.25,descending,255.85571
41.25,1.5,descending,243.22
41.25,1.75,descending,238.5957
41.25,2.0,descending,228.8725
41.25,2.25,descending,222.075
41.25,2.5,descending,216.81285
41.25,2.75,descending,213.67429
41.25,3.0,descending,213.47142
41.25,3.25,descending,213.13556
41.25,3.5,descending,212.53499
41.25,3.75,descending,212.17874
41.25,4.0,descending,212.19165
41.25,4.25,descending,212.07166
41.25,4.5,descending,211.47124
41.25,4.75,descending,210.736
41.25,5.0,descending,209.8075
41.25,5.25,descending,209.06999
41.25,5.5,descending,208.38428
41.25,5.75,descending,208.005
41.25,6.0,descending,207.90332
41.25,6.25,descending,207.85667
41.25,6.5,descending,207.69858
41.25,6.75,descending,207.43198
41.25,7.0,descending,207.07286
41.25,7.25,descending,206.93399
41.25,7.5,descending,207.12375
41.25,7.75,descending,207.76201
41.25,8.0,descending,210.50667
41.25,8.25,descending,215.44571
41.25,8.5,descending,220.11333
41.25,8.75,descending,228.922
41.25,9.0,descending,241.1825
41.25,9.25,descending,243.33714
41.25,9.5,descending,233.3457
41.25,9.75,descending,218.0057
41.25,10.0,descending,210.83142
41.25,10.25,descending,209.62143
41.25,10.5,descending,209.57713
41.25,10.75,descending,209.39284
41.25,11.0,descending,209.05
41.25,11.25,descending,208.61333
41.25,11.5,descending,208.28749
41.25,11.75,descending,208.20166
41.25,12.0,descending,208.40141
41.25,12.25,descending,209.71143
41.25,12.5,descending,211.82713
41.25,12.75,descending,217.15
41.25,13.0,descending,221.29857
41.25,13.25,descending,224.1157
41.25,13.5,descending,228.8575
41.25,13.75,descending,239.845
41.25,14.0,descending,252.31125
41.25,14.25,descending,257.98776
41.25,14.5,descending,260.6911
41.25,14.75,descending,261.59888
41.25,15.0,descending,262.034
41.25,15.25,descending,262.513
41.25,15.5,descending,262.9425
41.25,15.75,descending,261.964
41.25,16.0,descending,257.26154
41.25,16.25,descending,248.50154
41.25,16.5,descending,239.16998
41.25,16.75,descending,229.86667
41.25,17.0,descending,220.70715
41.25,17.25,descending,216.64262
41.25,17.5,descending,213.97
41.25,36.5,descending,248.70471
41.25,36.75,descending,247.67937
41.25,37.0,descending,244.05501
41.25,37.25,descending,237.7609
41.25,37.5,descending,233.53076
41.25,37.75,descending,229.86728
41.25,38.0,descending,227.74199
41.5,-13.0,descending,214.12
41.5,-12.75,descending,214.2357
41.5,-12.5,descending,213.54333
41.5,-12.25,descending,212.15
41.5,-12.0,descending,211.20874
41.5,-11.75,descending,211.1525
41.5,-11.5,descending,212.11374
41.5,-11.25,descending,213.78374
41.5,-11.0,descending,216.06
41.5,-10.75,descending,217.73749
41.5,-10.5,descending,218.05222
41.5,-10.25,descending,216.85501
41.5,-10.0,descending,214.9
41.5,-9.75,descending,213.33598
41.5,-9.5,descending,213.2609
41.5,-9.25,descending,217.7809
41.5,-9.0,descending,233.95091
41.5,-8.75,descending,255.02818
41.5,-8.5,descending,266.68924
41.5,-8.25,descending,269.98798
41.5,-8.0,descending,270.27063
41.5,-7.75,descending,270.03833
41.5,-7.5,descending,269.87418
41.5,-7.25,descending,269.68076
41.5,-2.25,descending,266.63202
41.5,-2.0,descending,266.8405
41.5,-1.75,descending,267.41623
41.5,-1.5,descending,268.07767
41.5,-1.25,descending,268.44614
41.5,-1.0,descending,268.53165
41.5,-0.75,descending,268.66818
41.5,-0.5,descending,269.043
41.5,-0.25,descending,269.428
41.5,0.0,descending,269.69778
41.5,0.25,descending,270.051
41.5,0.5,descending,270.43445
41.5,0.75,descending,270.89874
41.5,1.0,descending,270.6525
41.5,1.25,descending,268.93124
41.5,1.5,descending,264.01373
41.5,1.75,descending,260.77124
41.5,2.0,descending,254.02998
41.5,2.25,descending,243.28
41.5,2.5,descending,228.92714
41.5,2.75,descending,221.0125
41.5,3.0,descending,215.13
41.5,3.25,descending,213.65833
41.5,3.5,descending,212.81714
41.5,3.75,descending,211.96999
41.5,4.0,descending,211.59143
41.5,4.25,descending,211.28285
41.5,4.5,descending,211.02
41.5,4.75,descending,210.70285
41.5,5.0,descending,210.12999
41.5,5.25,descending,209.36168
41.5,5.5,descending,208.78333
41.5,5.75,descending,208.35664
41.5,6.0,descending,208.135
41.5,6.25,descending,208.08571
41.5,6.5,descending,207.96715
41.5,6.75,descending,207.59856
41.5,7.0,descending,207.22333
41.5,7.25,descending,206.9375
41.5,7.5,descending,206.908
41.5,7.75,descending,207.23999
41.5,8.0,descending,208.08
41.5,8.25,descending,209.56429
41.5,8.5,descending,214.02713
41.5,8.75,descending,222.90498
41.5,9.0,descending,235.096
41.5,9.25,descending,234.63713
41.5,9.5,descending,222.95427
41.5,9.75,descending,213.18857
41.5,10.0,descending,209.86856
41.5,10.25,descending,209.3243
41.5,10.5,descending,209.19429
41.5,10.75,descending,208.92
41.5,11.0,descending,208.69714
41.5,11.25,descending,208.45
41.5,11.5,descending,208.31
41.5,11.75,descending,208.65001
41.5,12.0,descending,210.15443
41.5,12.25,descending,216.07143
41.5,12.5,descending,223.24284
41.5,12.75,descending,234.02713
41.5,13.0,descending,240.02444
41.5,13.25,descending,244.22874
41.5,13.5,descending,247.99666
41.5,13.75,descending,253.94374
41.5,14.0,descending,258.26553
41.5,14.25,descending,259.8411
41.5,14.5,descending,260.93375
41.5,14.75,descending,261.84665
41.5,15.0,descending,262.142
41.5,15.25,descending,262.0722
41.5,15.5,descending,260.72
41.5,15.75,descending,254.30666
41.5,16.0,descending,239.8775
41.5,16.25,descending,226.04834
41.5,16.5,descending,218.37769
41.5,16.75,descending,212.82999
41.5,17.0,descending,210.5721
41.5,17.25,descending,210.83826
41.5,17.5,descending,210.604
41.5,36.5,descending,226.25499
41.5,36.75,descending,224.34235
41.5,37.0,descending,222.26132
41.5,37.25,descending,219.59538
41.5,37.5,descending,216.09692
41.5,37.75,descending,214.92455
41.5,38.0,descending,214.21571
41.75,-13.0,descending,214.54333
41.75,-12.75,descending,214.83286
41.75,-12.5,descending,214.77428
41.75,-12.25,descending,213.76285
41.75,-12.0,descending,211.97124
41.75,-11.75,descending,211.05713
41.75,-11.5,descending,211.3925
41.75,-11.25,descending,212.61427
41.75,-11.0,descending,214.92375
41.75,-10.75,descending,217.1975
41.75,-10.5,descending,218.02556
41.75,-10.25,descending,217.17375
41.75,-10.0,descending,215.1611
41.75,-9.75,descending,213.70874
41.75,-9.5,descending,214.12817
41.75,-9.25,descending,220.33301
41.75,-9.0,descending,239.4325
41.75,-8.75,descending,259.942
41.75,-8.5,descending,268.59915
41.75,-8.25,descending,270.20642
41.75,-8.0,descending,269.70462
41.75,-7.75,descending,269.4
41.75,-7.5,descending,269.40598
41.75,-7.25,descending,269.23474
41.75,-7.0,descending,268.745
41.75,-2.25,descending,266.49
41.75,-2.0,descending,266.7942
41.75,-1.75,descending,267.326
41.75,-1.5,descending,268.14572
41.75,-1.25,descending,268.94
41.75,-1.0,descending,269.42615
41.75,-0.75,descending,269.61816
41.75,-0.5,descending,269.819
41.75,-0.25,descending,269.96
41.75,0.0,descending,269.927
41.75,0.25,descending,269.63556
41.75,0.5,descending,269.34998
41.75,0.75,descending,269.21875
41.75,1.0,descending,269.38748
41.75,1.25,descending,270.0375
41.75,1.5,descending,270.8725
41.75,1.75,descending,270.99374
41.75,2.0,descending,268.33832
41.75,2.25,descending,266.16428
41.75,2.5,descending,254.80249
41.75,2.75,descending,240.33798
41.75,3.0,descending,228.59888
41.75,3.25,descending,216.46428
41.75,3.5,descending,212.87999
41.75,3.75,descending,211.63428
41.75,4.0,descending,210.89249
41.75,4.25,descending,210.474
41.75,4.5,descending,210.18857
41.75,4.75,descending,210.00713
41.75,5.0,descending,209.99666
41.75,5.25,descending,209.62428
41.75,5.5,descending,209.145
41.75,5.75,descending,208.79285
41.75,6.0,descending,208.62285
41.75,6.25,descending,208.50835
41.75,6.5,descending,208.28667
41.75,6.75,descending,207.88165
41.75,7.0,descending,207.44142
41.75,7.25,descending,207.05333
41.75,7.5,descending,206.87666
41.75,7.75,descending,206.87999
41.75,8.0,descending,207.22
41.75,8.25,descending,208.44499
41.75,8.5,descending,214.55286
41.75,8.75,descending,228.21858
41.75,9.0,descending,240.75143
41.75,9.25,descending,237.75749
41.75,9.5,descending,221.06166
41.75,9.75,descending,211.79857
41.75,10.0,descending,209.65141
41.75,10.25,descending,209.17714
41.75,10.5,descending,208.7525
41.75,10.75,descending,208.47499
41.75,11.0,descending,208.45
41.75,11.25,descending,208.495
41.75,11.5,descending,208.995
41.75,11.75,descending,212.52284
41.75,12.0,descending,217.15166
41.75,12.25,descending,230.42857
41.75,12.5,descending,241.57571
41.75,12.75,descending,251.43001
41.75,13.0,descending,255.1525
41.75,13.25,descending,255.06142
41.75,13.5,descending,254.69125
41.75,13.75,descending,254.89143
41.75,14.0,descending,255.45999
41.75,14.25,descending,257.6057
41.75,14.5,descending,259.93445
41.75,14.75,descending,260.02222
41.75,15.0,descending,257.70776
41.75,15.25,descending,255.63
41.75,15.5,descending,251.77748
41.75,15.75,descending,242.48999
41.75,16.0,descending,227.96
41.75,16.25,descending,215.84082
41.75,16.5,descending,210.64166
41.75,16.75,descending,209.15866
41.75,17.0,descending,208.92188
41.75,17.25,descending,209.01851
41.75,17.5,descending,208.965
41.75,36.5,descending,213.24461
41.75,36.75,descending,211.57375
41.75,37.0,descending,210.48784
41.75,37.25,descending,210.11693
41.75,37.5,descending,209.97583
41.75,37.75,descending,210.13545
41.75,38.0,descending,210.18799
42.0,-13.0,descending,214.79333
42.0,-12.75,descending,215.04857
42.0,-12.5,descending,215.52141
42.0,-12.25,descending,215.22142
42.0,-12.0,descending,213.49445
42.0,-11.75,descending,211.90428
42.0,-11.5,descending,211.605
42.0,-11.25,descending,212.16
42.0,-11.0,descending,213.66998
42.0,-10.75,descending,215.48624
42.0,-10.5,descending,216.73624
42.0,-10.25,descending,216.62375
42.0,-10.0,descending,215.51776
42.0,-9.75,descending,214.59332
42.0,-9.5,descending,215.84222
42.0,-9.25,descending,224.76299
42.0,-9.0,descending,243.67801
42.0,-8.75,descending,261.83417
42.0,-8.5,descending,269.10898
42.0,-8.25,descending,269.91385
42.0,-8.0,descending,269.24866
42.0,-7.75,descending,269.10187
42.0,-7.5,descending,269.21445
42.0,-7.25,descending,268.79523
42.0,-7.0,descending,268.12692
42.0,-2.0,descending,267.34177
42.0,-1.75,descending,267.72437
42.0,-1.5,descending,268.27466
42.0,-1.25,descending,269.01077
42.0,-1.0,descending,269.53165
42.0,-0.75,descending,269.65363
42.0,-0.5,descending,269.56546
42.0,-0.25,descending,269.5611
42.0,0.0,descending,269.301
42.0,0.25,descending,268.85126
42.0,0.5,descending,268.3591
42.0,0.75,descending,268.03552
42.0,1.0,descending,268.18665
42.0,1.25,descending,268.68
42.0,1.5,descending,269.65555
42.0,1.75,descending,270.75998
42.0,2.0,descending,271.41443
42.0,2.25,descending,270.83286
42.0,2.5,descending,269.17715
42.0,2.75,descending,262.1425
42.0,3.0,descending,250.13832
42.0,3.25,descending,228.62857
42.0,3.5,descending,216.16624
42.0,3.75,descending,211.42142
42.0,4.0,descending,210.54834
42.0,4.25,descending,210.03142
42.0,4.5,descending,209.56429
42.0,4.75,descending,209.27998
42.0,5.0,descending,209.2325
42.0,5.25,descending,209.19499
42.0,5.5,descending,209.19286
42.0,5.75,descending,209.02998
42.0,6.0,descending,208.86499
42.0,6.25,descending,208.63571
42.0,6.5,descending,208.28714
42.0,6.75,descending,207.875
42.0,7.0,descending,207.41167
42.0,7.25,descending,207.16399
42.0,7.5,descending,206.93875
42.0,7.75,descending,206.85333
42.0,8.0,descending,207.11833
42.0,8.25,descending,208.98428
42.0,8.5,descending,219.435
42.0,8.75,descending,238.9157
42.0,9.0,descending,249.57286
42.0,9.25,descending,243.16142
42.0,9.5,descending,224.43
42.0,9.75,descending,211.75249
42.0,10.0,descending,209.56999
42.0,10.25,descending,209.03572
42.0,10.5,descending,208.55165
42.0,10.75,descending,208.4025
42.0,11.0,descending,208.88875
42.0,11.25,descending,209.90332
42.0,11.5,descending,212.98125
42.0,11.75,descending,223.61427
42.0,12.0,descending,231.00427
42.0,12.25,descending,247.43001
42.0,12.5,descending,256.9725
42.0,12.75,descending,260.21143
42.0,13.0,descending,258.26
42.0,13.25,descending,253.48375
42.0,13.5,descending,250.38249
42.0,13.75,descending,250.625
42.0,14.0,descending,252.02249
42.0,14.25,descending,255.4022
42.0,14.5,descending,255.40666
42.0,14.75,descending,248.70665
42.0,15.0,descending,242.39665
42.0,15.25,descending,237.49666
42.0,15.5,descending,234.89272
42.0,15.75,descending,229.543
42.0,16.0,descending,219.72833
42.0,16.25,descending,211.90231
42.0,16.5,descending,209.5523
42.0,16.75,descending,209.06845
42.0,17.0,descending,208.96124
42.0,17.25,descending,208.96684
42.0,17.5,descending,209.15582
42.0,17.75,descending,209.88399
42.0,36.5,descending,209.66374
42.0,36.75,descending,209.29941
42.0,37.0,descending,208.79062
42.0,37.25,descending,208.7477
42.0,37.5,descending,208.91249
42.0,37.75,descending,209.15248
42.0,38.0,descending,209.38832
42.25,-13.0,descending,214.72667
42.25,-12.75,descending,215.03857
42.25,-12.5,descending,216.00665
42.25,-12.25,descending,216.72142
42.25,-12.0,descending,215.86856
42.25,-11.75,descending,213.83858
42.25,-11.5,descending,213.12143
42.25,-11.25,descending,213.20285
42.25,-11.0,descending,213.7325
42.25,-10.75,descending,214.44875
42.25,-10.5,descending,215.43777
42.25,-10.25,descending,216.2325
42.25,-10.0,descending,216.22624
42.25,-9.75,descending,216.04778
42.25,-9.5,descending,217.597
42.25,-9.25,descending,225.23
42.25,-9.0,descending,243.4911
42.25,-8.75,descending,260.91888
42.25,-8.5,descending,268.779
42.25,-8.25,descending,269.84583
42.25,-8.0,descending,269.35077
42.25,-7.75,descending,269.28152
42.25,-7.5,descending,269.15436
42.25,-7.25,descending,268.5011
42.25,-7.0,descending,267.75772
42.25,-6.75,descending,267.47998
42.25,-2.0,descending,267.948
42.25,-1.75,descending,268.27124
42.25,-1.5,descending,268.66284
42.25,-1.25,descending,269.15
42.25,-1.0,descending,269.43082
42.25,-0.75,descending,269.33
42.25,-0.5,descending,268.93
42.25,-0.25,descending,268.617
42.25,0.0,descending,254.5957
42.25,0.25,descending,267.4711
42.25,0.5,descending,266.4411
42.25,0.75,descending,266.0225
42.25,1.0,descending,266.08875
42.25,1.25,descending,266.2075
42.25,1.5,descending,266.16373
42.25,1.75,descending,266.87427
42.25,2.0,descending,267.46
42.25,2.25,descending,269.06998
42.25,2.5,descending,270.14664
42.25,2.75,descending,268.48428
42.25,3.0,descending,258.12625
42.25,3.25,descending,239.47714
42.25,3.5,descending,220.79665
42.25,3.75,descending,212.47499
42.25,4.0,descending,210.34
42.25,4.25,descending,209.905
42.25,4.5,descending,209.50166
42.25,4.75,descending,209.10498
42.25,5.0,descending,208.8
42.25,5.25,descending,208.66599
42.25,5.5,descending,208.72874
42.25,5.75,descending,208.78333
42.25,6.0,descending,208.66667
42.25,6.25,descending,208.43999
42.25,6.5,descending,208.09856
42.25,6.75,descending,207.70166
42.25,7.0,descending,207.39833
42.25,7.25,descending,207.18999
42.25,7.5,descending,207.14833
42.25,7.75,descending,207.08
42.25,8.0,descending,207.305
42.25,8.25,descending,210.43143
42.25,8.5,descending,222.68999
42.25,8.75,descending,242.09
42.25,9.0,descending,253.57286
42.25,9.25,descending,250.60571
42.25,9.5,descending,230.92285
42.25,9.75,descending,213.77141
42.25,10.0,descending,209.90833
42.25,10.25,descending,209.324
42.25,10.5,descending,208.762
42.25,10.75,descending,209.36856
42.25,11.0,descending,212.49571
42.25,11.25,descending,216.48286
42.25,11.5,descending,225.9
42.25,11.75,descending,240.73999
42.25,12.0,descending,248.18428
42.25,12.25,descending,258.8643
42.25,12.5,descending,262.88333
42.25,12.75,descending,261.8857
42.25,13.0,descending,256.58334
42.25,13.25,descending,249.62856
42.25,13.5,descending,247.93124
42.25,13.75,descending,250.33427
42.25,14.0,descending,252.14111
42.25,14.25,descending,249.10875
42.25,14.5,descending,240.28998
42.25,14.75,descending,229.8575
42.25,15.0,descending,222.25223
42.25,15.25,descending,219.75665
42.25,15.5,descending,217.854
42.25,15.75,descending,216.03636
42.25,16.0,descending,212.36699
42.25,16.25,descending,210.15
42.25,16.5,descending,209.72917
42.25,16.75,descending,209.54582
42.25,17.0,descending,209.35143
42.25,17.25,descending,209.29332
42.25,17.5,descending,209.929
42.25,17.75,descending,211.90427
42.25,36.5,descending,208.53598
42.25,36.75,descending,208.60722
42.25,37.0,descending,208.68932
42.25,37.25,descending,208.80785
42.25,37.5,descending,208.90308
42.25,37.75,descending,208.95728
42.25,38.0,descending,209.03142
42.5,-13.0,descending,214.62334
42.5,-12.75,descending,215.09
42.5,-12.5,descending,216.3875
42.5,-12.25,descending,217.90428
42.5,-12.0,descending,218.0675
42.5,-11.75,descending,216.75
42.5,-11.5,descending,215.34999
42.5,-11.25,descending,215.38428
42.5,-11.0,descending,215.44667
42.5,-10.75,descending,214.83832
42.5,-10.5,descending,215.00375
42.5,-10.25,descending,216.04625
42.5,-10.0,descending,216.79222
42.5,-9.75,descending,217.25375
42.5,-9.5,descending,219.52777
42.5,-9.25,descending,229.004
42.5,-9.0,descending,247.17271
42.5,-8.75,descending,263.362
42.5,-8.5,descending,269.55917
42.5,-8.25,descending,269.903
42.5,-8.0,descending,269.48462
42.5,-7.75,descending,269.34937
42.5,-7.5,descending,269.328
42.5,-7.25,descending,269.00647
42.5,-7.0,descending,268.26956
42.5,-6.75,descending,267.54846
42.5,-2.0,descending,268.09274
42.5,-1.75,descending,268.3994
42.5,-1.5,descending,268.84534
42.5,-1.25,descending,269.24384
42.5,-1.0,descending,269.29922
42.5,-0.75,descending,268.81726
42.5,-0.5,descending,267.7082
42.5,-0.25,descending,266.492
42.5,0.0,descending,255.0346
42.5,0.25,descending,264.00775
42.5,0.5,descending,262.41623
42.5,0.75,descending,261.41498
42.5,1.0,descending,261.043
42.5,1.25,descending,260.2725
42.5,1.5,descending,259.86334
42.5,1.75,descending,259.69498
42.5,2.0,descending,261.42624
42.5,2.25,descending,263.02167
42.5,2.5,descending,266.17334
42.5,2.75,descending,265.86856
42.5,3.0,descending,256.3857
42.5,3.25,descending,239.46855
42.5,3.5,descending,222.4
42.5,3.75,descending,212.86427
42.5,4.0,descending,210.305
42.5,4.25,descending,209.874
42.5,4.5,descending,209.64624
42.5,4.75,descending,209.36833
42.5,5.0,descending,209.08998
42.5,5.25,descending,208.72144
42.5,5.5,descending,208.62572
42.5,5.75,descending,208.56831
42.5,6.0,descending,208.4025
42.5,6.25,descending,208.12285
42.5,6.5,descending,207.82332
42.5,6.75,descending,207.61333
42.5,7.0,descending,207.37715
42.5,7.25,descending,207.37
42.5,7.5,descending,207.42
42.5,7.75,descending,207.48833
42.5,8.0,descending,207.68285
42.5,8.25,descending,210.026
42.5,8.5,descending,219.44714
42.5,8.75,descending,238.64
42.5,9.0,descending,250.274
42.5,9.25,descending,250.18857
42.5,9.5,descending,234.17857
42.5,9.75,descending,215.92142
42.5,10.0,descending,210.76
42.5,10.25,descending,210.70999
42.5,10.5,descending,210.39856
42.5,10.75,descending,213.30713
42.5,11.0,descending,222.2957
42.5,11.25,descending,231.71286
42.5,11.5,descending,244.02428
42.5,11.75,descending,254.91429
42.5,12.0,descending,259.11285
42.5,12.25,descending,263.6
42.5,12.5,descending,264.3025
42.5,12.75,descending,260.91287
42.5,13.0,descending,253.68
42.5,13.25,descending,249.00429
42.5,13.5,descending,249.89
42.5,13.75,descending,252.49666
42.5,14.0,descending,246.78572
42.5,14.25,descending,237.16713
42.5,14.5,descending,223.47874
42.5,14.75,descending,214.8425
42.5,15.0,descending,212.246
42.5,15.25,descending,211.10875
42.5,15.5,descending,211.20898
42.5,15.75,descending,210.505
42.5,16.0,descending,209.81667
42.5,16.25,descending,209.80272
42.5,16.5,descending,210.19167
42.5,16.75,descending,210.53384
42.5,17.0,descending,210.62845
42.5,17.25,descending,211.02528
42.5,17.5,descending,213.02277
42.5,17.75,descending,217.61348
42.5,18.0,descending,223.59454
42.5,36.5,descending,208.76
42.5,36.75,descending,208.73315
42.5,37.0,descending,208.74374
42.5,37.25,descending,208.80153
42.5,37.5,descending,208.81306
42.5,37.75,descending,208.71916
42.5,38.0,descending,208.58286
42.75,-13.0,descending,214.70332
42.75,-12.75,descending,215.23856
42.75,-12.5,descending,216.73332
42.75,-12.25,descending,218.37143
42.75,-12.0,descending,219.36284
42.75,-11.75,descending,218.61143
42.75,-11.5,descending,217.37375
42.75,-11.25,descending,217.33714
42.75,-11.0,descending,217.20857
42.75,-10.75,descending,215.61
42.75,-10.5,descending,215.03778
42.75,-10.25,descending,215.70999
42.75,-10.0,descending,216.7
42.75,-9.75,descending,218.06999
42.75,-9.5,descending,223.27333
42.75,-9.25,descending,237.92
42.75,-9.0,descending,256.581
42.75,-8.75,descending,267.63898
42.75,-8.5,descending,270.25082
42.75,-8.25,descending,269.572
42.75,-8.0,descending,269.1736
42.75,-7.75,descending,269.1
42.75,-7.5,descending,269.316
42.75,-7.25,descending,269.1706
42.75,-7.0,descending,268.2545
42.75,-6.75,descending,266.84824
42.75,-6.5,descending,265.78998
42.75,-2.0,descending,267.31876
42.75,-1.75,descending,267.95175
42.75,-1.5,descending,268.65732
42.75,-1.25,descending,269.07693
42.75,-1.0,descending,268.62915
42.75,-0.75,descending,266.93997
42.75,-0.5,descending,264.074
42.75,-0.25,descending,261.42334
42.75,0.0,descending,250.97571
42.75,0.25,descending,258.84
42.75,0.5,descending,258.24554
42.75,0.75,descending,256.86887
42.75,1.0,descending,256.02124
42.75,1.25,descending,256.1275
42.75,1.5,descending,256.12857
42.75,1.75,descending,255.72856
42.75,2.0,descending,257.385
42.75,2.25,descending,261.33
42.75,2.5,descending,263.97833
42.75,2.75,descending,261.9
42.75,3.0,descending,250.69713
42.75,3.25,descending,233.15141
42.75,3.5,descending,219.84
42.75,3.75,descending,212.67857
42.75,4.0,descending,210.262
42.75,4.25,descending,209.93625
42.75,4.5,descending,209.88428
42.75,4.75,descending,209.7
42.75,5.0,descending,209.625
42.75,5.25,descending,209.79286
42.75,5.5,descending,209.64166
42.75,5.75,descending,210.08665
42.75,6.0,descending,209.93999
42.75,6.25,descending,209.20601
42.75,6.5,descending,208.29167
42.75,6.75,descending,207.81999
42.75,7.0,descending,207.57332
42.75,7.25,descending,207.576
42.75,7.5,descending,207.80666
42.75,7.75,descending,207.99165
42.75,8.0,descending,208.22571
42.75,8.25,descending,209.02998
42.75,8.5,descending,215.578
42.75,8.75,descending,227.19142
42.75,9.0,descending,239.07857
42.75,9.25,descending,241.87749
42.75,9.5,descending,228.645
42.75,9.75,descending,215.25
42.75,10.0,descending,212.325
42.75,10.25,descending,214.12666
42.75,10.5,descending,216.12
42.75,10.75,descending,223.74284
42.75,11.0,descending,237.92714
42.75,11.25,descending,249.33855
42.75,11.5,descending,258.0657
42.75,11.75,descending,261.336
42.75,12.0,descending,263.14572
42.75,12.25,descending,264.97
42.75,12.5,descending,264.60333
42.75,12.75,descending,260.15714
42.75,13.0,descending,253.73714
42.75,13.25,descending,251.32999
42.75,13.5,descending,253.51714
42.75,13.75,descending,250.00713
42.75,14.0,descending,235.70999
42.75,14.25,descending,220.72374
42.75,14.5,descending,212.49777
42.75,14.75,descending,209.9525
42.75,15.0,descending,209.41
42.75,15.25,descending,209.36554
42.75,15.5,descending,209.31332
42.75,15.75,descending,209.298
42.75,16.0,descending,209.60832
42.75,16.25,descending,210.415
42.75,16.5,descending,212.12
42.75,16.75,descending,213.96909
42.75,17.0,descending,215.92154
42.75,17.25,descending,219.89784
42.75,17.5,descending,227.6153
42.75,17.75,descending,236.2461
42.75,18.0,descending,243.96089
42.75,36.75,descending,208.8353
42.75,37.0,descending,208.77061
42.75,37.25,descending,208.68199
42.75,37.5,descending,208.60417
42.75,37.75,descending,208.48915
42.75,38.0,descending,208.38
43.0,-13.0,descending,214.70332
43.0,-12.75,descending,215.30429
43.0,-12.5,descending,216.8
43.0,-12.25,descending,218.34427
43.0,-12.0,descending,219.35286
43.0,-11.75,descending,219.29713
43.0,-11.5,descending,218.41856
43.0,-11.25,descending,218.29428
43.0,-11.0,descending,218.04333
43.0,-10.75,descending,216.52284
43.0,-10.5,descending,215.37
43.0,-10.25,descending,215.235
43.0,-10.0,descending,216.11
43.0,-9.75,descending,219.09888
43.0,-9.5,descending,228.03557
43.0,-9.25,descending,246.398
43.0,-9.0,descending,263.32443
43.0,-8.75,descending,268.495
43.0,-8.5,descending,268.62
43.0,-8.25,descending,268.13898
43.0,-8.0,descending,268.59152
43.0,-7.75,descending,268.7569
43.0,-7.5,descending,269.02713
43.0,-7.25,descending,268.92667
43.0,-7.0,descending,267.60367
43.0,-6.75,descending,265.12094
43.0,-6.5,descending,263.1213
43.0,-2.0,descending,265.1775
43.0,-1.75,descending,266.67114
43.0,-1.5,descending,268.14465
43.0,-1.25,descending,268.84714
43.0,-1.0,descending,268.86307
43.0,-0.75,descending,267.83182
43.0,-0.5,descending,265.33084
43.0,-0.25,descending,261.677
43.0,0.0,descending,253.73082
43.0,0.25,descending,259.266
43.0,0.5,descending,260.409
43.0,0.75,descending,261.06888
43.0,1.0,descending,260.97748
43.0,1.25,descending,260.54623
43.0,1.5,descending,260.555
43.0,1.75,descending,260.12125
43.0,2.0,descending,261.6125
43.0,2.25,descending,263.88998
43.0,2.5,descending,265.9325
43.0,2.75,descending,263.69
43.0,3.0,descending,251.29428
43.0,3.25,descending,233.67285
43.0,3.5,descending,218.82375
43.0,3.75,descending,212.4557
43.0,4.0,descending,210.5725
43.0,4.25,descending,210.61714
43.0,4.5,descending,210.86499
43.0,4.75,descending,210.78
43.0,5.0,descending,211.75285
43.0,5.25,descending,213.48499
43.0,5.5,descending,214.9557
43.0,5.75,descending,218.165
43.0,6.0,descending,218.73499
43.0,6.25,descending,216.09427
43.0,6.5,descending,213.84999
43.0,6.75,descending,209.49199
43.0,7.0,descending,208.29999
43.0,7.25,descending,208.24715
43.0,7.5,descending,208.45714
43.0,7.75,descending,208.89857
43.0,8.0,descending,208.854
43.0,8.25,descending,209.10857
43.0,8.5,descending,211.03714
43.0,8.75,descending,215.09999
43.0,9.0,descending,221.58858
43.0,9.25,descending,229.48
43.0,9.5,descending,224.0
43.0,9.75,descending,213.98001
43.0,10.0,descending,212.94142
43.0,10.25,descending,217.89667
43.0,10.5,descending,226.35428
43.0,10.75,descending,239.89429
43.0,11.0,descending,253.24571
43.0,11.25,descending,260.70285
43.0,11.5,descending,264.1257
43.0,11.75,descending,263.80142
43.0,12.0,descending,263.94284
43.0,12.25,descending,265.07
43.0,12.5,descending,264.78
43.0,12.75,descending,261.43
43.0,13.0,descending,256.91
43.0,13.25,descending,255.48373
43.0,13.5,descending,254.55875
43.0,13.75,descending,242.39285
43.0,14.0,descending,224.415
43.0,14.25,descending,212.23874
43.0,14.5,descending,209.54
43.0,14.75,descending,209.15375
43.0,15.0,descending,209.10999
43.0,15.25,descending,209.20332
43.0,15.5,descending,209.2922
43.0,15.75,descending,209.85999
43.0,16.0,descending,210.98799
43.0,16.25,descending,213.353
43.0,16.5,descending,217.9475
43.0,16.75,descending,222.56363
43.0,17.0,descending,226.81429
43.0,17.25,descending,238.10075
43.0,17.5,descending,249.5875
43.0,17.75,descending,255.08832
43.0,18.0,descending,254.30165
43.0,18.25,descending,250.16454
43.0,36.75,descending,208.57692
43.0,37.0,descending,208.5647
43.0,37.25,descending,208.51
43.0,37.5,descending,208.44693
43.0,37.75,descending,208.37334
43.0,38.0,descending,208.37428
43.25,-13.0,descending,214.49333
43.25,-12.75,descending,215.15999
43.25,-12.5,descending,216.82143
43.25,-12.25,descending,218.10999
43.25,-12.0,descending,218.72144
43.25,-11.75,descending,218.95857
43.25,-11.5,descending,218.63142
43.25,-11.25,descending,218.6757
43.25,-11.0,descending,218.84427
43.25,-10.75,descending,218.20285
43.25,-10.5,descending,216.7625
43.25,-10.25,descending,215.84714
43.25,-10.0,descending,216.50874
43.25,-9.75,descending,220.16142
43.25,-9.5,descending,230.03778
43.25,-9.25,descending,245.4525
43.25,-9.0,descending,255.856
43.25,-8.75,descending,259.10248
43.25,-8.5,descending,260.56998
43.25,-8.25,descending,264.235
43.25,-8.0,descending,267.15887
43.25,-7.75,descending,268.08417
43.25,-7.5,descending,268.46664
43.25,-7.25,descending,267.50928
43.25,-7.0,descending,265.68356
43.25,-6.75,descending,263.29834
43.25,-6.5,descending,260.8925
43.25,-6.25,descending,258.77
43.25,-2.0,descending,261.45
43.25,-1.75,descending,261.31998
43.25,-1.5,descending,265.63174
43.25,-1.25,descending,268.06644
43.25,-1.0,descending,269.165
43.25,-0.75,descending,269.26083
43.25,-0.5,descending,268.77365
43.25,-0.25,descending,267.61453
43.25,0.0,descending,258.101
43.25,0.25,descending,266.468
43.25,0.5,descending,266.11374
43.25,0.75,descending,266.9425
43.25,1.0,descending,266.84665
43.25,1.25,descending,267.09286
43.25,1.5,descending,266.53876
43.25,1.75,descending,266.27625
43.25,2.0,descending,266.2457
43.25,2.25,descending,266.87997
43.25,2.5,descending,267.99713
43.25,2.75,descending,266.32144
43.25,3.0,descending,258.98572
43.25,3.25,descending,241.87712
43.25,3.5,descending,226.315
43.25,3.75,descending,215.66167
43.25,4.0,descending,213.65666
43.25,4.25,descending,213.798
43.25,4.5,descending,214.91
43.25,4.75,descending,217.31857
43.25,5.0,descending,217.46666
43.25,5.25,descending,223.15166
43.25,5.5,descending,228.66333
43.25,5.75,descending,232.65166
43.25,6.0,descending,237.03429
43.25,6.25,descending,235.88167
43.25,6.5,descending,231.09332
43.25,6.75,descending,218.52832
43.25,7.0,descending,211.63428
43.25,7.25,descending,210.01399
43.25,7.5,descending,209.76714
43.25,7.75,descending,209.91599
43.25,8.0,descending,209.77284
43.25,8.25,descending,209.7
43.25,8.5,descending,209.88625
43.25,8.75,descending,210.78598
43.25,9.0,descending,213.16399
43.25,9.25,descending,216.98286
43.25,9.5,descending,216.7957
43.25,9.75,descending,213.20427
43.25,10.0,descending,213.2
43.25,10.25,descending,222.46832
43.25,10.5,descending,239.88
43.25,10.75,descending,254.35498
43.25,11.0,descending,262.14856
43.25,11.25,descending,265.10284
43.25,11.5,descending,265.75333
43.25,11.75,descending,264.49832
43.25,12.0,descending,263.84857
43.25,12.25,descending,264.96
43.25,12.5,descending,265.49667
43.25,12.75,descending,263.55
43.25,13.0,descending,260.79248
43.25,13.25,descending,258.72
43.25,13.5,descending,251.43999
43.25,13.75,descending,232.38713
43.25,14.0,descending,215.62999
43.25,14.25,descending,210.03624
43.25,14.5,descending,209.435
43.25,14.75,descending,209.25
43.25,15.0,descending,209.25749
43.25,15.25,descending,209.39249
43.25,15.5,descending,209.9
43.25,15.75,descending,211.38713
43.25,16.0,descending,215.95728
43.25,16.25,descending,221.71
43.25,16.5,descending,228.84816
43.25,16.75,descending,234.798
43.25,17.0,descending,241.06728
43.25,17.25,descending,253.14307
43.25,17.5,descending,260.77383
43.25,17.75,descending,259.6975
43.25,18.0,descending,254.13387
43.25,18.25,descending,250.7681
43.25,18.5,descending,252.94
43.25,36.75,descending,208.44333
43.25,37.0,descending,208.29778
43.25,37.25,descending,208.194
43.25,37.5,descending,208.09923
43.25,37.75,descending,208.08818
43.25,38.0,descending,208.10999
43.5,-13.0,descending,214.56334
43.5,-12.75,descending,215.43599
43.5,-12.5,descending,216.94998
43.5,-12.25,descending,217.99857
43.5,-12.0,descending,218.07286
43.5,-11.75,descending,218.13284
43.5,-11.5,descending,218.22142
43.5,-11.25,descending,218.72874
43.5,-11.0,descending,219.44142
43.5,-10.75,descending,219.59427
43.5,-10.5,descending,218.65
43.5,-10.25,descending,217.24222
43.5,-10.0,descending,217.3725
43.5,-9.75,descending,220.18
43.5,-9.5,descending,226.62222
43.5,-9.25,descending,234.75375
43.5,-9.0,descending,239.33125
43.5,-8.75,descending,241.457
43.5,-8.5,descending,247.42636
43.5,-8.25,descending,255.356
43.5,-8.0,descending,261.75998
43.5,-7.75,descending,263.04248
43.5,-7.5,descending,261.11383
43.5,-7.25,descending,255.78539
43.5,-7.0,descending,253.94249
43.5,-6.75,descending,252.27881
43.5,-6.5,descending,249.445
43.5,-6.25,descending,245.59561
43.5,-1.75,descending,242.73177
43.5,-1.5,descending,251.40437
43.5,-1.25,descending,259.67538
43.5,-1.0,descending,265.18845
43.5,-0.75,descending,268.175
43.5,-0.5,descending,268.64
43.5,-0.25,descending,268.52
43.5,0.0,descending,260.83
43.5,0.25,descending,268.44888
43.5,0.5,descending,268.681
43.5,0.75,descending,268.96332
43.5,1.0,descending,268.7989
43.5,1.25,descending,268.4011
43.5,1.5,descending,268.16125
43.5,1.75,descending,268.14124
43.5,2.0,descending,267.9989
43.5,2.25,descending,267.9725
43.5,2.5,descending,268.07
43.5,2.75,descending,267.845
43.5,3.0,descending,265.27832
43.5,3.25,descending,259.02875
43.5,3.5,descending,244.89
43.5,3.75,descending,234.5575
43.5,4.0,descending,224.7957
43.5,4.25,descending,225.1157
43.5,4.5,descending,228.61142
43.5,4.75,descending,231.72333
43.5,5.0,descending,233.17374
43.5,5.25,descending,238.89667
43.5,5.5,descending,245.20857
43.5,5.75,descending,251.03285
43.5,6.0,descending,255.86833
43.5,6.25,descending,254.68399
43.5,6.5,descending,250.79333
43.5,6.75,descending,236.96571
43.5,7.0,descending,224.04999
43.5,7.25,descending,217.47427
43.5,7.5,descending,213.61198
43.5,7.75,descending,212.2
43.5,8.0,descending,211.44998
43.5,8.25,descending,210.83427
43.5,8.5,descending,210.564
43.5,8.75,descending,210.45833
43.5,9.0,descending,211.08144
43.5,9.25,descending,212.43166
43.5,9.5,descending,212.8
43.5,9.75,descending,212.635
43.5,10.0,descending,214.92142
43.5,10.25,descending,226.40001
43.5,10.5,descending,248.37
43.5,10.75,descending,260.985
43.5,11.0,descending,265.102
43.5,11.25,descending,266.16498
43.5,11.5,descending,266.13666
43.5,11.75,descending,265.21857
43.5,12.0,descending,264.42285
43.5,12.25,descending,265.0657
43.5,12.5,descending,265.58374
43.5,12.75,descending,264.66833
43.5,13.0,descending,261.00714
43.5,13.25,descending,256.2975
43.5,13.5,descending,242.05429
43.5,13.75,descending,224.73875
43.5,14.0,descending,211.73444
43.5,14.25,descending,209.97856
43.5,14.5,descending,210.135
43.5,14.75,descending,210.10625
43.5,15.0,descending,210.13889
43.5,15.25,descending,210.94
43.5,15.5,descending,213.04443
43.5,15.75,descending,219.896
43.5,16.0,descending,228.6675
43.5,16.25,descending,236.94667
43.5,16.5,descending,244.939
43.5,16.75,descending,248.61084
43.5,17.0,descending,253.90799
43.5,17.25,descending,258.82153
43.5,17.5,descending,260.055
43.5,17.75,descending,257.7556
43.5,18.0,descending,254.51942
43.5,18.25,descending,254.10591
43.5,18.5,descending,255.18929
43.5,36.75,descending,208.17857
43.5,37.0,descending,208.01353
43.5,37.25,descending,207.90599
43.5,37.5,descending,207.82857
43.5,37.75,descending,207.83
43.5,38.0,descending,207.8657
43.75,-13.0,descending,214.75
43.75,-12.75,descending,215.69666
43.75,-12.5,descending,217.30856
43.75,-12.25,descending,218.34999
43.75,-12.0,descending,217.99857
43.75,-11.75,descending,217.48714
43.75,-11.5,descending,217.58286
43.75,-11.25,descending,218.37857
43.75,-11.0,descending,219.30998
43.75,-10.75,descending,219.76572
43.75,-10.5,descending,219.20142
43.75,-10.25,descending,218.08427
43.75,-10.0,descending,217.79713
43.75,-9.75,descending,219.21375
43.75,-9.5,descending,222.53624
43.75,-9.25,descending,225.5925
43.75,-9.0,descending,226.53699
43.75,-8.75,descending,226.4111
43.75,-8.5,descending,231.70401
43.75,-8.25,descending,239.50998
43.75,-8.0,descending,245.54819
43.75,-7.75,descending,245.2291
43.75,-7.5,descending,238.68584
43.75,-7.25,descending,231.87584
43.75,-7.0,descending,231.05
43.75,-6.75,descending,229.43706
43.75,-6.5,descending,227.92764
43.75,-6.25,descending,225.39227
43.75,-6.0,descending,221.125
43.75,-1.75,descending,229.10083
43.75,-1.5,descending,235.70117
43.75,-1.25,descending,246.87866
43.75,-1.0,descending,258.20166
43.75,-0.75,descending,265.25
43.75,-0.5,descending,267.75998
43.75,-0.25,descending,268.085
43.75,0.0,descending,262.95273
43.75,0.25,descending,268.12332
43.75,0.5,descending,268.33698
43.75,0.75,descending,268.6925
43.75,1.0,descending,268.59625
43.75,1.25,descending,268.095
43.75,1.5,descending,267.55624
43.75,1.75,descending,267.4957
43.75,2.0,descending,267.52
43.75,2.25,descending,267.56143
43.75,2.5,descending,267.4757
43.75,2.75,descending,267.34665
43.75,3.0,descending,267.16223
43.75,3.25,descending,266.19598
43.75,3.5,descending,262.16125
43.75,3.75,descending,254.878
43.75,4.0,descending,247.75285
43.75,4.25,descending,244.51799
43.75,4.5,descending,244.705
43.75,4.75,descending,249.41833
43.75,5.0,descending,252.32715
43.75,5.25,descending,252.855
43.75,5.5,descending,258.31668
43.75,5.75,descending,260.96832
43.75,6.0,descending,262.29333
43.75,6.25,descending,262.83572
43.75,6.5,descending,261.6243
43.75,6.75,descending,255.69832
43.75,7.0,descending,243.96
43.75,7.25,descending,234.342
43.75,7.5,descending,225.12
43.75,7.75,descending,221.73
43.75,8.0,descending,218.13332
43.75,8.25,descending,214.25
43.75,8.5,descending,211.96333
43.75,8.75,descending,211.22667
43.75,9.0,descending,211.19286
43.75,9.25,descending,211.98334
43.75,9.5,descending,213.236
43.75,9.75,descending,214.58667
43.75,10.0,descending,220.18625
43.75,10.25,descending,236.16833
43.75,10.5,descending,253.6657
43.75,10.75,descending,263.14713
43.75,11.0,descending,265.8657
43.75,11.25,descending,266.44165
43.75,11.5,descending,266.5057
43.75,11.75,descending,265.74713
43.75,12.0,descending,264.77142
43.75,12.25,descending,263.9943
43.75,12.5,descending,263.06665
43.75,12.75,descending,260.30832
43.75,13.0,descending,250.94286
43.75,13.25,descending,241.64856
43.75,13.5,descending,227.05286
43.75,13.75,descending,215.18286
43.75,14.0,descending,210.66429
43.75,14.25,descending,210.8
43.75,14.5,descending,211.74124
43.75,14.75,descending,211.93143
43.75,15.0,descending,213.38875
43.75,15.25,descending,218.22714
43.75,15.5,descending,225.74445
43.75,15.75,descending,236.26428
43.75,16.0,descending,247.58798
43.75,16.25,descending,253.525
43.75,16.5,descending,257.03113
43.75,16.75,descending,257.447
43.75,17.0,descending,257.847
43.75,17.25,descending,257.8125
43.75,17.5,descending,257.70667
43.75,17.75,descending,256.98077
43.75,18.0,descending,256.20813
43.75,18.25,descending,256.235
43.75,18.5,descending,256.17172
43.75,18.75,descending,256.45502
43.75,36.75,descending,208.295
43.75,37.0,descending,208.24368
43.75,37.25,descending,207.956
43.75,37.5,descending,207.83286
43.75,37.75,descending,207.79538
43.75,38.0,descending,207.82332
44.0,-13.0,descending,215.35999
44.0,-12.75,descending,215.96332
44.0,-12.5,descending,217.40285
44.0,-12.25,descending,218.76999
44.0,-12.0,descending,218.42142
44.0,-11.75,descending,217.32858
44.0,-11.5,descending,217.04285
44.0,-11.25,descending,217.62334
44.0,-11.0,descending,218.38124
44.0,-10.75,descending,218.84
44.0,-10.5,descending,218.46666
44.0,-10.25,descending,217.97833
44.0,-10.0,descending,217.87
44.0,-9.75,descending,218.65623
44.0,-9.5,descending,220.38445
44.0,-9.25,descending,221.15887
44.0,-9.0,descending,220.10124
44.0,-8.75,descending,218.77374
44.0,-8.5,descending,220.30333
44.0,-8.25,descending,223.37999
44.0,-8.0,descending,225.22667
44.0,-7.75,descending,222.63998
44.0,-7.5,descending,218.78082
44.0,-7.25,descending,216.27455
44.0,-7.0,descending,215.59467
44.0,-6.75,descending,215.05429
44.0,-6.5,descending,214.745
44.0,-6.25,descending,214.2641
44.0,-6.0,descending,214.54353
44.0,-1.75,descending,224.38998
44.0,-1.5,descending,229.91588
44.0,-1.25,descending,241.23357
44.0,-1.0,descending,254.21999
44.0,-0.75,descending,263.855
44.0,-0.5,descending,268.01727
44.0,-0.25,descending,268.7336
44.0,0.0,descending,264.8369
44.0,0.25,descending,268.20886
44.0,0.5,descending,268.0111
44.0,0.75,descending,267.93777
44.0,1.0,descending,267.91223
44.0,1.25,descending,267.65375
44.0,1.5,descending,267.42
44.0,1.75,descending,267.1778
44.0,2.0,descending,267.0575
44.0,2.25,descending,267.02856
44.0,2.5,descending,266.88373
44.0,2.75,descending,266.89874
44.0,3.0,descending,266.94333
44.0,3.25,descending,266.9975
44.0,3.5,descending,266.68
44.0,3.75,descending,265.1557
44.0,4.0,descending,263.205
44.0,4.25,descending,259.3557
44.0,4.5,descending,259.7925
44.0,4.75,descending,260.685
44.0,5.0,descending,262.48856
44.0,5.25,descending,263.19498
44.0,5.5,descending,264.25714
44.0,5.75,descending,264.45
44.0,6.0,descending,263.98285
44.0,6.25,descending,262.68332
44.0,6.5,descending,260.7383
44.0,6.75,descending,259.30167
44.0,7.0,descending,255.83714
44.0,7.25,descending,249.93666
44.0,7.5,descending,245.44249
44.0,7.75,descending,240.14333
44.0,8.0,descending,234.42
44.0,8.25,descending,224.656
44.0,8.5,descending,216.91249
44.0,8.75,descending,213.51201
44.0,9.0,descending,213.98856
44.0,9.25,descending,215.28499
44.0,9.5,descending,217.31831
44.0,9.75,descending,221.50798
44.0,10.0,descending,231.73286
44.0,10.25,descending,246.40714
44.0,10.5,descending,258.42334
44.0,10.75,descending,263.86002
44.0,11.0,descending,265.67715
44.0,11.25,descending,266.56427
44.0,11.5,descending,266.77
44.0,11.75,descending,266.02426
44.0,12.0,descending,264.21573
44.0,12.25,descending,259.2357
44.0,12.5,descending,253.98164
44.0,12.75,descending,246.76
44.0,13.0,descending,232.80856
44.0,13.25,descending,223.99715
44.0,13.5,descending,215.70857
44.0,13.75,descending,211.45125
44.0,14.0,descending,211.37
44.0,14.25,descending,212.555
44.0,14.5,descending,213.81
44.0,14.75,descending,215.2925
44.0,15.0,descending,221.595
44.0,15.25,descending,230.64874
44.0,15.5,descending,244.22444
44.0,15.75,descending,255.79889
44.0,16.0,descending,261.7425
44.0,16.25,descending,262.60333
44.0,16.5,descending,261.78088
44.0,16.75,descending,260.909
44.0,17.0,descending,259.748
44.0,17.25,descending,259.14584
44.0,17.5,descending,258.36154
44.0,17.75,descending,257.47357
44.0,18.0,descending,257.27466
44.0,18.25,descending,257.7439
44.0,18.5,descending,258.0459
44.0,18.75,descending,258.776
44.0,37.0,descending,209.11276
44.0,37.25,descending,208.6
44.0,37.5,descending,208.09071
44.0,37.75,descending,207.9277
44.0,38.0,descending,208.04286
44.25,-13.0,descending,215.84001
44.25,-12.75,descending,215.87831
44.25,-12.5,descending,216.9257
44.25,-12.25,descending,218.55429
44.25,-12.0,descending,218.63
44.25,-11.75,descending,217.40498
44.25,-11.5,descending,216.62857
44.25,-11.25,descending,216.79285
44.25,-11.0,descending,217.30286
44.25,-10.75,descending,217.82713
44.25,-10.5,descending,217.84
44.25,-10.25,descending,217.82286
44.25,-10.0,descending,218.01
44.25,-9.75,descending,218.51999
44.25,-9.5,descending,218.97249
44.25,-9.25,descending,218.395
44.25,-9.0,descending,217.13666
44.25,-8.75,descending,215.22444
44.25,-8.5,descending,214.5211
44.25,-8.25,descending,214.5722
44.25,-8.0,descending,213.90778
44.25,-7.75,descending,212.892
44.25,-7.5,descending,212.06363
44.25,-7.25,descending,211.63899
44.25,-7.0,descending,211.62
44.25,-6.75,descending,211.60786
44.25,-6.5,descending,211.47198
44.25,-6.25,descending,211.45374
44.25,-6.0,descending,211.7104
44.25,-5.75,descending,211.32666
44.25,-1.75,descending,221.63599
44.25,-1.5,descending,226.18057
44.25,-1.25,descending,236.74266
44.25,-1.0,descending,250.48386
44.25,-0.75,descending,261.41818
44.25,-0.5,descending,267.60333
44.25,-0.25,descending,269.40802
44.25,0.0,descending,265.22916
44.25,0.25,descending,268.74222
44.25,0.5,descending,268.20776
44.25,0.75,descending,267.865
44.25,1.0,descending,267.59555
44.25,1.25,descending,267.3675
44.25,1.5,descending,267.26
44.25,1.75,descending,267.24142
44.25,2.0,descending,267.14856
44.25,2.25,descending,266.805
44.25,2.5,descending,266.43332
44.25,2.75,descending,266.2757
44.25,3.0,descending,266.44
44.25,3.25,descending,266.495
44.25,3.5,descending,266.87714
44.25,3.75,descending,267.2283
44.25,4.0,descending,267.15332
44.25,4.25,descending,266.39874
44.25,4.5,descending,265.8533
44.25,4.75,descending,265.38168
44.25,5.0,descending,266.21167
44.25,5.25,descending,266.69284
44.25,5.5,descending,266.26666
44.25,5.75,descending,265.44333
44.25,6.0,descending,263.48712
44.25,6.25,descending,259.41833
44.25,6.5,descending,254.79
44.25,6.75,descending,252.498
44.25,7.0,descending,253.04141
44.25,7.25,descending,254.63
44.25,7.5,descending,255.012
44.25,7.75,descending,254.45833
44.25,8.0,descending,252.31166
44.25,8.25,descending,241.52571
44.25,8.5,descending,229.228
44.25,8.75,descending,223.39285
44.25,9.0,descending,221.236
44.25,9.25,descending,226.18799
44.25,9.5,descending,230.65714
44.25,9.75,descending,236.39429
44.25,10.0,descending,245.596
44.25,10.25,descending,254.66667
44.25,10.5,descending,260.18332
44.25,10.75,descending,263.06857
44.25,11.0,descending,264.77286
44.25,11.25,descending,265.97858
44.25,11.5,descending,266.42667
44.25,11.75,descending,265.74857
44.25,12.0,descending,261.77713
44.25,12.25,descending,249.49571
44.25,12.5,descending,239.30998
44.25,12.75,descending,228.40285
44.25,13.0,descending,218.55142
44.25,13.25,descending,214.2057
44.25,13.5,descending,212.01714
44.25,13.75,descending,211.77
44.25,14.0,descending,213.05998
44.25,14.25,descending,214.48999
44.25,14.5,descending,216.64285
44.25,14.75,descending,220.88713
44.25,15.0,descending,231.77571
44.25,15.25,descending,247.17749
44.25,15.5,descending,259.81375
44.25,15.75,descending,264.68573
44.25,16.0,descending,266.098
44.25,16.25,descending,265.25
44.25,16.5,descending,264.40665
44.25,16.75,descending,263.793
44.25,17.0,descending,262.8809
44.25,17.25,descending,261.61365
44.25,17.5,descending,259.93817
44.25,17.75,descending,259.15417
44.25,18.0,descending,259.80383
44.25,18.25,descending,261.21735
44.25,18.5,descending,261.57056
44.25,18.75,descending,261.83713
44.25,19.0,descending,262.695
44.25,37.0,descending,209.26733
44.25,37.25,descending,209.14133
44.25,37.5,descending,208.86998
44.25,37.75,descending,209.335
44.25,38.0,descending,210.24834
44.5,-13.0,descending,215.99333
44.5,-12.75,descending,215.64333
44.5,-12.5,descending,216.28285
44.5,-12.25,descending,217.7357
44.5,-12.0,descending,218.11287
44.5,-11.75,descending,217.07666
44.5,-11.5,descending,216.15572
44.5,-11.25,descending,215.95874
44.5,-11.0,descending,216.38571
44.5,-10.75,descending,217.1725
44.5,-10.5,descending,217.68713
44.5,-10.25,descending,218.1375
44.5,-10.0,descending,218.83374
44.5,-9.75,descending,218.9257
44.5,-9.5,descending,218.24222
44.5,-9.25,descending,217.0475
44.5,-9.0,descending,215.59999
44.5,-8.75,descending,213.92749
44.5,-8.5,descending,212.56778
44.5,-8.25,descending,211.80556
44.5,-8.0,descending,211.36
44.5,-7.75,descending,211.06999
44.5,-7.5,descending,211.02501
44.5,-7.25,descending,211.06699
44.5,-7.0,descending,211.11076
44.5,-6.75,descending,211.09692
44.5,-6.5,descending,211.06065
44.5,-6.25,descending,210.99529
44.5,-6.0,descending,210.972
44.5,-5.75,descending,210.9405
44.5,-1.75,descending,220.45667
44.5,-1.5,descending,224.62263
44.5,-1.25,descending,233.528
44.5,-1.0,descending,245.99356
44.5,-0.75,descending,258.36768
44.5,-0.5,descending,265.43637
44.5,-0.25,descending,268.115
44.5,0.0,descending,263.69
44.5,0.25,descending,268.0575
44.5,0.5,descending,267.802
44.5,0.75,descending,267.64667
44.5,1.0,descending,267.62665
44.5,1.25,descending,267.44873
44.5,1.5,descending,267.215
44.5,1.75,descending,267.08572
44.5,2.0,descending,266.93375
44.5,2.25,descending,266.5875
44.5,2.5,descending,266.05
44.5,2.75,descending,265.38284
44.5,3.0,descending,265.01285
44.5,3.25,descending,265.1557
44.5,3.5,descending,265.34875
44.5,3.75,descending,266.15833
44.5,4.0,descending,267.17285
44.5,4.25,descending,267.56332
44.5,4.5,descending,267.35284
44.5,4.75,descending,267.44858
44.5,5.0,descending,267.615
44.5,5.25,descending,267.665
44.5,5.5,descending,266.83713
44.5,5.75,descending,264.85
44.5,6.0,descending,261.576
44.5,6.25,descending,256.7314
44.5,6.5,descending,250.04999
44.5,6.75,descending,244.56125
44.5,7.0,descending,247.18834
44.5,7.25,descending,253.555
44.5,7.5,descending,257.40665
44.5,7.75,descending,260.13998
44.5,8.0,descending,261.63998
44.5,8.25,descending,258.3033
44.5,8.5,descending,248.03857
44.5,8.75,descending,241.022
44.5,9.0,descending,238.0457
44.5,9.25,descending,241.12999
44.5,9.5,descending,249.86856
44.5,9.75,descending,254.3243
44.5,10.0,descending,256.14166
44.5,10.25,descending,258.844
44.5,10.5,descending,261.78665
44.5,10.75,descending,262.85666
44.5,11.0,descending,264.07428
44.5,11.25,descending,265.21
44.5,11.5,descending,265.6557
44.5,11.75,descending,264.51498
44.5,12.0,descending,257.68857
44.5,12.25,descending,241.53499
44.5,12.5,descending,226.26666
44.5,12.75,descending,217.32571
44.5,13.0,descending,213.71428
44.5,13.25,descending,212.56429
44.5,13.5,descending,212.73167
44.5,13.75,descending,214.2175
44.5,14.0,descending,215.1157
44.5,14.25,descending,217.85374
44.5,14.5,descending,219.93285
44.5,14.75,descending,227.53499
44.5,15.0,descending,243.14223
44.5,15.25,descending,258.20624
44.5,15.5,descending,264.635
44.5,15.75,descending,267.03552
44.5,16.0,descending,267.07498
44.5,16.25,descending,266.54874
44.5,16.5,descending,266.2
44.5,16.75,descending,265.695
44.5,17.0,descending,264.95248
44.5,17.25,descending,263.749
44.5,17.5,descending,262.48767
44.5,17.75,descending,262.13818
44.5,18.0,descending,263.06857
44.5,18.25,descending,263.8893
44.5,18.5,descending,263.91
44.5,18.75,descending,264.13043
44.5,19.0,descending,264.27823
44.5,37.0,descending,209.85999
44.5,37.25,descending,210.73499
44.5,37.5,descending,212.52533
44.5,37.75,descending,215.30539
44.5,38.0,descending,218.89429
44.75,-13.0,descending,216.06665
44.75,-12.75,descending,215.415
44.75,-12.5,descending,215.70143
44.75,-12.25,descending,216.77856
44.75,-12.0,descending,217.32332
44.75,-11.75,descending,216.48
44.75,-11.5,descending,215.63713
44.75,-11.25,descending,215.31667
44.75,-11.0,descending,215.61714
44.75,-10.75,descending,216.54285
44.75,-10.5,descending,217.45667
44.75,-10.25,descending,218.37856
44.75,-10.0,descending,219.67714
44.75,-9.75,descending,220.10875
44.75,-9.5,descending,219.06375
44.75,-9.25,descending,217.45499
44.75,-9.0,descending,215.45332
44.75,-8.75,descending,213.7057
44.75,-8.5,descending,212.39
44.75,-8.25,descending,211.42125
44.75,-8.0,descending,210.98907
44.75,-7.75,descending,210.88222
44.75,-7.5,descending,210.90909
44.75,-7.25,descending,210.949
44.75,-7.0,descending,210.94499
44.75,-6.75,descending,210.92334
44.75,-6.5,descending,210.90833
44.75,-6.25,descending,210.92465
44.75,-6.0,descending,210.93176
44.75,-5.75,descending,210.90286
44.75,-5.5,descending,210.85555
44.75,-1.5,descending,224.06055
44.75,-1.25,descending,232.15732
44.75,-1.0,descending,243.88428
44.75,-0.75,descending,255.40666
44.75,-0.5,descending,262.80908
44.75,-0.25,descending,266.27798
44.75,0.0,descending,260.91165
44.75,0.25,descending,267.02222
44.75,0.5,descending,266.872
44.75,0.75,descending,266.99124
44.75,1.0,descending,267.22556
44.75,1.25,descending,267.2614
44.75,1.5,descending,267.1425
44.75,1.75,descending,266.88498
44.75,2.0,descending,266.46625
44.75,2.25,descending,265.80856
44.75,2.5,descending,264.84
44.75,2.75,descending,263.97626
44.75,3.0,descending,263.04855
44.75,3.25,descending,262.64856
44.75,3.5,descending,263.128
44.75,3.75,descending,264.10284
44.75,4.0,descending,265.25287
44.75,4.25,descending,266.9357
44.75,4.5,descending,267.60858
44.75,4.75,descending,267.97
44.75,5.0,descending,268.35666
44.75,5.25,descending,268.2383
44.75,5.5,descending,266.89285
44.75,5.75,descending,264.336
44.75,6.0,descending,259.78714
44.75,6.25,descending,253.42
44.75,6.5,descending,246.41428
44.75,6.75,descending,241.676
44.75,7.0,descending,243.40201
44.75,7.25,descending,251.67668
44.75,7.5,descending,259.59143
44.75,7.75,descending,262.66333
44.75,8.0,descending,264.70667
44.75,8.25,descending,264.708
44.75,8.5,descending,260.65286
44.75,8.75,descending,256.774
44.75,9.0,descending,255.70166
44.75,9.25,descending,256.62427
44.75,9.5,descending,259.81598
44.75,9.75,descending,262.23
44.75,10.0,descending,263.06332
44.75,10.25,descending,263.05713
44.75,10.5,descending,263.33835
44.75,10.75,descending,263.69598
44.75,11.0,descending,264.32
44.75,11.25,descending,264.97427
44.75,11.5,descending,265.1857
44.75,11.75,descending,263.84332
44.75,12.0,descending,255.96832
44.75,12.25,descending,234.65
44.75,12.5,descending,220.35667
44.75,12.75,descending,214.49857
44.75,13.0,descending,213.49428
44.75,13.25,descending,213.54999
44.75,13.5,descending,215.28572
44.75,13.75,descending,220.43001
44.75,14.0,descending,220.55142
44.75,14.25,descending,223.78714
44.75,14.5,descending,225.83714
44.75,14.75,descending,237.09856
44.75,15.0,descending,252.79001
44.75,15.25,descending,262.04428
44.75,15.5,descending,265.48666
44.75,15.75,descending,265.80124
44.75,16.0,descending,266.36624
44.75,16.25,descending,266.11557
44.75,16.5,descending,265.705
44.75,16.75,descending,265.6211
44.75,17.0,descending,265.57
44.75,17.25,descending,265.08667
44.75,17.5,descending,264.08182
44.75,17.75,descending,263.81097
44.75,18.0,descending,264.47916
44.75,18.25,descending,265.1331
44.75,18.5,descending,265.408
44.75,18.75,descending,265.44354
44.75,19.0,descending,264.84128
44.75,19.25,descending,264.202
44.75,37.0,descending,214.38298
44.75,37.25,descending,218.135
44.75,37.5,descending,224.12428
44.75,37.75,descending,230.5323
44.75,38.0,descending,235.16429
45.0,-13.0,descending,216.48665
45.0,-12.75,descending,215.19714
45.0,-12.5,descending,215.08
45.0,-12.25,descending,215.82832
45.0,-12.0,descending,216.45999
45.0,-11.75,descending,215.78667
45.0,-11.5,descending,215.08714
45.0,-11.25,descending,214.78499
45.0,-11.0,descending,214.96666
45.0,-10.75,descending,215.65572
45.0,-10.5,descending,216.86427
45.0,-10.25,descending,218.11124
45.0,-10.0,descending,219.80286
45.0,-9.75,descending,220.76999
45.0,-9.5,descending,220.4925
45.0,-9.25,descending,218.82666
45.0,-9.0,descending,216.41888
45.0,-8.75,descending,214.08499
45.0,-8.5,descending,212.91888
45.0,-8.25,descending,211.96777
45.0,-8.0,descending,211.44221
45.0,-7.75,descending,211.10999
45.0,-7.5,descending,210.952
45.0,-7.25,descending,210.925
45.0,-7.0,descending,210.87999
45.0,-6.75,descending,210.85182
45.0,-6.5,descending,210.85786
45.0,-6.25,descending,210.89
45.0,-6.0,descending,210.93059
45.0,-5.75,descending,210.91
45.0,-5.5,descending,210.88
45.0,-5.25,descending,210.82999
45.0,-1.5,descending,224.58
45.0,-1.25,descending,231.79375
45.0,-1.0,descending,242.38428
45.0,-0.75,descending,253.77498
45.0,-0.5,descending,260.955
45.0,-0.25,descending,264.635
45.0,0.0,descending,259.66077
45.0,0.25,descending,266.862
45.0,0.5,descending,267.14124
45.0,0.75,descending,267.18
45.0,1.0,descending,267.20554
45.0,1.25,descending,267.13666
45.0,1.5,descending,266.96777
45.0,1.75,descending,266.6925
45.0,2.0,descending,266.16
45.0,2.25,descending,265.18625
45.0,2.5,descending,263.85123
45.0,2.75,descending,262.47427
45.0,3.0,descending,261.79715
45.0,3.25,descending,261.4957
45.0,3.5,descending,261.8025
45.0,3.75,descending,262.38858
45.0,4.0,descending,263.52
45.0,4.25,descending,265.17166
45.0,4.5,descending,266.7683
45.0,4.75,descending,267.62
45.0,5.0,descending,268.095
45.0,5.25,descending,268.19165
45.0,5.5,descending,267.21167
45.0,5.75,descending,263.63428
45.0,6.0,descending,257.2457
45.0,6.25,descending,249.98198
45.0,6.5,descending,245.37834
45.0,6.75,descending,242.33
45.0,7.0,descending,244.40999
45.0,7.25,descending,253.26166
45.0,7.5,descending,259.92502
45.0,7.75,descending,263.555
45.0,8.0,descending,265.06168
45.0,8.25,descending,265.84714
45.0,8.5,descending,265.314
45.0,8.75,descending,263.99713
45.0,9.0,descending,263.37668
45.0,9.25,descending,263.56332
45.0,9.5,descending,263.4783
45.0,9.75,descending,264.142
45.0,10.0,descending,264.92856
45.0,10.25,descending,264.77
45.0,10.5,descending,264.45428
45.0,10.75,descending,264.45285
45.0,11.0,descending,264.73502
45.0,11.25,descending,265.2075
45.0,11.5,descending,265.376
45.0,11.75,descending,264.16498
45.0,12.0,descending,255.64166
45.0,12.25,descending,236.83714
45.0,12.5,descending,220.39998
45.0,12.75,descending,214.35855
45.0,13.0,descending,213.29857
45.0,13.25,descending,214.50166
45.0,13.5,descending,220.66
45.0,13.75,descending,232.46571
45.0,14.0,descending,232.2625
45.0,14.25,descending,231.24666
45.0,14.5,descending,234.24777
45.0,14.75,descending,246.35999
45.0,15.0,descending,258.11374
45.0,15.25,descending,262.69873
45.0,15.5,descending,262.22
45.0,15.75,descending,262.20712
45.0,16.0,descending,262.85556
45.0,16.25,descending,263.02124
45.0,16.5,descending,262.95874
45.0,16.75,descending,263.806
45.0,17.0,descending,264.871
45.0,17.25,descending,264.73
45.0,17.5,descending,264.05667
45.0,17.75,descending,263.91998
45.0,18.0,descending,264.66693
45.0,18.25,descending,265.3646
45.0,18.5,descending,265.568
45.0,18.75,descending,265.20334
45.0,19.0,descending,264.2584
45.0,19.25,descending,263.26047
45.0,37.0,descending,222.72142
45.0,37.25,descending,227.94882
45.0,37.5,descending,236.15599
45.0,37.75,descending,244.45999
45.0,38.0,descending,248.92714
45.25,-13.0,descending,218.22998
45.25,-12.75,descending,215.81714
45.25,-12.5,descending,214.68333
45.25,-12.25,descending,215.29599
45.25,-12.0,descending,215.55571
45.25,-11.75,descending,215.03667
45.25,-11.5,descending,214.46143
45.25,-11.25,descending,214.32332
45.25,-11.0,descending,214.48999
45.25,-10.75,descending,214.96571
45.25,-10.5,descending,215.91714
45.25,-10.25,descending,216.61165
45.25,-10.0,descending,218.1525
45.25,-9.75,descending,220.0
45.25,-9.5,descending,221.31429
45.25,-9.25,descending,220.2925
45.25,-9.0,descending,217.69429
45.25,-8.75,descending,215.4325
45.25,-8.5,descending,214.4289
45.25,-8.25,descending,213.51857
45.25,-8.0,descending,212.66667
45.25,-7.75,descending,211.83444
45.25,-7.5,descending,211.373
45.25,-7.25,descending,211.203
45.25,-7.0,descending,211.09499
45.25,-6.75,descending,210.97667
45.25,-6.5,descending,210.925
45.25,-6.25,descending,210.87001
45.25,-6.0,descending,210.86
45.25,-5.75,descending,210.84294
45.25,-5.5,descending,210.72998
45.25,-5.25,descending,210.58101
45.25,-1.5,descending,224.02167
45.25,-1.25,descending,229.21333
45.25,-1.0,descending,239.07533
45.25,-0.75,descending,250.59076
45.25,-0.5,descending,258.78333
45.25,-0.25,descending,263.55725
45.25,0.0,descending,258.80154
45.25,0.25,descending,266.43777
45.25,0.5,descending,267.08798
45.25,0.75,descending,267.45886
45.25,1.0,descending,267.51373
45.25,1.25,descending,267.32748
45.25,1.5,descending,267.0075
45.25,1.75,descending,266.605
45.25,2.0,descending,266.0186
45.25,2.25,descending,265.1143
45.25,2.5,descending,263.89572
45.25,2.75,descending,262.81
45.25,3.0,descending,262.22125
45.25,3.25,descending,262.13428
45.25,3.5,descending,262.37332
45.25,3.75,descending,262.41855
45.25,4.0,descending,262.965
45.25,4.25,descending,264.13834
45.25,4.5,descending,265.73285
45.25,4.75,descending,266.79572
45.25,5.0,descending,266.9714
45.25,5.25,descending,267.24832
45.25,5.5,descending,266.78
45.25,5.75,descending,264.88
45.25,6.0,descending,260.5483
45.25,6.25,descending,253.11665
45.25,6.5,descending,247.03857
45.25,6.75,descending,242.65498
45.25,7.0,descending,243.22499
45.25,7.25,descending,249.9
45.25,7.5,descending,257.69165
45.25,7.75,descending,262.12997
45.25,8.0,descending,264.46857
45.25,8.25,descending,265.695
45.25,8.5,descending,265.74374
45.25,8.75,descending,265.32498
45.25,9.0,descending,264.89142
45.25,9.25,descending,264.75
45.25,9.5,descending,264.6257
45.25,9.75,descending,264.7333
45.25,10.0,descending,264.90802
45.25,10.25,descending,264.46835
45.25,10.5,descending,263.70712
45.25,10.75,descending,264.22665
45.25,11.0,descending,264.98428
45.25,11.25,descending,265.53833
45.25,11.5,descending,265.83
45.25,11.75,descending,264.56998
45.25,12.0,descending,256.82428
45.25,12.25,descending,238.16
45.25,12.5,descending,222.25832
45.25,12.75,descending,215.7957
45.25,13.0,descending,214.26143
45.25,13.25,descending,216.616
45.25,13.5,descending,229.06142
45.25,13.75,descending,245.78714
45.25,14.0,descending,244.41833
45.25,14.25,descending,241.27832
45.25,14.5,descending,244.19666
45.25,14.75,descending,253.7557
45.25,15.0,descending,260.52426
45.25,15.25,descending,260.3157
45.25,15.5,descending,258.27
45.25,15.75,descending,257.64777
45.25,16.0,descending,258.3425
45.25,16.25,descending,258.82373
45.25,16.5,descending,259.43665
45.25,16.75,descending,260.68716
45.25,17.0,descending,262.049
45.25,17.25,descending,262.86334
45.25,17.5,descending,263.11917
45.25,17.75,descending,263.185
45.25,18.0,descending,263.74417
45.25,18.25,descending,264.099
45.25,18.5,descending,264.24075
45.25,18.75,descending,263.58572
45.25,19.0,descending,262.66412
45.25,19.25,descending,261.88522
45.25,19.5,descending,261.2489
45.25,37.0,descending,229.95667
45.25,37.25,descending,233.32353
45.25,37.5,descending,239.83534
45.25,37.75,descending,247.09384
45.25,38.0,descending,252.25
45.5,-13.0,descending,220.98999
45.5,-12.75,descending,217.36198
45.5,-12.5,descending,214.75
45.5,-12.25,descending,214.64572
45.5,-12.0,descending,214.74857
45.5,-11.75,descending,214.325
45.5,-11.5,descending,213.86714
45.5,-11.25,descending,213.84666
45.5,-11.0,descending,214.07143
45.5,-10.75,descending,214.36714
45.5,-10.5,descending,214.7825
45.5,-10.25,descending,214.98999
45.5,-10.0,descending,215.77124
45.5,-9.75,descending,217.98143
45.5,-9.5,descending,220.7425
45.5,-9.25,descending,221.26
45.5,-9.0,descending,219.03749
45.5,-8.75,descending,216.89555
45.5,-8.5,descending,216.05624
45.5,-8.25,descending,215.12999
45.5,-8.0,descending,213.87222
45.5,-7.75,descending,212.73125
45.5,-7.5,descending,211.98666
45.5,-7.25,descending,211.82124
45.5,-7.0,descending,211.69666
45.5,-6.75,descending,211.45091
45.5,-6.5,descending,211.24165
45.5,-6.25,descending,211.02306
45.5,-6.0,descending,210.86
45.5,-5.75,descending,210.73811
45.5,-5.5,descending,210.60841
45.5,-5.25,descending,210.52998
45.5,-5.0,descending,210.48999
45.5,-1.5,descending,223.47
45.5,-1.25,descending,228.1575
45.5,-1.0,descending,236.28133
45.5,-0.75,descending,247.26143
45.5,-0.5,descending,256.8583
45.5,-0.25,descending,262.268
45.5,0.0,descending,257.99692
45.5,0.25,descending,266.206
45.5,0.5,descending,266.70636
45.5,0.75,descending,267.07666
45.5,1.0,descending,267.214
45.5,1.25,descending,267.12427
45.5,1.5,descending,266.87622
45.5,1.75,descending,266.19
45.5,2.0,descending,265.41376
45.5,2.25,descending,264.53625
45.5,2.5,descending,263.97
45.5,2.75,descending,263.66498
45.5,3.0,descending,263.4457
45.5,3.25,descending,263.43427
45.5,3.5,descending,263.695
45.5,3.75,descending,263.70856
45.5,4.0,descending,263.43597
45.5,4.25,descending,263.80832
45.5,4.5,descending,264.83002
45.5,4.75,descending,265.90997
45.5,5.0,descending,266.19998
45.5,5.25,descending,266.05667
45.5,5.5,descending,265.87997
45.5,5.75,descending,265.53665
45.5,6.0,descending,262.80667
45.5,6.25,descending,257.76572
45.5,6.5,descending,251.34799
45.5,6.75,descending,245.49666
45.5,7.0,descending,240.81831
45.5,7.25,descending,244.10999
45.5,7.5,descending,250.84799
45.5,7.75,descending,257.62
45.5,8.0,descending,261.77164
45.5,8.25,descending,264.28
45.5,8.5,descending,264.68997
45.5,8.75,descending,264.64835
45.5,9.0,descending,263.7233
45.5,9.25,descending,263.83713
45.5,9.5,descending,264.034
45.5,9.75,descending,263.94284
45.5,10.0,descending,263.89664
45.5,10.25,descending,262.83
45.5,10.5,descending,260.58398
45.5,10.75,descending,261.17667
45.5,11.0,descending,263.46857
45.5,11.25,descending,264.74
45.5,11.5,descending,265.32144
45.5,11.75,descending,263.88284
45.5,12.0,descending,256.99167
45.5,12.25,descending,242.29001
45.5,12.5,descending,230.27501
45.5,12.75,descending,224.1657
45.5,13.0,descending,221.19998
45.5,13.25,descending,221.085
45.5,13.5,descending,236.46571
45.5,13.75,descending,252.8
45.5,14.0,descending,255.3575
45.5,14.25,descending,252.27571
45.5,14.5,descending,254.74124
45.5,14.75,descending,260.0
45.5,15.0,descending,261.19626
45.5,15.25,descending,258.79428
45.5,15.5,descending,256.40625
45.5,15.75,descending,255.38249
45.5,16.0,descending,255.43625
45.5,16.25,descending,255.14874
45.5,16.5,descending,255.77333
45.5,16.75,descending,256.918
45.5,17.0,descending,258.2275
45.5,17.25,descending,260.2411
45.5,17.5,descending,261.38364
45.5,17.75,descending,261.07
45.5,18.0,descending,260.944
45.5,18.25,descending,261.0123
45.5,18.5,descending,261.0554
45.5,18.75,descending,260.84866
45.5,19.0,descending,260.22937
45.5,19.25,descending,259.5663
45.5,19.5,descending,258.59476
45.5,37.25,descending,226.2594
45.5,37.5,descending,230.54375
45.5,37.75,descending,238.46385
45.5,38.0,descending,247.11714
45.75,-13.0,descending,224.33
45.75,-12.75,descending,219.93999
45.75,-12.5,descending,215.67
45.75,-12.25,descending,214.27571
45.75,-12.0,descending,213.96286
45.75,-11.75,descending,213.68333
45.75,-11.5,descending,213.35428
45.75,-11.25,descending,213.32166
45.75,-11.0,descending,213.56999
45.75,-10.75,descending,213.78333
45.75,-10.5,descending,213.85715
45.75,-10.25,descending,213.89
45.75,-10.0,descending,214.19286
45.75,-9.75,descending,216.3257
45.75,-9.5,descending,219.5457
45.75,-9.25,descending,220.73999
45.75,-9.0,descending,219.57875
45.75,-8.75,descending,217.76833
45.75,-8.5,descending,216.97374
45.75,-8.25,descending,216.18857
45.75,-8.0,descending,214.79889
45.75,-7.75,descending,213.22223
45.75,-7.5,descending,212.54599
45.75,-7.25,descending,212.45667
45.75,-7.0,descending,212.385
45.75,-6.75,descending,212.14555
45.75,-6.5,descending,211.78749
45.75,-6.25,descending,211.33598
45.75,-6.0,descending,210.97249
45.75,-5.75,descending,210.75333
45.75,-5.5,descending,210.62057
45.75,-5.25,descending,210.54105
45.75,-5.0,descending,210.50812
45.75,-1.5,descending,225.88165
45.75,-1.25,descending,230.33437
45.75,-1.0,descending,238.16667
45.75,-0.75,descending,248.24846
45.75,-0.5,descending,256.6227
45.75,-0.25,descending,261.7709
45.75,0.0,descending,256.98694
45.75,0.25,descending,265.433
45.75,0.5,descending,266.16748
45.75,0.75,descending,266.49554
45.75,1.0,descending,266.6025
45.75,1.25,descending,266.5475
45.75,1.5,descending,266.3325
45.75,1.75,descending,265.5543
45.75,2.0,descending,264.21875
45.75,2.25,descending,262.6775
45.75,2.5,descending,262.59714
45.75,2.75,descending,263.07712
45.75,3.0,descending,263.83142
45.75,3.25,descending,264.11
45.75,3.5,descending,264.49857
45.75,3.75,descending,264.68332
45.75,4.0,descending,264.24374
45.75,4.25,descending,264.09283
45.75,4.5,descending,264.40665
45.75,4.75,descending,264.90427
45.75,5.0,descending,265.36856
45.75,5.25,descending,265.77713
45.75,5.5,descending,265.61667
45.75,5.75,descending,265.248
45.75,6.0,descending,264.4243
45.75,6.25,descending,261.92334
45.75,6.5,descending,256.18332
45.75,6.75,descending,248.33
45.75,7.0,descending,242.69499
45.75,7.25,descending,240.32166
45.75,7.5,descending,242.88124
45.75,7.75,descending,249.78
45.75,8.0,descending,254.14
45.75,8.25,descending,260.23666
45.75,8.5,descending,262.39398
45.75,8.75,descending,262.43857
45.75,9.0,descending,261.882
45.75,9.25,descending,261.346
45.75,9.5,descending,261.6257
45.75,9.75,descending,261.132
45.75,10.0,descending,260.225
45.75,10.25,descending,259.19498
45.75,10.5,descending,257.40665
45.75,10.75,descending,257.22748
45.75,11.0,descending,260.09283
45.75,11.25,descending,261.88715
45.75,11.5,descending,262.66833
45.75,11.75,descending,262.53143
45.75,12.0,descending,259.74332
45.75,12.25,descending,251.94142
45.75,12.5,descending,245.76666
45.75,12.75,descending,241.07286
45.75,13.0,descending,236.37
45.75,13.25,descending,231.87334
45.75,13.5,descending,243.82143
45.75,13.75,descending,256.99667
45.75,14.0,descending,260.68332
45.75,14.25,descending,259.89716
45.75,14.5,descending,261.01715
45.75,14.75,descending,262.07166
45.75,15.0,descending,261.4943
45.75,15.25,descending,259.30142
45.75,15.5,descending,257.0043
45.75,15.75,descending,255.66286
45.75,16.0,descending,254.98143
45.75,16.25,descending,254.32124
45.75,16.5,descending,254.43777
45.75,16.75,descending,254.13
45.75,17.0,descending,255.304
45.75,17.25,descending,258.02777
45.75,17.5,descending,258.72223
45.75,17.75,descending,258.329
45.75,18.0,descending,258.392
45.75,18.25,descending,258.65363
45.75,18.5,descending,258.9446
45.75,18.75,descending,258.97583
45.75,19.0,descending,258.4814
45.75,19.25,descending,257.74466
45.75,19.5,descending,257.06857
45.75,19.75,descending,256.83914
45.75,37.25,descending,216.92857
45.75,37.5,descending,219.45563
45.75,37.75,descending,226.3
45.75,38.0,descending,235.08998
46.0,-13.0,descending,226.855
46.0,-12.75,descending,223.22856
46.0,-12.5,descending,217.57332
46.0,-12.25,descending,214.45427
46.0,-12.0,descending,213.34833
46.0,-11.75,descending,213.08286
46.0,-11.5,descending,212.91
46.0,-11.25,descending,212.87166
46.0,-11.0,descending,213.02428
46.0,-10.75,descending,213.14833
46.0,-10.5,descending,213.29428
46.0,-10.25,descending,213.31429
46.0,-10.0,descending,213.4557
46.0,-9.75,descending,214.81142
46.0,-9.5,descending,217.52625
46.0,-9.25,descending,219.54285
46.0,-9.0,descending,219.27374
46.0,-8.75,descending,217.70624
46.0,-8.5,descending,216.48499
46.0,-8.25,descending,215.55556
46.0,-8.0,descending,214.09889
46.0,-7.75,descending,213.12
46.0,-7.5,descending,212.66599
46.0,-7.25,descending,212.618
46.0,-7.0,descending,212.644
46.0,-6.75,descending,212.498
46.0,-6.5,descending,212.01
46.0,-6.25,descending,211.3675
46.0,-6.0,descending,210.94308
46.0,-5.75,descending,210.73749
46.0,-5.5,descending,210.61313
46.0,-5.25,descending,210.56389
46.0,-5.0,descending,210.55215
46.0,-4.75,descending,210.60167
46.0,-1.5,descending,229.48999
46.0,-1.25,descending,233.72116
46.0,-1.0,descending,240.84065
46.0,-0.75,descending,249.91922
46.0,-0.5,descending,257.74615
46.0,-0.25,descending,262.27182
46.0,0.0,descending,256.35077
46.0,0.25,descending,264.628
46.0,0.5,descending,265.227
46.0,0.75,descending,265.5789
46.0,1.0,descending,265.779
46.0,1.25,descending,265.67664
46.0,1.5,descending,265.39334
46.0,1.75,descending,264.6525
46.0,2.0,descending,263.24
46.0,2.25,descending,261.34857
46.0,2.5,descending,260.04126
46.0,2.75,descending,260.99142
46.0,3.0,descending,262.4025
46.0,3.25,descending,263.99
46.0,3.5,descending,264.53998
46.0,3.75,descending,264.84833
46.0,4.0,descending,264.61142
46.0,4.25,descending,264.2333
46.0,4.5,descending,264.44
46.0,4.75,descending,264.75998
46.0,5.0,descending,264.98166
46.0,5.25,descending,265.70398
46.0,5.5,descending,266.23856
46.0,5.75,descending,265.62
46.0,6.0,descending,264.15665
46.0,6.25,descending,262.47
46.0,6.5,descending,258.96286
46.0,6.75,descending,253.14998
46.0,7.0,descending,247.1614
46.0,7.25,descending,241.68166
46.0,7.5,descending,239.396
46.0,7.75,descending,240.69331
46.0,8.0,descending,246.45857
46.0,8.25,descending,253.72
46.0,8.5,descending,257.5943
46.0,8.75,descending,258.71
46.0,9.0,descending,258.3357
46.0,9.25,descending,257.30002
46.0,9.5,descending,255.13428
46.0,9.75,descending,255.39832
46.0,10.0,descending,254.17665
46.0,10.25,descending,252.30165
46.0,10.5,descending,251.84999
46.0,10.75,descending,254.27571
46.0,11.0,descending,257.77
46.0,11.25,descending,258.75
46.0,11.5,descending,258.40332
46.0,11.75,descending,259.03
46.0,12.0,descending,259.96835
46.0,12.25,descending,258.41
46.0,12.5,descending,256.81
46.0,12.75,descending,255.4557
46.0,13.0,descending,252.13399
46.0,13.25,descending,246.82999
46.0,13.5,descending,253.51714
46.0,13.75,descending,260.285
46.0,14.0,descending,262.52374
46.0,14.25,descending,261.97333
46.0,14.5,descending,261.59714
46.0,14.75,descending,262.055
46.0,15.0,descending,261.77856
46.0,15.25,descending,260.16428
46.0,15.5,descending,258.29428
46.0,15.75,descending,257.00375
46.0,16.0,descending,255.94624
46.0,16.25,descending,255.2025
46.0,16.5,descending,254.4375
46.0,16.75,descending,254.026
46.0,17.0,descending,256.13666
46.0,17.25,descending,258.0725
46.0,17.5,descending,258.5133
46.0,17.75,descending,258.90222
46.0,18.0,descending,259.431
46.0,18.25,descending,259.4325
46.0,18.5,descending,259.544
46.0,18.75,descending,259.38748
46.0,19.0,descending,259.25497
46.0,19.25,descending,259.11295
46.0,19.5,descending,258.69647
46.0,19.75,descending,258.24316
46.0,20.0,descending,258.3
46.0,37.25,descending,212.62636
46.0,37.5,descending,213.58058
46.0,37.75,descending,217.00307
46.0,38.0,descending,222.85571
46.25,-13.0,descending,229.18666
46.25,-12.75,descending,225.90999
46.25,-12.5,descending,220.53667
46.25,-12.25,descending,215.63571
46.25,-12.0,descending,213.30833
46.25,-11.75,descending,212.64429
46.25,-11.5,descending,212.59166
46.25,-11.25,descending,212.56999
46.25,-11.0,descending,212.52856
46.25,-10.75,descending,212.58
46.25,-10.5,descending,212.89
46.25,-10.25,descending,212.99666
46.25,-10.0,descending,213.05
46.25,-9.75,descending,214.58
46.25,-9.5,descending,216.5757
46.25,-9.25,descending,218.55858
46.25,-9.0,descending,218.54167
46.25,-8.75,descending,216.88142
46.25,-8.5,descending,215.2675
46.25,-8.25,descending,214.27124
46.25,-8.0,descending,213.4557
46.25,-7.75,descending,212.61665
46.25,-7.5,descending,212.26572
46.25,-7.25,descending,212.16444
46.25,-7.0,descending,212.14299
46.25,-6.75,descending,211.972
46.25,-6.5,descending,211.477
46.25,-6.25,descending,211.03749
46.25,-6.0,descending,210.80798
46.25,-5.75,descending,210.62999
46.25,-5.5,descending,210.53539
46.25,-5.25,descending,210.56357
46.25,-5.0,descending,210.59367
46.25,-4.75,descending,210.635
46.25,-1.25,descending,240.08311
46.25,-1.0,descending,245.1825
46.25,-0.75,descending,251.86385
46.25,-0.5,descending,258.27332
46.25,-0.25,descending,262.27454
46.25,0.0,descending,255.79768
46.25,0.25,descending,264.16748
46.25,0.5,descending,264.43298
46.25,0.75,descending,264.72223
46.25,1.0,descending,264.9925
46.25,1.25,descending,265.09427
46.25,1.5,descending,264.9075
46.25,1.75,descending,264.3875
46.25,2.0,descending,263.42874
46.25,2.25,descending,261.93143
46.25,2.5,descending,260.47998
46.25,2.75,descending,259.84875
46.25,3.0,descending,261.22165
46.25,3.25,descending,263.03857
46.25,3.5,descending,264.126
46.25,3.75,descending,264.58572
46.25,4.0,descending,264.58286
46.25,4.25,descending,264.40997
46.25,4.5,descending,264.51498
46.25,4.75,descending,264.99
46.25,5.0,descending,265.40665
46.25,5.25,descending,266.0414
46.25,5.5,descending,266.81
46.25,5.75,descending,266.465
46.25,6.0,descending,264.25665
46.25,6.25,descending,261.37
46.25,6.5,descending,258.5657
46.25,6.75,descending,255.0583
46.25,7.0,descending,251.06198
46.25,7.25,descending,247.12798
46.25,7.5,descending,243.135
46.25,7.75,descending,239.915
46.25,8.0,descending,240.98999
46.25,8.25,descending,246.43001
46.25,8.5,descending,250.924
46.25,8.75,descending,252.72714
46.25,9.0,descending,252.022
46.25,9.25,descending,250.68831
46.25,9.5,descending,247.9475
46.25,9.75,descending,244.935
46.25,10.0,descending,245.32332
46.25,10.25,descending,244.65
46.25,10.5,descending,243.27998
46.25,10.75,descending,248.65285
46.25,11.0,descending,255.55333
46.25,11.25,descending,257.02164
46.25,11.5,descending,254.64249
46.25,11.75,descending,254.0
46.25,12.0,descending,255.325
46.25,12.25,descending,256.82428
46.25,12.5,descending,257.42996
46.25,12.75,descending,259.11
46.25,13.0,descending,259.018
46.25,13.25,descending,257.75858
46.25,13.5,descending,258.71664
46.25,13.75,descending,260.27856
46.25,14.0,descending,261.19165
46.25,14.25,descending,260.6783
46.25,14.5,descending,260.71286
46.25,14.75,descending,261.87
46.25,15.0,descending,262.03
46.25,15.25,descending,260.95856
46.25,15.5,descending,258.995
46.25,15.75,descending,257.65143
46.25,16.0,descending,256.67856
46.25,16.25,descending,255.63428
46.25,16.5,descending,255.2475
46.25,16.75,descending,256.39832
46.25,17.0,descending,258.51553
46.25,17.25,descending,260.1325
46.25,17.5,descending,260.69
46.25,17.75,descending,261.01
46.25,18.0,descending,261.4311
46.25,18.25,descending,261.05167
46.25,18.5,descending,260.866
46.25,18.75,descending,260.8969
46.25,19.0,descending,261.26077
46.25,19.25,descending,261.38248
46.25,19.5,descending,260.8131
46.25,19.75,descending,259.78946
46.25,20.0,descending,258.87
46.25,37.25,descending,210.69
46.25,37.5,descending,211.92944
46.25,37.75,descending,214.31642
46.25,38.0,descending,217.78874
46.5,-13.0,descending,230.38666
46.5,-12.75,descending,228.56999
46.5,-12.5,descending,224.18166
46.5,-12.25,descending,218.09714
46.5,-12.0,descending,214.17334
46.5,-11.75,descending,212.64285
46.5,-11.5,descending,212.39333
46.5,-11.25,descending,212.34332
46.5,-11.0,descending,212.11833
46.5,-10.75,descending,212.10286
46.5,-10.5,descending,212.55998
46.5,-10.25,descending,212.77332
46.5,-10.0,descending,212.85571
46.5,-9.75,descending,213.94142
46.5,-9.5,descending,215.8157
46.5,-9.25,descending,217.42374
46.5,-9.0,descending,217.35374
46.5,-8.75,descending,215.68285
46.5,-8.5,descending,214.26
46.5,-8.25,descending,213.38857
46.5,-8.0,descending,212.7625
46.5,-7.75,descending,212.2775
46.5,-7.5,descending,211.89099
46.5,-7.25,descending,211.62
46.5,-7.0,descending,211.4411
46.5,-6.75,descending,211.205
46.5,-6.5,descending,210.866
46.5,-6.25,descending,210.65181
46.5,-6.0,descending,210.53333
46.5,-5.75,descending,210.40582
46.5,-5.5,descending,210.36499
46.5,-5.25,descending,210.43
46.5,-5.0,descending,210.5247
46.5,-4.75,descending,210.63545
46.5,-4.5,descending,210.69453
46.5,-1.25,descending,251.84691
46.5,-1.0,descending,255.18312
46.5,-0.75,descending,258.0364
46.5,-0.5,descending,260.96075
46.5,-0.25,descending,262.78088
46.5,0.0,descending,255.50537
46.5,0.25,descending,263.8118
46.5,0.5,descending,263.839
46.5,0.75,descending,263.965
46.5,1.0,descending,264.123
46.5,1.25,descending,264.27444
46.5,1.5,descending,264.30624
46.5,1.75,descending,264.09375
46.5,2.0,descending,263.69446
46.5,2.25,descending,263.14374
46.5,2.5,descending,262.32428
46.5,2.75,descending,261.8975
46.5,3.0,descending,261.67856
46.5,3.25,descending,262.47858
46.5,3.5,descending,263.4025
46.5,3.75,descending,263.93427
46.5,4.0,descending,264.22998
46.5,4.25,descending,264.35428
46.5,4.5,descending,264.44165
46.5,4.75,descending,264.65714
46.5,5.0,descending,265.195
46.5,5.25,descending,266.01334
46.5,5.5,descending,266.55667
46.5,5.75,descending,266.70667
46.5,6.0,descending,264.67334
46.5,6.25,descending,260.52856
46.5,6.5,descending,256.62
46.5,6.75,descending,255.82332
46.5,7.0,descending,254.71666
46.5,7.25,descending,252.14713
46.5,7.5,descending,248.60571
46.5,7.75,descending,244.48332
46.5,8.0,descending,242.07713
46.5,8.25,descending,241.97499
46.5,8.5,descending,244.47499
46.5,8.75,descending,245.13335
46.5,9.0,descending,246.07666
46.5,9.25,descending,243.14166
46.5,9.5,descending,241.49428
46.5,9.75,descending,236.77998
46.5,10.0,descending,235.33167
46.5,10.25,descending,236.55998
46.5,10.5,descending,237.13199
46.5,10.75,descending,242.41667
46.5,11.0,descending,251.0657
46.5,11.25,descending,255.01997
46.5,11.5,descending,252.40332
46.5,11.75,descending,249.92499
46.5,12.0,descending,249.56
46.5,12.25,descending,251.72
46.5,12.5,descending,253.3525
46.5,12.75,descending,256.43167
46.5,13.0,descending,258.57166
46.5,13.25,descending,258.4957
46.5,13.5,descending,257.79166
46.5,13.75,descending,258.08286
46.5,14.0,descending,258.98856
46.5,14.25,descending,259.44284
46.5,14.5,descending,260.13
46.5,14.75,descending,261.27713
46.5,15.0,descending,261.4057
46.5,15.25,descending,260.17142
46.5,15.5,descending,257.1825
46.5,15.75,descending,255.71832
46.5,16.0,descending,254.795
46.5,16.25,descending,255.1975
46.5,16.5,descending,256.555
46.5,16.75,descending,258.73444
46.5,17.0,descending,260.56998
46.5,17.25,descending,261.41666
46.5,17.5,descending,262.0722
46.5,17.75,descending,262.44333
46.5,18.0,descending,262.41818
46.5,18.25,descending,262.18124
46.5,18.5,descending,261.8575
46.5,18.75,descending,261.689
46.5,19.0,descending,261.75385
46.5,19.25,descending,262.00214
46.5,19.5,descending,261.61374
46.5,19.75,descending,260.4941
46.5,20.0,descending,259.28955
46.5,20.25,descending,258.5843
46.5,37.25,descending,212.7825
46.5,37.5,descending,214.56117
46.5,37.75,descending,218.51213
46.5,38.0,descending,223.5025
46.75,-13.0,descending,230.58
46.75,-12.75,descending,229.68333
46.75,-12.5,descending,226.57999
46.75,-12.25,descending,221.19499
46.75,-12.0,descending,216.18666
46.75,-11.75,descending,213.22714
46.75,-11.5,descending,212.3175
46.75,-11.25,descending,212.12143
46.75,-11.0,descending,211.72333
46.75,-10.75,descending,211.61856
46.75,-10.5,descending,211.99165
46.75,-10.25,descending,212.44858
46.75,-10.0,descending,212.44331
46.75,-9.75,descending,213.38713
46.75,-9.5,descending,215.26857
46.75,-9.25,descending,216.65833
46.75,-9.0,descending,216.48856
46.75,-8.75,descending,215.09427
46.75,-8.5,descending,213.72
46.75,-8.25,descending,212.85124
46.75,-8.0,descending,212.35124
46.75,-7.75,descending,212.0275
46.75,-7.5,descending,211.70624
46.75,-7.25,descending,211.37
46.75,-7.0,descending,211.17667
46.75,-6.75,descending,210.94286
46.75,-6.5,descending,210.689
46.75,-6.25,descending,210.44699
46.75,-6.0,descending,210.2625
46.75,-5.75,descending,210.151
46.75,-5.5,descending,210.16249
46.75,-5.25,descending,210.30733
46.75,-5.0,descending,210.5
46.75,-4.75,descending,210.60666
46.75,-4.5,descending,210.59135
46.75,-4.25,descending,210.68
46.75,-1.25,descending,260.1527
46.75,-1.0,descending,261.60233
46.75,-0.75,descending,262.58
46.75,-0.5,descending,263.20615
46.75,-0.25,descending,263.5625
46.75,0.0,descending,254.71416
46.75,0.25,descending,263.57556
46.75,0.5,descending,263.529
46.75,0.75,descending,263.42557
46.75,1.0,descending,263.21445
46.75,1.25,descending,263.055
46.75,1.5,descending,263.1825
46.75,1.75,descending,263.24124
46.75,2.0,descending,263.37
46.75,2.25,descending,263.27
46.75,2.5,descending,263.07874
46.75,2.75,descending,262.88666
46.75,3.0,descending,262.83124
46.75,3.25,descending,262.92856
46.75,3.5,descending,263.17502
46.75,3.75,descending,263.50833
46.75,4.0,descending,263.7375
46.75,4.25,descending,263.96
46.75,4.5,descending,264.00168
46.75,4.75,descending,263.7983
46.75,5.0,descending,263.78198
46.75,5.25,descending,264.48666
46.75,5.5,descending,265.18332
46.75,5.75,descending,265.76498
46.75,6.0,descending,265.4243
46.75,6.25,descending,263.346
46.75,6.5,descending,259.07166
46.75,6.75,descending,256.52713
46.75,7.0,descending,256.69998
46.75,7.25,descending,256.408
46.75,7.5,descending,254.88332
46.75,7.75,descending,251.29167
46.75,8.0,descending,247.512
46.75,8.25,descending,244.26799
46.75,8.5,descending,242.8243
46.75,8.75,descending,242.3425
46.75,9.0,descending,242.14
46.75,9.25,descending,241.20401
46.75,9.5,descending,239.415
46.75,9.75,descending,236.18799
46.75,10.0,descending,233.08598
46.75,10.25,descending,233.33998
46.75,10.5,descending,234.59142
46.75,10.75,descending,238.35748
46.75,11.0,descending,244.89
46.75,11.25,descending,249.99333
46.75,11.5,descending,249.87712
46.75,11.75,descending,247.06
46.75,12.0,descending,245.8457
46.75,12.25,descending,246.55666
46.75,12.5,descending,248.295
46.75,12.75,descending,250.60857
46.75,13.0,descending,253.015
46.75,13.25,descending,254.34427
46.75,13.5,descending,254.79668
46.75,13.75,descending,255.79713
46.75,14.0,descending,257.48798
46.75,14.25,descending,259.05
46.75,14.5,descending,259.74
46.75,14.75,descending,260.08286
46.75,15.0,descending,259.18427
46.75,15.25,descending,256.02167
46.75,15.5,descending,252.03
46.75,15.75,descending,250.6925
46.75,16.0,descending,251.14429
46.75,16.25,descending,253.46
46.75,16.5,descending,255.94
46.75,16.75,descending,258.19
46.75,17.0,descending,259.8322
46.75,17.25,descending,261.04715
46.75,17.5,descending,261.74332
46.75,17.75,descending,262.29666
46.75,18.0,descending,262.541
46.75,18.25,descending,262.46445
46.75,18.5,descending,262.0809
46.75,18.75,descending,261.499
46.75,19.0,descending,261.39334
46.75,19.25,descending,261.94727
46.75,19.5,descending,261.968
46.75,19.75,descending,260.93875
46.75,20.0,descending,259.5594
46.75,20.25,descending,258.4755
46.75,20.5,descending,258.05
46.75,37.25,descending,215.76
46.75,37.5,descending,217.1994
46.75,37.75,descending,218.174
46.75,38.0,descending,220.545
47.0,-13.0,descending,230.06
47.0,-12.75,descending,229.6575
47.0,-12.5,descending,228.144
47.0,-12.25,descending,224.17749
47.0,-12.0,descending,218.78
47.0,-11.75,descending,214.29399
47.0,-11.5,descending,212.43834
47.0,-11.25,descending,211.92285
47.0,-11.0,descending,211.40498
47.0,-10.75,descending,211.15498
47.0,-10.5,descending,211.32715
47.0,-10.25,descending,211.84427
47.0,-10.0,descending,211.93166
47.0,-9.75,descending,212.69998
47.0,-9.5,descending,214.27571
47.0,-9.25,descending,215.87625
47.0,-9.0,descending,215.91333
47.0,-8.75,descending,214.70499
47.0,-8.5,descending,213.4675
47.0,-8.25,descending,212.73668
47.0,-8.0,descending,212.28
47.0,-7.75,descending,211.8457
47.0,-7.5,descending,211.47125
47.0,-7.25,descending,211.27875
47.0,-7.0,descending,211.153
47.0,-6.75,descending,210.9611
47.0,-6.5,descending,210.63445
47.0,-6.25,descending,210.31714
47.0,-6.0,descending,210.11165
47.0,-5.75,descending,210.021
47.0,-5.5,descending,210.10768
47.0,-5.25,descending,210.31584
47.0,-5.0,descending,210.48999
47.0,-4.75,descending,210.5247
47.0,-4.5,descending,210.65237
47.0,-4.25,descending,211.25266
47.0,-1.25,descending,262.39285
47.0,-1.0,descending,262.90884
47.0,-0.75,descending,263.3023
47.0,-0.5,descending,263.43616
47.0,-0.25,descending,263.49918
47.0,0.0,descending,259.00998
47.0,0.25,descending,263.55
47.0,0.5,descending,263.56546
47.0,0.75,descending,263.47888
47.0,1.0,descending,263.22873
47.0,1.25,descending,262.86624
47.0,1.5,descending,262.54776
47.0,1.75,descending,262.43625
47.0,2.0,descending,262.56665
47.0,2.25,descending,262.73874
47.0,2.5,descending,262.7357
47.0,2.75,descending,262.75223
47.0,3.0,descending,262.90164
47.0,3.25,descending,263.01874
47.0,3.5,descending,263.005
47.0,3.75,descending,262.84
47.0,4.0,descending,263.00998
47.0,4.25,descending,263.37
47.0,4.5,descending,263.1925
47.0,4.75,descending,263.0533
47.0,5.0,descending,262.72375
47.0,5.25,descending,262.78333
47.0,5.5,descending,263.4
47.0,5.75,descending,264.00833
47.0,6.0,descending,264.222
47.0,6.25,descending,263.725
47.0,6.5,descending,261.8557
47.0,6.75,descending,259.13397
47.0,7.0,descending,258.5357
47.0,7.25,descending,259.39166
47.0,7.5,descending,260.185
47.0,7.75,descending,259.0117
47.0,8.0,descending,255.85332
47.0,8.25,descending,252.09285
47.0,8.5,descending,248.86398
47.0,8.75,descending,247.21428
47.0,9.0,descending,246.074
47.0,9.25,descending,245.72833
47.0,9.5,descending,245.05666
47.0,9.75,descending,242.835
47.0,10.0,descending,238.2957
47.0,10.25,descending,237.128
47.0,10.5,descending,237.39
47.0,10.75,descending,237.79834
47.0,11.0,descending,240.41199
47.0,11.25,descending,244.80666
47.0,11.5,descending,246.95427
47.0,11.75,descending,245.97833
47.0,12.0,descending,243.92142
47.0,12.25,descending,242.88167
47.0,12.5,descending,243.88666
47.0,12.75,descending,245.62
47.0,13.0,descending,247.745
47.0,13.25,descending,249.93857
47.0,13.5,descending,251.43666
47.0,13.75,descending,252.78833
47.0,14.0,descending,255.38142
47.0,14.25,descending,257.74332
47.0,14.5,descending,258.1857
47.0,14.75,descending,257.82712
47.0,15.0,descending,256.42715
47.0,15.25,descending,251.9075
47.0,15.5,descending,248.24666
47.0,15.75,descending,246.74142
47.0,16.0,descending,247.64714
47.0,16.25,descending,250.05624
47.0,16.5,descending,251.61125
47.0,16.75,descending,254.46124
47.0,17.0,descending,257.0657
47.0,17.25,descending,259.10333
47.0,17.5,descending,259.4925
47.0,17.75,descending,260.19748
47.0,18.0,descending,260.6011
47.0,18.25,descending,260.91098
47.0,18.5,descending,261.201
47.0,18.75,descending,260.912
47.0,19.0,descending,261.13544
47.0,19.25,descending,261.9908
47.0,19.5,descending,262.15915
47.0,19.75,descending,261.37665
47.0,20.0,descending,260.0141
47.0,20.25,descending,258.78998
47.0,20.5,descending,258.10785
47.0,37.5,descending,230.29648
47.0,37.75,descending,227.37933
47.0,38.0,descending,227.38142
47.25,-13.0,descending,229.62334
47.25,-12.75,descending,229.49333
47.25,-12.5,descending,229.14714
47.25,-12.25,descending,226.98665
47.25,-12.0,descending,221.84666
47.25,-11.75,descending,216.14285
47.25,-11.5,descending,212.94499
47.25,-11.25,descending,211.85428
47.25,-11.0,descending,211.25334
47.25,-10.75,descending,210.96999
47.25,-10.5,descending,211.01428
47.25,-10.25,descending,211.33998
47.25,-10.0,descending,211.65714
47.25,-9.75,descending,212.27498
47.25,-9.5,descending,213.59285
47.25,-9.25,descending,214.81999
47.25,-9.0,descending,215.1157
47.25,-8.75,descending,214.09714
47.25,-8.5,descending,213.33144
47.25,-8.25,descending,212.86374
47.25,-8.0,descending,212.33667
47.25,-7.75,descending,211.76714
47.25,-7.5,descending,211.32332
47.25,-7.25,descending,211.09375
47.25,-7.0,descending,210.9857
47.25,-6.75,descending,210.78899
47.25,-6.5,descending,210.471
47.25,-6.25,descending,210.22427
47.25,-6.0,descending,210.07182
47.25,-5.75,descending,210.066
47.25,-5.5,descending,210.17099
47.25,-5.25,descending,210.36249
47.25,-5.0,descending,210.58154
47.25,-4.75,descending,210.77077
47.25,-4.5,descending,211.35176
47.25,-4.25,descending,213.0238
47.25,-4.0,descending,215.02
47.25,-1.25,descending,263.01
47.25,-1.0,descending,263.08118
47.25,-0.75,descending,263.14133
47.25,-0.5,descending,263.26083
47.25,-0.25,descending,263.37
47.25,0.0,descending,251.65285
47.25,0.25,descending,263.46198
47.25,0.5,descending,263.381
47.25,0.75,descending,263.33334
47.25,1.0,descending,263.30112
47.25,1.25,descending,263.12445
47.25,1.5,descending,262.89374
47.25,1.75,descending,262.7
47.25,2.0,descending,262.6825
47.25,2.25,descending,262.6275
47.25,2.5,descending,262.48285
47.25,2.75,descending,262.44833
47.25,3.0,descending,262.6825
47.25,3.25,descending,263.03198
47.25,3.5,descending,263.05222
47.25,3.75,descending,262.416
47.25,4.0,descending,261.75125
47.25,4.25,descending,261.37
47.25,4.5,descending,261.302
47.25,4.75,descending,261.68332
47.25,5.0,descending,261.87332
47.25,5.25,descending,261.998
47.25,5.5,descending,262.49167
47.25,5.75,descending,262.99
47.25,6.0,descending,263.01715
47.25,6.25,descending,262.69666
47.25,6.5,descending,262.46167
47.25,6.75,descending,261.66165
47.25,7.0,descending,260.86832
47.25,7.25,descending,261.28833
47.25,7.5,descending,262.492
47.25,7.75,descending,263.01334
47.25,8.0,descending,261.57333
47.25,8.25,descending,259.19
47.25,8.5,descending,256.54855
47.25,8.75,descending,254.7425
47.25,9.0,descending,253.95142
47.25,9.25,descending,252.946
47.25,9.5,descending,252.23999
47.25,9.75,descending,250.95
47.25,10.0,descending,246.67499
47.25,10.25,descending,242.88332
47.25,10.5,descending,243.38399
47.25,10.75,descending,242.95999
47.25,11.0,descending,243.29
47.25,11.25,descending,244.85
47.25,11.5,descending,246.156
47.25,11.75,descending,246.55165
47.25,12.0,descending,245.20142
47.25,12.25,descending,243.60832
47.25,12.5,descending,243.52
47.25,12.75,descending,244.4857
47.25,13.0,descending,245.96666
47.25,13.25,descending,247.84285
47.25,13.5,descending,249.21167
47.25,13.75,descending,250.19334
47.25,14.0,descending,252.65498
47.25,14.25,descending,254.75
47.25,14.5,descending,255.38857
47.25,14.75,descending,255.33598
47.25,15.0,descending,254.79285
47.25,15.25,descending,252.09332
47.25,15.5,descending,248.67429
47.25,15.75,descending,247.26
47.25,16.0,descending,247.05429
47.25,16.25,descending,247.01285
47.25,16.5,descending,246.8257
47.25,16.75,descending,248.73665
47.25,17.0,descending,252.97112
47.25,17.25,descending,255.33142
47.25,17.5,descending,255.54443
47.25,17.75,descending,255.51572
47.25,18.0,descending,255.26299
47.25,18.25,descending,256.82623
47.25,18.5,descending,258.35297
47.25,18.75,descending,259.36798
47.25,19.0,descending,260.198
47.25,19.25,descending,261.1918
47.25,19.5,descending,261.465
47.25,19.75,descending,261.205
47.25,20.0,descending,260.25714
47.25,20.25,descending,259.0594
47.25,20.5,descending,258.12848
47.25,20.75,descending,257.7625
47.25,37.5,descending,250.78572
47.25,37.75,descending,249.76266
47.25,38.0,descending,249.38571
47.5,-13.0,descending,230.14
47.5,-12.75,descending,230.34999
47.5,-12.5,descending,230.83571
47.5,-12.25,descending,229.94832
47.5,-12.0,descending,225.38
47.5,-11.75,descending,218.77
47.5,-11.5,descending,214.09332
47.5,-11.25,descending,212.23
47.5,-11.0,descending,211.45714
47.5,-10.75,descending,211.26666
47.5,-10.5,descending,211.23999
47.5,-10.25,descending,211.335
47.5,-10.0,descending,211.73856
47.5,-9.75,descending,212.28166
47.5,-9.5,descending,213.10667
47.5,-9.25,descending,214.01
47.5,-9.0,descending,214.37125
47.5,-8.75,descending,213.94165
47.5,-8.5,descending,213.54625
47.5,-8.25,descending,213.07875
47.5,-8.0,descending,212.405
47.5,-7.75,descending,211.82143
47.5,-7.5,descending,211.5
47.5,-7.25,descending,211.09
47.5,-7.0,descending,210.637
47.5,-6.75,descending,210.36
47.5,-6.5,descending,210.129
47.5,-6.25,descending,210.06198
47.5,-6.0,descending,210.11398
47.5,-5.75,descending,210.247
47.5,-5.5,descending,210.46399
47.5,-5.25,descending,210.76416
47.5,-5.0,descending,211.18307
47.5,-4.75,descending,211.72714
47.5,-4.5,descending,212.96112
47.5,-4.25,descending,215.56157
47.5,-4.0,descending,219.71048
47.5,-1.0,descending,262.90176
47.5,-0.75,descending,262.912
47.5,-0.5,descending,262.9823
47.5,-0.25,descending,263.18768
47.5,0.0,descending,258.75415
47.5,0.25,descending,263.4
47.5,0.5,descending,263.16098
47.5,0.75,descending,262.8111
47.5,1.0,descending,262.695
47.5,1.25,descending,262.81998
47.5,1.5,descending,262.94623
47.5,1.75,descending,262.9178
47.5,2.0,descending,262.90427
47.5,2.25,descending,262.9057
47.5,2.5,descending,262.7575
47.5,2.75,descending,262.52426
47.5,3.0,descending,262.54428
47.5,3.25,descending,262.85626
47.5,3.5,descending,263.12332
47.5,3.75,descending,262.91855
47.5,4.0,descending,262.07144
47.5,4.25,descending,260.705
47.5,4.5,descending,259.16
47.5,4.75,descending,258.52142
47.5,5.0,descending,260.02832
47.5,5.25,descending,261.45712
47.5,5.5,descending,262.16428
47.5,5.75,descending,262.69
47.5,6.0,descending,262.83334
47.5,6.25,descending,262.448
47.5,6.5,descending,262.17502
47.5,6.75,descending,262.225
47.5,7.0,descending,262.30402
47.5,7.25,descending,262.61166
47.5,7.5,descending,263.74286
47.5,7.75,descending,264.59
47.5,8.0,descending,264.42334
47.5,8.25,descending,263.16998
47.5,8.5,descending,261.41202
47.5,8.75,descending,260.06665
47.5,9.0,descending,259.14664
47.5,9.25,descending,256.92166
47.5,9.5,descending,256.72165
47.5,9.75,descending,256.715
47.5,10.0,descending,255.17998
47.5,10.25,descending,250.98999
47.5,10.5,descending,249.262
47.5,10.75,descending,249.22333
47.5,11.0,descending,249.31665
47.5,11.25,descending,248.75856
47.5,11.5,descending,248.60333
47.5,11.75,descending,249.17499
47.5,12.0,descending,249.10571
47.5,12.25,descending,247.58167
47.5,12.5,descending,246.88
47.5,12.75,descending,247.18286
47.5,13.0,descending,247.75832
47.5,13.25,descending,248.75334
47.5,13.5,descending,249.23714
47.5,13.75,descending,249.37834
47.5,14.0,descending,250.35143
47.5,14.25,descending,252.01332
47.5,14.5,descending,253.16167
47.5,14.75,descending,254.01999
47.5,15.0,descending,254.43333
47.5,15.25,descending,253.97714
47.5,15.5,descending,252.27284
47.5,15.75,descending,251.10143
47.5,16.0,descending,249.34999
47.5,16.25,descending,247.17285
47.5,16.5,descending,245.36427
47.5,16.75,descending,246.915
47.5,17.0,descending,251.17624
47.5,17.25,descending,252.71875
47.5,17.5,descending,251.995
47.5,17.75,descending,250.5211
47.5,18.0,descending,249.77249
47.5,18.25,descending,251.84
47.5,18.5,descending,254.4475
47.5,18.75,descending,256.43555
47.5,19.0,descending,257.81332
47.5,19.25,descending,258.945
47.5,19.5,descending,260.10153
47.5,19.75,descending,260.865
47.5,20.0,descending,260.35938
47.5,20.25,descending,259.4994
47.5,20.5,descending,258.89157
47.5,20.75,descending,258.60944
47.5,37.5,descending,259.214
47.5,37.75,descending,260.0953
47.5,38.0,descending,260.8425
47.75,-13.0,descending,231.33667
47.75,-12.75,descending,232.30856
47.75,-12.5,descending,233.48499
47.75,-12.25,descending,232.98833
47.75,-12.0,descending,228.77666
47.75,-11.75,descending,221.84143
47.75,-11.5,descending,216.03833
47.75,-11.25,descending,213.23833
47.75,-11.0,descending,212.10855
47.75,-10.75,descending,211.96
47.75,-10.5,descending,211.724
47.75,-10.25,descending,211.55286
47.75,-10.0,descending,211.885
47.75,-9.75,descending,212.37285
47.75,-9.5,descending,212.98334
47.75,-9.25,descending,213.62831
47.75,-9.0,descending,214.06857
47.75,-8.75,descending,214.16713
47.75,-8.5,descending,213.86427
47.75,-8.25,descending,213.19666
47.75,-8.0,descending,212.52856
47.75,-7.75,descending,212.1843
47.75,-7.5,descending,212.1375
47.75,-7.25,descending,211.43834
47.75,-7.0,descending,210.535
47.75,-6.75,descending,210.07124
47.75,-6.5,descending,209.92249
47.75,-6.25,descending,210.031
47.75,-6.0,descending,210.35
47.75,-5.75,descending,210.77556
47.75,-5.5,descending,211.26454
47.75,-5.25,descending,211.95898
47.75,-5.0,descending,213.23665
47.75,-4.75,descending,215.72833
47.75,-4.5,descending,220.99356
47.75,-4.25,descending,227.228
47.75,-4.0,descending,233.9179
47.75,-3.75,descending,241.31416
47.75,-1.0,descending,263.29126
47.75,-0.75,descending,263.284
47.75,-0.5,descending,263.28
47.75,-0.25,descending,263.3591
47.75,0.0,descending,251.5
47.75,0.25,descending,263.48273
47.75,0.5,descending,263.116
47.75,0.75,descending,262.51776
47.75,1.0,descending,262.09222
47.75,1.25,descending,262.0657
47.75,1.5,descending,262.3375
47.75,1.75,descending,262.57874
47.75,2.0,descending,262.74374
47.75,2.25,descending,262.81125
47.75,2.5,descending,262.76834
47.75,2.75,descending,262.585
47.75,3.0,descending,262.5
47.75,3.25,descending,262.57428
47.75,3.5,descending,262.7757
47.75,3.75,descending,262.83
47.75,4.0,descending,262.71664
47.75,4.25,descending,261.8814
47.75,4.5,descending,259.92
47.75,4.75,descending,257.5
47.75,5.0,descending,257.59
47.75,5.25,descending,259.69284
47.75,5.5,descending,261.74
47.75,5.75,descending,262.564
47.75,6.0,descending,262.685
47.75,6.25,descending,262.41333
47.75,6.5,descending,262.095
47.75,6.75,descending,262.16284
47.75,7.0,descending,262.44165
47.75,7.25,descending,262.796
47.75,7.5,descending,263.73
47.75,7.75,descending,264.934
47.75,8.0,descending,265.42166
47.75,8.25,descending,264.628
47.75,8.5,descending,263.36166
47.75,8.75,descending,261.79834
47.75,9.0,descending,260.1575
47.75,9.25,descending,257.61856
47.75,9.5,descending,256.93198
47.75,9.75,descending,258.77997
47.75,10.0,descending,259.19
47.75,10.25,descending,257.408
47.75,10.5,descending,255.20714
47.75,10.75,descending,254.09799
47.75,11.0,descending,253.96399
47.75,11.25,descending,253.72499
47.75,11.5,descending,253.31499
47.75,11.75,descending,253.26999
47.75,12.0,descending,252.54
47.75,12.25,descending,250.9075
47.75,12.5,descending,250.31334
47.75,12.75,descending,249.895
47.75,13.0,descending,249.86333
47.75,13.25,descending,250.15999
47.75,13.5,descending,249.99571
47.75,13.75,descending,249.54999
47.75,14.0,descending,249.635
47.75,14.25,descending,250.89143
47.75,14.5,descending,252.54668
47.75,14.75,descending,253.47
47.75,15.0,descending,254.33833
47.75,15.25,descending,255.02998
47.75,15.5,descending,255.2057
47.75,15.75,descending,254.43834
47.75,16.0,descending,252.50572
47.75,16.25,descending,249.55429
47.75,16.5,descending,248.19142
47.75,16.75,descending,250.46286
47.75,17.0,descending,252.97374
47.75,17.25,descending,252.98999
47.75,17.5,descending,252.21625
47.75,17.75,descending,250.77571
47.75,18.0,descending,249.87999
47.75,18.25,descending,249.25143
47.75,18.5,descending,250.496
47.75,18.75,descending,252.06699
47.75,19.0,descending,253.804
47.75,19.25,descending,255.78198
47.75,19.5,descending,258.09
47.75,19.75,descending,259.56918
47.75,20.0,descending,259.86154
47.75,20.25,descending,259.75385
47.75,20.5,descending,259.66177
47.75,20.75,descending,259.5858
47.75,21.0,descending,259.7682
47.75,37.5,descending,262.43668
47.75,37.75,descending,262.47116
47.75,38.0,descending,262.75284
48.0,-13.0,descending,232.17
48.0,-12.75,descending,233.70401
48.0,-12.5,descending,235.7
48.0,-12.25,descending,235.64
48.0,-12.0,descending,232.13832
48.0,-11.75,descending,225.40285
48.0,-11.5,descending,218.74333
48.0,-11.25,descending,214.90833
48.0,-11.0,descending,213.06857
48.0,-10.75,descending,212.64166
48.0,-10.5,descending,212.08
48.0,-10.25,descending,211.67665
48.0,-10.0,descending,211.87143
48.0,-9.75,descending,212.32832
48.0,-9.5,descending,212.775
48.0,-9.25,descending,213.25832
48.0,-9.0,descending,213.68857
48.0,-8.75,descending,213.97333
48.0,-8.5,descending,213.63374
48.0,-8.25,descending,212.95833
48.0,-8.0,descending,212.45375
48.0,-7.75,descending,212.74625
48.0,-7.5,descending,212.99857
48.0,-7.25,descending,211.67499
48.0,-7.0,descending,210.45999
48.0,-6.75,descending,210.0
48.0,-6.5,descending,210.02374
48.0,-6.25,descending,210.495
48.0,-6.0,descending,211.61699
48.0,-5.75,descending,212.56
48.0,-5.5,descending,213.1925
48.0,-5.25,descending,214.699
48.0,-5.0,descending,218.09454
48.0,-4.75,descending,227.19
48.0,-4.5,descending,238.50856
48.0,-4.25,descending,248.14285
48.0,-4.0,descending,255.60721
48.0,-3.75,descending,260.81497
48.0,-3.5,descending,263.8375
48.0,-1.0,descending,263.30463
48.0,-0.75,descending,263.33063
48.0,-0.5,descending,263.33142
48.0,-0.25,descending,263.365
48.0,0.0,descending,259.12076
48.0,0.25,descending,263.465
48.0,0.5,descending,263.2191
48.0,0.75,descending,262.5711
48.0,1.0,descending,261.848
48.0,1.25,descending,261.52554
48.0,1.5,descending,261.688
48.0,1.75,descending,262.05142
48.0,2.0,descending,262.3622
48.0,2.25,descending,262.55875
48.0,2.5,descending,262.63748
48.0,2.75,descending,262.4771
48.0,3.0,descending,262.26443
48.0,3.25,descending,262.30856
48.0,3.5,descending,262.44714
48.0,3.75,descending,262.51834
48.0,4.0,descending,262.53287
48.0,4.25,descending,262.3857
48.0,4.5,descending,261.81
48.0,4.75,descending,260.10858
48.0,5.0,descending,258.6825
48.0,5.25,descending,259.09198
48.0,5.5,descending,260.846
48.0,5.75,descending,262.31998
48.0,6.0,descending,262.55286
48.0,6.25,descending,261.97833
48.0,6.5,descending,261.44333
48.0,6.75,descending,261.80402
48.0,7.0,descending,262.50333
48.0,7.25,descending,262.74832
48.0,7.5,descending,263.06
48.0,7.75,descending,264.50665
48.0,8.0,descending,265.49
48.0,8.25,descending,264.97165
48.0,8.5,descending,263.43665
48.0,8.75,descending,262.352
48.0,9.0,descending,260.52286
48.0,9.25,descending,258.2
48.0,9.5,descending,256.95712
48.0,9.75,descending,257.81998
48.0,10.0,descending,258.82166
48.0,10.25,descending,258.78165
48.0,10.5,descending,257.78198
48.0,10.75,descending,257.15332
48.0,11.0,descending,256.8943
48.0,11.25,descending,257.30798
48.0,11.5,descending,257.725
48.0,11.75,descending,257.85715
48.0,12.0,descending,256.05
48.0,12.25,descending,253.53333
48.0,12.5,descending,251.58798
48.0,12.75,descending,250.1975
48.0,13.0,descending,249.53749
48.0,13.25,descending,249.435
48.0,13.5,descending,248.872
48.0,13.75,descending,248.34499
48.0,14.0,descending,248.5
48.0,14.25,descending,249.825
48.0,14.5,descending,251.44713
48.0,14.75,descending,252.35999
48.0,15.0,descending,253.72142
48.0,15.25,descending,254.93333
48.0,15.5,descending,255.58571
48.0,15.75,descending,255.48714
48.0,16.0,descending,254.10143
48.0,16.25,descending,252.4857
48.0,16.5,descending,252.48125
48.0,16.75,descending,254.1843
48.0,17.0,descending,255.16713
48.0,17.25,descending,254.94624
48.0,17.5,descending,255.01874
48.0,17.75,descending,254.13998
48.0,18.0,descending,249.57332
48.0,18.25,descending,244.1725
48.0,18.5,descending,242.84554
48.0,18.75,descending,244.36899
48.0,19.0,descending,247.35
48.0,19.25,descending,250.753
48.0,19.5,descending,253.825
48.0,19.75,descending,256.3027
48.0,20.0,descending,257.26498
48.0,20.25,descending,258.25287
48.0,20.5,descending,259.40063
48.0,20.75,descending,260.0589
48.0,21.0,descending,260.4509
48.0,21.25,descending,260.40997
48.0,37.5,descending,262.62
48.0,37.75,descending,262.48294
48.0,38.0,descending,262.46332
48.25,-13.0,descending,231.465
48.25,-12.75,descending,233.37
48.25,-12.5,descending,235.94
48.25,-12.25,descending,236.01498
48.25,-12.0,descending,233.74428
48.25,-11.75,descending,228.39998
48.25,-11.5,descending,221.915
48.25,-11.25,descending,216.81999
48.25,-11.0,descending,214.04857
48.25,-10.75,descending,213.168
48.25,-10.5,descending,212.326
48.25,-10.25,descending,211.79999
48.25,-10.0,descending,211.8157
48.25,-9.75,descending,212.12334
48.25,-9.5,descending,212.37798
48.25,-9.25,descending,212.59427
48.25,-9.0,descending,212.86833
48.25,-8.75,descending,213.32143
48.25,-8.5,descending,213.06831
48.25,-8.25,descending,212.68999
48.25,-8.0,descending,212.74142
48.25,-7.75,descending,213.55284
48.25,-7.5,descending,213.62125
48.25,-7.25,descending,212.22714
48.25,-7.0,descending,210.75334
48.25,-6.75,descending,210.305
48.25,-6.5,descending,210.84749
48.25,-6.25,descending,212.14
48.25,-6.0,descending,213.85666
48.25,-5.75,descending,214.89333
48.25,-5.5,descending,215.56999
48.25,-5.25,descending,217.81444
48.25,-5.0,descending,225.01636
48.25,-4.75,descending,237.45901
48.25,-4.5,descending,252.41075
48.25,-4.25,descending,262.46573
48.25,-4.0,descending,267.044
48.25,-3.75,descending,267.79788
48.25,-3.5,descending,266.34946
48.25,-1.0,descending,263.341
48.25,-0.75,descending,263.35666
48.25,-0.5,descending,263.3692
48.25,-0.25,descending,263.39923
48.25,0.0,descending,255.38213
48.25,0.25,descending,263.42
48.25,0.5,descending,263.289
48.25,0.75,descending,262.8975
48.25,1.0,descending,261.97998
48.25,1.25,descending,261.11887
48.25,1.5,descending,260.93375
48.25,1.75,descending,261.45
48.25,2.0,descending,261.93573
48.25,2.25,descending,262.26572
48.25,2.5,descending,262.4225
48.25,2.75,descending,262.29572
48.25,3.0,descending,262.04666
48.25,3.25,descending,261.98
48.25,3.5,descending,262.14667
48.25,3.75,descending,262.28854
48.25,4.0,descending,262.13428
48.25,4.25,descending,261.928
48.25,4.5,descending,261.86285
48.25,4.75,descending,261.505
48.25,5.0,descending,260.84
48.25,5.25,descending,260.26498
48.25,5.5,descending,260.6225
48.25,5.75,descending,261.77332
48.25,6.0,descending,262.38666
48.25,6.25,descending,262.202
48.25,6.5,descending,261.51834
48.25,6.75,descending,261.44165
48.25,7.0,descending,262.30426
48.25,7.25,descending,262.982
48.25,7.5,descending,262.94333
48.25,7.75,descending,263.58398
48.25,8.0,descending,264.97284
48.25,8.25,descending,264.87997
48.25,8.5,descending,263.18167
48.25,8.75,descending,262.03
48.25,9.0,descending,261.41998
48.25,9.25,descending,259.95145
48.25,9.5,descending,257.5375
48.25,9.75,descending,256.37
48.25,10.0,descending,256.0125
48.25,10.25,descending,256.06143
48.25,10.5,descending,256.914
48.25,10.75,descending,257.21835
48.25,11.0,descending,258.19333
48.25,11.25,descending,258.90997
48.25,11.5,descending,259.508
48.25,11.75,descending,259.43
48.25,12.0,descending,257.96335
48.25,12.25,descending,254.62834
48.25,12.5,descending,250.7357
48.25,12.75,descending,247.89832
48.25,13.0,descending,246.81334
48.25,13.25,descending,246.42332
48.25,13.5,descending,245.56857
48.25,13.75,descending,245.39166
48.25,14.0,descending,246.77167
48.25,14.25,descending,248.83667
48.25,14.5,descending,250.5
48.25,14.75,descending,251.406
48.25,15.0,descending,252.86665
48.25,15.25,descending,254.10286
48.25,15.5,descending,254.48665
48.25,15.75,descending,254.87334
48.25,16.0,descending,254.01332
48.25,16.25,descending,253.00667
48.25,16.5,descending,252.82857
48.25,16.75,descending,254.70427
48.25,17.0,descending,255.22714
48.25,17.25,descending,254.91142
48.25,17.5,descending,254.37125
48.25,17.75,descending,250.82623
48.25,18.0,descending,241.70142
48.25,18.25,descending,235.34442
48.25,18.5,descending,235.13284
48.25,18.75,descending,238.91667
48.25,19.0,descending,242.03598
48.25,19.25,descending,245.681
48.25,19.5,descending,248.767
48.25,19.75,descending,251.4418
48.25,20.0,descending,253.97333
48.25,20.25,descending,256.53455
48.25,20.5,descending,258.605
48.25,20.75,descending,260.0559
48.25,21.0,descending,260.20612
48.25,21.25,descending,259.53
48.25,37.5,descending,262.49
48.25,37.75,descending,262.2825
48.25,38.0,descending,262.06775
48.5,-13.0,descending,229.23334
48.5,-12.75,descending,231.93166
48.5,-12.5,descending,234.35167
48.5,-12.25,descending,234.645
48.5,-12.0,descending,233.93748
48.5,-11.75,descending,231.635
48.5,-11.5,descending,225.5
48.5,-11.25,descending,219.0425
48.5,-11.0,descending,215.36499
48.5,-10.75,descending,213.70833
48.5,-10.5,descending,212.77666
48.5,-10.25,descending,212.065
48.5,-10.0,descending,211.84833
48.5,-9.75,descending,212.02
48.5,-9.5,descending,212.1525
48.5,-9.25,descending,212.19
48.5,-9.0,descending,212.46999
48.5,-8.75,descending,212.96286
48.5,-8.5,descending,213.32286
48.5,-8.25,descending,213.53285
48.5,-8.0,descending,214.10571
48.5,-7.75,descending,214.61856
48.5,-7.5,descending,214.09125
48.5,-7.25,descending,212.55374
48.5,-7.0,descending,211.42
48.5,-6.75,descending,211.415
48.5,-6.5,descending,212.14
48.5,-6.25,descending,213.89374
48.5,-6.0,descending,215.19
48.5,-5.75,descending,215.69667
48.5,-5.5,descending,216.60443
48.5,-5.25,descending,219.91
48.5,-5.0,descending,229.18416
48.5,-4.75,descending,243.398
48.5,-4.5,descending,254.46832
48.5,-4.25,descending,260.5975
48.5,-4.0,descending,263.44937
48.5,-3.75,descending,263.6347
48.5,-3.5,descending,263.1262
48.5,-3.25,descending,260.881
48.5,-1.0,descending,263.242
48.5,-0.75,descending,263.29822
48.5,-0.5,descending,263.43073
48.5,-0.25,descending,263.53333
48.5,0.0,descending,259.2446
48.5,0.25,descending,263.50363
48.5,0.5,descending,263.312
48.5,0.75,descending,262.9136
48.5,1.0,descending,262.27444
48.5,1.25,descending,261.39624
48.5,1.5,descending,260.70874
48.5,1.75,descending,260.49777
48.5,2.0,descending,260.77124
48.5,2.25,descending,261.35748
48.5,2.5,descending,261.71124
48.5,2.75,descending,261.93375
48.5,3.0,descending,261.93375
48.5,3.25,descending,261.82498
48.5,3.5,descending,261.87125
48.5,3.75,descending,261.90427
48.5,4.0,descending,261.82166
48.5,4.25,descending,261.47998
48.5,4.5,descending,261.16998
48.5,4.75,descending,261.23666
48.5,5.0,descending,261.4
48.5,5.25,descending,261.33197
48.5,5.5,descending,261.375
48.5,5.75,descending,261.654
48.5,6.0,descending,262.12167
48.5,6.25,descending,262.24167
48.5,6.5,descending,262.1314
48.5,6.75,descending,262.23
48.5,7.0,descending,262.788
48.5,7.25,descending,263.19833
48.5,7.5,descending,262.7757
48.5,7.75,descending,262.68997
48.5,8.0,descending,264.402
48.5,8.25,descending,265.122
48.5,8.5,descending,263.23
48.5,8.75,descending,261.435
48.5,9.0,descending,261.49
48.5,9.25,descending,261.51666
48.5,9.5,descending,259.81665
48.5,9.75,descending,257.365
48.5,10.0,descending,254.605
48.5,10.25,descending,252.974
48.5,10.5,descending,253.58
48.5,10.75,descending,255.11398
48.5,11.0,descending,257.11002
48.5,11.25,descending,258.77832
48.5,11.5,descending,258.96
48.5,11.75,descending,257.6275
48.5,12.0,descending,254.64333
48.5,12.25,descending,251.135
48.5,12.5,descending,246.77856
48.5,12.75,descending,243.53333
48.5,13.0,descending,242.93834
48.5,13.25,descending,243.10834
48.5,13.5,descending,243.32571
48.5,13.75,descending,244.90833
48.5,14.0,descending,247.53333
48.5,14.25,descending,249.76666
48.5,14.5,descending,251.10167
48.5,14.75,descending,252.25499
48.5,15.0,descending,253.14665
48.5,15.25,descending,253.58832
48.5,15.5,descending,253.23999
48.5,15.75,descending,253.45999
48.5,16.0,descending,252.46428
48.5,16.25,descending,250.46143
48.5,16.5,descending,249.89333
48.5,16.75,descending,251.4825
48.5,17.0,descending,251.44
48.5,17.25,descending,249.92285
48.5,17.5,descending,247.27284
48.5,17.75,descending,241.38875
48.5,18.0,descending,233.31999
48.5,18.25,descending,231.79285
48.5,18.5,descending,236.43698
48.5,18.75,descending,240.31999
48.5,19.0,descending,241.795
48.5,19.25,descending,243.78201
48.5,19.5,descending,246.373
48.5,19.75,descending,249.14299
48.5,20.0,descending,252.29819
48.5,20.25,descending,255.1925
48.5,20.5,descending,257.33844
48.5,20.75,descending,258.35867
48.5,21.0,descending,258.09705
48.5,21.25,descending,257.1368
48.5,21.5,descending,255.80556
48.5,37.75,descending,261.96573
48.5,38.0,descending,261.83112
48.75,-13.0,descending,226.44666
48.75,-12.75,descending,229.46
48.75,-12.5,descending,232.43166
48.75,-12.25,descending,232.93333
48.75,-12.0,descending,233.55165
48.75,-11.75,descending,233.56142
48.75,-11.5,descending,228.31667
48.75,-11.25,descending,221.10832
48.75,-11.0,descending,216.58
48.75,-10.75,descending,214.69499
48.75,-10.5,descending,213.45427
48.75,-10.25,descending,212.36665
48.75,-10.0,descending,211.89667
48.75,-9.75,descending,212.065
48.75,-9.5,descending,212.32832
48.75,-9.25,descending,212.41167
48.75,-9.0,descending,212.72166
48.75,-8.75,descending,213.46167
48.75,-8.5,descending,214.68713
48.75,-8.25,descending,215.51
48.75,-8.0,descending,215.8157
48.75,-7.75,descending,215.30142
48.75,-7.5,descending,214.51
48.75,-7.25,descending,213.78142
48.75,-7.0,descending,213.01285
48.75,-6.75,descending,212.89429
48.75,-6.5,descending,213.29333
48.75,-6.25,descending,214.15887
48.75,-6.0,descending,214.89714
48.75,-5.75,descending,215.194
48.75,-5.5,descending,216.20776
48.75,-5.25,descending,219.48572
48.75,-5.0,descending,226.85222
48.75,-4.75,descending,235.84999
48.75,-4.5,descending,240.82999
48.75,-4.25,descending,246.26599
48.75,-4.0,descending,246.57286
48.75,-3.75,descending,248.99266
48.75,-3.5,descending,251.07666
48.75,-3.25,descending,246.48332
48.75,-3.0,descending,237.64
48.75,-1.0,descending,262.77
48.75,-0.75,descending,262.64813
48.75,-0.5,descending,263.03928
48.75,-0.25,descending,263.4107
48.75,0.0,descending,254.83768
48.75,0.25,descending,263.49832
48.75,0.5,descending,263.19223
48.75,0.75,descending,262.74374
48.75,1.0,descending,262.28
48.75,1.25,descending,261.75998
48.75,1.5,descending,261.1778
48.75,1.75,descending,260.6857
48.75,2.0,descending,260.16498
48.75,2.25,descending,259.72125
48.75,2.5,descending,260.17715
48.75,2.75,descending,260.84283
48.75,3.0,descending,261.45856
48.75,3.25,descending,261.75998
48.75,3.5,descending,261.76715
48.75,3.75,descending,261.75
48.75,4.0,descending,261.68283
48.75,4.25,descending,261.548
48.75,4.5,descending,261.2333
48.75,4.75,descending,261.09332
48.75,5.0,descending,261.41855
48.75,5.25,descending,261.75168
48.75,5.5,descending,261.82166
48.75,5.75,descending,261.8057
48.75,6.0,descending,261.81284
48.75,6.25,descending,261.87332
48.75,6.5,descending,261.98666
48.75,6.75,descending,262.28598
48.75,7.0,descending,262.92334
48.75,7.25,descending,263.48
48.75,7.5,descending,262.974
48.75,7.75,descending,262.11798
48.75,8.0,descending,262.66666
48.75,8.25,descending,264.46167
48.75,8.5,descending,263.94598
48.75,8.75,descending,262.16998
48.75,9.0,descending,261.29
48.75,9.25,descending,261.705
48.75,9.5,descending,261.52856
48.75,9.75,descending,260.2175
48.75,10.0,descending,256.57855
48.75,10.25,descending,253.25798
48.75,10.5,descending,251.98332
48.75,10.75,descending,253.40999
48.75,11.0,descending,255.285
48.75,11.25,descending,257.22165
48.75,11.5,descending,256.68832
48.75,11.75,descending,254.44
48.75,12.0,descending,250.445
48.75,12.25,descending,245.71199
48.75,12.5,descending,242.23856
48.75,12.75,descending,241.13332
48.75,13.0,descending,242.41667
48.75,13.25,descending,243.97333
48.75,13.5,descending,245.47499
48.75,13.75,descending,247.86856
48.75,14.0,descending,250.11665
48.75,14.25,descending,251.09833
48.75,14.5,descending,251.79167
48.75,14.75,descending,252.63666
48.75,15.0,descending,252.93166
48.75,15.25,descending,251.83998
48.75,15.5,descending,250.59001
48.75,15.75,descending,250.91833
48.75,16.0,descending,250.11856
48.75,16.25,descending,247.04
48.75,16.5,descending,245.4157
48.75,16.75,descending,245.83858
48.75,17.0,descending,244.55333
48.75,17.25,descending,242.38713
48.75,17.5,descending,239.80714
48.75,17.75,descending,236.02249
48.75,18.0,descending,233.72333
48.75,18.25,descending,236.56499
48.75,18.5,descending,241.29875
48.75,18.75,descending,243.75874
48.75,19.0,descending,244.38875
48.75,19.25,descending,246.11499
48.75,19.5,descending,248.07901
48.75,19.75,descending,249.7525
48.75,20.0,descending,251.76
48.75,20.25,descending,253.15201
48.75,20.5,descending,253.93614
48.75,20.75,descending,253.83998
48.75,21.0,descending,253.12999
48.75,21.25,descending,252.31529
48.75,21.5,descending,251.946
48.75,21.75,descending,251.04999
48.75,37.75,descending,261.57916
48.75,38.0,descending,261.6211
49.0,-13.0,descending,223.81
49.0,-12.75,descending,226.79199
49.0,-12.5,descending,230.64333
49.0,-12.25,descending,232.65999
49.0,-12.0,descending,234.13284
49.0,-11.75,descending,235.62166
49.0,-11.5,descending,231.96167
49.0,-11.25,descending,224.24834
49.0,-11.0,descending,218.17165
49.0,-10.75,descending,215.43666
49.0,-10.5,descending,213.99666
49.0,-10.25,descending,212.62572
49.0,-10.0,descending,211.85667
49.0,-9.75,descending,212.02167
49.0,-9.5,descending,212.47333
49.0,-9.25,descending,212.68713
49.0,-9.0,descending,213.10834
49.0,-8.75,descending,214.34143
49.0,-8.5,descending,215.84499
49.0,-8.25,descending,216.9225
49.0,-8.0,descending,216.59666
49.0,-7.75,descending,215.6175
49.0,-7.5,descending,215.03572
49.0,-7.25,descending,214.98
49.0,-7.0,descending,214.78
49.0,-6.75,descending,214.1657
49.0,-6.5,descending,213.75111
49.0,-6.25,descending,213.9
49.0,-6.0,descending,214.0611
49.0,-5.75,descending,214.41124
49.0,-5.5,descending,215.29099
49.0,-5.25,descending,217.2275
49.0,-5.0,descending,220.98502
49.0,-4.75,descending,224.056
49.0,-4.5,descending,226.77725
49.0,-4.25,descending,228.56416
49.0,-4.0,descending,229.90384
49.0,-3.75,descending,232.38666
49.0,-3.5,descending,233.34332
49.0,-3.25,descending,228.78944
49.0,-3.0,descending,225.09389
49.0,-0.75,descending,260.09705
49.0,-0.5,descending,261.29562
49.0,-0.25,descending,262.06384
49.0,0.0,descending,254.66785
49.0,0.25,descending,262.89636
49.0,0.5,descending,262.7991
49.0,0.75,descending,262.3711
49.0,1.0,descending,261.904
49.0,1.25,descending,261.62875
49.0,1.5,descending,261.39777
49.0,1.75,descending,261.0925
49.0,2.0,descending,260.47873
49.0,2.25,descending,259.82285
49.0,2.5,descending,259.2675
49.0,2.75,descending,259.8
49.0,3.0,descending,260.705
49.0,3.25,descending,261.50125
49.0,3.5,descending,261.81833
49.0,3.75,descending,261.84375
49.0,4.0,descending,261.77286
49.0,4.25,descending,261.6843
49.0,4.5,descending,261.67123
49.0,4.75,descending,261.67166
49.0,5.0,descending,261.806
49.0,5.25,descending,261.94666
49.0,5.5,descending,261.96667
49.0,5.75,descending,261.746
49.0,6.0,descending,261.51334
49.0,6.25,descending,261.52
49.0,6.5,descending,261.654
49.0,6.75,descending,261.85666
49.0,7.0,descending,262.41287
49.0,7.25,descending,263.20197
49.0,7.5,descending,263.5
49.0,7.75,descending,262.79715
49.0,8.0,descending,262.23166
49.0,8.25,descending,262.88998
49.0,8.5,descending,263.3057
49.0,8.75,descending,262.295
49.0,9.0,descending,261.31403
49.0,9.25,descending,261.37
49.0,9.5,descending,261.9
49.0,9.75,descending,261.3057
49.0,10.0,descending,259.23248
49.0,10.25,descending,256.24
49.0,10.5,descending,253.75166
49.0,10.75,descending,254.45833
49.0,11.0,descending,255.68333
49.0,11.25,descending,256.22998
49.0,11.5,descending,254.97667
49.0,11.75,descending,252.26166
49.0,12.0,descending,247.985
49.0,12.25,descending,243.71333
49.0,12.5,descending,242.01799
49.0,12.75,descending,243.60333
49.0,13.0,descending,246.27666
49.0,13.25,descending,248.31667
49.0,13.5,descending,249.61499
49.0,13.75,descending,250.64
49.0,14.0,descending,250.48833
49.0,14.25,descending,249.71666
49.0,14.5,descending,249.86333
49.0,14.75,descending,250.64333
49.0,15.0,descending,251.18286
49.0,15.25,descending,248.85333
49.0,15.5,descending,247.13167
49.0,15.75,descending,247.4157
49.0,16.0,descending,247.57166
49.0,16.25,descending,244.0125
49.0,16.5,descending,241.92499
49.0,16.75,descending,241.09856
49.0,17.0,descending,239.81714
49.0,17.25,descending,237.47874
49.0,17.5,descending,237.55142
49.0,17.75,descending,238.5
49.0,18.0,descending,239.8075
49.0,18.25,descending,242.61874
49.0,18.5,descending,245.685
49.0,18.75,descending,246.65
49.0,19.0,descending,247.65625
49.0,19.25,descending,248.71666
49.0,19.5,descending,248.92665
49.0,19.75,descending,249.51624
49.0,20.0,descending,249.40819
49.0,20.25,descending,248.872
49.0,20.5,descending,247.8925
49.0,20.75,descending,247.51384
49.0,21.0,descending,247.00691
49.0,21.25,descending,246.84352
49.0,21.5,descending,248.05904
49.0,21.75,descending,249.85786
49.0,37.75,descending,260.44855
49.0,38.0,descending,260.542
49.25,-13.0,descending,222.87666
49.25,-12.75,descending,224.608
49.25,-12.5,descending,228.86
49.25,-12.25,descending,233.346
49.25,-12.0,descending,236.02713
49.25,-11.75,descending,237.09999
49.25,-11.5,descending,233.27998
49.25,-11.25,descending,225.47833
49.25,-11.0,descending,218.82166
49.25,-10.75,descending,215.63666
49.25,-10.5,descending,214.03166
49.25,-10.25,descending,212.71
49.25,-10.0,descending,211.82571
49.25,-9.75,descending,211.82332
49.25,-9.5,descending,212.30165
49.25,-9.25,descending,212.60832
49.25,-9.0,descending,212.90166
49.25,-8.75,descending,214.03499
49.25,-8.5,descending,215.90498
49.25,-8.25,descending,216.77333
49.25,-8.0,descending,216.56285
49.25,-7.75,descending,215.93666
49.25,-7.5,descending,215.60999
49.25,-7.25,descending,215.86284
49.25,-7.0,descending,215.75856
49.25,-6.75,descending,214.85875
49.25,-6.5,descending,213.95999
49.25,-6.25,descending,213.6075
49.25,-6.0,descending,213.56625
49.25,-5.75,descending,213.65
49.25,-5.5,descending,214.09666
49.25,-5.25,descending,215.14125
49.25,-5.0,descending,216.78198
49.25,-4.75,descending,217.85999
49.25,-4.5,descending,219.28198
49.25,-4.25,descending,220.36699
49.25,-4.0,descending,221.45306
49.25,-3.75,descending,223.06166
49.25,-3.5,descending,222.905
49.25,-3.25,descending,220.82666
49.25,-3.0,descending,219.63118
49.25,-2.75,descending,219.05182
49.25,-0.75,descending,249.94714
49.25,-0.5,descending,252.35268
49.25,-0.25,descending,253.31581
49.25,0.0,descending,248.42308
49.25,0.25,descending,258.38
49.25,0.5,descending,261.05362
49.25,0.75,descending,261.577
49.25,1.0,descending,261.43665
49.25,1.25,descending,261.35666
49.25,1.5,descending,261.31625
49.25,1.75,descending,261.3125
49.25,2.0,descending,261.25372
49.25,2.25,descending,260.9275
49.25,2.5,descending,260.44855
49.25,2.75,descending,260.42572
49.25,3.0,descending,260.77286
49.25,3.25,descending,261.40833
49.25,3.5,descending,261.82428
49.25,3.75,descending,261.99832
49.25,4.0,descending,261.95334
49.25,4.25,descending,261.95856
49.25,4.5,descending,262.048
49.25,4.75,descending,262.26572
49.25,5.0,descending,262.43857
49.25,5.25,descending,262.36002
49.25,5.5,descending,262.01334
49.25,5.75,descending,261.61166
49.25,6.0,descending,261.26666
49.25,6.25,descending,261.19833
49.25,6.5,descending,261.41858
49.25,6.75,descending,261.6
49.25,7.0,descending,261.902
49.25,7.25,descending,262.59833
49.25,7.5,descending,263.34164
49.25,7.75,descending,263.63998
49.25,8.0,descending,262.8633
49.25,8.25,descending,261.7983
49.25,8.5,descending,261.848
49.25,8.75,descending,261.692
49.25,9.0,descending,260.62167
49.25,9.25,descending,260.2825
49.25,9.5,descending,260.56
49.25,9.75,descending,260.8575
49.25,10.0,descending,259.79498
49.25,10.25,descending,257.748
49.25,10.5,descending,255.77998
49.25,10.75,descending,255.82248
49.25,11.0,descending,256.64664
49.25,11.25,descending,256.31833
49.25,11.5,descending,254.685
49.25,11.75,descending,251.88199
49.25,12.0,descending,248.29143
49.25,12.25,descending,245.33998
49.25,12.5,descending,244.948
49.25,12.75,descending,246.745
49.25,13.0,descending,248.978
49.25,13.25,descending,250.33667
49.25,13.5,descending,250.74165
49.25,13.75,descending,249.86833
49.25,14.0,descending,247.92
49.25,14.25,descending,246.44499
49.25,14.5,descending,246.53499
49.25,14.75,descending,248.04
49.25,15.0,descending,248.57332
49.25,15.25,descending,247.0
49.25,15.5,descending,245.21571
49.25,15.75,descending,244.75798
49.25,16.0,descending,244.93166
49.25,16.25,descending,243.19666
49.25,16.5,descending,241.45857
49.25,16.75,descending,240.37334
49.25,17.0,descending,237.97333
49.25,17.25,descending,235.88284
49.25,17.5,descending,238.48286
49.25,17.75,descending,243.1157
49.25,18.0,descending,246.64143
49.25,18.25,descending,248.24571
49.25,18.5,descending,249.0575
49.25,18.75,descending,249.06888
49.25,19.0,descending,249.81374
49.25,19.25,descending,249.18666
49.25,19.5,descending,248.05779
49.25,19.75,descending,247.26714
49.25,20.0,descending,245.7425
49.25,20.25,descending,244.873
49.25,20.5,descending,244.90666
49.25,20.75,descending,245.095
49.25,21.0,descending,244.82462
49.25,21.25,descending,245.31
49.25,21.5,descending,247.54666
49.25,21.75,descending,250.26855
49.25,22.0,descending,251.88124
49.25,37.75,descending,257.19598
49.25,38.0,descending,255.99272
49.5,-13.0,descending,223.56
49.5,-12.75,descending,224.58832
49.5,-12.5,descending,228.44331
49.5,-12.25,descending,233.228
49.5,-12.0,descending,237.70833
49.5,-11.75,descending,238.16833
49.5,-11.5,descending,233.65666
49.5,-11.25,descending,225.76332
49.5,-11.0,descending,219.16833
49.5,-10.75,descending,215.74165
49.5,-10.5,descending,213.89166
49.5,-10.25,descending,212.55333
49.5,-10.0,descending,211.71666
49.5,-9.75,descending,211.47166
49.5,-9.5,descending,211.88571
49.5,-9.25,descending,212.41167
49.5,-9.0,descending,212.69
49.5,-8.75,descending,213.59427
49.5,-8.5,descending,215.055
49.5,-8.25,descending,216.41284
49.5,-8.0,descending,216.88428
49.5,-7.75,descending,216.54713
49.5,-7.5,descending,216.37
49.5,-7.25,descending,216.56999
49.5,-7.0,descending,216.42714
49.5,-6.75,descending,215.35571
49.5,-6.5,descending,214.2825
49.5,-6.25,descending,213.64749
49.5,-6.0,descending,213.18625
49.5,-5.75,descending,212.95427
49.5,-5.5,descending,213.23398
49.5,-5.25,descending,213.97571
49.5,-5.0,descending,214.73201
49.5,-4.75,descending,215.769
49.5,-4.5,descending,217.30801
49.5,-4.25,descending,218.351
49.5,-4.0,descending,219.26271
49.5,-3.75,descending,220.51917
49.5,-3.5,descending,220.68713
49.5,-3.25,descending,219.73625
49.5,-3.0,descending,218.92499
49.5,-2.75,descending,217.94864
49.5,-2.5,descending,216.6275
49.5,-0.75,descending,228.65555
49.5,-0.5,descending,229.49823
49.5,-0.25,descending,230.98769
49.5,0.0,descending,234.81285
49.5,0.25,descending,243.17818
49.5,0.5,descending,252.82274
49.5,0.75,descending,257.662
49.5,1.0,descending,260.09555
49.5,1.25,descending,260.87442
49.5,1.5,descending,261.16
49.5,1.75,descending,261.28375
49.5,2.0,descending,261.32
49.5,2.25,descending,261.28125
49.5,2.5,descending,261.29248
49.5,2.75,descending,261.30624
49.5,3.0,descending,261.44
49.5,3.25,descending,261.59143
49.5,3.5,descending,261.7775
49.5,3.75,descending,261.92502
49.5,4.0,descending,261.975
49.5,4.25,descending,262.064
49.5,4.5,descending,262.2457
49.5,4.75,descending,262.45334
49.5,5.0,descending,262.51334
49.5,5.25,descending,262.19666
49.5,5.5,descending,261.81857
49.5,5.75,descending,261.29666
49.5,6.0,descending,261.0186
49.5,6.25,descending,261.04
49.5,6.5,descending,261.16666
49.5,6.75,descending,261.132
49.5,7.0,descending,261.2383
49.5,7.25,descending,261.66833
49.5,7.5,descending,262.36798
49.5,7.75,descending,263.10498
49.5,8.0,descending,262.91
49.5,8.25,descending,261.85666
49.5,8.5,descending,261.21167
49.5,8.75,descending,261.26834
49.5,9.0,descending,260.60165
49.5,9.25,descending,259.115
49.5,9.5,descending,258.11
49.5,9.75,descending,258.415
49.5,10.0,descending,257.38333
49.5,10.25,descending,256.45334
49.5,10.5,descending,255.08598
49.5,10.75,descending,255.24857
49.5,11.0,descending,256.09
49.5,11.25,descending,255.58167
49.5,11.5,descending,254.13165
49.5,11.75,descending,251.846
49.5,12.0,descending,249.175
49.5,12.25,descending,248.32666
49.5,12.5,descending,248.03499
49.5,12.75,descending,247.71167
49.5,13.0,descending,247.84
49.5,13.25,descending,248.475
49.5,13.5,descending,249.1975
49.5,13.75,descending,248.42334
49.5,14.0,descending,246.64667
49.5,14.25,descending,245.35167
49.5,14.5,descending,245.28
49.5,14.75,descending,246.59499
49.5,15.0,descending,247.21498
49.5,15.25,descending,246.34499
49.5,15.5,descending,244.93
49.5,15.75,descending,244.11287
49.5,16.0,descending,243.82999
49.5,16.25,descending,243.43
49.5,16.5,descending,242.98428
49.5,16.75,descending,241.10286
49.5,17.0,descending,237.0557
49.5,17.25,descending,235.75832
49.5,17.5,descending,240.22624
49.5,17.75,descending,245.63713
49.5,18.0,descending,248.61143
49.5,18.25,descending,250.19124
49.5,18.5,descending,250.35625
49.5,18.75,descending,250.65666
49.5,19.0,descending,250.42665
49.5,19.25,descending,248.91
49.5,19.5,descending,246.969
49.5,19.75,descending,245.29874
49.5,20.0,descending,244.382
49.5,20.25,descending,244.33899
49.5,20.5,descending,244.377
49.5,20.75,descending,244.36998
49.5,21.0,descending,244.69154
49.5,21.25,descending,245.94461
49.5,21.5,descending,248.50812
49.5,21.75,descending,250.99944
49.5,22.0,descending,252.2985
49.5,22.25,descending,252.85999
49.5,37.75,descending,251.825
49.5,38.0,descending,249.63364
49.75,-13.0,descending,224.63
49.75,-12.75,descending,225.316
49.75,-12.5,descending,227.70332
49.75,-12.25,descending,233.27
49.75,-12.0,descending,237.70801
49.75,-11.75,descending,238.53
49.75,-11.5,descending,234.63799
49.75,-11.25,descending,227.53333
49.75,-11.0,descending,220.40666
49.75,-10.75,descending,216.23833
49.75,-10.5,descending,213.91333
49.75,-10.25,descending,212.42499
49.75,-10.0,descending,211.55165
49.75,-9.75,descending,211.2
49.75,-9.5,descending,211.62997
49.75,-9.25,descending,212.40833
49.75,-9.0,descending,212.93166
49.75,-8.75,descending,213.5457
49.75,-8.5,descending,214.90498
49.75,-8.25,descending,216.585
49.75,-8.0,descending,217.665
49.75,-7.75,descending,217.62334
49.75,-7.5,descending,217.68285
49.75,-7.25,descending,217.575
49.75,-7.0,descending,217.06714
49.75,-6.75,descending,215.81714
49.75,-6.5,descending,214.84499
49.75,-6.25,descending,214.02571
49.75,-6.0,descending,213.23
49.75,-5.75,descending,213.45111
49.75,-5.5,descending,214.52374
49.75,-5.25,descending,215.12749
49.75,-5.0,descending,215.17
49.75,-4.75,descending,215.98299
49.75,-4.5,descending,216.83301
49.75,-4.25,descending,217.97112
49.75,-4.0,descending,219.64
49.75,-3.75,descending,220.68501
49.75,-3.5,descending,220.96384
49.75,-3.25,descending,220.64583
49.75,-3.0,descending,219.91533
49.75,-2.75,descending,218.12411
49.75,-2.5,descending,216.15294
49.75,-0.75,descending,216.45833
49.75,-0.5,descending,215.06999
49.75,-0.25,descending,215.8277
49.75,0.0,descending,217.65666
49.75,0.25,descending,226.1391
49.75,0.5,descending,238.48183
49.75,0.75,descending,247.2611
49.75,1.0,descending,254.247
49.75,1.25,descending,258.2489
49.75,1.5,descending,260.5589
49.75,1.75,descending,261.16748
49.75,2.0,descending,261.18143
49.75,2.25,descending,261.00626
49.75,2.5,descending,260.8657
49.75,2.75,descending,260.9957
49.75,3.0,descending,261.12714
49.75,3.25,descending,261.2686
49.75,3.5,descending,261.45334
49.75,3.75,descending,261.58624
49.75,4.0,descending,261.814
49.75,4.25,descending,262.1014
49.75,4.5,descending,262.3157
49.75,4.75,descending,262.1367
49.75,5.0,descending,261.5657
49.75,5.25,descending,260.22
49.75,5.5,descending,259.32834
49.75,5.75,descending,258.93
49.75,6.0,descending,259.73398
49.75,6.25,descending,260.51398
49.75,6.5,descending,260.95834
49.75,6.75,descending,260.67
49.75,7.0,descending,260.11832
49.75,7.25,descending,260.298
49.75,7.5,descending,261.22665
49.75,7.75,descending,261.79666
49.75,8.0,descending,261.822
49.75,8.25,descending,261.314
49.75,8.5,descending,260.965
49.75,8.75,descending,261.198
49.75,9.0,descending,261.23398
49.75,9.25,descending,259.59665
49.75,9.5,descending,257.874
49.75,9.75,descending,256.938
49.75,10.0,descending,256.47797
49.75,10.25,descending,255.04832
49.75,10.5,descending,253.96599
49.75,10.75,descending,254.198
49.75,11.0,descending,254.40666
49.75,11.25,descending,253.66249
49.75,11.5,descending,252.4
49.75,11.75,descending,250.73428
49.75,12.0,descending,249.628
49.75,12.25,descending,249.9025
49.75,12.5,descending,249.96999
49.75,12.75,descending,248.165
49.75,13.0,descending,246.52832
49.75,13.25,descending,246.65001
49.75,13.5,descending,248.16667
49.75,13.75,descending,248.8725
49.75,14.0,descending,247.64249
49.75,14.25,descending,246.255
49.75,14.5,descending,245.85999
49.75,14.75,descending,246.93333
49.75,15.0,descending,247.76
49.75,15.25,descending,247.06665
49.75,15.5,descending,245.96167
49.75,15.75,descending,245.076
49.75,16.0,descending,244.32166
49.75,16.25,descending,244.08333
49.75,16.5,descending,243.86333
49.75,16.75,descending,242.13142
49.75,17.0,descending,239.35834
49.75,17.25,descending,238.55666
49.75,17.5,descending,243.08858
49.75,17.75,descending,245.46286
49.75,18.0,descending,246.6157
49.75,18.25,descending,247.30429
49.75,18.5,descending,248.01
49.75,18.75,descending,248.86499
49.75,19.0,descending,248.64125
49.75,19.25,descending,246.87999
49.75,19.5,descending,244.77777
49.75,19.75,descending,243.185
49.75,20.0,descending,242.54099
49.75,20.25,descending,241.979
49.75,20.5,descending,240.826
49.75,20.75,descending,240.98999
49.75,21.0,descending,242.54083
49.75,21.25,descending,245.16583
49.75,21.5,descending,248.06537
49.75,21.75,descending,250.7175
49.75,22.0,descending,252.4747
49.75,22.25,descending,253.58499
49.75,38.0,descending,243.44499
50.0,-13.0,descending,226.16
50.0,-12.75,descending,226.21
50.0,-12.5,descending,227.49666
50.0,-12.25,descending,231.935
50.0,-12.0,descending,236.62
50.0,-11.75,descending,238.42168
50.0,-11.5,descending,236.40201
50.0,-11.25,descending,229.7175
50.0,-11.0,descending,222.82666
50.0,-10.75,descending,217.58
50.0,-10.5,descending,214.38165
50.0,-10.25,descending,212.47166
50.0,-10.0,descending,211.45332
50.0,-9.75,descending,211.09799
50.0,-9.5,descending,211.71832
50.0,-9.25,descending,213.02832
50.0,-9.0,descending,213.73999
50.0,-8.75,descending,214.03667
50.0,-8.5,descending,215.11249
50.0,-8.25,descending,217.065
50.0,-8.0,descending,218.65332
50.0,-7.75,descending,219.25856
50.0,-7.5,descending,219.42857
50.0,-7.25,descending,218.86856
50.0,-7.0,descending,217.5057
50.0,-6.75,descending,216.37834
50.0,-6.5,descending,215.4725
50.0,-6.25,descending,214.35126
50.0,-6.0,descending,214.65625
50.0,-5.75,descending,217.0
50.0,-5.5,descending,220.5757
50.0,-5.25,descending,222.128
50.0,-5.0,descending,220.53874
50.0,-4.75,descending,219.58888
50.0,-4.5,descending,218.9075
50.0,-4.25,descending,220.517
50.0,-4.0,descending,222.55998
50.0,-3.75,descending,223.33667
50.0,-3.5,descending,223.35817
50.0,-3.25,descending,222.37384
50.0,-3.0,descending,220.898
50.0,-2.75,descending,218.66713
50.0,-2.5,descending,216.396
50.0,-2.25,descending,214.76923
50.0,-0.75,descending,211.746
50.0,-0.5,descending,211.0875
50.0,-0.25,descending,210.92929
50.0,0.0,descending,211.11356
50.0,0.25,descending,213.126
50.0,0.5,descending,218.29417
50.0,0.75,descending,228.09665
50.0,1.0,descending,233.80798
50.0,1.25,descending,243.62444
50.0,1.5,descending,253.3511
50.0,1.75,descending,257.84555
50.0,2.0,descending,260.0133
50.0,2.25,descending,260.47873
50.0,2.5,descending,260.30716
50.0,2.75,descending,260.05124
50.0,3.0,descending,260.16623
50.0,3.25,descending,260.33713
50.0,3.5,descending,260.82
50.0,3.75,descending,261.19833
50.0,4.0,descending,261.68124
50.0,4.25,descending,262.13666
50.0,4.5,descending,262.47998
50.0,4.75,descending,262.34
50.0,5.0,descending,261.155
50.0,5.25,descending,258.43332
50.0,5.5,descending,255.12
50.0,5.75,descending,253.24666
50.0,6.0,descending,254.70142
50.0,6.25,descending,256.68167
50.0,6.5,descending,258.75833
50.0,6.75,descending,259.67166
50.0,7.0,descending,259.53
50.0,7.25,descending,259.236
50.0,7.5,descending,259.6557
50.0,7.75,descending,260.55798
50.0,8.0,descending,260.94833
50.0,8.25,descending,260.702
50.0,8.5,descending,260.68597
50.0,8.75,descending,261.06714
50.0,9.0,descending,261.305
50.0,9.25,descending,260.754
50.0,9.5,descending,259.5433
50.0,9.75,descending,258.38333
50.0,10.0,descending,258.01663
50.0,10.25,descending,257.1125
50.0,10.5,descending,255.26
50.0,10.75,descending,254.50801
50.0,11.0,descending,253.57832
50.0,11.25,descending,252.28333
50.0,11.5,descending,251.565
50.0,11.75,descending,251.39
50.0,12.0,descending,251.04834
50.0,12.25,descending,251.06
50.0,12.5,descending,251.49199
50.0,12.75,descending,250.36333
50.0,13.0,descending,248.555
50.0,13.25,descending,247.72333
50.0,13.5,descending,248.765
50.0,13.75,descending,250.05333
50.0,14.0,descending,249.23
50.0,14.25,descending,247.82666
50.0,14.5,descending,247.84833
50.0,14.75,descending,248.97333
50.0,15.0,descending,249.58833
50.0,15.25,descending,249.18166
50.0,15.5,descending,248.055
50.0,15.75,descending,246.24142
50.0,16.0,descending,245.18286
50.0,16.25,descending,245.09166
50.0,16.5,descending,245.30333
50.0,16.75,descending,244.33142
50.0,17.0,descending,243.685
50.0,17.25,descending,244.745
50.0,17.5,descending,245.61499
50.0,17.75,descending,244.50284
50.0,18.0,descending,243.04874
50.0,18.25,descending,243.65498
50.0,18.5,descending,245.09776
50.0,18.75,descending,245.95142
50.0,19.0,descending,245.01375
50.0,19.25,descending,242.92714
50.0,19.5,descending,241.0589
50.0,19.75,descending,238.4475
50.0,20.0,descending,237.177
50.0,20.25,descending,236.525
50.0,20.5,descending,236.24666
50.0,20.75,descending,237.44
50.0,21.0,descending,240.87749
50.0,21.25,descending,245.21817
50.0,21.5,descending,248.93785
50.0,21.75,descending,251.68999
50.0,22.0,descending,253.22687
50.0,22.25,descending,254.28809
50.0,22.5,descending,255.14
50.0,38.0,descending,237.41333
50.25,-13.0,descending,228.64998
50.25,-12.75,descending,227.59999
50.25,-12.5,descending,227.71799
50.25,-12.25,descending,231.86198
50.25,-12.0,descending,236.125
50.25,-11.75,descending,238.12666
50.25,-11.5,descending,236.81999
50.25,-11.25,descending,232.02501
50.25,-11.0,descending,226.18
50.25,-10.75,descending,220.1025
50.25,-10.5,descending,215.4
50.25,-10.25,descending,212.7025
50.25,-10.0,descending,211.485
50.25,-9.75,descending,211.21501
50.25,-9.5,descending,212.24333
50.25,-9.25,descending,213.955
50.25,-9.0,descending,214.7
50.25,-8.75,descending,214.71501
50.25,-8.5,descending,215.378
50.25,-8.25,descending,217.17
50.25,-8.0,descending,219.38332
50.25,-7.75,descending,221.02428
50.25,-7.5,descending,221.41667
50.25,-7.25,descending,220.15572
50.25,-7.0,descending,218.03572
50.25,-6.75,descending,216.53142
50.25,-6.5,descending,215.30714
50.25,-6.25,descending,214.58167
50.25,-6.0,descending,216.02713
50.25,-5.75,descending,220.57625
50.25,-5.5,descending,226.91124
50.25,-5.25,descending,230.48572
50.25,-5.0,descending,231.055
50.25,-4.75,descending,229.36
50.25,-4.5,descending,228.55998
50.25,-4.25,descending,232.949
50.25,-4.0,descending,234.896
50.25,-3.75,descending,233.788
50.25,-3.5,descending,229.097
50.25,-3.25,descending,225.67271
50.25,-3.0,descending,222.87384
50.25,-2.75,descending,219.985
50.25,-2.5,descending,217.43944
50.25,-2.25,descending,216.31314
50.25,-2.0,descending,216.56201
50.25,-0.75,descending,209.81
50.25,-0.5,descending,210.69777
50.25,-0.25,descending,210.15
50.25,0.0,descending,209.89143
50.25,0.25,descending,209.92
50.25,0.5,descending,210.24635
50.25,0.75,descending,212.399
50.25,1.0,descending,215.55556
50.25,1.25,descending,222.53749
50.25,1.5,descending,235.48221
50.25,1.75,descending,246.83624
50.25,2.0,descending,255.16713
50.25,2.25,descending,258.78427
50.25,2.5,descending,259.71625
50.25,2.75,descending,259.435
50.25,3.0,descending,259.1843
50.25,3.25,descending,259.37283
50.25,3.5,descending,259.65833
50.25,3.75,descending,260.505
50.25,4.0,descending,260.91284
50.25,4.25,descending,261.42
50.25,4.5,descending,261.97998
50.25,4.75,descending,262.155
50.25,5.0,descending,261.66998
50.25,5.25,descending,260.08167
50.25,5.5,descending,256.858
50.25,5.75,descending,252.37666
50.25,6.0,descending,250.29399
50.25,6.25,descending,251.202
50.25,6.5,descending,253.92665
50.25,6.75,descending,256.90997
50.25,7.0,descending,258.6
50.25,7.25,descending,259.13998
50.25,7.5,descending,259.434
50.25,7.75,descending,260.23
50.25,8.0,descending,260.81598
50.25,8.25,descending,260.97333
50.25,8.5,descending,260.975
50.25,8.75,descending,260.94748
50.25,9.0,descending,260.80167
50.25,9.25,descending,260.408
50.25,9.5,descending,259.73398
50.25,9.75,descending,259.3
50.25,10.0,descending,259.3375
50.25,10.25,descending,258.73712
50.25,10.5,descending,257.32
50.25,10.75,descending,255.88
50.25,11.0,descending,254.525
50.25,11.25,descending,253.18713
50.25,11.5,descending,253.11198
50.25,11.75,descending,253.8375
50.25,12.0,descending,254.52332
50.25,12.25,descending,253.74165
50.25,12.5,descending,253.374
50.25,12.75,descending,252.9625
50.25,13.0,descending,252.08199
50.25,13.25,descending,251.355
50.25,13.5,descending,251.48833
50.25,13.75,descending,252.30833
50.25,14.0,descending,251.895
50.25,14.25,descending,250.86499
50.25,14.5,descending,250.95332
50.25,14.75,descending,251.83167
50.25,15.0,descending,252.10333
50.25,15.25,descending,251.265
50.25,15.5,descending,249.17499
50.25,15.75,descending,246.66667
50.25,16.0,descending,246.06198
50.25,16.25,descending,247.21832
50.25,16.5,descending,248.22285
50.25,16.75,descending,248.26166
50.25,17.0,descending,247.96999
50.25,17.25,descending,247.27666
50.25,17.5,descending,245.22427
50.25,17.75,descending,242.03166
50.25,18.0,descending,241.08833
50.25,18.25,descending,242.62285
50.25,18.5,descending,244.54857
50.25,18.75,descending,244.78857
50.25,19.0,descending,243.54428
50.25,19.25,descending,241.36
50.25,19.5,descending,238.52428
50.25,19.75,descending,235.86
50.25,20.0,descending,234.05222
50.25,20.25,descending,233.84
50.25,20.5,descending,234.63199
50.25,20.75,descending,236.978
50.25,21.0,descending,241.30498
50.25,21.25,descending,245.93999
50.25,21.5,descending,250.075
50.25,21.75,descending,253.10915
50.25,22.0,descending,255.174
50.25,22.25,descending,256.6635
50.25,22.5,descending,257.266
50.25,22.75,descending,257.86002
50.25,38.0,descending,230.98
50.5,-13.0,descending,231.59001
50.5,-12.75,descending,230.24666
50.5,-12.5,descending,229.62166
50.5,-12.25,descending,232.16199
50.5,-12.0,descending,236.146
50.5,-11.75,descending,236.75166
50.5,-11.5,descending,235.565
50.5,-11.25,descending,233.585
50.5,-11.0,descending,230.11333
50.5,-10.75,descending,223.91833
50.5,-10.5,descending,217.10832
50.5,-10.25,descending,213.12666
50.5,-10.0,descending,211.59332
50.5,-9.75,descending,211.326
50.5,-9.5,descending,212.43999
50.5,-9.25,descending,214.34799
50.5,-9.0,descending,215.33333
50.5,-8.75,descending,215.335
50.5,-8.5,descending,215.54428
50.5,-8.25,descending,217.02
50.5,-8.0,descending,219.95285
50.5,-7.75,descending,222.72142
50.5,-7.5,descending,223.02666
50.5,-7.25,descending,221.62666
50.5,-7.0,descending,219.21858
50.5,-6.75,descending,216.96286
50.5,-6.5,descending,215.59856
50.5,-6.25,descending,214.73143
50.5,-6.0,descending,215.7225
50.5,-5.75,descending,219.18143
50.5,-5.5,descending,224.84375
50.5,-5.25,descending,231.99124
50.5,-5.0,descending,237.44714
50.5,-4.75,descending,242.03598
50.5,-4.5,descending,245.67499
50.5,-4.25,descending,252.32777
50.5,-4.0,descending,252.76001
50.5,-3.75,descending,247.79749
50.5,-3.5,descending,238.63167
50.5,-3.25,descending,232.32274
50.5,-3.0,descending,228.55333
50.5,-2.75,descending,226.35077
50.5,-2.5,descending,225.49625
50.5,-2.25,descending,224.62175
50.5,-2.0,descending,224.09222
50.5,-1.75,descending,230.57
50.5,-0.5,descending,213.77599
50.5,-0.25,descending,212.3007
50.5,0.0,descending,211.04001
50.5,0.25,descending,210.55666
50.5,0.5,descending,210.38637
50.5,0.75,descending,210.34546
50.5,1.0,descending,211.93777
50.5,1.25,descending,216.56299
50.5,1.5,descending,225.82222
50.5,1.75,descending,238.71375
50.5,2.0,descending,250.06223
50.5,2.25,descending,256.9011
50.5,2.5,descending,259.18124
50.5,2.75,descending,259.28625
50.5,3.0,descending,258.91666
50.5,3.25,descending,258.7614
50.5,3.5,descending,258.94498
50.5,3.75,descending,259.23877
50.5,4.0,descending,259.46335
50.5,4.25,descending,259.81284
50.5,4.5,descending,259.99332
50.5,4.75,descending,260.16855
50.5,5.0,descending,260.572
50.5,5.25,descending,260.685
50.5,5.5,descending,259.6957
50.5,5.75,descending,257.38834
50.5,6.0,descending,254.82143
50.5,6.25,descending,252.63165
50.5,6.5,descending,253.02498
50.5,6.75,descending,254.91667
50.5,7.0,descending,257.25833
50.5,7.25,descending,259.052
50.5,7.5,descending,260.22
50.5,7.75,descending,260.85
50.5,8.0,descending,261.3557
50.5,8.25,descending,261.774
50.5,8.5,descending,261.77997
50.5,8.75,descending,261.35165
50.5,9.0,descending,260.33167
50.5,9.25,descending,259.22
50.5,9.5,descending,258.7683
50.5,9.75,descending,258.758
50.5,10.0,descending,259.22
50.5,10.25,descending,259.33
50.5,10.5,descending,258.53165
50.5,10.75,descending,257.596
50.5,11.0,descending,256.52142
50.5,11.25,descending,256.335
50.5,11.5,descending,256.87668
50.5,11.75,descending,256.8933
50.5,12.0,descending,257.2
50.5,12.25,descending,256.64835
50.5,12.5,descending,255.835
50.5,12.75,descending,255.18
50.5,13.0,descending,254.596
50.5,13.25,descending,254.354
50.5,13.5,descending,254.64832
50.5,13.75,descending,255.08998
50.5,14.0,descending,254.81334
50.5,14.25,descending,253.78166
50.5,14.5,descending,252.99666
50.5,14.75,descending,252.73833
50.5,15.0,descending,252.15833
50.5,15.25,descending,250.73334
50.5,15.5,descending,248.63165
50.5,15.75,descending,247.255
50.5,16.0,descending,247.66833
50.5,16.25,descending,249.42
50.5,16.5,descending,249.37666
50.5,16.75,descending,248.18666
50.5,17.0,descending,246.34833
50.5,17.25,descending,242.75665
50.5,17.5,descending,240.82143
50.5,17.75,descending,238.84375
50.5,18.0,descending,239.75334
50.5,18.25,descending,242.41428
50.5,18.5,descending,244.7557
50.5,18.75,descending,245.28125
50.5,19.0,descending,243.84999
50.5,19.25,descending,242.01857
50.5,19.5,descending,239.58249
50.5,19.75,descending,237.18625
50.5,20.0,descending,235.855
50.5,20.25,descending,236.67874
50.5,20.5,descending,236.82199
50.5,20.75,descending,238.007
50.5,21.0,descending,241.09299
50.5,21.25,descending,244.81699
50.5,21.5,descending,247.96454
50.5,21.75,descending,252.34308
50.5,22.0,descending,255.82199
50.5,22.25,descending,257.38358
50.5,22.5,descending,257.42
50.5,22.75,descending,256.6053
50.5,23.0,descending,254.70999
50.75,-13.0,descending,233.975
50.75,-12.75,descending,232.83499
50.75,-12.5,descending,232.24666
50.75,-12.25,descending,232.80165
50.75,-12.0,descending,234.50798
50.75,-11.75,descending,234.5
50.75,-11.5,descending,233.24333
50.75,-11.25,descending,233.09833
50.75,-11.0,descending,232.50832
50.75,-10.75,descending,227.96399
50.75,-10.5,descending,219.68285
50.75,-10.25,descending,213.88799
50.75,-10.0,descending,211.915
50.75,-9.75,descending,211.36665
50.75,-9.5,descending,212.12
50.75,-9.25,descending,213.87334
50.75,-9.0,descending,215.22833
50.75,-8.75,descending,215.48499
50.75,-8.5,descending,215.51599
50.75,-8.25,descending,216.90166
50.75,-8.0,descending,220.03833
50.75,-7.75,descending,223.40332
50.75,-7.5,descending,224.20332
50.75,-7.25,descending,222.57832
50.75,-7.0,descending,219.90833
50.75,-6.75,descending,217.67665
50.75,-6.5,descending,216.09285
50.75,-6.25,descending,214.81857
50.75,-6.0,descending,214.36499
50.75,-5.75,descending,215.47856
50.75,-5.5,descending,219.00832
50.75,-5.25,descending,225.35857
50.75,-5.0,descending,235.6011
50.75,-4.75,descending,246.43333
50.75,-4.5,descending,255.625
50.75,-4.25,descending,262.0033
50.75,-4.0,descending,262.68857
50.75,-3.75,descending,258.482
50.75,-3.5,descending,250.18501
50.75,-3.25,descending,245.39099
50.75,-3.0,descending,243.52333
50.75,-2.75,descending,244.32416
50.75,-2.5,descending,245.72714
50.75,-2.25,descending,242.55643
50.75,-2.0,descending,241.95808
50.75,-1.75,descending,245.5123
50.75,-0.5,descending,225.50273
50.75,-0.25,descending,226.124
50.75,0.0,descending,220.83937
50.75,0.25,descending,220.82182
50.75,0.5,descending,219.65701
50.75,0.75,descending,215.88301
50.75,1.0,descending,213.998
50.75,1.25,descending,215.70499
50.75,1.5,descending,222.67221
50.75,1.75,descending,234.81624
50.75,2.0,descending,246.29749
50.75,2.25,descending,254.44
50.75,2.5,descending,258.36856
50.75,2.75,descending,259.17856
50.75,3.0,descending,258.87427
50.75,3.25,descending,258.50833
50.75,3.5,descending,258.55374
50.75,3.75,descending,258.756
50.75,4.0,descending,258.89142
50.75,4.25,descending,258.89334
50.75,4.5,descending,258.83572
50.75,4.75,descending,258.646
50.75,5.0,descending,258.6475
50.75,5.25,descending,258.95834
50.75,5.5,descending,259.12332
50.75,5.75,descending,259.362
50.75,6.0,descending,258.68597
50.75,6.25,descending,257.38202
50.75,6.5,descending,256.20166
50.75,6.75,descending,256.47998
50.75,7.0,descending,258.006
50.75,7.25,descending,260.02
50.75,7.5,descending,261.47165
50.75,7.75,descending,262.01752
50.75,8.0,descending,262.28598
50.75,8.25,descending,262.41833
50.75,8.5,descending,262.444
50.75,8.75,descending,262.00833
50.75,9.0,descending,261.1325
50.75,9.25,descending,259.80167
50.75,9.5,descending,259.256
50.75,9.75,descending,259.16666
50.75,10.0,descending,259.516
50.75,10.25,descending,259.706
50.75,10.5,descending,259.38834
50.75,10.75,descending,258.87598
50.75,11.0,descending,258.83002
50.75,11.25,descending,258.835
50.75,11.5,descending,258.9475
50.75,11.75,descending,258.21832
50.75,12.0,descending,257.254
50.75,12.25,descending,256.4725
50.75,12.5,descending,255.66833
50.75,12.75,descending,255.29668
50.75,13.0,descending,255.05833
50.75,13.25,descending,255.09
50.75,13.5,descending,255.52998
50.75,13.75,descending,255.67
50.75,14.0,descending,255.29832
50.75,14.25,descending,254.04999
50.75,14.5,descending,252.41667
50.75,14.75,descending,251.375
50.75,15.0,descending,250.70166
50.75,15.25,descending,249.804
50.75,15.5,descending,248.68166
50.75,15.75,descending,248.08798
50.75,16.0,descending,248.41167
50.75,16.25,descending,248.15498
50.75,16.5,descending,245.25166
50.75,16.75,descending,240.80429
50.75,17.0,descending,237.62666
50.75,17.25,descending,233.90166
50.75,17.5,descending,234.00334
50.75,17.75,descending,235.94499
50.75,18.0,descending,239.04
50.75,18.25,descending,242.33665
50.75,18.5,descending,244.28142
50.75,18.75,descending,244.69998
50.75,19.0,descending,243.83167
50.75,19.25,descending,242.90666
50.75,19.5,descending,241.79713
50.75,19.75,descending,240.99666
50.75,20.0,descending,240.92624
50.75,20.25,descending,241.37285
50.75,20.5,descending,240.69778
50.75,20.75,descending,240.76498
50.75,21.0,descending,241.23125
50.75,21.25,descending,241.674
50.75,21.5,descending,244.27637
50.75,21.75,descending,248.19699
50.75,22.0,descending,250.84332
50.75,22.25,descending,251.15572
50.75,22.5,descending,250.60374
50.75,22.75,descending,250.7311
50.75,23.0,descending,251.03917
51.0,-13.0,descending,234.91998
51.0,-12.75,descending,234.75166
51.0,-12.5,descending,234.50601
51.0,-12.25,descending,232.97833
51.0,-12.0,descending,232.41667
51.0,-11.75,descending,232.57666
51.0,-11.5,descending,232.45999
51.0,-11.25,descending,232.48665
51.0,-11.0,descending,230.99333
51.0,-10.75,descending,226.70401
51.0,-10.5,descending,220.01666
51.0,-10.25,descending,214.51332
51.0,-10.0,descending,212.31834
51.0,-9.75,descending,211.795
51.0,-9.5,descending,212.22833
51.0,-9.25,descending,213.44
51.0,-9.0,descending,214.65001
51.0,-8.75,descending,215.13165
51.0,-8.5,descending,215.18834
51.0,-8.25,descending,216.40498
51.0,-8.0,descending,219.81334
51.0,-7.75,descending,223.52167
51.0,-7.5,descending,224.87999
51.0,-7.25,descending,223.64333
51.0,-7.0,descending,220.88284
51.0,-6.75,descending,218.69499
51.0,-6.5,descending,216.99571
51.0,-6.25,descending,215.33167
51.0,-6.0,descending,213.78374
51.0,-5.75,descending,213.38713
51.0,-5.5,descending,214.87375
51.0,-5.25,descending,218.78429
51.0,-5.0,descending,226.47
51.0,-4.75,descending,238.7425
51.0,-4.5,descending,248.89572
51.0,-4.25,descending,257.965
51.0,-4.0,descending,261.96124
51.0,-3.75,descending,260.335
51.0,-3.5,descending,257.07544
51.0,-3.25,descending,256.03998
51.0,-3.0,descending,257.903
51.0,-2.75,descending,260.82248
51.0,-2.5,descending,260.97
51.0,-2.25,descending,259.27264
51.0,-2.0,descending,259.21063
51.0,-1.75,descending,258.82632
51.0,-1.5,descending,260.09222
51.0,-0.5,descending,247.44667
51.0,-0.25,descending,251.385
51.0,0.0,descending,246.87933
51.0,0.25,descending,247.87152
51.0,0.5,descending,244.23907
51.0,0.75,descending,237.248
51.0,1.0,descending,230.724
51.0,1.25,descending,222.97444
51.0,1.5,descending,219.925
51.0,1.75,descending,225.45874
51.0,2.0,descending,234.3525
51.0,2.25,descending,241.02
51.0,2.5,descending,249.88445
51.0,2.75,descending,255.66856
51.0,3.0,descending,256.715
51.0,3.25,descending,257.84375
51.0,3.5,descending,257.86285
51.0,3.75,descending,258.15
51.0,4.0,descending,258.29855
51.0,4.25,descending,258.63998
51.0,4.5,descending,258.9233
51.0,4.75,descending,259.08142
51.0,5.0,descending,259.105
51.0,5.25,descending,258.91666
51.0,5.5,descending,258.69
51.0,5.75,descending,258.62167
51.0,6.0,descending,258.49142
51.0,6.25,descending,258.06168
51.0,6.5,descending,257.45834
51.0,6.75,descending,257.29333
51.0,7.0,descending,258.16
51.0,7.25,descending,259.9233
51.0,7.5,descending,261.68332
51.0,7.75,descending,262.85165
51.0,8.0,descending,263.225
51.0,8.25,descending,263.244
51.0,8.5,descending,263.03833
51.0,8.75,descending,262.64398
51.0,9.0,descending,261.78333
51.0,9.25,descending,261.085
51.0,9.5,descending,260.9
51.0,9.75,descending,260.882
51.0,10.0,descending,260.69598
51.0,10.25,descending,260.45334
51.0,10.5,descending,259.93
51.0,10.75,descending,259.44168
51.0,11.0,descending,259.502
51.0,11.25,descending,259.558
51.0,11.5,descending,258.94833
51.0,11.75,descending,257.525
51.0,12.0,descending,255.95
51.0,12.25,descending,254.92833
51.0,12.5,descending,253.965
51.0,12.75,descending,252.88332
51.0,13.0,descending,252.76332
51.0,13.25,descending,253.76833
51.0,13.5,descending,254.875
51.0,13.75,descending,254.92249
51.0,14.0,descending,254.02798
51.0,14.25,descending,252.56
51.0,14.5,descending,250.69666
51.0,14.75,descending,249.63799
51.0,15.0,descending,249.68
51.0,15.25,descending,249.39832
51.0,15.5,descending,247.91333
51.0,15.75,descending,246.58833
51.0,16.0,descending,244.955
51.0,16.25,descending,241.01
51.0,16.5,descending,235.795
51.0,16.75,descending,230.38666
51.0,17.0,descending,228.50713
51.0,17.25,descending,228.05333
51.0,17.5,descending,230.90428
51.0,17.75,descending,234.35333
51.0,18.0,descending,237.36333
51.0,18.25,descending,239.75713
51.0,18.5,descending,241.56375
51.0,18.75,descending,242.64333
51.0,19.0,descending,242.78375
51.0,19.25,descending,243.1525
51.0,19.5,descending,243.84
51.0,19.75,descending,244.93713
51.0,20.0,descending,245.61284
51.0,20.25,descending,246.3222
51.0,20.5,descending,245.73625
51.0,20.75,descending,245.88875
51.0,21.0,descending,243.906
51.0,21.25,descending,242.427
51.0,21.5,descending,243.24272
51.0,21.75,descending,244.54454
51.0,22.0,descending,244.62999
51.0,22.25,descending,243.99165
51.0,22.5,descending,244.63928
51.0,22.75,descending,247.08118
51.0,23.0,descending,249.674
51.0,23.25,descending,252.02284
51.25,-13.0,descending,234.815
51.25,-12.75,descending,235.755
51.25,-12.5,descending,235.986
51.25,-12.25,descending,233.95
51.25,-12.0,descending,231.81166
51.25,-11.75,descending,231.72499
51.25,-11.5,descending,233.09166
51.25,-11.25,descending,233.045
51.25,-11.0,descending,229.57498
51.25,-10.75,descending,224.52832
51.25,-10.5,descending,218.76833
51.25,-10.25,descending,215.36833
51.25,-10.0,descending,214.57166
51.25,-9.75,descending,215.03333
51.25,-9.5,descending,215.72833
51.25,-9.25,descending,216.20332
51.25,-9.0,descending,216.42833
51.25,-8.75,descending,216.43599
51.25,-8.5,descending,215.45833
51.25,-8.25,descending,215.69331
51.25,-8.0,descending,218.545
51.25,-7.75,descending,222.43666
51.25,-7.5,descending,224.68834
51.25,-7.25,descending,224.09999
51.25,-7.0,descending,221.44499
51.25,-6.75,descending,218.67714
51.25,-6.5,descending,216.46666
51.25,-6.25,descending,214.88167
51.25,-6.0,descending,213.52284
51.25,-5.75,descending,213.135
51.25,-5.5,descending,213.54428
51.25,-5.25,descending,215.5625
51.25,-5.0,descending,220.12715
51.25,-4.75,descending,227.26285
51.25,-4.5,descending,235.25778
51.25,-4.25,descending,244.8775
51.25,-4.0,descending,249.6225
51.25,-3.75,descending,252.017
51.25,-3.5,descending,252.41713
51.25,-3.25,descending,254.81331
51.25,-3.0,descending,259.443
51.25,-2.75,descending,263.63098
51.25,-2.5,descending,265.51083
51.25,-2.25,descending,265.62582
51.25,-2.0,descending,265.2257
51.25,-1.75,descending,264.69
51.25,-1.5,descending,264.11523
51.25,-1.25,descending,264.26
51.25,-0.5,descending,259.5157
51.25,-0.25,descending,261.23215
51.25,0.0,descending,258.63937
51.25,0.25,descending,260.9909
51.25,0.5,descending,258.80725
51.25,0.75,descending,254.57452
51.25,1.0,descending,247.2975
51.25,1.25,descending,237.77444
51.25,1.5,descending,227.22443
51.25,1.75,descending,219.01749
51.25,2.0,descending,218.7025
51.25,2.25,descending,221.73
51.25,2.5,descending,225.24428
51.25,2.75,descending,234.89624
51.25,3.0,descending,245.42168
51.25,3.25,descending,249.00427
51.25,3.5,descending,253.77332
51.25,3.75,descending,254.72427
51.25,4.0,descending,255.89833
51.25,4.25,descending,257.10834
51.25,4.5,descending,258.07373
51.25,4.75,descending,259.302
51.25,5.0,descending,259.79
51.25,5.25,descending,259.954
51.25,5.5,descending,259.67502
51.25,5.75,descending,258.99332
51.25,6.0,descending,258.305
51.25,6.25,descending,257.715
51.25,6.5,descending,257.15665
51.25,6.75,descending,257.10666
51.25,7.0,descending,257.85165
51.25,7.25,descending,259.284
51.25,7.5,descending,260.874
51.25,7.75,descending,262.205
51.25,8.0,descending,263.08334
51.25,8.25,descending,263.596
51.25,8.5,descending,263.475
51.25,8.75,descending,262.84
51.25,9.0,descending,262.326
51.25,9.25,descending,261.97
51.25,9.5,descending,261.944
51.25,9.75,descending,261.874
51.25,10.0,descending,261.372
51.25,10.25,descending,260.69598
51.25,10.5,descending,259.93668
51.25,10.75,descending,259.63
51.25,11.0,descending,259.785
51.25,11.25,descending,259.78198
51.25,11.5,descending,258.94598
51.25,11.75,descending,257.59
51.25,12.0,descending,256.235
51.25,12.25,descending,255.54834
51.25,12.5,descending,254.51332
51.25,12.75,descending,253.34
51.25,13.0,descending,252.575
51.25,13.25,descending,253.16664
51.25,13.5,descending,254.48833
51.25,13.75,descending,254.56166
51.25,14.0,descending,253.05801
51.25,14.25,descending,251.08333
51.25,14.5,descending,249.385
51.25,14.75,descending,248.245
51.25,15.0,descending,248.55333
51.25,15.25,descending,248.04832
51.25,15.5,descending,245.805
51.25,15.75,descending,242.3
51.25,16.0,descending,238.10333
51.25,16.25,descending,232.84332
51.25,16.5,descending,229.066
51.25,16.75,descending,226.63335
51.25,17.0,descending,225.73499
51.25,17.25,descending,227.355
51.25,17.5,descending,230.77498
51.25,17.75,descending,233.73286
51.25,18.0,descending,235.78833
51.25,18.25,descending,237.61499
51.25,18.5,descending,239.37
51.25,18.75,descending,240.83286
51.25,19.0,descending,241.94998
51.25,19.25,descending,243.1857
51.25,19.5,descending,244.38428
51.25,19.75,descending,245.83858
51.25,20.0,descending,247.31624
51.25,20.25,descending,248.88249
51.25,20.5,descending,249.41624
51.25,20.75,descending,248.56999
51.25,21.0,descending,246.69667
51.25,21.25,descending,245.63777
51.25,21.5,descending,245.84776
51.25,21.75,descending,245.45819
51.25,22.0,descending,245.368
51.25,22.25,descending,246.20332
51.25,22.5,descending,249.14769
51.25,22.75,descending,251.34846
51.25,23.0,descending,254.2384
51.25,23.25,descending,256.07388
51.25,23.5,descending,257.63
51.5,-13.0,descending,234.4
51.5,-12.75,descending,235.602
51.5,-12.5,descending,236.09499
51.5,-12.25,descending,234.48332
51.5,-12.0,descending,233.08598
51.5,-11.75,descending,232.94331
51.5,-11.5,descending,234.855
51.5,-11.25,descending,235.46599
51.5,-11.0,descending,232.394
51.5,-10.75,descending,225.11499
51.5,-10.5,descending,220.48
51.5,-10.25,descending,220.00667
51.5,-10.0,descending,222.66333
51.5,-9.75,descending,226.14667
51.5,-9.5,descending,228.63332
51.5,-9.25,descending,229.978
51.5,-9.0,descending,227.11499
51.5,-8.75,descending,224.555
51.5,-8.5,descending,219.23398
51.5,-8.25,descending,217.92
51.5,-8.0,descending,219.46332
51.5,-7.75,descending,222.21666
51.5,-7.5,descending,223.76143
51.5,-7.25,descending,223.20401
51.5,-7.0,descending,220.51833
51.5,-6.75,descending,217.4357
51.5,-6.5,descending,215.53499
51.5,-6.25,descending,213.97375
51.5,-6.0,descending,213.21501
51.5,-5.75,descending,213.20857
51.5,-5.5,descending,214.33998
51.5,-5.25,descending,217.30998
51.5,-5.0,descending,220.57715
51.5,-4.75,descending,224.50624
51.5,-4.5,descending,230.1822
51.5,-4.25,descending,236.28714
51.5,-4.0,descending,242.23125
51.5,-3.75,descending,247.225
51.5,-3.5,descending,250.50374
51.5,-3.25,descending,253.649
51.5,-3.0,descending,258.621
51.5,-2.75,descending,263.1022
51.5,-2.5,descending,265.48727
51.5,-2.25,descending,266.21616
51.5,-2.0,descending,266.04538
51.5,-1.75,descending,265.66068
51.5,-1.5,descending,265.38235
51.5,-1.25,descending,265.27588
51.5,-1.0,descending,265.55
51.5,-0.5,descending,262.68335
51.5,-0.25,descending,262.585
51.5,0.0,descending,255.46352
51.5,0.25,descending,260.12332
51.5,0.5,descending,256.335
51.5,0.75,descending,249.81299
51.5,1.0,descending,243.523
51.5,1.25,descending,234.798
51.5,1.5,descending,226.95624
51.5,1.75,descending,220.16998
51.5,2.0,descending,214.42374
51.5,2.25,descending,211.90375
51.5,2.5,descending,211.90428
51.5,2.75,descending,214.24284
51.5,3.0,descending,220.86874
51.5,3.25,descending,229.79428
51.5,3.5,descending,236.34874
51.5,3.75,descending,243.30165
51.5,4.0,descending,248.83427
51.5,4.25,descending,251.25624
51.5,4.5,descending,255.48001
51.5,4.75,descending,257.77142
51.5,5.0,descending,259.12668
51.5,5.25,descending,259.62714
51.5,5.5,descending,259.78165
51.5,5.75,descending,259.5
51.5,6.0,descending,258.97998
51.5,6.25,descending,258.36
51.5,6.5,descending,257.69666
51.5,6.75,descending,257.508
51.5,7.0,descending,257.91998
51.5,7.25,descending,258.70667
51.5,7.5,descending,259.58
51.5,7.75,descending,260.248
51.5,8.0,descending,261.31
51.5,8.25,descending,262.37167
51.5,8.5,descending,262.84198
51.5,8.75,descending,263.0
51.5,9.0,descending,262.42
51.5,9.25,descending,262.16
51.5,9.5,descending,262.18402
51.5,9.75,descending,261.99667
51.5,10.0,descending,261.38
51.5,10.25,descending,260.58832
51.5,10.5,descending,259.944
51.5,10.75,descending,259.70334
51.5,11.0,descending,259.854
51.5,11.25,descending,259.9833
51.5,11.5,descending,259.58167
51.5,11.75,descending,258.63998
51.5,12.0,descending,257.76834
51.5,12.25,descending,257.68198
51.5,12.5,descending,257.37
51.5,12.75,descending,256.27664
51.5,13.0,descending,255.81499
51.5,13.25,descending,255.87831
51.5,13.5,descending,255.86665
51.5,13.75,descending,255.14166
51.5,14.0,descending,253.105
51.5,14.25,descending,250.81198
51.5,14.5,descending,249.205
51.5,14.75,descending,248.34999
51.5,15.0,descending,247.95248
51.5,15.25,descending,246.31999
51.5,15.5,descending,243.21167
51.5,15.75,descending,239.068
51.5,16.0,descending,234.25
51.5,16.25,descending,229.43
51.5,16.5,descending,227.22333
51.5,16.75,descending,227.61165
51.5,17.0,descending,228.795
51.5,17.25,descending,230.51666
51.5,17.5,descending,232.37166
51.5,17.75,descending,233.8157
51.5,18.0,descending,235.33833
51.5,18.25,descending,237.00143
51.5,18.5,descending,238.24834
51.5,18.75,descending,239.31429
51.5,19.0,descending,240.73167
51.5,19.25,descending,242.02625
51.5,19.5,descending,243.13713
51.5,19.75,descending,244.44376
51.5,20.0,descending,245.85428
51.5,20.25,descending,247.09776
51.5,20.5,descending,247.59999
51.5,20.75,descending,246.78874
51.5,21.0,descending,247.07889
51.5,21.25,descending,247.9025
51.5,21.5,descending,248.521
51.5,21.75,descending,249.001
51.5,22.0,descending,249.61908
51.5,22.25,descending,251.01099
51.5,22.5,descending,252.56667
51.5,22.75,descending,254.44
51.5,23.0,descending,256.04062
51.5,23.25,descending,257.00333
51.5,23.5,descending,257.30313
51.5,23.75,descending,255.79999
51.75,-13.0,descending,234.1
51.75,-12.75,descending,235.48999
51.75,-12.5,descending,236.4975
51.75,-12.25,descending,235.99165
51.75,-12.0,descending,235.122
51.75,-11.75,descending,234.8175
51.75,-11.5,descending,236.83998
51.75,-11.25,descending,238.36398
51.75,-11.0,descending,235.435
51.75,-10.75,descending,228.08
51.75,-10.5,descending,224.94
51.75,-10.25,descending,228.135
51.75,-10.0,descending,237.52666
51.75,-9.75,descending,245.22
51.75,-9.5,descending,248.49834
51.75,-9.25,descending,249.68
51.75,-9.0,descending,247.08667
51.75,-8.75,descending,241.58401
51.75,-8.5,descending,231.07666
51.75,-8.25,descending,228.302
51.75,-8.0,descending,225.44499
51.75,-7.75,descending,224.555
51.75,-7.5,descending,223.51332
51.75,-7.25,descending,221.64333
51.75,-7.0,descending,218.935
51.75,-6.75,descending,216.35333
51.75,-6.5,descending,214.36833
51.75,-6.25,descending,213.14
51.75,-6.0,descending,212.72333
51.75,-5.75,descending,213.57713
51.75,-5.5,descending,217.25713
51.75,-5.25,descending,225.32166
51.75,-5.0,descending,230.99142
51.75,-4.75,descending,235.59714
51.75,-4.5,descending,240.96
51.75,-4.25,descending,245.26572
51.75,-4.0,descending,253.03714
51.75,-3.75,descending,256.4625
51.75,-3.5,descending,259.7911
51.75,-3.25,descending,259.69873
51.75,-3.0,descending,262.31198
51.75,-2.75,descending,264.638
51.75,-2.5,descending,266.13898
51.75,-2.25,descending,266.524
51.75,-2.0,descending,266.26416
51.75,-1.75,descending,265.9725
51.75,-1.5,descending,265.82062
51.75,-1.25,descending,265.8621
51.75,-1.0,descending,265.96616
51.75,-0.25,descending,264.27933
51.75,0.0,descending,259.83798
51.75,0.25,descending,261.85614
51.75,0.5,descending,258.802
51.75,0.75,descending,252.94908
51.75,1.0,descending,242.41362
51.75,1.25,descending,230.4325
51.75,1.5,descending,222.42555
51.75,1.75,descending,216.18
51.75,2.0,descending,212.86111
51.75,2.25,descending,210.72571
51.75,2.5,descending,209.69875
51.75,2.75,descending,209.47571
51.75,3.0,descending,210.25284
51.75,3.25,descending,212.97856
51.75,3.5,descending,216.95166
51.75,3.75,descending,227.10715
51.75,4.0,descending,236.29285
51.75,4.25,descending,244.092
51.75,4.5,descending,250.23999
51.75,4.75,descending,253.95667
51.75,5.0,descending,257.01334
51.75,5.25,descending,258.288
51.75,5.5,descending,258.97165
51.75,5.75,descending,259.132
51.75,6.0,descending,259.05
51.75,6.25,descending,258.76166
51.75,6.5,descending,258.56714
51.75,6.75,descending,258.472
51.75,7.0,descending,258.75287
51.75,7.25,descending,258.94
51.75,7.5,descending,259.11832
51.75,7.75,descending,259.296
51.75,8.0,descending,259.69833
51.75,8.25,descending,260.28598
51.75,8.5,descending,261.07333
51.75,8.75,descending,262.044
51.75,9.0,descending,262.13397
51.75,9.25,descending,261.97
51.75,9.5,descending,262.035
51.75,9.75,descending,261.9
51.75,10.0,descending,261.43332
51.75,10.25,descending,260.8925
51.75,10.5,descending,260.468
51.75,10.75,descending,259.948
51.75,11.0,descending,259.80334
51.75,11.25,descending,259.8825
51.75,11.5,descending,259.895
51.75,11.75,descending,259.7625
51.75,12.0,descending,259.63168
51.75,12.25,descending,259.35748
51.75,12.5,descending,259.5525
51.75,12.75,descending,259.50833
51.75,13.0,descending,258.78165
51.75,13.25,descending,258.3675
51.75,13.5,descending,257.39398
51.75,13.75,descending,256.25665
51.75,14.0,descending,254.496
51.75,14.25,descending,252.64998
51.75,14.5,descending,250.87334
51.75,14.75,descending,249.31831
51.75,15.0,descending,247.35333
51.75,15.25,descending,244.54
51.75,15.5,descending,240.84332
51.75,15.75,descending,236.75667
51.75,16.0,descending,231.955
51.75,16.25,descending,227.48833
51.75,16.5,descending,226.05833
51.75,16.75,descending,227.254
51.75,17.0,descending,229.44499
51.75,17.25,descending,231.06334
51.75,17.5,descending,232.08167
51.75,17.75,descending,233.71501
51.75,18.0,descending,235.59666
51.75,18.25,descending,236.39998
51.75,18.5,descending,236.47285
51.75,18.75,descending,236.71834
51.75,19.0,descending,238.53833
51.75,19.25,descending,239.25334
51.75,19.5,descending,240.76572
51.75,19.75,descending,241.70833
51.75,20.0,descending,242.05286
51.75,20.25,descending,242.21832
51.75,20.5,descending,242.64499
51.75,20.75,descending,243.10286
51.75,21.0,descending,245.116
51.75,21.25,descending,246.78429
51.75,21.5,descending,247.94556
51.75,21.75,descending,248.34499
51.75,22.0,descending,248.76099
51.75,22.25,descending,248.36699
51.75,22.5,descending,248.26166
51.75,22.75,descending,248.9575
51.75,23.0,descending,249.80713
51.75,23.25,descending,251.67929
51.75,23.5,descending,252.4863
51.75,23.75,descending,251.79546
52.0,-13.0,descending,233.905
52.0,-12.75,descending,235.39333
52.0,-12.5,descending,236.94499
52.0,-12.25,descending,237.61198
52.0,-12.0,descending,237.32666
52.0,-11.75,descending,236.44165
52.0,-11.5,descending,236.9375
52.0,-11.25,descending,238.594
52.0,-11.0,descending,237.48334
52.0,-10.75,descending,232.33167
52.0,-10.5,descending,230.36665
52.0,-10.25,descending,236.79999
52.0,-10.0,descending,247.87334
52.0,-9.75,descending,255.58499
52.0,-9.5,descending,261.6625
52.0,-9.25,descending,264.722
52.0,-9.0,descending,262.1625
52.0,-8.75,descending,258.2825
52.0,-8.5,descending,250.54834
52.0,-8.25,descending,245.17168
52.0,-8.0,descending,240.04832
52.0,-7.75,descending,234.24399
52.0,-7.5,descending,230.81834
52.0,-7.25,descending,226.005
52.0,-7.0,descending,222.39667
52.0,-6.75,descending,220.47166
52.0,-6.5,descending,217.05429
52.0,-6.25,descending,214.31166
52.0,-6.0,descending,212.87624
52.0,-5.75,descending,213.93166
52.0,-5.5,descending,219.90125
52.0,-5.25,descending,230.76572
52.0,-5.0,descending,239.34142
52.0,-4.75,descending,245.32999
52.0,-4.5,descending,250.88428
52.0,-4.25,descending,257.87875
52.0,-4.0,descending,263.88715
52.0,-3.75,descending,266.11
52.0,-3.5,descending,267.2611
52.0,-3.25,descending,266.73874
52.0,-3.0,descending,267.153
52.0,-2.75,descending,267.205
52.0,-2.5,descending,267.47092
52.0,-2.25,descending,267.329
52.0,-2.0,descending,266.93076
52.0,-1.75,descending,266.56613
52.0,-1.5,descending,266.38284
52.0,-1.25,descending,266.35333
52.0,-1.0,descending,266.19577
52.0,-0.75,descending,266.02997
52.0,-0.25,descending,265.56665
52.0,0.0,descending,261.8675
52.0,0.25,descending,265.0677
52.0,0.5,descending,263.93167
52.0,0.75,descending,261.45297
52.0,1.0,descending,255.76727
52.0,1.25,descending,243.1911
52.0,1.5,descending,232.88222
52.0,1.75,descending,221.46112
52.0,2.0,descending,214.41444
52.0,2.25,descending,211.39624
52.0,2.5,descending,209.97374
52.0,2.75,descending,209.375
52.0,3.0,descending,209.13713
52.0,3.25,descending,209.29713
52.0,3.5,descending,211.1757
52.0,3.75,descending,214.835
52.0,4.0,descending,223.825
52.0,4.25,descending,235.27
52.0,4.5,descending,244.10625
52.0,4.75,descending,250.74666
52.0,5.0,descending,254.7057
52.0,5.25,descending,256.88834
52.0,5.5,descending,258.39124
52.0,5.75,descending,259.045
52.0,6.0,descending,259.22998
52.0,6.25,descending,259.246
52.0,6.5,descending,259.232
52.0,6.75,descending,259.302
52.0,7.0,descending,259.422
52.0,7.25,descending,259.472
52.0,7.5,descending,259.41998
52.0,7.75,descending,259.3033
52.0,8.0,descending,259.30667
52.0,8.25,descending,259.51498
52.0,8.5,descending,260.1325
52.0,8.75,descending,260.83667
52.0,9.0,descending,261.395
52.0,9.25,descending,261.47998
52.0,9.5,descending,261.556
52.0,9.75,descending,261.434
52.0,10.0,descending,261.11798
52.0,10.25,descending,261.04
52.0,10.5,descending,260.80667
52.0,10.75,descending,260.336
52.0,11.0,descending,260.098
52.0,11.25,descending,260.128
52.0,11.5,descending,260.36832
52.0,11.75,descending,260.63168
52.0,12.0,descending,261.252
52.0,12.25,descending,261.1733
52.0,12.5,descending,260.714
52.0,12.75,descending,260.66998
52.0,13.0,descending,260.25168
52.0,13.25,descending,259.32166
52.0,13.5,descending,258.37
52.0,13.75,descending,257.3025
52.0,14.0,descending,255.83998
52.0,14.25,descending,253.87834
52.0,14.5,descending,252.13
52.0,14.75,descending,250.32166
52.0,15.0,descending,247.44499
52.0,15.25,descending,243.63799
52.0,15.5,descending,239.52501
52.0,15.75,descending,235.65166
52.0,16.0,descending,230.80666
52.0,16.25,descending,225.69199
52.0,16.5,descending,223.51
52.0,16.75,descending,224.955
52.0,17.0,descending,227.93
52.0,17.25,descending,229.88666
52.0,17.5,descending,231.39166
52.0,17.75,descending,233.56166
52.0,18.0,descending,234.99666
52.0,18.25,descending,234.53333
52.0,18.5,descending,232.98143
52.0,18.75,descending,232.76166
52.0,19.0,descending,233.61874
52.0,19.25,descending,235.11333
52.0,19.5,descending,236.29286
52.0,19.75,descending,236.825
52.0,20.0,descending,237.14143
52.0,20.25,descending,237.98714
52.0,20.5,descending,238.46571
52.0,20.75,descending,239.70714
52.0,21.0,descending,241.91667
52.0,21.25,descending,243.71124
52.0,21.5,descending,244.8075
52.0,21.75,descending,244.31888
52.0,22.0,descending,243.61636
52.0,22.25,descending,242.4911
52.0,22.5,descending,241.243
52.0,22.75,descending,241.15082
52.0,23.0,descending,242.60999
52.0,23.25,descending,244.316
52.0,23.5,descending,245.56438
52.0,23.75,descending,246.3637
52.0,24.0,descending,244.97142
52.25,-13.0,descending,233.69
52.25,-12.75,descending,235.18
52.25,-12.5,descending,236.99666
52.25,-12.25,descending,238.18599
52.25,-12.0,descending,237.9475
52.25,-11.75,descending,235.49333
52.25,-11.5,descending,234.42499
52.25,-11.25,descending,235.20499
52.25,-11.0,descending,236.49199
52.25,-10.75,descending,234.02501
52.25,-10.5,descending,232.51332
52.25,-10.25,descending,238.158
52.25,-10.0,descending,249.16333
52.25,-9.75,descending,260.68997
52.25,-9.5,descending,267.625
52.25,-9.25,descending,270.4575
52.25,-9.0,descending,269.39166
52.25,-8.75,descending,267.49832
52.25,-8.5,descending,264.76166
52.25,-8.25,descending,260.90802
52.25,-8.0,descending,257.605
52.25,-7.75,descending,251.765
52.25,-7.5,descending,246.12
52.25,-7.25,descending,239.448
52.25,-7.0,descending,235.36165
52.25,-6.75,descending,233.26332
52.25,-6.5,descending,226.81142
52.25,-6.25,descending,218.194
52.25,-6.0,descending,214.23833
52.25,-5.75,descending,214.18333
52.25,-5.5,descending,218.13832
52.25,-5.25,descending,225.31999
52.25,-5.0,descending,232.53624
52.25,-4.75,descending,239.05666
52.25,-4.5,descending,248.6757
52.25,-4.25,descending,256.65
52.25,-4.0,descending,264.78427
52.25,-3.75,descending,269.27554
52.25,-3.5,descending,269.98248
52.25,-3.25,descending,269.6475
52.25,-3.0,descending,269.184
52.25,-2.75,descending,268.67874
52.25,-2.5,descending,268.309
52.25,-2.25,descending,267.72775
52.25,-2.0,descending,267.07635
52.25,-1.75,descending,266.71445
52.25,-1.5,descending,266.4893
52.25,-1.25,descending,266.31
52.25,-1.0,descending,266.11353
52.25,-0.75,descending,265.84946
52.25,-0.5,descending,265.425
52.25,-0.25,descending,265.83728
52.25,0.0,descending,261.92667
52.25,0.25,descending,265.74384
52.25,0.5,descending,265.40332
52.25,0.75,descending,264.3711
52.25,1.0,descending,262.267
52.25,1.25,descending,256.142
52.25,1.5,descending,247.11998
52.25,1.75,descending,234.52249
52.25,2.0,descending,222.02124
52.25,2.25,descending,214.43286
52.25,2.5,descending,211.24571
52.25,2.75,descending,210.06429
52.25,3.0,descending,209.33875
52.25,3.25,descending,209.05833
52.25,3.5,descending,209.12285
52.25,3.75,descending,210.53429
52.25,4.0,descending,214.82143
52.25,4.25,descending,225.63
52.25,4.5,descending,236.98999
52.25,4.75,descending,245.14667
52.25,5.0,descending,250.79857
52.25,5.25,descending,254.18999
52.25,5.5,descending,257.242
52.25,5.75,descending,259.115
52.25,6.0,descending,259.78287
52.25,6.25,descending,259.78833
52.25,6.5,descending,259.685
52.25,6.75,descending,259.69498
52.25,7.0,descending,259.75333
52.25,7.25,descending,259.74667
52.25,7.5,descending,259.69666
52.25,7.75,descending,259.65
52.25,8.0,descending,259.53
52.25,8.25,descending,259.438
52.25,8.5,descending,259.56998
52.25,8.75,descending,260.02832
52.25,9.0,descending,260.674
52.25,9.25,descending,261.022
52.25,9.5,descending,261.116
52.25,9.75,descending,260.97748
52.25,10.0,descending,260.72797
52.25,10.25,descending,260.62167
52.25,10.5,descending,260.7175
52.25,10.75,descending,260.74332
52.25,11.0,descending,260.72
52.25,11.25,descending,260.942
52.25,11.5,descending,261.2375
52.25,11.75,descending,261.64398
52.25,12.0,descending,262.22
52.25,12.25,descending,262.36398
52.25,12.5,descending,261.69498
52.25,12.75,descending,261.0575
52.25,13.0,descending,260.5225
52.25,13.25,descending,259.55832
52.25,13.5,descending,258.45667
52.25,13.75,descending,257.216
52.25,14.0,descending,255.1225
52.25,14.25,descending,252.71
52.25,14.5,descending,250.98833
52.25,14.75,descending,249.76999
52.25,15.0,descending,248.02
52.25,15.25,descending,244.27332
52.25,15.5,descending,239.64667
52.25,15.75,descending,236.20999
52.25,16.0,descending,231.56
52.25,16.25,descending,224.82666
52.25,16.5,descending,221.42665
52.25,16.75,descending,223.328
52.25,17.0,descending,226.71286
52.25,17.25,descending,228.43799
52.25,17.5,descending,229.52333
52.25,17.75,descending,231.22
52.25,18.0,descending,231.93286
52.25,18.25,descending,231.58167
52.25,18.5,descending,230.14833
52.25,18.75,descending,229.795
52.25,19.0,descending,230.76332
52.25,19.25,descending,232.305
52.25,19.5,descending,233.07715
52.25,19.75,descending,233.21333
52.25,20.0,descending,233.99571
52.25,20.25,descending,235.39
52.25,20.5,descending,236.70714
52.25,20.75,descending,238.03572
52.25,21.0,descending,239.927
52.25,21.25,descending,241.35571
52.25,21.5,descending,241.77875
52.25,21.75,descending,241.62665
52.25,22.0,descending,240.73143
52.25,22.25,descending,239.43443
52.25,22.5,descending,238.73001
52.25,22.75,descending,238.923
52.25,23.0,descending,239.32666
52.25,23.25,descending,239.28693
52.25,23.5,descending,239.875
52.25,23.75,descending,241.04562
52.25,24.0,descending,241.75778
52.25,24.25,descending,241.60664
52.5,-13.0,descending,234.91667
52.5,-12.75,descending,236.328
52.5,-12.5,descending,237.94249
52.5,-12.25,descending,238.18333
52.5,-12.0,descending,236.14998
52.5,-11.75,descending,231.38998
52.5,-11.5,descending,229.76166
52.5,-11.25,descending,231.70801
52.5,-11.0,descending,234.32999
52.5,-10.75,descending,231.618
52.5,-10.5,descending,228.01166
52.5,-10.25,descending,230.96399
52.5,-10.0,descending,241.55833
52.5,-9.75,descending,256.235
52.5,-9.5,descending,266.46664
52.5,-9.25,descending,269.93597
52.5,-9.0,descending,270.76834
52.5,-8.75,descending,270.736
52.5,-8.5,descending,270.38
52.5,-8.25,descending,269.545
52.5,-8.0,descending,267.59
52.5,-7.75,descending,264.60602
52.5,-7.5,descending,261.625
52.5,-7.25,descending,257.77713
52.5,-7.0,descending,252.765
52.5,-6.75,descending,249.15166
52.5,-6.5,descending,240.724
52.5,-6.25,descending,227.25427
52.5,-6.0,descending,217.25835
52.5,-5.75,descending,214.58374
52.5,-5.5,descending,216.10167
52.5,-5.25,descending,219.21286
52.5,-5.0,descending,222.42665
52.5,-4.75,descending,227.76666
52.5,-4.5,descending,236.385
52.5,-4.25,descending,250.0657
52.5,-4.0,descending,262.99875
52.5,-3.75,descending,269.43375
52.5,-3.5,descending,270.53375
52.5,-3.25,descending,270.12714
52.5,-3.0,descending,269.51874
52.5,-2.75,descending,268.923
52.5,-2.5,descending,268.155
52.5,-2.25,descending,267.319
52.5,-2.0,descending,266.524
52.5,-1.75,descending,266.30182
52.5,-1.5,descending,266.17307
52.5,-1.25,descending,266.01248
52.5,-1.0,descending,265.83936
52.5,-0.75,descending,265.4656
52.5,-0.5,descending,264.65735
52.5,-0.25,descending,264.266
52.5,0.0,descending,255.63052
52.5,0.25,descending,264.31714
52.5,0.5,descending,264.43082
52.5,0.75,descending,263.8118
52.5,1.0,descending,262.306
52.5,1.25,descending,259.148
52.5,1.5,descending,252.36998
52.5,1.75,descending,242.45776
52.5,2.0,descending,231.6725
52.5,2.25,descending,221.46443
52.5,2.5,descending,214.76111
52.5,2.75,descending,211.39857
52.5,3.0,descending,209.94286
52.5,3.25,descending,209.29124
52.5,3.5,descending,209.05286
52.5,3.75,descending,209.15
52.5,4.0,descending,210.72427
52.5,4.25,descending,215.86333
52.5,4.5,descending,226.50374
52.5,4.75,descending,236.84142
52.5,5.0,descending,243.03667
52.5,5.25,descending,244.505
52.5,5.5,descending,250.3457
52.5,5.75,descending,254.43599
52.5,6.0,descending,258.36166
52.5,6.25,descending,259.51398
52.5,6.5,descending,259.5
52.5,6.75,descending,259.45667
52.5,7.0,descending,259.60666
52.5,7.25,descending,259.8
52.5,7.5,descending,259.875
52.5,7.75,descending,259.718
52.5,8.0,descending,259.4283
52.5,8.25,descending,259.174
52.5,8.5,descending,259.21
52.5,8.75,descending,259.555
52.5,9.0,descending,260.19498
52.5,9.25,descending,260.88333
52.5,9.5,descending,261.27798
52.5,9.75,descending,261.5186
52.5,10.0,descending,261.254
52.5,10.25,descending,261.03198
52.5,10.5,descending,261.17166
52.5,10.75,descending,261.37
52.5,11.0,descending,261.56998
52.5,11.25,descending,261.88998
52.5,11.5,descending,262.13666
52.5,11.75,descending,262.206
52.5,12.0,descending,262.57166
52.5,12.25,descending,262.682
52.5,12.5,descending,262.03198
52.5,12.75,descending,261.27
52.5,13.0,descending,260.44165
52.5,13.25,descending,258.956
52.5,13.5,descending,257.15
52.5,13.75,descending,255.002
52.5,14.0,descending,253.07166
52.5,14.25,descending,250.606
52.5,14.5,descending,247.76399
52.5,14.75,descending,246.5
52.5,15.0,descending,245.56665
52.5,15.25,descending,243.06665
52.5,15.5,descending,239.79999
52.5,15.75,descending,237.53598
52.5,16.0,descending,233.01166
52.5,16.25,descending,225.97998
52.5,16.5,descending,222.12334
52.5,16.75,descending,223.69331
52.5,17.0,descending,225.90999
52.5,17.25,descending,226.32199
52.5,17.5,descending,226.205
52.5,17.75,descending,227.75
52.5,18.0,descending,229.76332
52.5,18.25,descending,231.11143
52.5,18.5,descending,231.198
52.5,18.75,descending,231.66875
52.5,19.0,descending,233.19832
52.5,19.25,descending,234.80998
52.5,19.5,descending,234.185
52.5,19.75,descending,233.44875
52.5,20.0,descending,233.81714
52.5,20.25,descending,234.83833
52.5,20.5,descending,235.95749
52.5,20.75,descending,237.36
52.5,21.0,descending,238.965
52.5,21.25,descending,240.20714
52.5,21.5,descending,240.95375
52.5,21.75,descending,241.1225
52.5,22.0,descending,240.55298
52.5,22.25,descending,239.71443
52.5,22.5,descending,239.34299
52.5,22.75,descending,239.15778
52.5,23.0,descending,238.42818
52.5,23.25,descending,237.84546
52.5,23.5,descending,239.19357
52.5,23.75,descending,241.59071
52.5,24.0,descending,242.36
52.5,24.25,descending,241.91116
52.5,24.5,descending,241.95
52.75,-13.0,descending,236.14499
52.75,-12.75,descending,238.024
52.75,-12.5,descending,238.754
52.75,-12.25,descending,237.03499
52.75,-12.0,descending,232.98999
52.75,-11.75,descending,228.81001
52.75,-11.5,descending,227.75749
52.75,-11.25,descending,230.65201
52.75,-11.0,descending,233.08
52.75,-10.75,descending,229.852
52.75,-10.5,descending,223.3375
52.75,-10.25,descending,223.326
52.75,-10.0,descending,231.20833
52.75,-9.75,descending,245.82832
52.75,-9.5,descending,258.248
52.75,-9.25,descending,265.87167
52.75,-9.0,descending,268.49332
52.75,-8.75,descending,269.818
52.75,-8.5,descending,270.49832
52.75,-8.25,descending,270.902
52.75,-8.0,descending,270.8
52.75,-7.75,descending,269.93668
52.75,-7.5,descending,268.72333
52.75,-7.25,descending,267.76498
52.75,-7.0,descending,264.45166
52.75,-6.75,descending,261.08
52.75,-6.5,descending,251.39166
52.75,-6.25,descending,234.48499
52.75,-6.0,descending,220.66333
52.75,-5.75,descending,215.566
52.75,-5.5,descending,214.635
52.75,-5.25,descending,215.8457
52.75,-5.0,descending,219.00667
52.75,-4.75,descending,224.59332
52.75,-4.5,descending,235.64285
52.75,-4.25,descending,250.9343
52.75,-4.0,descending,263.85284
52.75,-3.75,descending,269.62
52.75,-3.5,descending,270.26166
52.75,-3.25,descending,269.58374
52.75,-3.0,descending,268.88498
52.75,-2.75,descending,268.3678
52.75,-2.5,descending,267.77444
52.75,-2.25,descending,267.08667
52.75,-2.0,descending,266.75223
52.75,-1.75,descending,266.502
52.75,-1.5,descending,266.16452
52.75,-1.25,descending,265.82727
52.75,-1.0,descending,265.57748
52.75,-0.75,descending,265.16714
52.75,-0.5,descending,263.75165
52.75,-0.25,descending,260.71942
52.75,0.0,descending,257.19
52.75,0.25,descending,259.2754
52.75,0.5,descending,259.31915
52.75,0.75,descending,259.13455
52.75,1.0,descending,258.351
52.75,1.25,descending,256.42557
52.75,1.5,descending,251.618
52.75,1.75,descending,244.31999
52.75,2.0,descending,234.53
52.75,2.25,descending,225.34856
52.75,2.5,descending,218.81749
52.75,2.75,descending,214.00143
52.75,3.0,descending,211.07999
52.75,3.25,descending,210.02428
52.75,3.5,descending,209.34286
52.75,3.75,descending,209.245
52.75,4.0,descending,209.71498
52.75,4.25,descending,212.78714
52.75,4.5,descending,219.65166
52.75,4.75,descending,228.04
52.75,5.0,descending,235.58
52.75,5.25,descending,236.98167
52.75,5.5,descending,240.36165
52.75,5.75,descending,248.148
52.75,6.0,descending,253.69286
52.75,6.25,descending,257.83
52.75,6.5,descending,258.732
52.75,6.75,descending,258.75
52.75,7.0,descending,258.852
52.75,7.25,descending,259.38
52.75,7.5,descending,259.814
52.75,7.75,descending,259.774
52.75,8.0,descending,259.45667
52.75,8.25,descending,259.06497
52.75,8.5,descending,258.965
52.75,8.75,descending,259.45834
52.75,9.0,descending,260.216
52.75,9.25,descending,260.98248
52.75,9.5,descending,261.96167
52.75,9.75,descending,262.858
52.75,10.0,descending,262.878
52.75,10.25,descending,262.44598
52.75,10.5,descending,262.2725
52.75,10.75,descending,262.11798
52.75,11.0,descending,262.06598
52.75,11.25,descending,262.24667
52.75,11.5,descending,262.33
52.75,11.75,descending,262.09332
52.75,12.0,descending,262.01
52.75,12.25,descending,261.85333
52.75,12.5,descending,261.542
52.75,12.75,descending,260.835
52.75,13.0,descending,259.84
52.75,13.25,descending,258.444
52.75,13.5,descending,255.6175
52.75,13.75,descending,251.83598
52.75,14.0,descending,249.47166
52.75,14.25,descending,247.03333
52.75,14.5,descending,244.23198
52.75,14.75,descending,242.40666
52.75,15.0,descending,240.30833
52.75,15.25,descending,239.13599
52.75,15.5,descending,238.98
52.75,15.75,descending,239.13
52.75,16.0,descending,236.56198
52.75,16.25,descending,231.08998
52.75,16.5,descending,226.61833
52.75,16.75,descending,226.654
52.75,17.0,descending,226.728
52.75,17.25,descending,224.93666
52.75,17.5,descending,224.99666
52.75,17.75,descending,227.802
52.75,18.0,descending,231.81166
52.75,18.25,descending,234.42801
52.75,18.5,descending,235.78499
52.75,18.75,descending,236.85167
52.75,19.0,descending,237.05666
52.75,19.25,descending,237.622
52.75,19.5,descending,236.28285
52.75,19.75,descending,234.86165
52.75,20.0,descending,234.50667
52.75,20.25,descending,235.1025
52.75,20.5,descending,235.39856
52.75,20.75,descending,236.18857
52.75,21.0,descending,237.61716
52.75,21.25,descending,239.64143
52.75,21.5,descending,240.73
52.75,21.75,descending,240.785
52.75,22.0,descending,239.751
52.75,22.25,descending,238.90375
52.75,22.5,descending,238.13399
52.75,22.75,descending,237.93
52.75,23.0,descending,237.65
52.75,23.25,descending,239.40636
52.75,23.5,descending,242.70833
52.75,23.75,descending,244.66917
52.75,24.0,descending,243.72374
52.75,24.25,descending,242.69
52.75,24.5,descending,242.99928
53.0,-13.0,descending,237.75
53.0,-12.75,descending,239.31999
53.0,-12.5,descending,239.23999
53.0,-12.25,descending,236.34799
53.0,-12.0,descending,231.54
53.0,-11.75,descending,228.04832
53.0,-11.5,descending,227.69331
53.0,-11.25,descending,230.1975
53.0,-11.0,descending,231.70166
53.0,-10.75,descending,228.42334
53.0,-10.5,descending,222.66199
53.0,-10.25,descending,221.0275
53.0,-10.0,descending,226.09499
53.0,-9.75,descending,235.552
53.0,-9.5,descending,248.99165
53.0,-9.25,descending,260.184
53.0,-9.0,descending,265.34164
53.0,-8.75,descending,268.18332
53.0,-8.5,descending,269.18167
53.0,-8.25,descending,269.774
53.0,-8.0,descending,270.40833
53.0,-7.75,descending,270.65833
53.0,-7.5,descending,270.364
53.0,-7.25,descending,269.52332
53.0,-7.0,descending,268.51715
53.0,-6.75,descending,266.506
53.0,-6.5,descending,259.19
53.0,-6.25,descending,242.65833
53.0,-6.0,descending,226.91286
53.0,-5.75,descending,216.83998
53.0,-5.5,descending,215.05142
53.0,-5.25,descending,216.504
53.0,-5.0,descending,220.30875
53.0,-4.75,descending,227.90285
53.0,-4.5,descending,239.85715
53.0,-4.25,descending,255.15141
53.0,-4.0,descending,264.41428
53.0,-3.75,descending,267.16284
53.0,-3.5,descending,267.91873
53.0,-3.25,descending,267.45712
53.0,-3.0,descending,267.55875
53.0,-2.75,descending,267.6557
53.0,-2.5,descending,267.672
53.0,-2.25,descending,267.5575
53.0,-2.0,descending,267.45
53.0,-1.75,descending,267.125
53.0,-1.5,descending,266.48816
53.0,-1.25,descending,266.11545
53.0,-1.0,descending,265.9123
53.0,-0.75,descending,265.05856
53.0,-0.5,descending,262.37427
53.0,-0.25,descending,257.45834
53.0,0.0,descending,249.65811
53.0,0.25,descending,249.18857
53.0,0.5,descending,245.86307
53.0,0.75,descending,245.08798
53.0,1.0,descending,243.96599
53.0,1.25,descending,245.545
53.0,1.5,descending,243.521
53.0,1.75,descending,240.57332
53.0,2.0,descending,235.46666
53.0,2.25,descending,228.10875
53.0,2.5,descending,221.64
53.0,2.75,descending,216.57625
53.0,3.0,descending,212.97
53.0,3.25,descending,210.88165
53.0,3.5,descending,210.15875
53.0,3.75,descending,209.60143
53.0,4.0,descending,209.5957
53.0,4.25,descending,210.64572
53.0,4.5,descending,213.86165
53.0,4.75,descending,220.19
53.0,5.0,descending,227.09375
53.0,5.25,descending,232.728
53.0,5.5,descending,237.34334
53.0,5.75,descending,243.30333
53.0,6.0,descending,250.51399
53.0,6.25,descending,255.42598
53.0,6.5,descending,257.375
53.0,6.75,descending,257.87332
53.0,7.0,descending,257.94666
53.0,7.25,descending,258.43332
53.0,7.5,descending,259.25165
53.0,7.75,descending,259.69
53.0,8.0,descending,259.59167
53.0,8.25,descending,259.328
53.0,8.5,descending,259.11166
53.0,8.75,descending,259.274
53.0,9.0,descending,259.86002
53.0,9.25,descending,260.9883
53.0,9.5,descending,262.124
53.0,9.75,descending,263.074
53.0,10.0,descending,263.64334
53.0,10.25,descending,263.48798
53.0,10.5,descending,262.935
53.0,10.75,descending,262.486
53.0,11.0,descending,262.21198
53.0,11.25,descending,261.944
53.0,11.5,descending,261.70667
53.0,11.75,descending,260.846
53.0,12.0,descending,260.33835
53.0,12.25,descending,259.34
53.0,12.5,descending,259.0533
53.0,12.75,descending,258.598
53.0,13.0,descending,257.224
53.0,13.25,descending,255.71999
53.0,13.5,descending,252.90833
53.0,13.75,descending,247.23749
53.0,14.0,descending,244.27501
53.0,14.25,descending,241.8
53.0,14.5,descending,239.54199
53.0,14.75,descending,237.03333
53.0,15.0,descending,234.9775
53.0,15.25,descending,234.475
53.0,15.5,descending,236.54668
53.0,15.75,descending,239.736
53.0,16.0,descending,240.31999
53.0,16.25,descending,236.61833
53.0,16.5,descending,233.13399
53.0,16.75,descending,231.77167
53.0,17.0,descending,229.27998
53.0,17.25,descending,226.568
53.0,17.5,descending,227.02167
53.0,17.75,descending,231.39333
53.0,18.0,descending,237.02666
53.0,18.25,descending,239.3
53.0,18.5,descending,239.67168
53.0,18.75,descending,239.26
53.0,19.0,descending,239.02571
53.0,19.25,descending,238.795
53.0,19.5,descending,238.08286
53.0,19.75,descending,236.88399
53.0,20.0,descending,236.78499
53.0,20.25,descending,236.45332
53.0,20.5,descending,235.83714
53.0,20.75,descending,236.03499
53.0,21.0,descending,237.60857
53.0,21.25,descending,239.15
53.0,21.5,descending,239.57124
53.0,21.75,descending,238.72142
53.0,22.0,descending,236.87444
53.0,22.25,descending,235.57889
53.0,22.5,descending,235.0175
53.0,22.75,descending,235.637
53.0,23.0,descending,237.18666
53.0,23.25,descending,240.27444
53.0,23.5,descending,243.44922
53.0,23.75,descending,243.95
53.0,24.0,descending,242.49666
53.0,24.25,descending,241.99214
53.0,24.5,descending,242.128
53.0,24.75,descending,241.77182
53.25,-13.0,descending,240.61499
53.25,-12.75,descending,241.72166
53.25,-12.5,descending,240.1875
53.25,-12.25,descending,236.92
53.25,-12.0,descending,233.09799
53.25,-11.75,descending,229.41249
53.25,-11.5,descending,229.05833
53.25,-11.25,descending,229.80249
53.25,-11.0,descending,230.41199
53.25,-10.75,descending,228.305
53.25,-10.5,descending,224.074
53.25,-10.25,descending,223.20166
53.25,-10.0,descending,228.54
53.25,-9.75,descending,237.66
53.25,-9.5,descending,246.54
53.25,-9.25,descending,256.22998
53.25,-9.0,descending,263.50668
53.25,-8.75,descending,267.626
53.25,-8.5,descending,268.66165
53.25,-8.25,descending,268.68332
53.25,-8.0,descending,269.26166
53.25,-7.75,descending,269.846
53.25,-7.5,descending,270.006
53.25,-7.25,descending,269.51666
53.25,-7.0,descending,268.972
53.25,-6.75,descending,267.714
53.25,-6.5,descending,261.75668
53.25,-6.25,descending,245.71832
53.25,-6.0,descending,227.20166
53.25,-5.75,descending,217.778
53.25,-5.5,descending,215.50143
53.25,-5.25,descending,217.93834
53.25,-5.0,descending,223.90498
53.25,-4.75,descending,232.12997
53.25,-4.5,descending,242.85286
53.25,-4.25,descending,251.56831
53.25,-4.0,descending,255.94286
53.25,-3.75,descending,256.2557
53.25,-3.5,descending,258.35428
53.25,-3.25,descending,259.74875
53.25,-3.0,descending,263.57144
53.25,-2.75,descending,265.4725
53.25,-2.5,descending,266.75287
53.25,-2.25,descending,267.313
53.25,-2.0,descending,267.74374
53.25,-1.75,descending,267.527
53.25,-1.5,descending,266.96332
53.25,-1.25,descending,266.721
53.25,-1.0,descending,266.377
53.25,-0.75,descending,264.84152
53.25,-0.5,descending,261.37384
53.25,-0.25,descending,254.87866
53.25,0.0,descending,244.88881
53.25,0.25,descending,241.44998
53.25,0.5,descending,237.15308
53.25,0.75,descending,231.78818
53.25,1.0,descending,229.01544
53.25,1.25,descending,229.37
53.25,1.5,descending,232.98999
53.25,1.75,descending,234.27856
53.25,2.0,descending,234.39778
53.25,2.25,descending,231.3575
53.25,2.5,descending,226.02374
53.25,2.75,descending,220.07571
53.25,3.0,descending,215.16286
53.25,3.25,descending,212.01143
53.25,3.5,descending,210.83167
53.25,3.75,descending,210.11
53.25,4.0,descending,209.69429
53.25,4.25,descending,209.73398
53.25,4.5,descending,211.00713
53.25,4.75,descending,213.88428
53.25,5.0,descending,217.75998
53.25,5.25,descending,222.67665
53.25,5.5,descending,229.95332
53.25,5.75,descending,239.42665
53.25,6.0,descending,245.745
53.25,6.25,descending,250.92499
53.25,6.5,descending,253.3
53.25,6.75,descending,254.33398
53.25,7.0,descending,255.26399
53.25,7.25,descending,256.792
53.25,7.5,descending,258.08
53.25,7.75,descending,258.562
53.25,8.0,descending,258.276
53.25,8.25,descending,258.294
53.25,8.5,descending,258.89166
53.25,8.75,descending,259.36166
53.25,9.0,descending,259.81598
53.25,9.25,descending,260.46198
53.25,9.5,descending,261.152
53.25,9.75,descending,262.10602
53.25,10.0,descending,262.56
53.25,10.25,descending,262.72
53.25,10.5,descending,262.15802
53.25,10.75,descending,261.812
53.25,11.0,descending,261.41998
53.25,11.25,descending,260.9975
53.25,11.5,descending,259.795
53.25,11.75,descending,258.52997
53.25,12.0,descending,256.28598
53.25,12.25,descending,254.844
53.25,12.5,descending,254.305
53.25,12.75,descending,252.846
53.25,13.0,descending,252.55798
53.25,13.25,descending,250.26749
53.25,13.5,descending,246.23334
53.25,13.75,descending,242.4275
53.25,14.0,descending,238.84999
53.25,14.25,descending,236.84799
53.25,14.5,descending,235.52333
53.25,14.75,descending,233.43666
53.25,15.0,descending,231.835
53.25,15.25,descending,232.225
53.25,15.5,descending,235.43
53.25,15.75,descending,240.5575
53.25,16.0,descending,242.28499
53.25,16.25,descending,240.88399
53.25,16.5,descending,238.73665
53.25,16.75,descending,236.0275
53.25,17.0,descending,232.72499
53.25,17.25,descending,229.96999
53.25,17.5,descending,230.59499
53.25,17.75,descending,235.12997
53.25,18.0,descending,239.77498
53.25,18.25,descending,241.86499
53.25,18.5,descending,240.875
53.25,18.75,descending,239.61198
53.25,19.0,descending,239.34499
53.25,19.25,descending,239.94666
53.25,19.5,descending,241.14
53.25,19.75,descending,240.68666
53.25,20.0,descending,240.81198
53.25,20.25,descending,239.45166
53.25,20.5,descending,239.00143
53.25,20.75,descending,238.60167
53.25,21.0,descending,238.78667
53.25,21.25,descending,239.40285
53.25,21.5,descending,238.765
53.25,21.75,descending,236.8475
53.25,22.0,descending,234.56
53.25,22.25,descending,233.147
53.25,22.5,descending,233.15
53.25,22.75,descending,234.56776
53.25,23.0,descending,237.43443
53.25,23.25,descending,240.59799
53.25,23.5,descending,241.11334
53.25,23.75,descending,239.95583
53.25,24.0,descending,239.08583
53.25,24.25,descending,239.76692
53.25,24.5,descending,240.65941
53.25,24.75,descending,241.97937
53.25,25.0,descending,243.35667
53.5,-13.0,descending,242.39499
53.5,-12.75,descending,242.102
53.5,-12.5,descending,239.94331
53.5,-12.25,descending,237.3375
53.5,-12.0,descending,235.3
53.5,-11.75,descending,232.86333
53.5,-11.5,descending,232.00798
53.5,-11.25,descending,231.43799
53.5,-11.0,descending,231.066
53.5,-10.75,descending,229.8425
53.5,-10.5,descending,228.16333
53.5,-10.25,descending,229.41833
53.5,-10.0,descending,235.73799
53.5,-9.75,descending,243.668
53.5,-9.5,descending,251.745
53.5,-9.25,descending,258.78165
53.5,-9.0,descending,264.57166
53.5,-8.75,descending,268.18597
53.5,-8.5,descending,268.88834
53.5,-8.25,descending,268.09198
53.5,-8.0,descending,267.94998
53.5,-7.75,descending,268.748
53.5,-7.5,descending,269.00665
53.5,-7.25,descending,268.84833
53.5,-7.0,descending,268.716
53.5,-6.75,descending,266.83334
53.5,-6.5,descending,258.46664
53.5,-6.25,descending,241.87997
53.5,-6.0,descending,224.47285
53.5,-5.75,descending,216.09666
53.5,-5.5,descending,214.34999
53.5,-5.25,descending,216.12712
53.5,-5.0,descending,220.45833
53.5,-4.75,descending,228.23
53.5,-4.5,descending,233.51599
53.5,-4.25,descending,237.46571
53.5,-4.0,descending,237.22
53.5,-3.75,descending,236.84856
53.5,-3.5,descending,240.2325
53.5,-3.25,descending,247.51
53.5,-3.0,descending,256.74625
53.5,-2.75,descending,262.97
53.5,-2.5,descending,265.62875
53.5,-2.25,descending,266.95285
53.5,-2.0,descending,267.574
53.5,-1.75,descending,267.3425
53.5,-1.5,descending,266.888
53.5,-1.25,descending,266.37112
53.5,-1.0,descending,265.4275
53.5,-0.75,descending,263.16998
53.5,-0.5,descending,259.0554
53.5,-0.25,descending,249.61714
53.5,0.0,descending,237.42096
53.5,0.25,descending,231.97624
53.5,0.5,descending,230.03166
53.5,0.75,descending,227.81
53.5,1.0,descending,224.49635
53.5,1.25,descending,224.52333
53.5,1.5,descending,227.299
53.5,1.75,descending,230.306
53.5,2.0,descending,231.92874
53.5,2.25,descending,231.36624
53.5,2.5,descending,228.32999
53.5,2.75,descending,223.2
53.5,3.0,descending,217.06999
53.5,3.25,descending,213.20125
53.5,3.5,descending,210.84142
53.5,3.75,descending,209.99857
53.5,4.0,descending,209.73427
53.5,4.25,descending,209.64429
53.5,4.5,descending,209.90833
53.5,4.75,descending,210.6
53.5,5.0,descending,212.58714
53.5,5.25,descending,214.70166
53.5,5.5,descending,219.08167
53.5,5.75,descending,225.10667
53.5,6.0,descending,230.14
53.5,6.25,descending,235.41667
53.5,6.5,descending,239.00499
53.5,6.75,descending,241.73833
53.5,7.0,descending,245.19666
53.5,7.25,descending,249.71
53.5,7.5,descending,253.22998
53.5,7.75,descending,253.66333
53.5,8.0,descending,252.608
53.5,8.25,descending,251.96666
53.5,8.5,descending,254.875
53.5,8.75,descending,257.2025
53.5,9.0,descending,259.32333
53.5,9.25,descending,259.75497
53.5,9.5,descending,259.956
53.5,9.75,descending,260.36798
53.5,10.0,descending,260.61166
53.5,10.25,descending,260.60602
53.5,10.5,descending,260.466
53.5,10.75,descending,259.58
53.5,11.0,descending,259.30402
53.5,11.25,descending,257.95667
53.5,11.5,descending,256.28
53.5,11.75,descending,253.49399
53.5,12.0,descending,251.616
53.5,12.25,descending,248.38599
53.5,12.5,descending,247.55333
53.5,12.75,descending,244.935
53.5,13.0,descending,244.83833
53.5,13.25,descending,243.69832
53.5,13.5,descending,239.394
53.5,13.75,descending,237.076
53.5,14.0,descending,235.51833
53.5,14.25,descending,235.33249
53.5,14.5,descending,236.472
53.5,14.75,descending,235.95833
53.5,15.0,descending,233.998
53.5,15.25,descending,234.05833
53.5,15.5,descending,237.67665
53.5,15.75,descending,241.898
53.5,16.0,descending,243.5
53.5,16.25,descending,243.2975
53.5,16.5,descending,241.9925
53.5,16.75,descending,239.49199
53.5,17.0,descending,236.30666
53.5,17.25,descending,233.74199
53.5,17.5,descending,233.39166
53.5,17.75,descending,236.71199
53.5,18.0,descending,241.40999
53.5,18.25,descending,243.135
53.5,18.5,descending,241.86665
53.5,18.75,descending,240.2
53.5,19.0,descending,240.07286
53.5,19.25,descending,241.74284
53.5,19.5,descending,243.25801
53.5,19.75,descending,244.18
53.5,20.0,descending,244.22285
53.5,20.25,descending,243.52141
53.5,20.5,descending,242.88332
53.5,20.75,descending,241.63284
53.5,21.0,descending,240.84125
53.5,21.25,descending,240.77124
53.5,21.5,descending,239.5625
53.5,21.75,descending,237.12
53.5,22.0,descending,234.62125
53.5,22.25,descending,233.54141
53.5,22.5,descending,233.45776
53.5,22.75,descending,234.86
53.5,23.0,descending,237.18
53.5,23.25,descending,238.854
53.5,23.5,descending,238.46889
53.5,23.75,descending,237.52455
53.5,24.0,descending,238.28726
53.5,24.25,descending,240.10918
53.5,24.5,descending,241.86856
53.5,24.75,descending,243.23
53.5,25.0,descending,244.475
53.5,25.25,descending,245.155
53.75,-13.0,descending,241.08499
53.75,-12.75,descending,240.93999
53.75,-12.5,descending,239.19199
53.75,-12.25,descending,238.65
53.75,-12.0,descending,238.95598
53.75,-11.75,descending,238.43834
53.75,-11.5,descending,236.66399
53.75,-11.25,descending,235.17
53.75,-11.0,descending,233.91833
53.75,-10.75,descending,232.418
53.75,-10.5,descending,231.41998
53.75,-10.25,descending,235.31667
53.75,-10.0,descending,244.028
53.75,-9.75,descending,253.51332
53.75,-9.5,descending,259.848
53.75,-9.25,descending,264.03
53.75,-9.0,descending,266.74332
53.75,-8.75,descending,268.87332
53.75,-8.5,descending,268.98666
53.75,-8.25,descending,267.938
53.75,-8.0,descending,267.442
53.75,-7.75,descending,267.88
53.75,-7.5,descending,268.17
53.75,-7.25,descending,268.26
53.75,-7.0,descending,268.03
53.75,-6.75,descending,265.504
53.75,-6.5,descending,256.05832
53.75,-6.25,descending,237.21999
53.75,-6.0,descending,221.46399
53.75,-5.75,descending,214.63332
53.75,-5.5,descending,212.86833
53.75,-5.25,descending,213.31001
53.75,-5.0,descending,216.14667
53.75,-4.75,descending,219.005
53.75,-4.5,descending,222.31834
53.75,-4.25,descending,220.12834
53.75,-4.0,descending,221.20667
53.75,-3.75,descending,222.02666
53.75,-3.5,descending,226.50832
53.75,-3.25,descending,237.46999
53.75,-3.0,descending,251.39429
53.75,-2.75,descending,261.16998
53.75,-2.5,descending,265.77124
53.75,-2.25,descending,267.15857
53.75,-2.0,descending,267.43445
53.75,-1.75,descending,266.78333
53.75,-1.5,descending,266.06
53.75,-1.25,descending,265.041
53.75,-1.0,descending,263.36777
53.75,-0.75,descending,260.02908
53.75,-0.5,descending,253.05666
53.75,-0.25,descending,240.49333
53.75,0.0,descending,229.11348
53.75,0.25,descending,225.8093
53.75,0.5,descending,221.79839
53.75,0.75,descending,222.33333
53.75,1.0,descending,222.56999
53.75,1.25,descending,223.90222
53.75,1.5,descending,226.76299
53.75,1.75,descending,230.28375
53.75,2.0,descending,232.17125
53.75,2.25,descending,231.75374
53.75,2.5,descending,229.02124
53.75,2.75,descending,224.42857
53.75,3.0,descending,218.77625
53.75,3.25,descending,213.80333
53.75,3.5,descending,211.3
53.75,3.75,descending,210.09167
53.75,4.0,descending,209.77713
53.75,4.25,descending,209.95
53.75,4.5,descending,210.21715
53.75,4.75,descending,210.64333
53.75,5.0,descending,211.03833
53.75,5.25,descending,211.295
53.75,5.5,descending,211.90167
53.75,5.75,descending,212.98999
53.75,6.0,descending,214.80833
53.75,6.25,descending,216.278
53.75,6.5,descending,219.01399
53.75,6.75,descending,221.722
53.75,7.0,descending,224.21167
53.75,7.25,descending,229.945
53.75,7.5,descending,236.07666
53.75,7.75,descending,239.06
53.75,8.0,descending,239.568
53.75,8.25,descending,238.36198
53.75,8.5,descending,244.486
53.75,8.75,descending,250.26166
53.75,9.0,descending,255.45601
53.75,9.25,descending,257.8075
53.75,9.5,descending,258.74
53.75,9.75,descending,258.71
53.75,10.0,descending,258.6475
53.75,10.25,descending,258.416
53.75,10.5,descending,257.8
53.75,10.75,descending,256.33
53.75,11.0,descending,254.37
53.75,11.25,descending,252.79498
53.75,11.5,descending,250.875
53.75,11.75,descending,248.75
53.75,12.0,descending,246.48999
53.75,12.25,descending,243.44199
53.75,12.5,descending,240.16599
53.75,12.75,descending,238.6025
53.75,13.0,descending,236.66199
53.75,13.25,descending,235.76166
53.75,13.5,descending,235.194
53.75,13.75,descending,234.2625
53.75,14.0,descending,234.27667
53.75,14.25,descending,235.32199
53.75,14.5,descending,237.512
53.75,14.75,descending,238.6275
53.75,15.0,descending,237.78667
53.75,15.25,descending,237.65166
53.75,15.5,descending,239.898
53.75,15.75,descending,242.27998
53.75,16.0,descending,244.22166
53.75,16.25,descending,244.98833
53.75,16.5,descending,244.75998
53.75,16.75,descending,243.53166
53.75,17.0,descending,241.01
53.75,17.25,descending,239.23198
53.75,17.5,descending,238.03201
53.75,17.75,descending,241.10167
53.75,18.0,descending,244.31
53.75,18.25,descending,244.45401
53.75,18.5,descending,242.36333
53.75,18.75,descending,240.51799
53.75,19.0,descending,240.46667
53.75,19.25,descending,242.17833
53.75,19.5,descending,244.20166
53.75,19.75,descending,245.124
53.75,20.0,descending,245.15999
53.75,20.25,descending,244.68166
53.75,20.5,descending,243.35571
53.75,20.75,descending,241.39832
53.75,21.0,descending,241.00166
53.75,21.25,descending,240.77165
53.75,21.5,descending,239.60857
53.75,21.75,descending,237.62715
53.75,22.0,descending,236.21715
53.75,22.25,descending,235.69
53.75,22.5,descending,235.51285
53.75,22.75,descending,237.13301
53.75,23.0,descending,239.00249
53.75,23.25,descending,240.21889
53.75,23.5,descending,240.04109
53.75,23.75,descending,240.675
53.75,24.0,descending,242.002
53.75,24.25,descending,243.9909
53.75,24.5,descending,243.94385
53.75,24.75,descending,243.95499
53.75,25.0,descending,244.38187
53.75,25.25,descending,245.23688
53.75,25.5,descending,245.45999
54.0,-13.0,descending,241.06999
54.0,-12.75,descending,240.78833
54.0,-12.5,descending,240.63998
54.0,-12.25,descending,242.46666
54.0,-12.0,descending,243.75499
54.0,-11.75,descending,244.896
54.0,-11.5,descending,243.555
54.0,-11.25,descending,240.62999
54.0,-11.0,descending,238.818
54.0,-10.75,descending,236.826
54.0,-10.5,descending,235.25
54.0,-10.25,descending,238.97333
54.0,-10.0,descending,247.765
54.0,-9.75,descending,257.68665
54.0,-9.5,descending,263.13
54.0,-9.25,descending,265.376
54.0,-9.0,descending,266.9833
54.0,-8.75,descending,267.96
54.0,-8.5,descending,268.18665
54.0,-8.25,descending,267.78598
54.0,-8.0,descending,267.46332
54.0,-7.75,descending,267.602
54.0,-7.5,descending,267.76666
54.0,-7.25,descending,268.03998
54.0,-7.0,descending,267.728
54.0,-6.75,descending,264.55334
54.0,-6.5,descending,253.66667
54.0,-6.25,descending,239.445
54.0,-6.0,descending,227.06166
54.0,-5.75,descending,217.455
54.0,-5.5,descending,213.38335
54.0,-5.25,descending,212.858
54.0,-5.0,descending,214.53874
54.0,-4.75,descending,216.5925
54.0,-4.5,descending,217.11
54.0,-4.25,descending,215.22427
54.0,-4.0,descending,214.46124
54.0,-3.75,descending,215.96599
54.0,-3.5,descending,221.49428
54.0,-3.25,descending,235.36624
54.0,-3.0,descending,251.87
54.0,-2.75,descending,262.14856
54.0,-2.5,descending,266.91998
54.0,-2.25,descending,268.0175
54.0,-2.0,descending,267.78287
54.0,-1.75,descending,266.85623
54.0,-1.5,descending,265.594
54.0,-1.25,descending,264.33124
54.0,-1.0,descending,262.494
54.0,-0.75,descending,258.08777
54.0,-0.5,descending,247.90546
54.0,-0.25,descending,234.04546
54.0,0.0,descending,222.78264
54.0,0.25,descending,221.38933
54.0,0.5,descending,219.08194
54.0,0.75,descending,218.33104
54.0,1.0,descending,222.13998
54.0,1.25,descending,226.354
54.0,1.5,descending,230.253
54.0,1.75,descending,232.58875
54.0,2.0,descending,234.11223
54.0,2.25,descending,233.51874
54.0,2.5,descending,230.575
54.0,2.75,descending,226.10999
54.0,3.0,descending,221.2957
54.0,3.25,descending,215.71625
54.0,3.5,descending,212.22
54.0,3.75,descending,210.80998
54.0,4.0,descending,210.24666
54.0,4.25,descending,210.40332
54.0,4.5,descending,210.96167
54.0,4.75,descending,211.48
54.0,5.0,descending,211.61833
54.0,5.25,descending,211.19
54.0,5.5,descending,210.36665
54.0,5.75,descending,209.68333
54.0,6.0,descending,209.20667
54.0,6.25,descending,209.265
54.0,6.5,descending,209.825
54.0,6.75,descending,210.765
54.0,7.0,descending,211.396
54.0,7.25,descending,214.076
54.0,7.5,descending,216.69249
54.0,7.75,descending,220.12
54.0,8.0,descending,222.58
54.0,8.25,descending,221.51399
54.0,8.5,descending,226.85333
54.0,8.75,descending,237.396
54.0,9.0,descending,246.85999
54.0,9.25,descending,255.57199
54.0,9.5,descending,257.326
54.0,9.75,descending,257.79248
54.0,10.0,descending,257.225
54.0,10.25,descending,255.748
54.0,10.5,descending,254.354
54.0,10.75,descending,250.71498
54.0,11.0,descending,245.22998
54.0,11.25,descending,243.39166
54.0,11.5,descending,241.29
54.0,11.75,descending,242.38832
54.0,12.0,descending,240.98999
54.0,12.25,descending,239.49834
54.0,12.5,descending,235.96799
54.0,12.75,descending,232.91399
54.0,13.0,descending,231.34799
54.0,13.25,descending,229.16833
54.0,13.5,descending,229.565
54.0,13.75,descending,230.4425
54.0,14.0,descending,229.022
54.0,14.25,descending,228.618
54.0,14.5,descending,231.97333
54.0,14.75,descending,234.965
54.0,15.0,descending,233.996
54.0,15.25,descending,234.21199
54.0,15.5,descending,237.12166
54.0,15.75,descending,240.23799
54.0,16.0,descending,242.76332
54.0,16.25,descending,245.702
54.0,16.5,descending,247.58167
54.0,16.75,descending,248.33398
54.0,17.0,descending,247.22333
54.0,17.25,descending,245.272
54.0,17.5,descending,244.93834
54.0,17.75,descending,245.66199
54.0,18.0,descending,246.06166
54.0,18.25,descending,244.07166
54.0,18.5,descending,241.00601
54.0,18.75,descending,239.29333
54.0,19.0,descending,239.33833
54.0,19.25,descending,240.79
54.0,19.5,descending,242.98999
54.0,19.75,descending,243.755
54.0,20.0,descending,242.88165
54.0,20.25,descending,242.26166
54.0,20.5,descending,240.05713
54.0,20.75,descending,238.31
54.0,21.0,descending,236.48428
54.0,21.25,descending,237.36333
54.0,21.5,descending,236.80429
54.0,21.75,descending,237.31142
54.0,22.0,descending,237.8275
54.0,22.25,descending,238.34143
54.0,22.5,descending,238.7625
54.0,22.75,descending,240.99428
54.0,23.0,descending,242.93198
54.0,23.25,descending,244.05249
54.0,23.5,descending,244.09554
54.0,23.75,descending,245.5211
54.0,24.0,descending,246.86499
54.0,24.25,descending,247.09299
54.0,24.5,descending,245.58667
54.0,24.75,descending,244.22667
54.0,25.0,descending,244.23686
54.0,25.25,descending,245.02057
54.0,25.5,descending,245.37811
54.0,25.75,descending,245.62
54.25,-13.0,descending,244.32666
54.25,-12.75,descending,244.85999
54.25,-12.5,descending,245.22499
54.25,-12.25,descending,247.4225
54.25,-12.0,descending,248.872
54.25,-11.75,descending,249.10999
54.25,-11.5,descending,248.278
54.25,-11.25,descending,245.694
54.25,-11.0,descending,242.778
54.25,-10.75,descending,239.75249
54.25,-10.5,descending,238.39333
54.25,-10.25,descending,241.05998
54.25,-10.0,descending,248.1675
54.25,-9.75,descending,254.45999
54.25,-9.5,descending,257.57498
54.25,-9.25,descending,259.174
54.25,-9.0,descending,259.39667
54.25,-8.75,descending,261.792
54.25,-8.5,descending,264.61166
54.25,-8.25,descending,266.07
54.25,-8.0,descending,267.0625
54.25,-7.75,descending,267.38666
54.25,-7.5,descending,267.735
54.25,-7.25,descending,268.176
54.25,-7.0,descending,267.79333
54.25,-6.75,descending,265.084
54.25,-6.5,descending,258.80402
54.25,-6.25,descending,248.84332
54.25,-6.0,descending,237.24834
54.25,-5.75,descending,225.55998
54.25,-5.5,descending,217.68166
54.25,-5.25,descending,214.616
54.25,-5.0,descending,216.29333
54.25,-4.75,descending,219.10834
54.25,-4.5,descending,219.08
54.25,-4.25,descending,215.71
54.25,-4.0,descending,214.555
54.25,-3.75,descending,219.07715
54.25,-3.5,descending,231.83667
54.25,-3.25,descending,242.79668
54.25,-3.0,descending,255.20714
54.25,-2.75,descending,264.55
54.25,-2.5,descending,268.08572
54.25,-2.25,descending,268.56
54.25,-2.0,descending,267.955
54.25,-1.75,descending,266.71713
54.25,-1.5,descending,265.29248
54.25,-1.25,descending,264.063
54.25,-1.0,descending,261.00125
54.25,-0.75,descending,253.81699
54.25,-0.5,descending,239.04555
54.25,-0.25,descending,226.46092
54.25,0.0,descending,217.90732
54.25,0.25,descending,219.97481
54.25,0.5,descending,218.8423
54.25,0.75,descending,218.9357
54.25,1.0,descending,220.08731
54.25,1.25,descending,230.70546
54.25,1.5,descending,234.22333
54.25,1.75,descending,236.02777
54.25,2.0,descending,236.38666
54.25,2.25,descending,234.53624
54.25,2.5,descending,231.48
54.25,2.75,descending,227.54428
54.25,3.0,descending,222.62572
54.25,3.25,descending,218.17142
54.25,3.5,descending,214.53714
54.25,3.75,descending,212.53667
54.25,4.0,descending,211.3
54.25,4.25,descending,211.23167
54.25,4.5,descending,211.665
54.25,4.75,descending,211.95801
54.25,5.0,descending,211.92142
54.25,5.25,descending,211.34
54.25,5.5,descending,210.37856
54.25,5.75,descending,209.25998
54.25,6.0,descending,208.43285
54.25,6.25,descending,207.924
54.25,6.5,descending,207.68999
54.25,6.75,descending,207.648
54.25,7.0,descending,207.77333
54.25,7.25,descending,208.24165
54.25,7.5,descending,209.16833
54.25,7.75,descending,210.448
54.25,8.0,descending,211.335
54.25,8.25,descending,213.15166
54.25,8.5,descending,217.48001
54.25,8.75,descending,227.88599
54.25,9.0,descending,241.68599
54.25,9.25,descending,251.21399
54.25,9.5,descending,255.18599
54.25,9.75,descending,255.736
54.25,10.0,descending,253.11398
54.25,10.25,descending,250.95999
54.25,10.5,descending,247.04
54.25,10.75,descending,243.79665
54.25,11.0,descending,237.78598
54.25,11.25,descending,230.79199
54.25,11.5,descending,228.99399
54.25,11.75,descending,230.802
54.25,12.0,descending,233.274
54.25,12.25,descending,233.73749
54.25,12.5,descending,233.145
54.25,12.75,descending,230.37
54.25,13.0,descending,228.23
54.25,13.25,descending,226.315
54.25,13.5,descending,224.78749
54.25,13.75,descending,223.03166
54.25,14.0,descending,221.374
54.25,14.25,descending,218.2475
54.25,14.5,descending,219.60667
54.25,14.75,descending,223.374
54.25,15.0,descending,224.16599
54.25,15.25,descending,224.68666
54.25,15.5,descending,226.59666
54.25,15.75,descending,231.13599
54.25,16.0,descending,235.33667
54.25,16.25,descending,241.552
54.25,16.5,descending,246.53333
54.25,16.75,descending,248.824
54.25,17.0,descending,249.47
54.25,17.25,descending,248.65001
54.25,17.5,descending,248.156
54.25,17.75,descending,248.01166
54.25,18.0,descending,246.50835
54.25,18.25,descending,243.2975
54.25,18.5,descending,238.34856
54.25,18.75,descending,235.026
54.25,19.0,descending,235.326
54.25,19.25,descending,236.40833
54.25,19.5,descending,238.87166
54.25,19.75,descending,241.55998
54.25,20.0,descending,240.59332
54.25,20.25,descending,238.95667
54.25,20.5,descending,236.592
54.25,20.75,descending,233.06125
54.25,21.0,descending,230.71832
54.25,21.25,descending,231.82199
54.25,21.5,descending,233.41142
54.25,21.75,descending,235.96571
54.25,22.0,descending,237.82286
54.25,22.25,descending,239.66
54.25,22.5,descending,241.50249
54.25,22.75,descending,242.93428
54.25,23.0,descending,243.59999
54.25,23.25,descending,243.97375
54.25,23.5,descending,244.68498
54.25,23.75,descending,246.26999
54.25,24.0,descending,247.40799
54.25,24.25,descending,247.37776
54.25,24.5,descending,246.02998
54.25,24.75,descending,244.96727
54.25,25.0,descending,245.40692
54.25,25.25,descending,246.22667
54.25,25.5,descending,246.485
54.25,25.75,descending,246.32616
54.5,-13.0,descending,249.78667
54.5,-12.75,descending,249.526
54.5,-12.5,descending,250.57999
54.5,-12.25,descending,250.935
54.5,-12.0,descending,251.02998
54.5,-11.75,descending,249.935
54.5,-11.5,descending,248.272
54.5,-11.25,descending,245.198
54.5,-11.0,descending,242.03833
54.5,-10.75,descending,239.1525
54.5,-10.5,descending,236.14998
54.5,-10.25,descending,237.68999
54.5,-10.0,descending,242.165
54.5,-9.75,descending,245.895
54.5,-9.5,descending,243.87166
54.5,-9.25,descending,243.84799
54.5,-9.0,descending,243.71498
54.5,-8.75,descending,249.01399
54.5,-8.5,descending,256.4883
54.5,-8.25,descending,262.51
54.5,-8.0,descending,265.78598
54.5,-7.75,descending,266.90164
54.5,-7.5,descending,267.794
54.5,-7.25,descending,268.40833
54.5,-7.0,descending,267.626
54.5,-6.75,descending,265.15
54.5,-6.5,descending,260.74167
54.5,-6.25,descending,256.096
54.5,-6.0,descending,248.48665
54.5,-5.75,descending,234.92833
54.5,-5.5,descending,223.15999
54.5,-5.25,descending,217.23
54.5,-5.0,descending,219.278
54.5,-4.75,descending,221.94429
54.5,-4.5,descending,221.45332
54.5,-4.25,descending,218.84001
54.5,-4.0,descending,218.51332
54.5,-3.75,descending,228.15141
54.5,-3.5,descending,241.81999
54.5,-3.25,descending,255.12831
54.5,-3.0,descending,262.1486
54.5,-2.75,descending,266.52856
54.5,-2.5,descending,268.03
54.5,-2.25,descending,268.0875
54.5,-2.0,descending,266.9343
54.5,-1.75,descending,265.1775
54.5,-1.5,descending,261.6314
54.5,-1.25,descending,257.8325
54.5,-1.0,descending,252.12001
54.5,-0.75,descending,239.45222
54.5,-0.5,descending,228.33
54.5,-0.25,descending,219.023
54.5,0.0,descending,215.60362
54.5,0.25,descending,220.12186
54.5,0.5,descending,220.15652
54.5,0.75,descending,220.48143
54.5,1.0,descending,221.81378
54.5,1.25,descending,225.03041
54.5,1.5,descending,234.939
54.5,1.75,descending,236.28111
54.5,2.0,descending,235.51001
54.5,2.25,descending,233.41875
54.5,2.5,descending,230.16779
54.5,2.75,descending,226.00374
54.5,3.0,descending,222.1425
54.5,3.25,descending,219.03572
54.5,3.5,descending,216.38571
54.5,3.75,descending,214.15285
54.5,4.0,descending,212.98428
54.5,4.25,descending,212.57857
54.5,4.5,descending,212.55142
54.5,4.75,descending,212.48999
54.5,5.0,descending,211.96333
54.5,5.25,descending,211.15714
54.5,5.5,descending,210.13799
54.5,5.75,descending,209.23833
54.5,6.0,descending,208.502
54.5,6.25,descending,207.99333
54.5,6.5,descending,207.71715
54.5,6.75,descending,207.594
54.5,7.0,descending,207.50998
54.5,7.25,descending,207.53198
54.5,7.5,descending,207.722
54.5,7.75,descending,208.28398
54.5,8.0,descending,209.63399
54.5,8.25,descending,212.34
54.5,8.5,descending,217.6275
54.5,8.75,descending,227.10498
54.5,9.0,descending,239.36398
54.5,9.25,descending,249.245
54.5,9.5,descending,252.876
54.5,9.75,descending,251.158
54.5,10.0,descending,245.62
54.5,10.25,descending,240.20601
54.5,10.5,descending,234.57999
54.5,10.75,descending,234.16667
54.5,11.0,descending,230.73248
54.5,11.25,descending,227.246
54.5,11.5,descending,222.835
54.5,11.75,descending,221.62
54.5,12.0,descending,223.404
54.5,12.25,descending,225.04999
54.5,12.5,descending,225.89
54.5,12.75,descending,226.98332
54.5,13.0,descending,225.5125
54.5,13.25,descending,224.65498
54.5,13.5,descending,221.998
54.5,13.75,descending,217.25398
54.5,14.0,descending,214.27832
54.5,14.25,descending,212.595
54.5,14.5,descending,211.95749
54.5,14.75,descending,212.22667
54.5,15.0,descending,213.77666
54.5,15.25,descending,215.77597
54.5,15.5,descending,216.1075
54.5,15.75,descending,218.54
54.5,16.0,descending,222.302
54.5,16.25,descending,229.45166
54.5,16.5,descending,235.774
54.5,16.75,descending,241.87997
54.5,17.0,descending,243.47166
54.5,17.25,descending,244.478
54.5,17.5,descending,245.56667
54.5,17.75,descending,246.33598
54.5,18.0,descending,245.38
54.5,18.25,descending,240.594
54.5,18.5,descending,231.56334
54.5,18.75,descending,227.64
54.5,19.0,descending,226.02
54.5,19.25,descending,227.398
54.5,19.5,descending,230.835
54.5,19.75,descending,235.95
54.5,20.0,descending,238.31831
54.5,20.25,descending,237.21428
54.5,20.5,descending,233.78499
54.5,20.75,descending,229.93799
54.5,21.0,descending,228.24142
54.5,21.25,descending,229.12
54.5,21.5,descending,230.59499
54.5,21.75,descending,232.63142
54.5,22.0,descending,234.76
54.5,22.25,descending,237.89
54.5,22.5,descending,239.92142
54.5,22.75,descending,241.04875
54.5,23.0,descending,240.69429
54.5,23.25,descending,241.52249
54.5,23.5,descending,242.99875
54.5,23.75,descending,244.65
54.5,24.0,descending,245.53624
54.5,24.25,descending,245.95601
54.5,24.5,descending,246.08887
54.5,24.75,descending,246.57362
54.5,25.0,descending,247.51917
54.5,25.25,descending,247.87666
54.5,25.5,descending,247.70375
54.5,25.75,descending,246.94165
54.5,26.0,descending,246.65833
54.75,-13.0,descending,250.14
54.75,-12.75,descending,250.76749
54.75,-12.5,descending,251.246
54.75,-12.25,descending,251.314
54.75,-12.0,descending,250.556
54.75,-11.75,descending,248.1975
54.75,-11.5,descending,244.87834
54.75,-11.25,descending,240.95
54.75,-11.0,descending,237.118
54.75,-10.75,descending,234.51001
54.75,-10.5,descending,231.72
54.75,-10.25,descending,230.9825
54.75,-10.0,descending,231.335
54.75,-9.75,descending,233.45999
54.75,-9.5,descending,231.11499
54.75,-9.25,descending,229.87999
54.75,-9.0,descending,229.68999
54.75,-8.75,descending,237.38165
54.75,-8.5,descending,248.36398
54.75,-8.25,descending,258.13998
54.75,-8.0,descending,263.73666
54.75,-7.75,descending,266.052
54.75,-7.5,descending,267.1783
54.75,-7.25,descending,267.58002
54.75,-7.0,descending,266.948
54.75,-6.75,descending,263.60666
54.75,-6.5,descending,260.26202
54.75,-6.25,descending,257.64334
54.75,-6.0,descending,249.63799
54.75,-5.75,descending,237.49399
54.75,-5.5,descending,224.44571
54.75,-5.25,descending,220.76
54.75,-5.0,descending,224.65166
54.75,-4.75,descending,230.61665
54.75,-4.5,descending,227.868
54.75,-4.25,descending,228.63666
54.75,-4.0,descending,229.92
54.75,-3.75,descending,236.344
54.75,-3.5,descending,250.31874
54.75,-3.25,descending,260.546
54.75,-3.0,descending,264.60284
54.75,-2.75,descending,266.7514
54.75,-2.5,descending,267.40143
54.75,-2.25,descending,266.92715
54.75,-2.0,descending,265.15857
54.75,-1.75,descending,259.89874
54.75,-1.5,descending,252.67857
54.75,-1.25,descending,240.17
54.75,-1.0,descending,232.15125
54.75,-0.75,descending,223.17749
54.75,-0.5,descending,218.22299
54.75,-0.25,descending,215.56555
54.75,0.0,descending,214.68
54.75,0.25,descending,222.00136
54.75,0.5,descending,223.31078
54.75,0.75,descending,224.53
54.75,1.0,descending,225.80464
54.75,1.25,descending,228.4796
54.75,1.5,descending,231.1757
54.75,1.75,descending,233.81223
54.75,2.0,descending,232.68124
54.75,2.25,descending,230.775
54.75,2.5,descending,227.67624
54.75,2.75,descending,224.62
54.75,3.0,descending,221.90714
54.75,3.25,descending,219.40141
54.75,3.5,descending,217.22571
54.75,3.75,descending,215.43857
54.75,4.0,descending,213.93834
54.75,4.25,descending,213.28333
54.75,4.5,descending,213.09332
54.75,4.75,descending,212.72833
54.75,5.0,descending,211.93333
54.75,5.25,descending,210.948
54.75,5.5,descending,209.98143
54.75,5.75,descending,209.124
54.75,6.0,descending,208.46999
54.75,6.25,descending,208.074
54.75,6.5,descending,207.854
54.75,6.75,descending,207.736
54.75,7.0,descending,207.69165
54.75,7.25,descending,207.68834
54.75,7.5,descending,207.806
54.75,7.75,descending,208.28833
54.75,8.0,descending,209.98
54.75,8.25,descending,214.13832
54.75,8.5,descending,221.995
54.75,8.75,descending,232.32199
54.75,9.0,descending,242.48999
54.75,9.25,descending,248.58249
54.75,9.5,descending,250.71167
54.75,9.75,descending,245.81166
54.75,10.0,descending,237.79999
54.75,10.25,descending,231.368
54.75,10.5,descending,225.814
54.75,10.75,descending,224.37997
54.75,11.0,descending,226.316
54.75,11.25,descending,227.44
54.75,11.5,descending,227.75
54.75,11.75,descending,225.67
54.75,12.0,descending,221.38199
54.75,12.25,descending,219.578
54.75,12.5,descending,217.59749
54.75,12.75,descending,218.06334
54.75,13.0,descending,220.0575
54.75,13.25,descending,219.628
54.75,13.5,descending,218.10999
54.75,13.75,descending,214.926
54.75,14.0,descending,211.08499
54.75,14.25,descending,210.005
54.75,14.5,descending,210.03598
54.75,14.75,descending,210.13998
54.75,15.0,descending,210.20401
54.75,15.25,descending,209.90166
54.75,15.5,descending,210.3
54.75,15.75,descending,211.80249
54.75,16.0,descending,213.6425
54.75,16.25,descending,216.01399
54.75,16.5,descending,221.85999
54.75,16.75,descending,227.642
54.75,17.0,descending,230.29
54.75,17.25,descending,233.09799
54.75,17.5,descending,236.00334
54.75,17.75,descending,238.44249
54.75,18.0,descending,238.06999
54.75,18.25,descending,232.61201
54.75,18.5,descending,223.23334
54.75,18.75,descending,217.79
54.75,19.0,descending,215.99834
54.75,19.25,descending,217.06999
54.75,19.5,descending,220.65201
54.75,19.75,descending,228.83167
54.75,20.0,descending,235.06
54.75,20.25,descending,235.6975
54.75,20.5,descending,233.57875
54.75,20.75,descending,231.38799
54.75,21.0,descending,230.29333
54.75,21.25,descending,230.49666
54.75,21.5,descending,230.20332
54.75,21.75,descending,229.84799
54.75,22.0,descending,231.35715
54.75,22.25,descending,234.9075
54.75,22.5,descending,237.51285
54.75,22.75,descending,238.23286
54.75,23.0,descending,239.4925
54.75,23.25,descending,241.95427
54.75,23.5,descending,244.45874
54.75,23.75,descending,245.05875
54.75,24.0,descending,245.33667
54.75,24.25,descending,245.9611
54.75,24.5,descending,246.56223
54.75,24.75,descending,247.547
54.75,25.0,descending,248.50092
54.75,25.25,descending,248.979
54.75,25.5,descending,248.81923
54.75,25.75,descending,248.31213
54.75,26.0,descending,248.16832
54.75,26.25,descending,248.84001
55.0,-13.0,descending,246.79668
55.0,-12.75,descending,247.97
55.0,-12.5,descending,248.06999
55.0,-12.25,descending,248.132
55.0,-12.0,descending,246.83199
55.0,-11.75,descending,244.925
55.0,-11.5,descending,240.564
55.0,-11.25,descending,236.424
55.0,-11.0,descending,232.82999
55.0,-10.75,descending,228.814
55.0,-10.5,descending,227.10167
55.0,-10.25,descending,225.408
55.0,-10.0,descending,223.85
55.0,-9.75,descending,223.04
55.0,-9.5,descending,221.78598
55.0,-9.25,descending,222.066
55.0,-9.0,descending,222.4675
55.0,-8.75,descending,228.444
55.0,-8.5,descending,241.15833
55.0,-8.25,descending,253.49399
55.0,-8.0,descending,259.655
55.0,-7.75,descending,262.174
55.0,-7.5,descending,262.572
55.0,-7.25,descending,263.624
55.0,-7.0,descending,262.16165
55.0,-6.75,descending,260.124
55.0,-6.5,descending,257.89334
55.0,-6.25,descending,253.12997
55.0,-6.0,descending,245.174
55.0,-5.75,descending,231.28667
55.0,-5.5,descending,224.00832
55.0,-5.25,descending,226.37834
55.0,-5.0,descending,235.672
55.0,-4.75,descending,244.51
55.0,-4.5,descending,245.18713
55.0,-4.25,descending,245.25
55.0,-4.0,descending,246.20427
55.0,-3.75,descending,249.30666
55.0,-3.5,descending,256.005
55.0,-3.25,descending,261.81427
55.0,-3.0,descending,265.51
55.0,-2.75,descending,266.89856
55.0,-2.5,descending,267.21
55.0,-2.25,descending,265.84
55.0,-2.0,descending,261.89285
55.0,-1.75,descending,253.97397
55.0,-1.5,descending,240.45776
55.0,-1.25,descending,226.78833
55.0,-1.0,descending,218.81699
55.0,-0.75,descending,215.93124
55.0,-0.5,descending,215.84499
55.0,-0.25,descending,216.26445
55.0,0.0,descending,216.504
55.0,0.25,descending,224.67421
55.0,0.5,descending,227.23885
55.0,0.75,descending,228.71913
55.0,1.0,descending,231.15652
55.0,1.25,descending,233.275
55.0,1.5,descending,234.21733
55.0,1.75,descending,233.35156
55.0,2.0,descending,229.9611
55.0,2.25,descending,227.74889
55.0,2.5,descending,225.84
55.0,2.75,descending,223.55624
55.0,3.0,descending,221.52141
55.0,3.25,descending,219.67
55.0,3.5,descending,217.7775
55.0,3.75,descending,216.08167
55.0,4.0,descending,214.43285
55.0,4.25,descending,213.33714
55.0,4.5,descending,212.60571
55.0,4.75,descending,212.05333
55.0,5.0,descending,211.48714
55.0,5.25,descending,210.48499
55.0,5.5,descending,209.55833
55.0,5.75,descending,208.76428
55.0,6.0,descending,208.342
55.0,6.25,descending,208.116
55.0,6.5,descending,207.97285
55.0,6.75,descending,207.85799
55.0,7.0,descending,207.85599
55.0,7.25,descending,207.894
55.0,7.5,descending,208.10167
55.0,7.75,descending,208.748
55.0,8.0,descending,210.75832
55.0,8.25,descending,215.67798
55.0,8.5,descending,223.342
55.0,8.75,descending,235.46599
55.0,9.0,descending,245.92998
55.0,9.25,descending,249.90598
55.0,9.5,descending,247.88
55.0,9.75,descending,243.2625
55.0,10.0,descending,236.54
55.0,10.25,descending,229.824
55.0,10.5,descending,225.91998
55.0,10.75,descending,223.54399
55.0,11.0,descending,223.82166
55.0,11.25,descending,227.58798
55.0,11.5,descending,230.898
55.0,11.75,descending,233.398
55.0,12.0,descending,229.32666
55.0,12.25,descending,221.15001
55.0,12.5,descending,215.87831
55.0,12.75,descending,212.318
55.0,13.0,descending,212.88998
55.0,13.25,descending,213.68001
55.0,13.5,descending,212.71799
55.0,13.75,descending,211.75
55.0,14.0,descending,210.0875
55.0,14.25,descending,209.68333
55.0,14.5,descending,211.45598
55.0,14.75,descending,212.426
55.0,15.0,descending,212.762
55.0,15.25,descending,210.61398
55.0,15.5,descending,209.11333
55.0,15.75,descending,209.352
55.0,16.0,descending,210.31499
55.0,16.25,descending,211.2
55.0,16.5,descending,212.96399
55.0,16.75,descending,214.66667
55.0,17.0,descending,216.87997
55.0,17.25,descending,218.202
55.0,17.5,descending,221.70833
55.0,17.75,descending,225.1
55.0,18.0,descending,223.98
55.0,18.25,descending,219.87
55.0,18.5,descending,213.885
55.0,18.75,descending,211.476
55.0,19.0,descending,209.90833
55.0,19.25,descending,210.4025
55.0,19.5,descending,213.28833
55.0,19.75,descending,219.068
55.0,20.0,descending,226.49284
55.0,20.25,descending,230.01833
55.0,20.5,descending,230.51399
55.0,20.75,descending,232.44429
55.0,21.0,descending,234.96332
55.0,21.25,descending,235.3
55.0,21.5,descending,233.24571
55.0,21.75,descending,232.34799
55.0,22.0,descending,234.03857
55.0,22.25,descending,237.99715
55.0,22.5,descending,239.79141
55.0,22.75,descending,240.73625
55.0,23.0,descending,243.33427
55.0,23.25,descending,245.72856
55.0,23.5,descending,247.79141
55.0,23.75,descending,248.09001
55.0,24.0,descending,247.55624
55.0,24.25,descending,247.4075
55.0,24.5,descending,247.18091
55.0,24.75,descending,247.50334
55.0,25.0,descending,248.42099
55.0,25.25,descending,249.59181
55.0,25.5,descending,250.18166
55.0,25.75,descending,250.79001
55.0,26.0,descending,250.78
55.0,26.25,descending,250.72833
55.0,26.5,descending,250.74571
55.25,-13.0,descending,241.305
55.25,-12.75,descending,242.24399
55.25,-12.5,descending,242.81198
55.25,-12.25,descending,241.61333
55.25,-12.0,descending,240.01
55.25,-11.75,descending,237.832
55.25,-11.5,descending,234.80998
55.25,-11.25,descending,229.905
55.25,-11.0,descending,227.395
55.25,-10.75,descending,224.78333
55.25,-10.5,descending,222.9975
55.25,-10.25,descending,222.17665
55.25,-10.0,descending,221.07999
55.25,-9.75,descending,219.05
55.25,-9.5,descending,217.682
55.25,-9.25,descending,217.354
55.25,-9.0,descending,218.59999
55.25,-8.75,descending,222.15999
55.25,-8.5,descending,230.25
55.25,-8.25,descending,239.16333
55.25,-8.0,descending,246.118
55.25,-7.75,descending,248.554
55.25,-7.5,descending,251.46501
55.25,-7.25,descending,252.11002
55.25,-7.0,descending,249.60999
55.25,-6.75,descending,248.88832
55.25,-6.5,descending,247.172
55.25,-6.25,descending,245.08798
55.25,-6.0,descending,235.92
55.25,-5.75,descending,228.486
55.25,-5.5,descending,227.03333
55.25,-5.25,descending,231.564
55.25,-5.0,descending,243.77
55.25,-4.75,descending,254.13
55.25,-4.5,descending,259.19
55.25,-4.25,descending,259.625
55.25,-4.0,descending,260.2383
55.25,-3.75,descending,261.5
55.25,-3.5,descending,261.302
55.25,-3.25,descending,265.28854
55.25,-3.0,descending,267.28165
55.25,-2.75,descending,268.012
55.25,-2.5,descending,267.54
55.25,-2.25,descending,265.53143
55.25,-2.0,descending,258.34
55.25,-1.75,descending,245.762
55.25,-1.5,descending,231.79857
55.25,-1.25,descending,220.98874
55.25,-1.0,descending,217.62999
55.25,-0.75,descending,218.2325
55.25,-0.5,descending,220.4311
55.25,-0.25,descending,221.87334
55.25,0.0,descending,220.627
55.25,0.25,descending,228.366
55.25,0.5,descending,232.4929
55.25,0.75,descending,233.42833
55.25,1.0,descending,234.83136
55.25,1.25,descending,235.54958
55.25,1.5,descending,234.59303
55.25,1.75,descending,232.4484
55.25,2.0,descending,229.48471
55.25,2.25,descending,225.91856
55.25,2.5,descending,224.13625
55.25,2.75,descending,222.34142
55.25,3.0,descending,220.64374
55.25,3.25,descending,219.06142
55.25,3.5,descending,217.42
55.25,3.75,descending,215.98167
55.25,4.0,descending,214.49857
55.25,4.25,descending,213.14
55.25,4.5,descending,212.145
55.25,4.75,descending,211.29834
55.25,5.0,descending,210.59499
55.25,5.25,descending,209.755
55.25,5.5,descending,209.094
55.25,5.75,descending,208.53398
55.25,6.0,descending,208.18333
55.25,6.25,descending,208.05165
55.25,6.5,descending,208.012
55.25,6.75,descending,208.01399
55.25,7.0,descending,208.04167
55.25,7.25,descending,208.14166
55.25,7.5,descending,208.548
55.25,7.75,descending,209.68198
55.25,8.0,descending,211.98
55.25,8.25,descending,217.20801
55.25,8.5,descending,226.946
55.25,8.75,descending,237.72
55.25,9.0,descending,247.37
55.25,9.25,descending,250.624
55.25,9.5,descending,247.568
55.25,9.75,descending,241.49199
55.25,10.0,descending,238.36398
55.25,10.25,descending,236.11398
55.25,10.5,descending,231.92801
55.25,10.75,descending,228.478
55.25,11.0,descending,226.38249
55.25,11.25,descending,228.67
55.25,11.5,descending,233.5275
55.25,11.75,descending,237.0025
55.25,12.0,descending,235.874
55.25,12.25,descending,227.42801
55.25,12.5,descending,218.79749
55.25,12.75,descending,214.078
55.25,13.0,descending,212.9075
55.25,13.25,descending,213.93834
55.25,13.5,descending,214.06334
55.25,13.75,descending,212.606
55.25,14.0,descending,210.93599
55.25,14.25,descending,210.7775
55.25,14.5,descending,212.325
55.25,14.75,descending,214.98799
55.25,15.0,descending,215.054
55.25,15.25,descending,212.10999
55.25,15.5,descending,209.51332
55.25,15.75,descending,209.15
55.25,16.0,descending,209.568
55.25,16.25,descending,210.25832
55.25,16.5,descending,210.57748
55.25,16.75,descending,210.81665
55.25,17.0,descending,210.86398
55.25,17.25,descending,210.976
55.25,17.5,descending,212.472
55.25,17.75,descending,213.03
55.25,18.0,descending,212.87666
55.25,18.25,descending,211.04599
55.25,18.5,descending,209.73999
55.25,18.75,descending,208.31198
55.25,19.0,descending,207.826
55.25,19.25,descending,207.97499
55.25,19.5,descending,209.48398
55.25,19.75,descending,212.52998
55.25,20.0,descending,216.65201
55.25,20.25,descending,220.41667
55.25,20.5,descending,223.90498
55.25,20.75,descending,230.382
55.25,21.0,descending,237.09833
55.25,21.25,descending,240.285
55.25,21.5,descending,239.17142
55.25,21.75,descending,238.78285
55.25,22.0,descending,240.56198
55.25,22.25,descending,243.96999
55.25,22.5,descending,244.68713
55.25,22.75,descending,245.34999
55.25,23.0,descending,246.72333
55.25,23.25,descending,249.02284
55.25,23.5,descending,249.94499
55.25,23.75,descending,249.99284
55.25,24.0,descending,249.29666
55.25,24.25,descending,248.28874
55.25,24.5,descending,247.55124
55.25,24.75,descending,247.7411
55.25,25.0,descending,248.682
55.25,25.25,descending,250.31223
55.25,25.5,descending,252.04637
55.25,25.75,descending,252.8318
55.25,26.0,descending,252.47266
55.25,26.25,descending,251.67308
55.25,26.5,descending,251.45526
55.25,26.75,descending,251.87
55.5,-13.0,descending,234.095
55.5,-12.75,descending,233.35
55.5,-12.5,descending,235.52798
55.5,-12.25,descending,234.20999
55.5,-12.0,descending,231.7
55.5,-11.75,descending,230.23001
55.5,-11.5,descending,225.93333
55.5,-11.25,descending,223.9075
55.5,-11.0,descending,221.51799
55.5,-10.75,descending,220.46
55.5,-10.5,descending,219.89
55.5,-10.25,descending,219.18001
55.5,-10.0,descending,218.74666
55.5,-9.75,descending,218.02249
55.5,-9.5,descending,216.93399
55.5,-9.25,descending,216.228
55.5,-9.0,descending,216.44832
55.5,-8.75,descending,218.722
55.5,-8.5,descending,221.41249
55.5,-8.25,descending,225.9475
55.5,-8.0,descending,229.03499
55.5,-7.75,descending,231.54
55.5,-7.5,descending,235.922
55.5,-7.25,descending,235.15
55.5,-7.0,descending,233.84001
55.5,-6.75,descending,233.574
55.5,-6.5,descending,236.46599
55.5,-6.25,descending,235.47499
55.5,-6.0,descending,233.74199
55.5,-5.75,descending,234.476
55.5,-5.5,descending,234.448
55.5,-5.25,descending,237.46
55.5,-5.0,descending,244.65201
55.5,-4.75,descending,255.86833
55.5,-4.5,descending,263.36002
55.5,-4.25,descending,265.85126
55.5,-4.0,descending,266.154
55.5,-3.75,descending,266.30667
55.5,-3.5,descending,266.48285
55.5,-3.25,descending,267.344
55.5,-3.0,descending,267.54498
55.5,-2.75,descending,267.532
55.5,-2.5,descending,266.5
55.5,-2.25,descending,263.15427
55.5,-2.0,descending,253.64713
55.5,-1.75,descending,240.71832
55.5,-1.5,descending,228.27571
55.5,-1.25,descending,222.54428
55.5,-1.0,descending,222.9175
55.5,-0.75,descending,225.19429
55.5,-0.5,descending,228.55249
55.5,-0.25,descending,229.55
55.5,0.0,descending,227.74333
55.5,0.25,descending,232.75613
55.5,0.5,descending,234.35521
55.5,0.75,descending,234.77087
55.5,1.0,descending,234.49318
55.5,1.25,descending,233.66917
55.5,1.5,descending,232.01826
55.5,1.75,descending,229.29808
55.5,2.0,descending,227.33665
55.5,2.25,descending,225.28499
55.5,2.5,descending,223.01999
55.5,2.75,descending,221.3657
55.5,3.0,descending,219.69142
55.5,3.25,descending,218.14285
55.5,3.5,descending,216.65857
55.5,3.75,descending,215.20374
55.5,4.0,descending,213.95166
55.5,4.25,descending,212.805
55.5,4.5,descending,211.62285
55.5,4.75,descending,210.71599
55.5,5.0,descending,210.02
55.5,5.25,descending,209.37997
55.5,5.5,descending,208.83858
55.5,5.75,descending,208.37334
55.5,6.0,descending,208.14166
55.5,6.25,descending,208.01399
55.5,6.5,descending,207.98833
55.5,6.75,descending,208.015
55.5,7.0,descending,208.06999
55.5,7.25,descending,208.245
55.5,7.5,descending,208.986
55.5,7.75,descending,211.25334
55.5,8.0,descending,216.31
55.5,8.25,descending,222.3
55.5,8.5,descending,231.78166
55.5,8.75,descending,241.47998
55.5,9.0,descending,248.68999
55.5,9.25,descending,251.16599
55.5,9.5,descending,246.656
55.5,9.75,descending,241.265
55.5,10.0,descending,237.53
55.5,10.25,descending,236.505
55.5,10.5,descending,235.81999
55.5,10.75,descending,231.28598
55.5,11.0,descending,229.05998
55.5,11.25,descending,233.15
55.5,11.5,descending,238.02832
55.5,11.75,descending,241.73499
55.5,12.0,descending,241.47
55.5,12.25,descending,235.01399
55.5,12.5,descending,224.92833
55.5,12.75,descending,220.90201
55.5,13.0,descending,222.698
55.5,13.25,descending,224.095
55.5,13.5,descending,225.04399
55.5,13.75,descending,222.446
55.5,14.0,descending,220.13599
55.5,14.25,descending,215.918
55.5,14.5,descending,212.65
55.5,14.75,descending,212.904
55.5,15.0,descending,212.96999
55.5,15.25,descending,210.95601
55.5,15.5,descending,209.08249
55.5,15.75,descending,208.58998
55.5,16.0,descending,209.13799
55.5,16.25,descending,209.95
55.5,16.5,descending,210.66167
55.5,16.75,descending,210.65
55.5,17.0,descending,210.4975
55.5,17.25,descending,210.0725
55.5,17.5,descending,209.73398
55.5,17.75,descending,209.29
55.5,18.0,descending,208.65666
55.5,18.25,descending,208.12
55.5,18.5,descending,207.72166
55.5,18.75,descending,207.57199
55.5,19.0,descending,207.37831
55.5,19.25,descending,207.42998
55.5,19.5,descending,207.85832
55.5,19.75,descending,208.6425
55.5,20.0,descending,210.15714
55.5,20.25,descending,211.79399
55.5,20.5,descending,215.79999
55.5,20.75,descending,223.41599
55.5,21.0,descending,233.78572
55.5,21.25,descending,241.43166
55.5,21.5,descending,242.87834
55.5,21.75,descending,243.19165
55.5,22.0,descending,244.76
55.5,22.25,descending,245.858
55.5,22.5,descending,246.00874
55.5,22.75,descending,246.60428
55.5,23.0,descending,247.922
55.5,23.25,descending,249.16
55.5,23.5,descending,249.795
55.5,23.75,descending,249.94998
55.5,24.0,descending,249.6825
55.5,24.25,descending,249.0425
55.5,24.5,descending,248.58125
55.5,24.75,descending,248.77444
55.5,25.0,descending,249.719
55.5,25.25,descending,251.048
55.5,25.5,descending,252.376
55.5,25.75,descending,252.82999
55.5,26.0,descending,252.47417
55.5,26.25,descending,252.09499
55.5,26.5,descending,252.3225
55.5,26.75,descending,252.64557
55.5,27.0,descending,252.82199
55.75,-13.0,descending,227.62
55.75,-12.75,descending,225.05998
55.75,-12.5,descending,226.28499
55.75,-12.25,descending,226.27501
55.75,-12.0,descending,224.38799
55.75,-11.75,descending,222.646
55.75,-11.5,descending,220.25749
55.75,-11.25,descending,218.65799
55.75,-11.0,descending,217.375
55.75,-10.75,descending,216.92998
55.75,-10.5,descending,216.898
55.75,-10.25,descending,216.84
55.75,-10.0,descending,217.472
55.75,-9.75,descending,217.83598
55.75,-9.5,descending,217.87
55.75,-9.25,descending,217.535
55.75,-9.0,descending,217.56999
55.75,-8.75,descending,217.50801
55.75,-8.5,descending,218.30833
55.75,-8.25,descending,220.045
55.75,-8.0,descending,221.05666
55.75,-7.75,descending,222.76999
55.75,-7.5,descending,224.16167
55.75,-7.25,descending,224.95601
55.75,-7.0,descending,225.84499
55.75,-6.75,descending,228.8725
55.75,-6.5,descending,233.87
55.75,-6.25,descending,237.814
55.75,-6.0,descending,240.205
55.75,-5.75,descending,243.63748
55.75,-5.5,descending,246.37666
55.75,-5.25,descending,246.116
55.75,-5.0,descending,249.48499
55.75,-4.75,descending,257.072
55.75,-4.5,descending,262.91833
55.75,-4.25,descending,265.115
55.75,-4.0,descending,265.82428
55.75,-3.75,descending,265.7175
55.75,-3.5,descending,265.22998
55.75,-3.25,descending,264.624
55.75,-3.0,descending,263.93832
55.75,-2.75,descending,262.995
55.75,-2.5,descending,261.538
55.75,-2.25,descending,256.05
55.75,-2.0,descending,244.66
55.75,-1.75,descending,235.41399
55.75,-1.5,descending,229.05286
55.75,-1.25,descending,226.74374
55.75,-1.0,descending,228.17714
55.75,-0.75,descending,229.84428
55.75,-0.5,descending,231.34
55.75,-0.25,descending,231.12
55.75,0.0,descending,229.01799
55.75,0.25,descending,231.83875
55.75,0.5,descending,232.2144
55.75,0.75,descending,231.96715
55.75,1.0,descending,231.34619
55.75,1.25,descending,229.64714
55.75,1.5,descending,227.95667
55.75,1.75,descending,225.70105
55.75,2.0,descending,224.44458
55.75,2.25,descending,223.94041
55.75,2.5,descending,222.55998
55.75,2.75,descending,220.16374
55.75,3.0,descending,218.53712
55.75,3.25,descending,216.91856
55.75,3.5,descending,215.76714
55.75,3.75,descending,214.47667
55.75,4.0,descending,213.46855
55.75,4.25,descending,212.34166
55.75,4.5,descending,211.31334
55.75,4.75,descending,210.43333
55.75,5.0,descending,209.65999
55.75,5.25,descending,209.092
55.75,5.5,descending,208.58142
55.75,5.75,descending,208.23799
55.75,6.0,descending,208.06198
55.75,6.25,descending,207.93666
55.75,6.5,descending,207.815
55.75,6.75,descending,207.76799
55.75,7.0,descending,207.736
55.75,7.25,descending,207.76399
55.75,7.5,descending,208.622
55.75,7.75,descending,211.315
55.75,8.0,descending,218.20598
55.75,8.25,descending,229.70401
55.75,8.5,descending,240.944
55.75,8.75,descending,247.64499
55.75,9.0,descending,251.67749
55.75,9.25,descending,252.00801
55.75,9.5,descending,248.64667
55.75,9.75,descending,241.06
55.75,10.0,descending,233.8425
55.75,10.25,descending,230.1875
55.75,10.5,descending,227.194
55.75,10.75,descending,225.91249
55.75,11.0,descending,225.28198
55.75,11.25,descending,229.07199
55.75,11.5,descending,237.84
55.75,11.75,descending,242.68
55.75,12.0,descending,243.96199
55.75,12.25,descending,241.9925
55.75,12.5,descending,233.93799
55.75,12.75,descending,230.632
55.75,13.0,descending,236.42
55.75,13.25,descending,239.57166
55.75,13.5,descending,240.53667
55.75,13.75,descending,240.305
55.75,14.0,descending,235.565
55.75,14.25,descending,225.9625
55.75,14.5,descending,218.14
55.75,14.75,descending,213.28
55.75,15.0,descending,211.48999
55.75,15.25,descending,210.392
55.75,15.5,descending,209.28598
55.75,15.75,descending,208.64
55.75,16.0,descending,208.88399
55.75,16.25,descending,209.602
55.75,16.5,descending,210.73398
55.75,16.75,descending,211.594
55.75,17.0,descending,211.95332
55.75,17.25,descending,211.854
55.75,17.5,descending,210.885
55.75,17.75,descending,209.7825
55.75,18.0,descending,208.55666
55.75,18.25,descending,207.86
55.75,18.5,descending,207.60333
55.75,18.75,descending,207.515
55.75,19.0,descending,207.478
55.75,19.25,descending,207.43001
55.75,19.5,descending,207.4
55.75,19.75,descending,207.53333
55.75,20.0,descending,207.868
55.75,20.25,descending,208.81334
55.75,20.5,descending,211.98398
55.75,20.75,descending,220.15166
55.75,21.0,descending,232.65332
55.75,21.25,descending,240.32166
55.75,21.5,descending,243.148
55.75,21.75,descending,244.00285
55.75,22.0,descending,244.50665
55.75,22.25,descending,244.73
55.75,22.5,descending,245.00334
55.75,22.75,descending,246.21167
55.75,23.0,descending,247.56166
55.75,23.25,descending,248.25856
55.75,23.5,descending,248.34714
55.75,23.75,descending,248.99625
55.75,24.0,descending,249.49715
55.75,24.25,descending,249.58124
55.75,24.5,descending,249.3125
55.75,24.75,descending,249.26
55.75,25.0,descending,249.53624
55.75,25.25,descending,250.25667
55.75,25.5,descending,251.04909
55.75,25.75,descending,251.79099
55.75,26.0,descending,252.254
55.75,26.25,descending,252.47769
55.75,26.5,descending,252.72272
55.75,26.75,descending,252.89528
55.75,27.0,descending,252.84436
55.75,27.25,descending,252.805
56.0,-13.0,descending,220.745
56.0,-12.75,descending,219.71199
56.0,-12.5,descending,219.97798
56.0,-12.25,descending,220.2
56.0,-12.0,descending,220.34799
56.0,-11.75,descending,219.9925
56.0,-11.5,descending,219.2
56.0,-11.25,descending,218.33249
56.0,-11.0,descending,217.80798
56.0,-10.75,descending,216.998
56.0,-10.5,descending,217.2475
56.0,-10.25,descending,217.948
56.0,-10.0,descending,218.75801
56.0,-9.75,descending,220.90201
56.0,-9.5,descending,221.27
56.0,-9.25,descending,220.91249
56.0,-9.0,descending,221.278
56.0,-8.75,descending,221.15
56.0,-8.5,descending,220.324
56.0,-8.25,descending,220.94
56.0,-8.0,descending,221.55
56.0,-7.75,descending,222.4025
56.0,-7.5,descending,223.4475
56.0,-7.25,descending,224.68166
56.0,-7.0,descending,227.51799
56.0,-6.75,descending,231.778
56.0,-6.5,descending,238.952
56.0,-6.25,descending,245.02832
56.0,-6.0,descending,248.155
56.0,-5.75,descending,251.17833
56.0,-5.5,descending,254.124
56.0,-5.25,descending,254.174
56.0,-5.0,descending,254.53166
56.0,-4.75,descending,258.38998
56.0,-4.5,descending,261.462
56.0,-4.25,descending,262.8633
56.0,-4.0,descending,262.84167
56.0,-3.75,descending,262.41
56.0,-3.5,descending,260.15833
56.0,-3.25,descending,257.22144
56.0,-3.0,descending,256.128
56.0,-2.75,descending,252.83998
56.0,-2.5,descending,248.375
56.0,-2.25,descending,242.08571
56.0,-2.0,descending,235.50334
56.0,-1.75,descending,229.10999
56.0,-1.5,descending,227.17429
56.0,-1.25,descending,226.43713
56.0,-1.0,descending,226.68
56.0,-0.75,descending,226.31714
56.0,-0.5,descending,226.4675
56.0,-0.25,descending,225.79286
56.0,0.0,descending,224.56444
56.0,0.25,descending,227.9375
56.0,0.5,descending,227.40228
56.0,0.75,descending,227.22435
56.0,1.0,descending,226.43652
56.0,1.25,descending,225.448
56.0,1.5,descending,224.24863
56.0,1.75,descending,223.443
56.0,2.0,descending,222.79434
56.0,2.25,descending,222.54457
56.0,2.5,descending,222.09592
56.0,2.75,descending,220.06915
56.0,3.0,descending,216.88889
56.0,3.25,descending,215.5743
56.0,3.5,descending,214.45624
56.0,3.75,descending,213.60167
56.0,4.0,descending,212.67714
56.0,4.25,descending,211.74142
56.0,4.5,descending,210.82143
56.0,4.75,descending,209.87143
56.0,5.0,descending,209.185
56.0,5.25,descending,208.64713
56.0,5.5,descending,208.21999
56.0,5.75,descending,207.87
56.0,6.0,descending,207.69832
56.0,6.25,descending,207.51399
56.0,6.5,descending,207.34833
56.0,6.75,descending,207.23999
56.0,7.0,descending,207.08598
56.0,7.25,descending,207.11665
56.0,7.5,descending,208.01001
56.0,7.75,descending,211.06999
56.0,8.0,descending,218.288
56.0,8.25,descending,230.33998
56.0,8.5,descending,243.15
56.0,8.75,descending,251.97833
56.0,9.0,descending,254.87334
56.0,9.25,descending,253.278
56.0,9.5,descending,250.18599
56.0,9.75,descending,245.79
56.0,10.0,descending,236.68
56.0,10.25,descending,227.63799
56.0,10.5,descending,221.698
56.0,10.75,descending,217.78398
56.0,11.0,descending,216.924
56.0,11.25,descending,220.44
56.0,11.5,descending,226.048
56.0,11.75,descending,232.93599
56.0,12.0,descending,238.376
56.0,12.25,descending,240.92168
56.0,12.5,descending,241.36
56.0,12.75,descending,240.60799
56.0,13.0,descending,244.8075
56.0,13.25,descending,253.02667
56.0,13.5,descending,254.20401
56.0,13.75,descending,256.6775
56.0,14.0,descending,250.72833
56.0,14.25,descending,240.1525
56.0,14.5,descending,232.41167
56.0,14.75,descending,223.174
56.0,15.0,descending,217.0475
56.0,15.25,descending,218.39
56.0,15.5,descending,216.96199
56.0,15.75,descending,212.996
56.0,16.0,descending,211.56198
56.0,16.25,descending,211.1
56.0,16.5,descending,210.90999
56.0,16.75,descending,211.604
56.0,17.0,descending,212.915
56.0,17.25,descending,213.9575
56.0,17.5,descending,213.65666
56.0,17.75,descending,211.78598
56.0,18.0,descending,209.635
56.0,18.25,descending,208.47
56.0,18.5,descending,208.06834
56.0,18.75,descending,207.90398
56.0,19.0,descending,207.77167
56.0,19.25,descending,207.61499
56.0,19.5,descending,207.49165
56.0,19.75,descending,207.524
56.0,20.0,descending,207.72499
56.0,20.25,descending,208.23398
56.0,20.5,descending,210.80429
56.0,20.75,descending,218.59
56.0,21.0,descending,230.12
56.0,21.25,descending,239.54999
56.0,21.5,descending,242.185
56.0,21.75,descending,242.846
56.0,22.0,descending,243.40285
56.0,22.25,descending,243.93799
56.0,22.5,descending,244.86856
56.0,22.75,descending,246.50874
56.0,23.0,descending,247.31999
56.0,23.25,descending,247.25874
56.0,23.5,descending,247.24142
56.0,23.75,descending,247.94165
56.0,24.0,descending,248.61856
56.0,24.25,descending,248.98
56.0,24.5,descending,248.86249
56.0,24.75,descending,248.70624
56.0,25.0,descending,249.06874
56.0,25.25,descending,249.84888
56.0,25.5,descending,250.83221
56.0,25.75,descending,251.79399
56.0,26.0,descending,252.3391
56.0,26.25,descending,252.5309
56.0,26.5,descending,252.6025
56.0,26.75,descending,252.58833
56.0,27.0,descending,252.64111
56.0,27.25,descending,252.71938
56.0,27.5,descending,252.805
56.25,-13.0,descending,219.23
56.25,-12.75,descending,219.814
56.25,-12.5,descending,220.59
56.25,-12.25,descending,220.854
56.25,-12.0,descending,221.88799
56.25,-11.75,descending,222.6875
56.25,-11.5,descending,222.41
56.25,-11.25,descending,222.94199
56.25,-11.0,descending,223.2425
56.25,-10.75,descending,221.5
56.25,-10.5,descending,221.80798
56.25,-10.25,descending,223.89
56.25,-10.0,descending,224.255
56.25,-9.75,descending,225.60667
56.25,-9.5,descending,226.94
56.25,-9.25,descending,225.95
56.25,-9.0,descending,225.524
56.25,-8.75,descending,225.34666
56.25,-8.5,descending,225.342
56.25,-8.25,descending,225.75998
56.25,-8.0,descending,225.91833
56.25,-7.75,descending,226.04749
56.25,-7.5,descending,226.7
56.25,-7.25,descending,228.67
56.25,-7.0,descending,230.9275
56.25,-6.75,descending,235.522
56.25,-6.5,descending,242.17165
56.25,-6.25,descending,248.2625
56.25,-6.0,descending,251.77998
56.25,-5.75,descending,254.51399
56.25,-5.5,descending,257.19833
56.25,-5.25,descending,258.07748
56.25,-5.0,descending,258.73398
56.25,-4.75,descending,259.732
56.25,-4.5,descending,261.305
56.25,-4.25,descending,261.736
56.25,-4.0,descending,261.136
56.25,-3.75,descending,259.79
56.25,-3.5,descending,256.31198
56.25,-3.25,descending,252.49399
56.25,-3.0,descending,248.55
56.25,-2.75,descending,242.27498
56.25,-2.5,descending,232.82332
56.25,-2.25,descending,229.91599
56.25,-2.0,descending,224.78125
56.25,-1.75,descending,222.59
56.25,-1.5,descending,221.82375
56.25,-1.25,descending,221.826
56.25,-1.0,descending,220.84
56.25,-0.75,descending,220.54143
56.25,-0.5,descending,220.39249
56.25,-0.25,descending,221.54428
56.25,0.0,descending,219.83798
56.25,0.25,descending,223.85124
56.25,0.5,descending,223.33705
56.25,0.75,descending,223.02863
56.25,1.0,descending,222.85715
56.25,1.25,descending,222.59047
56.25,1.5,descending,222.5121
56.25,1.75,descending,222.3525
56.25,2.0,descending,222.0862
56.25,2.25,descending,221.847
56.25,2.5,descending,220.92545
56.25,2.75,descending,220.19038
56.25,3.0,descending,217.654
56.25,3.25,descending,214.48999
56.25,3.5,descending,213.19199
56.25,3.75,descending,212.2525
56.25,4.0,descending,211.19165
56.25,4.25,descending,210.53333
56.25,4.5,descending,209.55714
56.25,4.75,descending,208.88399
56.25,5.0,descending,208.39333
56.25,5.25,descending,207.98999
56.25,5.5,descending,207.62834
56.25,5.75,descending,207.236
56.25,6.0,descending,207.06999
56.25,6.25,descending,206.82832
56.25,6.5,descending,206.622
56.25,6.75,descending,206.48999
56.25,7.0,descending,206.325
56.25,7.25,descending,206.36002
56.25,7.5,descending,207.37
56.25,7.75,descending,211.21399
56.25,8.0,descending,219.92665
56.25,8.25,descending,232.40201
56.25,8.5,descending,243.724
56.25,8.75,descending,252.435
56.25,9.0,descending,256.08
56.25,9.25,descending,255.52798
56.25,9.5,descending,252.84
56.25,9.75,descending,248.93999
56.25,10.0,descending,244.17598
56.25,10.25,descending,235.43399
56.25,10.5,descending,227.674
56.25,10.75,descending,218.48999
56.25,11.0,descending,213.11198
56.25,11.25,descending,212.694
56.25,11.5,descending,214.75801
56.25,11.75,descending,217.545
56.25,12.0,descending,225.20401
56.25,12.25,descending,230.735
56.25,12.5,descending,236.79
56.25,12.75,descending,244.38599
56.25,13.0,descending,251.276
56.25,13.25,descending,257.8175
56.25,13.5,descending,261.36398
56.25,13.75,descending,261.8225
56.25,14.0,descending,260.03998
56.25,14.25,descending,253.68399
56.25,14.5,descending,247.0625
56.25,14.75,descending,241.9
56.25,15.0,descending,232.946
56.25,15.25,descending,235.17
56.25,15.5,descending,232.58798
56.25,15.75,descending,227.38599
56.25,16.0,descending,221.53598
56.25,16.25,descending,216.995
56.25,16.5,descending,212.84999
56.25,16.75,descending,211.996
56.25,17.0,descending,212.51001
56.25,17.25,descending,214.62997
56.25,17.5,descending,215.722
56.25,17.75,descending,214.33
56.25,18.0,descending,211.71599
56.25,18.25,descending,209.676
56.25,18.5,descending,209.04199
56.25,18.75,descending,208.73398
56.25,19.0,descending,208.28198
56.25,19.25,descending,207.93
56.25,19.5,descending,207.646
56.25,19.75,descending,207.59799
56.25,20.0,descending,207.71799
56.25,20.25,descending,208.23
56.25,20.5,descending,210.868
56.25,20.75,descending,218.624
56.25,21.0,descending,231.875
56.25,21.25,descending,240.44
56.25,21.5,descending,242.46143
56.25,21.75,descending,242.89
56.25,22.0,descending,243.82286
56.25,22.25,descending,244.7
56.25,22.5,descending,246.13428
56.25,22.75,descending,247.44286
56.25,23.0,descending,247.778
56.25,23.25,descending,247.45332
56.25,23.5,descending,247.32571
56.25,23.75,descending,247.73332
56.25,24.0,descending,248.18857
56.25,24.25,descending,248.51125
56.25,24.5,descending,248.64856
56.25,24.75,descending,249.41624
56.25,25.0,descending,250.40857
56.25,25.25,descending,251.46999
56.25,25.5,descending,251.95
56.25,25.75,descending,252.27667
56.25,26.0,descending,252.03668
56.25,26.25,descending,251.67271
56.25,26.5,descending,251.295
56.25,26.75,descending,251.42499
56.25,27.0,descending,251.59538
56.25,27.25,descending,251.84132
56.25,27.5,descending,251.80312
56.25,27.75,descending,251.41333
56.5,-13.0,descending,224.7
56.5,-12.75,descending,225.01599
56.5,-12.5,descending,225.604
56.5,-12.25,descending,228.01999
56.5,-12.0,descending,227.866
56.5,-11.75,descending,229.566
56.5,-11.5,descending,229.38998
56.5,-11.25,descending,229.58798
56.5,-11.0,descending,229.64499
56.5,-10.75,descending,229.345
56.5,-10.5,descending,229.98499
56.5,-10.25,descending,230.4375
56.5,-10.0,descending,231.354
56.5,-9.75,descending,231.02498
56.5,-9.5,descending,230.32748
56.5,-9.25,descending,229.254
56.5,-9.0,descending,227.88799
56.5,-8.75,descending,227.05666
56.5,-8.5,descending,227.33499
56.5,-8.25,descending,227.618
56.5,-8.0,descending,228.20999
56.5,-7.75,descending,228.556
56.5,-7.5,descending,229.075
56.5,-7.25,descending,230.68198
56.5,-7.0,descending,233.18599
56.5,-6.75,descending,236.71
56.5,-6.5,descending,241.415
56.5,-6.25,descending,247.626
56.5,-6.0,descending,252.35
56.5,-5.75,descending,255.42
56.5,-5.5,descending,257.6
56.5,-5.25,descending,259.22498
56.5,-5.0,descending,260.06598
56.5,-4.75,descending,260.33798
56.5,-4.5,descending,260.48666
56.5,-4.25,descending,260.60498
56.5,-4.0,descending,260.46
56.5,-3.75,descending,259.38333
56.5,-3.5,descending,256.78665
56.5,-3.25,descending,252.48799
56.5,-3.0,descending,245.67285
56.5,-2.75,descending,237.23999
56.5,-2.5,descending,227.61499
56.5,-2.25,descending,222.24834
56.5,-2.0,descending,219.03499
56.5,-1.75,descending,218.22833
56.5,-1.5,descending,217.48499
56.5,-1.25,descending,217.31831
56.5,-1.0,descending,216.94714
56.5,-0.75,descending,217.15428
56.5,-0.5,descending,217.66142
56.5,-0.25,descending,218.69499
56.5,0.0,descending,217.28699
56.5,0.25,descending,220.16624
56.5,0.5,descending,221.00922
56.5,0.75,descending,220.9326
56.5,1.0,descending,221.03236
56.5,1.25,descending,221.11198
56.5,1.5,descending,221.54094
56.5,1.75,descending,220.97946
56.5,2.0,descending,220.8318
56.5,2.25,descending,219.86333
56.5,2.5,descending,218.96695
56.5,2.75,descending,217.75208
56.5,3.0,descending,216.61667
56.5,3.25,descending,213.72728
56.5,3.5,descending,212.00249
56.5,3.75,descending,210.69858
56.5,4.0,descending,209.92429
56.5,4.25,descending,209.20833
56.5,4.5,descending,208.46715
56.5,4.75,descending,207.96571
56.5,5.0,descending,207.52834
56.5,5.25,descending,207.16286
56.5,5.5,descending,206.78572
56.5,5.75,descending,206.55801
56.5,6.0,descending,206.335
56.5,6.25,descending,206.116
56.5,6.5,descending,205.91142
56.5,6.75,descending,205.84332
56.5,7.0,descending,205.778
56.5,7.25,descending,205.91
56.5,7.5,descending,206.795
56.5,7.75,descending,209.576
56.5,8.0,descending,216.53198
56.5,8.25,descending,228.93198
56.5,8.5,descending,241.98398
56.5,8.75,descending,250.62749
56.5,9.0,descending,254.055
56.5,9.25,descending,255.452
56.5,9.5,descending,254.26
56.5,9.75,descending,251.45248
56.5,10.0,descending,247.832
56.5,10.25,descending,240.78166
56.5,10.5,descending,232.4
56.5,10.75,descending,224.798
56.5,11.0,descending,217.43399
56.5,11.25,descending,211.4
56.5,11.5,descending,210.13599
56.5,11.75,descending,211.54599
56.5,12.0,descending,213.61249
56.5,12.25,descending,219.81665
56.5,12.5,descending,227.7325
56.5,12.75,descending,240.02666
56.5,13.0,descending,251.84666
56.5,13.25,descending,258.38168
56.5,13.5,descending,261.4925
56.5,13.75,descending,261.768
56.5,14.0,descending,261.398
56.5,14.25,descending,259.516
56.5,14.5,descending,256.156
56.5,14.75,descending,253.855
56.5,15.0,descending,250.47
56.5,15.25,descending,248.63399
56.5,15.5,descending,247.524
56.5,15.75,descending,244.795
56.5,16.0,descending,236.87834
56.5,16.25,descending,227.174
56.5,16.5,descending,218.63599
56.5,16.75,descending,214.92499
56.5,17.0,descending,212.446
56.5,17.25,descending,214.30666
56.5,17.5,descending,216.82999
56.5,17.75,descending,216.974
56.5,18.0,descending,214.43599
56.5,18.25,descending,212.306
56.5,18.5,descending,210.79167
56.5,18.75,descending,209.86249
56.5,19.0,descending,208.97667
56.5,19.25,descending,208.21
56.5,19.5,descending,207.77666
56.5,19.75,descending,207.57748
56.5,20.0,descending,207.575
56.5,20.25,descending,208.17998
56.5,20.5,descending,211.77998
56.5,20.75,descending,220.95833
56.5,21.0,descending,233.52249
56.5,21.25,descending,241.59833
56.5,21.5,descending,244.30833
56.5,21.75,descending,244.71832
56.5,22.0,descending,245.98398
56.5,22.25,descending,246.85625
56.5,22.5,descending,247.9
56.5,22.75,descending,248.8957
56.5,23.0,descending,249.028
56.5,23.25,descending,248.96124
56.5,23.5,descending,248.97856
56.5,23.75,descending,249.354
56.5,24.0,descending,249.3225
56.5,24.25,descending,249.325
56.5,24.5,descending,249.78749
56.5,24.75,descending,250.78142
56.5,25.0,descending,251.48375
56.5,25.25,descending,251.82571
56.5,25.5,descending,251.67445
56.5,25.75,descending,251.41875
56.5,26.0,descending,250.50667
56.5,26.25,descending,249.67
56.5,26.5,descending,249.207
56.5,26.75,descending,249.09769
56.5,27.0,descending,249.32416
56.5,27.25,descending,249.42538
56.5,27.5,descending,249.72234
56.5,27.75,descending,249.87822
56.5,28.0,descending,249.805
56.75,-13.0,descending,232.64499
56.75,-12.75,descending,231.48398
56.75,-12.5,descending,232.028
56.75,-12.25,descending,233.20667
56.75,-12.0,descending,233.35167
56.75,-11.75,descending,233.92668
56.75,-11.5,descending,233.79199
56.75,-11.25,descending,233.38799
56.75,-11.0,descending,233.1525
56.75,-10.75,descending,233.40201
56.75,-10.5,descending,233.87999
56.75,-10.25,descending,233.50998
56.75,-10.0,descending,232.9975
56.75,-9.75,descending,231.5875
56.75,-9.5,descending,229.89
56.75,-9.25,descending,227.5975
56.75,-9.0,descending,225.76749
56.75,-8.75,descending,224.45401
56.75,-8.5,descending,224.974
56.75,-8.25,descending,224.8375
56.75,-8.0,descending,225.35999
56.75,-7.75,descending,226.58598
56.75,-7.5,descending,227.394
56.75,-7.25,descending,228.61198
56.75,-7.0,descending,231.146
56.75,-6.75,descending,233.772
56.75,-6.5,descending,237.99199
56.75,-6.25,descending,244.81665
56.75,-6.0,descending,250.9975
56.75,-5.75,descending,255.22333
56.75,-5.5,descending,257.62
56.75,-5.25,descending,259.09
56.75,-5.0,descending,259.306
56.75,-4.75,descending,258.5533
56.75,-4.5,descending,257.8
56.75,-4.25,descending,257.66666
56.75,-4.0,descending,257.63998
56.75,-3.75,descending,256.808
56.75,-3.5,descending,256.705
56.75,-3.25,descending,254.70999
56.75,-3.0,descending,251.11665
56.75,-2.75,descending,244.35999
56.75,-2.5,descending,233.13167
56.75,-2.25,descending,225.25801
56.75,-2.0,descending,219.85571
56.75,-1.75,descending,217.198
56.75,-1.5,descending,216.21286
56.75,-1.25,descending,215.608
56.75,-1.0,descending,215.59427
56.75,-0.75,descending,216.0875
56.75,-0.5,descending,216.764
56.75,-0.25,descending,217.37428
56.75,0.0,descending,216.80374
56.75,0.25,descending,218.82666
56.75,0.5,descending,219.44693
56.75,0.75,descending,218.56999
56.75,1.0,descending,219.20334
56.75,1.25,descending,219.01706
56.75,1.5,descending,219.12047
56.75,1.75,descending,218.51881
56.75,2.0,descending,217.33333
56.75,2.25,descending,216.57832
56.75,2.5,descending,215.17632
56.75,2.75,descending,214.21
56.75,3.0,descending,213.17957
56.75,3.25,descending,212.33044
56.75,3.5,descending,210.71909
56.75,3.75,descending,209.375
56.75,4.0,descending,208.71713
56.75,4.25,descending,208.23164
56.75,4.5,descending,207.65833
56.75,4.75,descending,207.14
56.75,5.0,descending,206.71286
56.75,5.25,descending,206.422
56.75,5.5,descending,206.168
56.75,5.75,descending,205.99834
56.75,6.0,descending,205.81201
56.75,6.25,descending,205.66199
56.75,6.5,descending,205.49399
56.75,6.75,descending,205.44832
56.75,7.0,descending,205.52998
56.75,7.25,descending,205.828
56.75,7.5,descending,206.7425
56.75,7.75,descending,209.45
56.75,8.0,descending,215.526
56.75,8.25,descending,225.58665
56.75,8.5,descending,235.498
56.75,8.75,descending,243.852
56.75,9.0,descending,247.95798
56.75,9.25,descending,250.596
56.75,9.5,descending,252.77998
56.75,9.75,descending,251.41833
56.75,10.0,descending,245.845
56.75,10.25,descending,239.14998
56.75,10.5,descending,230.61665
56.75,10.75,descending,222.578
56.75,11.0,descending,216.915
56.75,11.25,descending,212.81999
56.75,11.5,descending,210.626
56.75,11.75,descending,210.65799
56.75,12.0,descending,213.248
56.75,12.25,descending,218.25249
56.75,12.5,descending,226.2275
56.75,12.75,descending,238.694
56.75,13.0,descending,249.73398
56.75,13.25,descending,257.11798
56.75,13.5,descending,259.308
56.75,13.75,descending,259.71664
56.75,14.0,descending,259.21
56.75,14.25,descending,258.755
56.75,14.5,descending,258.07748
56.75,14.75,descending,257.624
56.75,15.0,descending,257.234
56.75,15.25,descending,257.28
56.75,15.5,descending,256.96
56.75,15.75,descending,253.43999
56.75,16.0,descending,246.346
56.75,16.25,descending,237.86499
56.75,16.5,descending,228.01332
56.75,16.75,descending,219.20499
56.75,17.0,descending,213.715
56.75,17.25,descending,214.36249
56.75,17.5,descending,217.27333
56.75,17.75,descending,218.67499
56.75,18.0,descending,217.37166
56.75,18.25,descending,214.88998
56.75,18.5,descending,212.78398
56.75,18.75,descending,210.74199
56.75,19.0,descending,209.25601
56.75,19.25,descending,208.28401
56.75,19.5,descending,207.79599
56.75,19.75,descending,207.46599
56.75,20.0,descending,207.295
56.75,20.25,descending,207.61499
56.75,20.5,descending,210.19167
56.75,20.75,descending,218.59
56.75,21.0,descending,231.87334
56.75,21.25,descending,241.96199
56.75,21.5,descending,246.48398
56.75,21.75,descending,247.7557
56.75,22.0,descending,248.495
56.75,22.25,descending,249.045
56.75,22.5,descending,249.41
56.75,22.75,descending,250.00832
56.75,23.0,descending,250.368
56.75,23.25,descending,250.91667
56.75,23.5,descending,251.44142
56.75,23.75,descending,251.38
56.75,24.0,descending,251.03285
56.75,24.25,descending,250.52167
56.75,24.5,descending,250.39429
56.75,24.75,descending,250.34285
56.75,25.0,descending,250.10124
56.75,25.25,descending,250.35124
56.75,25.5,descending,250.30286
56.75,25.75,descending,250.05333
56.75,26.0,descending,249.34375
56.75,26.25,descending,248.33778
56.75,26.5,descending,247.73001
56.75,26.75,descending,247.505
56.75,27.0,descending,247.522
56.75,27.25,descending,247.79364
56.75,27.5,descending,248.39143
56.75,27.75,descending,248.83615
56.75,28.0,descending,248.82999
56.75,28.25,descending,248.495
57.0,-13.0,descending,235.43
57.0,-12.75,descending,235.15799
57.0,-12.5,descending,234.326
57.0,-12.25,descending,233.194
57.0,-12.0,descending,231.96599
57.0,-11.75,descending,232.21399
57.0,-11.5,descending,230.45999
57.0,-11.25,descending,230.89667
57.0,-11.0,descending,231.52249
57.0,-10.75,descending,230.202
57.0,-10.5,descending,231.29333
57.0,-10.25,descending,230.1125
57.0,-10.0,descending,229.05998
57.0,-9.75,descending,228.89
57.0,-9.5,descending,226.32332
57.0,-9.25,descending,224.8925
57.0,-9.0,descending,223.29599
57.0,-8.75,descending,221.08
57.0,-8.5,descending,221.102
57.0,-8.25,descending,221.302
57.0,-8.0,descending,222.226
57.0,-7.75,descending,224.09499
57.0,-7.5,descending,226.15833
57.0,-7.25,descending,227.2625
57.0,-7.0,descending,228.52832
57.0,-6.75,descending,231.596
57.0,-6.5,descending,236.142
57.0,-6.25,descending,242.30598
57.0,-6.0,descending,248.622
57.0,-5.75,descending,253.82999
57.0,-5.5,descending,257.07
57.0,-5.25,descending,258.10602
57.0,-5.0,descending,257.58667
57.0,-4.75,descending,255.87
57.0,-4.5,descending,254.08998
57.0,-4.25,descending,253.17
57.0,-4.0,descending,252.418
57.0,-3.75,descending,252.72
57.0,-3.5,descending,253.45166
57.0,-3.25,descending,255.04428
57.0,-3.0,descending,255.45
57.0,-2.75,descending,253.01799
57.0,-2.5,descending,243.00713
57.0,-2.25,descending,233.0775
57.0,-2.0,descending,224.33142
57.0,-1.75,descending,219.356
57.0,-1.5,descending,216.92857
57.0,-1.25,descending,216.408
57.0,-1.0,descending,216.57143
57.0,-0.75,descending,217.24399
57.0,-0.5,descending,217.715
57.0,-0.25,descending,218.16713
57.0,0.0,descending,217.1525
57.0,0.25,descending,218.87166
57.0,0.5,descending,218.87999
57.0,0.75,descending,216.5765
57.0,1.0,descending,216.63953
57.0,1.25,descending,216.55263
57.0,1.5,descending,215.6855
57.0,1.75,descending,215.45166
57.0,2.0,descending,213.8222
57.0,2.25,descending,213.31367
57.0,2.5,descending,212.335
57.0,2.75,descending,211.4045
57.0,3.0,descending,210.82149
57.0,3.25,descending,210.12363
57.0,3.5,descending,209.78125
57.0,3.75,descending,208.48769
57.0,4.0,descending,207.40498
57.0,4.25,descending,207.26572
57.0,4.5,descending,206.68999
57.0,4.75,descending,206.31166
57.0,5.0,descending,206.14832
57.0,5.25,descending,205.89166
57.0,5.5,descending,205.71571
57.0,5.75,descending,205.57199
57.0,6.0,descending,205.50832
57.0,6.25,descending,205.44
57.0,6.5,descending,205.42
57.0,6.75,descending,205.45801
57.0,7.0,descending,205.554
57.0,7.25,descending,205.8
57.0,7.5,descending,206.29167
57.0,7.75,descending,207.83333
57.0,8.0,descending,211.932
57.0,8.25,descending,220.16249
57.0,8.5,descending,227.595
57.0,8.75,descending,234.25667
57.0,9.0,descending,239.04333
57.0,9.25,descending,245.17249
57.0,9.5,descending,247.8875
57.0,9.75,descending,249.91249
57.0,10.0,descending,247.09999
57.0,10.25,descending,237.11198
57.0,10.5,descending,227.1575
57.0,10.75,descending,219.17
57.0,11.0,descending,214.21199
57.0,11.25,descending,212.34499
57.0,11.5,descending,212.24199
57.0,11.75,descending,213.868
57.0,12.0,descending,219.73
57.0,12.25,descending,225.09499
57.0,12.5,descending,236.0625
57.0,12.75,descending,244.34
57.0,13.0,descending,253.21799
57.0,13.25,descending,256.96997
57.0,13.5,descending,257.918
57.0,13.75,descending,257.776
57.0,14.0,descending,257.494
57.0,14.25,descending,257.83798
57.0,14.5,descending,258.01248
57.0,14.75,descending,258.37198
57.0,15.0,descending,258.97665
57.0,15.25,descending,259.4575
57.0,15.5,descending,259.042
57.0,15.75,descending,256.688
57.0,16.0,descending,252.54999
57.0,16.25,descending,244.0425
57.0,16.5,descending,232.96333
57.0,16.75,descending,221.73999
57.0,17.0,descending,215.806
57.0,17.25,descending,214.86499
57.0,17.5,descending,217.68
57.0,17.75,descending,219.20601
57.0,18.0,descending,219.51599
57.0,18.25,descending,218.63799
57.0,18.5,descending,215.172
57.0,18.75,descending,211.976
57.0,19.0,descending,209.24333
57.0,19.25,descending,208.055
57.0,19.5,descending,207.58167
57.0,19.75,descending,207.26599
57.0,20.0,descending,207.066
57.0,20.25,descending,207.278
57.0,20.5,descending,209.01599
57.0,20.75,descending,215.085
57.0,21.0,descending,226.76332
57.0,21.25,descending,237.8125
57.0,21.5,descending,245.74834
57.0,21.75,descending,250.43001
57.0,22.0,descending,251.08571
57.0,22.25,descending,250.724
57.0,22.5,descending,250.575
57.0,22.75,descending,250.96715
57.0,23.0,descending,251.858
57.0,23.25,descending,253.275
57.0,23.5,descending,253.66199
57.0,23.75,descending,253.33624
57.0,24.0,descending,251.96428
57.0,24.25,descending,250.986
57.0,24.5,descending,250.03714
57.0,24.75,descending,249.11
57.0,25.0,descending,248.96
57.0,25.25,descending,249.48375
57.0,25.5,descending,249.84999
57.0,25.75,descending,249.6575
57.0,26.0,descending,249.03111
57.0,26.25,descending,248.37
57.0,26.5,descending,247.92334
57.0,26.75,descending,247.6211
57.0,27.0,descending,247.477
57.0,27.25,descending,247.5675
57.0,27.5,descending,247.71182
57.0,27.75,descending,247.70786
57.0,28.0,descending,247.34143
57.0,28.25,descending,246.80165
57.0,28.5,descending,246.14
57.25,-13.0,descending,233.50334
57.25,-12.75,descending,232.67
57.25,-12.5,descending,231.64333
57.25,-12.25,descending,230.27998
57.25,-12.0,descending,228.16202
57.25,-11.75,descending,227.2425
57.25,-11.5,descending,226.0325
57.25,-11.25,descending,225.9375
57.25,-11.0,descending,225.79333
57.25,-10.75,descending,225.21332
57.25,-10.5,descending,225.628
57.25,-10.25,descending,225.262
57.25,-10.0,descending,224.15999
57.25,-9.75,descending,224.58398
57.25,-9.5,descending,223.09332
57.25,-9.25,descending,221.944
57.25,-9.0,descending,220.39667
57.25,-8.75,descending,218.91333
57.25,-8.5,descending,218.7625
57.25,-8.25,descending,218.702
57.25,-8.0,descending,219.83199
57.25,-7.75,descending,222.72249
57.25,-7.5,descending,226.08998
57.25,-7.25,descending,227.48999
57.25,-7.0,descending,227.68198
57.25,-6.75,descending,230.62
57.25,-6.5,descending,235.71599
57.25,-6.25,descending,241.09799
57.25,-6.0,descending,246.61499
57.25,-5.75,descending,251.9925
57.25,-5.5,descending,255.76332
57.25,-5.25,descending,257.136
57.25,-5.0,descending,256.69
57.25,-4.75,descending,254.81831
57.25,-4.5,descending,252.126
57.25,-4.25,descending,250.604
57.25,-4.0,descending,250.29199
57.25,-3.75,descending,250.52998
57.25,-3.5,descending,252.28166
57.25,-3.25,descending,255.62997
57.25,-3.0,descending,258.06998
57.25,-2.75,descending,257.59833
57.25,-2.5,descending,251.73198
57.25,-2.25,descending,241.85333
57.25,-2.0,descending,230.28833
57.25,-1.75,descending,222.66399
57.25,-1.5,descending,219.81285
57.25,-1.25,descending,218.778
57.25,-1.0,descending,219.06142
57.25,-0.75,descending,219.27998
57.25,-0.5,descending,219.20999
57.25,-0.25,descending,218.75
57.25,0.0,descending,216.06221
57.25,0.25,descending,218.16142
57.25,0.5,descending,217.77284
57.25,0.75,descending,214.46841
57.25,1.0,descending,213.82579
57.25,1.25,descending,213.74368
57.25,1.5,descending,212.96947
57.25,1.75,descending,212.41158
57.25,2.0,descending,211.39555
57.25,2.25,descending,210.69589
57.25,2.5,descending,210.26111
57.25,2.75,descending,209.67159
57.25,3.0,descending,209.12788
57.25,3.25,descending,208.57051
57.25,3.5,descending,208.17696
57.25,3.75,descending,207.91476
57.25,4.0,descending,207.07332
57.25,4.25,descending,206.18834
57.25,4.5,descending,205.93666
57.25,4.75,descending,205.75
57.25,5.0,descending,205.65166
57.25,5.25,descending,205.55666
57.25,5.5,descending,205.57166
57.25,5.75,descending,205.582
57.25,6.0,descending,205.60167
57.25,6.25,descending,205.59799
57.25,6.5,descending,205.65833
57.25,6.75,descending,205.68999
57.25,7.0,descending,205.79999
57.25,7.25,descending,206.01599
57.25,7.5,descending,206.29199
57.25,7.75,descending,206.556
57.25,8.0,descending,207.58333
57.25,8.25,descending,211.33598
57.25,8.5,descending,216.87166
57.25,8.75,descending,222.03
57.25,9.0,descending,224.685
57.25,9.25,descending,232.34001
57.25,9.5,descending,240.328
57.25,9.75,descending,245.71199
57.25,10.0,descending,248.11398
57.25,10.25,descending,242.34799
57.25,10.5,descending,231.328
57.25,10.75,descending,220.0325
57.25,11.0,descending,214.42
57.25,11.25,descending,212.99399
57.25,11.5,descending,214.5775
57.25,11.75,descending,217.96
57.25,12.0,descending,226.302
57.25,12.25,descending,237.80249
57.25,12.5,descending,244.2025
57.25,12.75,descending,253.18399
57.25,13.0,descending,257.365
57.25,13.25,descending,258.4525
57.25,13.5,descending,258.12
57.25,13.75,descending,257.1425
57.25,14.0,descending,257.052
57.25,14.25,descending,257.7775
57.25,14.5,descending,258.33
57.25,14.75,descending,258.76666
57.25,15.0,descending,259.13397
57.25,15.25,descending,259.34
57.25,15.5,descending,258.645
57.25,15.75,descending,256.422
57.25,16.0,descending,252.78198
57.25,16.25,descending,246.15
57.25,16.5,descending,235.08
57.25,16.75,descending,225.996
57.25,17.0,descending,219.17
57.25,17.25,descending,217.324
57.25,17.5,descending,217.97998
57.25,17.75,descending,219.21
57.25,18.0,descending,221.23665
57.25,18.25,descending,222.985
57.25,18.5,descending,220.43166
57.25,18.75,descending,214.566
57.25,19.0,descending,210.144
57.25,19.25,descending,208.01999
57.25,19.5,descending,207.42798
57.25,19.75,descending,207.194
57.25,20.0,descending,207.026
57.25,20.25,descending,207.004
57.25,20.5,descending,207.618
57.25,20.75,descending,210.58
57.25,21.0,descending,218.276
57.25,21.25,descending,231.29668
57.25,21.5,descending,243.58199
57.25,21.75,descending,249.92499
57.25,22.0,descending,252.16
57.25,22.25,descending,251.84999
57.25,22.5,descending,251.58667
57.25,22.75,descending,252.876
57.25,23.0,descending,254.255
57.25,23.25,descending,256.248
57.25,23.5,descending,256.076
57.25,23.75,descending,255.63832
57.25,24.0,descending,253.72833
57.25,24.25,descending,251.92332
57.25,24.5,descending,249.93001
57.25,24.75,descending,248.93399
57.25,25.0,descending,249.00249
57.25,25.25,descending,249.44666
57.25,25.5,descending,249.46124
57.25,25.75,descending,249.42833
57.25,26.0,descending,249.33
57.25,26.25,descending,249.01498
57.25,26.5,descending,248.61374
57.25,26.75,descending,248.13889
57.25,27.0,descending,247.75624
57.25,27.25,descending,247.45554
57.25,27.5,descending,246.83751
57.25,27.75,descending,245.78598
57.25,28.0,descending,245.09785
57.25,28.25,descending,244.65616
57.25,28.5,descending,244.64166
57.25,28.75,descending,244.33
57.5,-13.0,descending,227.90999
57.5,-12.75,descending,227.8875
57.5,-12.5,descending,225.73398
57.5,-12.25,descending,225.754
57.5,-12.0,descending,223.904
57.5,-11.75,descending,223.246
57.5,-11.5,descending,222.6275
57.5,-11.25,descending,222.32199
57.5,-11.0,descending,222.3075
57.5,-10.75,descending,222.15201
57.5,-10.5,descending,221.6275
57.5,-10.25,descending,221.16399
57.5,-10.0,descending,220.91599
57.5,-9.75,descending,220.18799
57.5,-9.5,descending,219.68999
57.5,-9.25,descending,218.3275
57.5,-9.0,descending,216.88399
57.5,-8.75,descending,216.36002
57.5,-8.5,descending,216.90999
57.5,-8.25,descending,216.642
57.5,-8.0,descending,217.752
57.5,-7.75,descending,221.51001
57.5,-7.5,descending,225.816
57.5,-7.25,descending,227.59
57.5,-7.0,descending,227.7
57.5,-6.75,descending,230.36
57.5,-6.5,descending,235.91667
57.5,-6.25,descending,240.57597
57.5,-6.0,descending,244.022
57.5,-5.75,descending,249.824
57.5,-5.5,descending,254.35
57.5,-5.25,descending,256.46198
57.5,-5.0,descending,256.822
57.5,-4.75,descending,255.84799
57.5,-4.5,descending,253.698
57.5,-4.25,descending,251.278
57.5,-4.0,descending,250.154
57.5,-3.75,descending,249.86201
57.5,-3.5,descending,251.11398
57.5,-3.25,descending,252.274
57.5,-3.0,descending,255.05998
57.5,-2.75,descending,254.98799
57.5,-2.5,descending,251.43
57.5,-2.25,descending,243.00143
57.5,-2.0,descending,233.73001
57.5,-1.75,descending,226.00798
57.5,-1.5,descending,221.4357
57.5,-1.25,descending,220.314
57.5,-1.0,descending,219.94856
57.5,-0.75,descending,219.48799
57.5,-0.5,descending,218.25713
57.5,-0.25,descending,217.346
57.5,0.0,descending,214.82222
57.5,0.25,descending,216.05429
57.5,0.5,descending,215.40498
57.5,0.75,descending,211.93375
57.5,1.0,descending,211.1719
57.5,1.25,descending,210.5611
57.5,1.5,descending,210.11104
57.5,1.75,descending,209.76315
57.5,2.0,descending,209.37941
57.5,2.25,descending,209.13235
57.5,2.5,descending,208.63945
57.5,2.75,descending,208.16943
57.5,3.0,descending,207.70778
57.5,3.25,descending,207.55055
57.5,3.5,descending,207.13667
57.5,3.75,descending,207.05362
57.5,4.0,descending,206.7712
57.5,4.25,descending,206.14417
57.5,4.5,descending,205.48286
57.5,4.75,descending,205.41333
57.5,5.0,descending,205.44858
57.5,5.25,descending,205.524
57.5,5.5,descending,205.68399
57.5,5.75,descending,205.97333
57.5,6.0,descending,206.29399
57.5,6.25,descending,206.43
57.5,6.5,descending,206.41333
57.5,6.75,descending,206.10834
57.5,7.0,descending,205.95332
57.5,7.25,descending,205.98167
57.5,7.5,descending,206.06001
57.5,7.75,descending,206.04599
57.5,8.0,descending,206.065
57.5,8.25,descending,206.46199
57.5,8.5,descending,207.60834
57.5,8.75,descending,210.504
57.5,9.0,descending,212.606
57.5,9.25,descending,214.696
57.5,9.5,descending,223.45
57.5,9.75,descending,231.45401
57.5,10.0,descending,238.69199
57.5,10.25,descending,242.07199
57.5,10.5,descending,233.1025
57.5,10.75,descending,224.33499
57.5,11.0,descending,216.77167
57.5,11.25,descending,214.7275
57.5,11.5,descending,216.93
57.5,11.75,descending,224.17665
57.5,12.0,descending,234.81999
57.5,12.25,descending,243.9375
57.5,12.5,descending,252.79999
57.5,12.75,descending,256.525
57.5,13.0,descending,258.10797
57.5,13.25,descending,258.305
57.5,13.5,descending,257.60165
57.5,13.75,descending,257.12198
57.5,14.0,descending,256.82498
57.5,14.25,descending,257.266
57.5,14.5,descending,258.004
57.5,14.75,descending,258.322
57.5,15.0,descending,258.315
57.5,15.25,descending,257.93597
57.5,15.5,descending,257.15833
57.5,15.75,descending,255.56331
57.5,16.0,descending,252.86165
57.5,16.25,descending,247.642
57.5,16.5,descending,237.92
57.5,16.75,descending,228.18
57.5,17.0,descending,221.642
57.5,17.25,descending,218.854
57.5,17.5,descending,217.55998
57.5,17.75,descending,218.094
57.5,18.0,descending,220.30333
57.5,18.25,descending,225.228
57.5,18.5,descending,225.51399
57.5,18.75,descending,220.328
57.5,19.0,descending,212.91399
57.5,19.25,descending,209.00801
57.5,19.5,descending,207.55
57.5,19.75,descending,207.2
57.5,20.0,descending,207.074
57.5,20.25,descending,207.0
57.5,20.5,descending,207.18599
57.5,20.75,descending,208.526
57.5,21.0,descending,214.15857
57.5,21.25,descending,225.452
57.5,21.5,descending,236.41249
57.5,21.75,descending,245.66833
57.5,22.0,descending,250.88
57.5,22.25,descending,252.39
57.5,22.5,descending,253.31714
57.5,22.75,descending,255.19499
57.5,23.0,descending,257.14624
57.5,23.25,descending,258.62
57.5,23.5,descending,259.09665
57.5,23.75,descending,258.6014
57.5,24.0,descending,256.525
57.5,24.25,descending,253.70285
57.5,24.5,descending,250.25284
57.5,24.75,descending,248.70332
57.5,25.0,descending,248.18286
57.5,25.25,descending,248.15833
57.5,25.5,descending,248.23427
57.5,25.75,descending,248.78749
57.5,26.0,descending,249.06285
57.5,26.25,descending,249.01874
57.5,26.5,descending,248.65999
57.5,26.75,descending,248.12874
57.5,27.0,descending,247.66817
57.5,27.25,descending,246.799
57.5,27.5,descending,245.448
57.5,27.75,descending,243.96399
57.5,28.0,descending,242.95
57.5,28.25,descending,242.95714
57.5,28.5,descending,243.374
57.5,28.75,descending,243.67111
57.5,29.0,descending,243.48999
57.75,-13.0,descending,222.36665
57.75,-12.75,descending,222.87999
57.75,-12.5,descending,221.28398
57.75,-12.25,descending,221.12
57.75,-12.0,descending,220.624
57.75,-11.75,descending,220.285
57.75,-11.5,descending,220.68
57.75,-11.25,descending,220.2475
57.75,-11.0,descending,220.43831
57.75,-10.75,descending,219.645
57.75,-10.5,descending,218.92801
57.75,-10.25,descending,218.50334
57.75,-10.0,descending,217.22333
57.75,-9.75,descending,216.1275
57.75,-9.5,descending,215.33249
57.75,-9.25,descending,214.22
57.75,-9.0,descending,213.67332
57.75,-8.75,descending,212.935
57.75,-8.5,descending,213.65
57.75,-8.25,descending,213.76
57.75,-8.0,descending,214.81999
57.75,-7.75,descending,216.93399
57.75,-7.5,descending,221.75601
57.75,-7.25,descending,226.552
57.75,-7.0,descending,227.77667
57.75,-6.75,descending,229.11
57.75,-6.5,descending,231.26799
57.75,-6.25,descending,232.252
57.75,-6.0,descending,236.8
57.75,-5.75,descending,242.622
57.75,-5.5,descending,249.66199
57.75,-5.25,descending,254.816
57.75,-5.0,descending,256.7
57.75,-4.75,descending,257.386
57.75,-4.5,descending,255.6
57.75,-4.25,descending,251.86398
57.75,-4.0,descending,246.76399
57.75,-3.75,descending,244.40999
57.75,-3.5,descending,242.328
57.75,-3.25,descending,240.29399
57.75,-3.0,descending,242.52333
57.75,-2.75,descending,243.4925
57.75,-2.5,descending,240.30666
57.75,-2.25,descending,234.548
57.75,-2.0,descending,228.556
57.75,-1.75,descending,223.09001
57.75,-1.5,descending,219.66249
57.75,-1.25,descending,218.805
57.75,-1.0,descending,218.43166
57.75,-0.75,descending,217.13165
57.75,-0.5,descending,215.95833
57.75,-0.25,descending,214.44832
57.75,0.0,descending,212.67221
57.75,0.25,descending,213.07597
57.75,0.5,descending,212.625
57.75,0.75,descending,210.11082
57.75,1.0,descending,208.7695
57.75,1.25,descending,208.9355
57.75,1.5,descending,208.51822
57.75,1.75,descending,208.35777
57.75,2.0,descending,208.00687
57.75,2.25,descending,207.83937
57.75,2.5,descending,207.48776
57.75,2.75,descending,207.15117
57.75,3.0,descending,206.72
57.75,3.25,descending,206.4289
57.75,3.5,descending,206.34235
57.75,3.75,descending,206.13834
57.75,4.0,descending,206.17094
57.75,4.25,descending,206.14726
57.75,4.5,descending,206.02072
57.75,4.75,descending,205.554
57.75,5.0,descending,205.64833
57.75,5.25,descending,205.75601
57.75,5.5,descending,205.91167
57.75,5.75,descending,206.17
57.75,6.0,descending,206.59166
57.75,6.25,descending,207.15799
57.75,6.5,descending,207.764
57.75,6.75,descending,207.68001
57.75,7.0,descending,207.274
57.75,7.25,descending,207.418
57.75,7.5,descending,206.772
57.75,7.75,descending,206.15999
57.75,8.0,descending,206.06001
57.75,8.25,descending,205.66333
57.75,8.5,descending,205.44
57.75,8.75,descending,205.65
57.75,9.0,descending,206.41
57.75,9.25,descending,207.215
57.75,9.5,descending,210.076
57.75,9.75,descending,217.2225
57.75,10.0,descending,223.2925
57.75,10.25,descending,228.8
57.75,10.5,descending,228.32167
57.75,10.75,descending,221.22
57.75,11.0,descending,216.61333
57.75,11.25,descending,216.05
57.75,11.5,descending,221.78598
57.75,11.75,descending,230.30333
57.75,12.0,descending,241.06
57.75,12.25,descending,250.9625
57.75,12.5,descending,255.4775
57.75,12.75,descending,257.354
57.75,13.0,descending,256.92
57.75,13.25,descending,256.41202
57.75,13.5,descending,255.94
57.75,13.75,descending,255.21799
57.75,14.0,descending,255.18
57.75,14.25,descending,254.3875
57.75,14.5,descending,255.83
57.75,14.75,descending,256.4325
57.75,15.0,descending,256.306
57.75,15.25,descending,256.20334
57.75,15.5,descending,255.2575
57.75,15.75,descending,254.47598
57.75,16.0,descending,252.86665
57.75,16.25,descending,249.694
57.75,16.5,descending,242.814
57.75,16.75,descending,232.566
57.75,17.0,descending,222.92668
57.75,17.25,descending,217.23167
57.75,17.5,descending,214.51749
57.75,17.75,descending,213.88399
57.75,18.0,descending,217.04
57.75,18.25,descending,222.17665
57.75,18.5,descending,225.30249
57.75,18.75,descending,222.3675
57.75,19.0,descending,216.41199
57.75,19.25,descending,210.868
57.75,19.5,descending,208.056
57.75,19.75,descending,207.38399
57.75,20.0,descending,207.31334
57.75,20.25,descending,207.3525
57.75,20.5,descending,207.528
57.75,20.75,descending,208.26599
57.75,21.0,descending,210.622
57.75,21.25,descending,217.004
57.75,21.5,descending,228.36499
57.75,21.75,descending,240.144
57.75,22.0,descending,247.70999
57.75,22.25,descending,252.765
57.75,22.5,descending,255.46
57.75,22.75,descending,257.222
57.75,23.0,descending,259.15167
57.75,23.25,descending,260.345
57.75,23.5,descending,261.03598
57.75,23.75,descending,260.11
57.75,24.0,descending,258.042
57.75,24.25,descending,253.8
57.75,24.5,descending,250.18999
57.75,24.75,descending,247.5875
57.75,25.0,descending,246.418
57.75,25.25,descending,245.95714
57.75,25.5,descending,246.51428
57.75,25.75,descending,247.125
57.75,26.0,descending,247.59
57.75,26.25,descending,247.47
57.75,26.5,descending,247.52124
57.75,26.75,descending,247.32713
57.75,27.0,descending,246.53888
57.75,27.25,descending,245.67624
57.75,27.5,descending,244.101
57.75,27.75,descending,242.65
57.75,28.0,descending,241.97667
57.75,28.25,descending,242.15363
57.75,28.5,descending,242.66833
57.75,28.75,descending,243.01428
57.75,29.0,descending,243.12411
57.75,29.25,descending,243.075
58.0,-13.0,descending,218.54498
58.0,-12.75,descending,218.70999
58.0,-12.5,descending,218.22499
58.0,-12.25,descending,217.628
58.0,-12.0,descending,217.374
58.0,-11.75,descending,217.315
58.0,-11.5,descending,217.32199
58.0,-11.25,descending,217.275
58.0,-11.0,descending,216.66667
58.0,-10.75,descending,216.665
58.0,-10.5,descending,214.6825
58.0,-10.25,descending,214.73201
58.0,-10.0,descending,212.83798
58.0,-9.75,descending,212.295
58.0,-9.5,descending,211.772
58.0,-9.25,descending,210.346
58.0,-9.0,descending,210.68399
58.0,-8.75,descending,210.36499
58.0,-8.5,descending,210.20401
58.0,-8.25,descending,210.53598
58.0,-8.0,descending,211.096
58.0,-7.75,descending,212.715
58.0,-7.5,descending,216.446
58.0,-7.25,descending,224.11398
58.0,-7.0,descending,229.09
58.0,-6.75,descending,230.35999
58.0,-6.5,descending,227.48999
58.0,-6.25,descending,224.345
58.0,-6.0,descending,224.90166
58.0,-5.75,descending,232.106
58.0,-5.5,descending,240.97249
58.0,-5.25,descending,249.00798
58.0,-5.0,descending,255.585
58.0,-4.75,descending,258.2525
58.0,-4.5,descending,257.65802
58.0,-4.25,descending,253.40201
58.0,-4.0,descending,245.72
58.0,-3.75,descending,238.498
58.0,-3.5,descending,232.45401
58.0,-3.25,descending,229.51799
58.0,-3.0,descending,226.01799
58.0,-2.75,descending,226.62334
58.0,-2.5,descending,225.50499
58.0,-2.25,descending,222.7325
58.0,-2.0,descending,219.63599
58.0,-1.75,descending,217.55374
58.0,-1.5,descending,216.376
58.0,-1.25,descending,215.66
58.0,-1.0,descending,215.09375
58.0,-0.75,descending,214.025
58.0,-0.5,descending,212.82124
58.0,-0.25,descending,211.61198
58.0,0.0,descending,210.86444
58.0,0.25,descending,210.81999
58.0,0.5,descending,210.11874
58.0,0.75,descending,208.819
58.0,1.0,descending,207.65912
58.0,1.25,descending,207.58157
58.0,1.5,descending,207.31052
58.0,1.75,descending,207.26176
58.0,2.0,descending,206.98166
58.0,2.25,descending,206.665
58.0,2.5,descending,206.48737
58.0,2.75,descending,206.20686
58.0,3.0,descending,206.12555
58.0,3.25,descending,206.02411
58.0,3.5,descending,206.00945
58.0,3.75,descending,206.1121
58.0,4.0,descending,206.18799
58.0,4.25,descending,206.37904
58.0,4.5,descending,206.56912
58.0,4.75,descending,206.7475
58.0,5.0,descending,206.12334
58.0,5.25,descending,206.28714
58.0,5.5,descending,206.62856
58.0,5.75,descending,206.93999
58.0,6.0,descending,207.80856
58.0,6.25,descending,209.06201
58.0,6.5,descending,211.185
58.0,6.75,descending,212.852
58.0,7.0,descending,213.77501
58.0,7.25,descending,216.03833
58.0,7.5,descending,215.06
58.0,7.75,descending,213.93001
58.0,8.0,descending,210.74399
58.0,8.25,descending,208.71799
58.0,8.5,descending,207.29399
58.0,8.75,descending,205.978
58.0,9.0,descending,205.50832
58.0,9.25,descending,205.844
58.0,9.5,descending,206.842
58.0,9.75,descending,208.45
58.0,10.0,descending,211.92
58.0,10.25,descending,215.78499
58.0,10.5,descending,215.45
58.0,10.75,descending,216.26799
58.0,11.0,descending,215.215
58.0,11.25,descending,217.648
58.0,11.5,descending,224.50801
58.0,11.75,descending,235.18399
58.0,12.0,descending,246.002
58.0,12.25,descending,252.8675
58.0,12.5,descending,256.47
58.0,12.75,descending,256.4625
58.0,13.0,descending,255.3
58.0,13.25,descending,253.88249
58.0,13.5,descending,253.19666
58.0,13.75,descending,251.5575
58.0,14.0,descending,250.43198
58.0,14.25,descending,248.765
58.0,14.5,descending,249.63832
58.0,14.75,descending,253.15999
58.0,15.0,descending,253.012
58.0,15.25,descending,253.952
58.0,15.5,descending,253.47
58.0,15.75,descending,252.78201
58.0,16.0,descending,252.00601
58.0,16.25,descending,249.67499
58.0,16.5,descending,243.68599
58.0,16.75,descending,233.26201
58.0,17.0,descending,222.30801
58.0,17.25,descending,214.75667
58.0,17.5,descending,211.02998
58.0,17.75,descending,209.96199
58.0,18.0,descending,211.128
58.0,18.25,descending,216.21402
58.0,18.5,descending,220.08798
58.0,18.75,descending,219.41249
58.0,19.0,descending,215.052
58.0,19.25,descending,211.33249
58.0,19.5,descending,208.635
58.0,19.75,descending,207.70798
58.0,20.0,descending,207.7625
58.0,20.25,descending,208.0
58.0,20.5,descending,208.36665
58.0,20.75,descending,208.86249
58.0,21.0,descending,209.94199
58.0,21.25,descending,213.58
58.0,21.5,descending,222.00832
58.0,21.75,descending,233.4025
58.0,22.0,descending,244.80833
58.0,22.25,descending,253.08598
58.0,22.5,descending,256.512
58.0,22.75,descending,258.02167
58.0,23.0,descending,259.58667
58.0,23.25,descending,260.90802
58.0,23.5,descending,261.25998
58.0,23.75,descending,259.96198
58.0,24.0,descending,257.256
58.0,24.25,descending,253.38713
58.0,24.5,descending,248.91399
58.0,24.75,descending,246.05
58.0,25.0,descending,244.51833
58.0,25.25,descending,244.24834
58.0,25.5,descending,244.27713
58.0,25.75,descending,244.95
58.0,26.0,descending,245.3957
58.0,26.25,descending,245.375
58.0,26.5,descending,245.34749
58.0,26.75,descending,245.3875
58.0,27.0,descending,244.45624
58.0,27.25,descending,243.7475
58.0,27.5,descending,242.7775
58.0,27.75,descending,241.84222
58.0,28.0,descending,241.67726
58.0,28.25,descending,242.054
58.0,28.5,descending,242.69249
58.0,28.75,descending,243.1475
58.0,29.0,descending,243.26187
58.0,29.25,descending,243.01999
58.0,29.5,descending,242.86856
58.25,-13.0,descending,216.215
58.25,-12.75,descending,215.855
58.25,-12.5,descending,215.46832
58.25,-12.25,descending,214.36499
58.25,-12.0,descending,214.19199
58.25,-11.75,descending,213.925
58.25,-11.5,descending,213.215
58.25,-11.25,descending,213.36249
58.25,-11.0,descending,212.525
58.25,-10.75,descending,212.23799
58.25,-10.5,descending,211.42499
58.25,-10.25,descending,210.41199
58.25,-10.0,descending,209.77249
58.25,-9.75,descending,209.36249
58.25,-9.5,descending,208.93198
58.25,-9.25,descending,208.505
58.25,-9.0,descending,208.34799
58.25,-8.75,descending,208.324
58.25,-8.5,descending,208.18666
58.25,-8.25,descending,208.13399
58.25,-8.0,descending,208.3125
58.25,-7.75,descending,208.8075
58.25,-7.5,descending,211.6625
58.25,-7.25,descending,217.578
58.25,-7.0,descending,226.202
58.25,-6.75,descending,232.022
58.25,-6.5,descending,229.785
58.25,-6.25,descending,221.9
58.25,-6.0,descending,217.024
58.25,-5.75,descending,219.08249
58.25,-5.5,descending,228.555
58.25,-5.25,descending,242.176
58.25,-5.0,descending,251.48749
58.25,-4.75,descending,256.226
58.25,-4.5,descending,257.52664
58.25,-4.25,descending,255.0975
58.25,-4.0,descending,249.568
58.25,-3.75,descending,242.198
58.25,-3.5,descending,233.63
58.25,-3.25,descending,226.65
58.25,-3.0,descending,220.182
58.25,-2.75,descending,217.08167
58.25,-2.5,descending,215.9725
58.25,-2.25,descending,214.788
58.25,-2.0,descending,213.34332
58.25,-1.75,descending,212.4525
58.25,-1.5,descending,212.616
58.25,-1.25,descending,212.45999
58.25,-1.0,descending,211.46333
58.25,-0.75,descending,210.93333
58.25,-0.5,descending,209.98
58.25,-0.25,descending,209.32199
58.25,0.0,descending,208.92665
58.25,0.25,descending,208.64874
58.25,0.5,descending,208.2175
58.25,0.75,descending,207.78624
58.25,1.0,descending,206.55263
58.25,1.25,descending,206.5
58.25,1.5,descending,206.46156
58.25,1.75,descending,206.208
58.25,2.0,descending,206.22
58.25,2.25,descending,206.24374
58.25,2.5,descending,206.165
58.25,2.75,descending,206.194
58.25,3.0,descending,206.18732
58.25,3.25,descending,206.34764
58.25,3.5,descending,206.50665
58.25,3.75,descending,206.68312
58.25,4.0,descending,206.81778
58.25,4.25,descending,206.93187
58.25,4.5,descending,207.2157
58.25,4.75,descending,207.574
58.25,5.0,descending,207.95999
58.25,5.25,descending,207.16
58.25,5.5,descending,208.08598
58.25,5.75,descending,209.46832
58.25,6.0,descending,211.21199
58.25,6.25,descending,214.226
58.25,6.5,descending,218.06334
58.25,6.75,descending,222.6
58.25,7.0,descending,225.73198
58.25,7.25,descending,229.0925
58.25,7.5,descending,230.486
58.25,7.75,descending,230.48999
58.25,8.0,descending,228.22333
58.25,8.25,descending,224.13799
58.25,8.5,descending,216.49399
58.25,8.75,descending,210.2575
58.25,9.0,descending,207.825
58.25,9.25,descending,206.46832
58.25,9.5,descending,206.42
58.25,9.75,descending,207.17
58.25,10.0,descending,208.01399
58.25,10.25,descending,209.3
58.25,10.5,descending,209.9975
58.25,10.75,descending,211.56198
58.25,11.0,descending,214.724
58.25,11.25,descending,220.17749
58.25,11.5,descending,229.74834
58.25,11.75,descending,239.33333
58.25,12.0,descending,246.698
58.25,12.25,descending,252.63599
58.25,12.5,descending,254.95401
58.25,12.75,descending,254.68799
58.25,13.0,descending,253.93999
58.25,13.25,descending,252.22
58.25,13.5,descending,250.66998
58.25,13.75,descending,249.5425
58.25,14.0,descending,246.56999
58.25,14.25,descending,243.04
58.25,14.5,descending,241.89499
58.25,14.75,descending,246.5
58.25,15.0,descending,248.78
58.25,15.25,descending,250.444
58.25,15.5,descending,250.422
58.25,15.75,descending,250.09248
58.25,16.0,descending,249.97
58.25,16.25,descending,248.37798
58.25,16.5,descending,243.09666
58.25,16.75,descending,234.52666
58.25,17.0,descending,223.03499
58.25,17.25,descending,213.18399
58.25,17.5,descending,209.44
58.25,17.75,descending,208.10799
58.25,18.0,descending,208.20749
58.25,18.25,descending,209.65201
58.25,18.5,descending,212.20833
58.25,18.75,descending,213.6425
58.25,19.0,descending,211.94334
58.25,19.25,descending,210.375
58.25,19.5,descending,208.552
58.25,19.75,descending,208.04001
58.25,20.0,descending,208.175
58.25,20.25,descending,208.606
58.25,20.5,descending,208.92749
58.25,20.75,descending,209.102
58.25,21.0,descending,209.74666
58.25,21.25,descending,212.295
58.25,21.5,descending,218.33
58.25,21.75,descending,229.32199
58.25,22.0,descending,242.34999
58.25,22.25,descending,250.52249
58.25,22.5,descending,254.07797
58.25,22.75,descending,256.475
58.25,23.0,descending,258.952
58.25,23.25,descending,259.8725
58.25,23.5,descending,259.29572
58.25,23.75,descending,257.272
58.25,24.0,descending,254.47
58.25,24.25,descending,250.37999
58.25,24.5,descending,247.24399
58.25,24.75,descending,244.626
58.25,25.0,descending,243.21286
58.25,25.25,descending,242.79167
58.25,25.5,descending,242.69832
58.25,25.75,descending,242.955
58.25,26.0,descending,243.23283
58.25,26.25,descending,243.54
58.25,26.5,descending,243.36665
58.25,26.75,descending,242.86
58.25,27.0,descending,242.57999
58.25,27.25,descending,242.09999
58.25,27.5,descending,241.74889
58.25,27.75,descending,241.59999
58.25,28.0,descending,241.85889
58.25,28.25,descending,242.49399
58.25,28.5,descending,243.13777
58.25,28.75,descending,243.55727
58.25,29.0,descending,243.60583
58.25,29.25,descending,243.25642
58.25,29.5,descending,242.79688
58.25,29.75,descending,242.29
58.5,-13.0,descending,214.47
58.5,-12.75,descending,213.49399
58.5,-12.5,descending,213.23
58.5,-12.25,descending,212.45749
58.5,-12.0,descending,211.65001
58.5,-11.75,descending,211.59
58.5,-11.5,descending,210.694
58.5,-11.25,descending,210.7175
58.5,-11.0,descending,209.84833
58.5,-10.75,descending,209.30249
58.5,-10.5,descending,208.852
58.5,-10.25,descending,208.26749
58.5,-10.0,descending,207.98
58.5,-9.75,descending,207.73198
58.5,-9.5,descending,207.5625
58.5,-9.25,descending,207.46199
58.5,-9.0,descending,207.51
58.5,-8.75,descending,207.23799
58.5,-8.5,descending,207.28
58.5,-8.25,descending,207.185
58.5,-8.0,descending,207.144
58.5,-7.75,descending,207.476
58.5,-7.5,descending,208.71799
58.5,-7.25,descending,213.14667
58.5,-7.0,descending,217.224
58.5,-6.75,descending,225.06999
58.5,-6.5,descending,224.854
58.5,-6.25,descending,220.1225
58.5,-6.0,descending,214.2
58.5,-5.75,descending,212.852
58.5,-5.5,descending,218.67
58.5,-5.25,descending,229.174
58.5,-5.0,descending,242.04199
58.5,-4.75,descending,247.422
58.5,-4.5,descending,249.72249
58.5,-4.25,descending,249.76999
58.5,-4.0,descending,247.90498
58.5,-3.75,descending,244.055
58.5,-3.5,descending,238.13998
58.5,-3.25,descending,229.618
58.5,-3.0,descending,220.63599
58.5,-2.75,descending,214.55
58.5,-2.5,descending,212.27167
58.5,-2.25,descending,211.11398
58.5,-2.0,descending,210.55833
58.5,-1.75,descending,209.974
58.5,-1.5,descending,209.798
58.5,-1.25,descending,209.29999
58.5,-1.0,descending,208.875
58.5,-0.75,descending,208.196
58.5,-0.5,descending,207.96428
58.5,-0.25,descending,207.496
58.5,0.0,descending,207.56857
58.5,0.25,descending,206.9257
58.5,0.5,descending,206.82166
58.5,0.75,descending,206.62856
58.5,1.0,descending,206.30368
58.5,1.25,descending,206.2821
58.5,1.5,descending,206.22882
58.5,1.75,descending,206.27684
58.5,2.0,descending,206.36734
58.5,2.25,descending,206.49124
58.5,2.5,descending,206.6247
58.5,2.75,descending,206.72061
58.5,3.0,descending,206.84059
58.5,3.25,descending,206.89214
58.5,3.5,descending,207.05235
58.5,3.75,descending,207.13374
58.5,4.0,descending,207.27625
58.5,4.25,descending,207.38367
58.5,4.5,descending,207.33842
58.5,4.75,descending,207.7395
58.5,5.0,descending,208.81999
58.5,5.25,descending,211.56895
58.5,5.5,descending,211.73999
58.5,5.75,descending,214.728
58.5,6.0,descending,217.34856
58.5,6.25,descending,221.29832
58.5,6.5,descending,223.9
58.5,6.75,descending,226.898
58.5,7.0,descending,230.39833
58.5,7.25,descending,234.27832
58.5,7.5,descending,237.81999
58.5,7.75,descending,239.96
58.5,8.0,descending,241.13
58.5,8.25,descending,242.12
58.5,8.5,descending,235.97499
58.5,8.75,descending,225.08598
58.5,9.0,descending,218.074
58.5,9.25,descending,213.0375
58.5,9.5,descending,207.918
58.5,9.75,descending,206.9675
58.5,10.0,descending,207.26999
58.5,10.25,descending,207.986
58.5,10.5,descending,208.8575
58.5,10.75,descending,210.674
58.5,11.0,descending,216.75835
58.5,11.25,descending,226.27249
58.5,11.5,descending,234.94499
58.5,11.75,descending,243.01599
58.5,12.0,descending,248.53398
58.5,12.25,descending,249.91
58.5,12.5,descending,250.774
58.5,12.75,descending,248.97499
58.5,13.0,descending,250.83798
58.5,13.25,descending,249.155
58.5,13.5,descending,249.45833
58.5,13.75,descending,248.60999
58.5,14.0,descending,246.86398
58.5,14.25,descending,242.09999
58.5,14.5,descending,238.722
58.5,14.75,descending,240.3075
58.5,15.0,descending,243.83798
58.5,15.25,descending,247.3175
58.5,15.5,descending,247.30998
58.5,15.75,descending,247.04
58.5,16.0,descending,246.96799
58.5,16.25,descending,245.73999
58.5,16.5,descending,243.554
58.5,16.75,descending,237.19199
58.5,17.0,descending,225.94249
58.5,17.25,descending,217.55801
58.5,17.5,descending,210.83598
58.5,17.75,descending,209.01999
58.5,18.0,descending,208.048
58.5,18.25,descending,207.78598
58.5,18.5,descending,207.88748
58.5,18.75,descending,208.55333
58.5,19.0,descending,209.03598
58.5,19.25,descending,208.875
58.5,19.5,descending,208.41667
58.5,19.75,descending,208.358
58.5,20.0,descending,208.58798
58.5,20.25,descending,208.83249
58.5,20.5,descending,208.87
58.5,20.75,descending,208.73001
58.5,21.0,descending,209.0675
58.5,21.25,descending,211.228
58.5,21.5,descending,218.03499
58.5,21.75,descending,228.90166
58.5,22.0,descending,239.7
58.5,22.25,descending,246.524
58.5,22.5,descending,250.498
58.5,22.75,descending,253.28398
58.5,23.0,descending,255.385
58.5,23.25,descending,256.67798
58.5,23.5,descending,254.23499
58.5,23.75,descending,250.648
58.5,24.0,descending,248.108
58.5,24.25,descending,245.82832
58.5,24.5,descending,243.66333
58.5,24.75,descending,242.68599
58.5,25.0,descending,241.84427
58.5,25.25,descending,241.592
58.5,25.5,descending,241.40375
58.5,25.75,descending,241.498
58.5,26.0,descending,241.78429
58.5,26.25,descending,241.69666
58.5,26.5,descending,241.52374
58.5,26.75,descending,241.21666
58.5,27.0,descending,241.48444
58.5,27.25,descending,241.84143
58.5,27.5,descending,241.92624
58.5,27.75,descending,241.81999
58.5,28.0,descending,241.9475
58.5,28.25,descending,242.39557
58.5,28.5,descending,242.97299
58.5,28.75,descending,243.22
58.5,29.0,descending,242.87334
58.5,29.25,descending,242.46
58.5,29.5,descending,241.71999
58.5,29.75,descending,241.14436
58.5,30.0,descending,240.54199
58.75,-13.0,descending,211.93
58.75,-12.75,descending,211.14665
58.75,-12.5,descending,211.29167
58.75,-12.25,descending,210.7475
58.75,-12.0,descending,210.165
58.75,-11.75,descending,209.85
58.75,-11.5,descending,209.34666
58.75,-11.25,descending,209.082
58.75,-11.0,descending,208.48499
58.75,-10.75,descending,208.1425
58.75,-10.5,descending,207.87
58.75,-10.25,descending,207.618
58.75,-10.0,descending,207.435
58.75,-9.75,descending,207.24399
58.75,-9.5,descending,207.17749
58.75,-9.25,descending,207.11499
58.75,-9.0,descending,207.09799
58.75,-8.75,descending,207.00334
58.75,-8.5,descending,206.92
58.75,-8.25,descending,206.874
58.75,-8.0,descending,206.845
58.75,-7.75,descending,206.9025
58.75,-7.5,descending,207.14
58.75,-7.25,descending,208.34
58.75,-7.0,descending,210.10999
58.75,-6.75,descending,213.7175
58.75,-6.5,descending,214.51799
58.75,-6.25,descending,214.762
58.75,-6.0,descending,211.126
58.75,-5.75,descending,209.74666
58.75,-5.5,descending,212.552
58.75,-5.25,descending,218.34
58.75,-5.0,descending,225.274
58.75,-4.75,descending,229.18799
58.75,-4.5,descending,234.08598
58.75,-4.25,descending,234.382
58.75,-4.0,descending,235.2275
58.75,-3.75,descending,235.45
58.75,-3.5,descending,233.754
58.75,-3.25,descending,229.46399
58.75,-3.0,descending,220.92801
58.75,-2.75,descending,214.63748
58.75,-2.5,descending,211.04199
58.75,-2.25,descending,209.35333
58.75,-2.0,descending,208.74199
58.75,-1.75,descending,208.2225
58.75,-1.5,descending,207.762
58.75,-1.25,descending,207.22333
58.75,-1.0,descending,207.17
58.75,-0.75,descending,206.73248
58.75,-0.5,descending,206.48714
58.75,-0.25,descending,206.36201
58.75,0.0,descending,207.01
58.75,0.25,descending,206.252
58.75,0.5,descending,206.25166
58.75,0.75,descending,206.328
58.75,1.0,descending,206.69466
58.75,1.25,descending,206.77998
58.75,1.5,descending,206.68277
58.75,1.75,descending,206.72066
58.75,2.0,descending,206.70529
58.75,2.25,descending,206.78499
58.75,2.5,descending,206.83186
58.75,2.75,descending,206.88998
58.75,3.0,descending,206.96625
58.75,3.25,descending,206.94687
58.75,3.5,descending,206.90929
58.75,3.75,descending,206.98294
58.75,4.0,descending,206.87785
58.75,4.25,descending,206.98749
58.75,4.5,descending,207.1161
58.75,4.75,descending,207.78812
58.75,5.0,descending,210.75285
58.75,5.25,descending,215.92473
58.75,5.5,descending,222.0935
58.75,5.75,descending,221.68001
58.75,6.0,descending,225.12997
58.75,6.25,descending,227.01599
58.75,6.5,descending,226.76833
58.75,6.75,descending,226.896
58.75,7.0,descending,227.37
58.75,7.25,descending,227.974
58.75,7.5,descending,231.98398
58.75,7.75,descending,237.408
58.75,8.0,descending,241.75499
58.75,8.25,descending,245.055
58.75,8.5,descending,246.07
58.75,8.75,descending,243.02798
58.75,9.0,descending,234.972
58.75,9.25,descending,226.53598
58.75,9.5,descending,218.13998
58.75,9.75,descending,210.25
58.75,10.0,descending,208.96399
58.75,10.25,descending,208.404
58.75,10.5,descending,209.45
58.75,10.75,descending,213.065
58.75,11.0,descending,218.88249
58.75,11.25,descending,229.14749
58.75,11.5,descending,240.78198
58.75,11.75,descending,247.7775
58.75,12.0,descending,250.53598
58.75,12.25,descending,249.55249
58.75,12.5,descending,246.418
58.75,12.75,descending,242.73499
58.75,13.0,descending,241.63
58.75,13.25,descending,240.5025
58.75,13.5,descending,242.83398
58.75,13.75,descending,246.36
58.75,14.0,descending,247.4625
58.75,14.25,descending,245.95999
58.75,14.5,descending,242.665
58.75,14.75,descending,239.98001
58.75,15.0,descending,242.41333
58.75,15.25,descending,245.61398
58.75,15.5,descending,246.6825
58.75,15.75,descending,246.154
58.75,16.0,descending,245.33598
58.75,16.25,descending,244.01
58.75,16.5,descending,241.94499
58.75,16.75,descending,238.46599
58.75,17.0,descending,231.66501
58.75,17.25,descending,225.3375
58.75,17.5,descending,218.406
58.75,17.75,descending,214.608
58.75,18.0,descending,212.05669
58.75,18.25,descending,210.64499
58.75,18.5,descending,208.344
58.75,18.75,descending,207.56999
58.75,19.0,descending,207.38998
58.75,19.25,descending,207.91599
58.75,19.5,descending,208.228
58.75,19.75,descending,208.48332
58.75,20.0,descending,208.66667
58.75,20.25,descending,208.66399
58.75,20.5,descending,208.36198
58.75,20.75,descending,208.06999
58.75,21.0,descending,208.21
58.75,21.25,descending,209.78
58.75,21.5,descending,214.77998
58.75,21.75,descending,225.295
58.75,22.0,descending,234.92
58.75,22.25,descending,243.316
58.75,22.5,descending,248.066
58.75,22.75,descending,250.35
58.75,23.0,descending,251.8125
58.75,23.25,descending,251.75
58.75,23.5,descending,249.11499
58.75,23.75,descending,244.03198
58.75,24.0,descending,241.96399
58.75,24.25,descending,241.28572
58.75,24.5,descending,240.885
58.75,24.75,descending,240.83333
58.75,25.0,descending,240.87666
58.75,25.25,descending,240.60333
58.75,25.5,descending,240.35
58.75,25.75,descending,240.24571
58.75,26.0,descending,240.50801
58.75,26.25,descending,240.59427
58.75,26.5,descending,240.55666
58.75,26.75,descending,240.89714
58.75,27.0,descending,241.62143
58.75,27.25,descending,242.15498
58.75,27.5,descending,242.07875
58.75,27.75,descending,241.57286
58.75,28.0,descending,241.15778
58.75,28.25,descending,241.29889
58.75,28.5,descending,241.42726
58.75,28.75,descending,241.53223
58.75,29.0,descending,241.19499
58.75,29.25,descending,240.6175
58.75,29.5,descending,240.07
58.75,29.75,descending,239.47571
58.75,30.0,descending,239.26
58.75,30.25,descending,238.67
59.0,-13.0,descending,209.12
59.0,-12.75,descending,209.5025
59.0,-12.5,descending,209.26799
59.0,-12.25,descending,209.4475
59.0,-12.0,descending,209.13599
59.0,-11.75,descending,208.83249
59.0,-11.5,descending,208.63399
59.0,-11.25,descending,208.39749
59.0,-11.0,descending,208.142
59.0,-10.75,descending,207.88998
59.0,-10.5,descending,207.77832
59.0,-10.25,descending,207.72664
59.0,-10.0,descending,207.63165
59.0,-9.75,descending,207.60999
59.0,-9.5,descending,207.38799
59.0,-9.25,descending,207.34
59.0,-9.0,descending,207.28398
59.0,-8.75,descending,207.16599
59.0,-8.5,descending,207.04333
59.0,-8.25,descending,207.028
59.0,-8.0,descending,206.92998
59.0,-7.75,descending,206.88249
59.0,-7.5,descending,206.76399
59.0,-7.25,descending,206.846
59.0,-7.0,descending,207.23799
59.0,-6.75,descending,208.4675
59.0,-6.5,descending,208.56999
59.0,-6.25,descending,209.10999
59.0,-6.0,descending,208.59
59.0,-5.75,descending,208.45601
59.0,-5.5,descending,209.17499
59.0,-5.25,descending,211.75
59.0,-5.0,descending,213.32199
59.0,-4.75,descending,216.932
59.0,-4.5,descending,218.13399
59.0,-4.25,descending,219.09999
59.0,-4.0,descending,220.41
59.0,-3.75,descending,222.68834
59.0,-3.5,descending,225.2325
59.0,-3.25,descending,224.82999
59.0,-3.0,descending,220.75749
59.0,-2.75,descending,215.13599
59.0,-2.5,descending,210.24333
59.0,-2.25,descending,208.05998
59.0,-2.0,descending,207.404
59.0,-1.75,descending,207.01599
59.0,-1.5,descending,206.63335
59.0,-1.25,descending,206.345
59.0,-1.0,descending,206.21
59.0,-0.75,descending,206.09332
59.0,-0.5,descending,206.02832
59.0,-0.25,descending,206.08401
59.0,0.0,descending,206.61665
59.0,0.25,descending,206.29
59.0,0.5,descending,206.45624
59.0,0.75,descending,206.644
59.0,1.0,descending,206.82538
59.0,1.25,descending,206.8085
59.0,1.5,descending,206.81221
59.0,1.75,descending,206.74176
59.0,2.0,descending,206.69528
59.0,2.25,descending,206.604
59.0,2.5,descending,206.58812
59.0,2.75,descending,206.62799
59.0,3.0,descending,206.63937
59.0,3.25,descending,206.69429
59.0,3.5,descending,206.72125
59.0,3.75,descending,206.62866
59.0,4.0,descending,206.5625
59.0,4.25,descending,206.61
59.0,4.5,descending,207.08665
59.0,4.75,descending,208.91888
59.0,5.0,descending,213.09723
59.0,5.25,descending,220.29893
59.0,5.5,descending,225.61096
59.0,5.75,descending,228.94864
59.0,6.0,descending,229.23999
59.0,6.25,descending,230.21501
59.0,6.5,descending,228.56831
59.0,6.75,descending,225.73001
59.0,7.0,descending,223.75
59.0,7.25,descending,223.15
59.0,7.5,descending,224.22333
59.0,7.75,descending,227.34799
59.0,8.0,descending,232.44
59.0,8.25,descending,239.476
59.0,8.5,descending,243.702
59.0,8.75,descending,246.62
59.0,9.0,descending,247.102
59.0,9.25,descending,241.83798
59.0,9.5,descending,231.9325
59.0,9.75,descending,225.5975
59.0,10.0,descending,218.976
59.0,10.25,descending,214.995
59.0,10.5,descending,214.48999
59.0,10.75,descending,216.42499
59.0,11.0,descending,224.26599
59.0,11.25,descending,233.67749
59.0,11.5,descending,243.2
59.0,11.75,descending,250.396
59.0,12.0,descending,252.61249
59.0,12.25,descending,251.9325
59.0,12.5,descending,247.69165
59.0,12.75,descending,240.55666
59.0,13.0,descending,235.74199
59.0,13.25,descending,232.0125
59.0,13.5,descending,231.93399
59.0,13.75,descending,236.5075
59.0,14.0,descending,242.13199
59.0,14.25,descending,246.946
59.0,14.5,descending,247.0
59.0,14.75,descending,245.602
59.0,15.0,descending,245.29
59.0,15.25,descending,246.6275
59.0,15.5,descending,247.298
59.0,15.75,descending,246.75499
59.0,16.0,descending,245.3375
59.0,16.25,descending,243.85599
59.0,16.5,descending,241.9425
59.0,16.75,descending,239.97499
59.0,17.0,descending,236.94666
59.0,17.25,descending,233.67499
59.0,17.5,descending,231.20248
59.0,17.75,descending,229.06999
59.0,18.0,descending,221.83598
59.0,18.25,descending,219.01
59.0,18.5,descending,214.19331
59.0,18.75,descending,212.446
59.0,19.0,descending,208.474
59.0,19.25,descending,207.76599
59.0,19.5,descending,207.71199
59.0,19.75,descending,208.04599
59.0,20.0,descending,208.13998
59.0,20.25,descending,208.02666
59.0,20.5,descending,207.83333
59.0,20.75,descending,207.915
59.0,21.0,descending,208.592
59.0,21.25,descending,209.935
59.0,21.5,descending,213.408
59.0,21.75,descending,220.31999
59.0,22.0,descending,230.98398
59.0,22.25,descending,240.37
59.0,22.5,descending,245.176
59.0,22.75,descending,247.2275
59.0,23.0,descending,248.28198
59.0,23.25,descending,246.99666
59.0,23.5,descending,244.16667
59.0,23.75,descending,241.105
59.0,24.0,descending,239.92998
59.0,24.25,descending,239.88571
59.0,24.5,descending,240.06831
59.0,24.75,descending,240.19249
59.0,25.0,descending,240.34143
59.0,25.25,descending,240.02998
59.0,25.5,descending,239.56831
59.0,25.75,descending,239.45166
59.0,26.0,descending,239.7957
59.0,26.25,descending,240.15201
59.0,26.5,descending,240.47856
59.0,26.75,descending,240.95166
59.0,27.0,descending,241.46713
59.0,27.25,descending,241.6843
59.0,27.5,descending,241.0575
59.0,27.75,descending,240.23999
59.0,28.0,descending,239.81999
59.0,28.25,descending,239.4975
59.0,28.5,descending,239.46375
59.0,28.75,descending,239.36124
59.0,29.0,descending,239.29454
59.0,29.25,descending,238.78
59.0,29.5,descending,238.36
59.0,29.75,descending,237.935
59.0,30.0,descending,237.49615
59.0,30.25,descending,237.24312
59.0,30.5,descending,236.9357
59.0,30.75,descending,236.88998
59.25,-13.0,descending,208.0
59.25,-12.75,descending,208.2925
59.25,-12.5,descending,208.37
59.25,-12.25,descending,208.4625
59.25,-12.0,descending,208.448
59.25,-11.75,descending,208.316
59.25,-11.5,descending,208.29333
59.25,-11.25,descending,208.23999
59.25,-11.0,descending,208.15332
59.25,-10.75,descending,208.068
59.25,-10.5,descending,207.97333
59.25,-10.25,descending,208.01999
59.25,-10.0,descending,208.0625
59.25,-9.75,descending,208.075
59.25,-9.5,descending,207.99333
59.25,-9.25,descending,208.024
59.25,-9.0,descending,207.82999
59.25,-8.75,descending,207.7925
59.25,-8.5,descending,207.45601
59.25,-8.25,descending,207.37666
59.25,-8.0,descending,207.25601
59.25,-7.75,descending,207.144
59.25,-7.5,descending,206.95749
59.25,-7.25,descending,206.7125
59.25,-7.0,descending,206.68
59.25,-6.75,descending,206.856
59.25,-6.5,descending,207.0725
59.25,-6.25,descending,207.51999
59.25,-6.0,descending,207.69499
59.25,-5.75,descending,207.92
59.25,-5.5,descending,208.382
59.25,-5.25,descending,209.448
59.25,-5.0,descending,209.88666
59.25,-4.75,descending,210.655
59.25,-4.5,descending,210.56999
59.25,-4.25,descending,211.65
59.25,-4.0,descending,212.09
59.25,-3.75,descending,213.6375
59.25,-3.5,descending,216.58398
59.25,-3.25,descending,218.318
59.25,-3.0,descending,217.51799
59.25,-2.75,descending,213.00801
59.25,-2.5,descending,209.76498
59.25,-2.25,descending,207.86198
59.25,-2.0,descending,206.976
59.25,-1.75,descending,206.69832
59.25,-1.5,descending,206.502
59.25,-1.25,descending,206.42
59.25,-1.0,descending,206.3375
59.25,-0.75,descending,206.28198
59.25,-0.5,descending,206.16167
59.25,-0.25,descending,206.202
59.25,0.0,descending,206.74834
59.25,0.25,descending,206.346
59.25,0.5,descending,206.46666
59.25,0.75,descending,206.55165
59.25,1.0,descending,206.5422
59.25,1.25,descending,206.42949
59.25,1.5,descending,206.45833
59.25,1.75,descending,206.455
59.25,2.0,descending,206.44778
59.25,2.25,descending,206.43166
59.25,2.5,descending,206.42499
59.25,2.75,descending,206.41
59.25,3.0,descending,206.44933
59.25,3.25,descending,206.47867
59.25,3.5,descending,206.54929
59.25,3.75,descending,206.40666
59.25,4.0,descending,206.364
59.25,4.25,descending,206.59799
59.25,4.5,descending,207.81749
59.25,4.75,descending,211.25624
59.25,5.0,descending,216.73125
59.25,5.25,descending,223.08333
59.25,5.5,descending,227.83499
59.25,5.75,descending,230.52893
59.25,6.0,descending,231.16144
59.25,6.25,descending,230.74666
59.25,6.5,descending,229.576
59.25,6.75,descending,227.50832
59.25,7.0,descending,224.83401
59.25,7.25,descending,222.54832
59.25,7.5,descending,222.2075
59.25,7.75,descending,224.20798
59.25,8.0,descending,227.3275
59.25,8.25,descending,232.906
59.25,8.5,descending,239.63399
59.25,8.75,descending,244.762
59.25,9.0,descending,247.45401
59.25,9.25,descending,248.69199
59.25,9.5,descending,245.972
59.25,9.75,descending,242.8225
59.25,10.0,descending,238.12
59.25,10.25,descending,228.73999
59.25,10.5,descending,226.71799
59.25,10.75,descending,227.2275
59.25,11.0,descending,231.95798
59.25,11.25,descending,240.1
59.25,11.5,descending,247.118
59.25,11.75,descending,251.20332
59.25,12.0,descending,253.08833
59.25,12.25,descending,252.825
59.25,12.5,descending,251.28749
59.25,12.75,descending,245.674
59.25,13.0,descending,240.9475
59.25,13.25,descending,233.68
59.25,13.5,descending,230.385
59.25,13.75,descending,230.7775
59.25,14.0,descending,238.316
59.25,14.25,descending,244.65
59.25,14.5,descending,248.1925
59.25,14.75,descending,248.7025
59.25,15.0,descending,248.0925
59.25,15.25,descending,247.78598
59.25,15.5,descending,247.16667
59.25,15.75,descending,246.095
59.25,16.0,descending,244.95401
59.25,16.25,descending,243.55666
59.25,16.5,descending,242.4
59.25,16.75,descending,241.48749
59.25,17.0,descending,240.56749
59.25,17.25,descending,240.278
59.25,17.5,descending,238.7825
59.25,17.75,descending,238.49666
59.25,18.0,descending,236.84
59.25,18.25,descending,233.98001
59.25,18.5,descending,225.622
59.25,18.75,descending,222.15666
59.25,19.0,descending,214.5925
59.25,19.25,descending,210.596
59.25,19.5,descending,207.84
59.25,19.75,descending,207.392
59.25,20.0,descending,207.355
59.25,20.25,descending,207.668
59.25,20.5,descending,208.42
59.25,20.75,descending,209.68333
59.25,21.0,descending,212.14998
59.25,21.25,descending,213.61333
59.25,21.5,descending,219.28749
59.25,21.75,descending,223.94499
59.25,22.0,descending,231.33398
59.25,22.25,descending,240.33398
59.25,22.5,descending,244.185
59.25,22.75,descending,245.872
59.25,23.0,descending,246.54599
59.25,23.25,descending,246.076
59.25,23.5,descending,245.04
59.25,23.75,descending,243.17833
59.25,24.0,descending,241.9675
59.25,24.25,descending,241.78333
59.25,24.5,descending,241.696
59.25,24.75,descending,240.99199
59.25,25.0,descending,241.075
59.25,25.25,descending,240.82571
59.25,25.5,descending,240.0725
59.25,25.75,descending,240.31999
59.25,26.0,descending,240.42
59.25,26.25,descending,241.29832
59.25,26.5,descending,241.46832
59.25,26.75,descending,242.06999
59.25,27.0,descending,242.18713
59.25,27.25,descending,242.07166
59.25,27.5,descending,241.58333
59.25,27.75,descending,240.9657
59.25,28.0,descending,239.67624
59.25,28.25,descending,238.83858
59.25,28.5,descending,238.27124
59.25,28.75,descending,237.8257
59.25,29.0,descending,237.34113
59.25,29.25,descending,236.913
59.25,29.5,descending,236.54778
59.25,29.75,descending,236.314
59.25,30.0,descending,236.36363
59.25,30.25,descending,236.59181
59.25,30.5,descending,236.85532
59.25,30.75,descending,236.88693
59.25,31.0,descending,236.62666
59.5,-13.0,descending,208.18
59.5,-12.75,descending,208.23999
59.5,-12.5,descending,208.4075
59.5,-12.25,descending,208.424
59.5,-12.0,descending,208.305
59.5,-11.75,descending,208.2025
59.5,-11.5,descending,208.144
59.5,-11.25,descending,208.1525
59.5,-11.0,descending,208.18799
59.5,-10.75,descending,208.07
59.5,-10.5,descending,208.0
59.5,-10.25,descending,207.91
59.5,-10.0,descending,208.04
59.5,-9.75,descending,208.03
59.5,-9.5,descending,208.13
59.5,-9.25,descending,208.125
59.5,-9.0,descending,208.2
59.5,-8.75,descending,208.12
59.5,-8.5,descending,207.874
59.5,-8.25,descending,207.622
59.5,-8.0,descending,207.5275
59.5,-7.75,descending,207.4175
59.5,-7.5,descending,207.22
59.5,-7.25,descending,206.995
59.5,-7.0,descending,206.828
59.5,-6.75,descending,206.814
59.5,-6.5,descending,206.905
59.5,-6.25,descending,207.03
59.5,-6.0,descending,207.23999
59.5,-5.75,descending,207.444
59.5,-5.5,descending,207.655
59.5,-5.25,descending,207.904
59.5,-5.0,descending,208.054
59.5,-4.75,descending,208.37
59.5,-4.5,descending,208.01332
59.5,-4.25,descending,207.95798
59.5,-4.0,descending,208.105
59.5,-3.75,descending,208.846
59.5,-3.5,descending,210.18001
59.5,-3.25,descending,212.568
59.5,-3.0,descending,212.36398
59.5,-2.75,descending,210.94499
59.5,-2.5,descending,209.20401
59.5,-2.25,descending,207.9775
59.5,-2.0,descending,207.43666
59.5,-1.75,descending,207.23164
59.5,-1.5,descending,207.038
59.5,-1.25,descending,206.94499
59.5,-1.0,descending,206.752
59.5,-0.75,descending,206.51
59.5,-0.5,descending,206.26625
59.5,-0.25,descending,206.168
59.5,0.0,descending,206.605
59.5,0.25,descending,206.13599
59.5,0.5,descending,206.13167
59.5,0.75,descending,206.16167
59.5,1.0,descending,206.14
59.5,1.25,descending,206.13333
59.5,1.5,descending,206.15685
59.5,1.75,descending,206.22765
59.5,2.0,descending,206.29999
59.5,2.25,descending,206.39352
59.5,2.5,descending,206.46938
59.5,2.75,descending,206.51643
59.5,3.0,descending,206.58937
59.5,3.25,descending,206.59666
59.5,3.5,descending,206.56499
59.5,3.75,descending,206.51399
59.5,4.0,descending,206.44154
59.5,4.25,descending,206.88785
59.5,4.5,descending,208.81293
59.5,4.75,descending,213.02231
59.5,5.0,descending,220.10938
59.5,5.25,descending,226.77556
59.5,5.5,descending,231.25188
59.5,5.75,descending,232.62706
59.5,6.0,descending,232.00899
59.5,6.25,descending,230.88316
59.5,6.5,descending,229.36333
59.5,6.75,descending,227.555
59.5,7.0,descending,225.43
59.5,7.25,descending,223.50801
59.5,7.5,descending,222.45332
59.5,7.75,descending,223.335
59.5,8.0,descending,226.035
59.5,8.25,descending,229.77667
59.5,8.5,descending,234.83798
59.5,8.75,descending,240.23198
59.5,9.0,descending,245.0875
59.5,9.25,descending,247.5625
59.5,9.5,descending,248.88832
59.5,9.75,descending,248.36398
59.5,10.0,descending,247.2125
59.5,10.25,descending,243.21599
59.5,10.5,descending,240.122
59.5,10.75,descending,240.18198
59.5,11.0,descending,242.236
59.5,11.25,descending,246.22667
59.5,11.5,descending,249.21
59.5,11.75,descending,251.765
59.5,12.0,descending,252.472
59.5,12.25,descending,252.68
59.5,12.5,descending,251.66833
59.5,12.75,descending,249.95
59.5,13.0,descending,247.355
59.5,13.25,descending,242.654
59.5,13.5,descending,238.75749
59.5,13.75,descending,236.95
59.5,14.0,descending,239.21599
59.5,14.25,descending,243.9675
59.5,14.5,descending,247.038
59.5,14.75,descending,248.6525
59.5,15.0,descending,248.788
59.5,15.25,descending,247.9775
59.5,15.5,descending,246.854
59.5,15.75,descending,245.1725
59.5,16.0,descending,243.63199
59.5,16.25,descending,242.622
59.5,16.5,descending,242.0975
59.5,16.75,descending,242.01599
59.5,17.0,descending,242.03499
59.5,17.25,descending,242.1675
59.5,17.5,descending,242.13
59.5,17.75,descending,242.352
59.5,18.0,descending,243.0775
59.5,18.25,descending,243.4225
59.5,18.5,descending,241.118
59.5,18.75,descending,235.318
59.5,19.0,descending,224.295
59.5,19.25,descending,218.4825
59.5,19.5,descending,212.25
59.5,19.75,descending,209.23201
59.5,20.0,descending,208.452
59.5,20.25,descending,210.298
59.5,20.5,descending,212.995
59.5,20.75,descending,216.78598
59.5,21.0,descending,220.805
59.5,21.25,descending,225.17801
59.5,21.5,descending,231.53201
59.5,21.75,descending,235.6225
59.5,22.0,descending,241.69199
59.5,22.25,descending,246.7525
59.5,22.5,descending,249.23799
59.5,22.75,descending,250.25
59.5,23.0,descending,249.59
59.5,23.25,descending,250.07999
59.5,23.5,descending,250.2
59.5,23.75,descending,249.96199
59.5,24.0,descending,248.13165
59.5,24.25,descending,246.7
59.5,24.5,descending,246.1975
59.5,24.75,descending,245.65332
59.5,25.0,descending,245.27666
59.5,25.25,descending,244.72998
59.5,25.5,descending,244.1025
59.5,25.75,descending,244.50601
59.5,26.0,descending,244.555
59.5,26.25,descending,245.47142
59.5,26.5,descending,246.30165
59.5,26.75,descending,246.79001
59.5,27.0,descending,247.89143
59.5,27.25,descending,247.19832
59.5,27.5,descending,246.7425
59.5,27.75,descending,245.79999
59.5,28.0,descending,242.90375
59.5,28.25,descending,240.25
59.5,28.5,descending,238.9075
59.5,28.75,descending,237.29
59.5,29.0,descending,236.14143
59.5,29.25,descending,235.50446
59.5,29.5,descending,235.4225
59.5,29.75,descending,235.75
59.5,30.0,descending,236.41725
59.5,30.25,descending,236.89667
59.5,30.5,descending,237.07455
59.5,30.75,descending,236.67058
59.5,31.0,descending,235.83865
59.5,31.25,descending,234.98398
59.75,-13.0,descending,208.505
59.75,-12.75,descending,208.53749
59.75,-12.5,descending,208.62
59.75,-12.25,descending,208.7625
59.75,-12.0,descending,208.64749
59.75,-11.75,descending,208.605
59.75,-11.5,descending,208.35748
59.75,-11.25,descending,208.2525
59.75,-11.0,descending,208.0925
59.75,-10.75,descending,207.9375
59.75,-10.5,descending,207.70749
59.75,-10.25,descending,207.56
59.75,-10.0,descending,207.6875
59.75,-9.75,descending,207.7425
59.75,-9.5,descending,207.775
59.75,-9.25,descending,207.7175
59.75,-9.0,descending,207.83249
59.75,-8.75,descending,207.80998
59.75,-8.5,descending,207.70248
59.75,-8.25,descending,207.51332
59.75,-8.0,descending,207.46799
59.75,-7.75,descending,207.28333
59.75,-7.5,descending,207.08
59.75,-7.25,descending,206.868
59.75,-7.0,descending,206.76666
59.75,-6.75,descending,206.76749
59.75,-6.5,descending,206.80998
59.75,-6.25,descending,206.88199
59.75,-6.0,descending,206.93666
59.75,-5.75,descending,207.0275
59.75,-5.5,descending,206.98799
59.75,-5.25,descending,206.95
59.75,-5.0,descending,206.935
59.75,-4.75,descending,207.024
59.75,-4.5,descending,207.065
59.75,-4.25,descending,207.09001
59.75,-4.0,descending,207.392
59.75,-3.75,descending,207.802
59.75,-3.5,descending,208.2275
59.75,-3.25,descending,208.68799
59.75,-3.0,descending,208.7925
59.75,-2.75,descending,208.548
59.75,-2.5,descending,208.038
59.75,-2.25,descending,207.85999
59.75,-2.0,descending,207.88399
59.75,-1.75,descending,208.14499
59.75,-1.5,descending,208.09799
59.75,-1.25,descending,207.68799
59.75,-1.0,descending,207.09
59.75,-0.75,descending,206.53201
59.75,-0.5,descending,206.21832
59.75,-0.25,descending,206.142
59.75,0.0,descending,206.46498
59.75,0.25,descending,206.004
59.75,0.5,descending,205.9425
59.75,0.75,descending,205.92142
59.75,1.0,descending,205.974
59.75,1.25,descending,205.99353
59.75,1.5,descending,206.04721
59.75,1.75,descending,206.19374
59.75,2.0,descending,206.2025
59.75,2.25,descending,206.24132
59.75,2.5,descending,206.30374
59.75,2.75,descending,206.48
59.75,3.0,descending,206.58714
59.75,3.25,descending,206.68153
59.75,3.5,descending,206.75
59.75,3.75,descending,206.82082
59.75,4.0,descending,207.055
59.75,4.25,descending,207.82538
59.75,4.5,descending,209.90999
59.75,4.75,descending,214.41713
59.75,5.0,descending,221.24666
59.75,5.25,descending,226.55385
59.75,5.5,descending,231.39058
59.75,5.75,descending,232.03561
59.75,6.0,descending,231.86436
59.75,6.25,descending,230.84157
59.75,6.5,descending,229.6785
59.75,6.75,descending,228.62067
59.75,7.0,descending,225.92
59.75,7.25,descending,223.60999
59.75,7.5,descending,222.26599
59.75,7.75,descending,221.53749
59.75,8.0,descending,222.88832
59.75,8.25,descending,226.5625
59.75,8.5,descending,230.1225
59.75,8.75,descending,234.00601
59.75,9.0,descending,240.13399
59.75,9.25,descending,243.73799
59.75,9.5,descending,245.9325
59.75,9.75,descending,247.81198
59.75,10.0,descending,247.6925
59.75,10.25,descending,246.4825
59.75,10.5,descending,244.97
59.75,10.75,descending,245.03333
59.75,11.0,descending,246.092
59.75,11.25,descending,248.41199
59.75,11.5,descending,249.62999
59.75,11.75,descending,250.73499
59.75,12.0,descending,250.73999
59.75,12.25,descending,250.95999
59.75,12.5,descending,250.655
59.75,12.75,descending,249.96599
59.75,13.0,descending,248.605
59.75,13.25,descending,247.3075
59.75,13.5,descending,244.765
59.75,13.75,descending,244.375
59.75,14.0,descending,243.79999
59.75,14.25,descending,245.26999
59.75,14.5,descending,246.70999
59.75,14.75,descending,247.52249
59.75,15.0,descending,247.995
59.75,15.25,descending,247.385
59.75,15.5,descending,246.2175
59.75,15.75,descending,244.88
59.75,16.0,descending,243.13666
59.75,16.25,descending,241.84799
59.75,16.5,descending,241.33499
59.75,16.75,descending,241.0625
59.75,17.0,descending,241.376
59.75,17.25,descending,241.57248
59.75,17.5,descending,241.90999
59.75,17.75,descending,242.31499
59.75,18.0,descending,243.20749
59.75,18.25,descending,245.3875
59.75,18.5,descending,246.75798
59.75,18.75,descending,245.26749
59.75,19.0,descending,238.446
59.75,19.25,descending,229.64749
59.75,19.5,descending,220.16
59.75,19.75,descending,216.8425
59.75,20.0,descending,215.88
59.75,20.25,descending,218.12
59.75,20.5,descending,223.602
59.75,20.75,descending,232.124
59.75,21.0,descending,236.622
59.75,21.25,descending,243.276
59.75,21.5,descending,247.12999
59.75,21.75,descending,249.93399
59.75,22.0,descending,252.76999
59.75,22.25,descending,254.48198
59.75,22.5,descending,255.13199
59.75,22.75,descending,254.026
59.75,23.0,descending,253.092
59.75,23.25,descending,252.8725
59.75,23.5,descending,252.788
59.75,23.75,descending,253.015
59.75,24.0,descending,252.72798
59.75,24.25,descending,251.90999
59.75,24.5,descending,251.418
59.75,24.75,descending,251.6675
59.75,25.0,descending,251.94199
59.75,25.25,descending,251.00832
59.75,25.5,descending,250.79668
59.75,25.75,descending,250.96799
59.75,26.0,descending,251.724
59.75,26.25,descending,252.59
59.75,26.5,descending,252.94429
59.75,26.75,descending,254.30801
59.75,27.0,descending,253.944
59.75,27.25,descending,254.28333
59.75,27.5,descending,254.11165
59.75,27.75,descending,251.4557
59.75,28.0,descending,248.61665
59.75,28.25,descending,245.31429
59.75,28.5,descending,243.42
59.75,28.75,descending,241.37125
59.75,29.0,descending,238.45001
59.75,29.25,descending,237.37712
59.75,29.5,descending,237.5111
59.75,29.75,descending,237.51727
59.75,30.0,descending,237.83499
59.75,30.25,descending,237.64778
59.75,30.5,descending,237.1275
59.75,30.75,descending,236.399
59.75,31.0,descending,235.88428
59.75,31.25,descending,235.566
59.75,31.5,descending,235.69499
60.0,-13.0,descending,208.73
60.0,-12.75,descending,208.75749
60.0,-12.5,descending,208.79199
60.0,-12.25,descending,209.0675
60.0,-12.0,descending,209.326
60.0,-11.75,descending,209.49333
60.0,-11.5,descending,209.085
60.0,-11.25,descending,208.50249
60.0,-11.0,descending,208.078
60.0,-10.75,descending,207.7275
60.0,-10.5,descending,207.476
60.0,-10.25,descending,207.25
60.0,-10.0,descending,207.274
60.0,-9.75,descending,207.43
60.0,-9.5,descending,207.408
60.0,-9.25,descending,207.26
60.0,-9.0,descending,207.2275
60.0,-8.75,descending,207.08249
60.0,-8.5,descending,207.21199
60.0,-8.25,descending,207.17
60.0,-8.0,descending,207.146
60.0,-7.75,descending,207.13199
60.0,-7.5,descending,207.01666
60.0,-7.25,descending,207.01001
60.0,-7.0,descending,206.814
60.0,-6.75,descending,206.91249
60.0,-6.5,descending,207.12
60.0,-6.25,descending,207.376
60.0,-6.0,descending,207.394
60.0,-5.75,descending,207.6225
60.0,-5.5,descending,207.64499
60.0,-5.25,descending,207.495
60.0,-5.0,descending,207.328
60.0,-4.75,descending,207.38
60.0,-4.5,descending,207.378
60.0,-4.25,descending,207.676
60.0,-4.0,descending,207.99666
60.0,-3.75,descending,208.185
60.0,-3.5,descending,207.82797
60.0,-3.25,descending,207.3075
60.0,-3.0,descending,206.93399
60.0,-2.75,descending,206.76799
60.0,-2.5,descending,207.148
60.0,-2.25,descending,207.5
60.0,-2.0,descending,208.275
60.0,-1.75,descending,209.81198
60.0,-1.5,descending,210.906
60.0,-1.25,descending,210.84334
60.0,-1.0,descending,208.498
60.0,-0.75,descending,206.98999
60.0,-0.5,descending,206.408
60.0,-0.25,descending,206.28198
60.0,0.0,descending,206.435
60.0,0.25,descending,205.94199
60.0,0.5,descending,205.842
60.0,0.75,descending,205.86249
60.0,1.0,descending,206.055
60.0,1.25,descending,205.89307
60.0,1.5,descending,205.93474
60.0,1.75,descending,205.9675
60.0,2.0,descending,205.92499
60.0,2.25,descending,205.9075
60.0,2.5,descending,205.90642
60.0,2.75,descending,206.03665
60.0,3.0,descending,206.202
60.0,3.25,descending,206.39333
60.0,3.5,descending,206.54785
60.0,3.75,descending,206.83534
60.0,4.0,descending,207.37285
60.0,4.25,descending,208.49214
60.0,4.5,descending,211.02466
60.0,4.75,descending,215.51213
60.0,5.0,descending,222.58176
60.0,5.25,descending,227.69214
60.0,5.5,descending,230.30705
60.0,5.75,descending,231.90141
60.0,6.0,descending,232.26471
60.0,6.25,descending,231.98589
60.0,6.5,descending,230.95149
60.0,6.75,descending,229.578
60.0,7.0,descending,227.5275
60.0,7.25,descending,225.352
60.0,7.5,descending,222.79333
60.0,7.75,descending,220.814
60.0,8.0,descending,220.146
60.0,8.25,descending,221.34332
60.0,8.5,descending,225.02998
60.0,8.75,descending,227.87
60.0,9.0,descending,233.32199
60.0,9.25,descending,238.35999
60.0,9.5,descending,241.944
60.0,9.75,descending,244.50998
60.0,10.0,descending,246.10999
60.0,10.25,descending,245.69499
60.0,10.5,descending,245.17665
60.0,10.75,descending,245.13998
60.0,11.0,descending,245.72249
60.0,11.25,descending,247.09799
60.0,11.5,descending,247.625
60.0,11.75,descending,248.18999
60.0,12.0,descending,248.44249
60.0,12.25,descending,248.26498
60.0,12.5,descending,248.6975
60.0,12.75,descending,248.024
60.0,13.0,descending,247.8275
60.0,13.25,descending,246.73
60.0,13.5,descending,246.33249
60.0,13.75,descending,245.564
60.0,14.0,descending,245.53
60.0,14.25,descending,245.38399
60.0,14.5,descending,245.77249
60.0,14.75,descending,245.574
60.0,15.0,descending,246.3425
60.0,15.25,descending,245.70401
60.0,15.5,descending,245.59749
60.0,15.75,descending,244.26201
60.0,16.0,descending,243.18399
60.0,16.25,descending,241.74666
60.0,16.5,descending,240.69199
60.0,16.75,descending,240.06999
60.0,17.0,descending,240.2
60.0,17.25,descending,240.4775
60.0,17.5,descending,240.83499
60.0,17.75,descending,241.498
60.0,18.0,descending,242.80801
60.0,18.25,descending,244.76
60.0,18.5,descending,247.7925
60.0,18.75,descending,249.642
60.0,19.0,descending,247.698
60.0,19.25,descending,241.4625
60.0,19.5,descending,235.4475
60.0,19.75,descending,231.18
60.0,20.0,descending,231.66399
60.0,20.25,descending,232.01999
60.0,20.5,descending,239.398
60.0,20.75,descending,245.89749
60.0,21.0,descending,250.878
60.0,21.25,descending,254.375
60.0,21.5,descending,256.03998
60.0,21.75,descending,257.016
60.0,22.0,descending,256.798
60.0,22.25,descending,255.68599
60.0,22.5,descending,253.95499
60.0,22.75,descending,251.53
60.0,23.0,descending,249.325
60.0,23.25,descending,247.93198
60.0,23.5,descending,247.81499
60.0,23.75,descending,248.236
60.0,24.0,descending,248.49199
60.0,24.25,descending,250.47333
60.0,24.5,descending,250.91998
60.0,24.75,descending,252.82797
60.0,25.0,descending,253.76749
60.0,25.25,descending,254.18999
60.0,25.5,descending,254.49666
60.0,25.75,descending,255.39998
60.0,26.0,descending,256.208
60.0,26.25,descending,256.93198
60.0,26.5,descending,257.602
60.0,26.75,descending,257.78287
60.0,27.0,descending,257.98
60.0,27.25,descending,257.89835
60.0,27.5,descending,257.155
60.0,27.75,descending,256.08832
60.0,28.0,descending,254.22166
60.0,28.25,descending,252.48143
60.0,28.5,descending,249.46428
60.0,28.75,descending,247.31857
60.0,29.0,descending,243.93713
60.0,29.25,descending,241.72444
60.0,29.5,descending,240.73856
60.0,29.75,descending,239.74222
60.0,30.0,descending,238.70624
60.0,30.25,descending,237.86699
60.0,30.5,descending,237.499
60.0,30.75,descending,237.69272
60.0,31.0,descending,238.55272
60.0,31.25,descending,238.59642
60.0,31.5,descending,237.86734
60.0,31.75,descending,237.55092
60.0,32.0,descending,238.23
60.25,-13.0,descending,208.525
60.25,-12.75,descending,208.7775
60.25,-12.5,descending,209.22333
60.25,-12.25,descending,209.5875
60.25,-12.0,descending,209.90749
60.25,-11.75,descending,209.9125
60.25,-11.5,descending,209.548
60.25,-11.25,descending,208.795
60.25,-11.0,descending,207.965
60.25,-10.75,descending,207.56
60.25,-10.5,descending,207.3225
60.25,-10.25,descending,207.18
60.25,-10.0,descending,207.102
60.25,-9.75,descending,207.08249
60.25,-9.5,descending,207.07999
60.25,-9.25,descending,207.00749
60.25,-9.0,descending,206.8775
60.25,-8.75,descending,206.9325
60.25,-8.5,descending,207.01
60.25,-8.25,descending,207.248
60.25,-8.0,descending,207.42
60.25,-7.75,descending,207.81999
60.25,-7.5,descending,207.75801
60.25,-7.25,descending,208.03333
60.25,-7.0,descending,207.7775
60.25,-6.75,descending,207.752
60.25,-6.5,descending,207.67
60.25,-6.25,descending,208.02333
60.25,-6.0,descending,208.278
60.25,-5.75,descending,208.58249
60.25,-5.5,descending,208.72499
60.25,-5.25,descending,208.605
60.25,-5.0,descending,208.38399
60.25,-4.75,descending,208.305
60.25,-4.5,descending,208.394
60.25,-4.25,descending,208.6725
60.25,-4.0,descending,208.772
60.25,-3.75,descending,208.53667
60.25,-3.5,descending,207.73665
60.25,-3.25,descending,206.626
60.25,-3.0,descending,205.99199
60.25,-2.75,descending,205.92749
60.25,-2.5,descending,206.248
60.25,-2.25,descending,206.9075
60.25,-2.0,descending,208.65
60.25,-1.75,descending,212.09
60.25,-1.5,descending,215.55
60.25,-1.25,descending,215.97
60.25,-1.0,descending,212.27998
60.25,-0.75,descending,208.27998
60.25,-0.5,descending,206.63599
60.25,-0.25,descending,206.15
60.25,0.0,descending,206.38142
60.25,0.25,descending,205.642
60.25,0.5,descending,205.60799
60.25,0.75,descending,205.726
60.25,1.0,descending,205.86249
60.25,1.25,descending,205.88866
60.25,1.5,descending,205.8594
60.25,1.75,descending,205.81175
60.25,2.0,descending,205.82236
60.25,2.25,descending,205.81357
60.25,2.5,descending,205.834
60.25,2.75,descending,205.91692
60.25,3.0,descending,205.985
60.25,3.25,descending,206.09933
60.25,3.5,descending,206.27077
60.25,3.75,descending,206.5757
60.25,4.0,descending,207.34
60.25,4.25,descending,208.81769
60.25,4.5,descending,212.27856
60.25,4.75,descending,217.61165
60.25,5.0,descending,223.15428
60.25,5.25,descending,229.06615
60.25,5.5,descending,231.63799
60.25,5.75,descending,232.43999
60.25,6.0,descending,232.58733
60.25,6.25,descending,231.815
60.25,6.5,descending,230.70465
60.25,6.75,descending,228.70331
60.25,7.0,descending,226.49054
60.25,7.25,descending,224.31055
60.25,7.5,descending,222.38556
60.25,7.75,descending,219.59799
60.25,8.0,descending,218.22249
60.25,8.25,descending,217.5825
60.25,8.5,descending,220.148
60.25,8.75,descending,224.604
60.25,9.0,descending,228.68599
60.25,9.25,descending,232.0625
60.25,9.5,descending,237.0125
60.25,9.75,descending,240.19
60.25,10.0,descending,243.176
60.25,10.25,descending,243.88599
60.25,10.5,descending,243.385
60.25,10.75,descending,243.69199
60.25,11.0,descending,243.815
60.25,11.25,descending,244.92334
60.25,11.5,descending,246.09666
60.25,11.75,descending,245.85999
60.25,12.0,descending,246.25998
60.25,12.25,descending,245.75749
60.25,12.5,descending,246.28499
60.25,12.75,descending,245.474
60.25,13.0,descending,245.43
60.25,13.25,descending,244.6925
60.25,13.5,descending,244.278
60.25,13.75,descending,243.69331
60.25,14.0,descending,244.06198
60.25,14.25,descending,243.73999
60.25,14.5,descending,244.026
60.25,14.75,descending,243.67499
60.25,15.0,descending,244.194
60.25,15.25,descending,243.96666
60.25,15.5,descending,243.91399
60.25,15.75,descending,243.10667
60.25,16.0,descending,242.42749
60.25,16.25,descending,241.328
60.25,16.5,descending,239.9775
60.25,16.75,descending,239.3675
60.25,17.0,descending,239.22499
60.25,17.25,descending,239.68001
60.25,17.5,descending,240.596
60.25,17.75,descending,241.60999
60.25,18.0,descending,243.66998
60.25,18.25,descending,245.72
60.25,18.5,descending,248.95
60.25,18.75,descending,252.00667
60.25,19.0,descending,254.18198
60.25,19.25,descending,251.30998
60.25,19.5,descending,247.9675
60.25,19.75,descending,243.0425
60.25,20.0,descending,243.95
60.25,20.25,descending,246.58598
60.25,20.5,descending,250.0425
60.25,20.75,descending,253.62
60.25,21.0,descending,256.516
60.25,21.25,descending,257.274
60.25,21.5,descending,256.78998
60.25,21.75,descending,255.625
60.25,22.0,descending,253.53398
60.25,22.25,descending,250.70999
60.25,22.5,descending,247.298
60.25,22.75,descending,243.80249
60.25,23.0,descending,240.728
60.25,23.25,descending,238.7775
60.25,23.5,descending,238.65201
60.25,23.75,descending,238.986
60.25,24.0,descending,241.172
60.25,24.25,descending,241.83
60.25,24.5,descending,243.1525
60.25,24.75,descending,246.21799
60.25,25.0,descending,248.736
60.25,25.25,descending,249.84
60.25,25.5,descending,250.53598
60.25,25.75,descending,252.565
60.25,26.0,descending,254.38
60.25,26.25,descending,255.71799
60.25,26.5,descending,256.244
60.25,26.75,descending,256.68
60.25,27.0,descending,256.81
60.25,27.25,descending,256.676
60.25,27.5,descending,256.5533
60.25,27.75,descending,256.528
60.25,28.0,descending,256.1014
60.25,28.25,descending,254.98167
60.25,28.5,descending,252.43666
60.25,28.75,descending,248.22499
60.25,29.0,descending,244.33875
60.25,29.25,descending,241.74199
60.25,29.5,descending,240.12555
60.25,29.75,descending,238.85999
60.25,30.0,descending,238.15141
60.25,30.25,descending,238.11125
60.25,30.5,descending,239.28665
60.25,30.75,descending,241.37665
60.25,31.0,descending,243.45273
60.25,31.25,descending,243.19818
60.25,31.5,descending,242.29498
60.25,31.75,descending,241.52428
60.25,32.0,descending,242.30249
60.25,32.25,descending,243.96666
60.5,-13.0,descending,208.01001
60.5,-12.75,descending,209.0
60.5,-12.5,descending,210.08598
60.5,-12.25,descending,210.36
60.5,-12.0,descending,210.5375
60.5,-11.75,descending,210.23749
60.5,-11.5,descending,209.76201
60.5,-11.25,descending,208.79749
60.5,-11.0,descending,208.14249
60.5,-10.75,descending,207.63399
60.5,-10.5,descending,207.5725
60.5,-10.25,descending,207.672
60.5,-10.0,descending,207.81331
60.5,-9.75,descending,207.6075
60.5,-9.5,descending,207.67
60.5,-9.25,descending,207.465
60.5,-9.0,descending,207.41
60.5,-8.75,descending,207.5875
60.5,-8.5,descending,207.77249
60.5,-8.25,descending,208.3375
60.5,-8.0,descending,208.342
60.5,-7.75,descending,208.67
60.5,-7.5,descending,209.04999
60.5,-7.25,descending,209.246
60.5,-7.0,descending,208.84749
60.5,-6.75,descending,208.58249
60.5,-6.5,descending,208.20401
60.5,-6.25,descending,208.06201
60.5,-6.0,descending,208.065
60.5,-5.75,descending,208.20499
60.5,-5.5,descending,208.47
60.5,-5.25,descending,208.5875
60.5,-5.0,descending,208.29
60.5,-4.75,descending,208.10748
60.5,-4.5,descending,208.094
60.5,-4.25,descending,208.618
60.5,-4.0,descending,208.762
60.5,-3.75,descending,208.36499
60.5,-3.5,descending,207.46399
60.5,-3.25,descending,206.56
60.5,-3.0,descending,206.0325
60.5,-2.75,descending,205.73001
60.5,-2.5,descending,205.735
60.5,-2.25,descending,206.28401
60.5,-2.0,descending,208.15
60.5,-1.75,descending,212.276
60.5,-1.5,descending,217.33199
60.5,-1.25,descending,217.998
60.5,-1.0,descending,213.48499
60.5,-0.75,descending,209.2
60.5,-0.5,descending,206.83249
60.5,-0.25,descending,205.944
60.5,0.0,descending,206.35333
60.5,0.25,descending,205.462
60.5,0.5,descending,205.46399
60.5,0.75,descending,205.53166
60.5,1.0,descending,205.606
60.5,1.25,descending,205.72249
60.5,1.5,descending,205.7415
60.5,1.75,descending,205.80411
60.5,2.0,descending,205.84332
60.5,2.25,descending,205.87799
60.5,2.5,descending,205.99933
60.5,2.75,descending,206.03865
60.5,3.0,descending,206.13428
60.5,3.25,descending,206.215
60.5,3.5,descending,206.25856
60.5,3.75,descending,206.51
60.5,4.0,descending,207.15
60.5,4.25,descending,208.95857
60.5,4.5,descending,212.52768
60.5,4.75,descending,218.60922
60.5,5.0,descending,225.99428
60.5,5.25,descending,230.09215
60.5,5.5,descending,232.87
60.5,5.75,descending,232.83875
60.5,6.0,descending,232.01692
60.5,6.25,descending,230.99857
60.5,6.5,descending,229.48177
60.5,6.75,descending,227.678
60.5,7.0,descending,225.87334
60.5,7.25,descending,224.21666
60.5,7.5,descending,222.1816
60.5,7.75,descending,220.22537
60.5,8.0,descending,216.804
60.5,8.25,descending,215.80801
60.5,8.5,descending,217.00166
60.5,8.75,descending,220.03
60.5,9.0,descending,224.94
60.5,9.25,descending,228.106
60.5,9.5,descending,231.66399
60.5,9.75,descending,236.2525
60.5,10.0,descending,238.368
60.5,10.25,descending,240.83
60.5,10.5,descending,241.58
60.5,10.75,descending,241.4
60.5,11.0,descending,241.88332
60.5,11.25,descending,241.9525
60.5,11.5,descending,243.628
60.5,11.75,descending,243.53499
60.5,12.0,descending,244.078
60.5,12.25,descending,243.45749
60.5,12.5,descending,243.29599
60.5,12.75,descending,242.57666
60.5,13.0,descending,242.46999
60.5,13.25,descending,241.95248
60.5,13.5,descending,241.54
60.5,13.75,descending,241.628
60.5,14.0,descending,241.7775
60.5,14.25,descending,242.15999
60.5,14.5,descending,242.50499
60.5,14.75,descending,242.775
60.5,15.0,descending,243.1175
60.5,15.25,descending,243.144
60.5,15.5,descending,242.83
60.5,15.75,descending,242.21599
60.5,16.0,descending,241.6975
60.5,16.25,descending,240.58398
60.5,16.5,descending,239.635
60.5,16.75,descending,238.93
60.5,17.0,descending,239.176
60.5,17.25,descending,240.3775
60.5,17.5,descending,242.44199
60.5,17.75,descending,243.995
60.5,18.0,descending,245.8775
60.5,18.25,descending,248.62999
60.5,18.5,descending,251.124
60.5,18.75,descending,253.54
60.5,19.0,descending,255.31999
60.5,19.25,descending,255.37
60.5,19.5,descending,254.595
60.5,19.75,descending,252.54599
60.5,20.0,descending,252.116
60.5,20.25,descending,254.77666
60.5,20.5,descending,255.842
60.5,20.75,descending,257.294
60.5,21.0,descending,257.0025
60.5,21.25,descending,255.37198
60.5,21.5,descending,253.07748
60.5,21.75,descending,250.4
60.5,22.0,descending,247.29
60.5,22.25,descending,243.68999
60.5,22.5,descending,239.97499
60.5,22.75,descending,236.648
60.5,23.0,descending,233.76
60.5,23.25,descending,232.248
60.5,23.5,descending,231.98001
60.5,23.75,descending,233.538
60.5,24.0,descending,234.42
60.5,24.25,descending,235.1375
60.5,24.5,descending,235.93198
60.5,24.75,descending,237.73398
60.5,25.0,descending,238.53499
60.5,25.25,descending,241.31999
60.5,25.5,descending,242.20749
60.5,25.75,descending,243.174
60.5,26.0,descending,246.11165
60.5,26.25,descending,247.15141
60.5,26.5,descending,249.29599
60.5,26.75,descending,248.81831
60.5,27.0,descending,250.012
60.5,27.25,descending,250.68333
60.5,27.5,descending,250.03499
60.5,27.75,descending,250.63713
60.5,28.0,descending,251.09334
60.5,28.25,descending,250.06857
60.5,28.5,descending,247.36427
60.5,28.75,descending,243.19167
60.5,29.0,descending,239.70749
60.5,29.25,descending,238.6757
60.5,29.5,descending,237.88167
60.5,29.75,descending,237.89624
60.5,30.0,descending,238.44
60.5,30.25,descending,239.77856
60.5,30.5,descending,242.64453
60.5,30.75,descending,245.5711
60.5,31.0,descending,247.39886
60.5,31.25,descending,247.43727
60.5,31.5,descending,246.97363
60.5,31.75,descending,246.88582
60.5,32.0,descending,246.18312
60.5,32.25,descending,244.51999
60.5,32.5,descending,241.96199
60.75,-13.0,descending,208.94
60.75,-12.75,descending,209.2025
60.75,-12.5,descending,210.73248
60.75,-12.25,descending,211.4775
60.75,-12.0,descending,211.435
60.75,-11.75,descending,210.70401
60.75,-11.5,descending,209.8425
60.75,-11.25,descending,209.06499
60.75,-11.0,descending,208.51999
60.75,-10.75,descending,208.30666
60.75,-10.5,descending,208.41399
60.75,-10.25,descending,208.71
60.75,-10.0,descending,209.028
60.75,-9.75,descending,208.7275
60.75,-9.5,descending,209.03
60.75,-9.25,descending,208.69499
60.75,-9.0,descending,208.93399
60.75,-8.75,descending,208.69331
60.75,-8.5,descending,209.00499
60.75,-8.25,descending,209.2275
60.75,-8.0,descending,209.05249
60.75,-7.75,descending,208.81
60.75,-7.5,descending,209.05249
60.75,-7.25,descending,209.22667
60.75,-7.0,descending,209.064
60.75,-6.75,descending,208.59
60.75,-6.5,descending,208.06749
60.75,-6.25,descending,207.80249
60.75,-6.0,descending,207.5275
60.75,-5.75,descending,207.29333
60.75,-5.5,descending,207.102
60.75,-5.25,descending,207.444
60.75,-5.0,descending,207.34999
60.75,-4.75,descending,207.35999
60.75,-4.5,descending,207.21333
60.75,-4.25,descending,207.418
60.75,-4.0,descending,207.83249
60.75,-3.75,descending,207.98999
60.75,-3.5,descending,207.7425
60.75,-3.25,descending,207.176
60.75,-3.0,descending,206.64333
60.75,-2.75,descending,206.1975
60.75,-2.5,descending,205.9
60.75,-2.25,descending,206.106
60.75,-2.0,descending,207.50601
60.75,-1.75,descending,210.998
60.75,-1.5,descending,214.67749
60.75,-1.25,descending,215.804
60.75,-1.0,descending,213.65
60.75,-0.75,descending,209.856
60.75,-0.5,descending,207.10799
60.75,-0.25,descending,205.9175
60.75,0.0,descending,206.56334
60.75,0.25,descending,205.54999
60.75,0.5,descending,205.56001
60.75,0.75,descending,205.58499
60.75,1.0,descending,205.60167
60.75,1.25,descending,205.58798
60.75,1.5,descending,205.74765
60.75,1.75,descending,205.73833
60.75,2.0,descending,205.75293
60.75,2.25,descending,205.816
60.75,2.5,descending,205.92067
60.75,2.75,descending,206.04
60.75,3.0,descending,206.15
60.75,3.25,descending,206.32384
60.75,3.5,descending,206.45306
60.75,3.75,descending,206.6675
60.75,4.0,descending,207.20538
60.75,4.25,descending,208.95082
60.75,4.5,descending,213.07999
60.75,4.75,descending,219.83229
60.75,5.0,descending,225.78307
60.75,5.25,descending,229.9825
60.75,5.5,descending,231.81499
60.75,5.75,descending,232.24075
60.75,6.0,descending,231.97066
60.75,6.25,descending,231.00713
60.75,6.5,descending,229.63713
60.75,6.75,descending,228.35625
60.75,7.0,descending,227.44186
60.75,7.25,descending,225.93733
60.75,7.5,descending,223.97449
60.75,7.75,descending,221.66058
60.75,8.0,descending,219.51125
60.75,8.25,descending,216.778
60.75,8.5,descending,215.76749
60.75,8.75,descending,216.90749
60.75,9.0,descending,219.77501
60.75,9.25,descending,223.39749
60.75,9.5,descending,226.48749
60.75,9.75,descending,230.89749
60.75,10.0,descending,233.40201
60.75,10.25,descending,236.024
60.75,10.5,descending,238.594
60.75,10.75,descending,238.53749
60.75,11.0,descending,238.81334
60.75,11.25,descending,239.4375
60.75,11.5,descending,239.8575
60.75,11.75,descending,239.99
60.75,12.0,descending,240.29668
60.75,12.25,descending,240.29498
60.75,12.5,descending,239.8375
60.75,12.75,descending,239.9
60.75,13.0,descending,238.93001
60.75,13.25,descending,239.385
60.75,13.5,descending,239.326
60.75,13.75,descending,240.33667
60.75,14.0,descending,240.804
60.75,14.25,descending,241.39998
60.75,14.5,descending,241.83398
60.75,14.75,descending,242.375
60.75,15.0,descending,242.72
60.75,15.25,descending,242.73999
60.75,15.5,descending,242.54199
60.75,15.75,descending,241.9725
60.75,16.0,descending,241.41599
60.75,16.25,descending,240.85999
60.75,16.5,descending,240.0
60.75,16.75,descending,239.65799
60.75,17.0,descending,240.655
60.75,17.25,descending,242.28749
60.75,17.5,descending,244.80666
60.75,17.75,descending,247.32199
60.75,18.0,descending,249.28749
60.75,18.25,descending,250.07251
60.75,18.5,descending,250.21333
60.75,18.75,descending,249.262
60.75,19.0,descending,250.45499
60.75,19.25,descending,250.80666
60.75,19.5,descending,253.98398
60.75,19.75,descending,255.426
60.75,20.0,descending,256.535
60.75,20.25,descending,257.63998
60.75,20.5,descending,258.83334
60.75,20.75,descending,259.1375
60.75,21.0,descending,256.902
60.75,21.25,descending,252.83249
60.75,21.5,descending,248.344
60.75,21.75,descending,244.345
60.75,22.0,descending,240.99199
60.75,22.25,descending,237.18599
60.75,22.5,descending,235.18
60.75,22.75,descending,232.33798
60.75,23.0,descending,230.658
60.75,23.25,descending,229.73198
60.75,23.5,descending,230.14499
60.75,23.75,descending,231.21399
60.75,24.0,descending,232.03
60.75,24.25,descending,232.396
60.75,24.5,descending,232.25499
60.75,24.75,descending,232.16399
60.75,25.0,descending,232.31749
60.75,25.25,descending,233.47333
60.75,25.5,descending,235.128
60.75,25.75,descending,235.8375
60.75,26.0,descending,236.71199
60.75,26.25,descending,238.23201
60.75,26.5,descending,239.44666
60.75,26.75,descending,239.122
60.75,27.0,descending,240.08333
60.75,27.25,descending,240.906
60.75,27.5,descending,241.11198
60.75,27.75,descending,241.248
60.75,28.0,descending,242.05998
60.75,28.25,descending,240.896
60.75,28.5,descending,239.40001
60.75,28.75,descending,237.63332
60.75,29.0,descending,235.93666
60.75,29.25,descending,236.24428
60.75,29.5,descending,237.05
60.75,29.75,descending,238.12334
60.75,30.0,descending,239.72874
60.75,30.25,descending,241.9525
60.75,30.5,descending,245.04999
60.75,30.75,descending,247.4975
60.75,31.0,descending,248.76
60.75,31.25,descending,249.07375
60.75,31.5,descending,248.87726
60.75,31.75,descending,248.11398
60.75,32.0,descending,246.36
60.75,32.25,descending,243.50415
60.75,32.5,descending,239.88687
60.75,32.75,descending,236.6875
60.75,33.0,descending,234.35999
61.0,-13.0,descending,211.92
61.0,-12.75,descending,211.07999
61.0,-12.5,descending,211.83798
61.0,-12.25,descending,212.328
61.0,-12.0,descending,211.95999
61.0,-11.75,descending,211.20499
61.0,-11.5,descending,210.135
61.0,-11.25,descending,209.61499
61.0,-11.0,descending,209.465
61.0,-10.75,descending,209.45798
61.0,-10.5,descending,209.64749
61.0,-10.25,descending,209.898
61.0,-10.0,descending,210.11333
61.0,-9.75,descending,209.698
61.0,-9.5,descending,209.55249
61.0,-9.25,descending,209.46799
61.0,-9.0,descending,209.41667
61.0,-8.75,descending,209.344
61.0,-8.5,descending,209.404
61.0,-8.25,descending,209.15999
61.0,-8.0,descending,208.755
61.0,-7.75,descending,207.9975
61.0,-7.5,descending,208.012
61.0,-7.25,descending,208.13
61.0,-7.0,descending,208.135
61.0,-6.75,descending,207.9225
61.0,-6.5,descending,207.7
61.0,-6.25,descending,207.524
61.0,-6.0,descending,207.30249
61.0,-5.75,descending,206.99199
61.0,-5.5,descending,206.85333
61.0,-5.25,descending,207.04199
61.0,-5.0,descending,207.0775
61.0,-4.75,descending,206.946
61.0,-4.5,descending,206.7425
61.0,-4.25,descending,206.63748
61.0,-4.0,descending,206.94249
61.0,-3.75,descending,207.25601
61.0,-3.5,descending,207.564
61.0,-3.25,descending,207.53749
61.0,-3.0,descending,207.16199
61.0,-2.75,descending,206.73499
61.0,-2.5,descending,206.435
61.0,-2.25,descending,206.39499
61.0,-2.0,descending,206.74199
61.0,-1.75,descending,207.855
61.0,-1.5,descending,209.798
61.0,-1.25,descending,211.19
61.0,-1.0,descending,210.73999
61.0,-0.75,descending,208.7525
61.0,-0.5,descending,206.89166
61.0,-0.25,descending,205.92834
61.0,0.0,descending,210.375
61.0,0.25,descending,205.63998
61.0,0.5,descending,205.66249
61.0,0.75,descending,205.68999
61.0,1.0,descending,205.72249
61.0,1.25,descending,205.72499
61.0,1.5,descending,205.89624
61.0,1.75,descending,205.87646
61.0,2.0,descending,205.80933
61.0,2.25,descending,205.81874
61.0,2.5,descending,205.89143
61.0,2.75,descending,206.01466
61.0,3.0,descending,206.2357
61.0,3.25,descending,206.46786
61.0,3.5,descending,206.6623
61.0,3.75,descending,206.96999
61.0,4.0,descending,207.65356
61.0,4.25,descending,209.55916
61.0,4.5,descending,213.54929
61.0,4.75,descending,219.58333
61.0,5.0,descending,223.22076
61.0,5.25,descending,227.66249
61.0,5.5,descending,229.42867
61.0,5.75,descending,230.85538
61.0,6.0,descending,231.20538
61.0,6.25,descending,230.67
61.0,6.5,descending,229.77571
61.0,6.75,descending,228.92076
61.0,7.0,descending,228.0875
61.0,7.25,descending,227.02411
61.0,7.5,descending,225.36856
61.0,7.75,descending,222.73625
61.0,8.0,descending,220.77522
61.0,8.25,descending,219.55333
61.0,8.5,descending,218.50333
61.0,8.75,descending,216.90201
61.0,9.0,descending,217.13399
61.0,9.25,descending,219.13599
61.0,9.5,descending,221.91399
61.0,9.75,descending,225.03201
61.0,10.0,descending,228.7225
61.0,10.25,descending,231.44249
61.0,10.5,descending,233.72667
61.0,10.75,descending,234.985
61.0,11.0,descending,234.65799
61.0,11.25,descending,235.64249
61.0,11.5,descending,234.90201
61.0,11.75,descending,235.315
61.0,12.0,descending,234.9975
61.0,12.25,descending,235.8725
61.0,12.5,descending,235.6425
61.0,12.75,descending,236.57999
61.0,13.0,descending,235.606
61.0,13.25,descending,236.276
61.0,13.5,descending,237.02666
61.0,13.75,descending,238.95401
61.0,14.0,descending,239.7425
61.0,14.25,descending,240.7825
61.0,14.5,descending,241.17499
61.0,14.75,descending,241.26749
61.0,15.0,descending,241.87
61.0,15.25,descending,241.92749
61.0,15.5,descending,242.07199
61.0,15.75,descending,242.0125
61.0,16.0,descending,241.84999
61.0,16.25,descending,241.79
61.0,16.5,descending,241.185
61.0,16.75,descending,241.275
61.0,17.0,descending,241.56499
61.0,17.25,descending,242.672
61.0,17.5,descending,244.13799
61.0,17.75,descending,246.15332
61.0,18.0,descending,246.86249
61.0,18.25,descending,247.528
61.0,18.5,descending,244.672
61.0,18.75,descending,238.23749
61.0,19.0,descending,236.275
61.0,19.25,descending,239.95598
61.0,19.5,descending,244.93333
61.0,19.75,descending,248.685
61.0,20.0,descending,254.222
61.0,20.25,descending,258.02
61.0,20.5,descending,259.94598
61.0,20.75,descending,260.1425
61.0,21.0,descending,257.1225
61.0,21.25,descending,251.038
61.0,21.5,descending,243.772
61.0,21.75,descending,238.9775
61.0,22.0,descending,236.16599
61.0,22.25,descending,234.1625
61.0,22.5,descending,232.65
61.0,22.75,descending,231.355
61.0,23.0,descending,230.42801
61.0,23.25,descending,230.05249
61.0,23.5,descending,230.51001
61.0,23.75,descending,231.4
61.0,24.0,descending,232.11398
61.0,24.25,descending,232.1425
61.0,24.5,descending,231.61398
61.0,24.75,descending,230.9775
61.0,25.0,descending,230.86002
61.0,25.25,descending,231.10999
61.0,25.5,descending,231.66833
61.0,25.75,descending,232.13332
61.0,26.0,descending,232.61499
61.0,26.25,descending,232.94199
61.0,26.5,descending,233.45401
61.0,26.75,descending,233.37834
61.0,27.0,descending,233.92801
61.0,27.25,descending,234.24666
61.0,27.5,descending,234.02284
61.0,27.75,descending,235.096
61.0,28.0,descending,234.89998
61.0,28.25,descending,235.18666
61.0,28.5,descending,233.93666
61.0,28.75,descending,233.37999
61.0,29.0,descending,233.69666
61.0,29.25,descending,234.74333
61.0,29.5,descending,235.99374
61.0,29.75,descending,237.98
61.0,30.0,descending,240.33571
61.0,30.25,descending,243.12572
61.0,30.5,descending,245.53125
61.0,30.75,descending,247.13713
61.0,31.0,descending,247.90857
61.0,31.25,descending,247.82124
61.0,31.5,descending,247.03445
61.0,31.75,descending,245.51624
61.0,32.0,descending,242.41833
61.0,32.25,descending,238.63727
61.0,32.5,descending,235.14726
61.0,32.75,descending,233.1075
61.0,33.0,descending,232.9375
61.0,33.25,descending,233.965
61.25,-13.0,descending,213.17
61.25,-12.75,descending,213.97798
61.25,-12.5,descending,213.55
61.25,-12.25,descending,213.31499
61.25,-12.0,descending,212.73
61.25,-11.75,descending,212.1825
61.25,-11.5,descending,211.215
61.25,-11.25,descending,210.998
61.25,-11.0,descending,210.73999
61.25,-10.75,descending,211.03
61.25,-10.5,descending,211.1375
61.25,-10.25,descending,211.45999
61.25,-10.0,descending,211.23198
61.25,-9.75,descending,210.66249
61.25,-9.5,descending,209.98749
61.25,-9.25,descending,209.31667
61.25,-9.0,descending,208.932
61.25,-8.75,descending,208.81
61.25,-8.5,descending,208.53499
61.25,-8.25,descending,208.30249
61.25,-8.0,descending,207.746
61.25,-7.75,descending,207.305
61.25,-7.5,descending,207.18333
61.25,-7.25,descending,207.356
61.25,-7.0,descending,207.54668
61.25,-6.75,descending,207.285
61.25,-6.5,descending,206.974
61.25,-6.25,descending,206.89667
61.25,-6.0,descending,207.01666
61.25,-5.75,descending,207.07199
61.25,-5.5,descending,207.25801
61.25,-5.25,descending,207.545
61.25,-5.0,descending,207.566
61.25,-4.75,descending,207.2125
61.25,-4.5,descending,206.73198
61.25,-4.25,descending,206.6
61.25,-4.0,descending,206.95749
61.25,-3.75,descending,207.3425
61.25,-3.5,descending,207.61002
61.25,-3.25,descending,207.7125
61.25,-3.0,descending,207.54599
61.25,-2.75,descending,207.15999
61.25,-2.5,descending,206.8125
61.25,-2.25,descending,206.59332
61.25,-2.0,descending,206.57999
61.25,-1.75,descending,206.75601
61.25,-1.5,descending,207.245
61.25,-1.25,descending,207.97
61.25,-1.0,descending,208.155
61.25,-0.75,descending,207.63599
61.25,-0.5,descending,206.805
61.25,-0.25,descending,206.226
61.25,0.0,descending,210.6757
61.25,0.25,descending,205.7225
61.25,0.5,descending,205.726
61.25,0.75,descending,205.7325
61.25,1.0,descending,205.75801
61.25,1.25,descending,205.76
61.25,1.5,descending,205.88356
61.25,1.75,descending,205.84389
61.25,2.0,descending,205.78732
61.25,2.25,descending,205.77933
61.25,2.5,descending,205.84866
61.25,2.75,descending,205.915
61.25,3.0,descending,206.08357
61.25,3.25,descending,206.28152
61.25,3.5,descending,206.59769
61.25,3.75,descending,206.86
61.25,4.0,descending,207.64583
61.25,4.25,descending,209.63153
61.25,4.5,descending,213.2925
61.25,4.75,descending,217.31363
61.25,5.0,descending,222.21715
61.25,5.25,descending,225.90749
61.25,5.5,descending,228.18817
61.25,5.75,descending,229.34999
61.25,6.0,descending,229.91461
61.25,6.25,descending,229.60667
61.25,6.5,descending,229.05833
61.25,6.75,descending,228.48784
61.25,7.0,descending,228.06213
61.25,7.25,descending,227.32384
61.25,7.5,descending,225.89812
61.25,7.75,descending,224.17764
61.25,8.0,descending,222.67642
61.25,8.25,descending,222.30444
61.25,8.5,descending,221.45526
61.25,8.75,descending,220.32817
61.25,9.0,descending,218.13
61.25,9.25,descending,217.58398
61.25,9.5,descending,219.0975
61.25,9.75,descending,221.504
61.25,10.0,descending,224.524
61.25,10.25,descending,228.25749
61.25,10.5,descending,229.26999
61.25,10.75,descending,231.1375
61.25,11.0,descending,231.20499
61.25,11.25,descending,231.5125
61.25,11.5,descending,230.48334
61.25,11.75,descending,230.7475
61.25,12.0,descending,230.60999
61.25,12.25,descending,230.8125
61.25,12.5,descending,231.2125
61.25,12.75,descending,232.156
61.25,13.0,descending,232.11198
61.25,13.25,descending,232.59666
61.25,13.5,descending,234.118
61.25,13.75,descending,235.60333
61.25,14.0,descending,236.29
61.25,14.25,descending,238.22333
61.25,14.5,descending,238.222
61.25,14.75,descending,238.935
61.25,15.0,descending,239.58598
61.25,15.25,descending,240.45749
61.25,15.5,descending,240.91667
61.25,15.75,descending,241.4975
61.25,16.0,descending,242.01599
61.25,16.25,descending,242.295
61.25,16.5,descending,242.2975
61.25,16.75,descending,242.2925
61.25,17.0,descending,241.58249
61.25,17.25,descending,240.07666
61.25,17.5,descending,236.3875
61.25,17.75,descending,237.71399
61.25,18.0,descending,236.52998
61.25,18.25,descending,237.83249
61.25,18.5,descending,234.65
61.25,18.75,descending,229.0575
61.25,19.0,descending,224.17334
61.25,19.25,descending,221.28598
61.25,19.5,descending,230.20749
61.25,19.75,descending,236.3925
61.25,20.0,descending,248.105
61.25,20.25,descending,254.47
61.25,20.5,descending,259.156
61.25,20.75,descending,260.565
61.25,21.0,descending,258.1367
61.25,21.25,descending,251.1025
61.25,21.5,descending,243.95999
61.25,21.75,descending,237.91599
61.25,22.0,descending,234.665
61.25,22.25,descending,233.21599
61.25,22.5,descending,232.2925
61.25,22.75,descending,231.55
61.25,23.0,descending,231.11499
61.25,23.25,descending,231.11201
61.25,23.5,descending,231.6275
61.25,23.75,descending,232.4
61.25,24.0,descending,233.00499
61.25,24.25,descending,232.90201
61.25,24.5,descending,232.29749
61.25,24.75,descending,231.75798
61.25,25.0,descending,231.805
61.25,25.25,descending,232.26999
61.25,25.5,descending,232.3475
61.25,25.75,descending,231.87
61.25,26.0,descending,231.46667
61.25,26.25,descending,231.3725
61.25,26.5,descending,231.276
61.25,26.75,descending,231.1575
61.25,27.0,descending,231.21333
61.25,27.25,descending,231.46199
61.25,27.5,descending,231.62
61.25,27.75,descending,232.3
61.25,28.0,descending,232.616
61.25,28.25,descending,232.24333
61.25,28.5,descending,231.564
61.25,28.75,descending,231.076
61.25,29.0,descending,231.44331
61.25,29.25,descending,232.45667
61.25,29.5,descending,233.92334
61.25,29.75,descending,235.754
61.25,30.0,descending,238.86
61.25,30.25,descending,241.77428
61.25,30.5,descending,243.84427
61.25,30.75,descending,244.93875
61.25,31.0,descending,245.22374
61.25,31.25,descending,243.92374
61.25,31.5,descending,241.90555
61.25,31.75,descending,239.72444
61.25,32.0,descending,237.142
61.25,32.25,descending,234.43332
61.25,32.5,descending,232.77083
61.25,32.75,descending,232.70363
61.25,33.0,descending,233.67308
61.25,33.25,descending,234.52785
61.25,33.5,descending,234.84799
61.5,-13.0,descending,214.9
61.5,-12.75,descending,214.4325
61.5,-12.5,descending,214.174
61.5,-12.25,descending,213.41667
61.5,-12.0,descending,213.01749
61.5,-11.75,descending,212.70999
61.5,-11.5,descending,212.47
61.5,-11.25,descending,212.26999
61.5,-11.0,descending,211.86249
61.5,-10.75,descending,211.76498
61.5,-10.5,descending,211.8125
61.5,-10.25,descending,211.88799
61.5,-10.0,descending,211.75
61.5,-9.75,descending,211.19499
61.5,-9.5,descending,210.2625
61.5,-9.25,descending,209.346
61.5,-9.0,descending,208.4925
61.5,-8.75,descending,208.20749
61.5,-8.5,descending,207.73999
61.5,-8.25,descending,207.26399
61.5,-8.0,descending,206.87999
61.5,-7.75,descending,206.60999
61.5,-7.5,descending,206.94199
61.5,-7.25,descending,207.69666
61.5,-7.0,descending,208.33598
61.5,-6.75,descending,207.9025
61.5,-6.5,descending,207.06749
61.5,-6.25,descending,206.415
61.5,-6.0,descending,206.406
61.5,-5.75,descending,206.70499
61.5,-5.5,descending,206.98999
61.5,-5.25,descending,207.318
61.5,-5.0,descending,207.37666
61.5,-4.75,descending,206.92
61.5,-4.5,descending,206.55998
61.5,-4.25,descending,206.56749
61.5,-4.0,descending,206.955
61.5,-3.75,descending,207.53
61.5,-3.5,descending,207.76999
61.5,-3.25,descending,207.76599
61.5,-3.0,descending,207.5775
61.5,-2.75,descending,207.19199
61.5,-2.5,descending,206.8425
61.5,-2.25,descending,206.656
61.5,-2.0,descending,206.60999
61.5,-1.75,descending,206.54749
61.5,-1.5,descending,206.616
61.5,-1.25,descending,206.91998
61.5,-1.0,descending,207.342
61.5,-0.75,descending,207.5275
61.5,-0.5,descending,207.304
61.5,-0.25,descending,206.86499
61.5,0.0,descending,218.81999
61.5,0.25,descending,206.11333
61.5,0.5,descending,206.01999
61.5,0.75,descending,205.924
61.5,1.0,descending,205.90999
61.5,1.25,descending,205.90799
61.5,1.5,descending,206.221
61.5,1.75,descending,206.15111
61.5,2.0,descending,205.94888
61.5,2.25,descending,205.88167
61.5,2.5,descending,205.80133
61.5,2.75,descending,205.84467
61.5,3.0,descending,205.90768
61.5,3.25,descending,206.025
61.5,3.5,descending,206.21286
61.5,3.75,descending,206.52077
61.5,4.0,descending,207.20642
61.5,4.25,descending,208.80666
61.5,4.5,descending,211.86385
61.5,4.75,descending,215.95152
61.5,5.0,descending,220.76332
61.5,5.25,descending,224.93538
61.5,5.5,descending,227.95786
61.5,5.75,descending,229.14908
61.5,6.0,descending,229.435
61.5,6.25,descending,229.23999
61.5,6.5,descending,228.97691
61.5,6.75,descending,229.2525
61.5,7.0,descending,229.48386
61.5,7.25,descending,229.53076
61.5,7.5,descending,229.045
61.5,7.75,descending,228.78572
61.5,8.0,descending,227.81685
61.5,8.25,descending,226.92357
61.5,8.5,descending,225.69943
61.5,8.75,descending,223.77249
61.5,9.0,descending,222.09799
61.5,9.25,descending,221.19331
61.5,9.5,descending,219.34999
61.5,9.75,descending,220.4675
61.5,10.0,descending,222.4725
61.5,10.25,descending,224.91599
61.5,10.5,descending,226.73201
61.5,10.75,descending,227.85
61.5,11.0,descending,228.406
61.5,11.25,descending,228.06999
61.5,11.5,descending,227.81749
61.5,11.75,descending,227.215
61.5,12.0,descending,227.05
61.5,12.25,descending,226.96599
61.5,12.5,descending,227.7125
61.5,12.75,descending,227.9375
61.5,13.0,descending,228.51
61.5,13.25,descending,228.91998
61.5,13.5,descending,228.89249
61.5,13.75,descending,230.278
61.5,14.0,descending,230.83667
61.5,14.25,descending,233.26001
61.5,14.5,descending,233.355
61.5,14.75,descending,235.2975
61.5,15.0,descending,236.2875
61.5,15.25,descending,237.92
61.5,15.5,descending,239.064
61.5,15.75,descending,240.12
61.5,16.0,descending,240.998
61.5,16.25,descending,241.51749
61.5,16.5,descending,242.055
61.5,16.75,descending,242.17
61.5,17.0,descending,241.31
61.5,17.25,descending,236.87
61.5,17.5,descending,230.5975
61.5,17.75,descending,224.7625
61.5,18.0,descending,223.8375
61.5,18.25,descending,224.69
61.5,18.5,descending,222.698
61.5,18.75,descending,218.26248
61.5,19.0,descending,215.75598
61.5,19.25,descending,212.69
61.5,19.5,descending,215.56198
61.5,19.75,descending,223.525
61.5,20.0,descending,233.4375
61.5,20.25,descending,246.17249
61.5,20.5,descending,254.26
61.5,20.75,descending,259.052
61.5,21.0,descending,258.83
61.5,21.25,descending,254.09
61.5,21.5,descending,244.64
61.5,21.75,descending,237.98
61.5,22.0,descending,233.73799
61.5,22.25,descending,231.9375
61.5,22.5,descending,231.15
61.5,22.75,descending,230.81
61.5,23.0,descending,230.80801
61.5,23.25,descending,231.25749
61.5,23.5,descending,231.91199
61.5,23.75,descending,232.59999
61.5,24.0,descending,232.874
61.5,24.25,descending,232.7625
61.5,24.5,descending,232.33598
61.5,24.75,descending,232.33499
61.5,25.0,descending,233.074
61.5,25.25,descending,233.9725
61.5,25.5,descending,233.592
61.5,25.75,descending,232.22499
61.5,26.0,descending,230.96799
61.5,26.25,descending,230.48665
61.5,26.5,descending,230.16
61.5,26.75,descending,229.998
61.5,27.0,descending,229.78
61.5,27.25,descending,229.95667
61.5,27.5,descending,230.51332
61.5,27.75,descending,231.26999
61.5,28.0,descending,231.435
61.5,28.25,descending,230.81
61.5,28.5,descending,229.854
61.5,28.75,descending,228.97571
61.5,29.0,descending,228.93666
61.5,29.25,descending,229.326
61.5,29.5,descending,230.66167
61.5,29.75,descending,233.0
61.5,30.0,descending,235.85667
61.5,30.25,descending,238.33714
61.5,30.5,descending,240.44714
61.5,30.75,descending,241.05429
61.5,31.0,descending,240.33624
61.5,31.25,descending,238.36499
61.5,31.5,descending,236.31999
61.5,31.75,descending,235.0057
61.5,32.0,descending,234.01875
61.5,32.25,descending,233.43555
61.5,32.5,descending,233.2889
61.5,32.75,descending,233.476
61.5,33.0,descending,233.84769
61.5,33.25,descending,234.31999
61.5,33.5,descending,235.15813
61.5,33.75,descending,236.50446
61.5,34.0,descending,238.1
61.75,-13.0,descending,212.56499
61.75,-12.75,descending,212.68666
61.75,-12.5,descending,212.522
61.75,-12.25,descending,212.4875
61.75,-12.0,descending,211.76799
61.75,-11.75,descending,211.755
61.75,-11.5,descending,211.765
61.75,-11.25,descending,211.765
61.75,-11.0,descending,211.955
61.75,-10.75,descending,211.76749
61.75,-10.5,descending,211.604
61.75,-10.25,descending,211.33998
61.75,-10.0,descending,211.185
61.75,-9.75,descending,210.655
61.75,-9.5,descending,209.9
61.75,-9.25,descending,208.9175
61.75,-9.0,descending,208.09
61.75,-8.75,descending,207.59334
61.75,-8.5,descending,207.064
61.75,-8.25,descending,206.68666
61.75,-8.0,descending,206.5025
61.75,-7.75,descending,206.75667
61.75,-7.5,descending,207.58499
61.75,-7.25,descending,209.03598
61.75,-7.0,descending,210.215
61.75,-6.75,descending,209.93599
61.75,-6.5,descending,208.385
61.75,-6.25,descending,206.58667
61.75,-6.0,descending,206.07999
61.75,-5.75,descending,206.02249
61.75,-5.5,descending,206.19666
61.75,-5.25,descending,206.265
61.75,-5.0,descending,206.408
61.75,-4.75,descending,206.23332
61.75,-4.5,descending,205.95499
61.75,-4.25,descending,206.07
61.75,-4.0,descending,206.35999
61.75,-3.75,descending,206.86665
61.75,-3.5,descending,207.0175
61.75,-3.25,descending,206.76
61.75,-3.0,descending,206.874
61.75,-2.75,descending,206.5925
61.75,-2.5,descending,206.57498
61.75,-2.25,descending,206.4675
61.75,-2.0,descending,206.43399
61.75,-1.75,descending,206.34332
61.75,-1.5,descending,206.31331
61.75,-1.25,descending,206.57199
61.75,-1.0,descending,207.105
61.75,-0.75,descending,207.45401
61.75,-0.5,descending,207.4375
61.75,-0.25,descending,207.12
61.75,0.0,descending,217.124
61.75,0.25,descending,206.648
61.75,0.5,descending,206.47
61.75,0.75,descending,206.378
61.75,1.0,descending,206.28
61.75,1.25,descending,206.2775
61.75,1.5,descending,206.58875
61.75,1.75,descending,206.77437
61.75,2.0,descending,206.56824
61.75,2.25,descending,206.28812
61.75,2.5,descending,206.04428
61.75,2.75,descending,205.88077
61.75,3.0,descending,205.8146
61.75,3.25,descending,205.85667
61.75,3.5,descending,205.94832
61.75,3.75,descending,206.23582
61.75,4.0,descending,206.68907
61.75,4.25,descending,208.08916
61.75,4.5,descending,210.74538
61.75,4.75,descending,214.90111
61.75,5.0,descending,220.34076
61.75,5.25,descending,224.81999
61.75,5.5,descending,227.50182
61.75,5.75,descending,229.16917
61.75,6.0,descending,229.3746
61.75,6.25,descending,229.30908
61.75,6.5,descending,229.46582
61.75,6.75,descending,230.33357
61.75,7.0,descending,231.53833
61.75,7.25,descending,232.54768
61.75,7.5,descending,233.19385
61.75,7.75,descending,232.97083
61.75,8.0,descending,232.91167
61.75,8.25,descending,231.59312
61.75,8.5,descending,229.44066
61.75,8.75,descending,227.59312
61.75,9.0,descending,226.01367
61.75,9.25,descending,225.43706
61.75,9.5,descending,225.185
61.75,9.75,descending,222.68999
61.75,10.0,descending,223.346
61.75,10.25,descending,224.08249
61.75,10.5,descending,224.9525
61.75,10.75,descending,225.605
61.75,11.0,descending,226.19249
61.75,11.25,descending,225.67
61.75,11.5,descending,225.4925
61.75,11.75,descending,224.62
61.75,12.0,descending,224.56198
61.75,12.25,descending,224.47333
61.75,12.5,descending,224.98499
61.75,12.75,descending,224.73
61.75,13.0,descending,225.2475
61.75,13.25,descending,224.26999
61.75,13.5,descending,224.6425
61.75,13.75,descending,225.0725
61.75,14.0,descending,227.46999
61.75,14.25,descending,228.685
61.75,14.5,descending,230.1575
61.75,14.75,descending,232.022
61.75,15.0,descending,233.45749
61.75,15.25,descending,234.9975
61.75,15.5,descending,236.02249
61.75,15.75,descending,237.86
61.75,16.0,descending,238.40999
61.75,16.25,descending,238.9425
61.75,16.5,descending,240.18999
61.75,16.75,descending,240.58
61.75,17.0,descending,239.658
61.75,17.25,descending,235.77333
61.75,17.5,descending,227.356
61.75,17.75,descending,219.5275
61.75,18.0,descending,214.98665
61.75,18.25,descending,215.44199
61.75,18.5,descending,215.62666
61.75,18.75,descending,214.06
61.75,19.0,descending,211.43399
61.75,19.25,descending,209.665
61.75,19.5,descending,209.92334
61.75,19.75,descending,214.78499
61.75,20.0,descending,224.288
61.75,20.25,descending,236.85332
61.75,20.5,descending,249.9625
61.75,20.75,descending,256.7
61.75,21.0,descending,257.424
61.75,21.25,descending,251.7225
61.75,21.5,descending,245.42334
61.75,21.75,descending,236.2475
61.75,22.0,descending,230.60999
61.75,22.25,descending,229.4775
61.75,22.5,descending,228.198
61.75,22.75,descending,228.64
61.75,23.0,descending,228.7475
61.75,23.25,descending,229.43198
61.75,23.5,descending,230.315
61.75,23.75,descending,230.874
61.75,24.0,descending,230.98
61.75,24.25,descending,230.81198
61.75,24.5,descending,230.8225
61.75,24.75,descending,231.378
61.75,25.0,descending,232.6725
61.75,25.25,descending,233.74399
61.75,25.5,descending,233.39
61.75,25.75,descending,231.654
61.75,26.0,descending,230.1025
61.75,26.25,descending,229.22998
61.75,26.5,descending,228.78398
61.75,26.75,descending,228.356
61.75,27.0,descending,228.04399
61.75,27.25,descending,227.87749
61.75,27.5,descending,228.00998
61.75,27.75,descending,228.78667
61.75,28.0,descending,228.9425
61.75,28.25,descending,228.358
61.75,28.5,descending,227.96999
61.75,28.75,descending,227.2675
61.75,29.0,descending,226.76
61.75,29.25,descending,227.06334
61.75,29.5,descending,227.53
61.75,29.75,descending,229.06999
61.75,30.0,descending,231.48856
61.75,30.25,descending,234.172
61.75,30.5,descending,235.315
61.75,30.75,descending,235.78166
61.75,31.0,descending,235.46715
61.75,31.25,descending,234.25334
61.75,31.5,descending,233.12375
61.75,31.75,descending,232.84
61.75,32.0,descending,232.59375
61.75,32.25,descending,232.40666
61.75,32.5,descending,232.373
61.75,32.75,descending,232.20999
61.75,33.0,descending,232.74454
61.75,33.25,descending,233.991
61.75,33.5,descending,235.57416
61.75,33.75,descending,237.18922
61.75,34.0,descending,238.56929
61.75,34.25,descending,239.73665
62.0,-13.0,descending,209.925
62.0,-12.75,descending,210.6225
62.0,-12.5,descending,210.376
62.0,-12.25,descending,210.48001
62.0,-12.0,descending,210.0775
62.0,-11.75,descending,210.3225
62.0,-11.5,descending,210.12997
62.0,-11.25,descending,210.7
62.0,-11.0,descending,210.868
62.0,-10.75,descending,211.17499
62.0,-10.5,descending,211.1225
62.0,-10.25,descending,210.81
62.0,-10.0,descending,210.59
62.0,-9.75,descending,209.94199
62.0,-9.5,descending,209.33249
62.0,-9.25,descending,208.7425
62.0,-9.0,descending,208.075
62.0,-8.75,descending,207.324
62.0,-8.5,descending,206.89333
62.0,-8.25,descending,206.70999
62.0,-8.0,descending,206.8775
62.0,-7.75,descending,208.09999
62.0,-7.5,descending,209.51498
62.0,-7.25,descending,212.9975
62.0,-7.0,descending,214.144
62.0,-6.75,descending,213.72002
62.0,-6.5,descending,211.944
62.0,-6.25,descending,208.19499
62.0,-6.0,descending,207.246
62.0,-5.75,descending,206.7225
62.0,-5.5,descending,206.19199
62.0,-5.25,descending,206.14333
62.0,-5.0,descending,206.048
62.0,-4.75,descending,205.8575
62.0,-4.5,descending,205.7525
62.0,-4.25,descending,205.7475
62.0,-4.0,descending,205.82999
62.0,-3.75,descending,206.002
62.0,-3.5,descending,206.08
62.0,-3.25,descending,205.95332
62.0,-3.0,descending,205.972
62.0,-2.75,descending,205.97499
62.0,-2.5,descending,205.98398
62.0,-2.25,descending,205.95
62.0,-2.0,descending,205.9025
62.0,-1.75,descending,205.95749
62.0,-1.5,descending,205.9575
62.0,-1.25,descending,206.06
62.0,-1.0,descending,206.43399
62.0,-0.75,descending,206.6775
62.0,-0.5,descending,206.658
62.0,-0.25,descending,206.54999
62.0,0.0,descending,215.22499
62.0,0.25,descending,206.51
62.0,0.5,descending,206.49399
62.0,0.75,descending,206.528
62.0,1.0,descending,206.56334
62.0,1.25,descending,206.67833
62.0,1.5,descending,206.83249
62.0,1.75,descending,207.2194
62.0,2.0,descending,207.13249
62.0,2.25,descending,206.85692
62.0,2.5,descending,206.46832
62.0,2.75,descending,206.08846
62.0,3.0,descending,205.82785
62.0,3.25,descending,205.65462
62.0,3.5,descending,205.65921
62.0,3.75,descending,205.73784
62.0,4.0,descending,206.12845
62.0,4.25,descending,207.05083
62.0,4.5,descending,209.2525
62.0,4.75,descending,213.93614
62.0,5.0,descending,217.65833
62.0,5.25,descending,223.63364
62.0,5.5,descending,226.21858
62.0,5.75,descending,228.254
62.0,6.0,descending,228.85428
62.0,6.25,descending,229.08833
62.0,6.5,descending,229.40999
62.0,6.75,descending,229.99908
62.0,7.0,descending,231.38385
62.0,7.25,descending,233.02333
62.0,7.5,descending,234.60286
62.0,7.75,descending,235.41461
62.0,8.0,descending,235.62067
62.0,8.25,descending,234.86287
62.0,8.5,descending,233.48732
62.0,8.75,descending,231.15266
62.0,9.0,descending,229.72333
62.0,9.25,descending,229.01555
62.0,9.5,descending,228.3075
62.0,9.75,descending,227.99785
62.0,10.0,descending,226.69666
62.0,10.25,descending,226.29999
62.0,10.5,descending,225.33199
62.0,10.75,descending,225.5325
62.0,11.0,descending,225.29999
62.0,11.25,descending,224.90749
62.0,11.5,descending,224.315
62.0,11.75,descending,223.93999
62.0,12.0,descending,223.672
62.0,12.25,descending,223.685
62.0,12.5,descending,223.54
62.0,12.75,descending,223.4
62.0,13.0,descending,222.88799
62.0,13.25,descending,222.12999
62.0,13.5,descending,222.06
62.0,13.75,descending,222.6
62.0,14.0,descending,224.655
62.0,14.25,descending,226.61398
62.0,14.5,descending,229.04
62.0,14.75,descending,230.29999
62.0,15.0,descending,231.2525
62.0,15.25,descending,232.1975
62.0,15.5,descending,231.998
62.0,15.75,descending,233.58
62.0,16.0,descending,234.056
62.0,16.25,descending,235.01
62.0,16.5,descending,236.1575
62.0,16.75,descending,237.168
62.0,17.0,descending,237.05249
62.0,17.25,descending,234.03749
62.0,17.5,descending,227.25665
62.0,17.75,descending,219.08398
62.0,18.0,descending,213.08499
62.0,18.25,descending,211.64499
62.0,18.5,descending,213.34
62.0,18.75,descending,213.33249
62.0,19.0,descending,211.3425
62.0,19.25,descending,209.9025
62.0,19.5,descending,210.374
62.0,19.75,descending,214.9025
62.0,20.0,descending,222.97
62.0,20.25,descending,235.804
62.0,20.5,descending,248.13249
62.0,20.75,descending,254.89667
62.0,21.0,descending,255.07199
62.0,21.25,descending,249.28
62.0,21.5,descending,240.392
62.0,21.75,descending,232.78
62.0,22.0,descending,227.68001
62.0,22.25,descending,225.36398
62.0,22.5,descending,224.69249
62.0,22.75,descending,224.5625
62.0,23.0,descending,225.68399
62.0,23.25,descending,226.15999
62.0,23.5,descending,226.99399
62.0,23.75,descending,227.81
62.0,24.0,descending,228.092
62.0,24.25,descending,228.16998
62.0,24.5,descending,228.50601
62.0,24.75,descending,229.26999
62.0,25.0,descending,230.43399
62.0,25.25,descending,231.55249
62.0,25.5,descending,231.51999
62.0,25.75,descending,230.32999
62.0,26.0,descending,228.898
62.0,26.25,descending,227.82999
62.0,26.5,descending,227.155
62.0,26.75,descending,226.21199
62.0,27.0,descending,225.55
62.0,27.25,descending,225.156
62.0,27.5,descending,225.228
62.0,27.75,descending,225.29
62.0,28.0,descending,226.06999
62.0,28.25,descending,226.28201
62.0,28.5,descending,226.5775
62.0,28.75,descending,226.19714
62.0,29.0,descending,225.548
62.0,29.25,descending,225.55666
62.0,29.5,descending,225.75856
62.0,29.75,descending,226.754
62.0,30.0,descending,227.624
62.0,30.25,descending,229.38332
62.0,30.5,descending,231.03142
62.0,30.75,descending,231.79834
62.0,31.0,descending,231.84999
62.0,31.25,descending,231.70499
62.0,31.5,descending,231.14429
62.0,31.75,descending,230.9825
62.0,32.0,descending,230.89713
62.0,32.25,descending,230.77
62.0,32.5,descending,230.80374
62.0,32.75,descending,231.04713
62.0,33.0,descending,232.077
62.0,33.25,descending,233.77249
62.0,33.5,descending,235.72833
62.0,33.75,descending,237.38637
62.0,34.0,descending,238.98616
62.0,34.25,descending,240.67332
62.0,34.5,descending,242.21222
62.25,-13.0,descending,210.0
62.25,-12.75,descending,209.642
62.25,-12.5,descending,209.48001
62.25,-12.25,descending,209.3575
62.25,-12.0,descending,209.40666
62.25,-11.75,descending,209.405
62.25,-11.5,descending,209.34666
62.25,-11.25,descending,209.522
62.25,-11.0,descending,209.54498
62.25,-10.75,descending,210.045
62.25,-10.5,descending,210.03749
62.25,-10.25,descending,209.96
62.25,-10.0,descending,209.926
62.25,-9.75,descending,209.4475
62.25,-9.5,descending,209.30666
62.25,-9.25,descending,209.065
62.25,-9.0,descending,208.885
62.25,-8.75,descending,208.37666
62.25,-8.5,descending,208.248
62.25,-8.25,descending,207.55333
62.25,-8.0,descending,207.80249
62.25,-7.75,descending,208.92334
62.25,-7.5,descending,211.72
62.25,-7.25,descending,216.0725
62.25,-7.0,descending,219.2275
62.25,-6.75,descending,218.7575
62.25,-6.5,descending,216.39665
62.25,-6.25,descending,212.556
62.25,-6.0,descending,209.98999
62.25,-5.75,descending,208.78667
62.25,-5.5,descending,208.20798
62.25,-5.25,descending,207.345
62.25,-5.0,descending,207.05666
62.25,-4.75,descending,206.51749
62.25,-4.5,descending,206.3075
62.25,-4.25,descending,206.225
62.25,-4.0,descending,206.13666
62.25,-3.75,descending,206.31
62.25,-3.5,descending,206.22
62.25,-3.25,descending,206.0675
62.25,-3.0,descending,206.14665
62.25,-2.75,descending,206.125
62.25,-2.5,descending,206.07999
62.25,-2.25,descending,205.94199
62.25,-2.0,descending,205.81
62.25,-1.75,descending,205.788
62.25,-1.5,descending,205.8075
62.25,-1.25,descending,205.87
62.25,-1.0,descending,205.88666
62.25,-0.75,descending,205.94
62.25,-0.5,descending,205.85999
62.25,-0.25,descending,205.858
62.25,0.0,descending,216.452
62.25,0.25,descending,206.004
62.25,0.5,descending,206.06999
62.25,0.75,descending,206.18198
62.25,1.0,descending,206.39499
62.25,1.25,descending,206.7675
62.25,1.5,descending,207.21167
62.25,1.75,descending,207.24461
62.25,2.0,descending,207.17249
62.25,2.25,descending,207.02562
62.25,2.5,descending,206.69786
62.25,2.75,descending,206.28
62.25,3.0,descending,205.9
62.25,3.25,descending,205.62923
62.25,3.5,descending,205.48923
62.25,3.75,descending,205.48001
62.25,4.0,descending,205.64307
62.25,4.25,descending,206.27998
62.25,4.5,descending,207.63332
62.25,4.75,descending,210.15
62.25,5.0,descending,213.28545
62.25,5.25,descending,218.07416
62.25,5.5,descending,221.07777
62.25,5.75,descending,224.97923
62.25,6.0,descending,226.9109
62.25,6.25,descending,228.34364
62.25,6.5,descending,228.89453
62.25,6.75,descending,229.29417
62.25,7.0,descending,230.08083
62.25,7.25,descending,231.76727
62.25,7.5,descending,233.27725
62.25,7.75,descending,235.50537
62.25,8.0,descending,236.78416
62.25,8.25,descending,236.82182
62.25,8.5,descending,235.89845
62.25,8.75,descending,234.69214
62.25,9.0,descending,233.45999
62.25,9.25,descending,232.48215
62.25,9.5,descending,231.09941
62.25,9.75,descending,230.28
62.25,10.0,descending,229.84367
62.25,10.25,descending,229.49834
62.25,10.5,descending,228.054
62.25,10.75,descending,227.08665
62.25,11.0,descending,227.24399
62.25,11.25,descending,226.065
62.25,11.5,descending,225.752
62.25,11.75,descending,224.9525
62.25,12.0,descending,224.87798
62.25,12.25,descending,224.29999
62.25,12.5,descending,224.144
62.25,12.75,descending,223.39749
62.25,13.0,descending,222.88249
62.25,13.25,descending,222.4325
62.25,13.5,descending,222.095
62.25,13.75,descending,222.41667
62.25,14.0,descending,223.498
62.25,14.25,descending,224.99333
62.25,14.5,descending,226.38
62.25,14.75,descending,228.67249
62.25,15.0,descending,229.435
62.25,15.25,descending,229.618
62.25,15.5,descending,228.72333
62.25,15.75,descending,228.93
62.25,16.0,descending,228.67499
62.25,16.25,descending,229.81999
62.25,16.5,descending,231.785
62.25,16.75,descending,233.23999
62.25,17.0,descending,234.15
62.25,17.25,descending,233.95
62.25,17.5,descending,229.54599
62.25,17.75,descending,219.98999
62.25,18.0,descending,214.31
62.25,18.25,descending,211.6975
62.25,18.5,descending,212.58333
62.25,18.75,descending,214.92749
62.25,19.0,descending,215.7475
62.25,19.25,descending,214.06667
62.25,19.5,descending,215.03749
62.25,19.75,descending,217.26749
62.25,20.0,descending,224.51665
62.25,20.25,descending,236.16501
62.25,20.5,descending,247.11398
62.25,20.75,descending,253.9075
62.25,21.0,descending,253.46666
62.25,21.25,descending,246.3675
62.25,21.5,descending,237.7925
62.25,21.75,descending,230.16199
62.25,22.0,descending,225.55249
62.25,22.25,descending,223.02
62.25,22.5,descending,222.16
62.25,22.75,descending,221.92
62.25,23.0,descending,222.24399
62.25,23.25,descending,222.7125
62.25,23.5,descending,223.452
62.25,23.75,descending,224.17334
62.25,24.0,descending,224.66249
62.25,24.25,descending,225.092
62.25,24.5,descending,225.65
62.25,24.75,descending,226.344
62.25,25.0,descending,227.245
62.25,25.25,descending,228.29599
62.25,25.5,descending,228.95999
62.25,25.75,descending,228.62
62.25,26.0,descending,227.59
62.25,26.25,descending,226.66333
62.25,26.5,descending,225.624
62.25,26.75,descending,224.45248
62.25,27.0,descending,223.51999
62.25,27.25,descending,223.146
62.25,27.5,descending,223.18599
62.25,27.75,descending,223.70401
62.25,28.0,descending,224.4325
62.25,28.25,descending,225.23799
62.25,28.5,descending,225.705
62.25,28.75,descending,225.535
62.25,29.0,descending,225.29199
62.25,29.25,descending,225.15999
62.25,29.5,descending,224.9
62.25,29.75,descending,224.67165
62.25,30.0,descending,225.39998
62.25,30.25,descending,226.396
62.25,30.5,descending,228.0
62.25,30.75,descending,229.46333
62.25,31.0,descending,230.01332
62.25,31.25,descending,229.944
62.25,31.5,descending,229.90714
62.25,31.75,descending,229.96428
62.25,32.0,descending,230.198
62.25,32.25,descending,230.52
62.25,32.5,descending,230.82375
62.25,32.75,descending,231.36444
62.25,33.0,descending,232.5575
62.25,33.25,descending,234.476
62.25,33.5,descending,236.42
62.25,33.75,descending,237.9175
62.25,34.0,descending,239.53699
62.25,34.25,descending,241.2223
62.25,34.5,descending,242.01692
62.25,34.75,descending,241.78749
62.25,35.0,descending,240.99333
62.5,-13.0,descending,210.47
62.5,-12.75,descending,211.05249
62.5,-12.5,descending,209.98499
62.5,-12.25,descending,209.65749
62.5,-12.0,descending,209.39749
62.5,-11.75,descending,209.538
62.5,-11.5,descending,209.575
62.5,-11.25,descending,209.55
62.5,-11.0,descending,209.5275
62.5,-10.75,descending,209.36499
62.5,-10.5,descending,209.17749
62.5,-10.25,descending,209.1675
62.5,-10.0,descending,208.98
62.5,-9.75,descending,208.83499
62.5,-9.5,descending,208.88332
62.5,-9.25,descending,208.818
62.5,-9.0,descending,209.06999
62.5,-8.75,descending,209.33499
62.5,-8.5,descending,209.60999
62.5,-8.25,descending,209.472
62.5,-8.0,descending,209.425
62.5,-7.75,descending,209.85
62.5,-7.5,descending,211.27249
62.5,-7.25,descending,214.33
62.5,-7.0,descending,217.2925
62.5,-6.75,descending,218.93
62.5,-6.5,descending,217.602
62.5,-6.25,descending,214.54668
62.5,-6.0,descending,212.368
62.5,-5.75,descending,211.1375
62.5,-5.5,descending,210.45
62.5,-5.25,descending,209.73248
62.5,-5.0,descending,208.995
62.5,-4.75,descending,208.25
62.5,-4.5,descending,208.025
62.5,-4.25,descending,207.78
62.5,-4.0,descending,207.262
62.5,-3.75,descending,207.80249
62.5,-3.5,descending,207.7525
62.5,-3.25,descending,207.2525
62.5,-3.0,descending,207.17499
62.5,-2.75,descending,207.12
62.5,-2.5,descending,207.0125
62.5,-2.25,descending,206.73
62.5,-2.0,descending,206.31198
62.5,-1.75,descending,206.07999
62.5,-1.5,descending,205.97
62.5,-1.25,descending,205.89499
62.5,-1.0,descending,205.785
62.5,-0.75,descending,205.66667
62.5,-0.5,descending,205.604
62.5,-0.25,descending,205.5975
62.5,0.0,descending,214.32832
62.5,0.25,descending,205.8775
62.5,0.5,descending,206.02998
62.5,0.75,descending,206.14749
62.5,1.0,descending,206.45
62.5,1.25,descending,206.99666
62.5,1.5,descending,207.695
62.5,1.75,descending,207.7207
62.5,2.0,descending,207.6161
62.5,2.25,descending,207.24142
62.5,2.5,descending,206.93498
62.5,2.75,descending,206.46461
62.5,3.0,descending,206.03
62.5,3.25,descending,205.65308
62.5,3.5,descending,205.46582
62.5,3.75,descending,205.34692
62.5,4.0,descending,205.33101
62.5,4.25,descending,205.57582
62.5,4.5,descending,206.24356
62.5,4.75,descending,207.65636
62.5,5.0,descending,209.33545
62.5,5.25,descending,212.10918
62.5,5.5,descending,215.62666
62.5,5.75,descending,218.73183
62.5,6.0,descending,221.95801
62.5,6.25,descending,224.3525
62.5,6.5,descending,226.67499
62.5,6.75,descending,227.79498
62.5,7.0,descending,228.69461
62.5,7.25,descending,229.96143
62.5,7.5,descending,231.36398
62.5,7.75,descending,232.86
62.5,8.0,descending,234.58786
62.5,8.25,descending,236.14
62.5,8.5,descending,236.29001
62.5,8.75,descending,236.35922
62.5,9.0,descending,235.396
62.5,9.25,descending,234.77922
62.5,9.5,descending,233.55812
62.5,9.75,descending,232.32538
62.5,10.0,descending,232.0047
62.5,10.25,descending,231.29158
62.5,10.5,descending,230.93932
62.5,10.75,descending,229.85999
62.5,11.0,descending,229.5975
62.5,11.25,descending,228.4675
62.5,11.5,descending,228.27
62.5,11.75,descending,227.2275
62.5,12.0,descending,227.202
62.5,12.25,descending,226.38599
62.5,12.5,descending,225.87
62.5,12.75,descending,224.41
62.5,13.0,descending,223.1375
62.5,13.25,descending,222.28333
62.5,13.5,descending,221.946
62.5,13.75,descending,222.31999
62.5,14.0,descending,223.02249
62.5,14.25,descending,223.815
62.5,14.5,descending,225.28333
62.5,14.75,descending,226.20601
62.5,15.0,descending,227.2175
62.5,15.25,descending,227.2
62.5,15.5,descending,226.44199
62.5,15.75,descending,226.185
62.5,16.0,descending,225.2475
62.5,16.25,descending,225.67499
62.5,16.5,descending,227.07748
62.5,16.75,descending,229.028
62.5,17.0,descending,231.44499
62.5,17.25,descending,232.47249
62.5,17.5,descending,231.38667
62.5,17.75,descending,227.07199
62.5,18.0,descending,221.25
62.5,18.25,descending,218.422
62.5,18.5,descending,215.75
62.5,18.75,descending,219.9825
62.5,19.0,descending,224.72
62.5,19.25,descending,222.702
62.5,19.5,descending,224.43333
62.5,19.75,descending,226.875
62.5,20.0,descending,230.824
62.5,20.25,descending,242.47667
62.5,20.5,descending,250.644
62.5,20.75,descending,253.73
62.5,21.0,descending,250.72499
62.5,21.25,descending,243.8125
62.5,21.5,descending,235.7325
62.5,21.75,descending,229.16
62.5,22.0,descending,225.026
62.5,22.25,descending,222.91
62.5,22.5,descending,222.06
62.5,22.75,descending,221.59799
62.5,23.0,descending,220.7275
62.5,23.25,descending,220.078
62.5,23.5,descending,219.7525
62.5,23.75,descending,219.6525
62.5,24.0,descending,220.8125
62.5,24.25,descending,221.0575
62.5,24.5,descending,221.85
62.5,24.75,descending,222.73749
62.5,25.0,descending,223.84799
62.5,25.25,descending,225.1975
62.5,25.5,descending,226.48999
62.5,25.75,descending,227.005
62.5,26.0,descending,226.72
62.5,26.25,descending,225.8875
62.5,26.5,descending,224.88249
62.5,26.75,descending,223.75
62.5,27.0,descending,222.91249
62.5,27.25,descending,222.76799
62.5,27.5,descending,223.13399
62.5,27.75,descending,223.73167
62.5,28.0,descending,224.36198
62.5,28.25,descending,225.0025
62.5,28.5,descending,225.30249
62.5,28.75,descending,225.23332
62.5,29.0,descending,224.952
62.5,29.25,descending,224.7175
62.5,29.5,descending,224.24571
62.5,29.75,descending,223.78398
62.5,30.0,descending,224.12666
62.5,30.25,descending,225.30333
62.5,30.5,descending,226.88666
62.5,30.75,descending,227.868
62.5,31.0,descending,228.3457
62.5,31.25,descending,228.93428
62.5,31.5,descending,229.48999
62.5,31.75,descending,230.22
62.5,32.0,descending,231.11249
62.5,32.25,descending,231.61856
62.5,32.5,descending,232.1857
62.5,32.75,descending,233.39
62.5,33.0,descending,234.67
62.5,33.25,descending,236.43001
62.5,33.5,descending,237.65625
62.5,33.75,descending,238.625
62.5,34.0,descending,239.96
62.5,34.25,descending,241.04399
62.5,34.5,descending,241.14365
62.5,34.75,descending,240.46214
62.5,35.0,descending,239.76929
62.5,35.25,descending,239.76375
62.5,35.5,descending,240.10999
62.75,-13.0,descending,213.67499
62.75,-12.75,descending,214.06
62.75,-12.5,descending,212.17798
62.75,-12.25,descending,211.5775
62.75,-12.0,descending,210.63599
62.75,-11.75,descending,210.51666
62.75,-11.5,descending,210.52998
62.75,-11.25,descending,210.735
62.75,-11.0,descending,211.015
62.75,-10.75,descending,210.3425
62.75,-10.5,descending,209.8275
62.75,-10.25,descending,208.97499
62.75,-10.0,descending,208.6075
62.75,-9.75,descending,208.355
62.75,-9.5,descending,208.36198
62.75,-9.25,descending,208.37334
62.75,-9.0,descending,208.53749
62.75,-8.75,descending,208.92749
62.75,-8.5,descending,209.4475
62.75,-8.25,descending,210.06
62.75,-8.0,descending,210.4
62.75,-7.75,descending,210.9725
62.75,-7.5,descending,211.3075
62.75,-7.25,descending,212.22499
62.75,-7.0,descending,213.67
62.75,-6.75,descending,214.27
62.75,-6.5,descending,214.23665
62.75,-6.25,descending,213.13748
62.75,-6.0,descending,212.38332
62.75,-5.75,descending,211.66249
62.75,-5.5,descending,211.42499
62.75,-5.25,descending,211.04333
62.75,-5.0,descending,210.50499
62.75,-4.75,descending,210.23999
62.75,-4.5,descending,209.96666
62.75,-4.25,descending,209.9075
62.75,-4.0,descending,209.328
62.75,-3.75,descending,209.09666
62.75,-3.5,descending,208.92334
62.75,-3.25,descending,208.672
62.75,-3.0,descending,208.3175
62.75,-2.75,descending,207.98499
62.75,-2.5,descending,207.61665
62.75,-2.25,descending,207.0575
62.75,-2.0,descending,206.53
62.75,-1.75,descending,206.102
62.75,-1.5,descending,205.885
62.75,-1.25,descending,205.802
62.75,-1.0,descending,205.76498
62.75,-0.75,descending,205.79668
62.75,-0.5,descending,205.76
62.75,-0.25,descending,205.878
62.75,0.0,descending,215.58199
62.75,0.25,descending,206.04
62.75,0.5,descending,206.2475
62.75,0.75,descending,206.48398
62.75,1.0,descending,206.92249
62.75,1.25,descending,207.53333
62.75,1.5,descending,208.42
62.75,1.75,descending,208.41333
62.75,2.0,descending,208.09236
62.75,2.25,descending,207.65411
62.75,2.5,descending,207.154
62.75,2.75,descending,206.62999
62.75,3.0,descending,206.17749
62.75,3.25,descending,205.74416
62.75,3.5,descending,205.46916
62.75,3.75,descending,205.31769
62.75,4.0,descending,205.2575
62.75,4.25,descending,205.32916
62.75,4.5,descending,205.54666
62.75,4.75,descending,206.08153
62.75,5.0,descending,207.07
62.75,5.25,descending,208.4818
62.75,5.5,descending,210.04546
62.75,5.75,descending,212.36455
62.75,6.0,descending,215.29999
62.75,6.25,descending,217.981
62.75,6.5,descending,221.09999
62.75,6.75,descending,223.66399
62.75,7.0,descending,226.033
62.75,7.25,descending,227.73273
62.75,7.5,descending,228.675
62.75,7.75,descending,229.9523
62.75,8.0,descending,231.04
62.75,8.25,descending,231.8809
62.75,8.5,descending,232.8575
62.75,8.75,descending,233.35083
62.75,9.0,descending,233.59462
62.75,9.25,descending,232.85153
62.75,9.5,descending,232.65308
62.75,9.75,descending,232.32266
62.75,10.0,descending,231.69286
62.75,10.25,descending,231.16061
62.75,10.5,descending,230.36942
62.75,10.75,descending,229.71529
62.75,11.0,descending,229.4911
62.75,11.25,descending,230.354
62.75,11.5,descending,229.745
62.75,11.75,descending,229.5425
62.75,12.0,descending,229.2625
62.75,12.25,descending,228.92749
62.75,12.5,descending,227.68666
62.75,12.75,descending,225.8675
62.75,13.0,descending,224.25
62.75,13.25,descending,222.28401
62.75,13.5,descending,221.185
62.75,13.75,descending,221.125
62.75,14.0,descending,221.4625
62.75,14.25,descending,222.06334
62.75,14.5,descending,223.528
62.75,14.75,descending,223.955
62.75,15.0,descending,224.83665
62.75,15.25,descending,224.9
62.75,15.5,descending,224.40332
62.75,15.75,descending,224.1525
62.75,16.0,descending,223.32999
62.75,16.25,descending,223.4175
62.75,16.5,descending,223.92
62.75,16.75,descending,225.09749
62.75,17.0,descending,227.055
62.75,17.25,descending,229.45
62.75,17.5,descending,230.8175
62.75,17.75,descending,230.72
62.75,18.0,descending,229.06
62.75,18.25,descending,228.75334
62.75,18.5,descending,227.405
62.75,18.75,descending,229.16
62.75,19.0,descending,232.59999
62.75,19.25,descending,232.83798
62.75,19.5,descending,231.1025
62.75,19.75,descending,232.49333
62.75,20.0,descending,236.91399
62.75,20.25,descending,244.33249
62.75,20.5,descending,251.23
62.75,20.75,descending,253.20999
62.75,21.0,descending,249.4175
62.75,21.25,descending,242.37
62.75,21.5,descending,233.71999
62.75,21.75,descending,228.765
62.75,22.0,descending,226.45499
62.75,22.25,descending,224.805
62.75,22.5,descending,224.20499
62.75,22.75,descending,223.70332
62.75,23.0,descending,221.655
62.75,23.25,descending,219.73
62.75,23.5,descending,217.892
62.75,23.75,descending,216.875
62.75,24.0,descending,216.98201
62.75,24.25,descending,217.60667
62.75,24.5,descending,218.47
62.75,24.75,descending,219.874
62.75,25.0,descending,221.48
62.75,25.25,descending,223.36201
62.75,25.5,descending,225.04749
62.75,25.75,descending,225.93
62.75,26.0,descending,226.212
62.75,26.25,descending,225.8225
62.75,26.5,descending,224.896
62.75,26.75,descending,223.8075
62.75,27.0,descending,223.1
62.75,27.25,descending,223.1
62.75,27.5,descending,223.53
62.75,27.75,descending,223.95999
62.75,28.0,descending,224.29599
62.75,28.25,descending,224.52501
62.75,28.5,descending,224.81198
62.75,28.75,descending,224.63249
62.75,29.0,descending,224.29399
62.75,29.25,descending,224.15666
62.75,29.5,descending,224.04999
62.75,29.75,descending,224.17249
62.75,30.0,descending,224.78285
62.75,30.25,descending,225.6225
62.75,30.5,descending,226.432
62.75,30.75,descending,227.08
62.75,31.0,descending,227.88
62.75,31.25,descending,228.88199
62.75,31.5,descending,230.23428
62.75,31.75,descending,231.444
62.75,32.0,descending,232.33333
62.75,32.25,descending,233.03398
62.75,32.5,descending,234.05249
62.75,32.75,descending,235.64998
62.75,33.0,descending,236.95857
62.75,33.25,descending,238.10715
62.75,33.5,descending,239.1911
62.75,33.75,descending,240.13777
62.75,34.0,descending,241.12
62.75,34.25,descending,241.531
62.75,34.5,descending,241.20091
62.75,34.75,descending,240.75446
62.75,35.0,descending,240.70546
62.75,35.25,descending,241.12923
62.75,35.5,descending,241.33922
62.75,35.75,descending,240.31499
63.0,-13.0,descending,215.735
63.0,-12.75,descending,215.49333
63.0,-12.5,descending,214.868
63.0,-12.25,descending,214.32748
63.0,-12.0,descending,213.16199
63.0,-11.75,descending,212.68
63.0,-11.5,descending,211.92334
63.0,-11.25,descending,212.2075
63.0,-11.0,descending,212.19666
63.0,-10.75,descending,212.05249
63.0,-10.5,descending,211.56499
63.0,-10.25,descending,210.42749
63.0,-10.0,descending,209.54498
63.0,-9.75,descending,208.98
63.0,-9.5,descending,208.7
63.0,-9.25,descending,209.00801
63.0,-9.0,descending,209.18
63.0,-8.75,descending,209.23999
63.0,-8.5,descending,209.605
63.0,-8.25,descending,209.84001
63.0,-8.0,descending,210.555
63.0,-7.75,descending,211.19499
63.0,-7.5,descending,211.7475
63.0,-7.25,descending,211.985
63.0,-7.0,descending,211.6725
63.0,-6.75,descending,211.6275
63.0,-6.5,descending,211.3075
63.0,-6.25,descending,210.12
63.0,-6.0,descending,210.20999
63.0,-5.75,descending,209.78333
63.0,-5.5,descending,209.26799
63.0,-5.25,descending,209.94499
63.0,-5.0,descending,209.5325
63.0,-4.75,descending,209.39
63.0,-4.5,descending,210.3225
63.0,-4.25,descending,210.56999
63.0,-4.0,descending,210.255
63.0,-3.75,descending,209.73001
63.0,-3.5,descending,209.32999
63.0,-3.25,descending,208.96333
63.0,-3.0,descending,208.452
63.0,-2.75,descending,207.89499
63.0,-2.5,descending,207.18599
63.0,-2.25,descending,206.51
63.0,-2.0,descending,206.00249
63.0,-1.75,descending,205.69499
63.0,-1.5,descending,205.618
63.0,-1.25,descending,205.7175
63.0,-1.0,descending,206.03198
63.0,-0.75,descending,206.38249
63.0,-0.5,descending,206.63
63.0,-0.25,descending,206.85333
63.0,0.0,descending,214.18834
63.0,0.25,descending,206.36499
63.0,0.5,descending,206.366
63.0,0.75,descending,206.6925
63.0,1.0,descending,207.325
63.0,1.25,descending,208.26498
63.0,1.5,descending,209.1875
63.0,1.75,descending,209.32713
63.0,2.0,descending,208.41411
63.0,2.25,descending,207.96533
63.0,2.5,descending,207.40929
63.0,2.75,descending,206.71867
63.0,3.0,descending,206.08571
63.0,3.25,descending,205.61856
63.0,3.5,descending,205.3518
63.0,3.75,descending,205.22166
63.0,4.0,descending,205.18001
63.0,4.25,descending,205.19699
63.0,4.5,descending,205.27428
63.0,4.75,descending,205.56198
63.0,5.0,descending,206.02
63.0,5.25,descending,206.575
63.0,5.5,descending,207.45909
63.0,5.75,descending,208.55817
63.0,6.0,descending,209.66167
63.0,6.25,descending,211.29816
63.0,6.5,descending,214.46092
63.0,6.75,descending,217.26909
63.0,7.0,descending,220.73308
63.0,7.25,descending,223.50273
63.0,7.5,descending,225.62584
63.0,7.75,descending,227.14
63.0,8.0,descending,228.18083
63.0,8.25,descending,228.36636
63.0,8.5,descending,228.1823
63.0,8.75,descending,228.6309
63.0,9.0,descending,227.6875
63.0,9.25,descending,228.33922
63.0,9.5,descending,228.84923
63.0,9.75,descending,229.06845
63.0,10.0,descending,229.4407
63.0,10.25,descending,228.77132
63.0,10.5,descending,228.135
63.0,10.75,descending,227.14436
63.0,11.0,descending,226.60683
63.0,11.25,descending,225.91846
63.0,11.5,descending,227.395
63.0,11.75,descending,229.026
63.0,12.0,descending,229.628
63.0,12.25,descending,229.4325
63.0,12.5,descending,228.9975
63.0,12.75,descending,227.5
63.0,13.0,descending,225.195
63.0,13.25,descending,223.5175
63.0,13.5,descending,222.16501
63.0,13.75,descending,221.1675
63.0,14.0,descending,220.79999
63.0,14.25,descending,220.94249
63.0,14.5,descending,221.185
63.0,14.75,descending,221.5375
63.0,15.0,descending,222.185
63.0,15.25,descending,222.265
63.0,15.5,descending,222.5875
63.0,15.75,descending,222.13335
63.0,16.0,descending,221.59499
63.0,16.25,descending,221.4625
63.0,16.5,descending,221.79599
63.0,16.75,descending,222.54999
63.0,17.0,descending,224.65999
63.0,17.25,descending,225.93999
63.0,17.5,descending,227.19499
63.0,17.75,descending,228.95749
63.0,18.0,descending,231.285
63.0,18.25,descending,234.116
63.0,18.5,descending,236.10664
63.0,18.75,descending,239.30249
63.0,19.0,descending,240.922
63.0,19.25,descending,240.52332
63.0,19.5,descending,237.09499
63.0,19.75,descending,236.694
63.0,20.0,descending,241.25667
63.0,20.25,descending,245.4675
63.0,20.5,descending,250.7975
63.0,20.75,descending,253.105
63.0,21.0,descending,250.0275
63.0,21.25,descending,243.95499
63.0,21.5,descending,236.616
63.0,21.75,descending,231.62334
63.0,22.0,descending,229.66
63.0,22.25,descending,227.98001
63.0,22.5,descending,226.795
63.0,22.75,descending,225.58998
63.0,23.0,descending,223.9075
63.0,23.25,descending,220.85
63.0,23.5,descending,218.385
63.0,23.75,descending,216.148
63.0,24.0,descending,214.98499
63.0,24.25,descending,215.15666
63.0,24.5,descending,216.36002
63.0,24.75,descending,218.32999
63.0,25.0,descending,220.498
63.0,25.25,descending,222.59749
63.0,25.5,descending,224.354
63.0,25.75,descending,225.42
63.0,26.0,descending,225.8125
63.0,26.25,descending,225.674
63.0,26.5,descending,224.995
63.0,26.75,descending,223.98398
63.0,27.0,descending,223.1625
63.0,27.25,descending,222.91333
63.0,27.5,descending,223.056
63.0,27.75,descending,223.345
63.0,28.0,descending,223.48001
63.0,28.25,descending,223.7125
63.0,28.5,descending,224.15001
63.0,28.75,descending,224.366
63.0,29.0,descending,224.45
63.0,29.25,descending,224.6925
63.0,29.5,descending,225.12572
63.0,29.75,descending,225.926
63.0,30.0,descending,226.3275
63.0,30.25,descending,226.90166
63.0,30.5,descending,227.43
63.0,30.75,descending,227.90999
63.0,31.0,descending,229.03667
63.0,31.25,descending,230.10667
63.0,31.5,descending,231.35999
63.0,31.75,descending,232.12834
63.0,32.0,descending,232.89572
63.0,32.25,descending,233.79333
63.0,32.5,descending,235.23
63.0,32.75,descending,236.56999
63.0,33.0,descending,237.6175
63.0,33.25,descending,238.63374
63.0,33.5,descending,239.40999
63.0,33.75,descending,240.45427
63.0,34.0,descending,241.315
63.0,34.25,descending,241.67375
63.0,34.5,descending,241.51285
63.0,34.75,descending,241.46777
63.0,35.0,descending,241.54333
63.0,35.25,descending,241.33598
63.0,35.5,descending,240.45909
63.0,35.75,descending,238.56749
63.0,36.0,descending,236.36778
63.0,36.25,descending,235.09
63.25,-13.0,descending,213.12666
63.25,-12.75,descending,213.922
63.25,-12.5,descending,213.75
63.25,-12.25,descending,213.95332
63.25,-12.0,descending,213.795
63.25,-11.75,descending,213.17332
63.25,-11.5,descending,212.87
63.25,-11.25,descending,212.3525
63.25,-11.0,descending,212.39749
63.25,-10.75,descending,212.01399
63.25,-10.5,descending,211.73
63.25,-10.25,descending,211.23999
63.25,-10.0,descending,210.21399
63.25,-9.75,descending,209.41667
63.25,-9.5,descending,209.2175
63.25,-9.25,descending,209.4325
63.25,-9.0,descending,209.77333
63.25,-8.75,descending,209.98999
63.25,-8.5,descending,209.9475
63.25,-8.25,descending,210.03
63.25,-8.0,descending,210.2225
63.25,-7.75,descending,210.16
63.25,-7.5,descending,210.57666
63.25,-7.25,descending,210.75499
63.25,-7.0,descending,210.2975
63.25,-6.75,descending,210.18
63.25,-6.5,descending,209.3725
63.25,-6.25,descending,208.715
63.25,-6.0,descending,207.73248
63.25,-5.75,descending,207.2925
63.25,-5.5,descending,206.79
63.25,-5.25,descending,207.045
63.25,-5.0,descending,207.095
63.25,-4.75,descending,206.96
63.25,-4.5,descending,207.53598
63.25,-4.25,descending,208.50499
63.25,-4.0,descending,208.31331
63.25,-3.75,descending,208.06999
63.25,-3.5,descending,208.1575
63.25,-3.25,descending,207.89749
63.25,-3.0,descending,207.37334
63.25,-2.75,descending,206.9375
63.25,-2.5,descending,206.25
63.25,-2.25,descending,205.65
63.25,-2.0,descending,205.21666
63.25,-1.75,descending,205.16
63.25,-1.5,descending,205.255
63.25,-1.25,descending,205.68399
63.25,-1.0,descending,206.415
63.25,-0.75,descending,207.21399
63.25,-0.5,descending,207.64749
63.25,-0.25,descending,207.64499
63.25,0.0,descending,222.46999
63.25,0.25,descending,206.73799
63.25,0.5,descending,206.47499
63.25,0.75,descending,206.8
63.25,1.0,descending,207.57666
63.25,1.25,descending,208.4625
63.25,1.5,descending,209.394
63.25,1.75,descending,209.9175
63.25,2.0,descending,208.77562
63.25,2.25,descending,208.26071
63.25,2.5,descending,207.72867
63.25,2.75,descending,206.96571
63.25,3.0,descending,206.15749
63.25,3.25,descending,205.65231
63.25,3.5,descending,205.31
63.25,3.75,descending,205.12999
63.25,4.0,descending,205.03545
63.25,4.25,descending,205.0125
63.25,4.5,descending,205.09999
63.25,4.75,descending,205.26181
63.25,5.0,descending,205.47777
63.25,5.25,descending,205.90201
63.25,5.5,descending,206.33667
63.25,5.75,descending,206.611
63.25,6.0,descending,207.24818
63.25,6.25,descending,208.074
63.25,6.5,descending,209.2
63.25,6.75,descending,211.15166
63.25,7.0,descending,213.229
63.25,7.25,descending,216.40222
63.25,7.5,descending,219.68083
63.25,7.75,descending,222.729
63.25,8.0,descending,225.91249
63.25,8.25,descending,226.89444
63.25,8.5,descending,226.96768
63.25,8.75,descending,225.95909
63.25,9.0,descending,225.03908
63.25,9.25,descending,224.52916
63.25,9.5,descending,225.25908
63.25,9.75,descending,225.86923
63.25,10.0,descending,226.61847
63.25,10.25,descending,226.37306
63.25,10.5,descending,225.52856
63.25,10.75,descending,224.8007
63.25,11.0,descending,224.07706
63.25,11.25,descending,223.31786
63.25,11.5,descending,222.57443
63.25,11.75,descending,221.76445
63.25,12.0,descending,225.76799
63.25,12.25,descending,226.65001
63.25,12.5,descending,227.26
63.25,12.75,descending,226.21666
63.25,13.0,descending,225.54749
63.25,13.25,descending,224.08333
63.25,13.5,descending,222.96667
63.25,13.75,descending,221.92
63.25,14.0,descending,220.97499
63.25,14.25,descending,220.39249
63.25,14.5,descending,219.8225
63.25,14.75,descending,219.22998
63.25,15.0,descending,219.6225
63.25,15.25,descending,219.81999
63.25,15.5,descending,219.95749
63.25,15.75,descending,220.29399
63.25,16.0,descending,220.19331
63.25,16.25,descending,220.4675
63.25,16.5,descending,220.58998
63.25,16.75,descending,220.98201
63.25,17.0,descending,221.98332
63.25,17.25,descending,223.104
63.25,17.5,descending,223.85999
63.25,17.75,descending,225.76
63.25,18.0,descending,227.06
63.25,18.25,descending,230.2
63.25,18.5,descending,234.31198
63.25,18.75,descending,239.47667
63.25,19.0,descending,242.3525
63.25,19.25,descending,244.435
63.25,19.5,descending,244.12334
63.25,19.75,descending,244.45749
63.25,20.0,descending,245.85999
63.25,20.25,descending,249.26332
63.25,20.5,descending,252.885
63.25,20.75,descending,253.67749
63.25,21.0,descending,252.14
63.25,21.25,descending,248.025
63.25,21.5,descending,243.2775
63.25,21.75,descending,237.95
63.25,22.0,descending,234.35333
63.25,22.25,descending,231.34001
63.25,22.5,descending,228.592
63.25,22.75,descending,225.81
63.25,23.0,descending,223.85999
63.25,23.25,descending,221.755
63.25,23.5,descending,218.73499
63.25,23.75,descending,216.3875
63.25,24.0,descending,214.33199
63.25,24.25,descending,213.77998
63.25,24.5,descending,214.7025
63.25,24.75,descending,216.976
63.25,25.0,descending,219.47499
63.25,25.25,descending,221.61398
63.25,25.5,descending,223.37
63.25,25.75,descending,224.37334
63.25,26.0,descending,224.94
63.25,26.25,descending,225.105
63.25,26.5,descending,224.79
63.25,26.75,descending,223.86002
63.25,27.0,descending,222.73999
63.25,27.25,descending,221.9675
63.25,27.5,descending,221.81749
63.25,27.75,descending,222.04
63.25,28.0,descending,222.405
63.25,28.25,descending,222.88666
63.25,28.5,descending,223.65999
63.25,28.75,descending,224.5675
63.25,29.0,descending,225.265
63.25,29.25,descending,225.798
63.25,29.5,descending,226.6
63.25,29.75,descending,227.2
63.25,30.0,descending,227.73499
63.25,30.25,descending,228.43999
63.25,30.5,descending,228.935
63.25,30.75,descending,229.69832
63.25,31.0,descending,230.605
63.25,31.25,descending,231.4
63.25,31.5,descending,232.18
63.25,31.75,descending,232.69334
63.25,32.0,descending,233.26999
63.25,32.25,descending,234.13
63.25,32.5,descending,235.12666
63.25,32.75,descending,236.055
63.25,33.0,descending,236.54857
63.25,33.25,descending,237.125
63.25,33.5,descending,237.44998
63.25,33.75,descending,238.2
63.25,34.0,descending,238.78833
63.25,34.25,descending,238.7025
63.25,34.5,descending,238.725
63.25,34.75,descending,238.79443
63.25,35.0,descending,238.63625
63.25,35.25,descending,238.24445
63.25,35.5,descending,237.16583
63.25,35.75,descending,235.40201
63.25,36.0,descending,234.65166
63.25,36.25,descending,234.70332
63.25,36.5,descending,235.17665
63.5,-13.0,descending,211.25499
63.5,-12.75,descending,210.93466
63.5,-12.5,descending,210.80875
63.5,-12.25,descending,211.98999
63.5,-12.0,descending,211.61002
63.5,-11.75,descending,211.59999
63.5,-11.5,descending,211.08499
63.5,-11.25,descending,210.43
63.5,-11.0,descending,210.06999
63.5,-10.75,descending,209.42334
63.5,-10.5,descending,209.145
63.5,-10.25,descending,209.176
63.5,-10.0,descending,208.58667
63.5,-9.75,descending,208.5575
63.5,-9.5,descending,208.11499
63.5,-9.25,descending,207.89499
63.5,-9.0,descending,208.2425
63.5,-8.75,descending,208.6525
63.5,-8.5,descending,208.4075
63.5,-8.25,descending,208.9525
63.5,-8.0,descending,208.5
63.5,-7.75,descending,208.44
63.5,-7.5,descending,208.17249
63.5,-7.25,descending,208.17499
63.5,-7.0,descending,207.81
63.5,-6.75,descending,207.80998
63.5,-6.5,descending,207.62334
63.5,-6.25,descending,206.965
63.5,-6.0,descending,206.47499
63.5,-5.75,descending,205.7025
63.5,-5.5,descending,205.315
63.5,-5.25,descending,205.18
63.5,-5.0,descending,205.075
63.5,-4.75,descending,205.12749
63.5,-4.5,descending,205.10333
63.5,-4.25,descending,205.49399
63.5,-4.0,descending,205.9675
63.5,-3.75,descending,206.0175
63.5,-3.5,descending,205.596
63.5,-3.25,descending,205.73332
63.5,-3.0,descending,205.80998
63.5,-2.75,descending,205.98665
63.5,-2.5,descending,205.448
63.5,-2.25,descending,205.0875
63.5,-2.0,descending,204.79599
63.5,-1.75,descending,204.7675
63.5,-1.5,descending,204.93665
63.5,-1.25,descending,205.35251
63.5,-1.0,descending,206.18001
63.5,-0.75,descending,207.12
63.5,-0.5,descending,207.61398
63.5,-0.25,descending,207.58333
63.5,0.0,descending,219.25499
63.5,0.25,descending,206.8475
63.5,0.5,descending,206.71402
63.5,0.75,descending,206.97667
63.5,1.0,descending,207.5975
63.5,1.25,descending,208.51399
63.5,1.5,descending,209.08249
63.5,1.75,descending,209.28398
63.5,2.0,descending,208.53667
63.5,2.25,descending,208.23134
63.5,2.5,descending,207.76733
63.5,2.75,descending,207.04999
63.5,3.0,descending,206.34065
63.5,3.25,descending,205.83272
63.5,3.5,descending,205.39635
63.5,3.75,descending,205.14429
63.5,4.0,descending,204.94998
63.5,4.25,descending,204.87544
63.5,4.5,descending,204.91599
63.5,4.75,descending,205.049
63.5,5.0,descending,205.33229
63.5,5.25,descending,205.50273
63.5,5.5,descending,205.78271
63.5,5.75,descending,205.95
63.5,6.0,descending,206.146
63.5,6.25,descending,206.45909
63.5,6.5,descending,207.32271
63.5,6.75,descending,208.064
63.5,7.0,descending,209.31363
63.5,7.25,descending,211.03917
63.5,7.5,descending,213.75601
63.5,7.75,descending,217.279
63.5,8.0,descending,221.27998
63.5,8.25,descending,224.93584
63.5,8.5,descending,226.95363
63.5,8.75,descending,227.051
63.5,9.0,descending,226.01833
63.5,9.25,descending,224.376
63.5,9.5,descending,224.20866
63.5,9.75,descending,223.976
63.5,10.0,descending,223.98363
63.5,10.25,descending,223.73071
63.5,10.5,descending,223.20909
63.5,10.75,descending,223.29819
63.5,11.0,descending,222.53072
63.5,11.25,descending,221.11765
63.5,11.5,descending,219.45999
63.5,11.75,descending,218.60353
63.5,12.0,descending,218.00764
63.5,12.25,descending,219.11833
63.5,12.5,descending,222.35167
63.5,12.75,descending,223.54498
63.5,13.0,descending,223.57666
63.5,13.25,descending,223.118
63.5,13.5,descending,222.45
63.5,13.75,descending,221.72499
63.5,14.0,descending,221.02249
63.5,14.25,descending,219.95
63.5,14.5,descending,218.86499
63.5,14.75,descending,217.9325
63.5,15.0,descending,217.54668
63.5,15.25,descending,217.00798
63.5,15.5,descending,217.56999
63.5,15.75,descending,218.14
63.5,16.0,descending,218.876
63.5,16.25,descending,219.80666
63.5,16.5,descending,220.16599
63.5,16.75,descending,220.32332
63.5,17.0,descending,220.552
63.5,17.25,descending,220.96
63.5,17.5,descending,221.23
63.5,17.75,descending,221.795
63.5,18.0,descending,222.42249
63.5,18.25,descending,223.61499
63.5,18.5,descending,224.15999
63.5,18.75,descending,229.5775
63.5,19.0,descending,232.60333
63.5,19.25,descending,235.885
63.5,19.5,descending,241.53198
63.5,19.75,descending,245.51332
63.5,20.0,descending,247.77249
63.5,20.25,descending,251.168
63.5,20.5,descending,254.01997
63.5,20.75,descending,254.6675
63.5,21.0,descending,253.498
63.5,21.25,descending,251.40666
63.5,21.5,descending,249.72249
63.5,21.75,descending,247.01332
63.5,22.0,descending,242.908
63.5,22.25,descending,237.06
63.5,22.5,descending,233.22499
63.5,22.75,descending,227.20401
63.5,23.0,descending,222.75749
63.5,23.25,descending,220.43999
63.5,23.5,descending,218.39749
63.5,23.75,descending,215.6875
63.5,24.0,descending,213.9325
63.5,24.25,descending,213.24199
63.5,24.5,descending,213.95667
63.5,24.75,descending,215.435
63.5,25.0,descending,217.628
63.5,25.25,descending,219.66249
63.5,25.5,descending,221.42
63.5,25.75,descending,222.75
63.5,26.0,descending,222.79399
63.5,26.25,descending,223.45749
63.5,26.5,descending,223.404
63.5,26.75,descending,222.85333
63.5,27.0,descending,222.00499
63.5,27.25,descending,221.13165
63.5,27.5,descending,220.90999
63.5,27.75,descending,221.23999
63.5,28.0,descending,221.76999
63.5,28.25,descending,222.66
63.5,28.5,descending,223.7425
63.5,28.75,descending,224.79599
63.5,29.0,descending,225.7925
63.5,29.25,descending,226.51999
63.5,29.5,descending,227.315
63.5,29.75,descending,228.04668
63.5,30.0,descending,228.78
63.5,30.25,descending,229.54999
63.5,30.5,descending,230.4157
63.5,30.75,descending,231.2
63.5,31.0,descending,231.736
63.5,31.25,descending,232.28333
63.5,31.5,descending,232.71399
63.5,31.75,descending,232.96399
63.5,32.0,descending,233.12143
63.5,32.25,descending,233.53667
63.5,32.5,descending,233.74199
63.5,32.75,descending,234.356
63.5,33.0,descending,234.27284
63.5,33.25,descending,234.3
63.5,33.5,descending,233.8525
63.5,33.75,descending,233.71167
63.5,34.0,descending,233.88875
63.5,34.25,descending,234.14
63.5,34.5,descending,234.11143
63.5,34.75,descending,234.60286
63.5,35.0,descending,234.82443
63.5,35.25,descending,235.023
63.5,35.5,descending,234.52222
63.5,35.75,descending,234.13
63.5,36.0,descending,234.21089
63.5,36.25,descending,234.81
63.5,36.5,descending,235.5
63.5,36.75,descending,235.64886
63.5,37.0,descending,235.44666
63.75,-13.0,descending,209.75713
63.75,-12.75,descending,209.51
63.75,-12.5,descending,209.58705
63.75,-12.25,descending,209.44308
63.75,-12.0,descending,209.10397
63.75,-11.75,descending,209.4625
63.75,-11.5,descending,208.626
63.75,-11.25,descending,208.0725
63.75,-11.0,descending,207.2425
63.75,-10.75,descending,206.81665
63.75,-10.5,descending,206.73665
63.75,-10.25,descending,206.07999
63.75,-10.0,descending,206.15999
63.75,-9.75,descending,206.4975
63.75,-9.5,descending,205.866
63.75,-9.25,descending,205.65332
63.75,-9.0,descending,206.02249
63.75,-8.75,descending,206.08333
63.75,-8.5,descending,206.14499
63.75,-8.25,descending,206.405
63.75,-8.0,descending,206.315
63.75,-7.75,descending,206.34666
63.75,-7.5,descending,206.375
63.75,-7.25,descending,205.95667
63.75,-7.0,descending,205.7475
63.75,-6.75,descending,205.67499
63.75,-6.5,descending,205.65749
63.75,-6.25,descending,205.32332
63.75,-6.0,descending,205.10799
63.75,-5.75,descending,204.8
63.75,-5.5,descending,204.58
63.75,-5.25,descending,204.465
63.75,-5.0,descending,204.4475
63.75,-4.75,descending,204.36665
63.75,-4.5,descending,204.336
63.75,-4.25,descending,204.375
63.75,-4.0,descending,204.5125
63.75,-3.75,descending,204.5325
63.75,-3.5,descending,204.40332
63.75,-3.25,descending,204.545
63.75,-3.0,descending,204.7225
63.75,-2.75,descending,204.98665
63.75,-2.5,descending,205.09666
63.75,-2.25,descending,205.1725
63.75,-2.0,descending,205.0475
63.75,-1.75,descending,204.91402
63.75,-1.5,descending,204.99666
63.75,-1.25,descending,205.26999
63.75,-1.0,descending,205.6875
63.75,-0.75,descending,206.3
63.75,-0.5,descending,206.69499
63.75,-0.25,descending,206.81
63.75,0.0,descending,221.33427
63.75,0.25,descending,206.85333
63.75,0.5,descending,207.035
63.75,0.75,descending,207.31999
63.75,1.0,descending,207.93198
63.75,1.25,descending,208.65
63.75,1.5,descending,208.976
63.75,1.75,descending,208.97667
63.75,2.0,descending,207.9909
63.75,2.25,descending,207.52875
63.75,2.5,descending,207.06142
63.75,2.75,descending,206.53142
63.75,3.0,descending,206.14153
63.75,3.25,descending,205.71083
63.75,3.5,descending,205.42
63.75,3.75,descending,205.15083
63.75,4.0,descending,204.976
63.75,4.25,descending,204.88998
63.75,4.5,descending,204.85333
63.75,4.75,descending,204.96799
63.75,5.0,descending,205.16908
63.75,5.25,descending,205.328
63.75,5.5,descending,205.43799
63.75,5.75,descending,205.44499
63.75,6.0,descending,205.529
63.75,6.25,descending,205.74666
63.75,6.5,descending,206.21362
63.75,6.75,descending,206.79109
63.75,7.0,descending,207.71298
63.75,7.25,descending,208.53299
63.75,7.5,descending,209.87
63.75,7.75,descending,213.12909
63.75,8.0,descending,215.375
63.75,8.25,descending,218.75221
63.75,8.5,descending,222.37363
63.75,8.75,descending,223.37999
63.75,9.0,descending,223.0511
63.75,9.25,descending,222.97182
63.75,9.5,descending,223.54666
63.75,9.75,descending,223.13385
63.75,10.0,descending,222.21089
63.75,10.25,descending,220.25537
63.75,10.5,descending,219.73907
63.75,10.75,descending,219.8546
63.75,11.0,descending,219.368
63.75,11.25,descending,218.4475
63.75,11.5,descending,216.48
63.75,11.75,descending,214.87999
63.75,12.0,descending,213.86263
63.75,12.25,descending,214.4925
63.75,12.5,descending,215.64917
63.75,12.75,descending,217.68
63.75,13.0,descending,221.03398
63.75,13.25,descending,221.9975
63.75,13.5,descending,222.4675
63.75,13.75,descending,222.48799
63.75,14.0,descending,221.89749
63.75,14.25,descending,221.05333
63.75,14.5,descending,219.648
63.75,14.75,descending,217.21333
63.75,15.0,descending,215.9675
63.75,15.25,descending,214.805
63.75,15.5,descending,214.99666
63.75,15.75,descending,215.95401
63.75,16.0,descending,217.26332
63.75,16.25,descending,218.885
63.75,16.5,descending,219.42332
63.75,16.75,descending,219.426
63.75,17.0,descending,219.275
63.75,17.25,descending,219.26599
63.75,17.5,descending,219.05666
63.75,17.75,descending,219.24666
63.75,18.0,descending,219.625
63.75,18.25,descending,219.48999
63.75,18.5,descending,219.4475
63.75,18.75,descending,220.98
63.75,19.0,descending,222.29749
63.75,19.25,descending,224.06665
63.75,19.5,descending,230.4025
63.75,19.75,descending,234.56999
63.75,20.0,descending,238.6825
63.75,20.25,descending,244.35333
63.75,20.5,descending,249.80249
63.75,20.75,descending,252.02332
63.75,21.0,descending,253.2425
63.75,21.25,descending,253.91199
63.75,21.5,descending,254.0
63.75,21.75,descending,253.39333
63.75,22.0,descending,252.14249
63.75,22.25,descending,246.09
63.75,22.5,descending,240.98665
63.75,22.75,descending,233.63
63.75,23.0,descending,227.5
63.75,23.25,descending,221.4775
63.75,23.5,descending,218.25334
63.75,23.75,descending,215.88
63.75,24.0,descending,213.78749
63.75,24.25,descending,213.2425
63.75,24.5,descending,213.682
63.75,24.75,descending,214.66333
63.75,25.0,descending,215.745
63.75,25.25,descending,217.228
63.75,25.5,descending,218.72
63.75,25.75,descending,219.81334
63.75,26.0,descending,220.11333
63.75,26.25,descending,220.58798
63.75,26.5,descending,221.19499
63.75,26.75,descending,221.40999
63.75,27.0,descending,221.318
63.75,27.25,descending,221.14249
63.75,27.5,descending,221.41599
63.75,27.75,descending,221.98334
63.75,28.0,descending,222.51799
63.75,28.25,descending,223.27167
63.75,28.5,descending,223.99165
63.75,28.75,descending,224.76
63.75,29.0,descending,225.625
63.75,29.25,descending,226.852
63.75,29.5,descending,227.95749
63.75,29.75,descending,228.8175
63.75,30.0,descending,229.71832
63.75,30.25,descending,230.73201
63.75,30.5,descending,231.35748
63.75,30.75,descending,231.81999
63.75,31.0,descending,232.15428
63.75,31.25,descending,232.39
63.75,31.5,descending,232.56001
63.75,31.75,descending,232.45667
63.75,32.0,descending,232.215
63.75,32.25,descending,232.10799
63.75,32.5,descending,231.976
63.75,32.75,descending,232.18143
63.75,33.0,descending,231.42801
63.75,33.25,descending,231.12
63.75,33.5,descending,230.29
63.75,33.75,descending,230.19499
63.75,34.0,descending,230.87856
63.75,34.25,descending,231.75
63.75,34.5,descending,232.62285
63.75,34.75,descending,233.43124
63.75,35.0,descending,233.70142
63.75,35.25,descending,233.48143
63.75,35.5,descending,233.21715
63.75,35.75,descending,233.26428
63.75,36.0,descending,233.73999
63.75,36.25,descending,234.40375
63.75,36.5,descending,234.99545
63.75,36.75,descending,235.68614
63.75,37.0,descending,236.70306
63.75,37.25,descending,237.62428
63.75,37.5,descending,239.38998
64.0,-13.0,descending,208.90286
64.0,-12.75,descending,208.81909
64.0,-12.5,descending,208.75143
64.0,-12.25,descending,208.62437
64.0,-12.0,descending,208.61928
64.0,-11.75,descending,208.12125
64.0,-11.5,descending,207.17334
64.0,-11.25,descending,206.8425
64.0,-11.0,descending,206.26335
64.0,-10.75,descending,205.8675
64.0,-10.5,descending,205.4
64.0,-10.25,descending,205.01997
64.0,-10.0,descending,204.90666
64.0,-9.75,descending,204.78
64.0,-9.5,descending,204.51332
64.0,-9.25,descending,204.54333
64.0,-9.0,descending,204.58333
64.0,-8.75,descending,204.61
64.0,-8.5,descending,204.67499
64.0,-8.25,descending,204.8175
64.0,-8.0,descending,204.93666
64.0,-7.75,descending,205.01749
64.0,-7.5,descending,205.17
64.0,-7.25,descending,205.01749
64.0,-7.0,descending,204.87
64.0,-6.75,descending,204.85333
64.0,-6.5,descending,204.80666
64.0,-6.25,descending,204.74666
64.0,-6.0,descending,204.56334
64.0,-5.75,descending,204.48999
64.0,-5.5,descending,204.3825
64.0,-5.25,descending,204.38666
64.0,-5.0,descending,204.45749
64.0,-4.75,descending,204.47667
64.0,-4.5,descending,204.39665
64.0,-4.25,descending,204.32332
64.0,-4.0,descending,204.30666
64.0,-3.75,descending,204.31334
64.0,-3.5,descending,204.31665
64.0,-3.25,descending,204.375
64.0,-3.0,descending,204.45332
64.0,-2.75,descending,204.64667
64.0,-2.5,descending,204.8675
64.0,-2.25,descending,205.13997
64.0,-2.0,descending,205.31
64.0,-1.75,descending,205.38
64.0,-1.5,descending,205.41599
64.0,-1.25,descending,205.49666
64.0,-1.0,descending,205.68
64.0,-0.75,descending,205.95667
64.0,-0.5,descending,206.15
64.0,-0.25,descending,206.22667
64.0,0.0,descending,217.00801
64.0,0.25,descending,206.85
64.0,0.5,descending,207.25
64.0,0.75,descending,207.58499
64.0,1.0,descending,208.06999
64.0,1.25,descending,208.77
64.0,1.5,descending,209.29999
64.0,1.75,descending,209.43333
64.0,2.0,descending,208.37665
64.0,2.25,descending,207.46385
64.0,2.5,descending,206.88875
64.0,2.75,descending,206.316
64.0,3.0,descending,205.95847
64.0,3.25,descending,205.63364
64.0,3.5,descending,205.4175
64.0,3.75,descending,205.28
64.0,4.0,descending,205.13922
64.0,4.25,descending,205.015
64.0,4.5,descending,204.98698
64.0,4.75,descending,204.9675
64.0,5.0,descending,204.977
64.0,5.25,descending,205.12
64.0,5.5,descending,205.25798
64.0,5.75,descending,205.20749
64.0,6.0,descending,205.24272
64.0,6.25,descending,205.21124
64.0,6.5,descending,205.451
64.0,6.75,descending,205.93555
64.0,7.0,descending,206.61198
64.0,7.25,descending,207.31874
64.0,7.5,descending,208.16222
64.0,7.75,descending,209.28
64.0,8.0,descending,210.63889
64.0,8.25,descending,213.67874
64.0,8.5,descending,214.681
64.0,8.75,descending,215.05888
64.0,9.0,descending,216.02333
64.0,9.25,descending,216.854
64.0,9.5,descending,218.396
64.0,9.75,descending,219.39444
64.0,10.0,descending,218.76111
64.0,10.25,descending,216.78899
64.0,10.5,descending,215.32332
64.0,10.75,descending,214.33636
64.0,11.0,descending,214.51544
64.0,11.25,descending,214.31454
64.0,11.5,descending,213.342
64.0,11.75,descending,211.64691
64.0,12.0,descending,210.72728
64.0,12.25,descending,212.04213
64.0,12.5,descending,214.07938
64.0,12.75,descending,215.98154
64.0,13.0,descending,217.28667
64.0,13.25,descending,220.48
64.0,13.5,descending,222.1525
64.0,13.75,descending,222.82332
64.0,14.0,descending,223.29
64.0,14.25,descending,222.95
64.0,14.5,descending,222.22998
64.0,14.75,descending,219.67749
64.0,15.0,descending,217.6225
64.0,15.25,descending,215.45332
64.0,15.5,descending,214.67332
64.0,15.75,descending,215.24666
64.0,16.0,descending,216.465
64.0,16.25,descending,217.825
64.0,16.5,descending,218.66667
64.0,16.75,descending,218.51
64.0,17.0,descending,218.20749
64.0,17.25,descending,217.70667
64.0,17.5,descending,217.59666
64.0,17.75,descending,217.53749
64.0,18.0,descending,217.80666
64.0,18.25,descending,217.61499
64.0,18.5,descending,217.30333
64.0,18.75,descending,217.35999
64.0,19.0,descending,217.07332
64.0,19.25,descending,217.71666
64.0,19.5,descending,218.6925
64.0,19.75,descending,222.72667
64.0,20.0,descending,225.48999
64.0,20.25,descending,230.51
64.0,20.5,descending,238.92
64.0,20.75,descending,242.87666
64.0,21.0,descending,247.62334
64.0,21.25,descending,252.30333
64.0,21.5,descending,255.12749
64.0,21.75,descending,255.92749
64.0,22.0,descending,256.02332
64.0,22.25,descending,253.83499
64.0,22.5,descending,249.39749
64.0,22.75,descending,243.555
64.0,23.0,descending,238.55
64.0,23.25,descending,228.58
64.0,23.5,descending,223.57999
64.0,23.75,descending,218.62666
64.0,24.0,descending,215.5775
64.0,24.25,descending,213.61
64.0,24.5,descending,213.47333
64.0,24.75,descending,213.855
64.0,25.0,descending,214.316
64.0,25.25,descending,215.1225
64.0,25.5,descending,216.052
64.0,25.75,descending,216.85333
64.0,26.0,descending,217.54498
64.0,26.25,descending,217.86665
64.0,26.5,descending,219.34666
64.0,26.75,descending,220.16998
64.0,27.0,descending,220.88335
64.0,27.25,descending,221.54
64.0,27.5,descending,222.17499
64.0,27.75,descending,222.98
64.0,28.0,descending,223.55666
64.0,28.25,descending,223.98499
64.0,28.5,descending,224.27333
64.0,28.75,descending,224.785
64.0,29.0,descending,225.86198
64.0,29.25,descending,226.95
64.0,29.5,descending,227.7925
64.0,29.75,descending,228.80798
64.0,30.0,descending,230.0175
64.0,30.25,descending,231.0875
64.0,30.5,descending,231.7475
64.0,30.75,descending,232.015
64.0,31.0,descending,232.01999
64.0,31.25,descending,231.98499
64.0,31.5,descending,231.92
64.0,31.75,descending,231.69
64.0,32.0,descending,231.31334
64.0,32.25,descending,230.79399
64.0,32.5,descending,230.226
64.0,32.75,descending,229.646
64.0,33.0,descending,229.2175
64.0,33.25,descending,228.76599
64.0,33.5,descending,228.62666
64.0,33.75,descending,229.21599
64.0,34.0,descending,230.38
64.0,34.25,descending,231.75
64.0,34.5,descending,232.85664
64.0,34.75,descending,233.28569
64.0,35.0,descending,233.03398
64.0,35.25,descending,232.39
64.0,35.5,descending,232.1257
64.0,35.75,descending,232.75125
64.0,36.0,descending,234.34286
64.0,36.25,descending,236.4625
64.0,36.5,descending,238.58499
64.0,36.75,descending,241.25798
64.0,37.0,descending,242.23001
64.0,37.25,descending,242.23582
64.0,37.5,descending,241.89099
64.0,37.75,descending,241.75
