latitude,longitude,pass_type,brightness_temp_37v
35.25,-7.0,ascending,214.0275
35.25,-6.75,ascending,215.17833
35.25,-6.5,ascending,220.93333
35.25,-6.25,ascending,231.77998
35.25,-6.0,ascending,251.51999
35.25,-5.75,ascending,271.205
35.25,-5.5,ascending,284.8075
35.25,-5.25,ascending,288.41998
35.25,-5.0,ascending,276.7375
35.25,-4.75,ascending,261.93668
35.25,-4.5,ascending,241.33333
35.25,-4.25,ascending,233.79
35.25,-4.0,ascending,234.15332
35.25,-3.75,ascending,236.14667
35.25,-3.5,ascending,234.44331
35.25,-3.25,ascending,235.655
35.25,-3.0,ascending,236.99333
35.25,-2.75,ascending,233.65332
35.25,-2.5,ascending,230.73332
35.25,-2.25,ascending,227.97
35.25,-2.0,ascending,231.95
35.25,-1.75,ascending,239.07666
35.25,-1.5,ascending,249.77
35.25,-1.25,ascending,260.335
35.25,-1.0,ascending,271.15665
35.25,-0.75,ascending,278.89
35.25,-0.5,ascending,285.46335
35.25,-0.25,ascending,291.93
35.25,-0.0,ascending,278.04248
35.25,0.25,ascending,297.945
35.25,0.5,ascending,299.22998
35.25,0.75,ascending,300.71
35.25,1.0,ascending,300.46667
35.25,1.25,ascending,300.29498
35.25,1.5,ascending,300.53
35.25,1.75,ascending,300.485
35.25,2.0,ascending,300.65
35.25,2.25,ascending,301.11
35.25,2.5,ascending,301.31665
35.25,2.75,ascending,301.985
35.25,3.0,ascending,303.06
35.25,3.25,ascending,303.33
35.25,3.5,ascending,302.66
35.25,3.75,ascending,302.27002
35.25,4.0,ascending,302.69666
35.25,4.25,ascending,303.51
35.25,4.5,ascending,304.74332
35.25,4.75,ascending,304.81332
35.25,5.0,ascending,304.24
35.25,5.25,ascending,302.60333
35.25,5.5,ascending,299.74667
35.25,5.75,ascending,298.08
35.25,6.0,ascending,297.81332
35.25,6.25,ascending,297.61667
35.25,6.5,ascending,297.06665
35.25,6.75,ascending,296.47333
35.25,7.0,ascending,295.935
35.25,7.25,ascending,296.16333
35.25,7.5,ascending,296.34
35.25,7.75,ascending,295.99
35.25,8.0,ascending,296.46
35.25,8.25,ascending,297.525
35.25,8.5,ascending,298.27
35.25,8.75,ascending,298.3825
35.25,9.0,ascending,298.51
35.25,9.25,ascending,299.315
35.25,9.5,ascending,300.13
35.25,9.75,ascending,301.098
35.25,10.0,ascending,302.386
35.25,10.25,ascending,301.124
35.25,10.5,ascending,295.875
35.25,10.75,ascending,282.32874
35.25,11.0,ascending,267.154
35.25,17.75,ascending,218.63667
35.25,18.0,ascending,218.57143
35.25,18.25,ascending,218.63666
35.25,18.5,ascending,218.58167
35.25,18.75,ascending,218.56
35.25,19.0,ascending,218.37997
35.25,19.25,ascending,218.27998
35.25,19.5,ascending,218.176
35.25,19.75,ascending,218.07332
35.25,20.0,ascending,217.95
35.25,20.25,ascending,217.87
35.25,20.5,ascending,218.01666
35.25,20.75,ascending,218.415
35.25,21.0,ascending,218.655
35.25,21.25,ascending,218.79
35.25,21.5,ascending,218.62666
35.25,21.75,ascending,218.245
35.25,22.0,ascending,217.79
35.25,22.25,ascending,217.36499
35.25,22.5,ascending,216.87
35.25,22.75,ascending,216.65
35.25,23.0,ascending,216.55
35.25,23.25,ascending,218.19666
35.25,23.5,ascending,225.065
35.25,23.75,ascending,238.60999
35.25,24.0,ascending,249.41333
35.25,24.25,ascending,248.18
35.25,24.5,ascending,245.00665
35.25,24.75,ascending,248.19499
35.25,25.0,ascending,245.64667
35.25,25.25,ascending,240.35999
35.25,25.5,ascending,236.125
35.25,25.75,ascending,228.79001
35.25,26.0,ascending,225.62334
35.25,26.25,ascending,222.535
35.25,26.5,ascending,217.875
35.25,26.75,ascending,216.73
35.25,27.0,ascending,218.94
35.25,27.25,ascending,220.94998
35.25,27.5,ascending,217.02332
35.25,27.75,ascending,214.94
35.25,28.0,ascending,214.855
35.25,28.25,ascending,213.53667
35.25,28.5,ascending,212.84999
35.25,28.75,ascending,212.84999
35.25,29.0,ascending,213.03667
35.25,29.25,ascending,213.415
35.25,29.5,ascending,214.26997
35.25,29.75,ascending,215.36333
35.25,30.0,ascending,216.0
35.25,30.25,ascending,216.55666
35.25,30.5,ascending,216.58333
35.25,30.75,ascending,216.67
35.25,31.0,ascending,216.465
35.25,31.25,ascending,215.88666
35.25,31.5,ascending,215.34666
35.25,31.75,ascending,214.465
35.25,32.0,ascending,213.85667
35.25,32.25,ascending,214.51001
35.25,32.5,ascending,217.23
35.25,32.75,ascending,222.40332
35.25,33.0,ascending,234.36665
35.25,33.25,ascending,240.8075
35.25,33.5,ascending,239.76
35.25,33.75,ascending,245.58499
35.25,34.0,ascending,242.802
35.25,34.25,ascending,228.55666
35.25,34.5,ascending,221.332
35.25,34.75,ascending,218.38501
35.25,35.0,ascending,218.23833
35.25,35.25,ascending,220.17833
35.25,35.5,ascending,226.52888
35.25,35.75,ascending,232.29
35.5,-7.0,ascending,213.26082
35.5,-6.75,ascending,213.7094
35.5,-6.5,ascending,217.61293
35.5,-6.25,ascending,226.46153
35.5,-6.0,ascending,243.59933
35.5,-5.75,ascending,263.037
35.5,-5.5,ascending,274.9746
35.5,-5.25,ascending,275.651
35.5,-5.0,ascending,256.8791
35.5,-4.75,ascending,236.81909
35.5,-4.5,ascending,223.83333
35.5,-4.25,ascending,219.923
35.5,-4.0,ascending,220.42099
35.5,-3.75,ascending,220.96443
35.5,-3.5,ascending,221.28
35.5,-3.25,ascending,222.86555
35.5,-3.0,ascending,223.22223
35.5,-2.75,ascending,222.54874
35.5,-2.5,ascending,222.42332
35.5,-2.25,ascending,223.23143
35.5,-2.0,ascending,225.1125
35.5,-1.75,ascending,230.19286
35.5,-1.5,ascending,236.55124
35.5,-1.25,ascending,243.8725
35.5,-1.0,ascending,253.59
35.5,-0.75,ascending,263.56625
35.5,-0.5,ascending,271.15427
35.5,-0.25,ascending,280.29572
35.5,-0.0,ascending,276.755
35.5,0.25,ascending,290.6357
35.5,0.5,ascending,295.08856
35.5,0.75,ascending,298.88873
35.5,1.0,ascending,299.47665
35.5,1.25,ascending,299.85165
35.5,1.5,ascending,300.11716
35.5,1.75,ascending,300.42142
35.5,2.0,ascending,300.70428
35.5,2.25,ascending,300.98248
35.5,2.5,ascending,301.39374
35.5,2.75,ascending,302.16666
35.5,3.0,ascending,302.83002
35.5,3.25,ascending,303.07623
35.5,3.5,ascending,302.9125
35.5,3.75,ascending,302.94873
35.5,4.0,ascending,303.49286
35.5,4.25,ascending,304.15
35.5,4.5,ascending,304.5175
35.5,4.75,ascending,304.18573
35.5,5.0,ascending,303.25
35.5,5.25,ascending,301.38858
35.5,5.5,ascending,299.845
35.5,5.75,ascending,298.315
35.5,6.0,ascending,298.2225
35.5,6.25,ascending,297.72287
35.5,6.5,ascending,296.2175
35.5,6.75,ascending,294.76712
35.5,7.0,ascending,293.44223
35.5,7.25,ascending,293.3175
35.5,7.5,ascending,294.65887
35.5,7.75,ascending,295.55
35.5,8.0,ascending,296.79776
35.5,8.25,ascending,297.64874
35.5,8.5,ascending,298.02112
35.5,8.75,ascending,298.294
35.5,9.0,ascending,298.67416
35.5,9.25,ascending,298.886
35.5,9.5,ascending,299.0914
35.5,9.75,ascending,299.77768
35.5,10.0,ascending,300.20587
35.5,10.25,ascending,295.59686
35.5,10.5,ascending,286.6395
35.5,10.75,ascending,272.72
35.5,11.0,ascending,261.93713
35.5,17.75,ascending,219.06999
35.5,18.0,ascending,218.99527
35.5,18.25,ascending,219.015
35.5,18.5,ascending,218.89874
35.5,18.75,ascending,218.77167
35.5,19.0,ascending,218.59833
35.5,19.25,ascending,218.51727
35.5,19.5,ascending,218.42455
35.5,19.75,ascending,218.29819
35.5,20.0,ascending,218.125
35.5,20.25,ascending,218.0411
35.5,20.5,ascending,218.168
35.5,20.75,ascending,218.37222
35.5,21.0,ascending,218.48201
35.5,21.25,ascending,218.54285
35.5,21.5,ascending,218.35
35.5,21.75,ascending,217.95874
35.5,22.0,ascending,217.36444
35.5,22.25,ascending,216.79875
35.5,22.5,ascending,216.47374
35.5,22.75,ascending,216.42499
35.5,23.0,ascending,216.65999
35.5,23.25,ascending,218.455
35.5,23.5,ascending,225.67
35.5,23.75,ascending,235.68001
35.5,24.0,ascending,241.05333
35.5,24.25,ascending,234.69858
35.5,24.5,ascending,232.5657
35.5,24.75,ascending,231.89572
35.5,25.0,ascending,230.98714
35.5,25.25,ascending,225.94714
35.5,25.5,ascending,225.2175
35.5,25.75,ascending,221.375
35.5,26.0,ascending,219.78856
35.5,26.25,ascending,218.07875
35.5,26.5,ascending,216.4157
35.5,26.75,ascending,216.7375
35.5,27.0,ascending,219.73714
35.5,27.25,ascending,221.27856
35.5,27.5,ascending,217.44249
35.5,27.75,ascending,216.92334
35.5,28.0,ascending,217.94858
35.5,28.25,ascending,216.37143
35.5,28.5,ascending,213.62
35.5,28.75,ascending,212.88625
35.5,29.0,ascending,212.91
35.5,29.25,ascending,213.86624
35.5,29.5,ascending,216.07857
35.5,29.75,ascending,217.38428
35.5,30.0,ascending,217.68625
35.5,30.25,ascending,217.95285
35.5,30.5,ascending,217.21625
35.5,30.75,ascending,217.00111
35.5,31.0,ascending,216.94
35.5,31.25,ascending,216.59427
35.5,31.5,ascending,216.03625
35.5,31.75,ascending,215.26999
35.5,32.0,ascending,214.995
35.5,32.25,ascending,216.23898
35.5,32.5,ascending,218.015
35.5,32.75,ascending,220.05777
35.5,33.0,ascending,222.10799
35.5,33.25,ascending,224.681
35.5,33.5,ascending,224.96635
35.5,33.75,ascending,228.20363
35.5,34.0,ascending,229.71454
35.5,34.25,ascending,228.25
35.5,34.5,ascending,222.69066
35.5,34.75,ascending,218.81267
35.5,35.0,ascending,218.11624
35.5,35.25,ascending,219.90349
35.5,35.5,ascending,226.9988
35.5,35.75,ascending,233.00223
35.75,-7.25,ascending,213.38998
35.75,-7.0,ascending,213.21277
35.75,-6.75,ascending,213.08943
35.75,-6.5,ascending,214.815
35.75,-6.25,ascending,220.25462
35.75,-6.0,ascending,230.98915
35.75,-5.75,ascending,245.6875
35.75,-5.5,ascending,252.08598
35.75,-5.25,ascending,248.64818
35.75,-5.0,ascending,232.14557
35.75,-4.75,ascending,221.03499
35.75,-4.5,ascending,214.78333
35.75,-4.25,ascending,212.91444
35.75,-4.0,ascending,212.98665
35.75,-3.75,ascending,213.11499
35.75,-3.5,ascending,213.79
35.75,-3.25,ascending,214.495
35.75,-3.0,ascending,215.58374
35.75,-2.75,ascending,216.75285
35.75,-2.5,ascending,217.995
35.75,-2.25,ascending,219.05
35.75,-2.0,ascending,220.35625
35.75,-1.75,ascending,222.54857
35.75,-1.5,ascending,225.91142
35.75,-1.25,ascending,229.01332
35.75,-1.0,ascending,234.45166
35.75,-0.75,ascending,239.54857
35.75,-0.5,ascending,248.8657
35.75,-0.25,ascending,255.91428
35.75,-0.0,ascending,255.98999
35.75,0.25,ascending,273.50858
35.75,0.5,ascending,285.61142
35.75,0.75,ascending,292.43
35.75,1.0,ascending,295.46832
35.75,1.25,ascending,296.96
35.75,1.5,ascending,298.88498
35.75,1.75,ascending,299.43143
35.75,2.0,ascending,300.36166
35.75,2.25,ascending,300.33426
35.75,2.5,ascending,301.13333
35.75,2.75,ascending,301.67285
35.75,3.0,ascending,302.06
35.75,3.25,ascending,302.13998
35.75,3.5,ascending,302.67667
35.75,3.75,ascending,302.94
35.75,4.0,ascending,303.242
35.75,4.25,ascending,302.84833
35.75,4.5,ascending,302.46143
35.75,4.75,ascending,301.5875
35.75,5.0,ascending,300.995
35.75,5.25,ascending,299.74167
35.75,5.5,ascending,299.02
35.75,5.75,ascending,298.622
35.75,6.0,ascending,298.68375
35.75,6.25,ascending,298.13126
35.75,6.5,ascending,295.82748
35.75,6.75,ascending,292.77625
35.75,7.0,ascending,289.66876
35.75,7.25,ascending,288.005
35.75,7.5,ascending,288.59
35.75,7.75,ascending,290.95874
35.75,8.0,ascending,294.93298
35.75,8.25,ascending,296.542
35.75,8.5,ascending,296.87817
35.75,8.75,ascending,297.47897
35.75,9.0,ascending,298.87088
35.75,9.25,ascending,299.27728
35.75,9.5,ascending,298.87747
35.75,9.75,ascending,298.78833
35.75,10.0,ascending,296.88077
35.75,10.25,ascending,286.93686
35.75,10.5,ascending,267.58316
35.75,10.75,ascending,252.48749
35.75,11.0,ascending,245.996
35.75,17.5,ascending,219.51
35.75,17.75,ascending,219.51399
35.75,18.0,ascending,219.47705
35.75,18.25,ascending,219.34499
35.75,18.5,ascending,219.19286
35.75,18.75,ascending,219.0609
35.75,19.0,ascending,218.94308
35.75,19.25,ascending,218.83699
35.75,19.5,ascending,218.61728
35.75,19.75,ascending,218.37111
35.75,20.0,ascending,218.111
35.75,20.25,ascending,218.02887
35.75,20.5,ascending,217.95778
35.75,20.75,ascending,217.94249
35.75,21.0,ascending,217.82332
35.75,21.25,ascending,217.8875
35.75,21.5,ascending,217.72125
35.75,21.75,ascending,217.27571
35.75,22.0,ascending,216.54375
35.75,22.25,ascending,216.03429
35.75,22.5,ascending,215.96715
35.75,22.75,ascending,216.21713
35.75,23.0,ascending,216.98999
35.75,23.25,ascending,219.11333
35.75,23.5,ascending,222.575
35.75,23.75,ascending,223.76714
35.75,24.0,ascending,224.29874
35.75,24.25,ascending,220.12834
35.75,24.5,ascending,219.75713
35.75,24.75,ascending,219.09572
35.75,25.0,ascending,218.80998
35.75,25.25,ascending,217.42334
35.75,25.5,ascending,217.55286
35.75,25.75,ascending,217.46143
35.75,26.0,ascending,216.85715
35.75,26.25,ascending,216.318
35.75,26.5,ascending,216.09375
35.75,26.75,ascending,216.498
35.75,27.0,ascending,218.45
35.75,27.25,ascending,218.49834
35.75,27.5,ascending,217.31834
35.75,27.75,ascending,222.72833
35.75,28.0,ascending,229.62
35.75,28.25,ascending,223.35715
35.75,28.5,ascending,215.65334
35.75,28.75,ascending,213.135
35.75,29.0,ascending,214.06999
35.75,29.25,ascending,218.89856
35.75,29.5,ascending,222.45285
35.75,29.75,ascending,228.12999
35.75,30.0,ascending,226.25624
35.75,30.25,ascending,223.045
35.75,30.5,ascending,220.90778
35.75,30.75,ascending,217.81831
35.75,31.0,ascending,217.31285
35.75,31.25,ascending,217.13142
35.75,31.5,ascending,217.0675
35.75,31.75,ascending,217.12
35.75,32.0,ascending,219.77556
35.75,32.25,ascending,225.60999
35.75,32.5,ascending,231.45898
35.75,32.75,ascending,232.46555
35.75,33.0,ascending,229.85333
35.75,33.25,ascending,225.49666
35.75,33.5,ascending,223.30272
35.75,33.75,ascending,218.27832
35.75,34.0,ascending,217.21
35.75,34.25,ascending,217.39166
35.75,34.5,ascending,217.81999
35.75,34.75,ascending,217.12384
35.75,35.0,ascending,216.77444
35.75,35.25,ascending,217.64499
35.75,35.5,ascending,221.70116
35.75,35.75,ascending,227.254
36.0,-7.25,ascending,213.58
36.0,-7.0,ascending,213.42369
36.0,-6.75,ascending,213.304
36.0,-6.5,ascending,213.78
36.0,-6.25,ascending,216.37834
36.0,-6.0,ascending,223.55461
36.0,-5.75,ascending,234.17084
36.0,-5.5,ascending,243.92249
36.0,-5.25,ascending,240.0
36.0,-5.0,ascending,231.61908
36.0,-4.75,ascending,220.67332
36.0,-4.5,ascending,214.51666
36.0,-4.25,ascending,212.65125
36.0,-4.0,ascending,211.37776
36.0,-3.75,ascending,210.80124
36.0,-3.5,ascending,211.04
36.0,-3.25,ascending,212.16777
36.0,-3.0,ascending,213.87666
36.0,-2.75,ascending,215.58124
36.0,-2.5,ascending,216.84142
36.0,-2.25,ascending,217.84874
36.0,-2.0,ascending,218.51428
36.0,-1.75,ascending,219.64572
36.0,-1.5,ascending,220.66124
36.0,-1.25,ascending,222.135
36.0,-1.0,ascending,224.14249
36.0,-0.75,ascending,226.40857
36.0,-0.5,ascending,230.91573
36.0,-0.25,ascending,233.28572
36.0,-0.0,ascending,238.61555
36.0,0.25,ascending,251.02428
36.0,0.5,ascending,266.8375
36.0,0.75,ascending,276.66855
36.0,1.0,ascending,285.10498
36.0,1.25,ascending,288.266
36.0,1.5,ascending,292.59442
36.0,1.75,ascending,294.03333
36.0,2.0,ascending,295.19666
36.0,2.25,ascending,295.28598
36.0,2.5,ascending,297.13626
36.0,2.75,ascending,297.67142
36.0,3.0,ascending,298.29123
36.0,3.25,ascending,300.275
36.0,3.5,ascending,301.375
36.0,3.75,ascending,302.00424
36.0,4.0,ascending,301.95624
36.0,4.25,ascending,301.585
36.0,4.5,ascending,300.5557
36.0,4.75,ascending,299.54855
36.0,5.0,ascending,298.5875
36.0,5.25,ascending,296.57748
36.0,5.5,ascending,296.6314
36.0,5.75,ascending,298.16873
36.0,6.0,ascending,298.8111
36.0,6.25,ascending,298.71286
36.0,6.5,ascending,297.13666
36.0,6.75,ascending,294.2825
36.0,7.0,ascending,291.45444
36.0,7.25,ascending,287.70667
36.0,7.5,ascending,284.02
36.0,7.75,ascending,284.55402
36.0,8.0,ascending,289.62375
36.0,8.25,ascending,293.605
36.0,8.5,ascending,295.61374
36.0,8.75,ascending,297.38272
36.0,9.0,ascending,299.41635
36.0,9.25,ascending,300.6418
36.0,9.5,ascending,300.1907
36.0,9.75,ascending,299.0275
36.0,10.0,ascending,295.22247
36.0,10.25,ascending,280.01437
36.0,10.5,ascending,255.30226
36.0,10.75,ascending,239.99852
36.0,11.0,ascending,236.54333
36.0,17.5,ascending,219.29819
36.0,17.75,ascending,219.34555
36.0,18.0,ascending,219.29529
36.0,18.25,ascending,219.23
36.0,18.5,ascending,219.23143
36.0,18.75,ascending,219.19
36.0,19.0,ascending,219.01363
36.0,19.25,ascending,218.71092
36.0,19.5,ascending,218.33272
36.0,19.75,ascending,218.057
36.0,20.0,ascending,217.85443
36.0,20.25,ascending,217.68817
36.0,20.5,ascending,217.47554
36.0,20.75,ascending,217.246
36.0,21.0,ascending,217.12
36.0,21.25,ascending,217.11444
36.0,21.5,ascending,216.9175
36.0,21.75,ascending,216.31444
36.0,22.0,ascending,215.68625
36.0,22.25,ascending,215.50874
36.0,22.5,ascending,215.83124
36.0,22.75,ascending,217.18375
36.0,23.0,ascending,220.40999
36.0,23.25,ascending,221.88666
36.0,23.5,ascending,220.8257
36.0,23.75,ascending,218.645
36.0,24.0,ascending,217.3775
36.0,24.25,ascending,217.00667
36.0,24.5,ascending,217.1375
36.0,24.75,ascending,217.53499
36.0,25.0,ascending,217.36111
36.0,25.25,ascending,217.59714
36.0,25.5,ascending,218.44571
36.0,25.75,ascending,218.78166
36.0,26.0,ascending,217.63625
36.0,26.25,ascending,216.52
36.0,26.5,ascending,216.63284
36.0,26.75,ascending,216.43286
36.0,27.0,ascending,216.45125
36.0,27.25,ascending,216.86833
36.0,27.5,ascending,219.21143
36.0,27.75,ascending,229.97499
36.0,28.0,ascending,240.41284
36.0,28.25,ascending,231.16374
36.0,28.5,ascending,218.14143
36.0,28.75,ascending,215.39713
36.0,29.0,ascending,221.4825
36.0,29.25,ascending,232.35857
36.0,29.5,ascending,244.86624
36.0,29.75,ascending,248.52856
36.0,30.0,ascending,247.44499
36.0,30.25,ascending,239.26
36.0,30.5,ascending,232.22571
36.0,30.75,ascending,220.80875
36.0,31.0,ascending,217.83333
36.0,31.25,ascending,217.94888
36.0,31.5,ascending,219.83667
36.0,31.75,ascending,222.72777
36.0,32.0,ascending,229.73874
36.0,32.25,ascending,243.84554
36.0,32.5,ascending,257.55667
36.0,32.75,ascending,263.31998
36.0,33.0,ascending,259.36365
36.0,33.25,ascending,254.20999
36.0,33.5,ascending,249.896
36.0,33.75,ascending,235.15454
36.0,34.0,ascending,221.58333
36.0,34.25,ascending,214.70917
36.0,34.5,ascending,213.57462
36.0,34.75,ascending,214.36562
36.0,35.0,ascending,215.07187
36.0,35.25,ascending,216.12592
36.0,35.5,ascending,219.28464
36.25,-7.25,ascending,213.48438
36.25,-7.0,ascending,213.4521
36.25,-6.75,ascending,213.85933
36.25,-6.5,ascending,216.164
36.25,-6.25,ascending,222.675
36.25,-6.0,ascending,240.35
36.25,-5.75,ascending,255.06363
36.25,-5.5,ascending,269.666
36.25,-5.25,ascending,260.68
36.25,-5.0,ascending,248.58112
36.25,-4.75,ascending,236.01555
36.25,-4.5,ascending,225.498
36.25,-4.25,ascending,219.4025
36.25,-4.0,ascending,216.09665
36.25,-3.75,ascending,212.71858
36.25,-3.5,ascending,213.28374
36.25,-3.25,ascending,214.95749
36.25,-3.0,ascending,217.22856
36.25,-2.75,ascending,218.47714
36.25,-2.5,ascending,220.26888
36.25,-2.25,ascending,220.36714
36.25,-2.0,ascending,220.81714
36.25,-1.75,ascending,220.06999
36.25,-1.5,ascending,219.96713
36.25,-1.25,ascending,219.40498
36.25,-1.0,ascending,219.90332
36.25,-0.75,ascending,221.03712
36.25,-0.5,ascending,222.45499
36.25,-0.25,ascending,223.90201
36.25,-0.0,ascending,228.17442
36.25,0.25,ascending,235.45833
36.25,0.5,ascending,244.79668
36.25,0.75,ascending,254.65999
36.25,1.0,ascending,263.88126
36.25,1.25,ascending,273.28333
36.25,1.5,ascending,274.3033
36.25,1.75,ascending,278.79572
36.25,2.0,ascending,277.74832
36.25,2.25,ascending,282.65427
36.25,2.5,ascending,280.3743
36.25,2.75,ascending,285.83
36.25,3.0,ascending,289.57666
36.25,3.25,ascending,293.09714
36.25,3.5,ascending,294.41873
36.25,3.75,ascending,296.935
36.25,4.0,ascending,297.21573
36.25,4.25,ascending,297.785
36.25,4.5,ascending,296.57666
36.25,4.75,ascending,295.00833
36.25,5.0,ascending,290.7589
36.25,5.25,ascending,287.074
36.25,5.5,ascending,286.91623
36.25,5.75,ascending,292.41287
36.25,6.0,ascending,295.30124
36.25,6.25,ascending,297.57285
36.25,6.5,ascending,297.24625
36.25,6.75,ascending,295.5825
36.25,7.0,ascending,294.21875
36.25,7.25,ascending,292.5225
36.25,7.5,ascending,287.58698
36.25,7.75,ascending,282.85248
36.25,8.0,ascending,286.172
36.25,8.25,ascending,290.711
36.25,8.5,ascending,294.1418
36.25,8.75,ascending,297.986
36.25,9.0,ascending,300.49817
36.25,9.25,ascending,301.44247
36.25,9.5,ascending,301.26834
36.25,9.75,ascending,299.20923
36.25,10.0,ascending,295.34198
36.25,10.25,ascending,285.51175
36.25,10.5,ascending,263.22348
36.25,10.75,ascending,243.46638
36.25,17.5,ascending,218.82474
36.25,17.75,ascending,218.85062
36.25,18.0,ascending,218.92812
36.25,18.25,ascending,219.06232
36.25,18.5,ascending,219.16922
36.25,18.75,ascending,219.09749
36.25,19.0,ascending,218.78726
36.25,19.25,ascending,218.453
36.25,19.5,ascending,218.16364
36.25,19.75,ascending,217.94221
36.25,20.0,ascending,217.736
36.25,20.25,ascending,217.4775
36.25,20.5,ascending,217.13887
36.25,20.75,ascending,216.82375
36.25,21.0,ascending,216.68375
36.25,21.25,ascending,216.465
36.25,21.5,ascending,216.01
36.25,21.75,ascending,215.4675
36.25,22.0,ascending,215.47142
36.25,22.25,ascending,216.58142
36.25,22.5,ascending,220.31999
36.25,22.75,ascending,223.72856
36.25,23.0,ascending,229.39166
36.25,23.25,ascending,228.29375
36.25,23.5,ascending,223.26
36.25,23.75,ascending,218.27875
36.25,24.0,ascending,216.99142
36.25,24.25,ascending,217.27333
36.25,24.5,ascending,218.70125
36.25,24.75,ascending,219.35832
36.25,25.0,ascending,219.80428
36.25,25.25,ascending,220.29
36.25,25.5,ascending,222.30429
36.25,25.75,ascending,220.95999
36.25,26.0,ascending,219.11833
36.25,26.25,ascending,217.64125
36.25,26.5,ascending,217.38167
36.25,26.75,ascending,216.58998
36.25,27.0,ascending,216.752
36.25,27.25,ascending,219.305
36.25,27.5,ascending,222.63713
36.25,27.75,ascending,231.29713
36.25,28.0,ascending,241.078
36.25,28.25,ascending,235.696
36.25,28.5,ascending,223.43666
36.25,28.75,ascending,224.448
36.25,29.0,ascending,236.44165
36.25,29.25,ascending,258.16876
36.25,29.5,ascending,273.6971
36.25,29.75,ascending,274.23712
36.25,30.0,ascending,272.93875
36.25,30.25,ascending,263.75998
36.25,30.5,ascending,251.70874
36.25,30.75,ascending,229.91
36.25,31.0,ascending,222.495
36.25,31.25,ascending,224.31125
36.25,31.5,ascending,230.03375
36.25,31.75,ascending,237.54141
36.25,32.0,ascending,247.4022
36.25,32.25,ascending,266.9625
36.25,32.5,ascending,279.3622
36.25,32.75,ascending,286.65222
36.25,33.0,ascending,286.06113
36.25,33.25,ascending,286.28
36.25,33.5,ascending,281.77798
36.25,33.75,ascending,269.6291
36.25,34.0,ascending,246.96362
36.25,34.25,ascending,225.94727
36.25,34.5,ascending,218.17332
36.25,34.75,ascending,218.01308
36.25,35.0,ascending,219.94682
36.25,35.25,ascending,221.14648
36.25,35.5,ascending,223.90521
36.5,-7.5,ascending,215.02666
36.5,-7.25,ascending,213.85443
36.5,-7.0,ascending,213.79117
36.5,-6.75,ascending,215.26213
36.5,-6.5,ascending,222.33499
36.5,-6.25,ascending,236.84082
36.5,-6.0,ascending,261.5025
36.5,-5.75,ascending,278.83182
36.5,-5.5,ascending,288.00446
36.5,-5.25,ascending,283.4825
36.5,-5.0,ascending,273.2389
36.5,-4.75,ascending,263.80777
36.5,-4.5,ascending,254.54199
36.5,-4.25,ascending,241.88666
36.5,-4.0,ascending,234.48332
36.5,-3.75,ascending,229.705
36.5,-3.5,ascending,231.66779
36.5,-3.25,ascending,233.9011
36.5,-3.0,ascending,236.44
36.5,-2.75,ascending,235.805
36.5,-2.5,ascending,235.15141
36.5,-2.25,ascending,235.59
36.5,-2.0,ascending,232.40714
36.5,-1.75,ascending,228.25374
36.5,-1.5,ascending,224.01125
36.5,-1.25,ascending,219.41429
36.5,-1.0,ascending,218.44624
36.5,-0.75,ascending,218.99666
36.5,-0.5,ascending,219.74374
36.5,-0.25,ascending,220.9343
36.5,-0.0,ascending,223.549
36.5,0.25,ascending,225.77333
36.5,0.5,ascending,230.14143
36.5,0.75,ascending,236.80429
36.5,1.0,ascending,240.83571
36.5,1.25,ascending,246.34625
36.5,1.5,ascending,251.07857
36.5,1.75,ascending,251.84142
36.5,2.0,ascending,255.48833
36.5,2.25,ascending,252.2825
36.5,2.5,ascending,255.68333
36.5,2.75,ascending,262.49142
36.5,3.0,ascending,270.21875
36.5,3.25,ascending,270.33572
36.5,3.5,ascending,275.05374
36.5,3.75,ascending,277.57858
36.5,4.0,ascending,283.715
36.5,4.25,ascending,282.92123
36.5,4.5,ascending,285.03998
36.5,4.75,ascending,281.65427
36.5,5.0,ascending,269.44998
36.5,5.25,ascending,266.9475
36.5,5.5,ascending,264.36874
36.5,5.75,ascending,275.25714
36.5,6.0,ascending,280.9357
36.5,6.25,ascending,286.76556
36.5,6.5,ascending,289.66376
36.5,6.75,ascending,287.41626
36.5,7.0,ascending,287.61124
36.5,7.25,ascending,288.45
36.5,7.5,ascending,284.20886
36.5,7.75,ascending,279.33124
36.5,8.0,ascending,279.90442
36.5,8.25,ascending,283.21625
36.5,8.5,ascending,287.49362
36.5,8.75,ascending,293.5327
36.5,9.0,ascending,298.2991
36.5,9.25,ascending,299.96725
36.5,9.5,ascending,300.07266
36.5,9.75,ascending,296.92926
36.5,10.0,ascending,289.2444
36.5,10.25,ascending,282.4853
36.5,10.5,ascending,276.10773
36.5,10.75,ascending,260.65134
36.5,17.25,ascending,218.66833
36.5,17.5,ascending,218.68799
36.5,17.75,ascending,218.7475
36.5,18.0,ascending,218.95374
36.5,18.25,ascending,219.09999
36.5,18.5,ascending,219.11615
36.5,18.75,ascending,218.949
36.5,19.0,ascending,218.70273
36.5,19.25,ascending,218.41637
36.5,19.5,ascending,218.22112
36.5,19.75,ascending,218.01498
36.5,20.0,ascending,217.76222
36.5,20.25,ascending,217.4225
36.5,20.5,ascending,216.99889
36.5,20.75,ascending,216.60999
36.5,21.0,ascending,216.24666
36.5,21.25,ascending,215.71332
36.5,21.5,ascending,215.50749
36.5,21.75,ascending,216.27875
36.5,22.0,ascending,220.50374
36.5,22.25,ascending,227.05888
36.5,22.5,ascending,233.05165
36.5,22.75,ascending,242.12375
36.5,23.0,ascending,245.08374
36.5,23.25,ascending,239.35857
36.5,23.5,ascending,224.97223
36.5,23.75,ascending,217.66856
36.5,24.0,ascending,217.02428
36.5,24.25,ascending,218.31429
36.5,24.5,ascending,221.68857
36.5,24.75,ascending,222.84125
36.5,25.0,ascending,222.57832
36.5,25.25,ascending,224.51428
36.5,25.5,ascending,226.41249
36.5,25.75,ascending,224.68666
36.5,26.0,ascending,220.90001
36.5,26.25,ascending,219.04167
36.5,26.5,ascending,217.7425
36.5,26.75,ascending,217.15666
36.5,27.0,ascending,219.9125
36.5,27.25,ascending,225.73999
36.5,27.5,ascending,228.61333
36.5,27.75,ascending,235.496
36.5,28.0,ascending,242.70221
36.5,28.25,ascending,243.73332
36.5,28.5,ascending,240.03
36.5,28.75,ascending,243.66833
36.5,29.0,ascending,256.03876
36.5,29.25,ascending,280.10797
36.5,29.5,ascending,289.385
36.5,29.75,ascending,290.96875
36.5,30.0,ascending,288.3
36.5,30.25,ascending,282.08624
36.5,30.5,ascending,268.27
36.5,30.75,ascending,245.51625
36.5,31.0,ascending,237.5625
36.5,31.25,ascending,240.49715
36.5,31.5,ascending,249.26
36.5,31.75,ascending,258.94626
36.5,32.0,ascending,270.02222
36.5,32.25,ascending,282.395
36.5,32.5,ascending,290.44376
36.5,32.75,ascending,293.62332
36.5,33.0,ascending,294.56818
36.5,33.25,ascending,294.91333
36.5,33.5,ascending,293.60272
36.5,33.75,ascending,289.85834
36.5,34.0,ascending,280.11832
36.5,34.25,ascending,259.1664
36.5,34.5,ascending,244.05067
36.5,34.75,ascending,239.4775
36.5,35.0,ascending,243.09332
36.5,35.25,ascending,247.2091
36.5,35.5,ascending,245.5722
36.75,-7.5,ascending,220.55598
36.75,-7.25,ascending,216.19351
36.75,-7.0,ascending,215.98438
36.75,-6.75,ascending,219.00229
36.75,-6.5,ascending,231.85786
36.75,-6.25,ascending,249.89635
36.75,-6.0,ascending,276.4875
36.75,-5.75,ascending,289.841
36.75,-5.5,ascending,295.961
36.75,-5.25,ascending,296.05
36.75,-5.0,ascending,292.518
36.75,-4.75,ascending,289.98666
36.75,-4.5,ascending,282.3211
36.75,-4.25,ascending,273.86624
36.75,-4.0,ascending,266.8475
36.75,-3.75,ascending,266.68875
36.75,-3.5,ascending,266.91855
36.75,-3.25,ascending,268.35248
36.75,-3.0,ascending,269.75998
36.75,-2.75,ascending,266.48285
36.75,-2.5,ascending,263.41125
36.75,-2.25,ascending,262.87997
36.75,-2.0,ascending,257.53125
36.75,-1.75,ascending,245.59427
36.75,-1.5,ascending,231.56834
36.75,-1.25,ascending,221.69429
36.75,-1.0,ascending,219.13249
36.75,-0.75,ascending,218.64285
36.75,-0.5,ascending,219.48833
36.75,-0.25,ascending,220.52713
36.75,-0.0,ascending,223.9
36.75,0.25,ascending,222.9725
36.75,0.5,ascending,224.41
36.75,0.75,ascending,226.05142
36.75,1.0,ascending,228.05833
36.75,1.25,ascending,228.66199
36.75,1.5,ascending,230.94875
36.75,1.75,ascending,231.23164
36.75,2.0,ascending,231.72499
36.75,2.25,ascending,232.1525
36.75,2.5,ascending,234.05249
36.75,2.75,ascending,237.20667
36.75,3.0,ascending,241.18889
36.75,3.25,ascending,242.31166
36.75,3.5,ascending,249.03499
36.75,3.75,ascending,255.1525
36.75,4.0,ascending,256.11
36.75,4.25,ascending,256.3
36.75,4.5,ascending,257.11444
36.75,4.75,ascending,255.47856
36.75,5.0,ascending,246.14
36.75,5.25,ascending,237.575
36.75,5.5,ascending,238.94286
36.75,5.75,ascending,249.07143
36.75,6.0,ascending,254.14249
36.75,6.25,ascending,265.16714
36.75,6.5,ascending,268.45428
36.75,6.75,ascending,265.8825
36.75,7.0,ascending,266.165
36.75,7.25,ascending,268.81
36.75,7.5,ascending,269.305
36.75,7.75,ascending,260.44223
36.75,8.0,ascending,256.90637
36.75,8.25,ascending,261.711
36.75,8.5,ascending,263.55698
36.75,8.75,ascending,275.18597
36.75,9.0,ascending,287.586
36.75,9.25,ascending,293.17917
36.75,9.5,ascending,293.64832
36.75,9.75,ascending,290.1323
36.75,10.0,ascending,275.93
36.75,10.25,ascending,260.69354
36.75,10.5,ascending,259.14706
36.75,10.75,ascending,260.20563
36.75,17.25,ascending,218.81667
36.75,17.5,ascending,218.94499
36.75,17.75,ascending,219.06499
36.75,18.0,ascending,219.22466
36.75,18.25,ascending,219.2325
36.75,18.5,ascending,219.13081
36.75,18.75,ascending,218.95454
36.75,19.0,ascending,218.727
36.75,19.25,ascending,218.48398
36.75,19.5,ascending,218.215
36.75,19.75,ascending,217.95375
36.75,20.0,ascending,217.67332
36.75,20.25,ascending,217.23553
36.75,20.5,ascending,216.75
36.75,20.75,ascending,216.25249
36.75,21.0,ascending,215.6225
36.75,21.25,ascending,215.375
36.75,21.5,ascending,217.70857
36.75,21.75,ascending,224.24142
36.75,22.0,ascending,236.985
36.75,22.25,ascending,251.67665
36.75,22.5,ascending,260.33124
36.75,22.75,ascending,268.60858
36.75,23.0,ascending,262.62668
36.75,23.25,ascending,242.21715
36.75,23.5,ascending,223.05333
36.75,23.75,ascending,217.98167
36.75,24.0,ascending,217.45624
36.75,24.25,ascending,219.21715
36.75,24.5,ascending,222.84143
36.75,24.75,ascending,224.38332
36.75,25.0,ascending,224.64856
36.75,25.25,ascending,228.13284
36.75,25.5,ascending,231.09714
36.75,25.75,ascending,227.87
36.75,26.0,ascending,222.56857
36.75,26.25,ascending,218.61427
36.75,26.5,ascending,217.27666
36.75,26.75,ascending,218.2
36.75,27.0,ascending,223.63124
36.75,27.25,ascending,229.87
36.75,27.5,ascending,238.01572
36.75,27.75,ascending,246.87999
36.75,28.0,ascending,258.81876
36.75,28.25,ascending,263.95285
36.75,28.5,ascending,269.52374
36.75,28.75,ascending,272.58145
36.75,29.0,ascending,282.67624
36.75,29.25,ascending,289.89334
36.75,29.5,ascending,296.46375
36.75,29.75,ascending,296.22665
36.75,30.0,ascending,294.01712
36.75,30.25,ascending,291.35376
36.75,30.5,ascending,283.75714
36.75,30.75,ascending,270.71143
36.75,31.0,ascending,263.5275
36.75,31.25,ascending,267.71
36.75,31.5,ascending,274.88
36.75,31.75,ascending,281.2225
36.75,32.0,ascending,286.66
36.75,32.25,ascending,291.475
36.75,32.5,ascending,294.95728
36.75,32.75,ascending,295.68777
36.75,33.0,ascending,295.58
36.75,33.25,ascending,294.8218
36.75,33.5,ascending,292.674
36.75,33.75,ascending,290.48727
36.75,34.0,ascending,289.34332
36.75,34.25,ascending,286.7725
36.75,34.5,ascending,278.17715
36.75,34.75,ascending,274.51358
36.75,35.0,ascending,276.36652
36.75,35.25,ascending,280.26825
36.75,35.5,ascending,277.39383
37.0,-7.75,ascending,250.12498
37.0,-7.5,ascending,237.0375
37.0,-7.25,ascending,229.08235
37.0,-7.0,ascending,231.23999
37.0,-6.75,ascending,236.33499
37.0,-6.5,ascending,255.43166
37.0,-6.25,ascending,272.27417
37.0,-6.0,ascending,288.66544
37.0,-5.75,ascending,295.70544
37.0,-5.5,ascending,298.746
37.0,-5.25,ascending,300.05908
37.0,-5.0,ascending,299.94
37.0,-4.75,ascending,298.97626
37.0,-4.5,ascending,296.77222
37.0,-4.25,ascending,294.35556
37.0,-4.0,ascending,291.76443
37.0,-3.75,ascending,291.2389
37.0,-3.5,ascending,290.41125
37.0,-3.25,ascending,289.3275
37.0,-3.0,ascending,289.86
37.0,-2.75,ascending,287.91623
37.0,-2.5,ascending,286.13715
37.0,-2.25,ascending,286.84875
37.0,-2.0,ascending,278.57285
37.0,-1.75,ascending,260.37857
37.0,-1.5,ascending,242.08142
37.0,-1.25,ascending,229.47624
37.0,-1.0,ascending,223.91333
37.0,-0.75,ascending,222.06999
37.0,-0.5,ascending,221.42499
37.0,-0.25,ascending,221.11499
37.0,-0.0,ascending,223.19499
37.0,0.25,ascending,222.48286
37.0,0.5,ascending,223.35286
37.0,0.75,ascending,223.93834
37.0,1.0,ascending,224.11374
37.0,1.25,ascending,223.84714
37.0,1.5,ascending,223.73332
37.0,1.75,ascending,223.91713
37.0,2.0,ascending,223.24571
37.0,2.25,ascending,224.08427
37.0,2.5,ascending,223.27625
37.0,2.75,ascending,224.47142
37.0,3.0,ascending,225.78198
37.0,3.25,ascending,226.46399
37.0,3.5,ascending,229.7475
37.0,3.75,ascending,233.13571
37.0,4.0,ascending,233.84499
37.0,4.25,ascending,232.92334
37.0,4.5,ascending,230.805
37.0,4.75,ascending,232.63
37.0,5.0,ascending,227.465
37.0,5.25,ascending,223.15572
37.0,5.5,ascending,224.0275
37.0,5.75,ascending,225.78874
37.0,6.0,ascending,229.58556
37.0,6.25,ascending,238.14749
37.0,6.5,ascending,242.18777
37.0,6.75,ascending,240.5275
37.0,7.0,ascending,237.7
37.0,7.25,ascending,242.1025
37.0,7.5,ascending,242.28299
37.0,7.75,ascending,237.34999
37.0,8.0,ascending,231.84999
37.0,8.25,ascending,233.202
37.0,8.5,ascending,234.80092
37.0,8.75,ascending,243.771
37.0,9.0,ascending,257.37616
37.0,9.25,ascending,271.06818
37.0,9.5,ascending,275.4277
37.0,9.75,ascending,272.02786
37.0,10.0,ascending,259.87766
37.0,10.25,ascending,241.26888
37.0,10.5,ascending,234.0161
37.0,10.75,ascending,235.94429
37.0,17.0,ascending,218.95601
37.0,17.25,ascending,218.98001
37.0,17.5,ascending,219.14467
37.0,17.75,ascending,219.27132
37.0,18.0,ascending,219.2957
37.0,18.25,ascending,219.25636
37.0,18.5,ascending,219.06537
37.0,18.75,ascending,218.83818
37.0,19.0,ascending,218.59999
37.0,19.25,ascending,218.34
37.0,19.5,ascending,218.06332
37.0,19.75,ascending,217.72888
37.0,20.0,ascending,217.352
37.0,20.25,ascending,216.915
37.0,20.5,ascending,216.399
37.0,20.75,ascending,215.62125
37.0,21.0,ascending,215.05333
37.0,21.25,ascending,216.29443
37.0,21.5,ascending,223.77625
37.0,21.75,ascending,239.6525
37.0,22.0,ascending,259.82748
37.0,22.25,ascending,275.59875
37.0,22.5,ascending,284.14716
37.0,22.75,ascending,283.03427
37.0,23.0,ascending,265.72748
37.0,23.25,ascending,239.37874
37.0,23.5,ascending,226.5657
37.0,23.75,ascending,221.9157
37.0,24.0,ascending,218.28499
37.0,24.25,ascending,218.9357
37.0,24.5,ascending,222.3457
37.0,24.75,ascending,224.15428
37.0,25.0,ascending,225.52
37.0,25.25,ascending,230.68
37.0,25.5,ascending,232.79285
37.0,25.75,ascending,228.09142
37.0,26.0,ascending,221.04857
37.0,26.25,ascending,218.91856
37.0,26.5,ascending,218.22856
37.0,26.75,ascending,220.04625
37.0,27.0,ascending,224.93
37.0,27.25,ascending,234.05571
37.0,27.5,ascending,251.93498
37.0,27.75,ascending,269.59857
37.0,28.0,ascending,279.07126
37.0,28.25,ascending,285.2143
37.0,28.5,ascending,288.19284
37.0,28.75,ascending,292.7525
37.0,29.0,ascending,294.3357
37.0,29.25,ascending,296.87
37.0,29.5,ascending,298.5914
37.0,29.75,ascending,298.05426
37.0,30.0,ascending,296.0675
37.0,30.25,ascending,295.1971
37.0,30.5,ascending,293.04248
37.0,30.75,ascending,289.03375
37.0,31.0,ascending,287.41626
37.0,31.25,ascending,287.2922
37.0,31.5,ascending,289.67224
37.0,31.75,ascending,292.0925
37.0,32.0,ascending,293.78598
37.0,32.25,ascending,295.6425
37.0,32.5,ascending,297.70123
37.0,32.75,ascending,298.064
37.0,33.0,ascending,297.5589
37.0,33.25,ascending,296.05698
37.0,33.5,ascending,293.45908
37.0,33.75,ascending,289.89334
37.0,34.0,ascending,287.74908
37.0,34.25,ascending,289.4946
37.0,34.5,ascending,292.44064
37.0,34.75,ascending,293.8431
37.0,35.0,ascending,294.77222
37.0,35.25,ascending,294.24478
37.0,35.5,ascending,292.47998
37.25,-7.75,ascending,276.84363
37.25,-7.5,ascending,272.42166
37.25,-7.25,ascending,267.27124
37.25,-7.0,ascending,269.77142
37.25,-6.75,ascending,273.905
37.25,-6.5,ascending,286.4875
37.25,-6.25,ascending,292.2125
37.25,-6.0,ascending,296.5991
37.25,-5.75,ascending,298.1
37.25,-5.5,ascending,299.761
37.25,-5.25,ascending,301.01443
37.25,-5.0,ascending,301.2389
37.25,-4.75,ascending,300.53888
37.25,-4.5,ascending,299.59375
37.25,-4.25,ascending,298.82126
37.25,-4.0,ascending,297.96625
37.25,-3.75,ascending,297.1575
37.25,-3.5,ascending,295.98856
37.25,-3.25,ascending,295.10284
37.25,-3.0,ascending,294.88126
37.25,-2.75,ascending,294.82144
37.25,-2.5,ascending,294.75287
37.25,-2.25,ascending,293.87997
37.25,-2.0,ascending,287.53854
37.25,-1.75,ascending,275.4025
37.25,-1.5,ascending,258.58875
37.25,-1.25,ascending,245.39572
37.25,-1.0,ascending,236.5657
37.25,-0.75,ascending,234.21498
37.25,-0.5,ascending,227.95142
37.25,-0.25,ascending,223.09143
37.25,-0.0,ascending,221.79857
37.25,0.25,ascending,222.46999
37.25,0.5,ascending,223.26833
37.25,0.75,ascending,223.75285
37.25,1.0,ascending,223.56142
37.25,1.25,ascending,223.12166
37.25,1.5,ascending,222.70999
37.25,1.75,ascending,222.40833
37.25,2.0,ascending,222.37143
37.25,2.25,ascending,222.3
37.25,2.5,ascending,222.015
37.25,2.75,ascending,221.79
37.25,3.0,ascending,221.91249
37.25,3.25,ascending,221.51
37.25,3.5,ascending,221.71875
37.25,3.75,ascending,222.22285
37.25,4.0,ascending,223.33499
37.25,4.25,ascending,222.85167
37.25,4.5,ascending,222.32143
37.25,4.75,ascending,222.06142
37.25,5.0,ascending,221.40428
37.25,5.25,ascending,220.19142
37.25,5.5,ascending,219.91713
37.25,5.75,ascending,220.13428
37.25,6.0,ascending,220.93857
37.25,6.25,ascending,223.28285
37.25,6.5,ascending,224.8725
37.25,6.75,ascending,224.69624
37.25,7.0,ascending,224.3875
37.25,7.25,ascending,225.61111
37.25,7.5,ascending,225.14749
37.25,7.75,ascending,223.99222
37.25,8.0,ascending,222.37909
37.25,8.25,ascending,221.66098
37.25,8.5,ascending,222.39249
37.25,8.75,ascending,224.3075
37.25,9.0,ascending,228.35635
37.25,9.25,ascending,238.92181
37.25,9.5,ascending,244.80153
37.25,9.75,ascending,242.87071
37.25,10.0,ascending,238.01062
37.25,10.25,ascending,229.523
37.25,10.5,ascending,224.8173
37.25,10.75,ascending,225.45999
37.25,17.0,ascending,218.9857
37.25,17.25,ascending,219.06166
37.25,17.5,ascending,219.16624
37.25,17.75,ascending,219.23769
37.25,18.0,ascending,219.17538
37.25,18.25,ascending,219.06749
37.25,18.5,ascending,218.82901
37.25,18.75,ascending,218.668
37.25,19.0,ascending,218.43698
37.25,19.25,ascending,218.11444
37.25,19.5,ascending,217.72556
37.25,19.75,ascending,217.26999
37.25,20.0,ascending,216.82222
37.25,20.25,ascending,216.44249
37.25,20.5,ascending,215.84
37.25,20.75,ascending,215.15
37.25,21.0,ascending,215.51999
37.25,21.25,ascending,218.80249
37.25,21.5,ascending,230.01857
37.25,21.75,ascending,251.23428
37.25,22.0,ascending,276.31
37.25,22.25,ascending,288.36166
37.25,22.5,ascending,290.96875
37.25,22.75,ascending,281.99
37.25,23.0,ascending,260.88998
37.25,23.25,ascending,248.37834
37.25,23.5,ascending,237.24284
37.25,23.75,ascending,226.93286
37.25,24.0,ascending,220.39624
37.25,24.25,ascending,223.51166
37.25,24.5,ascending,224.98625
37.25,24.75,ascending,223.986
37.25,25.0,ascending,225.95142
37.25,25.25,ascending,230.10571
37.25,25.5,ascending,228.56142
37.25,25.75,ascending,223.39
37.25,26.0,ascending,220.66833
37.25,26.25,ascending,221.19832
37.25,26.5,ascending,220.98999
37.25,26.75,ascending,222.384
37.25,27.0,ascending,226.84143
37.25,27.25,ascending,241.25285
37.25,27.5,ascending,265.52374
37.25,27.75,ascending,284.0725
37.25,28.0,ascending,291.41165
37.25,28.25,ascending,293.99
37.25,28.5,ascending,295.78165
37.25,28.75,ascending,297.95667
37.25,29.0,ascending,297.99124
37.25,29.25,ascending,298.22287
37.25,29.5,ascending,299.3357
37.25,29.75,ascending,298.31143
37.25,30.0,ascending,296.52625
37.25,30.25,ascending,295.9243
37.25,30.5,ascending,295.79248
37.25,30.75,ascending,294.1943
37.25,31.0,ascending,293.13123
37.25,31.25,ascending,291.22144
37.25,31.5,ascending,290.5725
37.25,31.75,ascending,294.56555
37.25,32.0,ascending,296.8344
37.25,32.25,ascending,297.9711
37.25,32.5,ascending,299.08798
37.25,32.75,ascending,300.039
37.25,33.0,ascending,300.2709
37.25,33.25,ascending,299.78363
37.25,33.5,ascending,298.029
37.25,33.75,ascending,295.25
37.25,34.0,ascending,291.88416
37.25,34.25,ascending,290.81332
37.25,34.5,ascending,292.65933
37.25,34.75,ascending,295.70734
37.25,35.0,ascending,297.76947
37.25,35.25,ascending,297.77808
37.25,35.5,ascending,296.92
37.5,-7.75,ascending,292.59528
37.5,-7.5,ascending,293.11353
37.5,-7.25,ascending,293.572
37.5,-7.0,ascending,294.33643
37.5,-6.75,ascending,295.42535
37.5,-6.5,ascending,297.4425
37.5,-6.25,ascending,297.8409
37.5,-6.0,ascending,297.8089
37.5,-5.75,ascending,298.03415
37.5,-5.5,ascending,298.98776
37.5,-5.25,ascending,299.31775
37.5,-5.0,ascending,299.67886
37.5,-4.75,ascending,299.625
37.5,-4.5,ascending,299.99667
37.5,-4.25,ascending,300.28
37.5,-4.0,ascending,299.97223
37.5,-3.75,ascending,298.94446
37.5,-3.5,ascending,297.59
37.5,-3.25,ascending,296.935
37.5,-3.0,ascending,296.78125
37.5,-2.75,ascending,296.35715
37.5,-2.5,ascending,295.81375
37.5,-2.25,ascending,294.98285
37.5,-2.0,ascending,292.25427
37.5,-1.75,ascending,286.96335
37.5,-1.5,ascending,277.705
37.5,-1.25,ascending,270.405
37.5,-1.0,ascending,261.6525
37.5,-0.75,ascending,253.58714
37.5,-0.5,ascending,236.65857
37.5,-0.25,ascending,226.06142
37.5,-0.0,ascending,223.42221
37.5,0.25,ascending,222.01714
37.5,0.5,ascending,222.68
37.5,0.75,ascending,223.22333
37.5,1.0,ascending,223.1657
37.5,1.25,ascending,223.01166
37.5,1.5,ascending,222.77
37.5,1.75,ascending,222.52571
37.5,2.0,ascending,222.50572
37.5,2.25,ascending,222.36499
37.5,2.5,ascending,222.01857
37.5,2.75,ascending,221.72714
37.5,3.0,ascending,221.3725
37.5,3.25,ascending,221.23999
37.5,3.5,ascending,221.38889
37.5,3.75,ascending,221.565
37.5,4.0,ascending,221.67667
37.5,4.25,ascending,221.80165
37.5,4.5,ascending,221.78874
37.5,4.75,ascending,221.55856
37.5,5.0,ascending,220.7675
37.5,5.25,ascending,220.08571
37.5,5.5,ascending,219.61223
37.5,5.75,ascending,219.45857
37.5,6.0,ascending,219.61333
37.5,6.25,ascending,220.00125
37.5,6.5,ascending,220.47249
37.5,6.75,ascending,221.05
37.5,7.0,ascending,221.50111
37.5,7.25,ascending,221.625
37.5,7.5,ascending,221.58798
37.5,7.75,ascending,220.96625
37.5,8.0,ascending,220.43
37.5,8.25,ascending,220.35889
37.5,8.5,ascending,220.58667
37.5,8.75,ascending,221.07
37.5,9.0,ascending,221.62726
37.5,9.25,ascending,222.96999
37.5,9.5,ascending,224.28932
37.5,9.75,ascending,224.92693
37.5,10.0,ascending,223.98822
37.5,10.25,ascending,222.826
37.5,10.5,ascending,222.50371
37.5,10.75,ascending,223.405
37.5,16.75,ascending,219.11333
37.5,17.0,ascending,218.98555
37.5,17.25,ascending,219.01944
37.5,17.5,ascending,219.062
37.5,17.75,ascending,219.06078
37.5,18.0,ascending,218.94154
37.5,18.25,ascending,218.84273
37.5,18.5,ascending,218.71999
37.5,18.75,ascending,218.52751
37.5,19.0,ascending,218.17
37.5,19.25,ascending,217.665
37.5,19.5,ascending,217.066
37.5,19.75,ascending,216.65222
37.5,20.0,ascending,216.23999
37.5,20.25,ascending,215.90875
37.5,20.5,ascending,215.75665
37.5,20.75,ascending,217.38777
37.5,21.0,ascending,220.49715
37.5,21.25,ascending,225.02141
37.5,21.5,ascending,240.30222
37.5,21.75,ascending,266.35126
37.5,22.0,ascending,286.37833
37.5,22.25,ascending,291.55374
37.5,22.5,ascending,289.9757
37.5,22.75,ascending,280.3343
37.5,23.0,ascending,269.28625
37.5,23.25,ascending,259.52332
37.5,23.5,ascending,243.93625
37.5,23.75,ascending,230.854
37.5,24.0,ascending,232.285
37.5,24.25,ascending,232.94331
37.5,24.5,ascending,229.87999
37.5,24.75,ascending,226.61499
37.5,25.0,ascending,229.31123
37.5,25.25,ascending,229.002
37.5,25.5,ascending,224.92285
37.5,25.75,ascending,221.07375
37.5,26.0,ascending,221.80713
37.5,26.25,ascending,223.8243
37.5,26.5,ascending,223.96855
37.5,26.75,ascending,227.04999
37.5,27.0,ascending,235.5111
37.5,27.25,ascending,253.86165
37.5,27.5,ascending,278.68167
37.5,27.75,ascending,291.31284
37.5,28.0,ascending,295.56873
37.5,28.25,ascending,296.1614
37.5,28.5,ascending,296.9957
37.5,28.75,ascending,298.22665
37.5,29.0,ascending,298.08286
37.5,29.25,ascending,298.0557
37.5,29.5,ascending,299.04248
37.5,29.75,ascending,297.60858
37.5,30.0,ascending,295.41
37.5,30.25,ascending,294.43286
37.5,30.5,ascending,294.34998
37.5,30.75,ascending,292.35
37.5,31.0,ascending,291.4925
37.5,31.25,ascending,287.88998
37.5,31.5,ascending,285.41248
37.5,31.75,ascending,291.58
37.5,32.0,ascending,297.4911
37.5,32.25,ascending,298.67874
37.5,32.5,ascending,299.38666
37.5,32.75,ascending,299.86624
37.5,33.0,ascending,301.244
37.5,33.25,ascending,302.767
37.5,33.5,ascending,303.29248
37.5,33.75,ascending,302.7358
37.5,34.0,ascending,300.65076
37.5,34.25,ascending,299.6207
37.5,34.5,ascending,297.7525
37.5,34.75,ascending,296.54443
37.5,35.0,ascending,296.62906
37.5,35.25,ascending,297.5904
37.75,-8.0,ascending,296.5175
37.75,-7.75,ascending,296.32895
37.75,-7.5,ascending,296.92813
37.75,-7.25,ascending,297.29538
37.75,-7.0,ascending,297.51077
37.75,-6.75,ascending,297.8033
37.75,-6.5,ascending,297.99
37.75,-6.25,ascending,298.06546
37.75,-6.0,ascending,298.01776
37.75,-5.75,ascending,297.94778
37.75,-5.5,ascending,297.825
37.75,-5.25,ascending,297.68
37.75,-5.0,ascending,298.251
37.75,-4.75,ascending,299.36124
37.75,-4.5,ascending,300.51248
37.75,-4.25,ascending,301.13284
37.75,-4.0,ascending,300.91998
37.75,-3.75,ascending,299.95624
37.75,-3.5,ascending,299.025
37.75,-3.25,ascending,298.6914
37.75,-3.0,ascending,298.29428
37.75,-2.75,ascending,296.96124
37.75,-2.5,ascending,295.63498
37.75,-2.25,ascending,295.06143
37.75,-2.0,ascending,294.78
37.75,-1.75,ascending,293.68124
37.75,-1.5,ascending,290.80875
37.75,-1.25,ascending,287.51166
37.75,-1.0,ascending,282.81714
37.75,-0.75,ascending,268.92667
37.75,-0.5,ascending,247.26125
37.75,-0.25,ascending,230.47499
37.75,-0.0,ascending,224.61111
37.75,0.25,ascending,222.02834
37.75,0.5,ascending,222.15332
37.75,0.75,ascending,222.57999
37.75,1.0,ascending,222.96
37.75,1.25,ascending,223.16573
37.75,1.5,ascending,223.05666
37.75,1.75,ascending,223.19998
37.75,2.0,ascending,223.09166
37.75,2.25,ascending,222.80666
37.75,2.5,ascending,222.47374
37.75,2.75,ascending,221.91142
37.75,3.0,ascending,221.515
37.75,3.25,ascending,221.42998
37.75,3.5,ascending,221.81749
37.75,3.75,ascending,222.11856
37.75,4.0,ascending,222.47571
37.75,4.25,ascending,222.73749
37.75,4.5,ascending,222.51332
37.75,4.75,ascending,221.92833
37.75,5.0,ascending,221.23375
37.75,5.25,ascending,220.35286
37.75,5.5,ascending,219.68001
37.75,5.75,ascending,219.38374
37.75,6.0,ascending,219.50856
37.75,6.25,ascending,219.68713
37.75,6.5,ascending,219.83499
37.75,6.75,ascending,220.37111
37.75,7.0,ascending,221.09125
37.75,7.25,ascending,221.27333
37.75,7.5,ascending,221.23553
37.75,7.75,ascending,221.22665
37.75,8.0,ascending,221.16899
37.75,8.25,ascending,221.054
37.75,8.5,ascending,221.25223
37.75,8.75,ascending,221.422
37.75,9.0,ascending,221.40416
37.75,9.25,ascending,221.3809
37.75,9.5,ascending,221.46071
37.75,9.75,ascending,221.68213
37.75,10.0,ascending,221.91823
37.75,10.25,ascending,222.245
37.75,10.5,ascending,222.61876
37.75,16.75,ascending,220.50092
37.75,17.0,ascending,219.49445
37.75,17.25,ascending,219.07533
37.75,17.5,ascending,219.03334
37.75,17.75,ascending,218.94385
37.75,18.0,ascending,218.83333
37.75,18.25,ascending,218.73
37.75,18.5,ascending,218.571
37.75,18.75,ascending,218.251
37.75,19.0,ascending,217.67221
37.75,19.25,ascending,216.922
37.75,19.5,ascending,216.34111
37.75,19.75,ascending,215.95125
37.75,20.0,ascending,215.65999
37.75,20.25,ascending,215.67778
37.75,20.5,ascending,217.77374
37.75,20.75,ascending,223.595
37.75,21.0,ascending,228.77856
37.75,21.25,ascending,235.9525
37.75,21.5,ascending,254.94998
37.75,21.75,ascending,275.88858
37.75,22.0,ascending,286.0925
37.75,22.25,ascending,289.83856
37.75,22.5,ascending,286.2825
37.75,22.75,ascending,279.3514
37.75,23.0,ascending,268.12875
37.75,23.25,ascending,256.8125
37.75,23.5,ascending,248.65572
37.75,23.75,ascending,247.4457
37.75,24.0,ascending,253.59286
37.75,24.25,ascending,243.38428
37.75,24.5,ascending,234.89832
37.75,24.75,ascending,232.00334
37.75,25.0,ascending,230.255
37.75,25.25,ascending,224.75749
37.75,25.5,ascending,220.97002
37.75,25.75,ascending,220.245
37.75,26.0,ascending,223.4257
37.75,26.25,ascending,226.124
37.75,26.5,ascending,228.94571
37.75,26.75,ascending,236.0657
37.75,27.0,ascending,246.90332
37.75,27.25,ascending,265.736
37.75,27.5,ascending,284.53375
37.75,27.75,ascending,294.0143
37.75,28.0,ascending,295.61142
37.75,28.25,ascending,295.88623
37.75,28.5,ascending,296.72574
37.75,28.75,ascending,297.94376
37.75,29.0,ascending,298.15802
37.75,29.25,ascending,298.1875
37.75,29.5,ascending,298.66428
37.75,29.75,ascending,297.2983
37.75,30.0,ascending,295.04874
37.75,30.25,ascending,294.25858
37.75,30.5,ascending,292.72748
37.75,30.75,ascending,287.8925
37.75,31.0,ascending,288.2475
37.75,31.25,ascending,287.44998
37.75,31.5,ascending,284.8678
37.75,31.75,ascending,291.66873
37.75,32.0,ascending,297.32748
37.75,32.25,ascending,297.9411
37.75,32.5,ascending,298.427
37.75,32.75,ascending,298.95273
37.75,33.0,ascending,300.43097
37.75,33.25,ascending,303.54553
37.75,33.5,ascending,305.78088
37.75,33.75,ascending,306.4491
37.75,34.0,ascending,305.69846
37.75,34.25,ascending,304.145
37.75,34.5,ascending,301.69797
37.75,34.75,ascending,298.294
37.75,35.0,ascending,295.20087
37.75,35.25,ascending,295.0938
38.0,-8.0,ascending,297.95062
38.0,-7.75,ascending,298.2142
38.0,-7.5,ascending,298.30667
38.0,-7.25,ascending,298.16357
38.0,-7.0,ascending,298.07614
38.0,-6.75,ascending,298.00635
38.0,-6.5,ascending,298.15182
38.0,-6.25,ascending,298.5209
38.0,-6.0,ascending,298.60443
38.0,-5.75,ascending,298.494
38.0,-5.5,ascending,298.12634
38.0,-5.25,ascending,298.0
38.0,-5.0,ascending,298.257
38.0,-4.75,ascending,298.8611
38.0,-4.5,ascending,299.6811
38.0,-4.25,ascending,300.0611
38.0,-4.0,ascending,300.00424
38.0,-3.75,ascending,299.90875
38.0,-3.5,ascending,299.79572
38.0,-3.25,ascending,299.6875
38.0,-3.0,ascending,298.92123
38.0,-2.75,ascending,297.23666
38.0,-2.5,ascending,295.875
38.0,-2.25,ascending,295.41623
38.0,-2.0,ascending,295.53625
38.0,-1.75,ascending,295.9243
38.0,-1.5,ascending,295.8857
38.0,-1.25,ascending,294.48373
38.0,-1.0,ascending,289.6143
38.0,-0.75,ascending,276.81833
38.0,-0.5,ascending,258.28125
38.0,-0.25,ascending,241.065
38.0,-0.0,ascending,229.827
38.0,0.25,ascending,225.10715
38.0,0.5,ascending,222.87285
38.0,0.75,ascending,222.50665
38.0,1.0,ascending,222.89125
38.0,1.25,ascending,223.42665
38.0,1.5,ascending,223.98375
38.0,1.75,ascending,224.33667
38.0,2.0,ascending,224.19858
38.0,2.25,ascending,223.81499
38.0,2.5,ascending,223.21858
38.0,2.75,ascending,222.32166
38.0,3.0,ascending,221.81499
38.0,3.25,ascending,221.71799
38.0,3.5,ascending,221.924
38.0,3.75,ascending,222.22998
38.0,4.0,ascending,222.64
38.0,4.25,ascending,223.025
38.0,4.5,ascending,222.66286
38.0,4.75,ascending,221.9775
38.0,5.0,ascending,221.48
38.0,5.25,ascending,220.74428
38.0,5.5,ascending,219.85374
38.0,5.75,ascending,219.42499
38.0,6.0,ascending,219.4475
38.0,6.25,ascending,219.67874
38.0,6.5,ascending,219.7711
38.0,6.75,ascending,220.07625
38.0,7.0,ascending,220.745
38.0,7.25,ascending,221.05444
38.0,7.5,ascending,221.15111
38.0,7.75,ascending,221.5689
38.0,8.0,ascending,221.88222
38.0,8.25,ascending,222.001
38.0,8.5,ascending,222.11546
38.0,8.75,ascending,222.33272
38.0,9.0,ascending,222.30153
38.0,9.25,ascending,222.19666
38.0,9.5,ascending,222.33867
38.0,9.75,ascending,222.612
38.0,10.0,ascending,222.98555
38.0,10.25,ascending,223.15999
38.0,10.5,ascending,223.2621
38.0,16.75,ascending,222.99684
38.0,17.0,ascending,220.56187
38.0,17.25,ascending,219.5575
38.0,17.5,ascending,219.03539
38.0,17.75,ascending,218.76923
38.0,18.0,ascending,218.61
38.0,18.25,ascending,218.45454
38.0,18.5,ascending,218.16
38.0,18.75,ascending,217.673
38.0,19.0,ascending,217.03401
38.0,19.25,ascending,216.27222
38.0,19.5,ascending,215.82777
38.0,19.75,ascending,215.47
38.0,20.0,ascending,215.316
38.0,20.25,ascending,216.81285
38.0,20.5,ascending,222.07443
38.0,20.75,ascending,229.28749
38.0,21.0,ascending,233.16856
38.0,21.25,ascending,240.025
38.0,21.5,ascending,256.6725
38.0,21.75,ascending,271.65143
38.0,22.0,ascending,280.29498
38.0,22.25,ascending,280.85
38.0,22.5,ascending,272.60715
38.0,22.75,ascending,264.55997
38.0,23.0,ascending,260.56497
38.0,23.25,ascending,263.025
38.0,23.5,ascending,270.04855
38.0,23.75,ascending,270.36874
38.0,24.0,ascending,266.1083
38.0,24.25,ascending,251.93286
38.0,24.5,ascending,240.39856
38.0,24.75,ascending,229.94249
38.0,25.0,ascending,224.08142
38.0,25.25,ascending,220.08667
38.0,25.5,ascending,219.795
38.0,25.75,ascending,221.18666
38.0,26.0,ascending,227.39429
38.0,26.25,ascending,231.89429
38.0,26.5,ascending,238.80428
38.0,26.75,ascending,247.86429
38.0,27.0,ascending,259.35333
38.0,27.25,ascending,278.15375
38.0,27.5,ascending,291.28143
38.0,27.75,ascending,295.2543
38.0,28.0,ascending,295.32373
38.0,28.25,ascending,295.54144
38.0,28.5,ascending,296.72876
38.0,28.75,ascending,298.27142
38.0,29.0,ascending,298.775
38.0,29.25,ascending,299.12167
38.0,29.5,ascending,298.69125
38.0,29.75,ascending,296.8811
38.0,30.0,ascending,295.8057
38.0,30.25,ascending,295.9343
38.0,30.5,ascending,293.8475
38.0,30.75,ascending,287.56857
38.0,31.0,ascending,286.6378
38.0,31.25,ascending,290.49
38.0,31.5,ascending,291.41748
38.0,31.75,ascending,294.85498
38.0,32.0,ascending,298.41998
38.0,32.25,ascending,299.1475
38.0,32.5,ascending,299.44748
38.0,32.75,ascending,299.09778
38.0,33.0,ascending,299.56445
38.0,33.25,ascending,302.975
38.0,33.5,ascending,306.24182
38.0,33.75,ascending,306.9025
38.0,34.0,ascending,306.02414
38.0,34.25,ascending,304.41132
38.0,34.5,ascending,302.6875
38.0,34.75,ascending,300.90842
38.0,35.0,ascending,298.45682
38.0,35.25,ascending,297.17703
38.25,-8.25,ascending,297.40833
38.25,-8.0,ascending,297.50366
38.25,-7.75,ascending,297.33435
38.25,-7.5,ascending,297.06
38.25,-7.25,ascending,296.52536
38.25,-7.0,ascending,296.925
38.25,-6.75,ascending,297.79083
38.25,-6.5,ascending,298.617
38.25,-6.25,ascending,299.20798
38.25,-6.0,ascending,299.22906
38.25,-5.75,ascending,298.87665
38.25,-5.5,ascending,298.465
38.25,-5.25,ascending,298.25125
38.25,-5.0,ascending,298.45123
38.25,-4.75,ascending,298.8375
38.25,-4.5,ascending,299.07
38.25,-4.25,ascending,299.03497
38.25,-4.0,ascending,299.04
38.25,-3.75,ascending,299.0425
38.25,-3.5,ascending,299.10666
38.25,-3.25,ascending,299.16284
38.25,-3.0,ascending,298.6733
38.25,-2.75,ascending,297.66443
38.25,-2.5,ascending,296.77
38.25,-2.25,ascending,296.12714
38.25,-2.0,ascending,295.77664
38.25,-1.75,ascending,295.795
38.25,-1.5,ascending,295.64832
38.25,-1.25,ascending,294.93143
38.25,-1.0,ascending,292.7457
38.25,-0.75,ascending,285.63428
38.25,-0.5,ascending,272.86667
38.25,-0.25,ascending,257.6957
38.25,-0.0,ascending,236.97778
38.25,0.25,ascending,234.39166
38.25,0.5,ascending,225.46286
38.25,0.75,ascending,222.65666
38.25,1.0,ascending,222.91713
38.25,1.25,ascending,224.16833
38.25,1.5,ascending,225.91333
38.25,1.75,ascending,226.05833
38.25,2.0,ascending,225.0425
38.25,2.25,ascending,224.41833
38.25,2.5,ascending,223.70601
38.25,2.75,ascending,222.91
38.25,3.0,ascending,222.4225
38.25,3.25,ascending,222.33167
38.25,3.5,ascending,222.40889
38.25,3.75,ascending,222.45833
38.25,4.0,ascending,222.585
38.25,4.25,ascending,222.54141
38.25,4.5,ascending,222.30875
38.25,4.75,ascending,221.92
38.25,5.0,ascending,221.69624
38.25,5.25,ascending,221.08286
38.25,5.5,ascending,219.97142
38.25,5.75,ascending,219.38666
38.25,6.0,ascending,219.25749
38.25,6.25,ascending,219.58875
38.25,6.5,ascending,219.8375
38.25,6.75,ascending,219.85571
38.25,7.0,ascending,220.293
38.25,7.25,ascending,220.64429
38.25,7.5,ascending,220.755
38.25,7.75,ascending,221.27818
38.25,8.0,ascending,222.02667
38.25,8.25,ascending,222.74554
38.25,8.5,ascending,223.19727
38.25,8.75,ascending,223.075
38.25,9.0,ascending,223.00768
38.25,9.25,ascending,222.96
38.25,9.5,ascending,223.14928
38.25,9.75,ascending,223.37572
38.25,10.0,ascending,223.50223
38.25,10.25,ascending,223.41591
38.25,10.5,ascending,223.28624
38.25,16.5,ascending,234.37
38.25,16.75,ascending,230.8075
38.25,17.0,ascending,225.30562
38.25,17.25,ascending,221.77144
38.25,17.5,ascending,219.19385
38.25,17.75,ascending,218.46
38.25,18.0,ascending,218.31
38.25,18.25,ascending,218.12274
38.25,18.5,ascending,217.721
38.25,18.75,ascending,217.029
38.25,19.0,ascending,216.38333
38.25,19.25,ascending,215.75221
38.25,19.5,ascending,215.39555
38.25,19.75,ascending,215.1525
38.25,20.0,ascending,215.64499
38.25,20.25,ascending,219.135
38.25,20.5,ascending,225.55142
38.25,20.75,ascending,230.14778
38.25,21.0,ascending,231.99374
38.25,21.25,ascending,242.29713
38.25,21.5,ascending,258.14716
38.25,21.75,ascending,271.59375
38.25,22.0,ascending,276.72
38.25,22.25,ascending,273.38998
38.25,22.5,ascending,268.06143
38.25,22.75,ascending,266.38623
38.25,23.0,ascending,274.93
38.25,23.25,ascending,277.82144
38.25,23.5,ascending,277.968
38.25,23.75,ascending,273.6825
38.25,24.0,ascending,265.23666
38.25,24.25,ascending,249.93001
38.25,24.5,ascending,233.50334
38.25,24.75,ascending,222.085
38.25,25.0,ascending,219.39429
38.25,25.25,ascending,219.18834
38.25,25.5,ascending,220.21999
38.25,25.75,ascending,223.91374
38.25,26.0,ascending,234.19499
38.25,26.25,ascending,238.83714
38.25,26.5,ascending,244.77998
38.25,26.75,ascending,254.10333
38.25,27.0,ascending,267.74374
38.25,27.25,ascending,286.65427
38.25,27.5,ascending,294.44427
38.25,27.75,ascending,295.88
38.25,28.0,ascending,295.508
38.25,28.25,ascending,295.706
38.25,28.5,ascending,297.56998
38.25,28.75,ascending,299.10858
38.25,29.0,ascending,300.06625
38.25,29.25,ascending,300.10602
38.25,29.5,ascending,299.4233
38.25,29.75,ascending,297.58197
38.25,30.0,ascending,296.68124
38.25,30.25,ascending,297.84375
38.25,30.5,ascending,296.87714
38.25,30.75,ascending,292.53857
38.25,31.0,ascending,290.46124
38.25,31.25,ascending,291.91876
38.25,31.5,ascending,294.76123
38.25,31.75,ascending,297.8675
38.25,32.0,ascending,300.49
38.25,32.25,ascending,303.0527
38.25,32.5,ascending,303.53098
38.25,32.75,ascending,302.279
38.25,33.0,ascending,300.08698
38.25,33.25,ascending,301.10498
38.25,33.5,ascending,304.4908
38.25,33.75,ascending,306.328
38.25,34.0,ascending,305.86142
38.25,34.25,ascending,304.63748
38.25,34.5,ascending,303.66125
38.25,34.75,ascending,303.42938
38.25,35.0,ascending,302.9036
38.25,35.25,ascending,301.81384
38.5,-8.25,ascending,296.82468
38.5,-8.0,ascending,297.0984
38.5,-7.75,ascending,297.01068
38.5,-7.5,ascending,296.61462
38.5,-7.25,ascending,296.77307
38.5,-7.0,ascending,297.41666
38.5,-6.75,ascending,298.6018
38.5,-6.5,ascending,299.23453
38.5,-6.25,ascending,299.12665
38.5,-6.0,ascending,298.61298
38.5,-5.75,ascending,297.79666
38.5,-5.5,ascending,297.701
38.5,-5.25,ascending,298.1011
38.5,-5.0,ascending,298.59555
38.5,-4.75,ascending,298.63373
38.5,-4.5,ascending,298.5489
38.5,-4.25,ascending,298.4057
38.5,-4.0,ascending,298.1357
38.5,-3.75,ascending,297.62857
38.5,-3.5,ascending,297.60498
38.5,-3.25,ascending,297.85715
38.5,-3.0,ascending,297.88443
38.5,-2.75,ascending,297.66
38.5,-2.5,ascending,296.69998
38.5,-2.25,ascending,295.81284
38.5,-2.0,ascending,294.9643
38.5,-1.75,ascending,294.8775
38.5,-1.5,ascending,294.94498
38.5,-1.25,ascending,294.73166
38.5,-1.0,ascending,294.0117
38.5,-0.75,ascending,291.45142
38.5,-0.5,ascending,283.72833
38.5,-0.25,ascending,276.25333
38.5,-0.0,ascending,251.75446
38.5,0.25,ascending,238.98428
38.5,0.5,ascending,226.53285
38.5,0.75,ascending,222.80142
38.5,1.0,ascending,223.22285
38.5,1.25,ascending,226.2
38.5,1.5,ascending,229.47333
38.5,1.75,ascending,228.75143
38.5,2.0,ascending,225.32715
38.5,2.25,ascending,224.1
38.5,2.5,ascending,223.77875
38.5,2.75,ascending,223.57713
38.5,3.0,ascending,223.77625
38.5,3.25,ascending,223.67857
38.5,3.5,ascending,223.6843
38.5,3.75,ascending,223.24875
38.5,4.0,ascending,222.89
38.5,4.25,ascending,222.34166
38.5,4.5,ascending,221.9625
38.5,4.75,ascending,221.77998
38.5,5.0,ascending,221.5411
38.5,5.25,ascending,221.07143
38.5,5.5,ascending,220.05249
38.5,5.75,ascending,219.15887
38.5,6.0,ascending,218.88
38.5,6.25,ascending,219.38374
38.5,6.5,ascending,220.17714
38.5,6.75,ascending,220.20221
38.5,7.0,ascending,220.04124
38.5,7.25,ascending,220.01099
38.5,7.5,ascending,219.98698
38.5,7.75,ascending,220.48572
38.5,8.0,ascending,222.60417
38.5,8.25,ascending,226.047
38.5,8.5,ascending,227.825
38.5,8.75,ascending,226.3809
38.5,9.0,ascending,224.45917
38.5,9.25,ascending,223.11356
38.5,9.5,ascending,222.76865
38.5,9.75,ascending,222.83066
38.5,10.0,ascending,222.68738
38.5,10.25,ascending,222.398
38.5,10.5,ascending,222.29109
38.5,16.5,ascending,252.38
38.5,16.75,ascending,245.1463
38.5,17.0,ascending,233.284
38.5,17.25,ascending,225.84499
38.5,17.5,ascending,220.36539
38.5,17.75,ascending,218.93546
38.5,18.0,ascending,218.35834
38.5,18.25,ascending,217.84999
38.5,18.5,ascending,217.28183
38.5,18.75,ascending,216.52444
38.5,19.0,ascending,215.939
38.5,19.25,ascending,215.52249
38.5,19.5,ascending,215.225
38.5,19.75,ascending,214.94221
38.5,20.0,ascending,215.30624
38.5,20.25,ascending,217.51443
38.5,20.5,ascending,221.73624
38.5,20.75,ascending,228.5975
38.5,21.0,ascending,239.84856
38.5,21.25,ascending,259.52
38.5,21.5,ascending,273.03375
38.5,21.75,ascending,280.37167
38.5,22.0,ascending,282.49875
38.5,22.25,ascending,282.37427
38.5,22.5,ascending,281.71143
38.5,22.75,ascending,283.46
38.5,23.0,ascending,281.18997
38.5,23.25,ascending,274.16284
38.5,23.5,ascending,268.145
38.5,23.75,ascending,263.035
38.5,24.0,ascending,254.04428
38.5,24.25,ascending,236.92665
38.5,24.5,ascending,224.57857
38.5,24.75,ascending,220.00334
38.5,25.0,ascending,219.15125
38.5,25.25,ascending,219.42499
38.5,25.5,ascending,221.00285
38.5,25.75,ascending,224.40799
38.5,26.0,ascending,232.06749
38.5,26.25,ascending,236.17332
38.5,26.5,ascending,243.63556
38.5,26.75,ascending,249.61665
38.5,27.0,ascending,267.34998
38.5,27.25,ascending,288.608
38.5,27.5,ascending,296.25833
38.5,27.75,ascending,296.77142
38.5,28.0,ascending,296.35284
38.5,28.25,ascending,296.735
38.5,28.5,ascending,298.59
38.5,28.75,ascending,299.6914
38.5,29.0,ascending,300.275
38.5,29.25,ascending,300.46573
38.5,29.5,ascending,299.77625
38.5,29.75,ascending,298.35
38.5,30.0,ascending,298.01373
38.5,30.25,ascending,299.035
38.5,30.5,ascending,299.36557
38.5,30.75,ascending,297.47626
38.5,31.0,ascending,294.74124
38.5,31.25,ascending,293.29715
38.5,31.5,ascending,294.8922
38.5,31.75,ascending,299.1122
38.5,32.0,ascending,302.14874
38.5,32.25,ascending,305.11716
38.5,32.5,ascending,306.87778
38.5,32.75,ascending,305.62332
38.5,33.0,ascending,301.79
38.5,33.25,ascending,298.58728
38.5,33.5,ascending,301.00998
38.5,33.75,ascending,304.74692
38.5,34.0,ascending,305.93536
38.5,34.25,ascending,305.675
38.5,34.5,ascending,305.01117
38.5,34.75,ascending,304.777
38.5,35.0,ascending,304.62418
38.5,35.25,ascending,304.14716
38.75,-8.5,ascending,294.93497
38.75,-8.25,ascending,295.805
38.75,-8.0,ascending,296.29373
38.75,-7.75,ascending,296.73785
38.75,-7.5,ascending,297.225
38.75,-7.25,ascending,297.81668
38.75,-7.0,ascending,298.38544
38.75,-6.75,ascending,298.48093
38.75,-6.5,ascending,298.2709
38.75,-6.25,ascending,297.35666
38.75,-6.0,ascending,296.79776
38.75,-5.75,ascending,296.54776
38.75,-5.5,ascending,296.85333
38.75,-5.25,ascending,296.8025
38.75,-5.0,ascending,296.52625
38.75,-4.75,ascending,296.74
38.75,-4.5,ascending,297.1625
38.75,-4.25,ascending,296.96
38.75,-4.0,ascending,296.60715
38.75,-3.75,ascending,295.96875
38.75,-3.5,ascending,295.87714
38.75,-3.25,ascending,296.22858
38.75,-3.0,ascending,296.11667
38.75,-2.75,ascending,295.96375
38.75,-2.5,ascending,295.08
38.75,-2.25,ascending,294.53287
38.75,-2.0,ascending,294.375
38.75,-1.75,ascending,294.7333
38.75,-1.5,ascending,295.1357
38.75,-1.25,ascending,295.19427
38.75,-1.0,ascending,295.28165
38.75,-0.75,ascending,295.31
38.75,-0.5,ascending,292.50876
38.75,-0.25,ascending,282.56284
38.75,-0.0,ascending,257.19748
38.75,0.25,ascending,238.94331
38.75,0.5,ascending,224.84625
38.75,0.75,ascending,222.762
38.75,1.0,ascending,223.60428
38.75,1.25,ascending,228.91399
38.75,1.5,ascending,233.51749
38.75,1.75,ascending,230.15799
38.75,2.0,ascending,224.55998
38.75,2.25,ascending,223.60143
38.75,2.5,ascending,224.26285
38.75,2.75,ascending,225.73375
38.75,3.0,ascending,228.73428
38.75,3.25,ascending,228.20714
38.75,3.5,ascending,225.98856
38.75,3.75,ascending,224.60625
38.75,4.0,ascending,223.60428
38.75,4.25,ascending,222.79333
38.75,4.5,ascending,222.06125
38.75,4.75,ascending,221.54
38.75,5.0,ascending,220.96501
38.75,5.25,ascending,220.64285
38.75,5.5,ascending,219.5575
38.75,5.75,ascending,218.71999
38.75,6.0,ascending,218.42375
38.75,6.25,ascending,218.76
38.75,6.5,ascending,219.88556
38.75,6.75,ascending,220.98624
38.75,7.0,ascending,221.19333
38.75,7.25,ascending,220.23874
38.75,7.5,ascending,219.26125
38.75,7.75,ascending,219.79272
38.75,8.0,ascending,224.58499
38.75,8.25,ascending,234.22
38.75,8.5,ascending,242.94453
38.75,8.75,ascending,242.84637
38.75,9.0,ascending,233.99666
38.75,9.25,ascending,226.38666
38.75,9.5,ascending,223.11333
38.75,9.75,ascending,221.43
38.75,10.0,ascending,221.0585
38.75,10.25,ascending,220.9779
38.75,10.5,ascending,221.045
38.75,16.25,ascending,262.46335
38.75,16.5,ascending,259.9926
38.75,16.75,ascending,253.32332
38.75,17.0,ascending,241.92667
38.75,17.25,ascending,235.40749
38.75,17.5,ascending,226.51
38.75,17.75,ascending,222.47461
38.75,18.0,ascending,219.09799
38.75,18.25,ascending,217.66899
38.75,18.5,ascending,216.94667
38.75,18.75,ascending,216.45
38.75,19.0,ascending,215.96098
38.75,19.25,ascending,215.53
38.75,19.5,ascending,215.05888
38.75,19.75,ascending,214.59625
38.75,20.0,ascending,214.7175
38.75,20.25,ascending,216.49284
38.75,20.5,ascending,222.44499
38.75,20.75,ascending,234.76375
38.75,21.0,ascending,253.12749
38.75,21.25,ascending,272.7357
38.75,21.5,ascending,281.7333
38.75,21.75,ascending,287.1825
38.75,22.0,ascending,289.22333
38.75,22.25,ascending,290.68286
38.75,22.5,ascending,289.52286
38.75,22.75,ascending,285.12286
38.75,23.0,ascending,276.14856
38.75,23.25,ascending,263.69666
38.75,23.5,ascending,255.49715
38.75,23.75,ascending,244.37285
38.75,24.0,ascending,231.54857
38.75,24.25,ascending,222.99142
38.75,24.5,ascending,220.67429
38.75,24.75,ascending,220.56166
38.75,25.0,ascending,219.19499
38.75,25.25,ascending,219.71143
38.75,25.5,ascending,220.62666
38.75,25.75,ascending,223.14
38.75,26.0,ascending,229.22285
38.75,26.25,ascending,238.79399
38.75,26.5,ascending,244.0275
38.75,26.75,ascending,247.91833
38.75,27.0,ascending,269.095
38.75,27.25,ascending,290.85748
38.75,27.5,ascending,297.41284
38.75,27.75,ascending,298.41428
38.75,28.0,ascending,298.2725
38.75,28.25,ascending,298.31143
38.75,28.5,ascending,298.61285
38.75,28.75,ascending,298.81598
38.75,29.0,ascending,299.04623
38.75,29.25,ascending,299.13858
38.75,29.5,ascending,298.96335
38.75,29.75,ascending,298.54248
38.75,30.0,ascending,298.67285
38.75,30.25,ascending,299.36716
38.75,30.5,ascending,300.01373
38.75,30.75,ascending,299.59
38.75,31.0,ascending,298.2857
38.75,31.25,ascending,296.8944
38.75,31.5,ascending,297.52777
38.75,31.75,ascending,300.15625
38.75,32.0,ascending,303.15778
38.75,32.25,ascending,305.606
38.75,32.5,ascending,307.28497
38.75,32.75,ascending,307.45
38.75,33.0,ascending,304.09332
38.75,33.25,ascending,298.89398
38.75,33.5,ascending,298.4309
38.75,33.75,ascending,302.03726
38.75,34.0,ascending,304.83075
38.75,34.25,ascending,305.91644
38.75,34.5,ascending,306.0061
38.75,34.75,ascending,305.54764
38.75,35.0,ascending,305.0977
38.75,35.25,ascending,304.91998
39.0,-8.5,ascending,293.02286
39.0,-8.25,ascending,294.00626
39.0,-8.0,ascending,294.69498
39.0,-7.75,ascending,295.80383
39.0,-7.5,ascending,297.0157
39.0,-7.25,ascending,297.8027
39.0,-7.0,ascending,298.0073
39.0,-6.75,ascending,297.779
39.0,-6.5,ascending,297.50906
39.0,-6.25,ascending,297.17776
39.0,-6.0,ascending,296.73444
39.0,-5.75,ascending,296.5822
39.0,-5.5,ascending,296.03198
39.0,-5.25,ascending,295.29373
39.0,-5.0,ascending,295.17123
39.0,-4.75,ascending,295.5914
39.0,-4.5,ascending,295.60666
39.0,-4.25,ascending,295.23285
39.0,-4.0,ascending,294.81876
39.0,-3.75,ascending,294.16855
39.0,-3.5,ascending,294.24
39.0,-3.25,ascending,294.63126
39.0,-3.0,ascending,294.72858
39.0,-2.75,ascending,294.50287
39.0,-2.5,ascending,294.3657
39.0,-2.25,ascending,294.4643
39.0,-2.0,ascending,294.7825
39.0,-1.75,ascending,295.18286
39.0,-1.5,ascending,295.69998
39.0,-1.25,ascending,296.41998
39.0,-1.0,ascending,296.70572
39.0,-0.75,ascending,296.51834
39.0,-0.5,ascending,293.1133
39.0,-0.25,ascending,280.53
39.0,-0.0,ascending,243.55501
39.0,0.25,ascending,229.635
39.0,0.5,ascending,223.84999
39.0,0.75,ascending,222.75143
39.0,1.0,ascending,224.21999
39.0,1.25,ascending,228.84499
39.0,1.5,ascending,231.28857
39.0,1.75,ascending,227.56142
39.0,2.0,ascending,223.74571
39.0,2.25,ascending,223.97144
39.0,2.5,ascending,226.77713
39.0,2.75,ascending,232.73201
39.0,3.0,ascending,238.19199
39.0,3.25,ascending,237.7775
39.0,3.5,ascending,230.45999
39.0,3.75,ascending,225.50143
39.0,4.0,ascending,224.11125
39.0,4.25,ascending,223.18
39.0,4.5,ascending,222.36
39.0,4.75,ascending,221.54285
39.0,5.0,ascending,220.72714
39.0,5.25,ascending,219.89749
39.0,5.5,ascending,219.20874
39.0,5.75,ascending,218.53429
39.0,6.0,ascending,217.91556
39.0,6.25,ascending,217.8211
39.0,6.5,ascending,218.70874
39.0,6.75,ascending,220.67
39.0,7.0,ascending,222.5
39.0,7.25,ascending,221.74222
39.0,7.5,ascending,219.39099
39.0,7.75,ascending,219.054
39.0,8.0,ascending,224.903
39.0,8.25,ascending,242.94362
39.0,8.5,ascending,263.78818
39.0,8.75,ascending,269.66818
39.0,9.0,ascending,260.20786
39.0,9.25,ascending,243.39072
39.0,9.5,ascending,232.06667
39.0,9.75,ascending,222.92888
39.0,10.0,ascending,220.491
39.0,10.25,ascending,219.95851
39.0,10.5,ascending,220.03
39.0,16.25,ascending,263.68332
39.0,16.5,ascending,266.78156
39.0,16.75,ascending,267.73215
39.0,17.0,ascending,261.62
39.0,17.25,ascending,252.55666
39.0,17.5,ascending,236.61461
39.0,17.75,ascending,226.236
39.0,18.0,ascending,219.8691
39.0,18.25,ascending,217.44333
39.0,18.5,ascending,216.79
39.0,18.75,ascending,216.46889
39.0,19.0,ascending,216.05556
39.0,19.25,ascending,215.51666
39.0,19.5,ascending,215.08
39.0,19.75,ascending,214.91124
39.0,20.0,ascending,215.73776
39.0,20.25,ascending,218.38713
39.0,20.5,ascending,228.86249
39.0,20.75,ascending,247.15001
39.0,21.0,ascending,266.9625
39.0,21.25,ascending,281.20428
39.0,21.5,ascending,286.565
39.0,21.75,ascending,290.2257
39.0,22.0,ascending,291.22748
39.0,22.25,ascending,291.17285
39.0,22.5,ascending,289.71143
39.0,22.75,ascending,284.69855
39.0,23.0,ascending,272.28375
39.0,23.25,ascending,256.64713
39.0,23.5,ascending,241.48427
39.0,23.75,ascending,227.11833
39.0,24.0,ascending,220.63428
39.0,24.25,ascending,219.0
39.0,24.5,ascending,219.41
39.0,24.75,ascending,219.28499
39.0,25.0,ascending,219.00429
39.0,25.25,ascending,219.77498
39.0,25.5,ascending,220.50856
39.0,25.75,ascending,222.98856
39.0,26.0,ascending,233.95833
39.0,26.25,ascending,247.39874
39.0,26.5,ascending,252.276
39.0,26.75,ascending,253.935
39.0,27.0,ascending,274.36124
39.0,27.25,ascending,293.64142
39.0,27.5,ascending,298.01624
39.0,27.75,ascending,299.19333
39.0,28.0,ascending,299.64124
39.0,28.25,ascending,299.10284
39.0,28.5,ascending,297.95374
39.0,28.75,ascending,297.34
39.0,29.0,ascending,296.93
39.0,29.25,ascending,297.40854
39.0,29.5,ascending,297.4375
39.0,29.75,ascending,297.6014
39.0,30.0,ascending,298.4114
39.0,30.25,ascending,299.34
39.0,30.5,ascending,299.70428
39.0,30.75,ascending,299.79572
39.0,31.0,ascending,300.05444
39.0,31.25,ascending,300.38623
39.0,31.5,ascending,300.47574
39.0,31.75,ascending,301.59332
39.0,32.0,ascending,303.4
39.0,32.25,ascending,304.95624
39.0,32.5,ascending,306.45123
39.0,32.75,ascending,307.44998
39.0,33.0,ascending,306.19727
39.0,33.25,ascending,301.93
39.0,33.5,ascending,299.01306
39.0,33.75,ascending,300.38153
39.0,34.0,ascending,303.21866
39.0,34.25,ascending,305.08786
39.0,34.5,ascending,306.0956
39.0,34.75,ascending,306.0119
39.0,35.0,ascending,305.2796
39.25,-8.75,ascending,289.72
39.25,-8.5,ascending,291.0895
39.25,-8.25,ascending,292.58438
39.25,-8.0,ascending,293.55402
39.25,-7.75,ascending,294.91385
39.25,-7.5,ascending,296.355
39.25,-7.25,ascending,297.47272
39.25,-7.0,ascending,298.255
39.25,-6.75,ascending,298.75333
39.25,-6.5,ascending,298.9533
39.25,-6.25,ascending,298.985
39.25,-6.0,ascending,299.0111
39.25,-5.75,ascending,298.5425
39.25,-5.5,ascending,297.6275
39.25,-5.25,ascending,296.25998
39.25,-5.0,ascending,295.34875
39.25,-4.75,ascending,294.99
39.25,-4.5,ascending,294.75
39.25,-4.25,ascending,294.13998
39.25,-4.0,ascending,293.5257
39.25,-3.75,ascending,293.57373
39.25,-3.5,ascending,294.32858
39.25,-3.25,ascending,295.15332
39.25,-3.0,ascending,295.74
39.25,-2.75,ascending,295.61713
39.25,-2.5,ascending,295.57373
39.25,-2.25,ascending,295.47125
39.25,-2.0,ascending,295.455
39.25,-1.75,ascending,296.02286
39.25,-1.5,ascending,296.84625
39.25,-1.25,ascending,297.52332
39.25,-1.0,ascending,297.4057
39.25,-0.75,ascending,296.46
39.25,-0.5,ascending,290.27
39.25,-0.25,ascending,268.49286
39.25,-0.0,ascending,235.7125
39.25,0.25,ascending,228.91284
39.25,0.5,ascending,223.47287
39.25,0.75,ascending,222.81001
39.25,1.0,ascending,223.27875
39.25,1.25,ascending,225.20833
39.25,1.5,ascending,225.815
39.25,1.75,ascending,224.27284
39.25,2.0,ascending,223.36
39.25,2.25,ascending,225.65799
39.25,2.5,ascending,233.33798
39.25,2.75,ascending,242.98999
39.25,3.0,ascending,255.70374
39.25,3.25,ascending,248.94142
39.25,3.5,ascending,235.906
39.25,3.75,ascending,226.46832
39.25,4.0,ascending,225.46375
39.25,4.25,ascending,224.13713
39.25,4.5,ascending,222.58998
39.25,4.75,ascending,221.62572
39.25,5.0,ascending,220.7125
39.25,5.25,ascending,219.71858
39.25,5.5,ascending,219.12285
39.25,5.75,ascending,218.51
39.25,6.0,ascending,217.74374
39.25,6.25,ascending,217.27284
39.25,6.5,ascending,217.47
39.25,6.75,ascending,218.60857
39.25,7.0,ascending,220.99889
39.25,7.25,ascending,222.44124
39.25,7.5,ascending,220.35
39.25,7.75,ascending,218.7911
39.25,8.0,ascending,224.56332
39.25,8.25,ascending,244.55272
39.25,8.5,ascending,273.075
39.25,8.75,ascending,285.07
39.25,9.0,ascending,282.7825
39.25,9.25,ascending,269.19666
39.25,9.5,ascending,248.00856
39.25,9.75,ascending,229.18187
39.25,10.0,ascending,221.736
39.25,10.25,ascending,219.61287
39.25,16.0,ascending,261.51498
39.25,16.25,ascending,265.4828
39.25,16.5,ascending,272.97562
39.25,16.75,ascending,276.8757
39.25,17.0,ascending,271.56537
39.25,17.25,ascending,256.36453
39.25,17.5,ascending,239.43546
39.25,17.75,ascending,224.64635
39.25,18.0,ascending,218.7709
39.25,18.25,ascending,217.03555
39.25,18.5,ascending,216.88666
39.25,18.75,ascending,216.90999
39.25,19.0,ascending,216.71777
39.25,19.25,ascending,216.17874
39.25,19.5,ascending,215.78
39.25,19.75,ascending,216.86
39.25,20.0,ascending,221.28749
39.25,20.25,ascending,230.495
39.25,20.5,ascending,249.28
39.25,20.75,ascending,272.6443
39.25,21.0,ascending,283.4057
39.25,21.25,ascending,288.61285
39.25,21.5,ascending,289.95572
39.25,21.75,ascending,290.475
39.25,22.0,ascending,290.36
39.25,22.25,ascending,289.9714
39.25,22.5,ascending,289.52832
39.25,22.75,ascending,283.715
39.25,23.0,ascending,268.94998
39.25,23.25,ascending,248.77998
39.25,23.5,ascending,229.6025
39.25,23.75,ascending,219.13167
39.25,24.0,ascending,218.02141
39.25,24.25,ascending,218.06
39.25,24.5,ascending,218.35333
39.25,24.75,ascending,218.59856
39.25,25.0,ascending,219.48286
39.25,25.25,ascending,220.88799
39.25,25.5,ascending,222.36499
39.25,25.75,ascending,225.24399
39.25,26.0,ascending,236.45
39.25,26.25,ascending,253.12798
39.25,26.5,ascending,258.96143
39.25,26.75,ascending,265.7257
39.25,27.0,ascending,283.20123
39.25,27.25,ascending,294.81998
39.25,27.5,ascending,297.63123
39.25,27.75,ascending,299.10284
39.25,28.0,ascending,299.64285
39.25,28.25,ascending,298.97498
39.25,28.5,ascending,296.7957
39.25,28.75,ascending,295.70856
39.25,29.0,ascending,295.81168
39.25,29.25,ascending,296.07748
39.25,29.5,ascending,296.15
39.25,29.75,ascending,296.54855
39.25,30.0,ascending,297.5325
39.25,30.25,ascending,298.6914
39.25,30.5,ascending,299.27286
39.25,30.75,ascending,300.0275
39.25,31.0,ascending,301.10873
39.25,31.25,ascending,301.75714
39.25,31.5,ascending,301.79553
39.25,31.75,ascending,302.53998
39.25,32.0,ascending,303.49332
39.25,32.25,ascending,303.83398
39.25,32.5,ascending,304.82364
39.25,32.75,ascending,306.2011
39.25,33.0,ascending,306.451
39.25,33.25,ascending,304.51636
39.25,33.5,ascending,302.44727
39.25,33.75,ascending,302.25583
39.25,34.0,ascending,303.56076
39.25,34.25,ascending,305.15213
39.25,34.5,ascending,306.2361
39.25,34.75,ascending,306.41617
39.25,35.0,ascending,305.8985
39.5,-8.75,ascending,286.07
39.5,-8.5,ascending,288.3883
39.5,-8.25,ascending,291.40067
39.5,-8.0,ascending,293.26865
39.5,-7.75,ascending,294.72415
39.5,-7.5,ascending,296.13748
39.5,-7.25,ascending,297.45273
39.5,-7.0,ascending,298.49908
39.5,-6.75,ascending,299.21332
39.5,-6.5,ascending,299.445
39.5,-6.25,ascending,299.73776
39.5,-6.0,ascending,299.898
39.5,-5.75,ascending,299.4522
39.5,-5.5,ascending,298.08875
39.5,-5.25,ascending,296.48444
39.5,-5.0,ascending,295.54776
39.5,-4.75,ascending,295.29126
39.5,-4.5,ascending,294.96375
39.5,-4.25,ascending,294.615
39.5,-4.0,ascending,294.54248
39.5,-3.75,ascending,295.60428
39.5,-3.5,ascending,296.67572
39.5,-3.25,ascending,297.66623
39.5,-3.0,ascending,297.60873
39.5,-2.75,ascending,297.22568
39.5,-2.5,ascending,297.10333
39.5,-2.25,ascending,296.63165
39.5,-2.0,ascending,296.37665
39.5,-1.75,ascending,297.0057
39.5,-1.5,ascending,297.33286
39.5,-1.25,ascending,297.17667
39.5,-1.0,ascending,296.26285
39.5,-0.75,ascending,294.3757
39.5,-0.5,ascending,286.1843
39.5,-0.25,ascending,270.44
39.5,-0.0,ascending,243.328
39.5,0.25,ascending,231.59999
39.5,0.5,ascending,225.6157
39.5,0.75,ascending,223.15999
39.5,1.0,ascending,222.76833
39.5,1.25,ascending,222.85428
39.5,1.5,ascending,222.98999
39.5,1.75,ascending,222.795
39.5,2.0,ascending,223.46167
39.5,2.25,ascending,226.54141
39.5,2.5,ascending,237.45624
39.5,2.75,ascending,254.15855
39.5,3.0,ascending,264.43286
39.5,3.25,ascending,256.6157
39.5,3.5,ascending,238.18999
39.5,3.75,ascending,228.66667
39.5,4.0,ascending,229.3
39.5,4.25,ascending,228.17375
39.5,4.5,ascending,223.47285
39.5,4.75,ascending,221.57375
39.5,5.0,ascending,220.79285
39.5,5.25,ascending,219.97427
39.5,5.5,ascending,219.4825
39.5,5.75,ascending,219.06749
39.5,6.0,ascending,218.43713
39.5,6.25,ascending,217.86249
39.5,6.5,ascending,217.48444
39.5,6.75,ascending,217.735
39.5,7.0,ascending,219.10555
39.5,7.25,ascending,221.33221
39.5,7.5,ascending,221.69453
39.5,7.75,ascending,219.95111
39.5,8.0,ascending,223.25726
39.5,8.25,ascending,241.62665
39.5,8.5,ascending,268.1625
39.5,8.75,ascending,286.4
39.5,9.0,ascending,289.04727
39.5,9.25,ascending,280.40308
39.5,9.5,ascending,258.73648
39.5,9.75,ascending,234.41943
39.5,10.0,ascending,222.86047
39.5,10.25,ascending,219.77948
39.5,16.0,ascending,263.418
39.5,16.25,ascending,268.205
39.5,16.5,ascending,273.5956
39.5,16.75,ascending,272.8554
39.5,17.0,ascending,260.2393
39.5,17.25,ascending,241.57452
39.5,17.5,ascending,227.855
39.5,17.75,ascending,219.70601
39.5,18.0,ascending,217.68546
39.5,18.25,ascending,217.721
39.5,18.5,ascending,219.128
39.5,18.75,ascending,220.31444
39.5,19.0,ascending,219.30556
39.5,19.25,ascending,217.9525
39.5,19.5,ascending,217.95499
39.5,19.75,ascending,223.00572
39.5,20.0,ascending,233.24889
39.5,20.25,ascending,250.65
39.5,20.5,ascending,271.955
39.5,20.75,ascending,285.0843
39.5,21.0,ascending,289.4725
39.5,21.25,ascending,289.9275
39.5,21.5,ascending,290.40427
39.5,21.75,ascending,290.83572
39.5,22.0,ascending,290.49142
39.5,22.25,ascending,290.7457
39.5,22.5,ascending,289.7425
39.5,22.75,ascending,280.88998
39.5,23.0,ascending,260.66144
39.5,23.25,ascending,235.39833
39.5,23.5,ascending,220.11
39.5,23.75,ascending,218.73799
39.5,24.0,ascending,219.34427
39.5,24.25,ascending,220.18857
39.5,24.5,ascending,219.30374
39.5,24.75,ascending,219.32199
39.5,25.0,ascending,220.86714
39.5,25.25,ascending,224.0575
39.5,25.5,ascending,225.98398
39.5,25.75,ascending,225.80374
39.5,26.0,ascending,235.00832
39.5,26.25,ascending,255.42
39.5,26.5,ascending,270.52625
39.5,26.75,ascending,278.02
39.5,27.0,ascending,287.94666
39.5,27.25,ascending,294.75598
39.5,27.5,ascending,296.7375
39.5,27.75,ascending,297.732
39.5,28.0,ascending,298.52
39.5,28.25,ascending,296.88998
39.5,28.5,ascending,295.06857
39.5,28.75,ascending,294.15286
39.5,29.0,ascending,294.94998
39.5,29.25,ascending,294.65854
39.5,29.5,ascending,294.81113
39.5,29.75,ascending,295.04
39.5,30.0,ascending,296.45
39.5,30.25,ascending,297.87857
39.5,30.5,ascending,298.72775
39.5,30.75,ascending,299.93375
39.5,31.0,ascending,301.04666
39.5,31.25,ascending,301.40375
39.5,31.5,ascending,301.6478
39.5,31.75,ascending,302.72556
39.5,32.0,ascending,303.72626
39.5,32.25,ascending,303.53
39.5,32.5,ascending,303.0111
39.5,32.75,ascending,303.83
39.5,33.0,ascending,304.78818
39.5,33.25,ascending,304.3809
39.5,33.5,ascending,304.18182
39.5,33.75,ascending,305.03665
39.5,34.0,ascending,305.70132
39.5,34.25,ascending,306.18735
39.5,34.5,ascending,306.4741
39.5,34.75,ascending,306.34042
39.5,35.0,ascending,305.99063
39.75,-9.0,ascending,265.21
39.75,-8.75,ascending,274.9279
39.75,-8.5,ascending,281.87778
39.75,-8.25,ascending,288.98212
39.75,-8.0,ascending,292.7793
39.75,-7.75,ascending,294.93546
39.75,-7.5,ascending,295.84
39.75,-7.25,ascending,296.68362
39.75,-7.0,ascending,297.12726
39.75,-6.75,ascending,297.58444
39.75,-6.5,ascending,297.84
39.75,-6.25,ascending,298.45886
39.75,-6.0,ascending,298.55875
39.75,-5.75,ascending,298.19333
39.75,-5.5,ascending,296.91873
39.75,-5.25,ascending,296.23712
39.75,-5.0,ascending,296.2125
39.75,-4.75,ascending,296.35
39.75,-4.5,ascending,296.24857
39.75,-4.25,ascending,296.87427
39.75,-4.0,ascending,297.57748
39.75,-3.75,ascending,298.37997
39.75,-3.5,ascending,298.89624
39.75,-3.25,ascending,298.70856
39.75,-3.0,ascending,298.375
39.75,-2.75,ascending,298.26144
39.75,-2.5,ascending,297.9457
39.75,-2.25,ascending,297.27426
39.75,-2.0,ascending,296.87
39.75,-1.75,ascending,296.63666
39.75,-1.5,ascending,296.24832
39.75,-1.25,ascending,295.52286
39.75,-1.0,ascending,293.91833
39.75,-0.75,ascending,291.02426
39.75,-0.5,ascending,283.36832
39.75,-0.25,ascending,271.4
39.75,-0.0,ascending,251.84427
39.75,0.25,ascending,241.53429
39.75,0.5,ascending,230.95166
39.75,0.75,ascending,225.93001
39.75,1.0,ascending,223.10167
39.75,1.25,ascending,222.4257
39.75,1.5,ascending,222.33714
39.75,1.75,ascending,222.748
39.75,2.0,ascending,223.29001
39.75,2.25,ascending,225.82124
39.75,2.5,ascending,232.54285
39.75,2.75,ascending,243.49571
39.75,3.0,ascending,251.28572
39.75,3.25,ascending,243.84999
39.75,3.5,ascending,233.3375
39.75,3.75,ascending,229.31831
39.75,4.0,ascending,233.61165
39.75,4.25,ascending,232.25429
39.75,4.5,ascending,225.3
39.75,4.75,ascending,221.75
39.75,5.0,ascending,220.96855
39.75,5.25,ascending,220.34749
39.75,5.5,ascending,219.93124
39.75,5.75,ascending,219.71999
39.75,6.0,ascending,219.50111
39.75,6.25,ascending,219.10873
39.75,6.5,ascending,218.33624
39.75,6.75,ascending,218.29778
39.75,7.0,ascending,219.20714
39.75,7.25,ascending,221.36499
39.75,7.5,ascending,223.87
39.75,7.75,ascending,223.37888
39.75,8.0,ascending,226.529
39.75,8.25,ascending,239.89886
39.75,8.5,ascending,264.24637
39.75,8.75,ascending,283.45636
39.75,9.0,ascending,287.66077
39.75,9.25,ascending,280.17694
39.75,9.5,ascending,259.51132
39.75,9.75,ascending,235.245
39.75,10.0,ascending,223.15956
39.75,10.25,ascending,219.50768
39.75,15.75,ascending,266.3033
39.75,16.0,ascending,267.46198
39.75,16.25,ascending,270.54248
39.75,16.5,ascending,268.59467
39.75,16.75,ascending,258.6158
39.75,17.0,ascending,242.50461
39.75,17.25,ascending,228.597
39.75,17.5,ascending,221.58699
39.75,17.75,ascending,218.89545
39.75,18.0,ascending,221.02875
39.75,18.25,ascending,225.70778
39.75,18.5,ascending,232.314
39.75,18.75,ascending,230.2175
39.75,19.0,ascending,225.1011
39.75,19.25,ascending,220.26572
39.75,19.5,ascending,221.19249
39.75,19.75,ascending,229.90375
39.75,20.0,ascending,247.23286
39.75,20.25,ascending,265.91428
39.75,20.5,ascending,283.20712
39.75,20.75,ascending,289.125
39.75,21.0,ascending,289.83286
39.75,21.25,ascending,290.28665
39.75,21.5,ascending,291.52286
39.75,21.75,ascending,292.50143
39.75,22.0,ascending,292.16748
39.75,22.25,ascending,291.404
39.75,22.5,ascending,287.39285
39.75,22.75,ascending,271.09665
39.75,23.0,ascending,244.84999
39.75,23.25,ascending,225.85286
39.75,23.5,ascending,225.26428
39.75,23.75,ascending,227.46498
39.75,24.0,ascending,228.26
39.75,24.25,ascending,225.52666
39.75,24.5,ascending,222.125
39.75,24.75,ascending,220.78857
39.75,25.0,ascending,223.73833
39.75,25.25,ascending,228.135
39.75,25.5,ascending,227.72427
39.75,25.75,ascending,226.7
39.75,26.0,ascending,236.51285
39.75,26.25,ascending,256.47858
39.75,26.5,ascending,274.98166
39.75,26.75,ascending,285.64166
39.75,27.0,ascending,290.21
39.75,27.25,ascending,291.96573
39.75,27.5,ascending,292.7375
39.75,27.75,ascending,292.9233
39.75,28.0,ascending,293.17624
39.75,28.25,ascending,292.76398
39.75,28.5,ascending,288.9957
39.75,28.75,ascending,290.09
39.75,29.0,ascending,291.8175
39.75,29.25,ascending,291.862
39.75,29.5,ascending,291.94
39.75,29.75,ascending,293.06833
39.75,30.0,ascending,295.1857
39.75,30.25,ascending,296.93375
39.75,30.5,ascending,298.08124
39.75,30.75,ascending,299.13168
39.75,31.0,ascending,300.0
39.75,31.25,ascending,300.365
39.75,31.5,ascending,300.61334
39.75,31.75,ascending,302.01
39.75,32.0,ascending,303.4091
39.75,32.25,ascending,303.44775
39.75,32.5,ascending,302.41498
39.75,32.75,ascending,301.737
39.75,33.0,ascending,302.5491
39.75,33.25,ascending,303.6109
39.75,33.5,ascending,304.23816
39.75,33.75,ascending,305.705
39.75,34.0,ascending,306.9746
39.75,34.25,ascending,306.92285
39.75,34.5,ascending,306.44366
39.75,34.75,ascending,306.07825
39.75,35.0,ascending,305.854
40.0,-9.0,ascending,251.85777
40.0,-8.75,ascending,260.8758
40.0,-8.5,ascending,273.04333
40.0,-8.25,ascending,284.29572
40.0,-8.0,ascending,290.48248
40.0,-7.75,ascending,293.95584
40.0,-7.5,ascending,294.82547
40.0,-7.25,ascending,295.70898
40.0,-7.0,ascending,296.2909
40.0,-6.75,ascending,296.88397
40.0,-6.5,ascending,297.3289
40.0,-6.25,ascending,297.72775
40.0,-6.0,ascending,297.77
40.0,-5.75,ascending,297.19223
40.0,-5.5,ascending,296.50497
40.0,-5.25,ascending,296.47287
40.0,-5.0,ascending,296.72556
40.0,-4.75,ascending,297.1486
40.0,-4.5,ascending,297.66998
40.0,-4.25,ascending,298.32498
40.0,-4.0,ascending,298.77286
40.0,-3.75,ascending,298.73428
40.0,-3.5,ascending,298.16428
40.0,-3.25,ascending,297.94284
40.0,-3.0,ascending,298.27286
40.0,-2.75,ascending,298.1775
40.0,-2.5,ascending,297.57333
40.0,-2.25,ascending,296.90997
40.0,-2.0,ascending,296.30875
40.0,-1.75,ascending,295.47998
40.0,-1.5,ascending,294.29428
40.0,-1.25,ascending,292.6486
40.0,-1.0,ascending,290.67856
40.0,-0.75,ascending,286.775
40.0,-0.5,ascending,280.43625
40.0,-0.25,ascending,274.56332
40.0,-0.0,ascending,255.39545
40.0,0.25,ascending,255.70667
40.0,0.5,ascending,241.905
40.0,0.75,ascending,231.70999
40.0,1.0,ascending,225.35
40.0,1.25,ascending,223.51166
40.0,1.5,ascending,222.60834
40.0,1.75,ascending,222.61287
40.0,2.0,ascending,222.82286
40.0,2.25,ascending,223.215
40.0,2.5,ascending,225.44713
40.0,2.75,ascending,229.552
40.0,3.0,ascending,231.73
40.0,3.25,ascending,229.22333
40.0,3.5,ascending,226.2475
40.0,3.75,ascending,228.37572
40.0,4.0,ascending,232.86142
40.0,4.25,ascending,230.96286
40.0,4.5,ascending,225.14125
40.0,4.75,ascending,222.11
40.0,5.0,ascending,221.02249
40.0,5.25,ascending,220.47856
40.0,5.5,ascending,220.1757
40.0,5.75,ascending,219.97874
40.0,6.0,ascending,219.8275
40.0,6.25,ascending,219.60428
40.0,6.5,ascending,219.06999
40.0,6.75,ascending,219.1157
40.0,7.0,ascending,220.70728
40.0,7.25,ascending,224.16444
40.0,7.5,ascending,227.09111
40.0,7.75,ascending,228.15273
40.0,8.0,ascending,230.42334
40.0,8.25,ascending,245.15248
40.0,8.5,ascending,268.73816
40.0,8.75,ascending,283.02075
40.0,9.0,ascending,286.47922
40.0,9.25,ascending,279.93784
40.0,9.5,ascending,260.7253
40.0,9.75,ascending,236.56299
40.0,10.0,ascending,223.57043
40.0,10.25,ascending,219.99199
40.0,15.75,ascending,273.59784
40.0,16.0,ascending,275.84534
40.0,16.25,ascending,276.4253
40.0,16.5,ascending,272.12857
40.0,16.75,ascending,257.95248
40.0,17.0,ascending,243.19077
40.0,17.25,ascending,229.55
40.0,17.5,ascending,224.78183
40.0,17.75,ascending,226.36777
40.0,18.0,ascending,237.16544
40.0,18.25,ascending,247.65778
40.0,18.5,ascending,252.44556
40.0,18.75,ascending,239.91125
40.0,19.0,ascending,227.5575
40.0,19.25,ascending,221.7411
40.0,19.5,ascending,226.21222
40.0,19.75,ascending,239.46571
40.0,20.0,ascending,263.2357
40.0,20.25,ascending,279.44873
40.0,20.5,ascending,288.72125
40.0,20.75,ascending,290.20142
40.0,21.0,ascending,290.34
40.0,21.25,ascending,291.2757
40.0,21.5,ascending,292.56125
40.0,21.75,ascending,292.77832
40.0,22.0,ascending,291.75333
40.0,22.25,ascending,289.35
40.0,22.5,ascending,280.3643
40.0,22.75,ascending,258.68668
40.0,23.0,ascending,235.79285
40.0,23.25,ascending,234.22166
40.0,23.5,ascending,243.86427
40.0,23.75,ascending,246.21832
40.0,24.0,ascending,242.32999
40.0,24.25,ascending,232.28429
40.0,24.5,ascending,224.89374
40.0,24.75,ascending,222.172
40.0,25.0,ascending,224.2557
40.0,25.25,ascending,227.04
40.0,25.5,ascending,226.64749
40.0,25.75,ascending,229.22833
40.0,26.0,ascending,235.67429
40.0,26.25,ascending,251.39856
40.0,26.5,ascending,274.78598
40.0,26.75,ascending,282.42856
40.0,27.0,ascending,285.185
40.0,27.25,ascending,283.73666
40.0,27.5,ascending,278.93124
40.0,27.75,ascending,279.5914
40.0,28.0,ascending,278.76572
40.0,28.25,ascending,280.32712
40.0,28.5,ascending,277.19833
40.0,28.75,ascending,278.3975
40.0,29.0,ascending,283.6314
40.0,29.25,ascending,286.81284
40.0,29.5,ascending,287.44855
40.0,29.75,ascending,290.27
40.0,30.0,ascending,293.84332
40.0,30.25,ascending,295.82144
40.0,30.5,ascending,296.73712
40.0,30.75,ascending,297.54498
40.0,31.0,ascending,298.43375
40.0,31.25,ascending,298.81375
40.0,31.5,ascending,299.66443
40.0,31.75,ascending,300.9275
40.0,32.0,ascending,302.28625
40.0,32.25,ascending,302.745
40.0,32.5,ascending,302.1
40.0,32.75,ascending,301.43454
40.0,33.0,ascending,301.84198
40.0,33.25,ascending,303.40363
40.0,33.5,ascending,305.00537
40.0,33.75,ascending,306.17307
40.0,34.0,ascending,307.2225
40.0,34.25,ascending,306.98264
40.0,34.5,ascending,305.8235
40.0,34.75,ascending,305.23798
40.0,35.0,ascending,305.21664
40.25,-9.25,ascending,227.81
40.25,-9.0,ascending,238.48059
40.25,-8.75,ascending,250.32764
40.25,-8.5,ascending,265.9753
40.25,-8.25,ascending,280.0357
40.25,-8.0,ascending,287.88498
40.25,-7.75,ascending,292.14398
40.25,-7.5,ascending,293.69727
40.25,-7.25,ascending,295.047
40.25,-7.0,ascending,295.62
40.25,-6.75,ascending,296.33798
40.25,-6.5,ascending,296.8211
40.25,-6.25,ascending,297.21555
40.25,-6.0,ascending,297.01123
40.25,-5.75,ascending,296.47623
40.25,-5.5,ascending,296.28876
40.25,-5.25,ascending,296.3643
40.25,-5.0,ascending,296.57748
40.25,-4.75,ascending,296.7657
40.25,-4.5,ascending,297.0957
40.25,-4.25,ascending,297.34714
40.25,-4.0,ascending,297.54715
40.25,-3.75,ascending,296.65997
40.25,-3.5,ascending,296.27142
40.25,-3.25,ascending,296.77
40.25,-3.0,ascending,297.41833
40.25,-2.75,ascending,296.655
40.25,-2.5,ascending,296.28427
40.25,-2.25,ascending,295.97998
40.25,-2.0,ascending,295.1133
40.25,-1.75,ascending,293.775
40.25,-1.5,ascending,291.56143
40.25,-1.25,ascending,290.3
40.25,-1.0,ascending,289.35333
40.25,-0.75,ascending,286.32166
40.25,-0.5,ascending,282.1
40.25,-0.25,ascending,278.71
40.25,-0.0,ascending,262.3557
40.25,0.25,ascending,269.8757
40.25,0.5,ascending,257.40332
40.25,0.75,ascending,241.77666
40.25,1.0,ascending,233.44286
40.25,1.25,ascending,225.84799
40.25,1.5,ascending,223.70857
40.25,1.75,ascending,223.2775
40.25,2.0,ascending,222.748
40.25,2.25,ascending,222.55249
40.25,2.5,ascending,222.61499
40.25,2.75,ascending,223.81331
40.25,3.0,ascending,223.63799
40.25,3.25,ascending,223.70601
40.25,3.5,ascending,223.18857
40.25,3.75,ascending,224.83998
40.25,4.0,ascending,227.61284
40.25,4.25,ascending,226.14667
40.25,4.5,ascending,224.26143
40.25,4.75,ascending,222.16284
40.25,5.0,ascending,221.05998
40.25,5.25,ascending,220.49571
40.25,5.5,ascending,220.18999
40.25,5.75,ascending,219.91856
40.25,6.0,ascending,219.65
40.25,6.25,ascending,219.3675
40.25,6.5,ascending,219.01999
40.25,6.75,ascending,219.08777
40.25,7.0,ascending,221.08
40.25,7.25,ascending,225.96875
40.25,7.5,ascending,230.51443
40.25,7.75,ascending,232.58
40.25,8.0,ascending,237.43091
40.25,8.25,ascending,252.57443
40.25,8.5,ascending,271.81418
40.25,8.75,ascending,284.193
40.25,9.0,ascending,286.41855
40.25,9.25,ascending,280.33307
40.25,9.5,ascending,262.32062
40.25,9.75,ascending,238.50223
40.25,10.0,ascending,224.05629
40.25,10.25,ascending,220.5
40.25,15.5,ascending,286.26
40.25,15.75,ascending,285.3685
40.25,16.0,ascending,287.6581
40.25,16.25,ascending,287.07385
40.25,16.5,ascending,282.5057
40.25,16.75,ascending,269.5327
40.25,17.0,ascending,257.86273
40.25,17.25,ascending,244.27455
40.25,17.5,ascending,245.34454
40.25,17.75,ascending,251.14
40.25,18.0,ascending,266.72998
40.25,18.25,ascending,266.95123
40.25,18.5,ascending,255.79443
40.25,18.75,ascending,237.26
40.25,19.0,ascending,224.45444
40.25,19.25,ascending,224.74857
40.25,19.5,ascending,237.47874
40.25,19.75,ascending,258.65375
40.25,20.0,ascending,278.36002
40.25,20.25,ascending,288.09857
40.25,20.5,ascending,290.71713
40.25,20.75,ascending,290.55
40.25,21.0,ascending,290.4
40.25,21.25,ascending,290.60748
40.25,21.5,ascending,290.86
40.25,21.75,ascending,290.815
40.25,22.0,ascending,289.995
40.25,22.25,ascending,287.33167
40.25,22.5,ascending,278.74142
40.25,22.75,ascending,260.74286
40.25,23.0,ascending,251.34142
40.25,23.25,ascending,260.06497
40.25,23.5,ascending,266.3943
40.25,23.75,ascending,265.3633
40.25,24.0,ascending,250.42
40.25,24.25,ascending,235.16333
40.25,24.5,ascending,228.512
40.25,24.75,ascending,226.44125
40.25,25.0,ascending,225.71
40.25,25.25,ascending,225.04834
40.25,25.5,ascending,226.594
40.25,25.75,ascending,230.83142
40.25,26.0,ascending,234.99333
40.25,26.25,ascending,250.29167
40.25,26.5,ascending,268.20624
40.25,26.75,ascending,275.75668
40.25,27.0,ascending,276.13748
40.25,27.25,ascending,271.53427
40.25,27.5,ascending,260.63428
40.25,27.75,ascending,257.7857
40.25,28.0,ascending,258.87
40.25,28.25,ascending,256.35
40.25,28.5,ascending,258.51428
40.25,28.75,ascending,257.44666
40.25,29.0,ascending,269.49875
40.25,29.25,ascending,277.72714
40.25,29.5,ascending,282.1257
40.25,29.75,ascending,286.15833
40.25,30.0,ascending,290.85376
40.25,30.25,ascending,293.28714
40.25,30.5,ascending,293.5625
40.25,30.75,ascending,293.76855
40.25,31.0,ascending,295.2425
40.25,31.25,ascending,296.01712
40.25,31.5,ascending,297.53998
40.25,31.75,ascending,298.98444
40.25,32.0,ascending,300.022
40.25,32.25,ascending,300.71698
40.25,32.5,ascending,300.98666
40.25,32.75,ascending,301.16443
40.25,33.0,ascending,301.86667
40.25,33.25,ascending,303.4858
40.25,33.5,ascending,305.49908
40.25,33.75,ascending,306.79462
40.25,34.0,ascending,307.36285
40.25,34.25,ascending,306.9081
40.25,34.5,ascending,305.55948
40.25,34.75,ascending,304.508
40.25,35.0,ascending,304.46
40.5,-9.25,ascending,221.19778
40.5,-9.0,ascending,230.51472
40.5,-8.75,ascending,242.26999
40.5,-8.5,ascending,260.55573
40.5,-8.25,ascending,275.02307
40.5,-8.0,ascending,285.12418
40.5,-7.75,ascending,290.6591
40.5,-7.5,ascending,292.947
40.5,-7.25,ascending,294.206
40.5,-7.0,ascending,294.87332
40.5,-6.75,ascending,295.55667
40.5,-6.5,ascending,296.1389
40.5,-6.25,ascending,296.48108
40.5,-6.0,ascending,296.53113
40.5,-5.75,ascending,296.75854
40.5,-5.5,ascending,296.70248
40.5,-5.25,ascending,296.42624
40.5,-5.0,ascending,296.08124
40.5,-4.75,ascending,295.97498
40.5,-4.5,ascending,296.14124
40.5,-4.25,ascending,296.21375
40.5,-4.0,ascending,295.79715
40.5,-3.75,ascending,295.1425
40.5,-3.5,ascending,295.44666
40.5,-3.25,ascending,296.13715
40.5,-3.0,ascending,295.97
40.5,-2.75,ascending,294.7557
40.5,-2.5,ascending,294.66748
40.5,-2.25,ascending,294.56998
40.5,-2.0,ascending,293.64716
40.5,-1.75,ascending,291.94858
40.5,-1.5,ascending,289.7617
40.5,-1.25,ascending,289.46286
40.5,-1.0,ascending,289.6486
40.5,-0.75,ascending,288.28998
40.5,-0.5,ascending,287.23166
40.5,-0.25,ascending,285.4157
40.5,-0.0,ascending,270.68887
40.5,0.25,ascending,282.26834
40.5,0.5,ascending,272.23428
40.5,0.75,ascending,258.18
40.5,1.0,ascending,240.72499
40.5,1.25,ascending,231.19142
40.5,1.5,ascending,227.48428
40.5,1.75,ascending,225.5025
40.5,2.0,ascending,224.2425
40.5,2.25,ascending,223.15141
40.5,2.5,ascending,222.5757
40.5,2.75,ascending,222.16428
40.5,3.0,ascending,222.1857
40.5,3.25,ascending,222.10857
40.5,3.5,ascending,222.34166
40.5,3.75,ascending,223.13571
40.5,4.0,ascending,224.09375
40.5,4.25,ascending,223.96666
40.5,4.5,ascending,223.33374
40.5,4.75,ascending,222.21715
40.5,5.0,ascending,221.12712
40.5,5.25,ascending,220.29428
40.5,5.5,ascending,219.86111
40.5,5.75,ascending,219.62856
40.5,6.0,ascending,219.38777
40.5,6.25,ascending,219.0475
40.5,6.5,ascending,218.66888
40.5,6.75,ascending,218.68124
40.5,7.0,ascending,220.26999
40.5,7.25,ascending,225.55801
40.5,7.5,ascending,231.064
40.5,7.75,ascending,233.413
40.5,8.0,ascending,239.955
40.5,8.25,ascending,254.40916
40.5,8.5,ascending,272.24817
40.5,8.75,ascending,283.57666
40.5,9.0,ascending,285.35382
40.5,9.25,ascending,279.44998
40.5,9.5,ascending,263.06
40.5,9.75,ascending,239.96333
40.5,10.0,ascending,225.875
40.5,15.5,ascending,289.87915
40.5,15.75,ascending,290.9447
40.5,16.0,ascending,292.18
40.5,16.25,ascending,292.56134
40.5,16.5,ascending,290.60306
40.5,16.75,ascending,283.13635
40.5,17.0,ascending,279.7409
40.5,17.25,ascending,272.677
40.5,17.5,ascending,276.80273
40.5,17.75,ascending,277.54553
40.5,18.0,ascending,271.3811
40.5,18.25,ascending,253.73698
40.5,18.5,ascending,236.18
40.5,18.75,ascending,223.91888
40.5,19.0,ascending,221.74554
40.5,19.25,ascending,228.6157
40.5,19.5,ascending,244.96443
40.5,19.75,ascending,267.82144
40.5,20.0,ascending,283.3725
40.5,20.25,ascending,289.52374
40.5,20.5,ascending,290.52
40.5,20.75,ascending,289.1
40.5,21.0,ascending,287.7383
40.5,21.25,ascending,285.3257
40.5,21.5,ascending,286.37375
40.5,21.75,ascending,288.50497
40.5,22.0,ascending,288.91333
40.5,22.25,ascending,286.99667
40.5,22.5,ascending,280.04285
40.5,22.75,ascending,271.56857
40.5,23.0,ascending,273.71167
40.5,23.25,ascending,282.9
40.5,23.5,ascending,282.01248
40.5,23.75,ascending,270.872
40.5,24.0,ascending,257.71832
40.5,24.25,ascending,245.40428
40.5,24.5,ascending,237.35715
40.5,24.75,ascending,238.8
40.5,25.0,ascending,235.18375
40.5,25.25,ascending,231.50334
40.5,25.5,ascending,233.81375
40.5,25.75,ascending,239.92168
40.5,26.0,ascending,245.0
40.5,26.25,ascending,260.33
40.5,26.5,ascending,274.47998
40.5,26.75,ascending,279.00714
40.5,27.0,ascending,277.9
40.5,27.25,ascending,270.58002
40.5,27.5,ascending,255.65201
40.5,27.75,ascending,247.33598
40.5,28.0,ascending,243.43999
40.5,28.25,ascending,240.2
40.5,28.5,ascending,240.4725
40.5,28.75,ascending,244.90999
40.5,29.0,ascending,254.39624
40.5,29.25,ascending,268.70285
40.5,29.5,ascending,276.54126
40.5,29.75,ascending,280.89142
40.5,30.0,ascending,285.72858
40.5,30.25,ascending,286.93375
40.5,30.5,ascending,286.80334
40.5,30.75,ascending,286.25375
40.5,31.0,ascending,288.14374
40.5,31.25,ascending,290.19223
40.5,31.5,ascending,292.6611
40.5,31.75,ascending,295.07123
40.5,32.0,ascending,296.19
40.5,32.25,ascending,297.64667
40.5,32.5,ascending,298.64728
40.5,32.75,ascending,299.72998
40.5,33.0,ascending,300.7983
40.5,33.25,ascending,302.30002
40.5,33.5,ascending,304.05615
40.5,33.75,ascending,305.42416
40.5,34.0,ascending,306.085
40.5,34.25,ascending,306.12125
40.5,34.5,ascending,305.4325
40.5,34.75,ascending,304.47653
40.75,-9.5,ascending,212.59
40.75,-9.25,ascending,215.95
40.75,-9.0,ascending,224.33055
40.75,-8.75,ascending,234.85538
40.75,-8.5,ascending,252.97285
40.75,-8.25,ascending,269.87726
40.75,-8.0,ascending,282.27817
40.75,-7.75,ascending,289.55725
40.75,-7.5,ascending,292.93817
40.75,-7.25,ascending,294.30334
40.75,-7.0,ascending,295.06998
40.75,-6.75,ascending,295.749
40.75,-6.5,ascending,296.27
40.75,-6.25,ascending,296.7575
40.75,-6.0,ascending,297.11624
40.75,-5.75,ascending,297.15875
40.75,-5.5,ascending,296.52142
40.75,-5.25,ascending,295.87625
40.75,-5.0,ascending,295.74857
40.75,-4.75,ascending,295.9814
40.75,-4.5,ascending,296.03
40.75,-4.25,ascending,295.775
40.75,-4.0,ascending,295.32285
40.75,-3.75,ascending,295.035
40.75,-3.5,ascending,295.1122
40.75,-3.25,ascending,295.03165
40.75,-3.0,ascending,294.28333
40.75,-2.75,ascending,293.485
40.75,-2.5,ascending,293.53833
40.75,-2.25,ascending,293.45334
40.75,-2.0,ascending,292.46286
40.75,-1.75,ascending,290.95572
40.75,-1.5,ascending,289.99667
40.75,-1.25,ascending,290.75287
40.75,-1.0,ascending,291.28287
40.75,-0.75,ascending,291.02286
40.75,-0.5,ascending,290.27286
40.75,-0.25,ascending,289.818
40.75,-0.0,ascending,268.33417
40.75,0.25,ascending,287.722
40.75,0.5,ascending,283.8857
40.75,0.75,ascending,271.28598
40.75,1.0,ascending,254.75713
40.75,1.25,ascending,244.40999
40.75,1.5,ascending,235.32332
40.75,1.75,ascending,231.23
40.75,2.0,ascending,230.67429
40.75,2.25,ascending,227.26
40.75,2.5,ascending,224.33571
40.75,2.75,ascending,222.96143
40.75,3.0,ascending,222.11499
40.75,3.25,ascending,221.82166
40.75,3.5,ascending,221.87428
40.75,3.75,ascending,222.35
40.75,4.0,ascending,222.65874
40.75,4.25,ascending,222.96
40.75,4.5,ascending,222.6525
40.75,4.75,ascending,222.21332
40.75,5.0,ascending,221.00777
40.75,5.25,ascending,219.855
40.75,5.5,ascending,219.30998
40.75,5.75,ascending,218.9175
40.75,6.0,ascending,218.745
40.75,6.25,ascending,218.61427
40.75,6.5,ascending,218.38126
40.75,6.75,ascending,218.23125
40.75,7.0,ascending,219.41444
40.75,7.25,ascending,223.79141
40.75,7.5,ascending,229.25223
40.75,7.75,ascending,231.54099
40.75,8.0,ascending,234.70442
40.75,8.25,ascending,243.823
40.75,8.5,ascending,258.63364
40.75,8.75,ascending,271.91544
40.75,9.0,ascending,277.38928
40.75,9.25,ascending,272.055
40.75,9.5,ascending,253.97556
40.75,9.75,ascending,235.30165
40.75,10.0,ascending,224.28572
40.75,15.25,ascending,292.69998
40.75,15.5,ascending,292.09894
40.75,15.75,ascending,293.2029
40.75,16.0,ascending,294.0043
40.75,16.25,ascending,294.88748
40.75,16.5,ascending,294.56168
40.75,16.75,ascending,292.5508
40.75,17.0,ascending,289.4491
40.75,17.25,ascending,285.57333
40.75,17.5,ascending,275.35556
40.75,17.75,ascending,263.16998
40.75,18.0,ascending,242.43666
40.75,18.25,ascending,228.7925
40.75,18.5,ascending,221.41444
40.75,18.75,ascending,219.19374
40.75,19.0,ascending,221.745
40.75,19.25,ascending,230.80856
40.75,19.5,ascending,246.58571
40.75,19.75,ascending,265.80875
40.75,20.0,ascending,281.43
40.75,20.25,ascending,288.13284
40.75,20.5,ascending,288.09625
40.75,20.75,ascending,283.44833
40.75,21.0,ascending,279.26624
40.75,21.25,ascending,279.245
40.75,21.5,ascending,284.42334
40.75,21.75,ascending,288.01428
40.75,22.0,ascending,288.69
40.75,22.25,ascending,287.85715
40.75,22.5,ascending,285.89572
40.75,22.75,ascending,285.31998
40.75,23.0,ascending,287.77856
40.75,23.25,ascending,289.38397
40.75,23.5,ascending,285.8325
40.75,23.75,ascending,277.87286
40.75,24.0,ascending,269.12997
40.75,24.25,ascending,263.954
40.75,24.5,ascending,257.53
40.75,24.75,ascending,255.37834
40.75,25.0,ascending,253.26166
40.75,25.25,ascending,248.96332
40.75,25.5,ascending,252.25667
40.75,25.75,ascending,258.98
40.75,26.0,ascending,267.90125
40.75,26.25,ascending,278.15857
40.75,26.5,ascending,285.3225
40.75,26.75,ascending,289.15997
40.75,27.0,ascending,286.70624
40.75,27.25,ascending,280.47665
40.75,27.5,ascending,267.29248
40.75,27.75,ascending,254.88
40.75,28.0,ascending,249.876
40.75,28.25,ascending,244.99428
40.75,28.5,ascending,244.6757
40.75,28.75,ascending,245.71498
40.75,29.0,ascending,252.20142
40.75,29.25,ascending,262.01572
40.75,29.5,ascending,269.33
40.75,29.75,ascending,273.68167
40.75,30.0,ascending,275.68875
40.75,30.25,ascending,275.98
40.75,30.5,ascending,275.0
40.75,30.75,ascending,272.59625
40.75,31.0,ascending,274.71875
40.75,31.25,ascending,279.06876
40.75,31.5,ascending,285.7225
40.75,31.75,ascending,290.0489
40.75,32.0,ascending,291.48798
40.75,32.25,ascending,293.63
40.75,32.5,ascending,295.89996
40.75,32.75,ascending,297.525
40.75,33.0,ascending,298.736
40.75,33.25,ascending,300.2891
40.75,33.5,ascending,301.36453
40.75,33.75,ascending,302.1969
40.75,34.0,ascending,302.75867
40.75,34.25,ascending,303.65762
40.75,34.5,ascending,304.08728
40.75,34.75,ascending,304.05554
41.0,-9.5,ascending,212.73111
41.0,-9.25,ascending,214.90778
41.0,-9.0,ascending,221.18
41.0,-8.75,ascending,232.24924
41.0,-8.5,ascending,250.06615
41.0,-8.25,ascending,267.75546
41.0,-8.0,ascending,281.94168
41.0,-7.75,ascending,289.82
41.0,-7.5,ascending,293.051
41.0,-7.25,ascending,294.525
41.0,-7.0,ascending,295.37888
41.0,-6.75,ascending,295.925
41.0,-6.5,ascending,296.41666
41.0,-6.25,ascending,296.60126
41.0,-6.0,ascending,296.5889
41.0,-5.75,ascending,296.20142
41.0,-5.5,ascending,295.77332
41.0,-5.25,ascending,295.80374
41.0,-5.0,ascending,295.95624
41.0,-4.75,ascending,295.965
41.0,-4.5,ascending,295.94876
41.0,-4.25,ascending,295.97
41.0,-4.0,ascending,295.66873
41.0,-3.75,ascending,295.09857
41.0,-3.5,ascending,294.50497
41.0,-3.25,ascending,293.79572
41.0,-3.0,ascending,293.18375
41.0,-2.75,ascending,292.95334
41.0,-2.5,ascending,293.16284
41.0,-2.25,ascending,293.17285
41.0,-2.0,ascending,292.756
41.0,-1.75,ascending,292.31284
41.0,-1.5,ascending,292.01855
41.0,-1.25,ascending,292.50665
41.0,-1.0,ascending,292.38284
41.0,-0.75,ascending,292.0
41.0,-0.5,ascending,291.69833
41.0,-0.25,ascending,291.66855
41.0,-0.0,ascending,282.31427
41.0,0.25,ascending,290.79715
41.0,0.5,ascending,288.70166
41.0,0.75,ascending,283.1057
41.0,1.0,ascending,270.8775
41.0,1.25,ascending,254.33199
41.0,1.5,ascending,249.24284
41.0,1.75,ascending,247.98283
41.0,2.0,ascending,245.09142
41.0,2.25,ascending,240.53857
41.0,2.5,ascending,231.32999
41.0,2.75,ascending,227.03833
41.0,3.0,ascending,224.44142
41.0,3.25,ascending,222.3075
41.0,3.5,ascending,221.69499
41.0,3.75,ascending,221.5875
41.0,4.0,ascending,221.66333
41.0,4.25,ascending,221.76625
41.0,4.5,ascending,221.58571
41.0,4.75,ascending,221.64572
41.0,5.0,ascending,220.78
41.0,5.25,ascending,219.6575
41.0,5.5,ascending,218.65125
41.0,5.75,ascending,218.19429
41.0,6.0,ascending,218.03125
41.0,6.25,ascending,217.97124
41.0,6.5,ascending,217.96375
41.0,6.75,ascending,217.94249
41.0,7.0,ascending,218.34332
41.0,7.25,ascending,220.79454
41.0,7.5,ascending,225.46555
41.0,7.75,ascending,227.72444
41.0,8.0,ascending,229.70363
41.0,8.25,ascending,234.125
41.0,8.5,ascending,240.80692
41.0,8.75,ascending,249.82153
41.0,9.0,ascending,258.39075
41.0,9.25,ascending,256.512
41.0,9.5,ascending,242.13588
41.0,9.75,ascending,228.58727
41.0,10.0,ascending,221.09236
41.0,15.25,ascending,294.24182
41.0,15.5,ascending,294.09723
41.0,15.75,ascending,294.67398
41.0,16.0,ascending,294.8907
41.0,16.25,ascending,293.27155
41.0,16.5,ascending,290.6708
41.0,16.75,ascending,283.5627
41.0,17.0,ascending,273.147
41.0,17.25,ascending,259.30453
41.0,17.5,ascending,241.80887
41.0,17.75,ascending,230.6511
41.0,18.0,ascending,221.34444
41.0,18.25,ascending,218.38875
41.0,18.5,ascending,217.8275
41.0,18.75,ascending,217.9825
41.0,19.0,ascending,219.9025
41.0,19.25,ascending,227.23999
41.0,19.5,ascending,241.77571
41.0,19.75,ascending,262.38998
41.0,20.0,ascending,278.805
41.0,20.25,ascending,285.4025
41.0,20.5,ascending,283.14716
41.0,20.75,ascending,277.75714
41.0,21.0,ascending,276.40714
41.0,21.25,ascending,281.345
41.0,21.5,ascending,286.79498
41.0,21.75,ascending,288.84714
41.0,22.0,ascending,288.75
41.0,22.25,ascending,288.52426
41.0,22.5,ascending,289.06332
41.0,22.75,ascending,290.0843
41.0,23.0,ascending,289.6614
41.0,23.25,ascending,287.96664
41.0,23.5,ascending,286.55167
41.0,23.75,ascending,284.81998
41.0,24.0,ascending,281.69498
41.0,24.25,ascending,278.56714
41.0,24.5,ascending,275.37997
41.0,24.75,ascending,274.65143
41.0,25.0,ascending,269.54333
41.0,25.25,ascending,273.26428
41.0,25.5,ascending,275.6257
41.0,25.75,ascending,279.5957
41.0,26.0,ascending,284.00333
41.0,26.25,ascending,287.17798
41.0,26.5,ascending,291.00125
41.0,26.75,ascending,294.02164
41.0,27.0,ascending,295.25623
41.0,27.25,ascending,292.16998
41.0,27.5,ascending,285.96286
41.0,27.75,ascending,276.72858
41.0,28.0,ascending,266.22858
41.0,28.25,ascending,261.3657
41.0,28.5,ascending,255.05142
41.0,28.75,ascending,252.55998
41.0,29.0,ascending,250.29857
41.0,29.25,ascending,252.87999
41.0,29.5,ascending,255.54
41.0,29.75,ascending,256.03888
41.0,30.0,ascending,256.24286
41.0,30.25,ascending,257.66
41.0,30.5,ascending,254.80624
41.0,30.75,ascending,250.4557
41.0,31.0,ascending,252.1822
41.0,31.25,ascending,259.69998
41.0,31.5,ascending,272.46777
41.0,31.75,ascending,283.38
41.0,32.0,ascending,287.23874
41.0,32.25,ascending,288.8
41.0,32.5,ascending,292.33362
41.0,32.75,ascending,294.998
41.0,33.0,ascending,296.65726
41.0,33.25,ascending,298.00168
41.0,33.5,ascending,299.09427
41.0,33.75,ascending,299.5777
41.0,34.0,ascending,300.05875
41.0,34.25,ascending,300.76166
41.0,34.5,ascending,301.54953
41.0,34.75,ascending,302.09213
41.25,-9.5,ascending,213.45589
41.25,-9.25,ascending,215.51648
41.25,-9.0,ascending,221.47214
41.25,-8.75,ascending,233.4123
41.25,-8.5,ascending,252.30692
41.25,-8.25,ascending,270.63907
41.25,-8.0,ascending,283.45364
41.25,-7.75,ascending,290.174
41.25,-7.5,ascending,293.08298
41.25,-7.25,ascending,294.41223
41.25,-7.0,ascending,295.09222
41.25,-6.75,ascending,295.30624
41.25,-6.5,ascending,295.48624
41.25,-6.25,ascending,295.28873
41.25,-6.0,ascending,295.4075
41.25,-5.75,ascending,295.63748
41.25,-5.5,ascending,295.89572
41.25,-5.25,ascending,295.87283
41.25,-5.0,ascending,295.7557
41.25,-4.75,ascending,295.68286
41.25,-4.5,ascending,295.95285
41.25,-4.25,ascending,296.13715
41.25,-4.0,ascending,295.85666
41.25,-3.75,ascending,294.9243
41.25,-3.5,ascending,293.99713
41.25,-3.25,ascending,293.33713
41.25,-3.0,ascending,292.9883
41.25,-2.75,ascending,293.03333
41.25,-2.5,ascending,293.19623
41.25,-2.25,ascending,293.1133
41.25,-2.0,ascending,293.0357
41.25,-1.75,ascending,292.95334
41.25,-1.5,ascending,293.19
41.25,-1.25,ascending,292.99667
41.25,-1.0,ascending,292.5
41.25,-0.75,ascending,291.97
41.25,-0.5,ascending,291.98712
41.25,-0.25,ascending,292.28198
41.25,-0.0,ascending,277.61664
41.25,0.25,ascending,291.55402
41.25,0.5,ascending,290.83286
41.25,0.75,ascending,288.73666
41.25,1.0,ascending,281.72998
41.25,1.25,ascending,270.72427
41.25,1.5,ascending,266.5043
41.25,1.75,ascending,268.96
41.25,2.0,ascending,263.78833
41.25,2.25,ascending,255.0175
41.25,2.5,ascending,245.30801
41.25,2.75,ascending,235.56201
41.25,3.0,ascending,230.63599
41.25,3.25,ascending,225.65
41.25,3.5,ascending,222.1157
41.25,3.75,ascending,221.53
41.25,4.0,ascending,221.3875
41.25,4.25,ascending,221.0957
41.25,4.5,ascending,220.77832
41.25,4.75,ascending,220.87856
41.25,5.0,ascending,220.63284
41.25,5.25,ascending,219.36124
41.25,5.5,ascending,218.15285
41.25,5.75,ascending,217.76857
41.25,6.0,ascending,217.61499
41.25,6.25,ascending,217.55875
41.25,6.5,ascending,217.62334
41.25,6.75,ascending,217.70375
41.25,7.0,ascending,217.91624
41.25,7.25,ascending,218.42749
41.25,7.5,ascending,220.34555
41.25,7.75,ascending,222.498
41.25,8.0,ascending,224.97
41.25,8.25,ascending,229.79
41.25,8.5,ascending,237.78908
41.25,8.75,ascending,245.8875
41.25,9.0,ascending,247.73143
41.25,9.25,ascending,241.54285
41.25,9.5,ascending,231.67789
41.25,9.75,ascending,224.04904
41.25,10.0,ascending,219.6023
41.25,15.0,ascending,294.59
41.25,15.25,ascending,295.32947
41.25,15.5,ascending,294.71124
41.25,15.75,ascending,293.56384
41.25,16.0,ascending,289.56143
41.25,16.25,ascending,278.2425
41.25,16.5,ascending,267.43182
41.25,16.75,ascending,253.16098
41.25,17.0,ascending,237.9791
41.25,17.25,ascending,227.08624
41.25,17.5,ascending,220.56999
41.25,17.75,ascending,218.01999
41.25,18.0,ascending,216.87999
41.25,18.25,ascending,216.77887
41.25,18.5,ascending,216.83556
41.25,18.75,ascending,216.86429
41.25,19.0,ascending,218.1175
41.25,19.25,ascending,224.25
41.25,19.5,ascending,240.53125
41.25,19.75,ascending,261.19666
41.25,20.0,ascending,275.85858
41.25,20.25,ascending,282.5257
41.25,20.5,ascending,281.755
41.25,20.75,ascending,280.76666
41.25,21.0,ascending,281.89142
41.25,21.25,ascending,285.09332
41.25,21.5,ascending,287.75333
41.25,21.75,ascending,288.4783
41.25,22.0,ascending,288.70834
41.25,22.25,ascending,289.48666
41.25,22.5,ascending,290.01498
41.25,22.75,ascending,288.85284
41.25,23.0,ascending,287.035
41.25,23.25,ascending,286.32834
41.25,23.5,ascending,286.9283
41.25,23.75,ascending,286.6443
41.25,24.0,ascending,285.28
41.25,24.25,ascending,284.308
41.25,24.5,ascending,283.36832
41.25,24.75,ascending,283.574
41.25,25.0,ascending,282.80624
41.25,25.25,ascending,284.585
41.25,25.5,ascending,286.7457
41.25,25.75,ascending,288.22427
41.25,26.0,ascending,288.094
41.25,26.25,ascending,289.59
41.25,26.5,ascending,292.3557
41.25,26.75,ascending,294.64285
41.25,27.0,ascending,295.78143
41.25,27.25,ascending,295.89285
41.25,27.5,ascending,294.23428
41.25,27.75,ascending,289.88715
41.25,28.0,ascending,277.865
41.25,28.25,ascending,262.715
41.25,28.5,ascending,249.90999
41.25,28.75,ascending,244.41833
41.25,29.0,ascending,238.41
41.25,29.25,ascending,237.625
41.25,29.5,ascending,236.08571
41.25,29.75,ascending,234.56831
41.25,30.0,ascending,235.99124
41.25,30.25,ascending,234.80286
41.25,30.5,ascending,235.16125
41.25,30.75,ascending,232.6225
41.25,31.0,ascending,232.12125
41.25,31.25,ascending,236.83124
41.25,31.5,ascending,249.3875
41.25,31.75,ascending,264.78198
41.25,32.0,ascending,276.6078
41.25,32.25,ascending,282.49
41.25,32.5,ascending,286.751
41.25,32.75,ascending,290.8
41.25,33.0,ascending,293.726
41.25,33.25,ascending,295.65915
41.25,33.5,ascending,297.49728
41.25,33.75,ascending,298.46536
41.25,34.0,ascending,298.80875
41.25,34.25,ascending,298.97556
41.25,34.5,ascending,298.79523
41.25,34.75,ascending,298.6511
41.5,-9.75,ascending,215.455
41.5,-9.5,ascending,215.21388
41.5,-9.25,ascending,217.44199
41.5,-9.0,ascending,224.32933
41.5,-8.75,ascending,238.42833
41.5,-8.5,ascending,257.84845
41.5,-8.25,ascending,274.841
41.5,-8.0,ascending,285.168
41.5,-7.75,ascending,290.7709
41.5,-7.5,ascending,293.133
41.5,-7.25,ascending,293.86334
41.5,-7.0,ascending,294.23334
41.5,-6.75,ascending,294.5589
41.5,-6.5,ascending,294.84332
41.5,-6.25,ascending,295.14124
41.5,-6.0,ascending,295.26553
41.5,-5.75,ascending,295.24374
41.5,-5.5,ascending,295.3414
41.5,-5.25,ascending,295.41998
41.5,-5.0,ascending,295.62875
41.5,-4.75,ascending,295.93124
41.5,-4.5,ascending,296.09
41.5,-4.25,ascending,295.92874
41.5,-4.0,ascending,295.34427
41.5,-3.75,ascending,294.3643
41.5,-3.5,ascending,293.68573
41.5,-3.25,ascending,293.30597
41.5,-3.0,ascending,293.09427
41.5,-2.75,ascending,292.94998
41.5,-2.5,ascending,291.79166
41.5,-2.25,ascending,290.32834
41.5,-2.0,ascending,290.6125
41.5,-1.75,ascending,291.56198
41.5,-1.5,ascending,292.84857
41.5,-1.25,ascending,292.90854
41.5,-1.0,ascending,292.2857
41.5,-0.75,ascending,292.16998
41.5,-0.5,ascending,292.9875
41.5,-0.25,ascending,293.215
41.5,-0.0,ascending,273.018
41.5,0.25,ascending,292.32285
41.5,0.5,ascending,291.96143
41.5,0.75,ascending,290.39667
41.5,1.0,ascending,287.22665
41.5,1.25,ascending,284.35248
41.5,1.5,ascending,281.81665
41.5,1.75,ascending,280.068
41.5,2.0,ascending,276.87857
41.5,2.25,ascending,269.78287
41.5,2.5,ascending,260.39713
41.5,2.75,ascending,254.37712
41.5,3.0,ascending,243.44331
41.5,3.25,ascending,234.32332
41.5,3.5,ascending,225.05124
41.5,3.75,ascending,222.0957
41.5,4.0,ascending,222.06714
41.5,4.25,ascending,221.45
41.5,4.5,ascending,220.74625
41.5,4.75,ascending,220.51874
41.5,5.0,ascending,220.50624
41.5,5.25,ascending,219.54
41.5,5.5,ascending,218.20667
41.5,5.75,ascending,217.6225
41.5,6.0,ascending,217.59375
41.5,6.25,ascending,217.73999
41.5,6.5,ascending,217.97624
41.5,6.75,ascending,218.12
41.5,7.0,ascending,218.09889
41.5,7.25,ascending,218.18889
41.5,7.5,ascending,218.39545
41.5,7.75,ascending,219.02777
41.5,8.0,ascending,221.1918
41.5,8.25,ascending,227.9575
41.5,8.5,ascending,241.01181
41.5,8.75,ascending,256.46713
41.5,9.0,ascending,258.5957
41.5,9.25,ascending,245.10812
41.5,9.5,ascending,229.97333
41.5,9.75,ascending,223.50417
41.5,10.0,ascending,221.18857
41.5,15.0,ascending,291.13498
41.5,15.25,ascending,292.95465
41.5,15.5,ascending,291.6194
41.5,15.75,ascending,286.53928
41.5,16.0,ascending,274.83
41.5,16.25,ascending,255.94362
41.5,16.5,ascending,241.81454
41.5,16.75,ascending,227.20091
41.5,17.0,ascending,220.48888
41.5,17.25,ascending,217.6682
41.5,17.5,ascending,216.74222
41.5,17.75,ascending,216.66556
41.5,18.0,ascending,216.616
41.5,18.25,ascending,216.5175
41.5,18.5,ascending,216.3075
41.5,18.75,ascending,216.2557
41.5,19.0,ascending,217.5125
41.5,19.25,ascending,223.91998
41.5,19.5,ascending,240.4325
41.5,19.75,ascending,260.18713
41.5,20.0,ascending,274.6314
41.5,20.25,ascending,282.44666
41.5,20.5,ascending,283.49667
41.5,20.75,ascending,283.0
41.5,21.0,ascending,283.65286
41.5,21.25,ascending,285.03
41.5,21.5,ascending,286.12997
41.5,21.75,ascending,287.28
41.5,22.0,ascending,288.71335
41.5,22.25,ascending,289.58142
41.5,22.5,ascending,288.76715
41.5,22.75,ascending,286.09167
41.5,23.0,ascending,284.91284
41.5,23.25,ascending,285.18167
41.5,23.5,ascending,285.76285
41.5,23.75,ascending,285.21664
41.5,24.0,ascending,284.94714
41.5,24.25,ascending,284.42285
41.5,24.5,ascending,284.34833
41.5,24.75,ascending,284.73
41.5,25.0,ascending,285.335
41.5,25.25,ascending,286.26572
41.5,25.5,ascending,287.38998
41.5,25.75,ascending,288.465
41.5,26.0,ascending,288.8943
41.5,26.25,ascending,290.05716
41.5,26.5,ascending,291.76712
41.5,26.75,ascending,293.26712
41.5,27.0,ascending,294.214
41.5,27.25,ascending,293.19498
41.5,27.5,ascending,292.27124
41.5,27.75,ascending,286.82666
41.5,28.0,ascending,271.51285
41.5,28.25,ascending,251.06375
41.5,28.5,ascending,232.79
41.5,28.75,ascending,229.91374
41.5,29.0,ascending,226.87834
41.5,29.25,ascending,225.87
41.5,29.5,ascending,224.9825
41.5,29.75,ascending,225.40167
41.5,30.0,ascending,224.94888
41.5,30.25,ascending,224.47427
41.5,30.5,ascending,225.15875
41.5,30.75,ascending,224.55624
41.5,31.0,ascending,224.81375
41.5,31.25,ascending,227.15556
41.5,31.5,ascending,231.7289
41.5,31.75,ascending,239.31285
41.5,32.0,ascending,248.68546
41.5,32.25,ascending,265.26498
41.5,32.5,ascending,271.31
41.5,32.75,ascending,280.2109
41.5,33.0,ascending,284.61917
41.5,33.25,ascending,288.59637
41.5,33.5,ascending,290.66998
41.5,33.75,ascending,292.5957
41.5,34.0,ascending,293.73874
41.5,34.25,ascending,293.386
41.5,34.5,ascending,292.93478
41.5,34.75,ascending,291.4675
41.75,-9.75,ascending,217.79312
41.75,-9.5,ascending,217.55333
41.75,-9.25,ascending,220.26572
41.75,-9.0,ascending,228.79356
41.75,-8.75,ascending,244.04637
41.75,-8.5,ascending,262.37497
41.75,-8.25,ascending,278.35272
41.75,-8.0,ascending,286.93222
41.75,-7.75,ascending,290.5482
41.75,-7.5,ascending,292.21857
41.75,-7.25,ascending,292.82333
41.75,-7.0,ascending,293.6722
41.75,-6.75,ascending,294.36374
41.75,-6.5,ascending,294.83624
41.75,-6.25,ascending,294.9275
41.75,-6.0,ascending,294.60715
41.75,-5.75,ascending,294.37283
41.75,-5.5,ascending,294.66876
41.75,-5.25,ascending,295.33856
41.75,-5.0,ascending,296.07858
41.75,-4.75,ascending,296.33856
41.75,-4.5,ascending,296.03427
41.75,-4.25,ascending,295.31427
41.75,-4.0,ascending,294.58426
41.75,-3.75,ascending,293.8033
41.75,-3.5,ascending,293.48285
41.75,-3.25,ascending,293.10623
41.75,-3.0,ascending,292.47858
41.75,-2.75,ascending,291.21857
41.75,-2.5,ascending,288.57333
41.75,-2.25,ascending,286.525
41.75,-2.0,ascending,288.73712
41.75,-1.75,ascending,291.73666
41.75,-1.5,ascending,293.19333
41.75,-1.25,ascending,293.11
41.75,-1.0,ascending,292.72287
41.75,-0.75,ascending,293.33
41.75,-0.5,ascending,294.24832
41.75,-0.25,ascending,294.285
41.75,-0.0,ascending,267.27997
41.75,0.25,ascending,293.25333
41.75,0.5,ascending,292.62598
41.75,0.75,ascending,291.88715
41.75,1.0,ascending,290.90573
41.75,1.25,ascending,289.9775
41.75,1.5,ascending,288.82166
41.75,1.75,ascending,285.56857
41.75,2.0,ascending,280.1957
41.75,2.25,ascending,275.59857
41.75,2.5,ascending,273.83875
41.75,2.75,ascending,272.56497
41.75,3.0,ascending,262.90857
41.75,3.25,ascending,242.99399
41.75,3.5,ascending,229.79285
41.75,3.75,ascending,224.24715
41.75,4.0,ascending,223.44
41.75,4.25,ascending,222.78285
41.75,4.5,ascending,221.52998
41.75,4.75,ascending,220.80142
41.75,5.0,ascending,220.72714
41.75,5.25,ascending,219.88832
41.75,5.5,ascending,218.55624
41.75,5.75,ascending,217.79428
41.75,6.0,ascending,217.71222
41.75,6.25,ascending,217.93428
41.75,6.5,ascending,218.60666
41.75,6.75,ascending,219.43285
41.75,7.0,ascending,219.21777
41.75,7.25,ascending,218.89374
41.75,7.5,ascending,218.58444
41.75,7.75,ascending,218.58298
41.75,8.0,ascending,220.35999
41.75,8.25,ascending,228.01299
41.75,8.5,ascending,244.60545
41.75,8.75,ascending,264.5118
41.75,9.0,ascending,270.228
41.75,9.25,ascending,256.02286
41.75,9.5,ascending,234.92667
41.75,9.75,ascending,224.03082
41.75,10.0,ascending,221.48499
41.75,14.75,ascending,277.175
41.75,15.0,ascending,283.57526
41.75,15.25,ascending,285.5375
41.75,15.5,ascending,280.0114
41.75,15.75,ascending,274.09
41.75,16.0,ascending,261.37076
41.75,16.25,ascending,245.92099
41.75,16.5,ascending,233.26544
41.75,16.75,ascending,222.45181
41.75,17.0,ascending,218.14777
41.75,17.25,ascending,216.73555
41.75,17.5,ascending,216.60222
41.75,17.75,ascending,216.60875
41.75,18.0,ascending,216.52625
41.75,18.25,ascending,216.3375
41.75,18.5,ascending,216.34
41.75,18.75,ascending,216.6757
41.75,19.0,ascending,219.7625
41.75,19.25,ascending,230.25856
41.75,19.5,ascending,246.09
41.75,19.75,ascending,266.13998
41.75,20.0,ascending,278.725
41.75,20.25,ascending,283.0657
41.75,20.5,ascending,283.03165
41.75,20.75,ascending,282.225
41.75,21.0,ascending,282.45142
41.75,21.25,ascending,282.96286
41.75,21.5,ascending,283.54166
41.75,21.75,ascending,285.13666
41.75,22.0,ascending,286.80716
41.75,22.25,ascending,286.68
41.75,22.5,ascending,285.02426
41.75,22.75,ascending,283.3
41.75,23.0,ascending,282.49142
41.75,23.25,ascending,282.818
41.75,23.5,ascending,282.82285
41.75,23.75,ascending,283.13333
41.75,24.0,ascending,283.275
41.75,24.25,ascending,283.16333
41.75,24.5,ascending,283.81427
41.75,24.75,ascending,284.26
41.75,25.0,ascending,284.69
41.75,25.25,ascending,285.30667
41.75,25.5,ascending,286.68665
41.75,25.75,ascending,287.85333
41.75,26.0,ascending,289.13373
41.75,26.25,ascending,290.344
41.75,26.5,ascending,291.235
41.75,26.75,ascending,291.83
41.75,27.0,ascending,291.76373
41.75,27.25,ascending,290.50998
41.75,27.5,ascending,286.95
41.75,27.75,ascending,276.64166
41.75,28.0,ascending,257.18997
41.75,28.25,ascending,236.2057
41.75,28.5,ascending,225.81665
41.75,28.75,ascending,222.27571
41.75,29.0,ascending,222.47714
41.75,29.25,ascending,222.00429
41.75,29.5,ascending,222.11427
41.75,29.75,ascending,222.35875
41.75,30.0,ascending,222.53142
41.75,30.25,ascending,222.68285
41.75,30.5,ascending,222.8575
41.75,30.75,ascending,223.07999
41.75,31.0,ascending,223.73666
41.75,31.25,ascending,224.84856
41.75,31.5,ascending,225.9925
41.75,31.75,ascending,227.38799
41.75,32.0,ascending,229.49625
41.75,32.25,ascending,239.35889
41.75,32.5,ascending,245.22112
41.75,32.75,ascending,255.047
41.75,33.0,ascending,260.267
41.75,33.25,ascending,267.65915
41.75,33.5,ascending,270.06418
41.75,33.75,ascending,271.8546
41.75,34.0,ascending,271.57883
41.75,34.25,ascending,272.1794
41.75,34.5,ascending,274.2552
42.0,-10.0,ascending,220.69286
42.0,-9.75,ascending,219.8142
42.0,-9.5,ascending,219.53067
42.0,-9.25,ascending,222.08427
42.0,-9.0,ascending,230.92538
42.0,-8.75,ascending,246.33727
42.0,-8.5,ascending,262.89545
42.0,-8.25,ascending,277.328
42.0,-8.0,ascending,285.88898
42.0,-7.75,ascending,289.4522
42.0,-7.5,ascending,291.245
42.0,-7.25,ascending,292.00998
42.0,-7.0,ascending,292.75998
42.0,-6.75,ascending,293.30624
42.0,-6.5,ascending,293.66223
42.0,-6.25,ascending,293.95334
42.0,-6.0,ascending,293.70123
42.0,-5.75,ascending,293.35715
42.0,-5.5,ascending,293.3375
42.0,-5.25,ascending,294.43286
42.0,-5.0,ascending,295.44748
42.0,-4.75,ascending,295.70285
42.0,-4.5,ascending,294.9243
42.0,-4.25,ascending,294.415
42.0,-4.0,ascending,293.9343
42.0,-3.75,ascending,293.45142
42.0,-3.5,ascending,293.08426
42.0,-3.25,ascending,292.39398
42.0,-3.0,ascending,291.42667
42.0,-2.75,ascending,289.715
42.0,-2.5,ascending,287.56143
42.0,-2.25,ascending,287.9114
42.0,-2.0,ascending,290.55002
42.0,-1.75,ascending,292.79166
42.0,-1.5,ascending,293.63284
42.0,-1.25,ascending,293.78857
42.0,-1.0,ascending,293.89572
42.0,-0.75,ascending,294.365
42.0,-0.5,ascending,294.56143
42.0,-0.25,ascending,294.365
42.0,-0.0,ascending,285.58374
42.0,0.25,ascending,293.136
42.0,0.5,ascending,292.35715
42.0,0.75,ascending,290.92572
42.0,1.0,ascending,290.18832
42.0,1.25,ascending,289.92856
42.0,1.5,ascending,289.06
42.0,1.75,ascending,285.27856
42.0,2.0,ascending,278.44998
42.0,2.25,ascending,275.9833
42.0,2.5,ascending,279.21625
42.0,2.75,ascending,281.32
42.0,3.0,ascending,272.6
42.0,3.25,ascending,251.72427
42.0,3.5,ascending,234.33
42.0,3.75,ascending,228.70427
42.0,4.0,ascending,226.14857
42.0,4.25,ascending,225.5657
42.0,4.5,ascending,222.94875
42.0,4.75,ascending,221.70999
42.0,5.0,ascending,221.2625
42.0,5.25,ascending,220.30875
42.0,5.5,ascending,218.8057
42.0,5.75,ascending,217.93375
42.0,6.0,ascending,217.65714
42.0,6.25,ascending,217.65222
42.0,6.5,ascending,218.42374
42.0,6.75,ascending,220.00778
42.0,7.0,ascending,221.254
42.0,7.25,ascending,220.90201
42.0,7.5,ascending,219.6311
42.0,7.75,ascending,218.75636
42.0,8.0,ascending,219.90749
42.0,8.25,ascending,228.71599
42.0,8.5,ascending,247.6823
42.0,8.75,ascending,269.2192
42.0,9.0,ascending,276.5793
42.0,9.25,ascending,263.27936
42.0,9.5,ascending,241.09749
42.0,9.75,ascending,226.32375
42.0,14.75,ascending,262.93332
42.0,15.0,ascending,264.00528
42.0,15.25,ascending,257.54868
42.0,15.5,ascending,246.78572
42.0,15.75,ascending,242.7625
42.0,16.0,ascending,234.42154
42.0,16.25,ascending,227.455
42.0,16.5,ascending,222.39818
42.0,16.75,ascending,217.90887
42.0,17.0,ascending,216.788
42.0,17.25,ascending,216.52124
42.0,17.5,ascending,216.64223
42.0,17.75,ascending,216.71375
42.0,18.0,ascending,216.7825
42.0,18.25,ascending,217.015
42.0,18.5,ascending,218.24333
42.0,18.75,ascending,222.33124
42.0,19.0,ascending,229.68857
42.0,19.25,ascending,248.02428
42.0,19.5,ascending,262.50873
42.0,19.75,ascending,275.20856
42.0,20.0,ascending,280.53854
42.0,20.25,ascending,281.62143
42.0,20.5,ascending,281.695
42.0,20.75,ascending,281.5543
42.0,21.0,ascending,281.43332
42.0,21.25,ascending,281.20166
42.0,21.5,ascending,281.26428
42.0,21.75,ascending,282.29285
42.0,22.0,ascending,283.07333
42.0,22.25,ascending,281.89664
42.0,22.5,ascending,280.43
42.0,22.75,ascending,279.78
42.0,23.0,ascending,279.50497
42.0,23.25,ascending,279.49857
42.0,23.5,ascending,279.7457
42.0,23.75,ascending,280.525
42.0,24.0,ascending,281.45856
42.0,24.25,ascending,282.305
42.0,24.5,ascending,283.22998
42.0,24.75,ascending,283.9243
42.0,25.0,ascending,284.42
42.0,25.25,ascending,285.30832
42.0,25.5,ascending,286.22998
42.0,25.75,ascending,287.4943
42.0,26.0,ascending,288.97748
42.0,26.25,ascending,289.69284
42.0,26.5,ascending,289.9457
42.0,26.75,ascending,290.30713
42.0,27.0,ascending,289.63715
42.0,27.25,ascending,287.59427
42.0,27.5,ascending,282.5357
42.0,27.75,ascending,268.21832
42.0,28.0,ascending,243.14285
42.0,28.25,ascending,226.86333
42.0,28.5,ascending,221.28
42.0,28.75,ascending,220.90999
42.0,29.0,ascending,221.44624
42.0,29.25,ascending,221.46999
42.0,29.5,ascending,221.50124
42.0,29.75,ascending,221.86624
42.0,30.0,ascending,222.29428
42.0,30.25,ascending,222.63625
42.0,30.5,ascending,222.83875
42.0,30.75,ascending,223.04124
42.0,31.0,ascending,223.56
42.0,31.25,ascending,224.28624
42.0,31.5,ascending,224.81332
42.0,31.75,ascending,224.61223
42.0,32.0,ascending,224.73299
42.0,32.25,ascending,226.623
42.0,32.5,ascending,228.931
42.0,32.75,ascending,231.71544
42.0,33.0,ascending,233.83545
42.0,33.25,ascending,238.9209
42.0,33.5,ascending,240.02933
42.0,33.75,ascending,240.715
42.0,34.0,ascending,239.625
42.0,34.25,ascending,240.604
42.0,34.5,ascending,244.19998
42.25,-10.0,ascending,222.40048
42.25,-9.75,ascending,221.71931
42.25,-9.5,ascending,221.27284
42.25,-9.25,ascending,223.33229
42.25,-9.0,ascending,230.66615
42.25,-8.75,ascending,244.575
42.25,-8.5,ascending,261.98453
42.25,-8.25,ascending,276.59555
42.25,-8.0,ascending,284.8411
42.25,-7.75,ascending,288.70554
42.25,-7.5,ascending,290.133
42.25,-7.25,ascending,290.71875
42.25,-7.0,ascending,291.15555
42.25,-6.75,ascending,291.94144
42.25,-6.5,ascending,292.53
42.25,-6.25,ascending,292.9857
42.25,-6.0,ascending,292.62375
42.25,-5.75,ascending,291.53427
42.25,-5.5,ascending,291.31375
42.25,-5.25,ascending,292.34164
42.25,-5.0,ascending,293.4457
42.25,-4.75,ascending,293.76855
42.25,-4.5,ascending,293.53714
42.25,-4.25,ascending,293.33002
42.25,-4.0,ascending,293.18665
42.25,-3.75,ascending,292.61166
42.25,-3.5,ascending,292.21713
42.25,-3.25,ascending,291.70428
42.25,-3.0,ascending,291.13998
42.25,-2.75,ascending,290.37668
42.25,-2.5,ascending,289.94165
42.25,-2.25,ascending,290.92667
42.25,-2.0,ascending,292.44427
42.25,-1.75,ascending,293.46335
42.25,-1.5,ascending,294.005
42.25,-1.25,ascending,294.23398
42.25,-1.0,ascending,294.24
42.25,-0.75,ascending,294.08167
42.25,-0.5,ascending,293.62332
42.25,-0.25,ascending,292.775
42.25,-0.0,ascending,270.05
42.25,0.25,ascending,290.8943
42.25,0.5,ascending,289.4357
42.25,0.75,ascending,287.83002
42.25,1.0,ascending,286.32715
42.25,1.25,ascending,286.12
42.25,1.5,ascending,286.01428
42.25,1.75,ascending,283.485
42.25,2.0,ascending,279.792
42.25,2.25,ascending,279.22598
42.25,2.5,ascending,282.81427
42.25,2.75,ascending,282.7757
42.25,3.0,ascending,270.90427
42.25,3.25,ascending,249.65498
42.25,3.5,ascending,236.65572
42.25,3.75,ascending,232.495
42.25,4.0,ascending,230.2625
42.25,4.25,ascending,228.43
42.25,4.5,ascending,225.20714
42.25,4.75,ascending,222.74165
42.25,5.0,ascending,221.79375
42.25,5.25,ascending,220.67
42.25,5.5,ascending,219.23555
42.25,5.75,ascending,218.20999
42.25,6.0,ascending,217.6975
42.25,6.25,ascending,217.44858
42.25,6.5,ascending,217.68332
42.25,6.75,ascending,219.3275
42.25,7.0,ascending,221.65712
42.25,7.25,ascending,223.03667
42.25,7.5,ascending,222.01599
42.25,7.75,ascending,219.56499
42.25,8.0,ascending,219.0422
42.25,8.25,ascending,224.89635
42.25,8.5,ascending,244.52498
42.25,8.75,ascending,266.48666
42.25,9.0,ascending,276.1633
42.25,9.25,ascending,265.65933
42.25,9.5,ascending,243.604
42.25,9.75,ascending,228.82211
42.25,14.5,ascending,241.415
42.25,14.75,ascending,242.9022
42.25,15.0,ascending,238.07599
42.25,15.25,ascending,229.91667
42.25,15.5,ascending,222.03693
42.25,15.75,ascending,220.84454
42.25,16.0,ascending,218.46498
42.25,16.25,ascending,217.84799
42.25,16.5,ascending,217.01727
42.25,16.75,ascending,216.61444
42.25,17.0,ascending,216.73666
42.25,17.25,ascending,217.04874
42.25,17.5,ascending,217.31332
42.25,17.75,ascending,217.66374
42.25,18.0,ascending,218.56375
42.25,18.25,ascending,221.29
42.25,18.5,ascending,227.76143
42.25,18.75,ascending,240.61142
42.25,19.0,ascending,253.90625
42.25,19.25,ascending,267.75143
42.25,19.5,ascending,274.8514
42.25,19.75,ascending,278.4833
42.25,20.0,ascending,279.48624
42.25,20.25,ascending,279.85
42.25,20.5,ascending,280.76624
42.25,20.75,ascending,280.998
42.25,21.0,ascending,280.32
42.25,21.25,ascending,279.53143
42.25,21.5,ascending,278.95856
42.25,21.75,ascending,279.12714
42.25,22.0,ascending,279.08856
42.25,22.25,ascending,278.08167
42.25,22.5,ascending,276.75714
42.25,22.75,ascending,276.88834
42.25,23.0,ascending,277.18832
42.25,23.25,ascending,276.862
42.25,23.5,ascending,276.97427
42.25,23.75,ascending,278.22
42.25,24.0,ascending,280.17334
42.25,24.25,ascending,281.58664
42.25,24.5,ascending,282.80002
42.25,24.75,ascending,283.45712
42.25,25.0,ascending,284.41165
42.25,25.25,ascending,285.04666
42.25,25.5,ascending,285.555
42.25,25.75,ascending,286.584
42.25,26.0,ascending,287.95624
42.25,26.25,ascending,288.18997
42.25,26.5,ascending,288.13998
42.25,26.75,ascending,288.86285
42.25,27.0,ascending,288.8757
42.25,27.25,ascending,286.0557
42.25,27.5,ascending,277.3157
42.25,27.75,ascending,259.44855
42.25,28.0,ascending,234.17332
42.25,28.25,ascending,222.71571
42.25,28.5,ascending,219.96143
42.25,28.75,ascending,220.55666
42.25,29.0,ascending,221.10857
42.25,29.25,ascending,221.07286
42.25,29.5,ascending,221.03714
42.25,29.75,ascending,221.47333
42.25,30.0,ascending,222.19221
42.25,30.25,ascending,222.75
42.25,30.5,ascending,222.95
42.25,30.75,ascending,223.10715
42.25,31.0,ascending,223.55624
42.25,31.25,ascending,224.28
42.25,31.5,ascending,224.62111
42.25,31.75,ascending,224.435
42.25,32.0,ascending,224.17223
42.25,32.25,ascending,224.375
42.25,32.5,ascending,224.76727
42.25,32.75,ascending,224.59908
42.25,33.0,ascending,224.371
42.25,33.25,ascending,225.02583
42.25,33.5,ascending,225.12001
42.25,33.75,ascending,224.83427
42.25,34.0,ascending,224.54562
42.25,34.25,ascending,225.44524
42.25,34.5,ascending,227.995
42.5,-10.25,ascending,223.73776
42.5,-10.0,ascending,223.42778
42.5,-9.75,ascending,223.23572
42.5,-9.5,ascending,223.40141
42.5,-9.25,ascending,226.67076
42.5,-9.0,ascending,235.09637
42.5,-8.75,ascending,248.074
42.5,-8.5,ascending,265.8609
42.5,-8.25,ascending,279.00998
42.5,-8.0,ascending,286.2218
42.5,-7.75,ascending,288.9178
42.5,-7.5,ascending,289.50998
42.5,-7.25,ascending,289.87875
42.5,-7.0,ascending,290.22888
42.5,-6.75,ascending,290.91125
42.5,-6.5,ascending,291.53714
42.5,-6.25,ascending,291.91998
42.5,-6.0,ascending,291.6225
42.5,-5.75,ascending,291.01572
42.5,-5.5,ascending,291.21
42.5,-5.25,ascending,291.58572
42.5,-5.0,ascending,292.06375
42.5,-4.75,ascending,292.0157
42.5,-4.5,ascending,291.85376
42.5,-4.25,ascending,291.55832
42.5,-4.0,ascending,291.47714
42.5,-3.75,ascending,291.25143
42.5,-3.5,ascending,291.51715
42.5,-3.25,ascending,291.78143
42.5,-3.0,ascending,291.73715
42.5,-2.75,ascending,291.25
42.5,-2.5,ascending,290.88858
42.5,-2.25,ascending,291.27332
42.5,-2.0,ascending,291.6
42.5,-1.75,ascending,291.9283
42.5,-1.5,ascending,292.7657
42.5,-1.25,ascending,292.82166
42.5,-1.0,ascending,292.22284
42.5,-0.75,ascending,291.74832
42.5,-0.5,ascending,290.555
42.5,-0.25,ascending,289.2383
42.5,-0.0,ascending,273.44376
42.5,0.25,ascending,286.43713
42.5,0.5,ascending,285.58
42.5,0.75,ascending,284.17856
42.5,1.0,ascending,282.485
42.5,1.25,ascending,282.80167
42.5,1.5,ascending,283.425
42.5,1.75,ascending,282.498
42.5,2.0,ascending,282.0
42.5,2.25,ascending,283.16998
42.5,2.5,ascending,285.01202
42.5,2.75,ascending,283.242
42.5,3.0,ascending,267.8775
42.5,3.25,ascending,243.85143
42.5,3.5,ascending,234.83858
42.5,3.75,ascending,234.25284
42.5,4.0,ascending,232.15332
42.5,4.25,ascending,229.02625
42.5,4.5,ascending,226.05142
42.5,4.75,ascending,223.74875
42.5,5.0,ascending,222.37572
42.5,5.25,ascending,221.61499
42.5,5.5,ascending,221.32375
42.5,5.75,ascending,221.40714
42.5,6.0,ascending,220.64555
42.5,6.25,ascending,219.20714
42.5,6.5,ascending,218.28444
42.5,6.75,ascending,218.33875
42.5,7.0,ascending,220.24908
42.5,7.25,ascending,222.4175
42.5,7.5,ascending,222.578
42.5,7.75,ascending,220.86333
42.5,8.0,ascending,219.16249
42.5,8.25,ascending,219.82416
42.5,8.5,ascending,228.13643
42.5,8.75,ascending,244.45769
42.5,9.0,ascending,259.61133
42.5,9.25,ascending,256.35168
42.5,9.5,ascending,240.15762
42.5,9.75,ascending,228.20749
42.5,14.5,ascending,229.923
42.5,14.75,ascending,226.53444
42.5,15.0,ascending,223.29533
42.5,15.25,ascending,219.7969
42.5,15.5,ascending,217.89845
42.5,15.75,ascending,217.32666
42.5,16.0,ascending,216.96298
42.5,16.25,ascending,216.83
42.5,16.5,ascending,216.9009
42.5,16.75,ascending,217.23888
42.5,17.0,ascending,217.93109
42.5,17.25,ascending,219.09999
42.5,17.5,ascending,220.371
42.5,17.75,ascending,222.70285
42.5,18.0,ascending,228.96399
42.5,18.25,ascending,240.9775
42.5,18.5,ascending,253.19142
42.5,18.75,ascending,266.90625
42.5,19.0,ascending,274.37143
42.5,19.25,ascending,278.005
42.5,19.5,ascending,278.40875
42.5,19.75,ascending,277.97165
42.5,20.0,ascending,277.76373
42.5,20.25,ascending,278.5483
42.5,20.5,ascending,279.45166
42.5,20.75,ascending,279.44998
42.5,21.0,ascending,278.69833
42.5,21.25,ascending,277.905
42.5,21.5,ascending,277.3
42.5,21.75,ascending,277.12
42.5,22.0,ascending,276.50858
42.5,22.25,ascending,275.86002
42.5,22.5,ascending,275.50668
42.5,22.75,ascending,275.92166
42.5,23.0,ascending,275.9875
42.5,23.25,ascending,275.35498
42.5,23.5,ascending,275.09
42.5,23.75,ascending,276.51666
42.5,24.0,ascending,278.9471
42.5,24.25,ascending,280.51334
42.5,24.5,ascending,281.64624
42.5,24.75,ascending,282.60797
42.5,25.0,ascending,283.61856
42.5,25.25,ascending,284.12
42.5,25.5,ascending,284.886
42.5,25.75,ascending,285.3343
42.5,26.0,ascending,285.8643
42.5,26.25,ascending,286.22855
42.5,26.5,ascending,286.40714
42.5,26.75,ascending,287.54855
42.5,27.0,ascending,287.95572
42.5,27.25,ascending,285.71
42.5,27.5,ascending,278.16855
42.5,27.75,ascending,259.25143
42.5,28.0,ascending,235.59143
42.5,28.25,ascending,222.3657
42.5,28.5,ascending,219.6657
42.5,28.75,ascending,220.0775
42.5,29.0,ascending,220.63571
42.5,29.25,ascending,220.57143
42.5,29.5,ascending,220.70143
42.5,29.75,ascending,221.28714
42.5,30.0,ascending,222.18141
42.5,30.25,ascending,222.78
42.5,30.5,ascending,222.94875
42.5,30.75,ascending,223.12375
42.5,31.0,ascending,223.8811
42.5,31.25,ascending,224.76778
42.5,31.5,ascending,225.11888
42.5,31.75,ascending,224.88889
42.5,32.0,ascending,224.582
42.5,32.25,ascending,224.23799
42.5,32.5,ascending,224.09364
42.5,32.75,ascending,223.877
42.5,33.0,ascending,223.63385
42.5,33.25,ascending,223.34308
42.5,33.5,ascending,222.95
42.5,33.75,ascending,222.61667
42.5,34.0,ascending,222.5221
42.5,34.25,ascending,222.9359
42.5,34.5,ascending,223.86385
42.75,-10.5,ascending,224.48
42.75,-10.25,ascending,224.11235
42.75,-10.0,ascending,224.10413
42.75,-9.75,ascending,224.62733
42.75,-9.5,ascending,226.4175
42.75,-9.25,ascending,233.5
42.75,-9.0,ascending,245.7
42.75,-8.75,ascending,261.47
42.75,-8.5,ascending,276.34442
42.75,-8.25,ascending,283.89
42.75,-8.0,ascending,287.56998
42.75,-7.75,ascending,288.81113
42.75,-7.5,ascending,289.10333
42.75,-7.25,ascending,289.32
42.75,-7.0,ascending,289.56
42.75,-6.75,ascending,290.17126
42.75,-6.5,ascending,290.9325
42.75,-6.25,ascending,291.2857
42.75,-6.0,ascending,291.33572
42.75,-5.75,ascending,291.35858
42.75,-5.5,ascending,291.0357
42.75,-5.25,ascending,290.89334
42.75,-5.0,ascending,290.53625
42.75,-4.75,ascending,289.83334
42.75,-4.5,ascending,289.62665
42.75,-4.25,ascending,288.86285
42.75,-4.0,ascending,288.71875
42.75,-3.75,ascending,289.08398
42.75,-3.5,ascending,290.105
42.75,-3.25,ascending,291.13498
42.75,-3.0,ascending,290.64398
42.75,-2.75,ascending,288.62427
42.75,-2.5,ascending,287.95142
42.75,-2.25,ascending,287.74332
42.75,-2.0,ascending,286.51834
42.75,-1.75,ascending,285.92334
42.75,-1.5,ascending,287.76428
42.75,-1.25,ascending,288.30167
42.75,-1.0,ascending,288.57666
42.75,-0.75,ascending,288.242
42.75,-0.5,ascending,286.49286
42.75,-0.25,ascending,285.21167
42.75,-0.0,ascending,271.8878
42.75,0.25,ascending,283.8825
42.75,0.5,ascending,283.75858
42.75,0.75,ascending,283.10284
42.75,1.0,ascending,282.46198
42.75,1.25,ascending,283.146
42.75,1.5,ascending,283.55573
42.75,1.75,ascending,283.7243
42.75,2.0,ascending,284.51712
42.75,2.25,ascending,285.81998
42.75,2.5,ascending,286.49286
42.75,2.75,ascending,283.40665
42.75,3.0,ascending,265.96667
42.75,3.25,ascending,244.80142
42.75,3.5,ascending,235.24142
42.75,3.75,ascending,235.028
42.75,4.0,ascending,232.01
42.75,4.25,ascending,227.81999
42.75,4.5,ascending,225.95285
42.75,4.75,ascending,225.45857
42.75,5.0,ascending,224.81429
42.75,5.25,ascending,226.63
42.75,5.5,ascending,230.37428
42.75,5.75,ascending,233.38126
42.75,6.0,ascending,232.70142
42.75,6.25,ascending,230.24333
42.75,6.5,ascending,225.99124
42.75,6.75,ascending,220.75749
42.75,7.0,ascending,219.37888
42.75,7.25,ascending,219.878
42.75,7.5,ascending,219.90555
42.75,7.75,ascending,219.23456
42.75,8.0,ascending,218.23799
42.75,8.25,ascending,217.77545
42.75,8.5,ascending,218.38582
42.75,8.75,ascending,222.84248
42.75,9.0,ascending,232.414
42.75,9.25,ascending,236.875
42.75,9.5,ascending,231.12834
42.75,9.75,ascending,224.517
42.75,14.25,ascending,221.54999
42.75,14.5,ascending,221.93633
42.75,14.75,ascending,220.01562
42.75,15.0,ascending,218.84666
42.75,15.25,ascending,218.02
42.75,15.5,ascending,217.49545
42.75,15.75,ascending,217.25273
42.75,16.0,ascending,217.33398
42.75,16.25,ascending,217.611
42.75,16.5,ascending,219.17099
42.75,16.75,ascending,220.75555
42.75,17.0,ascending,224.03125
42.75,17.25,ascending,226.9111
42.75,17.5,ascending,235.22125
42.75,17.75,ascending,243.01
42.75,18.0,ascending,257.28287
42.75,18.25,ascending,269.1314
42.75,18.5,ascending,276.20248
42.75,18.75,ascending,279.41
42.75,19.0,ascending,279.1875
42.75,19.25,ascending,278.42166
42.75,19.5,ascending,277.48428
42.75,19.75,ascending,276.89572
42.75,20.0,ascending,277.02832
42.75,20.25,ascending,277.63748
42.75,20.5,ascending,278.06497
42.75,20.75,ascending,277.44666
42.75,21.0,ascending,276.97
42.75,21.25,ascending,276.6314
42.75,21.5,ascending,276.46
42.75,21.75,ascending,276.26285
42.75,22.0,ascending,275.865
42.75,22.25,ascending,275.615
42.75,22.5,ascending,275.83167
42.75,22.75,ascending,276.30832
42.75,23.0,ascending,275.89334
42.75,23.25,ascending,274.86667
42.75,23.5,ascending,274.72833
42.75,23.75,ascending,276.58334
42.75,24.0,ascending,278.486
42.75,24.25,ascending,279.81833
42.75,24.5,ascending,280.59833
42.75,24.75,ascending,281.84332
42.75,25.0,ascending,282.65997
42.75,25.25,ascending,283.24
42.75,25.5,ascending,283.805
42.75,25.75,ascending,283.94833
42.75,26.0,ascending,284.13834
42.75,26.25,ascending,284.556
42.75,26.5,ascending,285.024
42.75,26.75,ascending,285.805
42.75,27.0,ascending,286.52
42.75,27.25,ascending,285.7383
42.75,27.5,ascending,281.91
42.75,27.75,ascending,269.6657
42.75,28.0,ascending,244.18001
42.75,28.25,ascending,226.05801
42.75,28.5,ascending,221.11124
42.75,28.75,ascending,220.25
42.75,29.0,ascending,220.13857
42.75,29.25,ascending,220.22833
42.75,29.5,ascending,220.51624
42.75,29.75,ascending,221.38713
42.75,30.0,ascending,222.2957
42.75,30.25,ascending,222.82999
42.75,30.5,ascending,222.955
42.75,30.75,ascending,223.40125
42.75,31.0,ascending,224.22874
42.75,31.25,ascending,225.19142
42.75,31.5,ascending,225.6975
42.75,31.75,ascending,225.48
42.75,32.0,ascending,225.00555
42.75,32.25,ascending,224.469
42.75,32.5,ascending,224.01776
42.75,32.75,ascending,223.73698
42.75,33.0,ascending,223.49908
42.75,33.25,ascending,223.25537
42.75,33.5,ascending,222.84616
42.75,33.75,ascending,222.446
42.75,34.0,ascending,222.27444
42.75,34.25,ascending,222.41478
42.75,34.5,ascending,222.5775
43.0,-10.5,ascending,224.46332
43.0,-10.25,ascending,224.57332
43.0,-10.0,ascending,224.67563
43.0,-9.75,ascending,226.00417
43.0,-9.5,ascending,230.17857
43.0,-9.25,ascending,239.225
43.0,-9.0,ascending,252.49272
43.0,-8.75,ascending,266.33798
43.0,-8.5,ascending,275.65778
43.0,-8.25,ascending,281.87997
43.0,-8.0,ascending,284.21887
43.0,-7.75,ascending,286.88998
43.0,-7.5,ascending,287.99625
43.0,-7.25,ascending,289.0133
43.0,-7.0,ascending,289.4957
43.0,-6.75,ascending,289.54623
43.0,-6.5,ascending,289.6875
43.0,-6.25,ascending,289.47284
43.0,-6.0,ascending,288.6375
43.0,-5.75,ascending,288.7275
43.0,-5.5,ascending,287.85498
43.0,-5.25,ascending,287.85333
43.0,-5.0,ascending,285.56876
43.0,-4.75,ascending,284.91
43.0,-4.5,ascending,282.29248
43.0,-4.25,ascending,280.93832
43.0,-4.0,ascending,280.27164
43.0,-3.75,ascending,281.72998
43.0,-3.5,ascending,283.79715
43.0,-3.25,ascending,283.76166
43.0,-3.0,ascending,282.49
43.0,-2.75,ascending,279.058
43.0,-2.5,ascending,276.7757
43.0,-2.25,ascending,275.52164
43.0,-2.0,ascending,272.67142
43.0,-1.75,ascending,272.27798
43.0,-1.5,ascending,275.99857
43.0,-1.25,ascending,281.43832
43.0,-1.0,ascending,284.16165
43.0,-0.75,ascending,285.15286
43.0,-0.5,ascending,284.17166
43.0,-0.25,ascending,283.25287
43.0,-0.0,ascending,265.33112
43.0,0.25,ascending,283.43
43.0,0.5,ascending,283.97665
43.0,0.75,ascending,284.26398
43.0,1.0,ascending,284.2825
43.0,1.25,ascending,284.59332
43.0,1.5,ascending,284.8814
43.0,1.75,ascending,285.6743
43.0,2.0,ascending,286.52426
43.0,2.25,ascending,286.9714
43.0,2.5,ascending,286.735
43.0,2.75,ascending,284.02713
43.0,3.0,ascending,273.45166
43.0,3.25,ascending,258.90286
43.0,3.5,ascending,245.34999
43.0,3.75,ascending,240.12143
43.0,4.0,ascending,235.9075
43.0,4.25,ascending,231.65166
43.0,4.5,ascending,231.04
43.0,4.75,ascending,233.54
43.0,5.0,ascending,235.55222
43.0,5.25,ascending,242.68999
43.0,5.5,ascending,249.63875
43.0,5.75,ascending,255.44286
43.0,6.0,ascending,258.73776
43.0,6.25,ascending,255.30142
43.0,6.5,ascending,244.01999
43.0,6.75,ascending,230.61444
43.0,7.0,ascending,223.19
43.0,7.25,ascending,218.95555
43.0,7.5,ascending,217.43799
43.0,7.75,ascending,216.46298
43.0,8.0,ascending,216.43819
43.0,8.25,ascending,216.55273
43.0,8.5,ascending,216.65167
43.0,8.75,ascending,217.136
43.0,9.0,ascending,218.955
43.0,9.25,ascending,222.18051
43.0,9.5,ascending,222.6487
43.0,9.75,ascending,221.23665
43.0,14.25,ascending,220.06636
43.0,14.5,ascending,219.3947
43.0,14.75,ascending,218.70665
43.0,15.0,ascending,218.2154
43.0,15.25,ascending,217.85583
43.0,15.5,ascending,217.62999
43.0,15.75,ascending,217.8318
43.0,16.0,ascending,218.98999
43.0,16.25,ascending,220.453
43.0,16.5,ascending,224.9111
43.0,16.75,ascending,228.85889
43.0,17.0,ascending,236.38445
43.0,17.25,ascending,241.91875
43.0,17.5,ascending,255.6675
43.0,17.75,ascending,267.53665
43.0,18.0,ascending,277.7575
43.0,18.25,ascending,280.405
43.0,18.5,ascending,280.2375
43.0,18.75,ascending,279.2757
43.0,19.0,ascending,277.96286
43.0,19.25,ascending,277.46573
43.0,19.5,ascending,277.28876
43.0,19.75,ascending,277.33572
43.0,20.0,ascending,277.21573
43.0,20.25,ascending,277.10498
43.0,20.5,ascending,276.88998
43.0,20.75,ascending,276.58
43.0,21.0,ascending,276.57428
43.0,21.25,ascending,276.56427
43.0,21.5,ascending,276.44284
43.0,21.75,ascending,276.42285
43.0,22.0,ascending,276.3643
43.0,22.25,ascending,276.34198
43.0,22.5,ascending,276.4957
43.0,22.75,ascending,276.664
43.0,23.0,ascending,276.2443
43.0,23.25,ascending,275.49332
43.0,23.5,ascending,275.655
43.0,23.75,ascending,276.975
43.0,24.0,ascending,278.3757
43.0,24.25,ascending,279.08334
43.0,24.5,ascending,280.10498
43.0,24.75,ascending,281.27426
43.0,25.0,ascending,282.16998
43.0,25.25,ascending,282.3343
43.0,25.5,ascending,282.5843
43.0,25.75,ascending,282.91833
43.0,26.0,ascending,283.438
43.0,26.25,ascending,283.69833
43.0,26.5,ascending,283.8025
43.0,26.75,ascending,284.48856
43.0,27.0,ascending,285.285
43.0,27.25,ascending,285.57333
43.0,27.5,ascending,284.34164
43.0,27.75,ascending,277.57666
43.0,28.0,ascending,257.27
43.0,28.25,ascending,237.05571
43.0,28.5,ascending,229.81142
43.0,28.75,ascending,221.97142
43.0,29.0,ascending,220.24857
43.0,29.25,ascending,220.19858
43.0,29.5,ascending,220.87375
43.0,29.75,ascending,221.70714
43.0,30.0,ascending,222.58888
43.0,30.25,ascending,223.0457
43.0,30.5,ascending,223.23749
43.0,30.75,ascending,223.85857
43.0,31.0,ascending,224.6425
43.0,31.25,ascending,225.37
43.0,31.5,ascending,225.77444
43.0,31.75,ascending,225.644
43.0,32.0,ascending,225.13556
43.0,32.25,ascending,224.46544
43.0,32.5,ascending,223.97299
43.0,32.75,ascending,223.5809
43.0,33.0,ascending,223.26166
43.0,33.25,ascending,223.12917
43.0,33.5,ascending,223.02266
43.0,33.75,ascending,222.872
43.0,34.0,ascending,222.6575
43.0,34.25,ascending,222.6875
43.0,34.5,ascending,222.82999
43.25,-10.75,ascending,221.87
43.25,-10.5,ascending,223.19293
43.25,-10.25,ascending,224.01389
43.25,-10.0,ascending,224.45642
43.25,-9.75,ascending,225.66083
43.25,-9.5,ascending,228.7523
43.25,-9.25,ascending,233.88364
43.25,-9.0,ascending,243.90999
43.25,-8.75,ascending,251.83798
43.25,-8.5,ascending,259.351
43.25,-8.25,ascending,266.38748
43.25,-8.0,ascending,271.87555
43.25,-7.75,ascending,279.5175
43.25,-7.5,ascending,284.31223
43.25,-7.25,ascending,285.74857
43.25,-7.0,ascending,286.51874
43.25,-6.75,ascending,282.52573
43.25,-6.5,ascending,281.57123
43.25,-6.25,ascending,279.07715
43.25,-6.0,ascending,278.66998
43.25,-5.75,ascending,279.2283
43.25,-5.5,ascending,277.13858
43.25,-5.25,ascending,275.46713
43.25,-5.0,ascending,268.62714
43.25,-4.75,ascending,268.18832
43.25,-4.5,ascending,258.68668
43.25,-4.25,ascending,258.60715
43.25,-4.0,ascending,259.94427
43.25,-3.75,ascending,261.27164
43.25,-3.5,ascending,261.36142
43.25,-3.25,ascending,260.60715
43.25,-3.0,ascending,259.13998
43.25,-2.75,ascending,257.335
43.25,-2.5,ascending,252.89667
43.25,-2.25,ascending,249.84332
43.25,-2.0,ascending,247.03429
43.25,-1.75,ascending,252.65999
43.25,-1.5,ascending,258.71335
43.25,-1.25,ascending,270.16428
43.25,-1.0,ascending,281.6683
43.25,-0.75,ascending,284.452
43.25,-0.5,ascending,284.31833
43.25,-0.25,ascending,283.86
43.25,-0.0,ascending,277.44623
43.25,0.25,ascending,284.12167
43.25,0.5,ascending,284.848
43.25,0.75,ascending,285.25668
43.25,1.0,ascending,285.31427
43.25,1.25,ascending,285.1857
43.25,1.5,ascending,285.60855
43.25,1.75,ascending,286.58835
43.25,2.0,ascending,287.5057
43.25,2.25,ascending,287.5
43.25,2.5,ascending,286.4943
43.25,2.75,ascending,284.65
43.25,3.0,ascending,279.93
43.25,3.25,ascending,273.06
43.25,3.5,ascending,265.85284
43.25,3.75,ascending,254.60333
43.25,4.0,ascending,250.52
43.25,4.25,ascending,246.53142
43.25,4.5,ascending,248.8243
43.25,4.75,ascending,252.52713
43.25,5.0,ascending,258.83713
43.25,5.25,ascending,262.47833
43.25,5.5,ascending,271.93375
43.25,5.75,ascending,278.6257
43.25,6.0,ascending,280.97498
43.25,6.25,ascending,279.31
43.25,6.5,ascending,270.5875
43.25,6.75,ascending,252.16124
43.25,7.0,ascending,237.31888
43.25,7.25,ascending,226.66667
43.25,7.5,ascending,219.647
43.25,7.75,ascending,216.96799
43.25,8.0,ascending,215.505
43.25,8.25,ascending,215.67915
43.25,8.5,ascending,216.26692
43.25,8.75,ascending,216.66182
43.25,9.0,ascending,217.00177
43.25,9.25,ascending,217.59187
43.25,9.5,ascending,218.42807
43.25,9.75,ascending,218.75
43.25,14.0,ascending,219.56331
43.25,14.25,ascending,219.33101
43.25,14.5,ascending,218.78334
43.25,14.75,ascending,218.38249
43.25,15.0,ascending,218.05
43.25,15.25,ascending,217.84908
43.25,15.5,ascending,217.87001
43.25,15.75,ascending,218.842
43.25,16.0,ascending,221.325
43.25,16.25,ascending,226.674
43.25,16.5,ascending,236.25223
43.25,16.75,ascending,244.44
43.25,17.0,ascending,255.4911
43.25,17.25,ascending,263.90875
43.25,17.5,ascending,274.82144
43.25,17.75,ascending,280.23373
43.25,18.0,ascending,281.34283
43.25,18.25,ascending,280.12143
43.25,18.5,ascending,278.58856
43.25,18.75,ascending,277.73624
43.25,19.0,ascending,277.53998
43.25,19.25,ascending,277.82498
43.25,19.5,ascending,277.905
43.25,19.75,ascending,277.65164
43.25,20.0,ascending,277.25168
43.25,20.25,ascending,276.89285
43.25,20.5,ascending,276.78
43.25,20.75,ascending,276.91333
43.25,21.0,ascending,277.11002
43.25,21.25,ascending,276.964
43.25,21.5,ascending,276.76498
43.25,21.75,ascending,276.81
43.25,22.0,ascending,276.75858
43.25,22.25,ascending,276.53665
43.25,22.5,ascending,276.58142
43.25,22.75,ascending,276.83
43.25,23.0,ascending,276.87714
43.25,23.25,ascending,276.44666
43.25,23.5,ascending,276.26425
43.25,23.75,ascending,276.83
43.25,24.0,ascending,277.4243
43.25,24.25,ascending,277.98398
43.25,24.5,ascending,278.9457
43.25,24.75,ascending,280.44
43.25,25.0,ascending,280.86002
43.25,25.25,ascending,280.6
43.25,25.5,ascending,281.055
43.25,25.75,ascending,281.69998
43.25,26.0,ascending,282.65875
43.25,26.25,ascending,283.065
43.25,26.5,ascending,283.10284
43.25,26.75,ascending,283.47714
43.25,27.0,ascending,284.30142
43.25,27.25,ascending,284.785
43.25,27.5,ascending,285.12833
43.25,27.75,ascending,282.495
43.25,28.0,ascending,272.9643
43.25,28.25,ascending,257.28
43.25,28.5,ascending,245.10832
43.25,28.75,ascending,228.33142
43.25,29.0,ascending,221.25427
43.25,29.25,ascending,220.72285
43.25,29.5,ascending,221.40428
43.25,29.75,ascending,222.19286
43.25,30.0,ascending,222.93625
43.25,30.25,ascending,223.40167
43.25,30.5,ascending,223.79875
43.25,30.75,ascending,224.48
43.25,31.0,ascending,225.1075
43.25,31.25,ascending,225.39143
43.25,31.5,ascending,225.42125
43.25,31.75,ascending,225.21875
43.25,32.0,ascending,224.679
43.25,32.25,ascending,224.05249
43.25,32.5,ascending,223.668
43.25,32.75,ascending,223.36499
43.25,33.0,ascending,223.33
43.25,33.25,ascending,223.52455
43.25,33.5,ascending,223.72285
43.25,33.75,ascending,223.83875
43.25,34.0,ascending,223.74834
43.25,34.25,ascending,223.6026
43.5,-10.75,ascending,220.76332
43.5,-10.5,ascending,222.17065
43.5,-10.25,ascending,223.54176
43.5,-10.0,ascending,224.7969
43.5,-9.75,ascending,225.59583
43.5,-9.5,ascending,226.305
43.5,-9.25,ascending,227.50546
43.5,-9.0,ascending,230.153
43.5,-8.75,ascending,232.89545
43.5,-8.5,ascending,239.53888
43.5,-8.25,ascending,246.83499
43.5,-8.0,ascending,258.02112
43.5,-7.75,ascending,266.79874
43.5,-7.5,ascending,272.11713
43.5,-7.25,ascending,267.93375
43.5,-7.0,ascending,263.1211
43.5,-6.75,ascending,257.58856
43.5,-6.5,ascending,251.78375
43.5,-6.25,ascending,250.73125
43.5,-6.0,ascending,253.6157
43.5,-5.75,ascending,253.65428
43.5,-5.5,ascending,249.5925
43.5,-5.25,ascending,246.315
43.5,-5.0,ascending,237.67429
43.5,-4.75,ascending,236.23143
43.5,-4.5,ascending,232.68857
43.5,-4.25,ascending,229.26714
43.5,-4.0,ascending,232.88167
43.5,-3.75,ascending,236.34001
43.5,-3.5,ascending,234.538
43.5,-3.25,ascending,231.51332
43.5,-3.0,ascending,230.60428
43.5,-2.75,ascending,230.58998
43.5,-2.5,ascending,229.81
43.5,-2.25,ascending,225.855
43.5,-2.0,ascending,226.25667
43.5,-1.75,ascending,231.52666
43.5,-1.5,ascending,243.49834
43.5,-1.25,ascending,262.96198
43.5,-1.0,ascending,277.74713
43.5,-0.75,ascending,285.5957
43.5,-0.5,ascending,286.27
43.5,-0.25,ascending,285.51666
43.5,-0.0,ascending,267.41638
43.5,0.25,ascending,285.65164
43.5,0.5,ascending,286.06143
43.5,0.75,ascending,286.0414
43.5,1.0,ascending,285.62
43.5,1.25,ascending,285.188
43.5,1.5,ascending,285.638
43.5,1.75,ascending,286.83197
43.5,2.0,ascending,287.8075
43.5,2.25,ascending,287.788
43.5,2.5,ascending,286.68857
43.5,2.75,ascending,285.54288
43.5,3.0,ascending,284.99
43.5,3.25,ascending,283.62143
43.5,3.5,ascending,280.53665
43.5,3.75,ascending,274.10428
43.5,4.0,ascending,270.57428
43.5,4.25,ascending,270.87
43.5,4.5,ascending,270.0757
43.5,4.75,ascending,276.16714
43.5,5.0,ascending,277.87857
43.5,5.25,ascending,280.66284
43.5,5.5,ascending,286.4875
43.5,5.75,ascending,288.39874
43.5,6.0,ascending,288.9511
43.5,6.25,ascending,288.14285
43.5,6.5,ascending,285.21445
43.5,6.75,ascending,277.5122
43.5,7.0,ascending,264.37888
43.5,7.25,ascending,249.04889
43.5,7.5,ascending,237.377
43.5,7.75,ascending,227.66098
43.5,8.0,ascending,220.03499
43.5,8.25,ascending,216.58
43.5,8.5,ascending,216.18785
43.5,8.75,ascending,216.622
43.5,9.0,ascending,217.01706
43.5,9.25,ascending,217.76286
43.5,9.5,ascending,218.84772
43.5,14.0,ascending,219.37999
43.5,14.25,ascending,218.97685
43.5,14.5,ascending,218.56769
43.5,14.75,ascending,218.23428
43.5,15.0,ascending,218.23154
43.5,15.25,ascending,218.55998
43.5,15.5,ascending,219.68091
43.5,15.75,ascending,225.46635
43.5,16.0,ascending,233.67665
43.5,16.25,ascending,246.694
43.5,16.5,ascending,259.4822
43.5,16.75,ascending,267.9625
43.5,17.0,ascending,275.38373
43.5,17.25,ascending,278.69333
43.5,17.5,ascending,280.92334
43.5,17.75,ascending,280.5114
43.5,18.0,ascending,279.44125
43.5,18.25,ascending,278.00143
43.5,18.5,ascending,277.44284
43.5,18.75,ascending,277.45428
43.5,19.0,ascending,277.94
43.5,19.25,ascending,278.17166
43.5,19.5,ascending,278.15286
43.5,19.75,ascending,277.87997
43.5,20.0,ascending,277.51498
43.5,20.25,ascending,277.38498
43.5,20.5,ascending,277.72165
43.5,20.75,ascending,277.88998
43.5,21.0,ascending,278.00998
43.5,21.25,ascending,277.66284
43.5,21.5,ascending,277.2257
43.5,21.75,ascending,276.97598
43.5,22.0,ascending,276.685
43.5,22.25,ascending,276.63666
43.5,22.5,ascending,277.16666
43.5,22.75,ascending,277.75
43.5,23.0,ascending,277.48666
43.5,23.25,ascending,276.43997
43.5,23.5,ascending,275.96002
43.5,23.75,ascending,276.06714
43.5,24.0,ascending,276.38397
43.5,24.25,ascending,277.03287
43.5,24.5,ascending,278.18668
43.5,24.75,ascending,278.90286
43.5,25.0,ascending,278.87283
43.5,25.25,ascending,279.08
43.5,25.5,ascending,279.77286
43.5,25.75,ascending,280.68427
43.5,26.0,ascending,281.85284
43.5,26.25,ascending,282.56284
43.5,26.5,ascending,282.61166
43.5,26.75,ascending,282.69144
43.5,27.0,ascending,283.20572
43.5,27.25,ascending,283.62286
43.5,27.5,ascending,284.495
43.5,27.75,ascending,285.53143
43.5,28.0,ascending,283.7914
43.5,28.25,ascending,277.25665
43.5,28.5,ascending,261.31125
43.5,28.75,ascending,234.67334
43.5,29.0,ascending,223.045
43.5,29.25,ascending,221.65285
43.5,29.5,ascending,222.05286
43.5,29.75,ascending,222.70427
43.5,30.0,ascending,223.20714
43.5,30.25,ascending,223.845
43.5,30.5,ascending,224.47249
43.5,30.75,ascending,224.94286
43.5,31.0,ascending,225.13666
43.5,31.25,ascending,225.06555
43.5,31.5,ascending,224.876
43.5,31.75,ascending,224.59332
43.5,32.0,ascending,224.26999
43.5,32.25,ascending,223.82364
43.5,32.5,ascending,223.53201
43.5,32.75,ascending,223.52583
43.5,33.0,ascending,223.85077
43.5,33.25,ascending,224.43614
43.5,33.5,ascending,224.93266
43.5,33.75,ascending,225.13875
43.5,34.0,ascending,224.91899
43.5,34.25,ascending,224.62048
43.75,-11.0,ascending,217.83667
43.75,-10.75,ascending,218.92722
43.75,-10.5,ascending,220.80467
43.75,-10.25,ascending,222.79642
43.75,-10.0,ascending,225.19768
43.75,-9.75,ascending,226.83545
43.75,-9.5,ascending,227.21416
43.75,-9.25,ascending,226.80667
43.75,-9.0,ascending,226.58301
43.75,-8.75,ascending,227.34665
43.75,-8.5,ascending,230.62776
43.75,-8.25,ascending,234.55875
43.75,-8.0,ascending,241.56554
43.75,-7.75,ascending,243.58624
43.75,-7.5,ascending,244.55624
43.75,-7.25,ascending,235.80856
43.75,-7.0,ascending,229.05571
43.75,-6.75,ascending,227.70857
43.75,-6.5,ascending,223.55142
43.75,-6.25,ascending,224.06857
43.75,-6.0,ascending,227.10143
43.75,-5.75,ascending,224.78
43.75,-5.5,ascending,223.05286
43.75,-5.25,ascending,222.14143
43.75,-5.0,ascending,218.76166
43.75,-4.75,ascending,218.26143
43.75,-4.5,ascending,217.99333
43.75,-4.25,ascending,217.35832
43.75,-4.0,ascending,218.77284
43.75,-3.75,ascending,219.10834
43.75,-3.5,ascending,218.96124
43.75,-3.25,ascending,218.29
43.75,-3.0,ascending,217.74333
43.75,-2.75,ascending,218.03201
43.75,-2.5,ascending,217.92857
43.75,-2.25,ascending,216.95332
43.75,-2.0,ascending,217.70714
43.75,-1.75,ascending,221.36833
43.75,-1.5,ascending,233.092
43.75,-1.25,ascending,254.08571
43.75,-1.0,ascending,276.956
43.75,-0.75,ascending,285.74167
43.75,-0.5,ascending,288.22427
43.75,-0.25,ascending,287.82498
43.75,-0.0,ascending,280.10498
43.75,0.25,ascending,287.03333
43.75,0.5,ascending,287.06427
43.75,0.75,ascending,286.78598
43.75,1.0,ascending,286.22998
43.75,1.25,ascending,285.725
43.75,1.5,ascending,286.20166
43.75,1.75,ascending,287.03857
43.75,2.0,ascending,287.8043
43.75,2.25,ascending,287.82834
43.75,2.5,ascending,286.386
43.75,2.75,ascending,285.83856
43.75,3.0,ascending,286.8857
43.75,3.25,ascending,287.912
43.75,3.5,ascending,287.2725
43.75,3.75,ascending,285.045
43.75,4.0,ascending,285.88858
43.75,4.25,ascending,284.56833
43.75,4.5,ascending,286.50375
43.75,4.75,ascending,286.27167
43.75,5.0,ascending,287.7025
43.75,5.25,ascending,288.59286
43.75,5.5,ascending,289.83
43.75,5.75,ascending,290.56284
43.75,6.0,ascending,289.8425
43.75,6.25,ascending,288.47
43.75,6.5,ascending,287.48874
43.75,6.75,ascending,286.63748
43.75,7.0,ascending,283.3791
43.75,7.25,ascending,275.40625
43.75,7.5,ascending,266.48898
43.75,7.75,ascending,253.92801
43.75,8.0,ascending,240.48499
43.75,8.25,ascending,226.37416
43.75,8.5,ascending,219.11615
43.75,8.75,ascending,218.65846
43.75,9.0,ascending,220.09412
43.75,9.25,ascending,221.9411
43.75,9.5,ascending,223.86293
43.75,13.75,ascending,218.63332
43.75,14.0,ascending,218.82054
43.75,14.25,ascending,218.62749
43.75,14.5,ascending,218.625
43.75,14.75,ascending,218.81416
43.75,15.0,ascending,220.65154
43.75,15.25,ascending,223.882
43.75,15.5,ascending,229.79181
43.75,15.75,ascending,246.06111
43.75,16.0,ascending,257.86777
43.75,16.25,ascending,273.574
43.75,16.5,ascending,279.79498
43.75,16.75,ascending,282.32556
43.75,17.0,ascending,282.06143
43.75,17.25,ascending,281.0925
43.75,17.5,ascending,279.98123
43.75,17.75,ascending,278.90164
43.75,18.0,ascending,278.05444
43.75,18.25,ascending,277.43143
43.75,18.5,ascending,277.4
43.75,18.75,ascending,277.83713
43.75,19.0,ascending,278.30713
43.75,19.25,ascending,278.41428
43.75,19.5,ascending,278.26834
43.75,19.75,ascending,278.03854
43.75,20.0,ascending,278.03998
43.75,20.25,ascending,278.58572
43.75,20.5,ascending,279.05856
43.75,20.75,ascending,279.04498
43.75,21.0,ascending,278.93167
43.75,21.25,ascending,278.38998
43.75,21.5,ascending,277.54
43.75,21.75,ascending,276.95834
43.75,22.0,ascending,276.92667
43.75,22.25,ascending,277.66333
43.75,22.5,ascending,278.4857
43.75,22.75,ascending,278.31998
43.75,23.0,ascending,277.13998
43.75,23.25,ascending,276.045
43.75,23.5,ascending,275.69284
43.75,23.75,ascending,275.774
43.75,24.0,ascending,276.39856
43.75,24.25,ascending,277.21002
43.75,24.5,ascending,277.72833
43.75,24.75,ascending,277.74832
43.75,25.0,ascending,277.99
43.75,25.25,ascending,278.50998
43.75,25.5,ascending,279.3857
43.75,25.75,ascending,280.43167
43.75,26.0,ascending,281.21664
43.75,26.25,ascending,281.808
43.75,26.5,ascending,281.818
43.75,26.75,ascending,281.578
43.75,27.0,ascending,281.77142
43.75,27.25,ascending,282.14285
43.75,27.5,ascending,283.4157
43.75,27.75,ascending,285.28
43.75,28.0,ascending,287.31857
43.75,28.25,ascending,285.18857
43.75,28.5,ascending,268.01166
43.75,28.75,ascending,239.36142
43.75,29.0,ascending,224.97833
43.75,29.25,ascending,222.53429
43.75,29.5,ascending,222.75285
43.75,29.75,ascending,223.12856
43.75,30.0,ascending,223.685
43.75,30.25,ascending,224.32999
43.75,30.5,ascending,224.81888
43.75,30.75,ascending,224.98
43.75,31.0,ascending,224.90141
43.75,31.25,ascending,224.5325
43.75,31.5,ascending,224.18625
43.75,31.75,ascending,223.81499
43.75,32.0,ascending,223.55899
43.75,32.25,ascending,223.22
43.75,32.5,ascending,223.0891
43.75,32.75,ascending,223.245
43.75,33.0,ascending,223.86499
43.75,33.25,ascending,224.6823
43.75,33.5,ascending,225.28072
43.75,33.75,ascending,225.4975
43.75,34.0,ascending,225.65317
43.75,34.25,ascending,225.734
44.0,-11.0,ascending,217.1175
44.0,-10.75,ascending,218.09235
44.0,-10.5,ascending,219.47533
44.0,-10.25,ascending,220.75768
44.0,-10.0,ascending,222.83083
44.0,-9.75,ascending,224.71083
44.0,-9.5,ascending,224.999
44.0,-9.25,ascending,225.505
44.0,-9.0,ascending,226.15454
44.0,-8.75,ascending,227.26778
44.0,-8.5,ascending,228.58667
44.0,-8.25,ascending,229.28223
44.0,-8.0,ascending,229.69374
44.0,-7.75,ascending,228.62874
44.0,-7.5,ascending,226.2089
44.0,-7.25,ascending,222.56749
44.0,-7.0,ascending,220.32375
44.0,-6.75,ascending,218.525
44.0,-6.5,ascending,217.3375
44.0,-6.25,ascending,216.61
44.0,-6.0,ascending,216.92375
44.0,-5.75,ascending,216.545
44.0,-5.5,ascending,216.56
44.0,-5.25,ascending,216.41713
44.0,-5.0,ascending,216.15498
44.0,-4.75,ascending,215.75832
44.0,-4.5,ascending,215.41374
44.0,-4.25,ascending,215.14667
44.0,-4.0,ascending,215.06831
44.0,-3.75,ascending,215.01428
44.0,-3.5,ascending,215.01666
44.0,-3.25,ascending,215.14
44.0,-3.0,ascending,215.23856
44.0,-2.75,ascending,215.25429
44.0,-2.5,ascending,215.20714
44.0,-2.25,ascending,215.08398
44.0,-2.0,ascending,215.12
44.0,-1.75,ascending,216.90498
44.0,-1.5,ascending,226.73283
44.0,-1.25,ascending,248.824
44.0,-1.0,ascending,272.14716
44.0,-0.75,ascending,286.25998
44.0,-0.5,ascending,289.2614
44.0,-0.25,ascending,289.09198
44.0,-0.0,ascending,276.7511
44.0,0.25,ascending,287.64142
44.0,0.5,ascending,287.38998
44.0,0.75,ascending,287.59833
44.0,1.0,ascending,287.6357
44.0,1.25,ascending,287.12997
44.0,1.5,ascending,286.97998
44.0,1.75,ascending,287.055
44.0,2.0,ascending,286.99286
44.0,2.25,ascending,286.6157
44.0,2.5,ascending,285.38168
44.0,2.75,ascending,284.44333
44.0,3.0,ascending,286.7143
44.0,3.25,ascending,288.7257
44.0,3.5,ascending,288.47144
44.0,3.75,ascending,288.0914
44.0,4.0,ascending,289.06998
44.0,4.25,ascending,289.86142
44.0,4.5,ascending,289.84573
44.0,4.75,ascending,289.18
44.0,5.0,ascending,288.4675
44.0,5.25,ascending,288.02
44.0,5.5,ascending,288.1475
44.0,5.75,ascending,289.00446
44.0,6.0,ascending,288.54285
44.0,6.25,ascending,286.82285
44.0,6.5,ascending,285.63666
44.0,6.75,ascending,285.22998
44.0,7.0,ascending,285.3925
44.0,7.25,ascending,284.49728
44.0,7.5,ascending,281.9911
44.0,7.75,ascending,276.925
44.0,8.0,ascending,265.7218
44.0,8.25,ascending,248.32416
44.0,8.5,ascending,232.53285
44.0,8.75,ascending,228.214
44.0,9.0,ascending,230.33374
44.0,9.25,ascending,234.23781
44.0,9.5,ascending,237.2423
44.0,13.75,ascending,218.39133
44.0,14.0,ascending,218.45312
44.0,14.25,ascending,218.65
44.0,14.5,ascending,219.43538
44.0,14.75,ascending,221.3725
44.0,15.0,ascending,227.58083
44.0,15.25,ascending,236.36555
44.0,15.5,ascending,250.06084
44.0,15.75,ascending,266.78552
44.0,16.0,ascending,276.8578
44.0,16.25,ascending,283.32443
44.0,16.5,ascending,284.07498
44.0,16.75,ascending,282.8922
44.0,17.0,ascending,281.55222
44.0,17.25,ascending,280.3643
44.0,17.5,ascending,279.30374
44.0,17.75,ascending,278.39716
44.0,18.0,ascending,277.99713
44.0,18.25,ascending,277.86624
44.0,18.5,ascending,278.0114
44.0,18.75,ascending,278.43
44.0,19.0,ascending,278.49124
44.0,19.25,ascending,278.3
44.0,19.5,ascending,278.0543
44.0,19.75,ascending,278.1
44.0,20.0,ascending,278.69427
44.0,20.25,ascending,279.41666
44.0,20.5,ascending,279.66
44.0,20.75,ascending,279.6614
44.0,21.0,ascending,279.485
44.0,21.25,ascending,278.774
44.0,21.5,ascending,277.75714
44.0,21.75,ascending,277.37665
44.0,22.0,ascending,277.7914
44.0,22.25,ascending,278.678
44.0,22.5,ascending,278.4357
44.0,22.75,ascending,277.11667
44.0,23.0,ascending,276.21573
44.0,23.25,ascending,275.932
44.0,23.5,ascending,275.94427
44.0,23.75,ascending,276.275
44.0,24.0,ascending,277.2443
44.0,24.25,ascending,277.57715
44.0,24.5,ascending,277.26428
44.0,24.75,ascending,277.482
44.0,25.0,ascending,277.97
44.0,25.25,ascending,278.64716
44.0,25.5,ascending,279.43332
44.0,25.75,ascending,280.418
44.0,26.0,ascending,281.006
44.0,26.25,ascending,281.13333
44.0,26.5,ascending,280.81857
44.0,26.75,ascending,280.50668
44.0,27.0,ascending,280.745
44.0,27.25,ascending,281.08426
44.0,27.5,ascending,282.2614
44.0,27.75,ascending,284.56857
44.0,28.0,ascending,286.40332
44.0,28.25,ascending,286.40143
44.0,28.5,ascending,275.10715
44.0,28.75,ascending,247.625
44.0,29.0,ascending,228.56285
44.0,29.25,ascending,223.81429
44.0,29.5,ascending,223.33624
44.0,29.75,ascending,223.58875
44.0,30.0,ascending,224.2275
44.0,30.25,ascending,224.81429
44.0,30.5,ascending,224.9557
44.0,30.75,ascending,224.76776
44.0,31.0,ascending,224.37445
44.0,31.25,ascending,223.75555
44.0,31.5,ascending,223.16399
44.0,31.75,ascending,222.70221
44.0,32.0,ascending,222.252
44.0,32.25,ascending,221.91199
44.0,32.5,ascending,221.90909
44.0,32.75,ascending,222.33636
44.0,33.0,ascending,223.88615
44.0,33.25,ascending,225.955
44.0,33.5,ascending,227.07942
44.0,33.75,ascending,226.22313
44.0,34.0,ascending,226.6609
44.0,34.25,ascending,228.58545
44.25,-11.25,ascending,214.8775
44.25,-11.0,ascending,215.7021
44.25,-10.75,ascending,216.98357
44.25,-10.5,ascending,218.03334
44.25,-10.25,ascending,219.02748
44.25,-10.0,ascending,220.41
44.25,-9.75,ascending,221.679
44.25,-9.5,ascending,222.80544
44.25,-9.25,ascending,224.55222
44.25,-9.0,ascending,226.37665
44.25,-8.75,ascending,228.25998
44.25,-8.5,ascending,229.43375
44.25,-8.25,ascending,229.55556
44.25,-8.0,ascending,228.40125
44.25,-7.75,ascending,226.65857
44.25,-7.5,ascending,224.91875
44.25,-7.25,ascending,223.29713
44.25,-7.0,ascending,221.68286
44.25,-6.75,ascending,219.69714
44.25,-6.5,ascending,217.71428
44.25,-6.25,ascending,216.35857
44.25,-6.0,ascending,215.8057
44.25,-5.75,ascending,215.73572
44.25,-5.5,ascending,215.92285
44.25,-5.25,ascending,216.00665
44.25,-5.0,ascending,215.88857
44.25,-4.75,ascending,215.56
44.25,-4.5,ascending,215.16599
44.25,-4.25,ascending,214.84666
44.25,-4.0,ascending,214.59143
44.25,-3.75,ascending,214.45999
44.25,-3.5,ascending,214.59001
44.25,-3.25,ascending,214.81499
44.25,-3.0,ascending,214.89998
44.25,-2.75,ascending,214.80833
44.25,-2.5,ascending,214.64832
44.25,-2.25,ascending,214.43834
44.25,-2.0,ascending,214.29167
44.25,-1.75,ascending,215.795
44.25,-1.5,ascending,222.82199
44.25,-1.25,ascending,242.47285
44.25,-1.0,ascending,268.512
44.25,-0.75,ascending,284.53714
44.25,-0.5,ascending,289.174
44.25,-0.25,ascending,289.245
44.25,-0.0,ascending,276.43454
44.25,0.25,ascending,287.85
44.25,0.5,ascending,287.99667
44.25,0.75,ascending,288.6143
44.25,1.0,ascending,288.54166
44.25,1.25,ascending,287.74857
44.25,1.5,ascending,287.11142
44.25,1.75,ascending,286.24286
44.25,2.0,ascending,284.94333
44.25,2.25,ascending,283.77713
44.25,2.5,ascending,283.0543
44.25,2.75,ascending,283.17798
44.25,3.0,ascending,285.5957
44.25,3.25,ascending,287.8457
44.25,3.5,ascending,288.12997
44.25,3.75,ascending,287.97714
44.25,4.0,ascending,288.7143
44.25,4.25,ascending,289.58856
44.25,4.5,ascending,289.14856
44.25,4.75,ascending,287.66
44.25,5.0,ascending,286.63715
44.25,5.25,ascending,285.33286
44.25,5.5,ascending,284.90332
44.25,5.75,ascending,285.83664
44.25,6.0,ascending,286.13397
44.25,6.25,ascending,284.485
44.25,6.5,ascending,282.474
44.25,6.75,ascending,281.40332
44.25,7.0,ascending,282.05554
44.25,7.25,ascending,282.8922
44.25,7.5,ascending,283.23798
44.25,7.75,ascending,282.59198
44.25,8.0,ascending,279.556
44.25,8.25,ascending,271.96155
44.25,8.5,ascending,258.90308
44.25,8.75,ascending,252.94786
44.25,9.0,ascending,251.71666
44.25,9.25,ascending,255.76855
44.25,9.5,ascending,257.511
44.25,13.5,ascending,218.93333
44.25,13.75,ascending,218.76888
44.25,14.0,ascending,218.90823
44.25,14.25,ascending,219.50331
44.25,14.5,ascending,220.96582
44.25,14.75,ascending,224.76271
44.25,15.0,ascending,233.77272
44.25,15.25,ascending,245.71098
44.25,15.5,ascending,260.33334
44.25,15.75,ascending,272.28445
44.25,16.0,ascending,280.10602
44.25,16.25,ascending,282.6775
44.25,16.5,ascending,282.33444
44.25,16.75,ascending,281.2614
44.25,17.0,ascending,280.47375
44.25,17.25,ascending,279.6657
44.25,17.5,ascending,279.01624
44.25,17.75,ascending,278.6243
44.25,18.0,ascending,278.57712
44.25,18.25,ascending,278.85834
44.25,18.5,ascending,278.77625
44.25,18.75,ascending,278.73856
44.25,19.0,ascending,278.58
44.25,19.25,ascending,278.50858
44.25,19.5,ascending,278.52832
44.25,19.75,ascending,278.66714
44.25,20.0,ascending,279.15164
44.25,20.25,ascending,279.48856
44.25,20.5,ascending,279.71713
44.25,20.75,ascending,279.84332
44.25,21.0,ascending,279.49142
44.25,21.25,ascending,278.55286
44.25,21.5,ascending,278.05
44.25,21.75,ascending,278.00333
44.25,22.0,ascending,278.24
44.25,22.25,ascending,277.99332
44.25,22.5,ascending,276.15665
44.25,22.75,ascending,274.87332
44.25,23.0,ascending,275.168
44.25,23.25,ascending,275.5114
44.25,23.5,ascending,276.115
44.25,23.75,ascending,277.11
44.25,24.0,ascending,278.07
44.25,24.25,ascending,277.93
44.25,24.5,ascending,277.25598
44.25,24.75,ascending,277.65143
44.25,25.0,ascending,278.27856
44.25,25.25,ascending,278.85498
44.25,25.5,ascending,279.40997
44.25,25.75,ascending,280.03857
44.25,26.0,ascending,280.4243
44.25,26.25,ascending,280.5
44.25,26.5,ascending,280.36
44.25,26.75,ascending,280.02
44.25,27.0,ascending,280.27286
44.25,27.25,ascending,281.1575
44.25,27.5,ascending,282.3057
44.25,27.75,ascending,283.46713
44.25,28.0,ascending,284.822
44.25,28.25,ascending,285.4357
44.25,28.5,ascending,277.9883
44.25,28.75,ascending,256.0533
44.25,29.0,ascending,234.64285
44.25,29.25,ascending,227.58167
44.25,29.5,ascending,225.22285
44.25,29.75,ascending,224.56429
44.25,30.0,ascending,224.62572
44.25,30.25,ascending,224.96571
44.25,30.5,ascending,224.76111
44.25,30.75,ascending,224.18141
44.25,31.0,ascending,223.53874
44.25,31.25,ascending,222.66875
44.25,31.5,ascending,222.02713
44.25,31.75,ascending,221.48698
44.25,32.0,ascending,221.13222
44.25,32.25,ascending,220.83221
44.25,32.5,ascending,220.775
44.25,32.75,ascending,221.44699
44.25,33.0,ascending,225.2823
44.25,33.25,ascending,234.28142
44.25,33.5,ascending,241.48784
44.25,33.75,ascending,243.40999
44.25,34.0,ascending,239.59608
44.25,34.25,ascending,237.95332
44.5,-11.25,ascending,213.53214
44.5,-11.0,ascending,214.1175
44.5,-10.75,ascending,215.14784
44.5,-10.5,ascending,216.45692
44.5,-10.25,ascending,217.88832
44.5,-10.0,ascending,219.47818
44.5,-9.75,ascending,220.87584
44.5,-9.5,ascending,222.13889
44.5,-9.25,ascending,223.79332
44.5,-9.0,ascending,225.71098
44.5,-8.75,ascending,228.28777
44.5,-8.5,ascending,229.88249
44.5,-8.25,ascending,230.3657
44.5,-8.0,ascending,229.63199
44.5,-7.75,ascending,228.12427
44.5,-7.5,ascending,226.77333
44.5,-7.25,ascending,225.29375
44.5,-7.0,ascending,224.0057
44.5,-6.75,ascending,221.76
44.5,-6.5,ascending,219.01749
44.5,-6.25,ascending,216.71286
44.5,-6.0,ascending,215.635
44.5,-5.75,ascending,215.325
44.5,-5.5,ascending,215.49124
44.5,-5.25,ascending,215.65666
44.5,-5.0,ascending,215.57286
44.5,-4.75,ascending,215.33142
44.5,-4.5,ascending,214.97142
44.5,-4.25,ascending,214.64833
44.5,-4.0,ascending,214.37428
44.5,-3.75,ascending,214.29857
44.5,-3.5,ascending,214.485
44.5,-3.25,ascending,214.76
44.5,-3.0,ascending,214.90428
44.5,-2.75,ascending,214.80833
44.5,-2.5,ascending,214.62334
44.5,-2.25,ascending,214.37334
44.5,-2.0,ascending,214.31285
44.5,-1.75,ascending,215.11168
44.5,-1.5,ascending,221.06285
44.5,-1.25,ascending,237.12334
44.5,-1.0,ascending,265.00287
44.5,-0.75,ascending,283.065
44.5,-0.5,ascending,288.47
44.5,-0.25,ascending,288.205
44.5,-0.0,ascending,270.19
44.5,0.25,ascending,288.25858
44.5,0.5,ascending,288.73285
44.5,0.75,ascending,288.87668
44.5,1.0,ascending,288.14716
44.5,1.25,ascending,287.08197
44.5,1.5,ascending,286.6575
44.5,1.75,ascending,285.15286
44.5,2.0,ascending,282.49142
44.5,2.25,ascending,281.06998
44.5,2.5,ascending,281.58142
44.5,2.75,ascending,283.43573
44.5,3.0,ascending,286.26
44.5,3.25,ascending,287.02856
44.5,3.5,ascending,287.46375
44.5,3.75,ascending,288.22665
44.5,4.0,ascending,288.80624
44.5,4.25,ascending,288.93716
44.5,4.5,ascending,287.99713
44.5,4.75,ascending,286.49
44.5,5.0,ascending,285.36624
44.5,5.25,ascending,284.02625
44.5,5.5,ascending,282.76572
44.5,5.75,ascending,283.11374
44.5,6.0,ascending,283.2543
44.5,6.25,ascending,281.86874
44.5,6.5,ascending,279.90143
44.5,6.75,ascending,277.9275
44.5,7.0,ascending,277.409
44.5,7.25,ascending,279.7911
44.5,7.5,ascending,282.10272
44.5,7.75,ascending,284.08453
44.5,8.0,ascending,284.27844
44.5,8.25,ascending,282.754
44.5,8.5,ascending,279.3453
44.5,8.75,ascending,276.01334
44.5,9.0,ascending,274.14822
44.5,9.25,ascending,274.1348
44.5,9.5,ascending,274.59998
44.5,13.25,ascending,221.42
44.5,13.5,ascending,220.47932
44.5,13.75,ascending,220.02234
44.5,14.0,ascending,220.56999
44.5,14.25,ascending,221.98308
44.5,14.5,ascending,224.83833
44.5,14.75,ascending,231.23544
44.5,15.0,ascending,241.467
44.5,15.25,ascending,254.11699
44.5,15.5,ascending,268.19
44.5,15.75,ascending,276.995
44.5,16.0,ascending,280.93555
44.5,16.25,ascending,281.86874
44.5,16.5,ascending,281.339
44.5,16.75,ascending,280.71857
44.5,17.0,ascending,280.39886
44.5,17.25,ascending,280.04855
44.5,17.5,ascending,279.805
44.5,17.75,ascending,279.80374
44.5,18.0,ascending,279.93
44.5,18.25,ascending,279.9114
44.5,18.5,ascending,279.505
44.5,18.75,ascending,279.4
44.5,19.0,ascending,279.44873
44.5,19.25,ascending,279.40854
44.5,19.5,ascending,279.11832
44.5,19.75,ascending,278.93665
44.5,20.0,ascending,278.91998
44.5,20.25,ascending,278.78287
44.5,20.5,ascending,278.95834
44.5,20.75,ascending,278.74332
44.5,21.0,ascending,277.89166
44.5,21.25,ascending,277.63834
44.5,21.5,ascending,277.69
44.5,21.75,ascending,277.85165
44.5,22.0,ascending,277.27664
44.5,22.25,ascending,275.78665
44.5,22.5,ascending,274.22
44.5,22.75,ascending,274.65164
44.5,23.0,ascending,275.42285
44.5,23.25,ascending,275.648
44.5,23.5,ascending,276.71573
44.5,23.75,ascending,278.13333
44.5,24.0,ascending,278.82855
44.5,24.25,ascending,278.12
44.5,24.5,ascending,277.72427
44.5,24.75,ascending,278.225
44.5,25.0,ascending,278.546
44.5,25.25,ascending,279.03143
44.5,25.5,ascending,279.4957
44.5,25.75,ascending,280.03665
44.5,26.0,ascending,280.3743
44.5,26.25,ascending,280.6
44.5,26.5,ascending,280.61002
44.5,26.75,ascending,280.13498
44.5,27.0,ascending,280.16
44.5,27.25,ascending,281.19
44.5,27.5,ascending,282.27664
44.5,27.75,ascending,282.685
44.5,28.0,ascending,283.1475
44.5,28.25,ascending,284.19165
44.5,28.5,ascending,280.99374
44.5,28.75,ascending,264.77142
44.5,29.0,ascending,246.9525
44.5,29.25,ascending,236.71832
44.5,29.5,ascending,232.58124
44.5,29.75,ascending,226.98714
44.5,30.0,ascending,225.0775
44.5,30.25,ascending,224.655
44.5,30.5,ascending,223.95999
44.5,30.75,ascending,223.34375
44.5,31.0,ascending,222.53699
44.5,31.25,ascending,221.77374
44.5,31.5,ascending,221.18198
44.5,31.75,ascending,220.75665
44.5,32.0,ascending,220.51363
44.5,32.25,ascending,220.29
44.5,32.5,ascending,220.16725
44.5,32.75,ascending,220.97307
44.5,33.0,ascending,226.87769
44.5,33.25,ascending,241.20332
44.5,33.5,ascending,261.00235
44.5,33.75,ascending,273.51776
44.5,34.0,ascending,269.7976
44.5,34.25,ascending,256.81
44.75,-11.5,ascending,212.396
44.75,-11.25,ascending,212.69058
44.75,-11.0,ascending,213.17134
44.75,-10.75,ascending,214.2357
44.75,-10.5,ascending,215.53539
44.75,-10.25,ascending,217.22455
44.75,-10.0,ascending,219.15636
44.75,-9.75,ascending,220.46332
44.75,-9.5,ascending,221.40222
44.75,-9.25,ascending,222.49333
44.75,-9.0,ascending,223.53778
44.75,-8.75,ascending,226.19221
44.75,-8.5,ascending,228.32124
44.75,-8.25,ascending,230.16
44.75,-8.0,ascending,230.8275
44.75,-7.75,ascending,229.85143
44.75,-7.5,ascending,229.06714
44.75,-7.25,ascending,227.61856
44.75,-7.0,ascending,225.97285
44.75,-6.75,ascending,223.02
44.75,-6.5,ascending,219.76
44.75,-6.25,ascending,216.94124
44.75,-6.0,ascending,215.43713
44.75,-5.75,ascending,215.02167
44.75,-5.5,ascending,215.06334
44.75,-5.25,ascending,215.25166
44.75,-5.0,ascending,215.14333
44.75,-4.75,ascending,214.95
44.75,-4.5,ascending,214.6657
44.75,-4.25,ascending,214.38399
44.75,-4.0,ascending,214.185
44.75,-3.75,ascending,214.19832
44.75,-3.5,ascending,214.51285
44.75,-3.25,ascending,214.89333
44.75,-3.0,ascending,215.09833
44.75,-2.75,ascending,215.075
44.75,-2.5,ascending,215.002
44.75,-2.25,ascending,214.87
44.75,-2.0,ascending,214.81999
44.75,-1.75,ascending,215.45499
44.75,-1.5,ascending,219.08714
44.75,-1.25,ascending,235.66399
44.75,-1.0,ascending,258.21332
44.75,-0.75,ascending,280.425
44.75,-0.5,ascending,285.9357
44.75,-0.25,ascending,287.386
44.75,-0.0,ascending,274.23248
44.75,0.25,ascending,288.71
44.75,0.5,ascending,288.91833
44.75,0.75,ascending,288.64398
44.75,1.0,ascending,287.63397
44.75,1.25,ascending,286.684
44.75,1.5,ascending,286.37714
44.75,1.75,ascending,285.0025
44.75,2.0,ascending,282.034
44.75,2.25,ascending,280.34427
44.75,2.5,ascending,281.34665
44.75,2.75,ascending,284.22
44.75,3.0,ascending,286.94168
44.75,3.25,ascending,287.70834
44.75,3.5,ascending,287.94333
44.75,3.75,ascending,289.16428
44.75,4.0,ascending,289.62332
44.75,4.25,ascending,289.18427
44.75,4.5,ascending,287.94
44.75,4.75,ascending,286.24
44.75,5.0,ascending,285.22626
44.75,5.25,ascending,284.40665
44.75,5.5,ascending,283.13626
44.75,5.75,ascending,282.28748
44.75,6.0,ascending,281.42664
44.75,6.25,ascending,279.76373
44.75,6.5,ascending,278.039
44.75,6.75,ascending,275.66
44.75,7.0,ascending,274.17
44.75,7.25,ascending,276.40332
44.75,7.5,ascending,280.744
44.75,7.75,ascending,284.58698
44.75,8.0,ascending,286.68
44.75,8.25,ascending,286.61832
44.75,8.5,ascending,285.97784
44.75,8.75,ascending,285.14285
44.75,9.0,ascending,283.9943
44.75,9.25,ascending,282.7009
44.75,13.25,ascending,223.16888
44.75,13.5,ascending,223.4
44.75,13.75,ascending,223.78667
44.75,14.0,ascending,227.3675
44.75,14.25,ascending,231.16547
44.75,14.5,ascending,234.57332
44.75,14.75,ascending,243.32544
44.75,15.0,ascending,253.39299
44.75,15.25,ascending,264.958
44.75,15.5,ascending,275.3578
44.75,15.75,ascending,279.94427
44.75,16.0,ascending,281.664
44.75,16.25,ascending,281.77713
44.75,16.5,ascending,281.5475
44.75,16.75,ascending,281.29874
44.75,17.0,ascending,281.27875
44.75,17.25,ascending,280.97833
44.75,17.5,ascending,280.96875
44.75,17.75,ascending,280.90665
44.75,18.0,ascending,280.8
44.75,18.25,ascending,280.45428
44.75,18.5,ascending,280.1971
44.75,18.75,ascending,280.27625
44.75,19.0,ascending,280.175
44.75,19.25,ascending,279.61832
44.75,19.5,ascending,278.84427
44.75,19.75,ascending,278.365
44.75,20.0,ascending,277.97397
44.75,20.25,ascending,277.45334
44.75,20.5,ascending,277.03998
44.75,20.75,ascending,276.5533
44.75,21.0,ascending,276.38168
44.75,21.25,ascending,276.73798
44.75,21.5,ascending,277.3957
44.75,21.75,ascending,277.68832
44.75,22.0,ascending,276.60602
44.75,22.25,ascending,274.82333
44.75,22.5,ascending,274.71713
44.75,22.75,ascending,276.202
44.75,23.0,ascending,276.75598
44.75,23.25,ascending,277.20856
44.75,23.5,ascending,278.138
44.75,23.75,ascending,279.0414
44.75,24.0,ascending,279.236
44.75,24.25,ascending,278.565
44.75,24.5,ascending,278.65164
44.75,24.75,ascending,278.845
44.75,25.0,ascending,279.11285
44.75,25.25,ascending,279.79
44.75,25.5,ascending,280.4057
44.75,25.75,ascending,280.8157
44.75,26.0,ascending,281.125
44.75,26.25,ascending,281.45142
44.75,26.5,ascending,281.19427
44.75,26.75,ascending,280.27713
44.75,27.0,ascending,280.03333
44.75,27.25,ascending,280.68997
44.75,27.5,ascending,281.41428
44.75,27.75,ascending,281.50998
44.75,28.0,ascending,281.66144
44.75,28.25,ascending,282.49142
44.75,28.5,ascending,281.86398
44.75,28.75,ascending,273.85858
44.75,29.0,ascending,262.32498
44.75,29.25,ascending,255.62665
44.75,29.5,ascending,246.35715
44.75,29.75,ascending,233.66856
44.75,30.0,ascending,225.7925
44.75,30.25,ascending,223.80713
44.75,30.5,ascending,223.10374
44.75,30.75,ascending,222.4075
44.75,31.0,ascending,221.77713
44.75,31.25,ascending,221.21625
44.75,31.5,ascending,220.68777
44.75,31.75,ascending,220.46199
44.75,32.0,ascending,220.655
44.75,32.25,ascending,220.98898
44.75,32.5,ascending,221.79
44.75,32.75,ascending,223.18999
44.75,33.0,ascending,228.43
44.75,33.25,ascending,243.22928
44.75,33.5,ascending,266.76532
44.75,33.75,ascending,284.77057
44.75,34.0,ascending,288.62363
44.75,38.0,ascending,281.74332
45.0,-11.5,ascending,212.23312
45.0,-11.25,ascending,212.37999
45.0,-11.0,ascending,212.782
45.0,-10.75,ascending,213.62416
45.0,-10.5,ascending,214.64667
45.0,-10.25,ascending,216.23999
45.0,-10.0,ascending,218.22182
45.0,-9.75,ascending,219.606
45.0,-9.5,ascending,220.72
45.0,-9.25,ascending,221.25555
45.0,-9.0,ascending,221.86499
45.0,-8.75,ascending,223.50249
45.0,-8.5,ascending,226.06299
45.0,-8.25,ascending,229.52856
45.0,-8.0,ascending,231.36
45.0,-7.75,ascending,231.4625
45.0,-7.5,ascending,229.85571
45.0,-7.25,ascending,227.845
45.0,-7.0,ascending,225.62285
45.0,-6.75,ascending,222.69374
45.0,-6.5,ascending,219.50143
45.0,-6.25,ascending,217.01332
45.0,-6.0,ascending,215.64856
45.0,-5.75,ascending,214.92142
45.0,-5.5,ascending,214.84666
45.0,-5.25,ascending,214.97
45.0,-5.0,ascending,214.91667
45.0,-4.75,ascending,214.68166
45.0,-4.5,ascending,214.38998
45.0,-4.25,ascending,214.19571
45.0,-4.0,ascending,214.05
45.0,-3.75,ascending,214.2
45.0,-3.5,ascending,214.67833
45.0,-3.25,ascending,215.20166
45.0,-3.0,ascending,215.48334
45.0,-2.75,ascending,215.71
45.0,-2.5,ascending,215.71715
45.0,-2.25,ascending,215.60333
45.0,-2.0,ascending,215.54834
45.0,-1.75,ascending,215.8
45.0,-1.5,ascending,219.44199
45.0,-1.25,ascending,233.13713
45.0,-1.0,ascending,260.74
45.0,-0.75,ascending,276.62997
45.0,-0.5,ascending,283.83398
45.0,-0.25,ascending,287.27664
45.0,-0.0,ascending,275.92334
45.0,0.25,ascending,288.68332
45.0,0.5,ascending,288.632
45.0,0.75,ascending,288.425
45.0,1.0,ascending,287.84283
45.0,1.25,ascending,286.94833
45.0,1.5,ascending,285.97284
45.0,1.75,ascending,284.10284
45.0,2.0,ascending,281.68668
45.0,2.25,ascending,280.15164
45.0,2.5,ascending,280.66714
45.0,2.75,ascending,283.32166
45.0,3.0,ascending,286.8125
45.0,3.25,ascending,288.73285
45.0,3.5,ascending,289.4057
45.0,3.75,ascending,290.1143
45.0,4.0,ascending,290.21286
45.0,4.25,ascending,289.74286
45.0,4.5,ascending,288.46286
45.0,4.75,ascending,286.87283
45.0,5.0,ascending,285.89142
45.0,5.25,ascending,285.0357
45.0,5.5,ascending,283.98776
45.0,5.75,ascending,283.25143
45.0,6.0,ascending,281.8725
45.0,6.25,ascending,279.76425
45.0,6.5,ascending,277.60248
45.0,6.75,ascending,275.01443
45.0,7.0,ascending,273.2111
45.0,7.25,ascending,274.676
45.0,7.5,ascending,279.0391
45.0,7.75,ascending,283.3625
45.0,8.0,ascending,286.2669
45.0,8.25,ascending,287.1708
45.0,8.5,ascending,286.47736
45.0,8.75,ascending,285.59668
45.0,9.0,ascending,285.016
45.0,9.25,ascending,284.6645
45.0,13.0,ascending,225.535
45.0,13.25,ascending,226.25874
45.0,13.5,ascending,229.75932
45.0,13.75,ascending,235.17062
45.0,14.0,ascending,246.03384
45.0,14.25,ascending,248.60727
45.0,14.5,ascending,250.76544
45.0,14.75,ascending,258.789
45.0,15.0,ascending,263.48297
45.0,15.25,ascending,272.19223
45.0,15.5,ascending,278.97333
45.0,15.75,ascending,281.63873
45.0,16.0,ascending,282.498
45.0,16.25,ascending,282.28375
45.0,16.5,ascending,282.1575
45.0,16.75,ascending,281.90427
45.0,17.0,ascending,281.73428
45.0,17.25,ascending,281.38123
45.0,17.5,ascending,281.07858
45.0,17.75,ascending,280.87
45.0,18.0,ascending,280.655
45.0,18.25,ascending,280.56143
45.0,18.5,ascending,280.5543
45.0,18.75,ascending,280.44333
45.0,19.0,ascending,279.97
45.0,19.25,ascending,279.04333
45.0,19.5,ascending,278.13428
45.0,19.75,ascending,277.6743
45.0,20.0,ascending,277.17285
45.0,20.25,ascending,276.38998
45.0,20.5,ascending,275.7614
45.0,20.75,ascending,275.53
45.0,21.0,ascending,275.83856
45.0,21.25,ascending,276.81833
45.0,21.5,ascending,278.192
45.0,21.75,ascending,278.58
45.0,22.0,ascending,276.8075
45.0,22.25,ascending,275.39163
45.0,22.5,ascending,275.93332
45.0,22.75,ascending,276.75998
45.0,23.0,ascending,277.50333
45.0,23.25,ascending,277.99
45.0,23.5,ascending,278.1014
45.0,23.75,ascending,278.37997
45.0,24.0,ascending,279.1557
45.0,24.25,ascending,279.55856
45.0,24.5,ascending,279.63397
45.0,24.75,ascending,279.6243
45.0,25.0,ascending,280.02167
45.0,25.25,ascending,280.94284
45.0,25.5,ascending,281.468
45.0,25.75,ascending,281.715
45.0,26.0,ascending,281.86798
45.0,26.25,ascending,282.075
45.0,26.5,ascending,281.666
45.0,26.75,ascending,280.71713
45.0,27.0,ascending,280.05
45.0,27.25,ascending,280.13333
45.0,27.5,ascending,280.24332
45.0,27.75,ascending,280.4243
45.0,28.0,ascending,280.77713
45.0,28.25,ascending,280.78333
45.0,28.5,ascending,280.135
45.0,28.75,ascending,277.79666
45.0,29.0,ascending,273.7525
45.0,29.25,ascending,270.66
45.0,29.5,ascending,260.91855
45.0,29.75,ascending,242.03714
45.0,30.0,ascending,227.13124
45.0,30.25,ascending,223.24571
45.0,30.5,ascending,222.14749
45.0,30.75,ascending,221.66
45.0,31.0,ascending,221.301
45.0,31.25,ascending,220.89777
45.0,31.5,ascending,220.5425
45.0,31.75,ascending,220.42332
45.0,32.0,ascending,221.529
45.0,32.25,ascending,225.62834
45.0,32.5,ascending,231.22182
45.0,32.75,ascending,236.05846
45.0,33.0,ascending,246.86385
45.0,33.25,ascending,255.25691
45.0,33.5,ascending,273.51685
45.0,33.75,ascending,289.90524
45.0,34.0,ascending,296.4747
45.0,37.75,ascending,286.1133
45.0,38.0,ascending,287.2333
45.25,-11.75,ascending,212.49715
45.25,-11.5,ascending,212.42
45.25,-11.25,ascending,212.49533
45.25,-11.0,ascending,212.72499
45.25,-10.75,ascending,213.34846
45.25,-10.5,ascending,214.39833
45.25,-10.25,ascending,215.82777
45.25,-10.0,ascending,217.48363
45.25,-9.75,ascending,219.0611
45.25,-9.5,ascending,220.28333
45.25,-9.25,ascending,220.89499
45.25,-9.0,ascending,221.31714
45.25,-8.75,ascending,222.26
45.25,-8.5,ascending,224.3675
45.25,-8.25,ascending,227.88777
45.25,-8.0,ascending,230.90285
45.25,-7.75,ascending,232.03429
45.25,-7.5,ascending,230.16624
45.25,-7.25,ascending,227.38666
45.25,-7.0,ascending,224.80284
45.25,-6.75,ascending,222.54834
45.25,-6.5,ascending,220.20285
45.25,-6.25,ascending,218.12143
45.25,-6.0,ascending,216.23164
45.25,-5.75,ascending,215.06834
45.25,-5.5,ascending,214.8657
45.25,-5.25,ascending,214.995
45.25,-5.0,ascending,214.89714
45.25,-4.75,ascending,214.59833
45.25,-4.5,ascending,214.27713
45.25,-4.25,ascending,214.09001
45.25,-4.0,ascending,214.14429
45.25,-3.75,ascending,214.46832
45.25,-3.5,ascending,214.98332
45.25,-3.25,ascending,215.565
45.25,-3.0,ascending,215.95857
45.25,-2.75,ascending,216.25601
45.25,-2.5,ascending,216.28398
45.25,-2.25,ascending,216.09833
45.25,-2.0,ascending,215.93166
45.25,-1.75,ascending,216.16599
45.25,-1.5,ascending,219.19142
45.25,-1.25,ascending,232.68198
45.25,-1.0,ascending,255.52856
45.25,-0.75,ascending,274.3125
45.25,-0.5,ascending,283.87668
45.25,-0.25,ascending,288.17572
45.25,-0.0,ascending,268.08624
45.25,0.25,ascending,288.292
45.25,0.5,ascending,288.19427
45.25,0.75,ascending,288.20142
45.25,1.0,ascending,287.68
45.25,1.25,ascending,286.2857
45.25,1.5,ascending,284.58835
45.25,1.75,ascending,282.59857
45.25,2.0,ascending,280.79288
45.25,2.25,ascending,279.71002
45.25,2.5,ascending,279.67
45.25,2.75,ascending,281.79715
45.25,3.0,ascending,285.076
45.25,3.25,ascending,288.175
45.25,3.5,ascending,289.68716
45.25,3.75,ascending,290.078
45.25,4.0,ascending,290.09
45.25,4.25,ascending,289.72333
45.25,4.5,ascending,288.7575
45.25,4.75,ascending,287.2383
45.25,5.0,ascending,286.33572
45.25,5.25,ascending,285.71375
45.25,5.5,ascending,284.7557
45.25,5.75,ascending,283.8925
45.25,6.0,ascending,283.05624
45.25,6.25,ascending,281.43665
45.25,6.5,ascending,279.047
45.25,6.75,ascending,276.00333
45.25,7.0,ascending,273.4989
45.25,7.25,ascending,273.88
45.25,7.5,ascending,277.29456
45.25,7.75,ascending,281.229
45.25,8.0,ascending,284.03
45.25,8.25,ascending,285.875
45.25,8.5,ascending,285.87335
45.25,8.75,ascending,284.85733
45.25,9.0,ascending,283.76898
45.25,9.25,ascending,283.36
45.25,13.0,ascending,229.06454
45.25,13.25,ascending,231.1
45.25,13.5,ascending,236.982
45.25,13.75,ascending,247.88713
45.25,14.0,ascending,259.46167
45.25,14.25,ascending,264.5991
45.25,14.5,ascending,267.52182
45.25,14.75,ascending,272.19666
45.25,15.0,ascending,275.1511
45.25,15.25,ascending,279.688
45.25,15.5,ascending,282.62
45.25,15.75,ascending,283.22247
45.25,16.0,ascending,283.16626
45.25,16.25,ascending,282.78857
45.25,16.5,ascending,282.47
45.25,16.75,ascending,282.09625
45.25,17.0,ascending,281.68573
45.25,17.25,ascending,281.29572
45.25,17.5,ascending,280.94855
45.25,17.75,ascending,280.82333
45.25,18.0,ascending,280.81
45.25,18.25,ascending,280.69498
45.25,18.5,ascending,280.41
45.25,18.75,ascending,279.97665
45.25,19.0,ascending,279.0957
45.25,19.25,ascending,278.11832
45.25,19.5,ascending,277.55667
45.25,19.75,ascending,277.2143
45.25,20.0,ascending,276.60284
45.25,20.25,ascending,275.99
45.25,20.5,ascending,275.69
45.25,20.75,ascending,275.704
45.25,21.0,ascending,276.55167
45.25,21.25,ascending,278.00714
45.25,21.5,ascending,279.235
45.25,21.75,ascending,278.91998
45.25,22.0,ascending,278.07666
45.25,22.25,ascending,277.28665
45.25,22.5,ascending,277.1783
45.25,22.75,ascending,277.296
45.25,23.0,ascending,277.675
45.25,23.25,ascending,277.4
45.25,23.5,ascending,276.748
45.25,23.75,ascending,277.568
45.25,24.0,ascending,279.10498
45.25,24.25,ascending,280.276
45.25,24.5,ascending,280.43286
45.25,24.75,ascending,280.44833
45.25,25.0,ascending,280.7333
45.25,25.25,ascending,281.625
45.25,25.5,ascending,282.00665
45.25,25.75,ascending,282.07498
45.25,26.0,ascending,282.11142
45.25,26.25,ascending,282.15
45.25,26.5,ascending,281.84
45.25,26.75,ascending,281.055
45.25,27.0,ascending,280.07144
45.25,27.25,ascending,279.36002
45.25,27.5,ascending,279.2333
45.25,27.75,ascending,279.94833
45.25,28.0,ascending,280.7857
45.25,28.25,ascending,280.89835
45.25,28.5,ascending,279.96
45.25,28.75,ascending,279.79
45.25,29.0,ascending,280.10568
45.25,29.25,ascending,277.63
45.25,29.5,ascending,268.03625
45.25,29.75,ascending,247.24428
45.25,30.0,ascending,231.23714
45.25,30.25,ascending,223.62
45.25,30.5,ascending,221.84
45.25,30.75,ascending,221.34999
45.25,31.0,ascending,220.98125
45.25,31.25,ascending,220.68
45.25,31.5,ascending,220.46399
45.25,31.75,ascending,220.38777
45.25,32.0,ascending,221.59
45.25,32.25,ascending,227.972
45.25,32.5,ascending,241.4391
45.25,32.75,ascending,256.88455
45.25,33.0,ascending,271.37833
45.25,33.25,ascending,282.15143
45.25,33.5,ascending,291.44376
45.25,33.75,ascending,297.84848
45.25,34.0,ascending,300.94785
45.25,37.75,ascending,277.03165
45.25,38.0,ascending,282.99332
45.5,-12.0,ascending,212.73
45.5,-11.75,ascending,212.72353
45.5,-11.5,ascending,212.72765
45.5,-11.25,ascending,212.72417
45.5,-11.0,ascending,212.7969
45.5,-10.75,ascending,213.12614
45.5,-10.5,ascending,213.82901
45.5,-10.25,ascending,215.00699
45.5,-10.0,ascending,216.512
45.5,-9.75,ascending,218.29
45.5,-9.5,ascending,220.04222
45.5,-9.25,ascending,221.077
45.5,-9.0,ascending,221.78374
45.5,-8.75,ascending,222.93
45.5,-8.5,ascending,225.12285
45.5,-8.25,ascending,229.83499
45.5,-8.0,ascending,234.34125
45.5,-7.75,ascending,236.45999
45.5,-7.5,ascending,233.965
45.5,-7.25,ascending,229.82166
45.5,-7.0,ascending,226.485
45.5,-6.75,ascending,224.1375
45.5,-6.5,ascending,221.72427
45.5,-6.25,ascending,219.02571
45.5,-6.0,ascending,216.78667
45.5,-5.75,ascending,215.46999
45.5,-5.5,ascending,215.06665
45.5,-5.25,ascending,215.16167
45.5,-5.0,ascending,215.11856
45.5,-4.75,ascending,214.66667
45.5,-4.5,ascending,214.30165
45.5,-4.25,ascending,214.25
45.5,-4.0,ascending,214.41667
45.5,-3.75,ascending,214.74333
45.5,-3.5,ascending,215.24428
45.5,-3.25,ascending,215.752
45.5,-3.0,ascending,216.15332
45.5,-2.75,ascending,216.34166
45.5,-2.5,ascending,216.18834
45.5,-2.25,ascending,215.95801
45.5,-2.0,ascending,215.795
45.5,-1.75,ascending,216.19858
45.5,-1.5,ascending,219.36398
45.5,-1.25,ascending,232.6857
45.5,-1.0,ascending,255.75667
45.5,-0.75,ascending,275.69666
45.5,-0.5,ascending,286.20712
45.5,-0.25,ascending,289.12
45.5,-0.0,ascending,270.67886
45.5,0.25,ascending,288.0843
45.5,0.5,ascending,288.15164
45.5,0.75,ascending,288.18427
45.5,1.0,ascending,287.01715
45.5,1.25,ascending,285.03165
45.5,1.5,ascending,283.36832
45.5,1.75,ascending,281.93857
45.5,2.0,ascending,280.7157
45.5,2.25,ascending,279.90857
45.5,2.5,ascending,279.88333
45.5,2.75,ascending,280.88168
45.5,3.0,ascending,283.61713
45.5,3.25,ascending,286.94333
45.5,3.5,ascending,288.84427
45.5,3.75,ascending,289.53748
45.5,4.0,ascending,289.835
45.5,4.25,ascending,289.63715
45.5,4.5,ascending,288.96286
45.5,4.75,ascending,287.35623
45.5,5.0,ascending,285.95374
45.5,5.25,ascending,285.65997
45.5,5.5,ascending,284.87665
45.5,5.75,ascending,283.8257
45.5,6.0,ascending,283.0825
45.5,6.25,ascending,282.1857
45.5,6.5,ascending,280.04248
45.5,6.75,ascending,277.40665
45.5,7.0,ascending,274.916
45.5,7.25,ascending,273.86
45.5,7.5,ascending,275.241
45.5,7.75,ascending,278.1527
45.5,8.0,ascending,280.70334
45.5,8.25,ascending,282.75998
45.5,8.5,ascending,283.74265
45.5,8.75,ascending,283.8782
45.5,9.0,ascending,283.3
45.5,9.25,ascending,282.78165
45.5,12.75,ascending,246.19
45.5,13.0,ascending,241.22667
45.5,13.25,ascending,239.88531
45.5,13.5,ascending,243.18356
45.5,13.75,ascending,254.17168
45.5,14.0,ascending,264.8909
45.5,14.25,ascending,272.65817
45.5,14.5,ascending,278.059
45.5,14.75,ascending,281.391
45.5,15.0,ascending,282.65665
45.5,15.25,ascending,283.70874
45.5,15.5,ascending,283.91556
45.5,15.75,ascending,283.6811
45.5,16.0,ascending,283.2275
45.5,16.25,ascending,282.72888
45.5,16.5,ascending,282.3657
45.5,16.75,ascending,282.13748
45.5,17.0,ascending,281.84875
45.5,17.25,ascending,281.57285
45.5,17.5,ascending,281.31876
45.5,17.75,ascending,281.15875
45.5,18.0,ascending,280.87997
45.5,18.25,ascending,280.46573
45.5,18.5,ascending,279.8943
45.5,18.75,ascending,279.24857
45.5,19.0,ascending,278.43332
45.5,19.25,ascending,277.61002
45.5,19.5,ascending,277.125
45.5,19.75,ascending,276.62
45.5,20.0,ascending,276.184
45.5,20.25,ascending,275.99713
45.5,20.5,ascending,275.90286
45.5,20.75,ascending,276.12332
45.5,21.0,ascending,277.15164
45.5,21.25,ascending,278.33667
45.5,21.5,ascending,278.90332
45.5,21.75,ascending,278.97714
45.5,22.0,ascending,278.90833
45.5,22.25,ascending,278.705
45.5,22.5,ascending,278.494
45.5,22.75,ascending,278.6
45.5,23.0,ascending,278.51712
45.5,23.25,ascending,277.71
45.5,23.5,ascending,276.98666
45.5,23.75,ascending,278.1557
45.5,24.0,ascending,279.96332
45.5,24.25,ascending,280.83167
45.5,24.5,ascending,281.04288
45.5,24.75,ascending,280.92798
45.5,25.0,ascending,281.23398
45.5,25.25,ascending,281.86285
45.5,25.5,ascending,282.03857
45.5,25.75,ascending,281.87332
45.5,26.0,ascending,281.68665
45.5,26.25,ascending,281.4643
45.5,26.5,ascending,281.32715
45.5,26.75,ascending,280.71713
45.5,27.0,ascending,279.576
45.5,27.25,ascending,278.59714
45.5,27.5,ascending,278.56284
45.5,27.75,ascending,280.08667
45.5,28.0,ascending,281.93427
45.5,28.25,ascending,282.65997
45.5,28.5,ascending,282.55667
45.5,28.75,ascending,283.78714
45.5,29.0,ascending,284.54285
45.5,29.25,ascending,284.36444
45.5,29.5,ascending,277.23
45.5,29.75,ascending,261.97858
45.5,30.0,ascending,242.42111
45.5,30.25,ascending,229.51833
45.5,30.5,ascending,223.30624
45.5,30.75,ascending,221.40111
45.5,31.0,ascending,220.775
45.5,31.25,ascending,220.42667
45.5,31.5,ascending,220.63889
45.5,31.75,ascending,221.10777
45.5,32.0,ascending,222.04999
45.5,32.25,ascending,224.29399
45.5,32.5,ascending,232.66199
45.5,32.75,ascending,250.50916
45.5,33.0,ascending,270.00067
45.5,33.25,ascending,286.715
45.5,33.5,ascending,296.74847
45.5,33.75,ascending,299.85715
45.5,34.0,ascending,299.96887
45.5,37.5,ascending,249.26332
45.5,37.75,ascending,259.31668
45.5,38.0,ascending,268.26224
45.75,-12.0,ascending,212.43456
45.75,-11.75,ascending,212.64175
45.75,-11.5,ascending,212.78786
45.75,-11.25,ascending,212.91667
45.75,-11.0,ascending,212.96666
45.75,-10.75,ascending,213.04546
45.75,-10.5,ascending,213.36499
45.75,-10.25,ascending,214.13445
45.75,-10.0,ascending,215.3809
45.75,-9.75,ascending,217.31
45.75,-9.5,ascending,219.36
45.75,-9.25,ascending,220.83714
45.75,-9.0,ascending,222.779
45.75,-8.75,ascending,226.28
45.75,-8.5,ascending,230.1843
45.75,-8.25,ascending,239.25
45.75,-8.0,ascending,244.4525
45.75,-7.75,ascending,245.06166
45.75,-7.5,ascending,240.51572
45.75,-7.25,ascending,233.19429
45.75,-7.0,ascending,228.48
45.75,-6.75,ascending,225.43143
45.75,-6.5,ascending,222.65332
45.75,-6.25,ascending,220.02333
45.75,-6.0,ascending,217.52832
45.75,-5.75,ascending,215.92168
45.75,-5.5,ascending,215.31857
45.75,-5.25,ascending,215.424
45.75,-5.0,ascending,215.31665
45.75,-4.75,ascending,214.835
45.75,-4.5,ascending,214.51
45.75,-4.25,ascending,214.46999
45.75,-4.0,ascending,214.57332
45.75,-3.75,ascending,214.896
45.75,-3.5,ascending,215.40285
45.75,-3.25,ascending,215.87334
45.75,-3.0,ascending,216.17
45.75,-2.75,ascending,216.11665
45.75,-2.5,ascending,215.83333
45.75,-2.25,ascending,215.58142
45.75,-2.0,ascending,215.54599
45.75,-1.75,ascending,216.226
45.75,-1.5,ascending,221.8243
45.75,-1.25,ascending,233.67249
45.75,-1.0,ascending,259.82166
45.75,-0.75,ascending,280.36142
45.75,-0.5,ascending,288.55402
45.75,-0.25,ascending,289.53
45.75,-0.0,ascending,281.5475
45.75,0.25,ascending,288.59
45.75,0.5,ascending,288.748
45.75,0.75,ascending,288.465
45.75,1.0,ascending,286.61798
45.75,1.25,ascending,284.278
45.75,1.5,ascending,282.925
45.75,1.75,ascending,282.53665
45.75,2.0,ascending,282.15857
45.75,2.25,ascending,281.46573
45.75,2.5,ascending,281.02167
45.75,2.75,ascending,281.844
45.75,3.0,ascending,283.55142
45.75,3.25,ascending,286.28143
45.75,3.5,ascending,288.35165
45.75,3.75,ascending,289.38498
45.75,4.0,ascending,290.04
45.75,4.25,ascending,290.27286
45.75,4.5,ascending,289.23285
45.75,4.75,ascending,286.85858
45.75,5.0,ascending,284.91428
45.75,5.25,ascending,284.63
45.75,5.5,ascending,284.21857
45.75,5.75,ascending,282.79123
45.75,6.0,ascending,281.72333
45.75,6.25,ascending,281.14554
45.75,6.5,ascending,279.91556
45.75,6.75,ascending,277.28247
45.75,7.0,ascending,275.025
45.75,7.25,ascending,273.371
45.75,7.5,ascending,273.302
45.75,7.75,ascending,275.44818
45.75,8.0,ascending,277.67453
45.75,8.25,ascending,278.80923
45.75,8.5,ascending,279.3493
45.75,8.75,ascending,280.16293
45.75,9.0,ascending,280.97635
45.75,9.25,ascending,281.18283
45.75,12.75,ascending,266.2093
45.75,13.0,ascending,266.46667
45.75,13.25,ascending,261.99332
45.75,13.5,ascending,261.14075
45.75,13.75,ascending,267.41455
45.75,14.0,ascending,274.2009
45.75,14.25,ascending,278.565
45.75,14.5,ascending,282.82544
45.75,14.75,ascending,284.16
45.75,15.0,ascending,284.3611
45.75,15.25,ascending,284.29126
45.75,15.5,ascending,283.94
45.75,15.75,ascending,283.38373
45.75,16.0,ascending,282.92285
45.75,16.25,ascending,282.73126
45.75,16.5,ascending,282.59427
45.75,16.75,ascending,282.54855
45.75,17.0,ascending,282.18286
45.75,17.25,ascending,281.83856
45.75,17.5,ascending,281.44165
45.75,17.75,ascending,280.99
45.75,18.0,ascending,280.6
45.75,18.25,ascending,280.16666
45.75,18.5,ascending,279.68665
45.75,18.75,ascending,279.07666
45.75,19.0,ascending,278.25998
45.75,19.25,ascending,277.38165
45.75,19.5,ascending,276.7357
45.75,19.75,ascending,276.56665
45.75,20.0,ascending,276.58286
45.75,20.25,ascending,276.60666
45.75,20.5,ascending,276.40164
45.75,20.75,ascending,276.4457
45.75,21.0,ascending,277.06998
45.75,21.25,ascending,277.63498
45.75,21.5,ascending,278.16666
45.75,21.75,ascending,278.866
45.75,22.0,ascending,279.34714
45.75,22.25,ascending,279.37332
45.75,22.5,ascending,279.29715
45.75,22.75,ascending,279.5175
45.75,23.0,ascending,279.6143
45.75,23.25,ascending,279.07
45.75,23.5,ascending,278.7614
45.75,23.75,ascending,279.622
45.75,24.0,ascending,280.8
45.75,24.25,ascending,281.22858
45.75,24.5,ascending,281.34998
45.75,24.75,ascending,281.28333
45.75,25.0,ascending,281.51712
45.75,25.25,ascending,281.82333
45.75,25.5,ascending,281.5843
45.75,25.75,ascending,280.93
45.75,26.0,ascending,279.9183
45.75,26.25,ascending,279.55832
45.75,26.5,ascending,279.70428
45.75,26.75,ascending,279.55002
45.75,27.0,ascending,278.67166
45.75,27.25,ascending,277.854
45.75,27.5,ascending,278.6357
45.75,27.75,ascending,280.65
45.75,28.0,ascending,282.84
45.75,28.25,ascending,284.24713
45.75,28.5,ascending,285.2857
45.75,28.75,ascending,287.10834
45.75,29.0,ascending,288.4457
45.75,29.25,ascending,289.75833
45.75,29.5,ascending,287.54
45.75,29.75,ascending,280.0114
45.75,30.0,ascending,266.62857
45.75,30.25,ascending,246.81
45.75,30.5,ascending,231.85333
45.75,30.75,ascending,222.98
45.75,31.0,ascending,220.89125
45.75,31.25,ascending,220.79999
45.75,31.5,ascending,222.23666
45.75,31.75,ascending,225.33798
45.75,32.0,ascending,229.39874
45.75,32.25,ascending,229.896
45.75,32.5,ascending,232.26817
45.75,32.75,ascending,236.29749
45.75,33.0,ascending,245.81
45.75,33.25,ascending,261.9643
45.75,33.5,ascending,278.2542
45.75,33.75,ascending,289.58902
45.75,34.0,ascending,293.632
45.75,37.5,ascending,231.59
45.75,37.75,ascending,241.41133
45.75,38.0,ascending,251.39998
46.0,-12.25,ascending,212.14333
46.0,-12.0,ascending,212.26445
46.0,-11.75,ascending,212.49059
46.0,-11.5,ascending,212.76332
46.0,-11.25,ascending,213.03416
46.0,-11.0,ascending,213.11665
46.0,-10.75,ascending,213.155
46.0,-10.5,ascending,213.27182
46.0,-10.25,ascending,213.75888
46.0,-10.0,ascending,214.55222
46.0,-9.75,ascending,216.24222
46.0,-9.5,ascending,218.39874
46.0,-9.25,ascending,220.92624
46.0,-9.0,ascending,224.68124
46.0,-8.75,ascending,230.72856
46.0,-8.5,ascending,239.13222
46.0,-8.25,ascending,248.09856
46.0,-8.0,ascending,253.26874
46.0,-7.75,ascending,250.56374
46.0,-7.5,ascending,243.91713
46.0,-7.25,ascending,235.4357
46.0,-7.0,ascending,229.65625
46.0,-6.75,ascending,226.28499
46.0,-6.5,ascending,224.16714
46.0,-6.25,ascending,221.72856
46.0,-6.0,ascending,218.59714
46.0,-5.75,ascending,216.39856
46.0,-5.5,ascending,215.58667
46.0,-5.25,ascending,215.76143
46.0,-5.0,ascending,215.57713
46.0,-4.75,ascending,215.04167
46.0,-4.5,ascending,214.67857
46.0,-4.25,ascending,214.58667
46.0,-4.0,ascending,214.73999
46.0,-3.75,ascending,215.11499
46.0,-3.5,ascending,215.60333
46.0,-3.25,ascending,215.91667
46.0,-3.0,ascending,215.97
46.0,-2.75,ascending,215.77998
46.0,-2.5,ascending,215.44832
46.0,-2.25,ascending,215.346
46.0,-2.0,ascending,215.97571
46.0,-1.75,ascending,219.18834
46.0,-1.5,ascending,230.00166
46.0,-1.25,ascending,246.08167
46.0,-1.0,ascending,270.58142
46.0,-0.75,ascending,284.05
46.0,-0.5,ascending,289.64856
46.0,-0.25,ascending,290.09857
46.0,-0.0,ascending,274.44333
46.0,0.25,ascending,289.38998
46.0,0.5,ascending,289.25333
46.0,0.75,ascending,288.33167
46.0,1.0,ascending,286.375
46.0,1.25,ascending,284.44427
46.0,1.5,ascending,283.56998
46.0,1.75,ascending,283.81403
46.0,2.0,ascending,284.37332
46.0,2.25,ascending,284.11285
46.0,2.5,ascending,283.43332
46.0,2.75,ascending,283.9243
46.0,3.0,ascending,285.42166
46.0,3.25,ascending,287.1143
46.0,3.5,ascending,288.7214
46.0,3.75,ascending,289.87
46.0,4.0,ascending,290.57715
46.0,4.25,ascending,290.79166
46.0,4.5,ascending,289.39874
46.0,4.75,ascending,286.77664
46.0,5.0,ascending,284.83
46.0,5.25,ascending,284.05142
46.0,5.5,ascending,283.54623
46.0,5.75,ascending,281.78427
46.0,6.0,ascending,279.57712
46.0,6.25,ascending,277.72998
46.0,6.5,ascending,277.346
46.0,6.75,ascending,276.83
46.0,7.0,ascending,275.2322
46.0,7.25,ascending,273.3309
46.0,7.5,ascending,272.148
46.0,7.75,ascending,273.4346
46.0,8.0,ascending,276.4777
46.0,8.25,ascending,278.56076
46.0,8.5,ascending,279.034
46.0,8.75,ascending,279.52332
46.0,9.0,ascending,280.09042
46.0,9.25,ascending,280.135
46.0,12.5,ascending,280.2525
46.0,12.75,ascending,279.44736
46.0,13.0,ascending,280.478
46.0,13.25,ascending,279.85083
46.0,13.5,ascending,279.57855
46.0,13.75,ascending,281.70544
46.0,14.0,ascending,282.666
46.0,14.25,ascending,283.444
46.0,14.5,ascending,284.042
46.0,14.75,ascending,284.3175
46.0,15.0,ascending,284.2909
46.0,15.25,ascending,284.15714
46.0,15.5,ascending,283.886
46.0,15.75,ascending,283.56427
46.0,16.0,ascending,283.23444
46.0,16.25,ascending,283.06665
46.0,16.5,ascending,282.71555
46.0,16.75,ascending,282.21
46.0,17.0,ascending,281.65332
46.0,17.25,ascending,281.26498
46.0,17.5,ascending,281.025
46.0,17.75,ascending,280.86856
46.0,18.0,ascending,280.53287
46.0,18.25,ascending,280.02142
46.0,18.5,ascending,279.60834
46.0,18.75,ascending,278.98572
46.0,19.0,ascending,278.08167
46.0,19.25,ascending,277.40286
46.0,19.5,ascending,277.49332
46.0,19.75,ascending,278.09
46.0,20.0,ascending,278.10666
46.0,20.25,ascending,277.528
46.0,20.5,ascending,276.44333
46.0,20.75,ascending,276.05167
46.0,21.0,ascending,276.22333
46.0,21.25,ascending,276.546
46.0,21.5,ascending,277.4357
46.0,21.75,ascending,278.742
46.0,22.0,ascending,279.63858
46.0,22.25,ascending,279.69498
46.0,22.5,ascending,279.60284
46.0,22.75,ascending,279.865
46.0,23.0,ascending,279.90997
46.0,23.25,ascending,279.21857
46.0,23.5,ascending,278.86
46.0,23.75,ascending,279.46664
46.0,24.0,ascending,279.94144
46.0,24.25,ascending,280.292
46.0,24.5,ascending,280.27664
46.0,24.75,ascending,280.3943
46.0,25.0,ascending,280.60666
46.0,25.25,ascending,280.78
46.0,25.5,ascending,280.47833
46.0,25.75,ascending,279.016
46.0,26.0,ascending,275.87332
46.0,26.25,ascending,275.8414
46.0,26.5,ascending,277.28833
46.0,26.75,ascending,277.88834
46.0,27.0,ascending,277.34
46.0,27.25,ascending,277.68
46.0,27.5,ascending,279.25
46.0,27.75,ascending,281.30875
46.0,28.0,ascending,283.27856
46.0,28.25,ascending,284.754
46.0,28.5,ascending,286.69373
46.0,28.75,ascending,288.61142
46.0,29.0,ascending,290.43143
46.0,29.25,ascending,291.60165
46.0,29.5,ascending,292.16498
46.0,29.75,ascending,289.77142
46.0,30.0,ascending,283.36874
46.0,30.25,ascending,268.56625
46.0,30.5,ascending,248.29001
46.0,30.75,ascending,231.18443
46.0,31.0,ascending,223.76445
46.0,31.25,ascending,223.5725
46.0,31.5,ascending,227.08556
46.0,31.75,ascending,234.12776
46.0,32.0,ascending,245.3125
46.0,32.25,ascending,254.59727
46.0,32.5,ascending,257.425
46.0,32.75,ascending,260.01834
46.0,33.0,ascending,260.57938
46.0,33.25,ascending,263.74933
46.0,33.5,ascending,272.39157
46.0,33.75,ascending,281.27957
46.0,37.25,ascending,218.80554
46.0,37.5,ascending,222.27266
46.0,37.75,ascending,227.93799
46.0,38.0,ascending,236.09113
46.25,-12.25,ascending,212.25143
46.25,-12.0,ascending,212.215
46.25,-11.75,ascending,212.32071
46.25,-11.5,ascending,212.57785
46.25,-11.25,ascending,212.892
46.25,-11.0,ascending,213.10846
46.25,-10.75,ascending,213.1611
46.25,-10.5,ascending,213.29199
46.25,-10.25,ascending,213.59332
46.25,-10.0,ascending,214.22554
46.25,-9.75,ascending,215.79889
46.25,-9.5,ascending,218.37125
46.25,-9.25,ascending,222.05429
46.25,-9.0,ascending,227.5575
46.25,-8.75,ascending,235.89125
46.25,-8.5,ascending,245.24715
46.25,-8.25,ascending,252.91856
46.25,-8.0,ascending,255.31285
46.25,-7.75,ascending,251.62999
46.25,-7.5,ascending,244.61499
46.25,-7.25,ascending,237.18428
46.25,-7.0,ascending,231.69666
46.25,-6.75,ascending,228.58998
46.25,-6.5,ascending,226.85664
46.25,-6.25,ascending,223.92165
46.25,-6.0,ascending,220.02284
46.25,-5.75,ascending,217.126
46.25,-5.5,ascending,216.09427
46.25,-5.25,ascending,216.172
46.25,-5.0,ascending,216.17833
46.25,-4.75,ascending,215.57999
46.25,-4.5,ascending,214.87999
46.25,-4.25,ascending,214.54199
46.25,-4.0,ascending,214.72571
46.25,-3.75,ascending,215.12999
46.25,-3.5,ascending,215.4
46.25,-3.25,ascending,215.53833
46.25,-3.0,ascending,215.49284
46.25,-2.75,ascending,215.31999
46.25,-2.5,ascending,215.18834
46.25,-2.25,ascending,215.82143
46.25,-2.0,ascending,219.852
46.25,-1.75,ascending,231.47166
46.25,-1.5,ascending,248.024
46.25,-1.25,ascending,265.9
46.25,-1.0,ascending,282.1475
46.25,-0.75,ascending,289.04166
46.25,-0.5,ascending,290.8757
46.25,-0.25,ascending,290.87
46.25,-0.0,ascending,282.26285
46.25,0.25,ascending,290.30167
46.25,0.5,ascending,289.90286
46.25,0.75,ascending,288.88165
46.25,1.0,ascending,287.11856
46.25,1.25,ascending,285.58167
46.25,1.5,ascending,285.11856
46.25,1.75,ascending,285.55667
46.25,2.0,ascending,286.392
46.25,2.25,ascending,286.68167
46.25,2.5,ascending,286.31833
46.25,2.75,ascending,286.7383
46.25,3.0,ascending,288.0557
46.25,3.25,ascending,289.10666
46.25,3.5,ascending,289.8257
46.25,3.75,ascending,290.385
46.25,4.0,ascending,290.72855
46.25,4.25,ascending,290.65286
46.25,4.5,ascending,289.60165
46.25,4.75,ascending,287.66998
46.25,5.0,ascending,286.0
46.25,5.25,ascending,285.35748
46.25,5.5,ascending,284.28
46.25,5.75,ascending,282.18625
46.25,6.0,ascending,278.7789
46.25,6.25,ascending,275.17886
46.25,6.5,ascending,273.7314
46.25,6.75,ascending,275.19098
46.25,7.0,ascending,276.0075
46.25,7.25,ascending,275.27667
46.25,7.5,ascending,273.74817
46.25,7.75,ascending,273.50998
46.25,8.0,ascending,275.57547
46.25,8.25,ascending,278.4146
46.25,8.5,ascending,280.44763
46.25,8.75,ascending,281.43353
46.25,9.0,ascending,281.74817
46.25,12.5,ascending,282.77
46.25,12.75,ascending,282.97
46.25,13.0,ascending,283.125
46.25,13.25,ascending,283.0875
46.25,13.5,ascending,282.9208
46.25,13.75,ascending,282.7336
46.25,14.0,ascending,282.711
46.25,14.25,ascending,282.95502
46.25,14.5,ascending,283.00775
46.25,14.75,ascending,283.45624
46.25,15.0,ascending,283.80222
46.25,15.25,ascending,284.11
46.25,15.5,ascending,284.085
46.25,15.75,ascending,283.74142
46.25,16.0,ascending,283.05374
46.25,16.25,ascending,282.29715
46.25,16.5,ascending,281.44284
46.25,16.75,ascending,280.96286
46.25,17.0,ascending,280.73285
46.25,17.25,ascending,280.86713
46.25,17.5,ascending,280.835
46.25,17.75,ascending,280.19
46.25,18.0,ascending,279.49332
46.25,18.25,ascending,278.75333
46.25,18.5,ascending,278.615
46.25,18.75,ascending,278.25998
46.25,19.0,ascending,278.02875
46.25,19.25,ascending,278.208
46.25,19.5,ascending,279.34665
46.25,19.75,ascending,280.194
46.25,20.0,ascending,279.52
46.25,20.25,ascending,277.62833
46.25,20.5,ascending,275.98
46.25,20.75,ascending,275.132
46.25,21.0,ascending,275.03854
46.25,21.25,ascending,275.67798
46.25,21.5,ascending,277.31284
46.25,21.75,ascending,279.28165
46.25,22.0,ascending,280.05667
46.25,22.25,ascending,279.795
46.25,22.5,ascending,279.556
46.25,22.75,ascending,279.60165
46.25,23.0,ascending,279.16165
46.25,23.25,ascending,278.108
46.25,23.5,ascending,277.27
46.25,23.75,ascending,277.165
46.25,24.0,ascending,277.294
46.25,24.25,ascending,277.17502
46.25,24.5,ascending,276.85858
46.25,24.75,ascending,277.62833
46.25,25.0,ascending,279.072
46.25,25.25,ascending,279.4725
46.25,25.5,ascending,278.882
46.25,25.75,ascending,276.24332
46.25,26.0,ascending,271.598
46.25,26.25,ascending,272.025
46.25,26.5,ascending,275.2614
46.25,26.75,ascending,276.57666
46.25,27.0,ascending,276.49667
46.25,27.25,ascending,277.5483
46.25,27.5,ascending,279.82428
46.25,27.75,ascending,281.524
46.25,28.0,ascending,283.81168
46.25,28.25,ascending,285.59857
46.25,28.5,ascending,287.70334
46.25,28.75,ascending,289.63
46.25,29.0,ascending,291.01285
46.25,29.25,ascending,292.16
46.25,29.5,ascending,293.08713
46.25,29.75,ascending,292.89142
46.25,30.0,ascending,289.92874
46.25,30.25,ascending,283.83713
46.25,30.5,ascending,270.74667
46.25,30.75,ascending,250.71715
46.25,31.0,ascending,238.939
46.25,31.25,ascending,234.41249
46.25,31.5,ascending,237.11667
46.25,31.75,ascending,246.0589
46.25,32.0,ascending,260.27997
46.25,32.25,ascending,275.332
46.25,32.5,ascending,283.47916
46.25,32.75,ascending,287.54666
46.25,33.0,ascending,288.3
46.25,33.25,ascending,288.82874
46.25,33.5,ascending,290.43445
46.25,33.75,ascending,290.81223
46.25,37.0,ascending,219.615
46.25,37.25,ascending,218.72333
46.25,37.5,ascending,219.57666
46.25,37.75,ascending,222.83733
46.25,38.0,ascending,229.5375
46.5,-12.5,ascending,212.64856
46.5,-12.25,ascending,212.51999
46.5,-12.0,ascending,212.36882
46.5,-11.75,ascending,212.32082
46.5,-11.5,ascending,212.32332
46.5,-11.25,ascending,212.503
46.5,-11.0,ascending,212.65727
46.5,-10.75,ascending,212.856
46.5,-10.5,ascending,213.14333
46.5,-10.25,ascending,213.45798
46.5,-10.0,ascending,213.96143
46.5,-9.75,ascending,215.27701
46.5,-9.5,ascending,217.76624
46.5,-9.25,ascending,222.655
46.5,-9.0,ascending,229.48999
46.5,-8.75,ascending,238.04498
46.5,-8.5,ascending,245.61555
46.5,-8.25,ascending,251.93001
46.5,-8.0,ascending,253.26624
46.5,-7.75,ascending,251.43857
46.5,-7.5,ascending,246.36427
46.5,-7.25,ascending,240.74428
46.5,-7.0,ascending,236.47856
46.5,-6.75,ascending,232.84143
46.5,-6.5,ascending,229.59856
46.5,-6.25,ascending,225.31166
46.5,-6.0,ascending,220.64
46.5,-5.75,ascending,217.835
46.5,-5.5,ascending,216.63332
46.5,-5.25,ascending,216.86499
46.5,-5.0,ascending,217.04001
46.5,-4.75,ascending,216.17499
46.5,-4.5,ascending,215.08714
46.5,-4.25,ascending,214.58333
46.5,-4.0,ascending,214.626
46.5,-3.75,ascending,214.765
46.5,-3.5,ascending,214.94167
46.5,-3.25,ascending,215.026
46.5,-3.0,ascending,215.01399
46.5,-2.75,ascending,215.005
46.5,-2.5,ascending,215.385
46.5,-2.25,ascending,218.38799
46.5,-2.0,ascending,231.09999
46.5,-1.75,ascending,252.1875
46.5,-1.5,ascending,271.49142
46.5,-1.25,ascending,284.31998
46.5,-1.0,ascending,288.60165
46.5,-0.75,ascending,291.0057
46.5,-0.5,ascending,291.63397
46.5,-0.25,ascending,291.715
46.5,-0.0,ascending,273.476
46.5,0.25,ascending,291.2614
46.5,0.5,ascending,290.66666
46.5,0.75,ascending,289.96857
46.5,1.0,ascending,288.94833
46.5,1.25,ascending,287.54572
46.5,1.5,ascending,286.97
46.5,1.75,ascending,287.31165
46.5,2.0,ascending,287.95712
46.5,2.25,ascending,288.45166
46.5,2.5,ascending,288.3557
46.5,2.75,ascending,288.88284
46.5,3.0,ascending,289.89285
46.5,3.25,ascending,290.3533
46.5,3.5,ascending,290.65
46.5,3.75,ascending,290.52142
46.5,4.0,ascending,290.32428
46.5,4.25,ascending,289.99374
46.5,4.5,ascending,289.62714
46.5,4.75,ascending,288.38715
46.5,5.0,ascending,287.10284
46.5,5.25,ascending,286.78427
46.5,5.5,ascending,286.3475
46.5,5.75,ascending,284.66714
46.5,6.0,ascending,281.0975
46.5,6.25,ascending,277.68124
46.5,6.5,ascending,275.016
46.5,6.75,ascending,275.57623
46.5,7.0,ascending,278.00998
46.5,7.25,ascending,278.401
46.5,7.5,ascending,277.266
46.5,7.75,ascending,276.34308
46.5,8.0,ascending,275.92783
46.5,8.25,ascending,277.08383
46.5,8.5,ascending,278.92175
46.5,8.75,ascending,280.3084
46.5,9.0,ascending,280.91788
46.5,12.25,ascending,282.84
46.5,12.5,ascending,283.25998
46.5,12.75,ascending,283.55466
46.5,13.0,ascending,283.7475
46.5,13.25,ascending,283.62915
46.5,13.5,ascending,283.46414
46.5,13.75,ascending,282.952
46.5,14.0,ascending,282.50555
46.5,14.25,ascending,282.47272
46.5,14.5,ascending,282.69556
46.5,14.75,ascending,283.2911
46.5,15.0,ascending,284.16125
46.5,15.25,ascending,284.45428
46.5,15.5,ascending,284.25998
46.5,15.75,ascending,283.4725
46.5,16.0,ascending,282.4811
46.5,16.25,ascending,281.59665
46.5,16.5,ascending,281.29498
46.5,16.75,ascending,281.32498
46.5,17.0,ascending,281.27
46.5,17.25,ascending,280.51874
46.5,17.5,ascending,279.10715
46.5,17.75,ascending,277.66998
46.5,18.0,ascending,276.80426
46.5,18.25,ascending,276.4943
46.5,18.5,ascending,277.08713
46.5,18.75,ascending,277.59714
46.5,19.0,ascending,278.33667
46.5,19.25,ascending,279.39835
46.5,19.5,ascending,280.71
46.5,19.75,ascending,280.97165
46.5,20.0,ascending,279.2357
46.5,20.25,ascending,276.68167
46.5,20.5,ascending,274.99667
46.5,20.75,ascending,274.25998
46.5,21.0,ascending,274.40665
46.5,21.25,ascending,275.69498
46.5,21.5,ascending,277.762
46.5,21.75,ascending,279.60333
46.5,22.0,ascending,279.94833
46.5,22.25,ascending,279.58
46.5,22.5,ascending,279.47714
46.5,22.75,ascending,279.46335
46.5,23.0,ascending,278.95856
46.5,23.25,ascending,277.44
46.5,23.5,ascending,276.09143
46.5,23.75,ascending,275.59167
46.5,24.0,ascending,275.06332
46.5,24.25,ascending,273.82285
46.5,24.5,ascending,274.146
46.5,24.75,ascending,275.788
46.5,25.0,ascending,277.58
46.5,25.25,ascending,278.40286
46.5,25.5,ascending,277.65
46.5,25.75,ascending,273.87997
46.5,26.0,ascending,270.09833
46.5,26.25,ascending,271.03665
46.5,26.5,ascending,274.4283
46.5,26.75,ascending,275.27
46.5,27.0,ascending,275.69
46.5,27.25,ascending,277.5533
46.5,27.5,ascending,280.15143
46.5,27.75,ascending,282.16666
46.5,28.0,ascending,284.3557
46.5,28.25,ascending,286.62
46.5,28.5,ascending,288.37143
46.5,28.75,ascending,289.47427
46.5,29.0,ascending,290.48373
46.5,29.25,ascending,291.37
46.5,29.5,ascending,292.6357
46.5,29.75,ascending,293.815
46.5,30.0,ascending,293.48712
46.5,30.25,ascending,291.16714
46.5,30.5,ascending,285.39374
46.5,30.75,ascending,275.68
46.5,31.0,ascending,266.47714
46.5,31.25,ascending,262.818
46.5,31.5,ascending,259.167
46.5,31.75,ascending,263.89667
46.5,32.0,ascending,273.2118
46.5,32.25,ascending,282.45697
46.5,32.5,ascending,290.31998
46.5,32.75,ascending,294.03076
46.5,33.0,ascending,294.8725
46.5,33.25,ascending,295.3257
46.5,33.5,ascending,296.25284
46.5,33.75,ascending,296.41498
46.5,37.0,ascending,225.53271
46.5,37.25,ascending,222.83
46.5,37.5,ascending,223.23732
46.5,37.75,ascending,229.08229
46.5,38.0,ascending,237.63124
46.75,-12.75,ascending,213.28
46.75,-12.5,ascending,212.92175
46.75,-12.25,ascending,212.782
46.75,-12.0,ascending,212.6993
46.75,-11.75,ascending,212.54915
46.75,-11.5,ascending,212.33333
46.75,-11.25,ascending,212.26599
46.75,-11.0,ascending,212.37636
46.75,-10.75,ascending,212.67444
46.75,-10.5,ascending,213.07333
46.75,-10.25,ascending,213.48334
46.75,-10.0,ascending,213.91888
46.75,-9.75,ascending,214.79375
46.75,-9.5,ascending,216.8925
46.75,-9.25,ascending,221.48714
46.75,-9.0,ascending,227.19142
46.75,-8.75,ascending,236.5925
46.75,-8.5,ascending,245.40714
46.75,-8.25,ascending,251.28499
46.75,-8.0,ascending,253.92429
46.75,-7.75,ascending,253.21498
46.75,-7.5,ascending,249.45999
46.75,-7.25,ascending,244.77
46.75,-7.0,ascending,240.93834
46.75,-6.75,ascending,236.375
46.75,-6.5,ascending,231.71999
46.75,-6.25,ascending,226.17142
46.75,-6.0,ascending,221.35333
46.75,-5.75,ascending,218.326
46.75,-5.5,ascending,217.26428
46.75,-5.25,ascending,217.58427
46.75,-5.0,ascending,217.44666
46.75,-4.75,ascending,216.45833
46.75,-4.5,ascending,215.29001
46.75,-4.25,ascending,214.52501
46.75,-4.0,ascending,214.235
46.75,-3.75,ascending,214.182
46.75,-3.5,ascending,214.31166
46.75,-3.25,ascending,214.635
46.75,-3.0,ascending,215.08667
46.75,-2.75,ascending,215.33
46.75,-2.5,ascending,216.85664
46.75,-2.25,ascending,225.80856
46.75,-2.0,ascending,242.5725
46.75,-1.75,ascending,270.09857
46.75,-1.5,ascending,285.38397
46.75,-1.25,ascending,290.35602
46.75,-1.0,ascending,291.49857
46.75,-0.75,ascending,291.86
46.75,-0.5,ascending,292.1733
46.75,-0.25,ascending,292.365
46.75,-0.0,ascending,281.80334
46.75,0.25,ascending,291.83667
46.75,0.5,ascending,291.41333
46.75,0.75,ascending,291.02167
46.75,1.0,ascending,290.51166
46.75,1.25,ascending,289.58572
46.75,1.5,ascending,288.73856
46.75,1.75,ascending,288.775
46.75,2.0,ascending,288.91165
46.75,2.25,ascending,289.052
46.75,2.5,ascending,289.24286
46.75,2.75,ascending,289.71
46.75,3.0,ascending,290.25
46.75,3.25,ascending,290.55713
46.75,3.5,ascending,290.73
46.75,3.75,ascending,290.37
46.75,4.0,ascending,289.87286
46.75,4.25,ascending,289.78333
46.75,4.5,ascending,289.75
46.75,4.75,ascending,288.975
46.75,5.0,ascending,287.88998
46.75,5.25,ascending,287.56143
46.75,5.5,ascending,287.53125
46.75,5.75,ascending,286.89374
46.75,6.0,ascending,284.858
46.75,6.25,ascending,282.0557
46.75,6.5,ascending,279.41
46.75,6.75,ascending,278.215
46.75,7.0,ascending,279.94
46.75,7.25,ascending,281.74445
46.75,7.5,ascending,282.14
46.75,7.75,ascending,281.564
46.75,8.0,ascending,279.6
46.75,8.25,ascending,278.03076
46.75,8.5,ascending,278.0959
46.75,8.75,ascending,278.86578
46.75,9.0,ascending,279.422
46.75,12.0,ascending,282.31
46.75,12.25,ascending,282.68375
46.75,12.5,ascending,282.7847
46.75,12.75,ascending,283.1554
46.75,13.0,ascending,283.46332
46.75,13.25,ascending,283.57083
46.75,13.5,ascending,283.34543
46.75,13.75,ascending,283.29553
46.75,14.0,ascending,283.184
46.75,14.25,ascending,283.5622
46.75,14.5,ascending,283.89142
46.75,14.75,ascending,284.333
46.75,15.0,ascending,284.82285
46.75,15.25,ascending,284.80124
46.75,15.5,ascending,284.45248
46.75,15.75,ascending,283.59143
46.75,16.0,ascending,283.17856
46.75,16.25,ascending,282.6443
46.75,16.5,ascending,282.8643
46.75,16.75,ascending,282.355
46.75,17.0,ascending,281.18375
46.75,17.25,ascending,279.405
46.75,17.5,ascending,277.59332
46.75,17.75,ascending,276.06165
46.75,18.0,ascending,275.255
46.75,18.25,ascending,275.03
46.75,18.5,ascending,276.16
46.75,18.75,ascending,277.62833
46.75,19.0,ascending,278.55
46.75,19.25,ascending,279.75998
46.75,19.5,ascending,281.146
46.75,19.75,ascending,281.10165
46.75,20.0,ascending,279.198
46.75,20.25,ascending,276.702
46.75,20.5,ascending,274.58
46.75,20.75,ascending,273.656
46.75,21.0,ascending,274.07333
46.75,21.25,ascending,275.91833
46.75,21.5,ascending,278.13
46.75,21.75,ascending,279.41666
46.75,22.0,ascending,279.546
46.75,22.25,ascending,279.70667
46.75,22.5,ascending,279.996
46.75,22.75,ascending,280.17667
46.75,23.0,ascending,279.90997
46.75,23.25,ascending,278.72333
46.75,23.5,ascending,277.05
46.75,23.75,ascending,276.55402
46.75,24.0,ascending,275.45856
46.75,24.25,ascending,274.1325
46.75,24.5,ascending,274.494
46.75,24.75,ascending,275.27332
46.75,25.0,ascending,276.165
46.75,25.25,ascending,277.38284
46.75,25.5,ascending,277.18497
46.75,25.75,ascending,274.39285
46.75,26.0,ascending,272.04572
46.75,26.25,ascending,272.895
46.75,26.5,ascending,273.716
46.75,26.75,ascending,272.792
46.75,27.0,ascending,273.47427
46.75,27.25,ascending,277.01572
46.75,27.5,ascending,280.274
46.75,27.75,ascending,282.79428
46.75,28.0,ascending,285.44498
46.75,28.25,ascending,287.175
46.75,28.5,ascending,288.1843
46.75,28.75,ascending,288.59665
46.75,29.0,ascending,288.98428
46.75,29.25,ascending,290.22
46.75,29.5,ascending,292.35666
46.75,29.75,ascending,294.51166
46.75,30.0,ascending,295.32874
46.75,30.25,ascending,295.0411
46.75,30.5,ascending,293.96332
46.75,30.75,ascending,291.6925
46.75,31.0,ascending,287.406
46.75,31.25,ascending,286.25714
46.75,31.5,ascending,284.881
46.75,31.75,ascending,283.803
46.75,32.0,ascending,286.83374
46.75,32.25,ascending,290.5327
46.75,32.5,ascending,294.9825
46.75,32.75,ascending,296.5575
46.75,33.0,ascending,296.1443
46.75,33.25,ascending,293.27353
46.75,33.5,ascending,292.38818
46.75,33.75,ascending,293.58728
46.75,36.75,ascending,250.75
46.75,37.0,ascending,245.72896
46.75,37.25,ascending,236.66922
46.75,37.5,ascending,231.918
46.75,37.75,ascending,233.30666
46.75,38.0,ascending,236.27571
47.0,-12.75,ascending,213.54668
47.0,-12.5,ascending,213.37866
47.0,-12.25,ascending,213.20932
47.0,-12.0,ascending,213.12152
47.0,-11.75,ascending,212.90201
47.0,-11.5,ascending,212.70636
47.0,-11.25,ascending,212.51363
47.0,-11.0,ascending,212.606
47.0,-10.75,ascending,212.82555
47.0,-10.5,ascending,213.25798
47.0,-10.25,ascending,213.65625
47.0,-10.0,ascending,214.01888
47.0,-9.75,ascending,214.45999
47.0,-9.5,ascending,215.95857
47.0,-9.25,ascending,218.97874
47.0,-9.0,ascending,224.62428
47.0,-8.75,ascending,232.3525
47.0,-8.5,ascending,241.08374
47.0,-8.25,ascending,247.61143
47.0,-8.0,ascending,251.45142
47.0,-7.75,ascending,252.03572
47.0,-7.5,ascending,251.37143
47.0,-7.25,ascending,248.44858
47.0,-7.0,ascending,244.12834
47.0,-6.75,ascending,238.93571
47.0,-6.5,ascending,233.37285
47.0,-6.25,ascending,228.24857
47.0,-6.0,ascending,222.90666
47.0,-5.75,ascending,219.34
47.0,-5.5,ascending,217.64667
47.0,-5.25,ascending,217.374
47.0,-5.0,ascending,217.12
47.0,-4.75,ascending,216.406
47.0,-4.5,ascending,215.38399
47.0,-4.25,ascending,214.47833
47.0,-4.0,ascending,213.91856
47.0,-3.75,ascending,213.876
47.0,-3.5,ascending,214.4257
47.0,-3.25,ascending,215.75601
47.0,-3.0,ascending,217.43666
47.0,-2.75,ascending,219.28
47.0,-2.5,ascending,224.94199
47.0,-2.25,ascending,240.97667
47.0,-2.0,ascending,262.38834
47.0,-1.75,ascending,282.10333
47.0,-1.5,ascending,289.33667
47.0,-1.25,ascending,291.41428
47.0,-1.0,ascending,291.9925
47.0,-0.75,ascending,292.18283
47.0,-0.5,ascending,292.30167
47.0,-0.25,ascending,292.33286
47.0,-0.0,ascending,276.5425
47.0,0.25,ascending,291.966
47.0,0.5,ascending,291.5675
47.0,0.75,ascending,291.224
47.0,1.0,ascending,290.935
47.0,1.25,ascending,290.51498
47.0,1.5,ascending,290.165
47.0,1.75,ascending,289.84283
47.0,2.0,ascending,289.58
47.0,2.25,ascending,289.352
47.0,2.5,ascending,289.41714
47.0,2.75,ascending,289.89285
47.0,3.0,ascending,290.12997
47.0,3.25,ascending,290.21832
47.0,3.5,ascending,290.44
47.0,3.75,ascending,290.31
47.0,4.0,ascending,289.79715
47.0,4.25,ascending,289.99286
47.0,4.5,ascending,290.26712
47.0,4.75,ascending,289.7175
47.0,5.0,ascending,288.63998
47.0,5.25,ascending,288.19998
47.0,5.5,ascending,287.96857
47.0,5.75,ascending,287.74142
47.0,6.0,ascending,287.27625
47.0,6.25,ascending,286.121
47.0,6.5,ascending,284.33444
47.0,6.75,ascending,282.86
47.0,7.0,ascending,282.13397
47.0,7.25,ascending,283.52637
47.0,7.5,ascending,285.0491
47.0,7.75,ascending,285.02585
47.0,8.0,ascending,283.4593
47.0,8.25,ascending,280.85498
47.0,8.5,ascending,279.662
47.0,8.75,ascending,279.9181
47.0,9.0,ascending,280.25223
47.0,12.0,ascending,280.8975
47.0,12.25,ascending,280.82
47.0,12.5,ascending,280.25134
47.0,12.75,ascending,280.625
47.0,13.0,ascending,281.25183
47.0,13.25,ascending,281.51584
47.0,13.5,ascending,282.063
47.0,13.75,ascending,282.69
47.0,14.0,ascending,283.362
47.0,14.25,ascending,284.03888
47.0,14.5,ascending,284.5875
47.0,14.75,ascending,285.05
47.0,15.0,ascending,285.40625
47.0,15.25,ascending,285.41443
47.0,15.5,ascending,285.08
47.0,15.75,ascending,284.56427
47.0,16.0,ascending,284.3
47.0,16.25,ascending,283.92123
47.0,16.5,ascending,283.35498
47.0,16.75,ascending,282.35373
47.0,17.0,ascending,281.13998
47.0,17.25,ascending,280.17502
47.0,17.5,ascending,279.4057
47.0,17.75,ascending,278.05875
47.0,18.0,ascending,276.63666
47.0,18.25,ascending,276.66165
47.0,18.5,ascending,277.77164
47.0,18.75,ascending,278.40857
47.0,19.0,ascending,279.045
47.0,19.25,ascending,280.288
47.0,19.5,ascending,281.47858
47.0,19.75,ascending,281.2683
47.0,20.0,ascending,279.3557
47.0,20.25,ascending,276.63333
47.0,20.5,ascending,274.628
47.0,20.75,ascending,274.31
47.0,21.0,ascending,275.25168
47.0,21.25,ascending,277.23398
47.0,21.5,ascending,278.665
47.0,21.75,ascending,279.27
47.0,22.0,ascending,279.9243
47.0,22.25,ascending,280.43
47.0,22.5,ascending,280.89285
47.0,22.75,ascending,281.26498
47.0,23.0,ascending,281.34
47.0,23.25,ascending,280.65997
47.0,23.5,ascending,279.57166
47.0,23.75,ascending,279.01285
47.0,24.0,ascending,277.365
47.0,24.25,ascending,275.5257
47.0,24.5,ascending,274.57666
47.0,24.75,ascending,274.27
47.0,25.0,ascending,274.99332
47.0,25.25,ascending,276.30167
47.0,25.5,ascending,276.22427
47.0,25.75,ascending,274.62332
47.0,26.0,ascending,273.34714
47.0,26.25,ascending,272.50168
47.0,26.5,ascending,271.5557
47.0,26.75,ascending,270.88
47.0,27.0,ascending,272.99142
47.0,27.25,ascending,276.755
47.0,27.5,ascending,280.55283
47.0,27.75,ascending,283.46164
47.0,28.0,ascending,285.6875
47.0,28.25,ascending,287.32428
47.0,28.5,ascending,288.00427
47.0,28.75,ascending,288.07428
47.0,29.0,ascending,288.505
47.0,29.25,ascending,290.19748
47.0,29.5,ascending,292.75
47.0,29.75,ascending,294.80142
47.0,30.0,ascending,296.10126
47.0,30.25,ascending,296.59833
47.0,30.5,ascending,296.53
47.0,30.75,ascending,296.01855
47.0,31.0,ascending,295.22873
47.0,31.25,ascending,294.301
47.0,31.5,ascending,293.9575
47.0,31.75,ascending,293.06198
47.0,32.0,ascending,293.12817
47.0,32.25,ascending,295.3582
47.0,32.5,ascending,297.73416
47.0,32.75,ascending,298.9269
47.0,33.0,ascending,299.00732
47.0,33.25,ascending,296.305
47.0,33.5,ascending,292.3643
47.0,33.75,ascending,291.13126
47.0,36.75,ascending,281.62997
47.0,37.0,ascending,279.06647
47.0,37.25,ascending,269.83914
47.0,37.5,ascending,258.7408
47.0,37.75,ascending,254.95847
47.0,38.0,ascending,251.90498
47.25,-13.0,ascending,214.29399
47.25,-12.75,ascending,213.94249
47.25,-12.5,ascending,213.69199
47.25,-12.25,ascending,213.53784
47.25,-12.0,ascending,213.4277
47.25,-11.75,ascending,213.34273
47.25,-11.5,ascending,213.26498
47.25,-11.25,ascending,213.14091
47.25,-11.0,ascending,213.09
47.25,-10.75,ascending,213.01375
47.25,-10.5,ascending,213.17
47.25,-10.25,ascending,213.41142
47.25,-10.0,ascending,213.7111
47.25,-9.75,ascending,213.79285
47.25,-9.5,ascending,214.61714
47.25,-9.25,ascending,216.32875
47.25,-9.0,ascending,220.97427
47.25,-8.75,ascending,225.3
47.25,-8.5,ascending,233.43143
47.25,-8.25,ascending,240.60167
47.25,-8.0,ascending,248.26
47.25,-7.75,ascending,253.56999
47.25,-7.5,ascending,256.06665
47.25,-7.25,ascending,252.75166
47.25,-7.0,ascending,246.38666
47.25,-6.75,ascending,239.84
47.25,-6.5,ascending,235.04
47.25,-6.25,ascending,230.668
47.25,-6.0,ascending,225.90141
47.25,-5.75,ascending,220.575
47.25,-5.5,ascending,217.878
47.25,-5.25,ascending,217.05666
47.25,-5.0,ascending,216.98167
47.25,-4.75,ascending,216.56834
47.25,-4.5,ascending,215.51
47.25,-4.25,ascending,215.00832
47.25,-4.0,ascending,215.39833
47.25,-3.75,ascending,216.25
47.25,-3.5,ascending,218.424
47.25,-3.25,ascending,222.44199
47.25,-3.0,ascending,228.58833
47.25,-2.75,ascending,233.70999
47.25,-2.5,ascending,245.40714
47.25,-2.25,ascending,265.7375
47.25,-2.0,ascending,278.65997
47.25,-1.75,ascending,289.006
47.25,-1.5,ascending,291.22
47.25,-1.25,ascending,291.9375
47.25,-1.0,ascending,292.2333
47.25,-0.75,ascending,292.12665
47.25,-0.5,ascending,291.99167
47.25,-0.25,ascending,291.9925
47.25,-0.0,ascending,277.71777
47.25,0.25,ascending,291.8633
47.25,0.5,ascending,291.47714
47.25,0.75,ascending,291.00168
47.25,1.0,ascending,290.81332
47.25,1.25,ascending,290.74142
47.25,1.5,ascending,290.6425
47.25,1.75,ascending,290.29666
47.25,2.0,ascending,290.03714
47.25,2.25,ascending,289.72833
47.25,2.5,ascending,289.636
47.25,2.75,ascending,289.86832
47.25,3.0,ascending,290.04
47.25,3.25,ascending,289.9857
47.25,3.5,ascending,290.055
47.25,3.75,ascending,290.14285
47.25,4.0,ascending,289.76285
47.25,4.25,ascending,289.85
47.25,4.5,ascending,290.07166
47.25,4.75,ascending,289.7143
47.25,5.0,ascending,289.3175
47.25,5.25,ascending,289.02164
47.25,5.5,ascending,288.64444
47.25,5.75,ascending,288.13666
47.25,6.0,ascending,287.805
47.25,6.25,ascending,287.3943
47.25,6.5,ascending,286.79666
47.25,6.75,ascending,286.189
47.25,7.0,ascending,285.3622
47.25,7.25,ascending,285.377
47.25,7.5,ascending,285.79727
47.25,7.75,ascending,286.01083
47.25,8.0,ascending,285.22165
47.25,8.25,ascending,283.67
47.25,8.5,ascending,282.1005
47.25,8.75,ascending,281.9395
47.25,9.0,ascending,282.215
47.25,11.75,ascending,282.115
47.25,12.0,ascending,281.41068
47.25,12.25,ascending,281.41766
47.25,12.5,ascending,281.2723
47.25,12.75,ascending,281.3309
47.25,13.0,ascending,281.38
47.25,13.25,ascending,282.36273
47.25,13.5,ascending,282.69
47.25,13.75,ascending,283.011
47.25,14.0,ascending,283.38556
47.25,14.25,ascending,283.81625
47.25,14.5,ascending,284.46332
47.25,14.75,ascending,285.0075
47.25,15.0,ascending,285.5414
47.25,15.25,ascending,285.73856
47.25,15.5,ascending,285.7457
47.25,15.75,ascending,285.5289
47.25,16.0,ascending,285.15332
47.25,16.25,ascending,284.5257
47.25,16.5,ascending,283.39142
47.25,16.75,ascending,282.1733
47.25,17.0,ascending,281.2975
47.25,17.25,ascending,280.94998
47.25,17.5,ascending,280.6033
47.25,17.75,ascending,280.06497
47.25,18.0,ascending,279.37167
47.25,18.25,ascending,279.06714
47.25,18.5,ascending,279.14334
47.25,18.75,ascending,279.37
47.25,19.0,ascending,280.06143
47.25,19.25,ascending,281.01834
47.25,19.5,ascending,281.57834
47.25,19.75,ascending,281.06284
47.25,20.0,ascending,279.37833
47.25,20.25,ascending,277.44998
47.25,20.5,ascending,276.04666
47.25,20.75,ascending,275.818
47.25,21.0,ascending,276.75833
47.25,21.25,ascending,278.10165
47.25,21.5,ascending,279.06
47.25,21.75,ascending,279.852
47.25,22.0,ascending,280.84198
47.25,22.25,ascending,281.34164
47.25,22.5,ascending,281.706
47.25,22.75,ascending,282.21664
47.25,23.0,ascending,282.5
47.25,23.25,ascending,281.9283
47.25,23.5,ascending,281.3933
47.25,23.75,ascending,280.0825
47.25,24.0,ascending,277.47858
47.25,24.25,ascending,275.19333
47.25,24.5,ascending,273.91714
47.25,24.75,ascending,273.564
47.25,25.0,ascending,274.43597
47.25,25.25,ascending,275.415
47.25,25.5,ascending,275.01
47.25,25.75,ascending,273.5625
47.25,26.0,ascending,272.75714
47.25,26.25,ascending,272.14664
47.25,26.5,ascending,271.24286
47.25,26.75,ascending,272.22833
47.25,27.0,ascending,275.78198
47.25,27.25,ascending,278.37167
47.25,27.5,ascending,281.19427
47.25,27.75,ascending,283.78143
47.25,28.0,ascending,285.874
47.25,28.25,ascending,287.15332
47.25,28.5,ascending,288.05
47.25,28.75,ascending,288.54428
47.25,29.0,ascending,288.98248
47.25,29.25,ascending,291.09427
47.25,29.5,ascending,293.33286
47.25,29.75,ascending,295.04874
47.25,30.0,ascending,296.13873
47.25,30.25,ascending,296.67624
47.25,30.5,ascending,296.81625
47.25,30.75,ascending,296.57556
47.25,31.0,ascending,296.06442
47.25,31.25,ascending,295.26874
47.25,31.5,ascending,294.48297
47.25,31.75,ascending,293.94556
47.25,32.0,ascending,294.20444
47.25,32.25,ascending,295.41272
47.25,32.5,ascending,296.84
47.25,32.75,ascending,297.9025
47.25,33.0,ascending,298.452
47.25,33.25,ascending,298.0547
47.25,33.5,ascending,295.67792
47.25,33.75,ascending,294.14
47.25,36.5,ascending,295.19666
47.25,36.75,ascending,295.5755
47.25,37.0,ascending,295.84583
47.25,37.25,ascending,292.97427
47.25,37.5,ascending,288.1169
47.25,37.75,ascending,288.968
47.25,38.0,ascending,285.2333
47.5,-13.0,ascending,214.87166
47.5,-12.75,ascending,214.57733
47.5,-12.5,ascending,214.16266
47.5,-12.25,ascending,213.95152
47.5,-12.0,ascending,213.78271
47.5,-11.75,ascending,213.753
47.5,-11.5,ascending,213.778
47.5,-11.25,ascending,213.77728
47.5,-11.0,ascending,213.64555
47.5,-10.75,ascending,213.37999
47.5,-10.5,ascending,213.21625
47.5,-10.25,ascending,213.075
47.5,-10.0,ascending,213.0725
47.5,-9.75,ascending,213.16856
47.5,-9.5,ascending,213.71
47.5,-9.25,ascending,214.65572
47.5,-9.0,ascending,216.78
47.5,-8.75,ascending,220.10333
47.5,-8.5,ascending,227.25223
47.5,-8.25,ascending,237.95
47.5,-8.0,ascending,246.91713
47.5,-7.75,ascending,255.63284
47.5,-7.5,ascending,257.88666
47.5,-7.25,ascending,254.10857
47.5,-7.0,ascending,246.59714
47.5,-6.75,ascending,240.0
47.5,-6.5,ascending,235.85143
47.5,-6.25,ascending,232.876
47.5,-6.0,ascending,228.43333
47.5,-5.75,ascending,223.28499
47.5,-5.5,ascending,219.32143
47.5,-5.25,ascending,217.87834
47.5,-5.0,ascending,217.4357
47.5,-4.75,ascending,216.73332
47.5,-4.5,ascending,216.70833
47.5,-4.25,ascending,219.21
47.5,-4.0,ascending,224.25166
47.5,-3.75,ascending,228.18666
47.5,-3.5,ascending,235.01999
47.5,-3.25,ascending,242.376
47.5,-3.0,ascending,252.555
47.5,-2.75,ascending,260.0114
47.5,-2.5,ascending,271.42798
47.5,-2.25,ascending,281.54166
47.5,-2.0,ascending,288.43
47.5,-1.75,ascending,291.08
47.5,-1.5,ascending,291.94833
47.5,-1.25,ascending,292.14835
47.5,-1.0,ascending,292.09
47.5,-0.75,ascending,291.874
47.5,-0.5,ascending,291.844
47.5,-0.25,ascending,291.94165
47.5,-0.0,ascending,277.6089
47.5,0.25,ascending,291.8583
47.5,0.5,ascending,291.4114
47.5,0.75,ascending,290.87
47.5,1.0,ascending,290.6443
47.5,1.25,ascending,290.8
47.5,1.5,ascending,290.87332
47.5,1.75,ascending,290.545
47.5,2.0,ascending,290.25
47.5,2.25,ascending,290.09714
47.5,2.5,ascending,289.8943
47.5,2.75,ascending,289.91
47.5,3.0,ascending,290.01663
47.5,3.25,ascending,290.0057
47.5,3.5,ascending,289.87143
47.5,3.75,ascending,289.87
47.5,4.0,ascending,289.84
47.5,4.25,ascending,289.69998
47.5,4.5,ascending,289.60748
47.5,4.75,ascending,289.2143
47.5,5.0,ascending,289.23123
47.5,5.25,ascending,289.60873
47.5,5.5,ascending,289.63373
47.5,5.75,ascending,289.0725
47.5,6.0,ascending,288.5133
47.5,6.25,ascending,287.9522
47.5,6.5,ascending,287.3678
47.5,6.75,ascending,286.78625
47.5,7.0,ascending,286.165
47.5,7.25,ascending,285.86273
47.5,7.5,ascending,286.20364
47.5,7.75,ascending,286.62082
47.5,8.0,ascending,286.48798
47.5,8.25,ascending,285.49063
47.5,8.5,ascending,284.00354
47.5,8.75,ascending,282.80957
47.5,9.0,ascending,282.47
47.5,11.5,ascending,282.87
47.5,11.75,ascending,283.214
47.5,12.0,ascending,283.55267
47.5,12.25,ascending,284.0625
47.5,12.5,ascending,284.165
47.5,12.75,ascending,283.872
47.5,13.0,ascending,283.57584
47.5,13.25,ascending,283.34222
47.5,13.5,ascending,283.142
47.5,13.75,ascending,283.1
47.5,14.0,ascending,283.041
47.5,14.25,ascending,283.37714
47.5,14.5,ascending,283.91635
47.5,14.75,ascending,284.45142
47.5,15.0,ascending,285.0257
47.5,15.25,ascending,285.12714
47.5,15.5,ascending,285.495
47.5,15.75,ascending,285.42
47.5,16.0,ascending,285.20624
47.5,16.25,ascending,284.4714
47.5,16.5,ascending,283.20285
47.5,16.75,ascending,281.60715
47.5,17.0,ascending,280.21667
47.5,17.25,ascending,280.00714
47.5,17.5,ascending,279.86142
47.5,17.75,ascending,279.605
47.5,18.0,ascending,279.044
47.5,18.25,ascending,279.01855
47.5,18.5,ascending,279.52286
47.5,18.75,ascending,280.18167
47.5,19.0,ascending,280.75
47.5,19.25,ascending,281.26166
47.5,19.5,ascending,281.494
47.5,19.75,ascending,281.09198
47.5,20.0,ascending,280.18597
47.5,20.25,ascending,279.32666
47.5,20.5,ascending,278.34833
47.5,20.75,ascending,277.74832
47.5,21.0,ascending,278.4883
47.5,21.25,ascending,278.98166
47.5,21.5,ascending,279.31332
47.5,21.75,ascending,280.37997
47.5,22.0,ascending,281.68
47.5,22.25,ascending,282.19284
47.5,22.5,ascending,282.52832
47.5,22.75,ascending,283.165
47.5,23.0,ascending,283.17667
47.5,23.25,ascending,282.72165
47.5,23.5,ascending,281.495
47.5,23.75,ascending,279.09332
47.5,24.0,ascending,276.07333
47.5,24.25,ascending,273.94284
47.5,24.5,ascending,273.31
47.5,24.75,ascending,273.06
47.5,25.0,ascending,273.68167
47.5,25.25,ascending,274.56497
47.5,25.5,ascending,274.07285
47.5,25.75,ascending,272.66
47.5,26.0,ascending,273.10498
47.5,26.25,ascending,274.16833
47.5,26.5,ascending,274.80856
47.5,26.75,ascending,276.00665
47.5,27.0,ascending,278.16428
47.5,27.25,ascending,280.01498
47.5,27.5,ascending,281.90332
47.5,27.75,ascending,284.01572
47.5,28.0,ascending,285.78427
47.5,28.25,ascending,286.965
47.5,28.5,ascending,288.03714
47.5,28.75,ascending,289.10333
47.5,29.0,ascending,290.15427
47.5,29.25,ascending,291.62143
47.5,29.5,ascending,293.51498
47.5,29.75,ascending,294.68716
47.5,30.0,ascending,295.55
47.5,30.25,ascending,296.01712
47.5,30.5,ascending,296.13873
47.5,30.75,ascending,295.83002
47.5,31.0,ascending,295.1211
47.5,31.25,ascending,294.28778
47.5,31.5,ascending,293.293
47.5,31.75,ascending,292.6891
47.5,32.0,ascending,292.74362
47.5,32.25,ascending,293.36002
47.5,32.5,ascending,294.20166
47.5,32.75,ascending,294.91998
47.5,33.0,ascending,295.44812
47.5,33.25,ascending,295.9833
47.5,33.5,ascending,295.52365
47.5,36.25,ascending,299.16
47.5,36.5,ascending,298.648
47.5,36.75,ascending,298.83466
47.5,37.0,ascending,298.645
47.5,37.25,ascending,298.2425
47.5,37.5,ascending,297.73
47.5,37.75,ascending,297.542
47.5,38.0,ascending,296.93668
47.75,-13.0,ascending,215.385
47.75,-12.75,ascending,215.15616
47.75,-12.5,ascending,214.68999
47.75,-12.25,ascending,214.31334
47.75,-12.0,ascending,214.02272
47.75,-11.75,ascending,214.00111
47.75,-11.5,ascending,214.12726
47.75,-11.25,ascending,214.2711
47.75,-11.0,ascending,214.185
47.75,-10.75,ascending,213.87999
47.75,-10.5,ascending,213.58499
47.75,-10.25,ascending,213.10143
47.75,-10.0,ascending,212.8425
47.75,-9.75,ascending,212.92125
47.75,-9.5,ascending,213.27875
47.75,-9.25,ascending,213.84499
47.75,-9.0,ascending,214.9557
47.75,-8.75,ascending,217.8243
47.75,-8.5,ascending,222.80666
47.75,-8.25,ascending,232.41
47.75,-8.0,ascending,243.16833
47.75,-7.75,ascending,250.78285
47.75,-7.5,ascending,254.42665
47.75,-7.25,ascending,249.23
47.75,-7.0,ascending,243.788
47.75,-6.75,ascending,239.46571
47.75,-6.5,ascending,237.53667
47.75,-6.25,ascending,235.55833
47.75,-6.0,ascending,231.34856
47.75,-5.75,ascending,225.68001
47.75,-5.5,ascending,221.656
47.75,-5.25,ascending,219.42998
47.75,-5.0,ascending,218.16399
47.75,-4.75,ascending,217.754
47.75,-4.5,ascending,221.35834
47.75,-4.25,ascending,230.385
47.75,-4.0,ascending,245.97333
47.75,-3.75,ascending,254.05833
47.75,-3.5,ascending,262.37997
47.75,-3.25,ascending,269.84665
47.75,-3.0,ascending,277.02997
47.75,-2.75,ascending,281.166
47.75,-2.5,ascending,285.07855
47.75,-2.25,ascending,288.5525
47.75,-2.0,ascending,290.31284
47.75,-1.75,ascending,291.27
47.75,-1.5,ascending,291.54498
47.75,-1.25,ascending,291.5533
47.75,-1.0,ascending,291.65
47.75,-0.75,ascending,291.69333
47.75,-0.5,ascending,291.905
47.75,-0.25,ascending,292.10858
47.75,-0.0,ascending,278.82623
47.75,0.25,ascending,291.98166
47.75,0.5,ascending,291.63834
47.75,0.75,ascending,291.205
47.75,1.0,ascending,290.78998
47.75,1.25,ascending,290.79
47.75,1.5,ascending,291.06665
47.75,1.75,ascending,290.81332
47.75,2.0,ascending,290.414
47.75,2.25,ascending,290.33334
47.75,2.5,ascending,290.14166
47.75,2.75,ascending,289.8657
47.75,3.0,ascending,289.89664
47.75,3.25,ascending,289.99167
47.75,3.5,ascending,289.83167
47.75,3.75,ascending,289.63998
47.75,4.0,ascending,289.52
47.75,4.25,ascending,289.51428
47.75,4.5,ascending,289.42374
47.75,4.75,ascending,289.19833
47.75,5.0,ascending,289.135
47.75,5.25,ascending,289.61285
47.75,5.5,ascending,290.09283
47.75,5.75,ascending,289.94626
47.75,6.0,ascending,289.3514
47.75,6.25,ascending,288.7125
47.75,6.5,ascending,288.15442
47.75,6.75,ascending,287.43887
47.75,7.0,ascending,286.62778
47.75,7.25,ascending,285.705
47.75,7.5,ascending,285.8309
47.75,7.75,ascending,286.95538
47.75,8.0,ascending,287.65
47.75,8.25,ascending,287.33142
47.75,8.5,ascending,286.4142
47.75,8.75,ascending,285.00522
47.75,11.5,ascending,282.64545
47.75,11.75,ascending,283.04123
47.75,12.0,ascending,283.33356
47.75,12.25,ascending,283.34332
47.75,12.5,ascending,283.355
47.75,12.75,ascending,283.2409
47.75,13.0,ascending,282.66998
47.75,13.25,ascending,282.2622
47.75,13.5,ascending,282.0911
47.75,13.75,ascending,282.002
47.75,14.0,ascending,281.96143
47.75,14.25,ascending,282.52625
47.75,14.5,ascending,282.98444
47.75,14.75,ascending,283.42834
47.75,15.0,ascending,283.81335
47.75,15.25,ascending,283.98248
47.75,15.5,ascending,284.36002
47.75,15.75,ascending,284.4814
47.75,16.0,ascending,284.29428
47.75,16.25,ascending,283.56665
47.75,16.5,ascending,281.74286
47.75,16.75,ascending,279.61856
47.75,17.0,ascending,278.35666
47.75,17.25,ascending,278.41333
47.75,17.5,ascending,278.5157
47.75,17.75,ascending,278.4857
47.75,18.0,ascending,278.516
47.75,18.25,ascending,279.085
47.75,18.5,ascending,279.8757
47.75,18.75,ascending,280.594
47.75,19.0,ascending,281.02798
47.75,19.25,ascending,281.38165
47.75,19.5,ascending,281.58286
47.75,19.75,ascending,281.51498
47.75,20.0,ascending,281.38498
47.75,20.25,ascending,281.34665
47.75,20.5,ascending,280.57333
47.75,20.75,ascending,279.7983
47.75,21.0,ascending,279.4975
47.75,21.25,ascending,279.32834
47.75,21.5,ascending,279.63834
47.75,21.75,ascending,280.83398
47.75,22.0,ascending,282.06833
47.75,22.25,ascending,282.78198
47.75,22.5,ascending,283.24
47.75,22.75,ascending,283.94998
47.75,23.0,ascending,283.82144
47.75,23.25,ascending,282.9275
47.75,23.5,ascending,281.22998
47.75,23.75,ascending,278.805
47.75,24.0,ascending,276.194
47.75,24.25,ascending,274.255
47.75,24.5,ascending,273.62668
47.75,24.75,ascending,273.32166
47.75,25.0,ascending,273.3633
47.75,25.25,ascending,274.12167
47.75,25.5,ascending,274.2257
47.75,25.75,ascending,273.88333
47.75,26.0,ascending,275.15286
47.75,26.25,ascending,277.07498
47.75,26.5,ascending,278.10165
47.75,26.75,ascending,278.97
47.75,27.0,ascending,279.93
47.75,27.25,ascending,281.06497
47.75,27.5,ascending,282.52832
47.75,27.75,ascending,284.45334
47.75,28.0,ascending,285.88428
47.75,28.25,ascending,286.95572
47.75,28.5,ascending,288.07666
47.75,28.75,ascending,289.39572
47.75,29.0,ascending,290.615
47.75,29.25,ascending,291.66855
47.75,29.5,ascending,292.56
47.75,29.75,ascending,293.44333
47.75,30.0,ascending,294.44888
47.75,30.25,ascending,294.94
47.75,30.5,ascending,294.95667
47.75,30.75,ascending,294.5189
47.75,31.0,ascending,293.77625
47.75,31.25,ascending,292.8722
47.75,31.5,ascending,292.12888
47.75,31.75,ascending,291.73102
47.75,32.0,ascending,291.813
47.75,32.25,ascending,292.39398
47.75,32.5,ascending,293.06152
47.75,32.75,ascending,293.35846
47.75,33.0,ascending,293.56534
47.75,33.25,ascending,294.1178
47.75,33.5,ascending,294.5147
47.75,36.25,ascending,298.58362
47.75,36.5,ascending,298.64944
47.75,36.75,ascending,298.69305
47.75,37.0,ascending,298.6423
47.75,37.25,ascending,298.391
47.75,37.5,ascending,297.93
47.75,37.75,ascending,297.30887
47.75,38.0,ascending,296.82166
48.0,-13.0,ascending,214.67
48.0,-12.75,ascending,214.57082
48.0,-12.5,ascending,214.24692
48.0,-12.25,ascending,213.95898
48.0,-12.0,ascending,214.03363
48.0,-11.75,ascending,214.22
48.0,-11.5,ascending,214.53398
48.0,-11.25,ascending,214.80222
48.0,-11.0,ascending,214.76445
48.0,-10.75,ascending,214.44667
48.0,-10.5,ascending,213.94714
48.0,-10.25,ascending,213.285
48.0,-10.0,ascending,212.8211
48.0,-9.75,ascending,212.77
48.0,-9.5,ascending,213.05713
48.0,-9.25,ascending,213.4857
48.0,-9.0,ascending,213.95624
48.0,-8.75,ascending,215.4343
48.0,-8.5,ascending,218.18333
48.0,-8.25,ascending,224.565
48.0,-8.0,ascending,234.06334
48.0,-7.75,ascending,241.245
48.0,-7.5,ascending,246.64429
48.0,-7.25,ascending,243.88666
48.0,-7.0,ascending,240.34499
48.0,-6.75,ascending,238.11165
48.0,-6.5,ascending,237.63284
48.0,-6.25,ascending,237.23332
48.0,-6.0,ascending,234.596
48.0,-5.75,ascending,229.09427
48.0,-5.5,ascending,224.33832
48.0,-5.25,ascending,221.045
48.0,-5.0,ascending,219.21333
48.0,-4.75,ascending,221.17334
48.0,-4.5,ascending,234.045
48.0,-4.25,ascending,250.61499
48.0,-4.0,ascending,263.44748
48.0,-3.75,ascending,274.01498
48.0,-3.5,ascending,279.65286
48.0,-3.25,ascending,283.52832
48.0,-3.0,ascending,285.522
48.0,-2.75,ascending,286.05856
48.0,-2.5,ascending,285.632
48.0,-2.25,ascending,285.89572
48.0,-2.0,ascending,286.546
48.0,-1.75,ascending,287.80142
48.0,-1.5,ascending,288.17166
48.0,-1.25,ascending,289.656
48.0,-1.0,ascending,290.83334
48.0,-0.75,ascending,291.335
48.0,-0.5,ascending,291.80286
48.0,-0.25,ascending,292.06332
48.0,-0.0,ascending,270.02856
48.0,0.25,ascending,292.126
48.0,0.5,ascending,291.91
48.0,0.75,ascending,291.492
48.0,1.0,ascending,290.94666
48.0,1.25,ascending,290.73166
48.0,1.5,ascending,291.03165
48.0,1.75,ascending,291.00714
48.0,2.0,ascending,290.595
48.0,2.25,ascending,290.36572
48.0,2.5,ascending,290.104
48.0,2.75,ascending,289.71713
48.0,3.0,ascending,289.66626
48.0,3.25,ascending,289.74332
48.0,3.5,ascending,289.45572
48.0,3.75,ascending,288.91623
48.0,4.0,ascending,288.4057
48.0,4.25,ascending,288.34714
48.0,4.5,ascending,288.58667
48.0,4.75,ascending,289.06284
48.0,5.0,ascending,289.19498
48.0,5.25,ascending,289.33286
48.0,5.5,ascending,289.708
48.0,5.75,ascending,289.98126
48.0,6.0,ascending,289.68332
48.0,6.25,ascending,289.16888
48.0,6.5,ascending,288.89554
48.0,6.75,ascending,288.602
48.0,7.0,ascending,287.624
48.0,7.25,ascending,286.073
48.0,7.5,ascending,285.45834
48.0,7.75,ascending,286.6225
48.0,8.0,ascending,288.05072
48.0,8.25,ascending,288.43686
48.0,8.5,ascending,288.00842
48.0,8.75,ascending,287.45438
48.0,11.25,ascending,281.655
48.0,11.5,ascending,281.99765
48.0,11.75,ascending,282.33875
48.0,12.0,ascending,282.37845
48.0,12.25,ascending,282.30817
48.0,12.5,ascending,282.02637
48.0,12.75,ascending,281.774
48.0,13.0,ascending,281.6091
48.0,13.25,ascending,281.43887
48.0,13.5,ascending,281.26123
48.0,13.75,ascending,281.153
48.0,14.0,ascending,281.17624
48.0,14.25,ascending,281.4057
48.0,14.5,ascending,281.4889
48.0,14.75,ascending,281.81143
48.0,15.0,ascending,282.365
48.0,15.25,ascending,282.84
48.0,15.5,ascending,283.12625
48.0,15.75,ascending,283.21167
48.0,16.0,ascending,282.70142
48.0,16.25,ascending,281.61124
48.0,16.5,ascending,279.81998
48.0,16.75,ascending,278.59857
48.0,17.0,ascending,278.115
48.0,17.25,ascending,278.47858
48.0,17.5,ascending,279.02332
48.0,17.75,ascending,279.17285
48.0,18.0,ascending,279.25833
48.0,18.25,ascending,279.66998
48.0,18.5,ascending,280.176
48.0,18.75,ascending,280.63998
48.0,19.0,ascending,281.22858
48.0,19.25,ascending,281.74667
48.0,19.5,ascending,282.18668
48.0,19.75,ascending,282.54166
48.0,20.0,ascending,282.69666
48.0,20.25,ascending,282.56
48.0,20.5,ascending,281.92667
48.0,20.75,ascending,280.835
48.0,21.0,ascending,279.70142
48.0,21.25,ascending,279.326
48.0,21.5,ascending,279.85333
48.0,21.75,ascending,281.14856
48.0,22.0,ascending,282.25
48.0,22.25,ascending,283.06427
48.0,22.5,ascending,283.918
48.0,22.75,ascending,284.52142
48.0,23.0,ascending,284.346
48.0,23.25,ascending,283.4157
48.0,23.5,ascending,282.355
48.0,23.75,ascending,281.038
48.0,24.0,ascending,278.41333
48.0,24.25,ascending,276.815
48.0,24.5,ascending,276.37833
48.0,24.75,ascending,275.72998
48.0,25.0,ascending,275.21167
48.0,25.25,ascending,275.21167
48.0,25.5,ascending,275.56998
48.0,25.75,ascending,276.37167
48.0,26.0,ascending,277.76712
48.0,26.25,ascending,278.685
48.0,26.5,ascending,279.51666
48.0,26.75,ascending,280.1
48.0,27.0,ascending,280.75168
48.0,27.25,ascending,281.63715
48.0,27.5,ascending,283.44284
48.0,27.75,ascending,285.33163
48.0,28.0,ascending,286.6133
48.0,28.25,ascending,287.51715
48.0,28.5,ascending,288.4
48.0,28.75,ascending,289.53143
48.0,29.0,ascending,290.3875
48.0,29.25,ascending,290.66998
48.0,29.5,ascending,290.94427
48.0,29.75,ascending,291.32666
48.0,30.0,ascending,292.7657
48.0,30.25,ascending,293.625
48.0,30.5,ascending,293.71
48.0,30.75,ascending,292.935
48.0,31.0,ascending,292.16498
48.0,31.25,ascending,291.31775
48.0,31.5,ascending,291.01624
48.0,31.75,ascending,291.11
48.0,32.0,ascending,291.82452
48.0,32.25,ascending,292.71582
48.0,32.5,ascending,293.37332
48.0,32.75,ascending,293.75076
48.0,33.0,ascending,293.91156
48.0,33.25,ascending,294.03577
48.0,33.5,ascending,294.2207
48.0,36.0,ascending,296.89664
48.0,36.25,ascending,297.22824
48.0,36.5,ascending,297.142
48.0,36.75,ascending,297.36417
48.0,37.0,ascending,297.55917
48.0,37.25,ascending,297.58362
48.0,37.5,ascending,297.2427
48.0,37.75,ascending,296.87665
48.0,38.0,ascending,296.58398
48.25,-13.0,ascending,213.55165
48.25,-12.75,ascending,213.59076
48.25,-12.5,ascending,213.57307
48.25,-12.25,ascending,213.67801
48.25,-12.0,ascending,213.93799
48.25,-11.75,ascending,214.29778
48.25,-11.5,ascending,214.55
48.25,-11.25,ascending,214.74625
48.25,-11.0,ascending,214.795
48.25,-10.75,ascending,214.5425
48.25,-10.5,ascending,213.995
48.25,-10.25,ascending,213.285
48.25,-10.0,ascending,212.8157
48.25,-9.75,ascending,212.77428
48.25,-9.5,ascending,213.04
48.25,-9.25,ascending,213.35428
48.25,-9.0,ascending,213.52832
48.25,-8.75,ascending,214.11714
48.25,-8.5,ascending,216.045
48.25,-8.25,ascending,219.21832
48.25,-8.0,ascending,226.03142
48.25,-7.75,ascending,232.42499
48.25,-7.5,ascending,236.36142
48.25,-7.25,ascending,236.56142
48.25,-7.0,ascending,235.76399
48.25,-6.75,ascending,235.27284
48.25,-6.5,ascending,236.38799
48.25,-6.25,ascending,237.57166
48.25,-6.0,ascending,236.57
48.25,-5.75,ascending,232.87666
48.25,-5.5,ascending,227.38713
48.25,-5.25,ascending,222.93
48.25,-5.0,ascending,221.51166
48.25,-4.75,ascending,226.69165
48.25,-4.5,ascending,239.23198
48.25,-4.25,ascending,255.79167
48.25,-4.0,ascending,268.585
48.25,-3.75,ascending,275.30402
48.25,-3.5,ascending,276.872
48.25,-3.25,ascending,279.83167
48.25,-3.0,ascending,281.828
48.25,-2.75,ascending,277.92166
48.25,-2.5,ascending,274.888
48.25,-2.25,ascending,273.638
48.25,-2.0,ascending,275.576
48.25,-1.75,ascending,275.645
48.25,-1.5,ascending,277.954
48.25,-1.25,ascending,285.54
48.25,-1.0,ascending,288.925
48.25,-0.75,ascending,290.5657
48.25,-0.5,ascending,291.4025
48.25,-0.25,ascending,291.72247
48.25,-0.0,ascending,274.68
48.25,0.25,ascending,291.975
48.25,0.5,ascending,291.89667
48.25,0.75,ascending,291.506
48.25,1.0,ascending,290.81598
48.25,1.25,ascending,290.58334
48.25,1.5,ascending,290.92
48.25,1.75,ascending,290.95834
48.25,2.0,ascending,290.36166
48.25,2.25,ascending,289.68857
48.25,2.5,ascending,289.5533
48.25,2.75,ascending,289.402
48.25,3.0,ascending,289.44598
48.25,3.25,ascending,289.51285
48.25,3.5,ascending,289.03833
48.25,3.75,ascending,287.8757
48.25,4.0,ascending,287.19998
48.25,4.25,ascending,286.84
48.25,4.5,ascending,287.1
48.25,4.75,ascending,287.7475
48.25,5.0,ascending,288.66855
48.25,5.25,ascending,288.92572
48.25,5.5,ascending,289.04
48.25,5.75,ascending,289.36285
48.25,6.0,ascending,289.625
48.25,6.25,ascending,289.4075
48.25,6.5,ascending,289.18198
48.25,6.75,ascending,289.19122
48.25,7.0,ascending,288.59778
48.25,7.25,ascending,286.83545
48.25,7.5,ascending,285.30908
48.25,7.75,ascending,285.98416
48.25,8.0,ascending,287.8657
48.25,8.25,ascending,288.78928
48.25,8.5,ascending,288.50998
48.25,8.75,ascending,288.04544
48.25,11.0,ascending,282.83
48.25,11.25,ascending,282.24142
48.25,11.5,ascending,282.00467
48.25,11.75,ascending,281.88
48.25,12.0,ascending,281.80917
48.25,12.25,ascending,281.73093
48.25,12.5,ascending,281.70636
48.25,12.75,ascending,281.663
48.25,13.0,ascending,281.59332
48.25,13.25,ascending,281.41
48.25,13.5,ascending,281.19223
48.25,13.75,ascending,281.0925
48.25,14.0,ascending,281.01498
48.25,14.25,ascending,280.91287
48.25,14.5,ascending,281.51248
48.25,14.75,ascending,281.93854
48.25,15.0,ascending,282.85126
48.25,15.25,ascending,283.09833
48.25,15.5,ascending,282.91714
48.25,15.75,ascending,282.1857
48.25,16.0,ascending,281.00998
48.25,16.25,ascending,280.03333
48.25,16.5,ascending,279.4
48.25,16.75,ascending,279.80334
48.25,17.0,ascending,280.46124
48.25,17.25,ascending,281.03333
48.25,17.5,ascending,281.225
48.25,17.75,ascending,280.7333
48.25,18.0,ascending,280.216
48.25,18.25,ascending,280.28833
48.25,18.5,ascending,280.64667
48.25,18.75,ascending,281.016
48.25,19.0,ascending,281.53598
48.25,19.25,ascending,282.124
48.25,19.5,ascending,282.685
48.25,19.75,ascending,282.914
48.25,20.0,ascending,282.79285
48.25,20.25,ascending,282.518
48.25,20.5,ascending,281.81665
48.25,20.75,ascending,280.82666
48.25,21.0,ascending,279.78998
48.25,21.25,ascending,279.388
48.25,21.5,ascending,280.01666
48.25,21.75,ascending,281.024
48.25,22.0,ascending,281.92667
48.25,22.25,ascending,282.922
48.25,22.5,ascending,284.03165
48.25,22.75,ascending,284.525
48.25,23.0,ascending,283.91165
48.25,23.25,ascending,283.25
48.25,23.5,ascending,282.854
48.25,23.75,ascending,281.944
48.25,24.0,ascending,280.66165
48.25,24.25,ascending,279.51834
48.25,24.5,ascending,278.97
48.25,24.75,ascending,278.40332
48.25,25.0,ascending,277.56833
48.25,25.25,ascending,277.05856
48.25,25.5,ascending,277.53165
48.25,25.75,ascending,278.0533
48.25,26.0,ascending,278.36832
48.25,26.25,ascending,278.81998
48.25,26.5,ascending,279.468
48.25,26.75,ascending,280.20285
48.25,27.0,ascending,280.71
48.25,27.25,ascending,281.3
48.25,27.5,ascending,282.93167
48.25,27.75,ascending,285.20285
48.25,28.0,ascending,287.095
48.25,28.25,ascending,288.285
48.25,28.5,ascending,289.12283
48.25,28.75,ascending,289.80832
48.25,29.0,ascending,290.22375
48.25,29.25,ascending,289.97833
48.25,29.5,ascending,289.61124
48.25,29.75,ascending,289.55667
48.25,30.0,ascending,290.5422
48.25,30.25,ascending,291.72125
48.25,30.5,ascending,292.09998
48.25,30.75,ascending,291.6275
48.25,31.0,ascending,291.01624
48.25,31.25,ascending,290.30667
48.25,31.5,ascending,289.94272
48.25,31.75,ascending,290.22446
48.25,32.0,ascending,290.994
48.25,32.25,ascending,291.75833
48.25,32.5,ascending,292.3823
48.25,32.75,ascending,292.84308
48.25,33.0,ascending,293.16125
48.25,33.25,ascending,293.4542
48.25,33.5,ascending,293.48102
48.25,35.75,ascending,295.58
48.25,36.0,ascending,296.18332
48.25,36.25,ascending,296.26187
48.25,36.5,ascending,296.43665
48.25,36.75,ascending,296.74454
48.25,37.0,ascending,297.02365
48.25,37.25,ascending,297.24454
48.25,37.5,ascending,297.309
48.25,37.75,ascending,297.19446
48.25,38.0,ascending,297.028
48.5,-13.0,ascending,213.81
48.5,-12.75,ascending,213.75154
48.5,-12.5,ascending,213.674
48.5,-12.25,ascending,213.61899
48.5,-12.0,ascending,213.745
48.5,-11.75,ascending,214.057
48.5,-11.5,ascending,214.385
48.5,-11.25,ascending,214.68375
48.5,-11.0,ascending,214.75777
48.5,-10.75,ascending,214.46375
48.5,-10.5,ascending,213.8957
48.5,-10.25,ascending,213.29666
48.5,-10.0,ascending,213.01
48.5,-9.75,ascending,213.12
48.5,-9.5,ascending,213.29713
48.5,-9.25,ascending,213.40141
48.5,-9.0,ascending,213.40714
48.5,-8.75,ascending,213.66713
48.5,-8.5,ascending,214.9675
48.5,-8.25,ascending,217.66833
48.5,-8.0,ascending,220.94499
48.5,-7.75,ascending,225.63428
48.5,-7.5,ascending,228.8243
48.5,-7.25,ascending,230.16333
48.5,-7.0,ascending,230.72166
48.5,-6.75,ascending,231.89
48.5,-6.5,ascending,234.51833
48.5,-6.25,ascending,237.02167
48.5,-6.0,ascending,237.33667
48.5,-5.75,ascending,233.95
48.5,-5.5,ascending,228.94199
48.5,-5.25,ascending,224.694
48.5,-5.0,ascending,223.83333
48.5,-4.75,ascending,228.67168
48.5,-4.5,ascending,238.68666
48.5,-4.25,ascending,248.446
48.5,-4.0,ascending,253.77333
48.5,-3.75,ascending,255.04834
48.5,-3.5,ascending,261.49832
48.5,-3.25,ascending,264.46167
48.5,-3.0,ascending,263.54666
48.5,-2.75,ascending,257.652
48.5,-2.5,ascending,249.14166
48.5,-2.25,ascending,253.72499
48.5,-2.0,ascending,251.575
48.5,-1.75,ascending,253.672
48.5,-1.5,ascending,267.90665
48.5,-1.25,ascending,280.02332
48.5,-1.0,ascending,287.415
48.5,-0.75,ascending,289.9225
48.5,-0.5,ascending,290.78
48.5,-0.25,ascending,290.94168
48.5,-0.0,ascending,271.23776
48.5,0.25,ascending,291.165
48.5,0.5,ascending,291.19833
48.5,0.75,ascending,290.81665
48.5,1.0,ascending,290.3643
48.5,1.25,ascending,290.34198
48.5,1.5,ascending,290.63333
48.5,1.75,ascending,290.55856
48.5,2.0,ascending,289.61398
48.5,2.25,ascending,288.31497
48.5,2.5,ascending,288.17142
48.5,2.75,ascending,288.775
48.5,3.0,ascending,289.29666
48.5,3.25,ascending,289.44427
48.5,3.5,ascending,288.88858
48.5,3.75,ascending,287.602
48.5,4.0,ascending,286.53427
48.5,4.25,ascending,286.16428
48.5,4.5,ascending,286.2125
48.5,4.75,ascending,286.775
48.5,5.0,ascending,287.79623
48.5,5.25,ascending,288.29376
48.5,5.5,ascending,288.44
48.5,5.75,ascending,288.79
48.5,6.0,ascending,289.413
48.5,6.25,ascending,289.78
48.5,6.5,ascending,289.49445
48.5,6.75,ascending,289.19098
48.5,7.0,ascending,288.85727
48.5,7.25,ascending,287.63834
48.5,7.5,ascending,285.70636
48.5,7.75,ascending,284.995
48.5,8.0,ascending,286.37665
48.5,8.25,ascending,287.97668
48.5,8.5,ascending,288.3695
48.5,8.75,ascending,288.1275
48.5,11.0,ascending,283.3
48.5,11.25,ascending,283.15714
48.5,11.5,ascending,282.88602
48.5,11.75,ascending,282.74713
48.5,12.0,ascending,282.52167
48.5,12.25,ascending,282.28665
48.5,12.5,ascending,282.07547
48.5,12.75,ascending,281.94598
48.5,13.0,ascending,281.7333
48.5,13.25,ascending,281.55
48.5,13.5,ascending,281.67123
48.5,13.75,ascending,282.17715
48.5,14.0,ascending,282.41
48.5,14.25,ascending,282.78125
48.5,14.5,ascending,283.31427
48.5,14.75,ascending,283.7111
48.5,15.0,ascending,284.08167
48.5,15.25,ascending,283.82373
48.5,15.5,ascending,283.1743
48.5,15.75,ascending,282.07126
48.5,16.0,ascending,281.03833
48.5,16.25,ascending,280.8057
48.5,16.5,ascending,281.14285
48.5,16.75,ascending,282.1157
48.5,17.0,ascending,282.85333
48.5,17.25,ascending,283.01498
48.5,17.5,ascending,282.59714
48.5,17.75,ascending,281.83832
48.5,18.0,ascending,281.405
48.5,18.25,ascending,281.3633
48.5,18.5,ascending,281.405
48.5,18.75,ascending,281.70834
48.5,19.0,ascending,282.07498
48.5,19.25,ascending,282.44666
48.5,19.5,ascending,282.7383
48.5,19.75,ascending,282.72
48.5,20.0,ascending,282.18997
48.5,20.25,ascending,281.60666
48.5,20.5,ascending,281.006
48.5,20.75,ascending,280.382
48.5,21.0,ascending,279.58
48.5,21.25,ascending,279.298
48.5,21.5,ascending,279.51498
48.5,21.75,ascending,280.2557
48.5,22.0,ascending,280.99
48.5,22.25,ascending,282.05832
48.5,22.5,ascending,282.74167
48.5,22.75,ascending,283.155
48.5,23.0,ascending,282.15857
48.5,23.25,ascending,282.055
48.5,23.5,ascending,282.01498
48.5,23.75,ascending,281.43332
48.5,24.0,ascending,280.38428
48.5,24.25,ascending,279.83
48.5,24.5,ascending,279.6175
48.5,24.75,ascending,279.405
48.5,25.0,ascending,278.956
48.5,25.25,ascending,278.4575
48.5,25.5,ascending,278.222
48.5,25.75,ascending,277.67667
48.5,26.0,ascending,276.66428
48.5,26.25,ascending,276.69333
48.5,26.5,ascending,278.388
48.5,26.75,ascending,279.78143
48.5,27.0,ascending,280.41833
48.5,27.25,ascending,280.52426
48.5,27.5,ascending,282.02335
48.5,27.75,ascending,284.19333
48.5,28.0,ascending,286.78
48.5,28.25,ascending,288.41666
48.5,28.5,ascending,289.32498
48.5,28.75,ascending,289.95856
48.5,29.0,ascending,290.25714
48.5,29.25,ascending,289.95856
48.5,29.5,ascending,289.38498
48.5,29.75,ascending,289.07712
48.5,30.0,ascending,289.30286
48.5,30.25,ascending,289.97626
48.5,30.5,ascending,290.17123
48.5,30.75,ascending,290.18375
48.5,31.0,ascending,290.15665
48.5,31.25,ascending,289.58557
48.5,31.5,ascending,289.11002
48.5,31.75,ascending,289.21362
48.5,32.0,ascending,289.59833
48.5,32.25,ascending,289.7725
48.5,32.5,ascending,290.23666
48.5,32.75,ascending,290.67624
48.5,33.0,ascending,291.31165
48.5,33.25,ascending,291.42667
48.5,33.5,ascending,291.516
48.5,35.75,ascending,294.401
48.5,36.0,ascending,295.05054
48.5,36.25,ascending,295.2225
48.5,36.5,ascending,295.77914
48.5,36.75,ascending,296.27167
48.5,37.0,ascending,296.7427
48.5,37.25,ascending,296.68
48.5,37.5,ascending,296.725
48.5,37.75,ascending,296.6475
48.5,38.0,ascending,296.434
48.75,-13.0,ascending,213.79599
48.75,-12.75,ascending,213.71083
48.75,-12.5,ascending,213.61198
48.75,-12.25,ascending,213.50444
48.75,-12.0,ascending,213.53778
48.75,-11.75,ascending,213.71089
48.75,-11.5,ascending,214.09
48.75,-11.25,ascending,214.40125
48.75,-11.0,ascending,214.31125
48.75,-10.75,ascending,213.98427
48.75,-10.5,ascending,213.60374
48.75,-10.25,ascending,213.40125
48.75,-10.0,ascending,213.44165
48.75,-9.75,ascending,213.64375
48.75,-9.5,ascending,213.70285
48.75,-9.25,ascending,213.56831
48.75,-9.0,ascending,213.43001
48.75,-8.75,ascending,213.69832
48.75,-8.5,ascending,214.72333
48.75,-8.25,ascending,216.84666
48.75,-8.0,ascending,219.98999
48.75,-7.75,ascending,223.05333
48.75,-7.5,ascending,225.03598
48.75,-7.25,ascending,225.81831
48.75,-7.0,ascending,226.128
48.75,-6.75,ascending,228.38571
48.75,-6.5,ascending,232.594
48.75,-6.25,ascending,236.382
48.75,-6.0,ascending,237.48714
48.75,-5.75,ascending,234.776
48.75,-5.5,ascending,230.20714
48.75,-5.25,ascending,225.74165
48.75,-5.0,ascending,223.736
48.75,-4.75,ascending,223.6875
48.75,-4.5,ascending,225.895
48.75,-4.25,ascending,229.79832
48.75,-4.0,ascending,230.97333
48.75,-3.75,ascending,231.4475
48.75,-3.5,ascending,237.455
48.75,-3.25,ascending,241.00665
48.75,-3.0,ascending,237.1875
48.75,-2.75,ascending,232.59714
48.75,-2.5,ascending,226.86249
48.75,-2.25,ascending,228.90332
48.75,-2.0,ascending,232.01999
48.75,-1.75,ascending,239.648
48.75,-1.5,ascending,256.90833
48.75,-1.25,ascending,276.87167
48.75,-1.0,ascending,285.94
48.75,-0.75,ascending,286.83334
48.75,-0.5,ascending,286.25665
48.75,-0.25,ascending,286.02142
48.75,-0.0,ascending,271.7725
48.75,0.25,ascending,288.09665
48.75,0.5,ascending,289.46835
48.75,0.75,ascending,289.64166
48.75,1.0,ascending,289.59335
48.75,1.25,ascending,289.774
48.75,1.5,ascending,290.06198
48.75,1.75,ascending,289.90143
48.75,2.0,ascending,288.75668
48.75,2.25,ascending,287.174
48.75,2.5,ascending,287.09
48.75,2.75,ascending,287.69165
48.75,3.0,ascending,288.5557
48.75,3.25,ascending,288.81668
48.75,3.5,ascending,288.69998
48.75,3.75,ascending,287.6457
48.75,4.0,ascending,286.39572
48.75,4.25,ascending,286.06427
48.75,4.5,ascending,286.3643
48.75,4.75,ascending,286.84427
48.75,5.0,ascending,287.66855
48.75,5.25,ascending,288.14334
48.75,5.5,ascending,288.2875
48.75,5.75,ascending,288.50427
48.75,6.0,ascending,289.1325
48.75,6.25,ascending,289.91
48.75,6.5,ascending,290.05112
48.75,6.75,ascending,289.48666
48.75,7.0,ascending,288.994
48.75,7.25,ascending,288.44598
48.75,7.5,ascending,287.02835
48.75,7.75,ascending,285.69922
48.75,8.0,ascending,285.39572
48.75,8.25,ascending,286.51132
48.75,8.5,ascending,287.5025
48.75,8.75,ascending,287.74667
48.75,10.75,ascending,284.44748
48.75,11.0,ascending,283.93292
48.75,11.25,ascending,283.75858
48.75,11.5,ascending,283.77933
48.75,11.75,ascending,283.792
48.75,12.0,ascending,283.58453
48.75,12.25,ascending,283.097
48.75,12.5,ascending,282.58002
48.75,12.75,ascending,282.27
48.75,13.0,ascending,282.24875
48.75,13.25,ascending,282.38623
48.75,13.5,ascending,283.24777
48.75,13.75,ascending,283.655
48.75,14.0,ascending,283.6325
48.75,14.25,ascending,283.63998
48.75,14.5,ascending,283.60873
48.75,14.75,ascending,283.66165
48.75,15.0,ascending,283.725
48.75,15.25,ascending,283.705
48.75,15.5,ascending,283.43332
48.75,15.75,ascending,282.97858
48.75,16.0,ascending,282.335
48.75,16.25,ascending,282.30832
48.75,16.5,ascending,282.28833
48.75,16.75,ascending,282.37833
48.75,17.0,ascending,282.61166
48.75,17.25,ascending,282.844
48.75,17.5,ascending,282.92667
48.75,17.75,ascending,282.73666
48.75,18.0,ascending,282.52167
48.75,18.25,ascending,282.586
48.75,18.5,ascending,282.48572
48.75,18.75,ascending,282.55832
48.75,19.0,ascending,282.45712
48.75,19.25,ascending,282.494
48.75,19.5,ascending,282.54
48.75,19.75,ascending,282.284
48.75,20.0,ascending,281.552
48.75,20.25,ascending,280.61
48.75,20.5,ascending,279.97165
48.75,20.75,ascending,279.496
48.75,21.0,ascending,279.15802
48.75,21.25,ascending,279.03165
48.75,21.5,ascending,279.25998
48.75,21.75,ascending,279.56598
48.75,22.0,ascending,280.19666
48.75,22.25,ascending,280.814
48.75,22.5,ascending,281.194
48.75,22.75,ascending,280.67667
48.75,23.0,ascending,280.34
48.75,23.25,ascending,280.40164
48.75,23.5,ascending,280.26666
48.75,23.75,ascending,279.94998
48.75,24.0,ascending,279.63
48.75,24.25,ascending,279.56
48.75,24.5,ascending,279.65
48.75,24.75,ascending,279.63834
48.75,25.0,ascending,279.51334
48.75,25.25,ascending,279.04
48.75,25.5,ascending,278.24
48.75,25.75,ascending,276.094
48.75,26.0,ascending,272.52286
48.75,26.25,ascending,272.08835
48.75,26.5,ascending,276.25833
48.75,26.75,ascending,279.414
48.75,27.0,ascending,280.4283
48.75,27.25,ascending,280.57166
48.75,27.5,ascending,281.06427
48.75,27.75,ascending,282.835
48.75,28.0,ascending,284.69498
48.75,28.25,ascending,286.8943
48.75,28.5,ascending,288.59665
48.75,28.75,ascending,289.40125
48.75,29.0,ascending,290.06833
48.75,29.25,ascending,290.13998
48.75,29.5,ascending,289.73666
48.75,29.75,ascending,289.155
48.75,30.0,ascending,288.99332
48.75,30.25,ascending,289.14716
48.75,30.5,ascending,289.0422
48.75,30.75,ascending,288.91287
48.75,31.0,ascending,288.9889
48.75,31.25,ascending,288.7375
48.75,31.5,ascending,288.046
48.75,31.75,ascending,287.6811
48.75,32.0,ascending,287.025
48.75,32.25,ascending,285.29333
48.75,32.5,ascending,284.785
48.75,32.75,ascending,285.26846
48.75,33.0,ascending,287.11945
48.75,33.25,ascending,287.72046
48.75,33.5,ascending,289.41998
48.75,35.5,ascending,292.444
48.75,35.75,ascending,293.0981
48.75,36.0,ascending,293.47705
48.75,36.25,ascending,293.89917
48.75,36.5,ascending,294.43582
48.75,36.75,ascending,294.8522
48.75,37.0,ascending,295.22916
48.75,37.25,ascending,295.02777
48.75,37.5,ascending,295.1011
48.75,37.75,ascending,295.0
48.75,38.0,ascending,294.704
49.0,-13.0,ascending,213.645
49.0,-12.75,ascending,213.747
49.0,-12.5,ascending,213.76799
49.0,-12.25,ascending,213.61888
49.0,-12.0,ascending,213.452
49.0,-11.75,ascending,213.4025
49.0,-11.5,ascending,213.5425
49.0,-11.25,ascending,213.73857
49.0,-11.0,ascending,213.76999
49.0,-10.75,ascending,213.72375
49.0,-10.5,ascending,213.68
49.0,-10.25,ascending,213.72667
49.0,-10.0,ascending,213.81874
49.0,-9.75,ascending,213.89833
49.0,-9.5,ascending,213.80571
49.0,-9.25,ascending,213.62
49.0,-9.0,ascending,213.55714
49.0,-8.75,ascending,213.80833
49.0,-8.5,ascending,214.71428
49.0,-8.25,ascending,216.79141
49.0,-8.0,ascending,219.62572
49.0,-7.75,ascending,221.56499
49.0,-7.5,ascending,222.20833
49.0,-7.25,ascending,222.5557
49.0,-7.0,ascending,224.04333
49.0,-6.75,ascending,227.248
49.0,-6.5,ascending,232.30142
49.0,-6.25,ascending,236.81499
49.0,-6.0,ascending,237.755
49.0,-5.75,ascending,235.45667
49.0,-5.5,ascending,231.27998
49.0,-5.25,ascending,227.05333
49.0,-5.0,ascending,223.435
49.0,-4.75,ascending,220.74165
49.0,-4.5,ascending,218.86499
49.0,-4.25,ascending,218.17801
49.0,-4.0,ascending,217.78833
49.0,-3.75,ascending,219.16286
49.0,-3.5,ascending,221.01799
49.0,-3.25,ascending,221.68834
49.0,-3.0,ascending,221.09666
49.0,-2.75,ascending,218.328
49.0,-2.5,ascending,218.80286
49.0,-2.25,ascending,220.01999
49.0,-2.0,ascending,223.82666
49.0,-1.75,ascending,235.46428
49.0,-1.5,ascending,257.772
49.0,-1.25,ascending,275.844
49.0,-1.0,ascending,278.16333
49.0,-0.75,ascending,274.23666
49.0,-0.5,ascending,270.4643
49.0,-0.25,ascending,268.43332
49.0,-0.0,ascending,257.2511
49.0,0.25,ascending,279.13998
49.0,0.5,ascending,285.32666
49.0,0.75,ascending,287.7457
49.0,1.0,ascending,288.18668
49.0,1.25,ascending,288.74667
49.0,1.5,ascending,289.22598
49.0,1.75,ascending,289.0957
49.0,2.0,ascending,288.49667
49.0,2.25,ascending,287.465
49.0,2.5,ascending,286.98285
49.0,2.75,ascending,287.116
49.0,3.0,ascending,287.29428
49.0,3.25,ascending,287.3633
49.0,3.5,ascending,287.68286
49.0,3.75,ascending,287.18
49.0,4.0,ascending,286.52
49.0,4.25,ascending,286.28375
49.0,4.5,ascending,286.59833
49.0,4.75,ascending,287.26
49.0,5.0,ascending,287.83
49.0,5.25,ascending,288.23248
49.0,5.5,ascending,288.4011
49.0,5.75,ascending,288.38748
49.0,6.0,ascending,288.5422
49.0,6.25,ascending,289.03113
49.0,6.5,ascending,289.424
49.0,6.75,ascending,289.303
49.0,7.0,ascending,288.947
49.0,7.25,ascending,288.80817
49.0,7.5,ascending,288.3533
49.0,7.75,ascending,287.40414
49.0,8.0,ascending,286.13123
49.0,8.25,ascending,286.03
49.0,8.5,ascending,286.732
49.0,10.5,ascending,285.4
49.0,10.75,ascending,285.12787
49.0,11.0,ascending,285.10333
49.0,11.25,ascending,285.065
49.0,11.5,ascending,285.14142
49.0,11.75,ascending,285.06332
49.0,12.0,ascending,284.58798
49.0,12.25,ascending,284.09332
49.0,12.5,ascending,283.75916
49.0,12.75,ascending,284.12
49.0,13.0,ascending,284.11
49.0,13.25,ascending,284.57666
49.0,13.5,ascending,284.85556
49.0,13.75,ascending,284.63498
49.0,14.0,ascending,284.0957
49.0,14.25,ascending,283.49124
49.0,14.5,ascending,282.99124
49.0,14.75,ascending,282.9114
49.0,15.0,ascending,283.16
49.0,15.25,ascending,283.55
49.0,15.5,ascending,283.7443
49.0,15.75,ascending,283.67667
49.0,16.0,ascending,283.31714
49.0,16.25,ascending,283.03
49.0,16.5,ascending,282.66284
49.0,16.75,ascending,282.625
49.0,17.0,ascending,282.80713
49.0,17.25,ascending,283.086
49.0,17.5,ascending,283.15143
49.0,17.75,ascending,283.185
49.0,18.0,ascending,283.36856
49.0,18.25,ascending,283.59332
49.0,18.5,ascending,283.43
49.0,18.75,ascending,282.974
49.0,19.0,ascending,282.602
49.0,19.25,ascending,282.51202
49.0,19.5,ascending,282.28165
49.0,19.75,ascending,281.70166
49.0,20.0,ascending,280.87668
49.0,20.25,ascending,279.882
49.0,20.5,ascending,279.26334
49.0,20.75,ascending,279.00333
49.0,21.0,ascending,279.02832
49.0,21.25,ascending,279.216
49.0,21.5,ascending,279.3943
49.0,21.75,ascending,279.552
49.0,22.0,ascending,279.69284
49.0,22.25,ascending,279.796
49.0,22.5,ascending,279.49713
49.0,22.75,ascending,279.078
49.0,23.0,ascending,279.295
49.0,23.25,ascending,279.345
49.0,23.5,ascending,279.475
49.0,23.75,ascending,279.6
49.0,24.0,ascending,279.60666
49.0,24.25,ascending,279.63998
49.0,24.5,ascending,279.71
49.0,24.75,ascending,279.78854
49.0,25.0,ascending,279.77332
49.0,25.25,ascending,279.04166
49.0,25.5,ascending,277.51666
49.0,25.75,ascending,274.72
49.0,26.0,ascending,267.69498
49.0,26.25,ascending,266.33835
49.0,26.5,ascending,272.36166
49.0,26.75,ascending,277.55426
49.0,27.0,ascending,279.67667
49.0,27.25,ascending,280.58197
49.0,27.5,ascending,280.97
49.0,27.75,ascending,281.85
49.0,28.0,ascending,283.14667
49.0,28.25,ascending,284.58856
49.0,28.5,ascending,286.66998
49.0,28.75,ascending,287.85602
49.0,29.0,ascending,288.86334
49.0,29.25,ascending,289.46
49.0,29.5,ascending,289.5033
49.0,29.75,ascending,289.03143
49.0,30.0,ascending,288.68713
49.0,30.25,ascending,288.635
49.0,30.5,ascending,288.45248
49.0,30.75,ascending,288.09445
49.0,31.0,ascending,287.845
49.0,31.25,ascending,287.645
49.0,31.5,ascending,286.63666
49.0,31.75,ascending,285.01898
49.0,32.0,ascending,281.65085
49.0,32.25,ascending,276.57916
49.0,32.5,ascending,273.11856
49.0,32.75,ascending,272.63068
49.0,33.0,ascending,277.176
49.0,33.25,ascending,281.3061
49.0,35.25,ascending,290.28
49.0,35.5,ascending,291.01666
49.0,35.75,ascending,291.58734
49.0,36.0,ascending,291.73468
49.0,36.25,ascending,292.22818
49.0,36.5,ascending,292.6591
49.0,36.75,ascending,293.24
49.0,37.0,ascending,293.39362
49.0,37.25,ascending,293.4211
49.0,37.5,ascending,293.4911
49.0,37.75,ascending,293.2822
49.0,38.0,ascending,293.102
49.25,-13.0,ascending,213.996
49.25,-12.75,ascending,214.1111
49.25,-12.5,ascending,214.142
49.25,-12.25,ascending,214.05444
49.25,-12.0,ascending,213.93
49.25,-11.75,ascending,213.87375
49.25,-11.5,ascending,213.71375
49.25,-11.25,ascending,213.72624
49.25,-11.0,ascending,213.90714
49.25,-10.75,ascending,214.02713
49.25,-10.5,ascending,214.1975
49.25,-10.25,ascending,214.09166
49.25,-10.0,ascending,213.92125
49.25,-9.75,ascending,213.79857
49.25,-9.5,ascending,213.8
49.25,-9.25,ascending,213.79
49.25,-9.0,ascending,213.81166
49.25,-8.75,ascending,213.99834
49.25,-8.5,ascending,214.72
49.25,-8.25,ascending,216.36665
49.25,-8.0,ascending,218.66833
49.25,-7.75,ascending,220.455
49.25,-7.5,ascending,221.23799
49.25,-7.25,ascending,222.54713
49.25,-7.0,ascending,226.418
49.25,-6.75,ascending,231.84332
49.25,-6.5,ascending,237.35857
49.25,-6.25,ascending,239.80801
49.25,-6.0,ascending,239.19199
49.25,-5.75,ascending,235.82999
49.25,-5.5,ascending,231.48999
49.25,-5.25,ascending,227.95166
49.25,-5.0,ascending,224.51999
49.25,-4.75,ascending,220.88
49.25,-4.5,ascending,217.74199
49.25,-4.25,ascending,215.83598
49.25,-4.0,ascending,214.83333
49.25,-3.75,ascending,214.93198
49.25,-3.5,ascending,215.42598
49.25,-3.25,ascending,215.585
49.25,-3.0,ascending,215.7475
49.25,-2.75,ascending,216.378
49.25,-2.5,ascending,217.66399
49.25,-2.25,ascending,219.67
49.25,-2.0,ascending,224.34666
49.25,-1.75,ascending,236.29498
49.25,-1.5,ascending,257.828
49.25,-1.25,ascending,264.04572
49.25,-1.0,ascending,256.21835
49.25,-0.75,ascending,249.946
49.25,-0.5,ascending,247.57498
49.25,-0.25,ascending,245.3725
49.25,-0.0,ascending,240.79332
49.25,0.25,ascending,262.97
49.25,0.5,ascending,275.724
49.25,0.75,ascending,281.58286
49.25,1.0,ascending,284.435
49.25,1.25,ascending,286.41833
49.25,1.5,ascending,287.9833
49.25,1.75,ascending,288.43198
49.25,2.0,ascending,288.285
49.25,2.25,ascending,287.74
49.25,2.5,ascending,287.1014
49.25,2.75,ascending,286.63834
49.25,3.0,ascending,286.36667
49.25,3.25,ascending,286.12833
49.25,3.5,ascending,286.4457
49.25,3.75,ascending,286.63998
49.25,4.0,ascending,286.57333
49.25,4.25,ascending,286.552
49.25,4.5,ascending,286.80334
49.25,4.75,ascending,287.22
49.25,5.0,ascending,287.6057
49.25,5.25,ascending,287.83286
49.25,5.5,ascending,287.92856
49.25,5.75,ascending,287.86
49.25,6.0,ascending,287.69
49.25,6.25,ascending,287.77856
49.25,6.5,ascending,288.124
49.25,6.75,ascending,288.30777
49.25,7.0,ascending,288.365
49.25,7.25,ascending,288.49182
49.25,7.5,ascending,288.52832
49.25,7.75,ascending,288.1523
49.25,8.0,ascending,287.32562
49.25,8.25,ascending,286.6047
49.25,8.5,ascending,286.53842
49.25,10.5,ascending,285.875
49.25,10.75,ascending,285.81534
49.25,11.0,ascending,285.77142
49.25,11.25,ascending,285.78537
49.25,11.5,ascending,285.85416
49.25,11.75,ascending,285.831
49.25,12.0,ascending,285.597
49.25,12.25,ascending,285.34778
49.25,12.5,ascending,285.329
49.25,12.75,ascending,285.275
49.25,13.0,ascending,285.265
49.25,13.25,ascending,285.14444
49.25,13.5,ascending,284.7675
49.25,13.75,ascending,284.32285
49.25,14.0,ascending,283.82
49.25,14.25,ascending,283.36856
49.25,14.5,ascending,283.1957
49.25,14.75,ascending,283.39426
49.25,15.0,ascending,283.65125
49.25,15.25,ascending,283.87167
49.25,15.5,ascending,283.87
49.25,15.75,ascending,283.75165
49.25,16.0,ascending,283.58713
49.25,16.25,ascending,283.55832
49.25,16.5,ascending,283.59164
49.25,16.75,ascending,283.814
49.25,17.0,ascending,283.72165
49.25,17.25,ascending,283.38666
49.25,17.5,ascending,283.08167
49.25,17.75,ascending,283.326
49.25,18.0,ascending,283.80286
49.25,18.25,ascending,283.90997
49.25,18.5,ascending,283.518
49.25,18.75,ascending,283.07666
49.25,19.0,ascending,282.78833
49.25,19.25,ascending,282.46335
49.25,19.5,ascending,281.84198
49.25,19.75,ascending,281.266
49.25,20.0,ascending,280.67334
49.25,20.25,ascending,279.91602
49.25,20.5,ascending,279.24332
49.25,20.75,ascending,279.1475
49.25,21.0,ascending,279.33334
49.25,21.25,ascending,279.7
49.25,21.5,ascending,279.674
49.25,21.75,ascending,279.47333
49.25,22.0,ascending,279.266
49.25,22.25,ascending,279.03333
49.25,22.5,ascending,278.85248
49.25,22.75,ascending,278.97
49.25,23.0,ascending,279.275
49.25,23.25,ascending,279.48248
49.25,23.5,ascending,279.798
49.25,23.75,ascending,280.04
49.25,24.0,ascending,280.07666
49.25,24.25,ascending,279.91855
49.25,24.5,ascending,279.88666
49.25,24.75,ascending,279.94168
49.25,25.0,ascending,279.81665
49.25,25.25,ascending,279.01334
49.25,25.5,ascending,277.27832
49.25,25.75,ascending,273.53833
49.25,26.0,ascending,266.56598
49.25,26.25,ascending,262.57834
49.25,26.5,ascending,267.21832
49.25,26.75,ascending,272.2333
49.25,27.0,ascending,276.32285
49.25,27.25,ascending,279.44666
49.25,27.5,ascending,280.31833
49.25,27.75,ascending,281.07666
49.25,28.0,ascending,281.83142
49.25,28.25,ascending,282.6967
49.25,28.5,ascending,283.93332
49.25,28.75,ascending,285.9757
49.25,29.0,ascending,286.93332
49.25,29.25,ascending,287.81873
49.25,29.5,ascending,288.00427
49.25,29.75,ascending,287.91998
49.25,30.0,ascending,287.97626
49.25,30.25,ascending,287.87875
49.25,30.5,ascending,287.615
49.25,30.75,ascending,287.12
49.25,31.0,ascending,287.0175
49.25,31.25,ascending,286.83002
49.25,31.5,ascending,285.675
49.25,31.75,ascending,282.3191
49.25,32.0,ascending,277.539
49.25,32.25,ascending,272.92273
49.25,32.5,ascending,269.01785
49.25,32.75,ascending,269.654
49.25,33.0,ascending,275.05157
49.25,33.25,ascending,280.28
49.25,35.25,ascending,289.8718
49.25,35.5,ascending,290.005
49.25,35.75,ascending,290.13498
49.25,36.0,ascending,290.3525
49.25,36.25,ascending,290.79
49.25,36.5,ascending,291.23102
49.25,36.75,ascending,291.527
49.25,37.0,ascending,291.63
49.25,37.25,ascending,291.67557
49.25,37.5,ascending,291.5675
49.25,37.75,ascending,291.4411
49.25,38.0,ascending,291.3375
49.5,-13.0,ascending,213.6725
49.5,-12.75,ascending,213.998
49.5,-12.5,ascending,214.4111
49.5,-12.25,ascending,214.72374
49.5,-12.0,ascending,214.66399
49.5,-11.75,ascending,214.3275
49.5,-11.5,ascending,213.97626
49.5,-11.25,ascending,213.92332
49.5,-11.0,ascending,214.21666
49.5,-10.75,ascending,214.55222
49.5,-10.5,ascending,214.64572
49.5,-10.25,ascending,214.3
49.5,-10.0,ascending,213.915
49.5,-9.75,ascending,213.75
49.5,-9.5,ascending,213.79713
49.5,-9.25,ascending,213.83998
49.5,-9.0,ascending,213.78166
49.5,-8.75,ascending,213.85857
49.5,-8.5,ascending,214.60857
49.5,-8.25,ascending,216.40666
49.5,-8.0,ascending,218.97499
49.5,-7.75,ascending,221.47856
49.5,-7.5,ascending,223.316
49.5,-7.25,ascending,227.185
49.5,-7.0,ascending,233.83667
49.5,-6.75,ascending,241.61165
49.5,-6.5,ascending,245.568
49.5,-6.25,ascending,245.26332
49.5,-6.0,ascending,242.62334
49.5,-5.75,ascending,238.04
49.5,-5.5,ascending,233.87666
49.5,-5.25,ascending,231.022
49.5,-5.0,ascending,227.86168
49.5,-4.75,ascending,223.63399
49.5,-4.5,ascending,219.08858
49.5,-4.25,ascending,215.82166
49.5,-4.0,ascending,215.07199
49.5,-3.75,ascending,215.21286
49.5,-3.5,ascending,215.476
49.5,-3.25,ascending,215.578
49.5,-3.0,ascending,215.70143
49.5,-2.75,ascending,216.424
49.5,-2.5,ascending,217.51833
49.5,-2.25,ascending,218.65141
49.5,-2.0,ascending,223.75249
49.5,-1.75,ascending,236.97833
49.5,-1.5,ascending,246.03166
49.5,-1.25,ascending,242.06
49.5,-1.0,ascending,232.96599
49.5,-0.75,ascending,228.38998
49.5,-0.5,ascending,226.805
49.5,-0.25,ascending,226.87834
49.5,-0.0,ascending,228.16098
49.5,0.25,ascending,249.07166
49.5,0.5,ascending,261.5
49.5,0.75,ascending,267.714
49.5,1.0,ascending,272.75497
49.5,1.25,ascending,279.12
49.5,1.5,ascending,284.56998
49.5,1.75,ascending,287.08667
49.5,2.0,ascending,287.6743
49.5,2.25,ascending,287.386
49.5,2.5,ascending,286.675
49.5,2.75,ascending,285.97427
49.5,3.0,ascending,285.69165
49.5,3.25,ascending,285.58142
49.5,3.5,ascending,285.75873
49.5,3.75,ascending,286.25287
49.5,4.0,ascending,286.60165
49.5,4.25,ascending,286.75873
49.5,4.5,ascending,286.71335
49.5,4.75,ascending,286.825
49.5,5.0,ascending,287.03375
49.5,5.25,ascending,287.20667
49.5,5.5,ascending,287.175
49.5,5.75,ascending,287.0
49.5,6.0,ascending,286.8578
49.5,6.25,ascending,287.021
49.5,6.5,ascending,287.3389
49.5,6.75,ascending,287.65497
49.5,7.0,ascending,287.895
49.5,7.25,ascending,288.03363
49.5,7.5,ascending,288.08383
49.5,7.75,ascending,287.89584
49.5,8.0,ascending,287.55
49.5,8.25,ascending,287.15262
49.5,8.5,ascending,286.89847
49.5,10.25,ascending,285.922
49.5,10.5,ascending,285.97
49.5,10.75,ascending,286.0313
49.5,11.0,ascending,286.04666
49.5,11.25,ascending,286.11307
49.5,11.5,ascending,286.22818
49.5,11.75,ascending,286.20886
49.5,12.0,ascending,286.07098
49.5,12.25,ascending,285.85297
49.5,12.5,ascending,285.65
49.5,12.75,ascending,285.39664
49.5,13.0,ascending,285.14624
49.5,13.25,ascending,284.90887
49.5,13.5,ascending,284.62857
49.5,13.75,ascending,284.4
49.5,14.0,ascending,284.42285
49.5,14.25,ascending,284.1957
49.5,14.5,ascending,284.2625
49.5,14.75,ascending,284.10834
49.5,15.0,ascending,283.93143
49.5,15.25,ascending,283.75833
49.5,15.5,ascending,283.54715
49.5,15.75,ascending,283.43375
49.5,16.0,ascending,283.56198
49.5,16.25,ascending,283.8057
49.5,16.5,ascending,284.11002
49.5,16.75,ascending,284.206
49.5,17.0,ascending,283.92856
49.5,17.25,ascending,283.408
49.5,17.5,ascending,283.29715
49.5,17.75,ascending,283.702
49.5,18.0,ascending,283.8
49.5,18.25,ascending,283.28
49.5,18.5,ascending,282.87
49.5,18.75,ascending,282.44666
49.5,19.0,ascending,282.22
49.5,19.25,ascending,281.772
49.5,19.5,ascending,281.535
49.5,19.75,ascending,281.405
49.5,20.0,ascending,281.08167
49.5,20.25,ascending,280.33
49.5,20.5,ascending,279.82834
49.5,20.75,ascending,279.69
49.5,21.0,ascending,279.91998
49.5,21.25,ascending,279.99
49.5,21.5,ascending,279.69858
49.5,21.75,ascending,279.255
49.5,22.0,ascending,279.00833
49.5,22.25,ascending,278.93997
49.5,22.5,ascending,279.065
49.5,22.75,ascending,279.34833
49.5,23.0,ascending,279.66748
49.5,23.25,ascending,280.24
49.5,23.5,ascending,280.93283
49.5,23.75,ascending,281.00333
49.5,24.0,ascending,280.7333
49.5,24.25,ascending,280.46335
49.5,24.5,ascending,280.415
49.5,24.75,ascending,280.33
49.5,25.0,ascending,279.92
49.5,25.25,ascending,278.96667
49.5,25.5,ascending,277.39166
49.5,25.75,ascending,274.39667
49.5,26.0,ascending,267.83572
49.5,26.25,ascending,263.63834
49.5,26.5,ascending,263.7383
49.5,26.75,ascending,266.548
49.5,27.0,ascending,271.28287
49.5,27.25,ascending,276.96143
49.5,27.5,ascending,278.87143
49.5,27.75,ascending,279.62167
49.5,28.0,ascending,280.17285
49.5,28.25,ascending,280.78287
49.5,28.5,ascending,281.6243
49.5,28.75,ascending,283.29248
49.5,29.0,ascending,285.27167
49.5,29.25,ascending,285.79715
49.5,29.5,ascending,286.00873
49.5,29.75,ascending,285.94
49.5,30.0,ascending,286.12442
49.5,30.25,ascending,286.21625
49.5,30.5,ascending,286.24
49.5,30.75,ascending,285.4775
49.5,31.0,ascending,284.75598
49.5,31.25,ascending,284.64624
49.5,31.5,ascending,284.87598
49.5,31.75,ascending,283.9618
49.5,32.0,ascending,281.4418
49.5,32.25,ascending,279.8831
49.5,32.5,ascending,278.91855
49.5,32.75,ascending,281.19873
49.5,33.0,ascending,284.21
49.5,33.25,ascending,286.66165
49.5,35.0,ascending,290.285
49.5,35.25,ascending,290.04465
49.5,35.5,ascending,289.9375
49.5,35.75,ascending,289.91153
49.5,36.0,ascending,290.02182
49.5,36.25,ascending,290.12
49.5,36.5,ascending,290.287
49.5,36.75,ascending,290.22818
49.5,37.0,ascending,290.09445
49.5,37.25,ascending,290.06625
49.5,37.5,ascending,290.16
49.5,37.75,ascending,290.18
49.5,38.0,ascending,290.534
49.75,-13.0,ascending,213.4025
49.75,-12.75,ascending,213.69444
49.75,-12.5,ascending,214.15887
49.75,-12.25,ascending,214.41124
49.75,-12.0,ascending,214.18889
49.75,-11.75,ascending,213.9157
49.75,-11.5,ascending,213.72624
49.75,-11.25,ascending,213.76749
49.75,-11.0,ascending,214.15166
49.75,-10.75,ascending,214.4975
49.75,-10.5,ascending,214.60834
49.75,-10.25,ascending,214.39857
49.75,-10.0,ascending,214.05
49.75,-9.75,ascending,213.70667
49.75,-9.5,ascending,213.54141
49.75,-9.25,ascending,213.48167
49.75,-9.0,ascending,213.38
49.75,-8.75,ascending,213.56429
49.75,-8.5,ascending,214.432
49.75,-8.25,ascending,216.59999
49.75,-8.0,ascending,220.056
49.75,-7.75,ascending,223.75713
49.75,-7.5,ascending,227.67
49.75,-7.25,ascending,232.528
49.75,-7.0,ascending,241.23
49.75,-6.75,ascending,249.056
49.75,-6.5,ascending,250.66167
49.75,-6.25,ascending,248.885
49.75,-6.0,ascending,244.84999
49.75,-5.75,ascending,240.44666
49.75,-5.5,ascending,237.78001
49.75,-5.25,ascending,236.6
49.75,-5.0,ascending,234.67168
49.75,-4.75,ascending,228.21333
49.75,-4.5,ascending,222.7625
49.75,-4.25,ascending,219.505
49.75,-4.0,ascending,218.87997
49.75,-3.75,ascending,219.444
49.75,-3.5,ascending,219.674
49.75,-3.25,ascending,218.674
49.75,-3.0,ascending,217.46832
49.75,-2.75,ascending,216.54199
49.75,-2.5,ascending,216.68831
49.75,-2.25,ascending,217.47
49.75,-2.0,ascending,221.59666
49.75,-1.75,ascending,225.875
49.75,-1.5,ascending,227.176
49.75,-1.25,ascending,223.85999
49.75,-1.0,ascending,219.96
49.75,-0.75,ascending,217.95
49.75,-0.5,ascending,217.00667
49.75,-0.25,ascending,217.43999
49.75,-0.0,ascending,219.61111
49.75,0.25,ascending,229.34499
49.75,0.5,ascending,241.84999
49.75,0.75,ascending,248.08598
49.75,1.0,ascending,254.0925
49.75,1.25,ascending,260.35165
49.75,1.5,ascending,273.83835
49.75,1.75,ascending,283.00168
49.75,2.0,ascending,286.44714
49.75,2.25,ascending,286.76166
49.75,2.5,ascending,285.99167
49.75,2.75,ascending,285.33
49.75,3.0,ascending,284.98428
49.75,3.25,ascending,285.15286
49.75,3.5,ascending,285.406
49.75,3.75,ascending,285.77142
49.75,4.0,ascending,286.27664
49.75,4.25,ascending,286.38858
49.75,4.5,ascending,286.36002
49.75,4.75,ascending,286.1857
49.75,5.0,ascending,286.3857
49.75,5.25,ascending,286.65332
49.75,5.5,ascending,286.65125
49.75,5.75,ascending,286.41666
49.75,6.0,ascending,286.38428
49.75,6.25,ascending,286.7011
49.75,6.5,ascending,287.05444
49.75,6.75,ascending,287.2211
49.75,7.0,ascending,287.388
49.75,7.25,ascending,287.50092
49.75,7.5,ascending,287.44153
49.75,7.75,ascending,287.2277
49.75,8.0,ascending,287.0047
49.75,8.25,ascending,287.01443
49.75,8.5,ascending,287.11273
49.75,10.0,ascending,286.24
49.75,10.25,ascending,286.02
49.75,10.5,ascending,285.99713
49.75,10.75,ascending,286.09152
49.75,11.0,ascending,286.18616
49.75,11.25,ascending,286.34833
49.75,11.5,ascending,286.418
49.75,11.75,ascending,286.3711
49.75,12.0,ascending,286.19666
49.75,12.25,ascending,285.877
49.75,12.5,ascending,285.53113
49.75,12.75,ascending,285.29376
49.75,13.0,ascending,285.1575
49.75,13.25,ascending,285.15143
49.75,13.5,ascending,285.15125
49.75,13.75,ascending,285.25
49.75,14.0,ascending,285.24875
49.75,14.25,ascending,284.965
49.75,14.5,ascending,284.5657
49.75,14.75,ascending,283.995
49.75,15.0,ascending,283.56833
49.75,15.25,ascending,283.335
49.75,15.5,ascending,283.03165
49.75,15.75,ascending,282.96335
49.75,16.0,ascending,283.2383
49.75,16.25,ascending,283.38998
49.75,16.5,ascending,283.75833
49.75,16.75,ascending,284.01
49.75,17.0,ascending,283.966
49.75,17.25,ascending,283.91666
49.75,17.5,ascending,283.92667
49.75,17.75,ascending,283.68
49.75,18.0,ascending,282.78333
49.75,18.25,ascending,281.77332
49.75,18.5,ascending,281.422
49.75,18.75,ascending,281.48
49.75,19.0,ascending,281.415
49.75,19.25,ascending,281.30667
49.75,19.5,ascending,281.52164
49.75,19.75,ascending,281.754
49.75,20.0,ascending,281.448
49.75,20.25,ascending,280.8033
49.75,20.5,ascending,280.55
49.75,20.75,ascending,280.526
49.75,21.0,ascending,280.53198
49.75,21.25,ascending,280.43
49.75,21.5,ascending,280.07797
49.75,21.75,ascending,279.61832
49.75,22.0,ascending,279.2575
49.75,22.25,ascending,279.278
49.75,22.5,ascending,279.51428
49.75,22.75,ascending,279.68
49.75,23.0,ascending,280.49667
49.75,23.25,ascending,281.68668
49.75,23.5,ascending,282.25998
49.75,23.75,ascending,282.052
49.75,24.0,ascending,281.4875
49.75,24.25,ascending,281.235
49.75,24.5,ascending,281.1575
49.75,24.75,ascending,280.9275
49.75,25.0,ascending,280.275
49.75,25.25,ascending,279.1425
49.75,25.5,ascending,277.89832
49.75,25.75,ascending,275.83832
49.75,26.0,ascending,271.94
49.75,26.25,ascending,267.174
49.75,26.5,ascending,263.1783
49.75,26.75,ascending,263.06
49.75,27.0,ascending,269.296
49.75,27.25,ascending,274.22
49.75,27.5,ascending,276.52664
49.75,27.75,ascending,277.1
49.75,28.0,ascending,277.872
49.75,28.25,ascending,278.86142
49.75,28.5,ascending,279.4471
49.75,28.75,ascending,280.27
49.75,29.0,ascending,282.62555
49.75,29.25,ascending,284.354
49.75,29.5,ascending,284.76715
49.75,29.75,ascending,284.6743
49.75,30.0,ascending,284.51572
49.75,30.25,ascending,284.6057
49.75,30.5,ascending,284.72125
49.75,30.75,ascending,283.9833
49.75,31.0,ascending,282.18222
49.75,31.25,ascending,281.3
49.75,31.5,ascending,282.152
49.75,31.75,ascending,284.534
49.75,32.0,ascending,285.6736
49.75,32.25,ascending,286.29083
49.75,32.5,ascending,287.10666
49.75,32.75,ascending,288.12213
49.75,33.0,ascending,289.00476
49.75,33.25,ascending,289.94666
49.75,34.75,ascending,291.69998
49.75,35.0,ascending,291.21875
49.75,35.25,ascending,290.7277
49.75,35.5,ascending,290.36237
49.75,35.75,ascending,289.95502
49.75,36.0,ascending,289.6782
49.75,36.25,ascending,289.523
49.75,36.5,ascending,289.416
49.75,36.75,ascending,289.02222
49.75,37.0,ascending,288.96332
49.75,37.25,ascending,289.12872
49.75,37.5,ascending,289.42874
49.75,37.75,ascending,289.91623
49.75,38.0,ascending,290.54498
50.0,-13.0,ascending,213.7825
50.0,-12.75,ascending,213.82
50.0,-12.5,ascending,213.76625
50.0,-12.25,ascending,213.67332
50.0,-12.0,ascending,213.48856
50.0,-11.75,ascending,213.43625
50.0,-11.5,ascending,213.36554
50.0,-11.25,ascending,213.43999
50.0,-11.0,ascending,213.77144
50.0,-10.75,ascending,214.17
50.0,-10.5,ascending,214.5757
50.0,-10.25,ascending,214.53714
50.0,-10.0,ascending,214.09166
50.0,-9.75,ascending,213.5957
50.0,-9.5,ascending,213.19429
50.0,-9.25,ascending,213.07332
50.0,-9.0,ascending,212.93713
50.0,-8.75,ascending,213.18
50.0,-8.5,ascending,214.0
50.0,-8.25,ascending,216.53142
50.0,-8.0,ascending,220.97166
50.0,-7.75,ascending,226.452
50.0,-7.5,ascending,231.11499
50.0,-7.25,ascending,236.61165
50.0,-7.0,ascending,242.88428
50.0,-6.75,ascending,246.56999
50.0,-6.5,ascending,246.65833
50.0,-6.25,ascending,245.66599
50.0,-6.0,ascending,243.42665
50.0,-5.75,ascending,242.79
50.0,-5.5,ascending,243.94666
50.0,-5.25,ascending,245.32166
50.0,-5.0,ascending,243.316
50.0,-4.75,ascending,238.30798
50.0,-4.5,ascending,231.58333
50.0,-4.25,ascending,229.76599
50.0,-4.0,ascending,228.9925
50.0,-3.75,ascending,234.47571
50.0,-3.5,ascending,231.168
50.0,-3.25,ascending,227.42
50.0,-3.0,ascending,221.50832
50.0,-2.75,ascending,218.60333
50.0,-2.5,ascending,218.702
50.0,-2.25,ascending,219.22998
50.0,-2.0,ascending,220.265
50.0,-1.75,ascending,220.48198
50.0,-1.5,ascending,219.91167
50.0,-1.25,ascending,219.21332
50.0,-1.0,ascending,217.875
50.0,-0.75,ascending,216.825
50.0,-0.5,ascending,216.48167
50.0,-0.25,ascending,216.69832
50.0,-0.0,ascending,217.22112
50.0,0.25,ascending,219.79333
50.0,0.5,ascending,223.01666
50.0,0.75,ascending,227.30165
50.0,1.0,ascending,233.88
50.0,1.25,ascending,240.19165
50.0,1.5,ascending,260.4833
50.0,1.75,ascending,277.168
50.0,2.0,ascending,284.31497
50.0,2.25,ascending,286.29715
50.0,2.5,ascending,285.87167
50.0,2.75,ascending,285.10715
50.0,3.0,ascending,284.70166
50.0,3.25,ascending,284.77664
50.0,3.5,ascending,285.1057
50.0,3.75,ascending,285.29333
50.0,4.0,ascending,285.4625
50.0,4.25,ascending,285.52798
50.0,4.5,ascending,285.42123
50.0,4.75,ascending,285.3257
50.0,5.0,ascending,285.49875
50.0,5.25,ascending,285.81
50.0,5.5,ascending,286.2525
50.0,5.75,ascending,286.31143
50.0,6.0,ascending,286.309
50.0,6.25,ascending,286.595
50.0,6.5,ascending,286.951
50.0,6.75,ascending,287.0618
50.0,7.0,ascending,286.9575
50.0,7.25,ascending,286.93362
50.0,7.5,ascending,287.00497
50.0,7.75,ascending,286.98502
50.0,8.0,ascending,286.765
50.0,8.25,ascending,286.66284
50.0,8.5,ascending,286.65665
50.0,10.0,ascending,286.72415
50.0,10.25,ascending,286.48334
50.0,10.5,ascending,286.37082
50.0,10.75,ascending,286.33914
50.0,11.0,ascending,286.43857
50.0,11.25,ascending,286.50775
50.0,11.5,ascending,286.461
50.0,11.75,ascending,286.31332
50.0,12.0,ascending,286.01
50.0,12.25,ascending,285.63748
50.0,12.5,ascending,285.3375
50.0,12.75,ascending,285.17715
50.0,13.0,ascending,285.19556
50.0,13.25,ascending,285.3175
50.0,13.5,ascending,285.43375
50.0,13.75,ascending,285.40143
50.0,14.0,ascending,285.17715
50.0,14.25,ascending,284.58
50.0,14.5,ascending,283.89334
50.0,14.75,ascending,283.38
50.0,15.0,ascending,283.03665
50.0,15.25,ascending,282.88
50.0,15.5,ascending,282.77142
50.0,15.75,ascending,282.746
50.0,16.0,ascending,282.87
50.0,16.25,ascending,283.27832
50.0,16.5,ascending,283.81168
50.0,16.75,ascending,284.15857
50.0,17.0,ascending,284.27332
50.0,17.25,ascending,284.188
50.0,17.5,ascending,283.69
50.0,17.75,ascending,282.812
50.0,18.0,ascending,281.744
50.0,18.25,ascending,281.372
50.0,18.5,ascending,281.725
50.0,18.75,ascending,282.04333
50.0,19.0,ascending,282.018
50.0,19.25,ascending,282.055
50.0,19.5,ascending,282.22333
50.0,19.75,ascending,282.27664
50.0,20.0,ascending,281.85
50.0,20.25,ascending,281.31998
50.0,20.5,ascending,281.426
50.0,20.75,ascending,281.51428
50.0,21.0,ascending,281.486
50.0,21.25,ascending,281.518
50.0,21.5,ascending,281.29428
50.0,21.75,ascending,281.034
50.0,22.0,ascending,280.38998
50.0,22.25,ascending,280.44833
50.0,22.5,ascending,280.478
50.0,22.75,ascending,280.69168
50.0,23.0,ascending,281.9833
50.0,23.25,ascending,283.13998
50.0,23.5,ascending,283.215
50.0,23.75,ascending,282.72998
50.0,24.0,ascending,282.28665
50.0,24.25,ascending,282.01166
50.0,24.5,ascending,281.81165
50.0,24.75,ascending,281.47165
50.0,25.0,ascending,280.655
50.0,25.25,ascending,279.43167
50.0,25.5,ascending,278.146
50.0,25.75,ascending,276.70166
50.0,26.0,ascending,274.25168
50.0,26.25,ascending,271.11832
50.0,26.5,ascending,267.19833
50.0,26.75,ascending,264.59833
50.0,27.0,ascending,267.77142
50.0,27.25,ascending,272.95285
50.0,27.5,ascending,273.90833
50.0,27.75,ascending,272.84164
50.0,28.0,ascending,273.32285
50.0,28.25,ascending,275.48
50.0,28.5,ascending,276.85834
50.0,28.75,ascending,277.38123
50.0,29.0,ascending,279.59167
50.0,29.25,ascending,282.73123
50.0,29.5,ascending,284.43445
50.0,29.75,ascending,284.87
50.0,30.0,ascending,284.29333
50.0,30.25,ascending,283.89374
50.0,30.5,ascending,283.94873
50.0,30.75,ascending,284.0
50.0,31.0,ascending,283.61798
50.0,31.25,ascending,282.174
50.0,31.5,ascending,282.201
50.0,31.75,ascending,283.66748
50.0,32.0,ascending,285.60333
50.0,32.25,ascending,286.9225
50.0,32.5,ascending,287.92642
50.0,32.75,ascending,288.88187
50.0,33.0,ascending,289.73868
50.0,33.25,ascending,290.34335
50.0,34.75,ascending,291.57333
50.0,35.0,ascending,291.43997
50.0,35.25,ascending,291.08307
50.0,35.5,ascending,290.52927
50.0,35.75,ascending,289.73584
50.0,36.0,ascending,289.152
50.0,36.25,ascending,288.74
50.0,36.5,ascending,288.41
50.0,36.75,ascending,288.08374
50.0,37.0,ascending,288.07373
50.0,37.25,ascending,288.38
50.0,37.5,ascending,289.05402
50.0,37.75,ascending,289.73712
50.0,38.0,ascending,290.23248
50.25,-13.0,ascending,214.37
50.25,-12.75,ascending,213.96124
50.25,-12.5,ascending,213.51111
50.25,-12.25,ascending,213.24625
50.25,-12.0,ascending,213.13875
50.25,-11.75,ascending,213.08286
50.25,-11.5,ascending,213.10748
50.25,-11.25,ascending,213.165
50.25,-11.0,ascending,213.4175
50.25,-10.75,ascending,213.83832
50.25,-10.5,ascending,214.30624
50.25,-10.25,ascending,214.38832
50.25,-10.0,ascending,214.12856
50.25,-9.75,ascending,213.73999
50.25,-9.5,ascending,213.27998
50.25,-9.25,ascending,212.895
50.25,-9.0,ascending,212.66599
50.25,-8.75,ascending,212.75143
50.25,-8.5,ascending,213.62834
50.25,-8.25,ascending,215.76833
50.25,-8.0,ascending,220.81285
50.25,-7.75,ascending,227.0
50.25,-7.5,ascending,232.552
50.25,-7.25,ascending,236.56831
50.25,-7.0,ascending,239.81166
50.25,-6.75,ascending,239.5725
50.25,-6.5,ascending,239.95801
50.25,-6.25,ascending,240.93666
50.25,-6.0,ascending,241.668
50.25,-5.75,ascending,243.95401
50.25,-5.5,ascending,247.81198
50.25,-5.25,ascending,250.18599
50.25,-5.0,ascending,249.60832
50.25,-4.75,ascending,247.13799
50.25,-4.5,ascending,245.42665
50.25,-4.25,ascending,247.58598
50.25,-4.0,ascending,253.31142
50.25,-3.75,ascending,255.84999
50.25,-3.5,ascending,250.82332
50.25,-3.25,ascending,238.7225
50.25,-3.0,ascending,229.85333
50.25,-2.75,ascending,228.11398
50.25,-2.5,ascending,228.17998
50.25,-2.25,ascending,230.70166
50.25,-2.0,ascending,229.00499
50.25,-1.75,ascending,227.276
50.25,-1.5,ascending,226.29834
50.25,-1.25,ascending,227.06665
50.25,-1.0,ascending,226.14998
50.25,-0.75,ascending,224.23665
50.25,-0.5,ascending,223.24666
50.25,-0.25,ascending,222.94167
50.25,-0.0,ascending,222.64333
50.25,0.25,ascending,222.84166
50.25,0.5,ascending,221.41167
50.25,0.75,ascending,220.17499
50.25,1.0,ascending,221.06667
50.25,1.25,ascending,227.68198
50.25,1.5,ascending,246.71167
50.25,1.75,ascending,270.79333
50.25,2.0,ascending,282.956
50.25,2.25,ascending,285.32333
50.25,2.5,ascending,285.37668
50.25,2.75,ascending,285.1133
50.25,3.0,ascending,284.67142
50.25,3.25,ascending,284.562
50.25,3.5,ascending,284.6843
50.25,3.75,ascending,284.78143
50.25,4.0,ascending,284.56998
50.25,4.25,ascending,284.4575
50.25,4.5,ascending,284.26428
50.25,4.75,ascending,284.3857
50.25,5.0,ascending,284.4643
50.25,5.25,ascending,284.89285
50.25,5.5,ascending,285.62
50.25,5.75,ascending,286.27875
50.25,6.0,ascending,286.39334
50.25,6.25,ascending,286.375
50.25,6.5,ascending,286.511
50.25,6.75,ascending,286.757
50.25,7.0,ascending,286.787
50.25,7.25,ascending,286.73093
50.25,7.5,ascending,286.82166
50.25,7.75,ascending,287.10428
50.25,8.0,ascending,287.25812
50.25,8.25,ascending,287.19647
50.25,8.5,ascending,287.12
50.25,9.75,ascending,287.035
50.25,10.0,ascending,287.16873
50.25,10.25,ascending,287.14713
50.25,10.5,ascending,287.095
50.25,10.75,ascending,286.9925
50.25,11.0,ascending,287.11
50.25,11.25,ascending,287.021
50.25,11.5,ascending,286.8611
50.25,11.75,ascending,286.56668
50.25,12.0,ascending,286.21555
50.25,12.25,ascending,285.91125
50.25,12.5,ascending,285.6125
50.25,12.75,ascending,285.37
50.25,13.0,ascending,285.28665
50.25,13.25,ascending,285.18286
50.25,13.5,ascending,285.04
50.25,13.75,ascending,284.79333
50.25,14.0,ascending,284.54144
50.25,14.25,ascending,283.97333
50.25,14.5,ascending,283.58713
50.25,14.75,ascending,283.53857
50.25,15.0,ascending,283.63284
50.25,15.25,ascending,283.73166
50.25,15.5,ascending,283.57333
50.25,15.75,ascending,283.45334
50.25,16.0,ascending,283.64163
50.25,16.25,ascending,283.83572
50.25,16.5,ascending,284.13165
50.25,16.75,ascending,284.19498
50.25,17.0,ascending,283.91202
50.25,17.25,ascending,283.41165
50.25,17.5,ascending,282.83667
50.25,17.75,ascending,282.376
50.25,18.0,ascending,282.65714
50.25,18.25,ascending,283.02597
50.25,18.5,ascending,283.83835
50.25,18.75,ascending,284.148
50.25,19.0,ascending,283.79666
50.25,19.25,ascending,283.61166
50.25,19.5,ascending,283.82166
50.25,19.75,ascending,283.494
50.25,20.0,ascending,282.88998
50.25,20.25,ascending,282.672
50.25,20.5,ascending,282.75998
50.25,20.75,ascending,282.86002
50.25,21.0,ascending,282.86
50.25,21.25,ascending,282.888
50.25,21.5,ascending,283.0
50.25,21.75,ascending,282.702
50.25,22.0,ascending,282.62
50.25,22.25,ascending,282.2825
50.25,22.5,ascending,282.074
50.25,22.75,ascending,282.28
50.25,23.0,ascending,283.002
50.25,23.25,ascending,283.6975
50.25,23.5,ascending,283.62332
50.25,23.75,ascending,283.08163
50.25,24.0,ascending,282.64334
50.25,24.25,ascending,282.3583
50.25,24.5,ascending,282.09164
50.25,24.75,ascending,281.735
50.25,25.0,ascending,280.88498
50.25,25.25,ascending,279.63998
50.25,25.5,ascending,278.56198
50.25,25.75,ascending,277.25168
50.25,26.0,ascending,275.45667
50.25,26.25,ascending,273.15
50.25,26.5,ascending,270.604
50.25,26.75,ascending,268.70667
50.25,27.0,ascending,268.73666
50.25,27.25,ascending,270.125
50.25,27.5,ascending,270.44427
50.25,27.75,ascending,268.772
50.25,28.0,ascending,266.3743
50.25,28.25,ascending,268.90164
50.25,28.5,ascending,273.18713
50.25,28.75,ascending,275.62143
50.25,29.0,ascending,278.07285
50.25,29.25,ascending,281.95856
50.25,29.5,ascending,284.75168
50.25,29.75,ascending,285.3343
50.25,30.0,ascending,284.13428
50.25,30.25,ascending,282.93286
50.25,30.5,ascending,283.547
50.25,30.75,ascending,284.8643
50.25,31.0,ascending,285.5875
50.25,31.25,ascending,285.831
50.25,31.5,ascending,285.382
50.25,31.75,ascending,285.12997
50.25,32.0,ascending,285.60666
50.25,32.25,ascending,286.52582
50.25,32.5,ascending,287.69733
50.25,32.75,ascending,288.7653
50.25,33.0,ascending,289.62714
50.25,34.5,ascending,291.5325
50.25,34.75,ascending,291.35867
50.25,35.0,ascending,291.1192
50.25,35.25,ascending,290.71
50.25,35.5,ascending,290.07916
50.25,35.75,ascending,289.47998
50.25,36.0,ascending,288.99908
50.25,36.25,ascending,288.68222
50.25,36.5,ascending,288.611
50.25,36.75,ascending,288.53375
50.25,37.0,ascending,288.51373
50.25,37.25,ascending,288.76373
50.25,37.5,ascending,289.1275
50.25,37.75,ascending,289.46857
50.25,38.0,ascending,289.64664
50.5,-13.0,ascending,213.885
50.5,-12.75,ascending,213.61143
50.5,-12.5,ascending,213.50223
50.5,-12.25,ascending,213.54124
50.5,-12.0,ascending,213.63875
50.5,-11.75,ascending,213.71858
50.5,-11.5,ascending,213.8
50.5,-11.25,ascending,213.54498
50.5,-11.0,ascending,213.56221
50.5,-10.75,ascending,213.75
50.5,-10.5,ascending,214.10715
50.5,-10.25,ascending,214.46832
50.5,-10.0,ascending,214.57625
50.5,-9.75,ascending,214.28333
50.5,-9.5,ascending,213.85167
50.5,-9.25,ascending,213.16428
50.5,-9.0,ascending,212.59833
50.5,-8.75,ascending,212.42801
50.5,-8.5,ascending,213.11165
50.5,-8.25,ascending,215.11002
50.5,-8.0,ascending,219.24571
50.5,-7.75,ascending,226.20166
50.5,-7.5,ascending,232.44167
50.5,-7.25,ascending,236.55
50.5,-7.0,ascending,237.18834
50.5,-6.75,ascending,235.885
50.5,-6.5,ascending,235.52998
50.5,-6.25,ascending,236.95667
50.5,-6.0,ascending,239.02333
50.5,-5.75,ascending,241.842
50.5,-5.5,ascending,245.80666
50.5,-5.25,ascending,248.16667
50.5,-5.0,ascending,248.7
50.5,-4.75,ascending,248.94331
50.5,-4.5,ascending,252.62
50.5,-4.25,ascending,260.722
50.5,-4.0,ascending,268.94168
50.5,-3.75,ascending,271.045
50.5,-3.5,ascending,266.248
50.5,-3.25,ascending,254.81331
50.5,-3.0,ascending,249.022
50.5,-2.75,ascending,245.83398
50.5,-2.5,ascending,250.33714
50.5,-2.25,ascending,251.78749
50.5,-2.0,ascending,248.95166
50.5,-1.75,ascending,247.93333
50.5,-1.5,ascending,248.06999
50.5,-1.25,ascending,246.952
50.5,-1.0,ascending,242.3225
50.5,-0.75,ascending,239.6525
50.5,-0.5,ascending,238.31749
50.5,-0.25,ascending,237.565
50.5,-0.0,ascending,229.24857
50.5,0.25,ascending,239.46399
50.5,0.5,ascending,236.99333
50.5,0.75,ascending,230.64
50.5,1.0,ascending,225.14166
50.5,1.25,ascending,225.39
50.5,1.5,ascending,237.94832
50.5,1.75,ascending,260.775
50.5,2.0,ascending,273.97144
50.5,2.25,ascending,280.25
50.5,2.5,ascending,281.45142
50.5,2.75,ascending,283.09167
50.5,3.0,ascending,283.9233
50.5,3.25,ascending,284.06625
50.5,3.5,ascending,284.13
50.5,3.75,ascending,284.16144
50.5,4.0,ascending,284.13858
50.5,4.25,ascending,284.02142
50.5,4.5,ascending,283.94666
50.5,4.75,ascending,283.87625
50.5,5.0,ascending,283.8889
50.5,5.25,ascending,283.99857
50.5,5.5,ascending,284.26624
50.5,5.75,ascending,285.12625
50.5,6.0,ascending,285.3622
50.5,6.25,ascending,285.47556
50.5,6.5,ascending,285.3578
50.5,6.75,ascending,285.601
50.5,7.0,ascending,286.27582
50.5,7.25,ascending,286.84818
50.5,7.5,ascending,287.15332
50.5,7.75,ascending,287.31
50.5,8.0,ascending,287.42722
50.5,8.25,ascending,287.4855
50.5,9.5,ascending,286.9733
50.5,9.75,ascending,286.91
50.5,10.0,ascending,287.00467
50.5,10.25,ascending,287.13748
50.5,10.5,ascending,287.315
50.5,10.75,ascending,287.45633
50.5,11.0,ascending,287.579
50.5,11.25,ascending,287.53775
50.5,11.5,ascending,287.2922
50.5,11.75,ascending,286.87665
50.5,12.0,ascending,286.457
50.5,12.25,ascending,286.05374
50.5,12.5,ascending,285.77426
50.5,12.75,ascending,285.42224
50.5,13.0,ascending,285.0675
50.5,13.25,ascending,284.81833
50.5,13.5,ascending,284.57498
50.5,13.75,ascending,284.33856
50.5,14.0,ascending,284.15857
50.5,14.25,ascending,284.12668
50.5,14.5,ascending,284.40375
50.5,14.75,ascending,284.79
50.5,15.0,ascending,285.05716
50.5,15.25,ascending,284.9
50.5,15.5,ascending,284.81665
50.5,15.75,ascending,284.58572
50.5,16.0,ascending,284.4957
50.5,16.25,ascending,284.402
50.5,16.5,ascending,284.2557
50.5,16.75,ascending,283.82498
50.5,17.0,ascending,283.27798
50.5,17.25,ascending,282.836
50.5,17.5,ascending,282.91833
50.5,17.75,ascending,283.5533
50.5,18.0,ascending,284.485
50.5,18.25,ascending,285.28833
50.5,18.5,ascending,285.7283
50.5,18.75,ascending,285.855
50.5,19.0,ascending,285.75165
50.5,19.25,ascending,285.61798
50.5,19.5,ascending,285.448
50.5,19.75,ascending,285.28198
50.5,20.0,ascending,284.92715
50.5,20.25,ascending,284.636
50.5,20.5,ascending,284.50598
50.5,20.75,ascending,284.44833
50.5,21.0,ascending,284.302
50.5,21.25,ascending,284.36
50.5,21.5,ascending,284.216
50.5,21.75,ascending,284.36166
50.5,22.0,ascending,284.408
50.5,22.25,ascending,283.84
50.5,22.5,ascending,283.40833
50.5,22.75,ascending,283.104
50.5,23.0,ascending,283.27798
50.5,23.25,ascending,283.4883
50.5,23.5,ascending,283.27167
50.5,23.75,ascending,282.87668
50.5,24.0,ascending,282.70667
50.5,24.25,ascending,282.595
50.5,24.5,ascending,282.34164
50.5,24.75,ascending,281.926
50.5,25.0,ascending,281.16833
50.5,25.25,ascending,280.0
50.5,25.5,ascending,278.93832
50.5,25.75,ascending,277.99332
50.5,26.0,ascending,276.11667
50.5,26.25,ascending,274.06168
50.5,26.5,ascending,272.47876
50.5,26.75,ascending,270.685
50.5,27.0,ascending,268.96002
50.5,27.25,ascending,267.63333
50.5,27.5,ascending,266.86142
50.5,27.75,ascending,266.19998
50.5,28.0,ascending,263.66666
50.5,28.25,ascending,263.78
50.5,28.5,ascending,269.44284
50.5,28.75,ascending,274.51834
50.5,29.0,ascending,278.94876
50.5,29.25,ascending,283.025
50.5,29.5,ascending,285.66428
50.5,29.75,ascending,286.2725
50.5,30.0,ascending,283.402
50.5,30.25,ascending,280.21286
50.5,30.5,ascending,281.24332
50.5,30.75,ascending,284.7489
50.5,31.0,ascending,286.497
50.5,31.25,ascending,286.89557
50.5,31.5,ascending,286.84555
50.5,31.75,ascending,286.80417
50.5,32.0,ascending,286.96667
50.5,32.25,ascending,287.3654
50.5,32.5,ascending,288.255
50.5,32.75,ascending,289.06686
50.5,33.0,ascending,289.60498
50.5,34.25,ascending,291.58667
50.5,34.5,ascending,291.54065
50.5,34.75,ascending,291.422
50.5,35.0,ascending,291.02927
50.5,35.25,ascending,290.56384
50.5,35.5,ascending,290.05112
50.5,35.75,ascending,289.621
50.5,36.0,ascending,289.319
50.5,36.25,ascending,289.104
50.5,36.5,ascending,288.9475
50.5,36.75,ascending,288.70874
50.5,37.0,ascending,288.635
50.5,37.25,ascending,288.78998
50.5,37.5,ascending,289.07715
50.5,37.75,ascending,289.3875
50.5,38.0,ascending,289.57748
50.75,-13.0,ascending,213.875
50.75,-12.75,ascending,213.79
50.75,-12.5,ascending,214.02875
50.75,-12.25,ascending,214.3425
50.75,-12.0,ascending,214.65714
50.75,-11.75,ascending,214.87428
50.75,-11.5,ascending,214.73143
50.75,-11.25,ascending,214.19856
50.75,-11.0,ascending,213.82166
50.75,-10.75,ascending,213.73332
50.75,-10.5,ascending,214.03572
50.75,-10.25,ascending,214.57332
50.75,-10.0,ascending,215.07832
50.75,-9.75,ascending,214.95833
50.75,-9.5,ascending,214.20332
50.75,-9.25,ascending,213.25601
50.75,-9.0,ascending,212.60832
50.75,-8.75,ascending,212.47499
50.75,-8.5,ascending,212.9157
50.75,-8.25,ascending,214.538
50.75,-8.0,ascending,218.63571
50.75,-7.75,ascending,224.78198
50.75,-7.5,ascending,231.104
50.75,-7.25,ascending,234.81166
50.75,-7.0,ascending,234.24333
50.75,-6.75,ascending,232.81166
50.75,-6.5,ascending,233.25
50.75,-6.25,ascending,234.324
50.75,-6.0,ascending,235.73999
50.75,-5.75,ascending,238.32666
50.75,-5.5,ascending,241.88399
50.75,-5.25,ascending,243.71599
50.75,-5.0,ascending,244.10999
50.75,-4.75,ascending,243.06667
50.75,-4.5,ascending,248.932
50.75,-4.25,ascending,255.76166
50.75,-4.0,ascending,266.972
50.75,-3.75,ascending,271.06
50.75,-3.5,ascending,270.222
50.75,-3.25,ascending,267.124
50.75,-3.0,ascending,264.348
50.75,-2.75,ascending,267.01498
50.75,-2.5,ascending,270.59998
50.75,-2.25,ascending,272.50833
50.75,-2.0,ascending,273.665
50.75,-1.75,ascending,272.80002
50.75,-1.5,ascending,269.5725
50.75,-1.25,ascending,269.1275
50.75,-1.0,ascending,263.41666
50.75,-0.75,ascending,261.83
50.75,-0.5,ascending,260.82666
50.75,-0.25,ascending,259.94833
50.75,-0.0,ascending,246.30333
50.75,0.25,ascending,260.434
50.75,0.5,ascending,258.602
50.75,0.75,ascending,250.87334
50.75,1.0,ascending,239.26
50.75,1.25,ascending,231.48999
50.75,1.5,ascending,233.26399
50.75,1.75,ascending,245.415
50.75,2.0,ascending,255.09
50.75,2.25,ascending,264.09833
50.75,2.5,ascending,266.66666
50.75,2.75,ascending,275.665
50.75,3.0,ascending,278.36667
50.75,3.25,ascending,281.11142
50.75,3.5,ascending,282.51166
50.75,3.75,ascending,282.47858
50.75,4.0,ascending,283.22427
50.75,4.25,ascending,283.67667
50.75,4.5,ascending,284.23553
50.75,4.75,ascending,284.51498
50.75,5.0,ascending,284.40143
50.75,5.25,ascending,284.0175
50.75,5.5,ascending,283.50668
50.75,5.75,ascending,283.29855
50.75,6.0,ascending,283.47375
50.75,6.25,ascending,283.51398
50.75,6.5,ascending,283.722
50.75,6.75,ascending,284.22446
50.75,7.0,ascending,285.397
50.75,7.25,ascending,286.6783
50.75,7.5,ascending,287.44748
50.75,7.75,ascending,287.74664
50.75,8.0,ascending,287.858
50.75,8.25,ascending,287.81934
50.75,9.5,ascending,287.06357
50.75,9.75,ascending,287.1077
50.75,10.0,ascending,287.16
50.75,10.25,ascending,287.2682
50.75,10.5,ascending,287.41544
50.75,10.75,ascending,287.50333
50.75,11.0,ascending,287.511
50.75,11.25,ascending,287.40625
50.75,11.5,ascending,287.15778
50.75,11.75,ascending,286.71445
50.75,12.0,ascending,286.19748
50.75,12.25,ascending,285.7543
50.75,12.5,ascending,285.2975
50.75,12.75,ascending,284.63126
50.75,13.0,ascending,284.42715
50.75,13.25,ascending,284.36856
50.75,13.5,ascending,284.35333
50.75,13.75,ascending,284.395
50.75,14.0,ascending,284.52
50.75,14.25,ascending,284.835
50.75,14.5,ascending,285.37
50.75,14.75,ascending,285.57
50.75,15.0,ascending,285.60165
50.75,15.25,ascending,285.485
50.75,15.5,ascending,285.39667
50.75,15.75,ascending,285.292
50.75,16.0,ascending,285.03165
50.75,16.25,ascending,284.65802
50.75,16.5,ascending,284.15332
50.75,16.75,ascending,283.65
50.75,17.0,ascending,283.34665
50.75,17.25,ascending,283.51666
50.75,17.5,ascending,283.996
50.75,17.75,ascending,284.932
50.75,18.0,ascending,285.752
50.75,18.25,ascending,286.256
50.75,18.5,ascending,286.56998
50.75,18.75,ascending,286.815
50.75,19.0,ascending,286.865
50.75,19.25,ascending,286.82166
50.75,19.5,ascending,286.784
50.75,19.75,ascending,286.81
50.75,20.0,ascending,286.71997
50.75,20.25,ascending,286.46002
50.75,20.5,ascending,286.12
50.75,20.75,ascending,285.8075
50.75,21.0,ascending,285.58
50.75,21.25,ascending,285.395
50.75,21.5,ascending,285.31665
50.75,21.75,ascending,285.34
50.75,22.0,ascending,284.97998
50.75,22.25,ascending,284.34332
50.75,22.5,ascending,283.53
50.75,22.75,ascending,282.95
50.75,23.0,ascending,282.94998
50.75,23.25,ascending,283.12997
50.75,23.5,ascending,283.27
50.75,23.75,ascending,283.31665
50.75,24.0,ascending,283.3025
50.75,24.25,ascending,283.41498
50.75,24.5,ascending,283.272
50.75,24.75,ascending,282.77832
50.75,25.0,ascending,281.96332
50.75,25.25,ascending,281.13998
50.75,25.5,ascending,280.355
50.75,25.75,ascending,279.6125
50.75,26.0,ascending,278.31
50.75,26.25,ascending,276.04666
50.75,26.5,ascending,274.93
50.75,26.75,ascending,273.2614
50.75,27.0,ascending,270.75665
50.75,27.25,ascending,267.935
50.75,27.5,ascending,267.012
50.75,27.75,ascending,267.82285
50.75,28.0,ascending,267.34665
50.75,28.25,ascending,268.18857
50.75,28.5,ascending,270.41428
50.75,28.75,ascending,276.55832
50.75,29.0,ascending,281.00858
50.75,29.25,ascending,284.09167
50.75,29.5,ascending,286.76248
50.75,29.75,ascending,287.33667
50.75,30.0,ascending,284.4057
50.75,30.25,ascending,279.39664
50.75,30.5,ascending,278.5557
50.75,30.75,ascending,283.16666
50.75,31.0,ascending,286.7725
50.75,31.25,ascending,287.41223
50.75,31.5,ascending,287.38272
50.75,31.75,ascending,287.55362
50.75,32.0,ascending,287.8109
50.75,32.25,ascending,288.0554
50.75,32.5,ascending,288.38998
50.75,32.75,ascending,288.90524
50.75,33.0,ascending,289.28308
50.75,34.0,ascending,291.16
50.75,34.25,ascending,291.28693
50.75,34.5,ascending,291.20062
50.75,34.75,ascending,290.92
50.75,35.0,ascending,290.29214
50.75,35.25,ascending,289.87332
50.75,35.5,ascending,289.65182
50.75,35.75,ascending,289.50333
50.75,36.0,ascending,289.42444
50.75,36.25,ascending,289.27667
50.75,36.5,ascending,289.0575
50.75,36.75,ascending,288.83
50.75,37.0,ascending,288.8
50.75,37.25,ascending,288.98
50.75,37.5,ascending,289.2875
50.75,37.75,ascending,289.57748
50.75,38.0,ascending,289.75668
51.0,-13.0,ascending,214.36665
51.0,-12.75,ascending,214.278
51.0,-12.5,ascending,214.15572
51.0,-12.25,ascending,214.19286
51.0,-12.0,ascending,214.42667
51.0,-11.75,ascending,214.42665
51.0,-11.5,ascending,214.4325
51.0,-11.25,ascending,214.02284
51.0,-11.0,ascending,213.735
51.0,-10.75,ascending,213.7775
51.0,-10.5,ascending,214.21501
51.0,-10.25,ascending,214.75142
51.0,-10.0,ascending,214.86499
51.0,-9.75,ascending,214.53499
51.0,-9.5,ascending,213.98833
51.0,-9.25,ascending,214.04857
51.0,-9.0,ascending,214.91
51.0,-8.75,ascending,214.88
51.0,-8.5,ascending,214.986
51.0,-8.25,ascending,215.65498
51.0,-8.0,ascending,217.69
51.0,-7.75,ascending,222.56
51.0,-7.5,ascending,227.16833
51.0,-7.25,ascending,230.05
51.0,-7.0,ascending,230.372
51.0,-6.75,ascending,230.418
51.0,-6.5,ascending,230.6525
51.0,-6.25,ascending,231.254
51.0,-6.0,ascending,231.476
51.0,-5.75,ascending,232.026
51.0,-5.5,ascending,235.39833
51.0,-5.25,ascending,238.765
51.0,-5.0,ascending,238.87166
51.0,-4.75,ascending,237.405
51.0,-4.5,ascending,237.545
51.0,-4.25,ascending,242.7275
51.0,-4.0,ascending,252.32999
51.0,-3.75,ascending,260.668
51.0,-3.5,ascending,263.05167
51.0,-3.25,ascending,265.97598
51.0,-3.0,ascending,268.65665
51.0,-2.75,ascending,273.91998
51.0,-2.5,ascending,280.03333
51.0,-2.25,ascending,283.70667
51.0,-2.0,ascending,284.81998
51.0,-1.75,ascending,284.12
51.0,-1.5,ascending,282.305
51.0,-1.25,ascending,281.92
51.0,-1.0,ascending,281.44333
51.0,-0.75,ascending,281.34332
51.0,-0.5,ascending,280.804
51.0,-0.25,ascending,280.2333
51.0,-0.0,ascending,259.77667
51.0,0.25,ascending,278.89835
51.0,0.5,ascending,275.384
51.0,0.75,ascending,267.86002
51.0,1.0,ascending,254.18666
51.0,1.25,ascending,239.305
51.0,1.5,ascending,229.88857
51.0,1.75,ascending,230.05165
51.0,2.0,ascending,234.12334
51.0,2.25,ascending,238.72499
51.0,2.5,ascending,241.21167
51.0,2.75,ascending,254.26375
51.0,3.0,ascending,263.8033
51.0,3.25,ascending,268.04333
51.0,3.5,ascending,274.3425
51.0,3.75,ascending,277.475
51.0,4.0,ascending,278.51572
51.0,4.25,ascending,281.6857
51.0,4.5,ascending,283.74713
51.0,4.75,ascending,284.83426
51.0,5.0,ascending,285.09332
51.0,5.25,ascending,284.82144
51.0,5.5,ascending,283.94873
51.0,5.75,ascending,282.95108
51.0,6.0,ascending,282.555
51.0,6.25,ascending,282.45248
51.0,6.5,ascending,282.63272
51.0,6.75,ascending,283.42453
51.0,7.0,ascending,284.78363
51.0,7.25,ascending,286.27
51.0,7.5,ascending,287.31927
51.0,7.75,ascending,287.88266
51.0,8.0,ascending,288.1089
51.0,8.25,ascending,288.12332
51.0,9.25,ascending,286.65332
51.0,9.5,ascending,286.7853
51.0,9.75,ascending,286.87665
51.0,10.0,ascending,286.96817
51.0,10.25,ascending,286.951
51.0,10.5,ascending,286.88248
51.0,10.75,ascending,286.662
51.0,11.0,ascending,286.6011
51.0,11.25,ascending,286.5325
51.0,11.5,ascending,286.346
51.0,11.75,ascending,285.9822
51.0,12.0,ascending,285.4057
51.0,12.25,ascending,284.9643
51.0,12.5,ascending,284.2078
51.0,12.75,ascending,283.7314
51.0,13.0,ascending,283.82373
51.0,13.25,ascending,284.06714
51.0,13.5,ascending,284.38834
51.0,13.75,ascending,284.68573
51.0,14.0,ascending,284.94855
51.0,14.25,ascending,285.2271
51.0,14.5,ascending,285.315
51.0,14.75,ascending,285.31
51.0,15.0,ascending,285.335
51.0,15.25,ascending,285.75858
51.0,15.5,ascending,286.05167
51.0,15.75,ascending,286.1
51.0,16.0,ascending,285.76834
51.0,16.25,ascending,285.12668
51.0,16.5,ascending,284.70334
51.0,16.75,ascending,284.48166
51.0,17.0,ascending,284.56833
51.0,17.25,ascending,284.69
51.0,17.5,ascending,285.15665
51.0,17.75,ascending,285.77664
51.0,18.0,ascending,286.29166
51.0,18.25,ascending,286.63397
51.0,18.5,ascending,287.086
51.0,18.75,ascending,287.335
51.0,19.0,ascending,287.61
51.0,19.25,ascending,287.674
51.0,19.5,ascending,287.58
51.0,19.75,ascending,287.516
51.0,20.0,ascending,287.434
51.0,20.25,ascending,287.34
51.0,20.5,ascending,287.11398
51.0,20.75,ascending,286.69498
51.0,21.0,ascending,286.434
51.0,21.25,ascending,286.18832
51.0,21.5,ascending,286.242
51.0,21.75,ascending,285.86798
51.0,22.0,ascending,285.21332
51.0,22.25,ascending,284.46997
51.0,22.5,ascending,283.655
51.0,22.75,ascending,283.31332
51.0,23.0,ascending,283.435
51.0,23.25,ascending,283.84
51.0,23.5,ascending,284.07748
51.0,23.75,ascending,284.2525
51.0,24.0,ascending,284.31833
51.0,24.25,ascending,284.58667
51.0,24.5,ascending,284.378
51.0,24.75,ascending,283.735
51.0,25.0,ascending,283.56332
51.0,25.25,ascending,283.48398
51.0,25.5,ascending,282.925
51.0,25.75,ascending,281.97998
51.0,26.0,ascending,281.46335
51.0,26.25,ascending,279.69833
51.0,26.5,ascending,278.87
51.0,26.75,ascending,278.18
51.0,27.0,ascending,276.69998
51.0,27.25,ascending,273.82666
51.0,27.5,ascending,273.00998
51.0,27.75,ascending,273.97165
51.0,28.0,ascending,275.96625
51.0,28.25,ascending,276.6083
51.0,28.5,ascending,278.91428
51.0,28.75,ascending,281.08856
51.0,29.0,ascending,284.69
51.0,29.25,ascending,286.5725
51.0,29.5,ascending,287.89624
51.0,29.75,ascending,288.08
51.0,30.0,ascending,286.275
51.0,30.25,ascending,282.52142
51.0,30.5,ascending,280.66888
51.0,30.75,ascending,283.3775
51.0,31.0,ascending,286.74545
51.0,31.25,ascending,287.843
51.0,31.5,ascending,287.78726
51.0,31.75,ascending,287.7409
51.0,32.0,ascending,287.93
51.0,32.25,ascending,288.19998
51.0,32.5,ascending,288.3525
51.0,32.75,ascending,288.5521
51.0,33.0,ascending,288.72446
51.0,34.0,ascending,290.71298
51.0,34.25,ascending,290.69714
51.0,34.5,ascending,290.482
51.0,34.75,ascending,290.08212
51.0,35.0,ascending,289.796
51.0,35.25,ascending,289.6636
51.0,35.5,ascending,289.678
51.0,35.75,ascending,289.6125
51.0,36.0,ascending,289.53302
51.0,36.25,ascending,289.32776
51.0,36.5,ascending,288.995
51.0,36.75,ascending,288.81125
51.0,37.0,ascending,288.87555
51.0,37.25,ascending,289.07858
51.0,37.5,ascending,289.31833
51.0,37.75,ascending,289.52444
51.0,38.0,ascending,289.65665
51.25,-13.0,ascending,214.3675
51.25,-12.75,ascending,213.80374
51.25,-12.5,ascending,213.33875
51.25,-12.25,ascending,213.22333
51.25,-12.0,ascending,213.20874
51.25,-11.75,ascending,213.40166
51.25,-11.5,ascending,213.67285
51.25,-11.25,ascending,213.78166
51.25,-11.0,ascending,213.9557
51.25,-10.75,ascending,214.14667
51.25,-10.5,ascending,214.19832
51.25,-10.25,ascending,214.13332
51.25,-10.0,ascending,214.78714
51.25,-9.75,ascending,215.69331
51.25,-9.5,ascending,219.74666
51.25,-9.25,ascending,221.58798
51.25,-9.0,ascending,227.455
51.25,-8.75,ascending,226.26799
51.25,-8.5,ascending,223.76799
51.25,-8.25,ascending,222.868
51.25,-8.0,ascending,221.19858
51.25,-7.75,ascending,220.8275
51.25,-7.5,ascending,223.19666
51.25,-7.25,ascending,226.08401
51.25,-7.0,ascending,227.325
51.25,-6.75,ascending,227.90999
51.25,-6.5,ascending,228.28166
51.25,-6.25,ascending,227.65999
51.25,-6.0,ascending,226.538
51.25,-5.75,ascending,226.09666
51.25,-5.5,ascending,229.278
51.25,-5.25,ascending,232.78
51.25,-5.0,ascending,235.288
51.25,-4.75,ascending,234.3
51.25,-4.5,ascending,233.38399
51.25,-4.25,ascending,236.30666
51.25,-4.0,ascending,243.624
51.25,-3.75,ascending,251.83798
51.25,-3.5,ascending,258.875
51.25,-3.25,ascending,264.27332
51.25,-3.0,ascending,267.765
51.25,-2.75,ascending,274.84833
51.25,-2.5,ascending,281.19666
51.25,-2.25,ascending,284.948
51.25,-2.0,ascending,286.74
51.25,-1.75,ascending,286.91833
51.25,-1.5,ascending,287.01
51.25,-1.25,ascending,287.155
51.25,-1.0,ascending,287.33835
51.25,-0.75,ascending,287.43332
51.25,-0.5,ascending,286.93167
51.25,-0.25,ascending,286.074
51.25,-0.0,ascending,264.20554
51.25,0.25,ascending,284.88998
51.25,0.5,ascending,281.1367
51.25,0.75,ascending,270.944
51.25,1.0,ascending,256.145
51.25,1.25,ascending,240.99834
51.25,1.5,ascending,226.52998
51.25,1.75,ascending,220.375
51.25,2.0,ascending,219.76
51.25,2.25,ascending,221.755
51.25,2.5,ascending,223.174
51.25,2.75,ascending,227.205
51.25,3.0,ascending,237.5457
51.25,3.25,ascending,247.40166
51.25,3.5,ascending,256.38834
51.25,3.75,ascending,265.95166
51.25,4.0,ascending,270.62332
51.25,4.25,ascending,275.86374
51.25,4.5,ascending,280.94873
51.25,4.75,ascending,283.7225
51.25,5.0,ascending,284.60873
51.25,5.25,ascending,284.7725
51.25,5.5,ascending,284.41125
51.25,5.75,ascending,283.615
51.25,6.0,ascending,283.03998
51.25,6.25,ascending,282.84442
51.25,6.5,ascending,283.0689
51.25,6.75,ascending,283.533
51.25,7.0,ascending,284.5491
51.25,7.25,ascending,285.62332
51.25,7.5,ascending,286.5469
51.25,7.75,ascending,287.2175
51.25,8.0,ascending,287.59143
51.25,8.25,ascending,287.74857
51.25,9.0,ascending,286.62
51.25,9.25,ascending,286.5256
51.25,9.5,ascending,286.43417
51.25,9.75,ascending,286.40613
51.25,10.0,ascending,286.35727
51.25,10.25,ascending,286.3425
51.25,10.5,ascending,286.1925
51.25,10.75,ascending,286.13998
51.25,11.0,ascending,286.08887
51.25,11.25,ascending,286.01624
51.25,11.5,ascending,285.78445
51.25,11.75,ascending,285.26874
51.25,12.0,ascending,284.61142
51.25,12.25,ascending,283.89874
51.25,12.5,ascending,283.26285
51.25,12.75,ascending,283.25998
51.25,13.0,ascending,283.585
51.25,13.25,ascending,284.15857
51.25,13.5,ascending,284.71713
51.25,13.75,ascending,285.18143
51.25,14.0,ascending,285.30667
51.25,14.25,ascending,285.15833
51.25,14.5,ascending,284.94998
51.25,14.75,ascending,285.35666
51.25,15.0,ascending,285.896
51.25,15.25,ascending,287.225
51.25,15.5,ascending,287.71664
51.25,15.75,ascending,287.55597
51.25,16.0,ascending,287.236
51.25,16.25,ascending,286.594
51.25,16.5,ascending,286.2357
51.25,16.75,ascending,285.982
51.25,17.0,ascending,285.80402
51.25,17.25,ascending,285.62332
51.25,17.5,ascending,285.79
51.25,17.75,ascending,286.166
51.25,18.0,ascending,286.75168
51.25,18.25,ascending,287.35165
51.25,18.5,ascending,287.77832
51.25,18.75,ascending,287.898
51.25,19.0,ascending,287.89398
51.25,19.25,ascending,287.8425
51.25,19.5,ascending,287.63333
51.25,19.75,ascending,287.324
51.25,20.0,ascending,287.33798
51.25,20.25,ascending,287.365
51.25,20.5,ascending,287.36798
51.25,20.75,ascending,287.06
51.25,21.0,ascending,286.67596
51.25,21.25,ascending,286.66202
51.25,21.5,ascending,286.632
51.25,21.75,ascending,286.13168
51.25,22.0,ascending,285.435
51.25,22.25,ascending,284.88834
51.25,22.5,ascending,284.75
51.25,22.75,ascending,284.735
51.25,23.0,ascending,284.57
51.25,23.25,ascending,284.995
51.25,23.5,ascending,285.09833
51.25,23.75,ascending,285.046
51.25,24.0,ascending,285.16666
51.25,24.25,ascending,285.63666
51.25,24.5,ascending,285.61166
51.25,24.75,ascending,285.14166
51.25,25.0,ascending,285.285
51.25,25.25,ascending,285.62
51.25,25.5,ascending,285.365
51.25,25.75,ascending,284.66165
51.25,26.0,ascending,284.354
51.25,26.25,ascending,283.65833
51.25,26.5,ascending,282.862
51.25,26.75,ascending,282.72165
51.25,27.0,ascending,281.96
51.25,27.25,ascending,281.7914
51.25,27.5,ascending,281.65
51.25,27.75,ascending,281.54166
51.25,28.0,ascending,283.09
51.25,28.25,ascending,283.73502
51.25,28.5,ascending,284.82166
51.25,28.75,ascending,286.14374
51.25,29.0,ascending,286.97
51.25,29.25,ascending,287.98285
51.25,29.5,ascending,288.27664
51.25,29.75,ascending,288.29144
51.25,30.0,ascending,287.56888
51.25,30.25,ascending,286.25375
51.25,30.5,ascending,285.2611
51.25,30.75,ascending,286.03125
51.25,31.0,ascending,287.4522
51.25,31.25,ascending,287.8922
51.25,31.5,ascending,287.82635
51.25,31.75,ascending,287.622
51.25,32.0,ascending,287.63165
51.25,32.25,ascending,287.8454
51.25,32.5,ascending,288.162
51.25,32.75,ascending,288.45248
51.25,33.0,ascending,288.56665
51.25,33.75,ascending,289.68
51.25,34.0,ascending,289.88126
51.25,34.25,ascending,289.81598
51.25,34.5,ascending,289.73428
51.25,34.75,ascending,289.63702
51.25,35.0,ascending,289.7827
51.25,35.25,ascending,290.034
51.25,35.5,ascending,290.2333
51.25,35.75,ascending,290.205
51.25,36.0,ascending,290.078
51.25,36.25,ascending,289.8157
51.25,36.5,ascending,289.4575
51.25,36.75,ascending,289.21
51.25,37.0,ascending,289.26624
51.25,37.25,ascending,289.34
51.25,37.5,ascending,289.35666
51.25,37.75,ascending,289.37
51.25,38.0,ascending,289.348
51.5,-13.0,ascending,212.89
51.5,-12.75,ascending,212.55249
51.5,-12.5,ascending,212.42
51.5,-12.25,ascending,212.45714
51.5,-12.0,ascending,212.65625
51.5,-11.75,ascending,213.06
51.5,-11.5,ascending,213.54124
51.5,-11.25,ascending,213.95332
51.5,-11.0,ascending,214.09714
51.5,-10.75,ascending,213.97166
51.5,-10.5,ascending,214.32625
51.5,-10.25,ascending,215.564
51.5,-10.0,ascending,221.7957
51.5,-9.75,ascending,229.37834
51.5,-9.5,ascending,239.61499
51.5,-9.25,ascending,245.98334
51.5,-9.0,ascending,251.11499
51.5,-8.75,ascending,249.72499
51.5,-8.5,ascending,243.075
51.5,-8.25,ascending,238.48
51.5,-8.0,ascending,232.29668
51.5,-7.75,ascending,227.074
51.5,-7.5,ascending,226.85999
51.5,-7.25,ascending,227.09999
51.5,-7.0,ascending,227.745
51.5,-6.75,ascending,228.27498
51.5,-6.5,ascending,227.815
51.5,-6.25,ascending,226.246
51.5,-6.0,ascending,224.00832
51.5,-5.75,ascending,222.815
51.5,-5.5,ascending,224.295
51.5,-5.25,ascending,229.15
51.5,-5.0,ascending,235.236
51.5,-4.75,ascending,239.86398
51.5,-4.5,ascending,242.60999
51.5,-4.25,ascending,246.66199
51.5,-4.0,ascending,253.64429
51.5,-3.75,ascending,261.322
51.5,-3.5,ascending,269.25333
51.5,-3.25,ascending,272.49
51.5,-3.0,ascending,274.60333
51.5,-2.75,ascending,278.84
51.5,-2.5,ascending,282.45
51.5,-2.25,ascending,285.16
51.5,-2.0,ascending,286.52664
51.5,-1.75,ascending,287.25333
51.5,-1.5,ascending,287.6683
51.5,-1.25,ascending,288.07166
51.5,-1.0,ascending,288.346
51.5,-0.75,ascending,288.485
51.5,-0.5,ascending,288.07666
51.5,-0.25,ascending,287.26834
51.5,-0.0,ascending,263.64667
51.5,0.25,ascending,285.99332
51.5,0.5,ascending,282.37
51.5,0.75,ascending,273.08398
51.5,1.0,ascending,259.095
51.5,1.25,ascending,241.11833
51.5,1.5,ascending,226.89833
51.5,1.75,ascending,219.096
51.5,2.0,ascending,216.31999
51.5,2.25,ascending,215.98164
51.5,2.5,ascending,216.57166
51.5,2.75,ascending,217.76399
51.5,3.0,ascending,220.46
51.5,3.25,ascending,225.41429
51.5,3.5,ascending,235.82285
51.5,3.75,ascending,247.66
51.5,4.0,ascending,259.805
51.5,4.25,ascending,270.09833
51.5,4.5,ascending,277.00833
51.5,4.75,ascending,280.94427
51.5,5.0,ascending,283.19855
51.5,5.25,ascending,283.83
51.5,5.5,ascending,284.02667
51.5,5.75,ascending,283.91748
51.5,6.0,ascending,283.773
51.5,6.25,ascending,283.758
51.5,6.5,ascending,283.98297
51.5,6.75,ascending,284.44998
51.5,7.0,ascending,285.01453
51.5,7.25,ascending,285.53583
51.5,7.5,ascending,285.97598
51.5,7.75,ascending,286.31436
51.5,8.0,ascending,286.5843
51.5,8.25,ascending,286.87
51.5,8.75,ascending,286.115
51.5,9.0,ascending,286.39532
51.5,9.25,ascending,286.4269
51.5,9.5,ascending,286.3725
51.5,9.75,ascending,286.275
51.5,10.0,ascending,286.1783
51.5,10.25,ascending,286.1209
51.5,10.5,ascending,286.1011
51.5,10.75,ascending,286.09375
51.5,11.0,ascending,286.09222
51.5,11.25,ascending,285.94223
51.5,11.5,ascending,285.59442
51.5,11.75,ascending,284.96286
51.5,12.0,ascending,284.29572
51.5,12.25,ascending,283.6711
51.5,12.5,ascending,283.49
51.5,12.75,ascending,283.72165
51.5,13.0,ascending,284.44748
51.5,13.25,ascending,285.21832
51.5,13.5,ascending,285.74713
51.5,13.75,ascending,286.065
51.5,14.0,ascending,285.81143
51.5,14.25,ascending,285.53857
51.5,14.5,ascending,285.82855
51.5,14.75,ascending,286.792
51.5,15.0,ascending,287.73572
51.5,15.25,ascending,288.52
51.5,15.5,ascending,288.7143
51.5,15.75,ascending,288.39664
51.5,16.0,ascending,287.942
51.5,16.25,ascending,287.49167
51.5,16.5,ascending,287.13284
51.5,16.75,ascending,286.59167
51.5,17.0,ascending,286.03665
51.5,17.25,ascending,285.676
51.5,17.5,ascending,285.742
51.5,17.75,ascending,286.228
51.5,18.0,ascending,286.90802
51.5,18.25,ascending,287.492
51.5,18.5,ascending,287.616
51.5,18.75,ascending,287.57498
51.5,19.0,ascending,287.542
51.5,19.25,ascending,287.52142
51.5,19.5,ascending,287.172
51.5,19.75,ascending,286.91498
51.5,20.0,ascending,286.895
51.5,20.25,ascending,287.14398
51.5,20.5,ascending,287.01666
51.5,20.75,ascending,286.65802
51.5,21.0,ascending,286.38666
51.5,21.25,ascending,286.524
51.5,21.5,ascending,286.50333
51.5,21.75,ascending,286.24
51.5,22.0,ascending,285.955
51.5,22.25,ascending,286.01166
51.5,22.5,ascending,286.03833
51.5,22.75,ascending,285.76752
51.5,23.0,ascending,285.56332
51.5,23.25,ascending,285.86398
51.5,23.5,ascending,286.08
51.5,23.75,ascending,285.83167
51.5,24.0,ascending,285.845
51.5,24.25,ascending,286.226
51.5,24.5,ascending,286.40164
51.5,24.75,ascending,286.31
51.5,25.0,ascending,286.435
51.5,25.25,ascending,286.812
51.5,25.5,ascending,286.67
51.5,25.75,ascending,286.18
51.5,26.0,ascending,285.83667
51.5,26.25,ascending,285.745
51.5,26.5,ascending,285.44144
51.5,26.75,ascending,285.295
51.5,27.0,ascending,285.14285
51.5,27.25,ascending,285.4833
51.5,27.5,ascending,286.01
51.5,27.75,ascending,286.035
51.5,28.0,ascending,286.22333
51.5,28.25,ascending,286.86285
51.5,28.5,ascending,287.23285
51.5,28.75,ascending,287.622
51.5,29.0,ascending,287.88873
51.5,29.25,ascending,288.04855
51.5,29.5,ascending,288.04443
51.5,29.75,ascending,288.0025
51.5,30.0,ascending,287.95572
51.5,30.25,ascending,287.64874
51.5,30.5,ascending,287.5011
51.5,30.75,ascending,287.87778
51.5,31.0,ascending,288.238
51.5,31.25,ascending,288.27
51.5,31.5,ascending,288.09363
51.5,31.75,ascending,287.92917
51.5,32.0,ascending,287.77615
51.5,32.25,ascending,287.88333
51.5,32.5,ascending,288.05276
51.5,32.75,ascending,288.27524
51.5,33.0,ascending,288.44998
51.5,33.5,ascending,289.21
51.5,33.75,ascending,289.41998
51.5,34.0,ascending,289.44922
51.5,34.25,ascending,289.405
51.5,34.5,ascending,289.47
51.5,34.75,ascending,289.41635
51.5,35.0,ascending,289.53598
51.5,35.25,ascending,289.7911
51.5,35.5,ascending,290.06223
51.5,35.75,ascending,290.1311
51.5,36.0,ascending,289.77112
51.5,36.25,ascending,289.61374
51.5,36.5,ascending,289.44623
51.5,36.75,ascending,289.47247
51.5,37.0,ascending,289.6443
51.5,37.25,ascending,289.78287
51.5,37.5,ascending,289.82373
51.5,37.75,ascending,289.82666
51.5,38.0,ascending,289.7975
51.75,-13.0,ascending,212.08
51.75,-12.75,ascending,212.02666
51.75,-12.5,ascending,212.0575
51.75,-12.25,ascending,212.25334
51.75,-12.0,ascending,212.66125
51.75,-11.75,ascending,213.17
51.75,-11.5,ascending,213.47667
51.75,-11.25,ascending,213.75166
51.75,-11.0,ascending,213.98999
51.75,-10.75,ascending,214.38599
51.75,-10.5,ascending,217.46498
51.75,-10.25,ascending,223.61833
51.75,-10.0,ascending,237.84332
51.75,-9.75,ascending,250.40166
51.75,-9.5,ascending,261.288
51.75,-9.25,ascending,267.84665
51.75,-9.0,ascending,270.60498
51.75,-8.75,ascending,269.506
51.75,-8.5,ascending,265.04333
51.75,-8.25,ascending,258.516
51.75,-8.0,ascending,250.77165
51.75,-7.75,ascending,245.56334
51.75,-7.5,ascending,239.53398
51.75,-7.25,ascending,235.816
51.75,-7.0,ascending,234.04199
51.75,-6.75,ascending,234.48499
51.75,-6.5,ascending,233.068
51.75,-6.25,ascending,231.98999
51.75,-6.0,ascending,228.314
51.75,-5.75,ascending,224.37997
51.75,-5.5,ascending,224.48332
51.75,-5.25,ascending,229.618
51.75,-5.0,ascending,238.59166
51.75,-4.75,ascending,247.052
51.75,-4.5,ascending,251.948
51.75,-4.25,ascending,259.8867
51.75,-4.0,ascending,267.95248
51.75,-3.75,ascending,274.8633
51.75,-3.5,ascending,279.75998
51.75,-3.25,ascending,281.37
51.75,-3.0,ascending,282.56665
51.75,-2.75,ascending,283.18332
51.75,-2.5,ascending,283.954
51.75,-2.25,ascending,285.41
51.75,-2.0,ascending,286.74
51.75,-1.75,ascending,287.414
51.75,-1.5,ascending,287.9
51.75,-1.25,ascending,288.3375
51.75,-1.0,ascending,288.72998
51.75,-0.75,ascending,288.9425
51.75,-0.5,ascending,288.8025
51.75,-0.25,ascending,288.2475
51.75,-0.0,ascending,267.8814
51.75,0.25,ascending,287.405
51.75,0.5,ascending,286.08667
51.75,0.75,ascending,279.93832
51.75,1.0,ascending,268.17398
51.75,1.25,ascending,254.68799
51.75,1.5,ascending,234.99666
51.75,1.75,ascending,223.23665
51.75,2.0,ascending,216.91202
51.75,2.25,ascending,215.59999
51.75,2.5,ascending,215.35143
51.75,2.75,ascending,215.56334
51.75,3.0,ascending,216.21
51.75,3.25,ascending,217.43001
51.75,3.5,ascending,220.62999
51.75,3.75,ascending,231.68
51.75,4.0,ascending,245.71858
51.75,4.25,ascending,262.38428
51.75,4.5,ascending,272.6422
51.75,4.75,ascending,278.085
51.75,5.0,ascending,280.92886
51.75,5.25,ascending,282.83124
51.75,5.5,ascending,284.005
51.75,5.75,ascending,284.30124
51.75,6.0,ascending,284.44873
51.75,6.25,ascending,284.62332
51.75,6.5,ascending,284.807
51.75,6.75,ascending,285.23636
51.75,7.0,ascending,285.57272
51.75,7.25,ascending,285.8025
51.75,7.5,ascending,286.03857
51.75,7.75,ascending,286.23285
51.75,8.0,ascending,286.36096
51.75,8.5,ascending,285.71
51.75,8.75,ascending,285.76248
51.75,9.0,ascending,285.94427
51.75,9.25,ascending,286.06418
51.75,9.5,ascending,286.14667
51.75,9.75,ascending,286.16415
51.75,10.0,ascending,286.06906
51.75,10.25,ascending,285.99298
51.75,10.5,ascending,286.00552
51.75,10.75,ascending,286.06125
51.75,11.0,ascending,285.90778
51.75,11.25,ascending,285.475
51.75,11.5,ascending,284.8675
51.75,11.75,ascending,284.4957
51.75,12.0,ascending,284.17572
51.75,12.25,ascending,284.1957
51.75,12.5,ascending,284.565
51.75,12.75,ascending,285.09164
51.75,13.0,ascending,286.02167
51.75,13.25,ascending,286.375
51.75,13.5,ascending,286.65
51.75,13.75,ascending,286.58167
51.75,14.0,ascending,286.425
51.75,14.25,ascending,286.49
51.75,14.5,ascending,286.89166
51.75,14.75,ascending,287.595
51.75,15.0,ascending,288.13
51.75,15.25,ascending,288.57166
51.75,15.5,ascending,288.53998
51.75,15.75,ascending,288.30798
51.75,16.0,ascending,287.90286
51.75,16.25,ascending,287.53598
51.75,16.5,ascending,287.08197
51.75,16.75,ascending,286.40833
51.75,17.0,ascending,285.62198
51.75,17.25,ascending,285.3
51.75,17.5,ascending,285.50665
51.75,17.75,ascending,286.07834
51.75,18.0,ascending,286.72
51.75,18.25,ascending,287.174
51.75,18.5,ascending,287.292
51.75,18.75,ascending,287.202
51.75,19.0,ascending,287.285
51.75,19.25,ascending,287.125
51.75,19.5,ascending,286.788
51.75,19.75,ascending,286.58
51.75,20.0,ascending,286.71
51.75,20.25,ascending,286.685
51.75,20.5,ascending,286.36
51.75,20.75,ascending,286.08197
51.75,21.0,ascending,285.78497
51.75,21.25,ascending,285.91165
51.75,21.5,ascending,286.23248
51.75,21.75,ascending,286.6133
51.75,22.0,ascending,286.75668
51.75,22.25,ascending,286.632
51.75,22.5,ascending,286.42
51.75,22.75,ascending,286.225
51.75,23.0,ascending,286.22998
51.75,23.25,ascending,286.46335
51.75,23.5,ascending,286.495
51.75,23.75,ascending,286.3
51.75,24.0,ascending,286.33667
51.75,24.25,ascending,286.48166
51.75,24.5,ascending,286.4833
51.75,24.75,ascending,286.43997
51.75,25.0,ascending,286.55832
51.75,25.25,ascending,286.625
51.75,25.5,ascending,286.47833
51.75,25.75,ascending,286.33
51.75,26.0,ascending,286.146
51.75,26.25,ascending,286.11832
51.75,26.5,ascending,286.214
51.75,26.75,ascending,285.98666
51.75,27.0,ascending,285.78165
51.75,27.25,ascending,286.06833
51.75,27.5,ascending,286.47833
51.75,27.75,ascending,286.79834
51.75,28.0,ascending,287.18143
51.75,28.25,ascending,287.40332
51.75,28.5,ascending,287.46286
51.75,28.75,ascending,287.57
51.75,29.0,ascending,287.72333
51.75,29.25,ascending,287.75858
51.75,29.5,ascending,287.65286
51.75,29.75,ascending,287.68997
51.75,30.0,ascending,287.82666
51.75,30.25,ascending,287.78287
51.75,30.5,ascending,287.65125
51.75,30.75,ascending,287.88333
51.75,31.0,ascending,288.25775
51.75,31.25,ascending,288.32556
51.75,31.5,ascending,288.28363
51.75,31.75,ascending,288.23102
51.75,32.0,ascending,288.21384
51.75,32.25,ascending,288.28308
51.75,32.5,ascending,288.29648
51.75,32.75,ascending,288.22293
51.75,33.25,ascending,288.63998
51.75,33.5,ascending,288.9269
51.75,33.75,ascending,289.24768
51.75,34.0,ascending,289.48996
51.75,34.25,ascending,289.57635
51.75,34.5,ascending,289.54166
51.75,34.75,ascending,289.42776
51.75,35.0,ascending,289.341
51.75,35.25,ascending,289.2575
51.75,35.5,ascending,289.24554
51.75,35.75,ascending,289.17444
51.75,36.0,ascending,289.01572
51.75,36.25,ascending,289.025
51.75,36.5,ascending,289.1743
51.75,36.75,ascending,289.58124
51.75,37.0,ascending,289.91833
51.75,37.25,ascending,290.15
51.75,37.5,ascending,290.4183
51.75,37.75,ascending,290.53333
51.75,38.0,ascending,290.5725
52.0,-13.0,ascending,212.05333
52.0,-12.75,ascending,212.00832
52.0,-12.5,ascending,212.04
52.0,-12.25,ascending,212.19858
52.0,-12.0,ascending,212.52141
52.0,-11.75,ascending,212.89
52.0,-11.5,ascending,213.25143
52.0,-11.25,ascending,213.73334
52.0,-11.0,ascending,214.25832
52.0,-10.75,ascending,216.0
52.0,-10.5,ascending,221.11165
52.0,-10.25,ascending,230.25166
52.0,-10.0,ascending,242.46999
52.0,-9.75,ascending,252.75334
52.0,-9.5,ascending,264.55167
52.0,-9.25,ascending,271.05167
52.0,-9.0,ascending,275.622
52.0,-8.75,ascending,276.68668
52.0,-8.5,ascending,275.36832
52.0,-8.25,ascending,273.046
52.0,-8.0,ascending,270.31833
52.0,-7.75,ascending,264.53598
52.0,-7.5,ascending,256.47833
52.0,-7.25,ascending,251.35667
52.0,-7.0,ascending,247.172
52.0,-6.75,ascending,249.498
52.0,-6.5,ascending,246.335
52.0,-6.25,ascending,244.75
52.0,-6.0,ascending,236.0
52.0,-5.75,ascending,229.212
52.0,-5.5,ascending,228.15
52.0,-5.25,ascending,230.79333
52.0,-5.0,ascending,236.13249
52.0,-4.75,ascending,241.50601
52.0,-4.5,ascending,248.28166
52.0,-4.25,ascending,254.83598
52.0,-4.0,ascending,266.62668
52.0,-3.75,ascending,275.61
52.0,-3.5,ascending,282.585
52.0,-3.25,ascending,284.75
52.0,-3.0,ascending,285.016
52.0,-2.75,ascending,284.69833
52.0,-2.5,ascending,284.92
52.0,-2.25,ascending,285.625
52.0,-2.0,ascending,286.48248
52.0,-1.75,ascending,287.174
52.0,-1.5,ascending,287.628
52.0,-1.25,ascending,288.10666
52.0,-1.0,ascending,288.52164
52.0,-0.75,ascending,288.858
52.0,-0.5,ascending,289.14166
52.0,-0.25,ascending,288.97333
52.0,-0.0,ascending,261.21875
52.0,0.25,ascending,287.22
52.0,0.5,ascending,287.12997
52.0,0.75,ascending,285.91
52.0,1.0,ascending,281.75668
52.0,1.25,ascending,272.552
52.0,1.5,ascending,253.12834
52.0,1.75,ascending,232.76166
52.0,2.0,ascending,218.94832
52.0,2.25,ascending,215.73999
52.0,2.5,ascending,215.27998
52.0,2.75,ascending,215.26125
52.0,3.0,ascending,215.32332
52.0,3.25,ascending,215.56285
52.0,3.5,ascending,216.36499
52.0,3.75,ascending,219.84
52.0,4.0,ascending,229.32143
52.0,4.25,ascending,248.09286
52.0,4.5,ascending,264.4233
52.0,4.75,ascending,272.8714
52.0,5.0,ascending,275.36
52.0,5.25,ascending,278.91428
52.0,5.5,ascending,283.03775
52.0,5.75,ascending,285.00998
52.0,6.0,ascending,285.48666
52.0,6.25,ascending,285.47125
52.0,6.5,ascending,285.468
52.0,6.75,ascending,285.54
52.0,7.0,ascending,285.60544
52.0,7.25,ascending,285.69846
52.0,7.5,ascending,285.85312
52.0,7.75,ascending,286.04776
52.0,8.0,ascending,286.16116
52.0,8.5,ascending,285.38397
52.0,8.75,ascending,285.4471
52.0,9.0,ascending,285.5
52.0,9.25,ascending,285.53
52.0,9.5,ascending,285.47665
52.0,9.75,ascending,285.248
52.0,10.0,ascending,284.84167
52.0,10.25,ascending,284.2125
52.0,10.5,ascending,284.1089
52.0,10.75,ascending,284.1325
52.0,11.0,ascending,283.96
52.0,11.25,ascending,283.84222
52.0,11.5,ascending,283.90714
52.0,11.75,ascending,284.1257
52.0,12.0,ascending,284.67334
52.0,12.25,ascending,285.45334
52.0,12.5,ascending,286.03427
52.0,12.75,ascending,286.53876
52.0,13.0,ascending,286.785
52.0,13.25,ascending,286.69998
52.0,13.5,ascending,286.5
52.0,13.75,ascending,286.414
52.0,14.0,ascending,286.15286
52.0,14.25,ascending,286.33334
52.0,14.5,ascending,286.63428
52.0,14.75,ascending,287.185
52.0,15.0,ascending,287.7283
52.0,15.25,ascending,288.07498
52.0,15.5,ascending,288.056
52.0,15.75,ascending,287.83334
52.0,16.0,ascending,287.54715
52.0,16.25,ascending,287.26834
52.0,16.5,ascending,286.615
52.0,16.75,ascending,285.77
52.0,17.0,ascending,285.26498
52.0,17.25,ascending,285.18668
52.0,17.5,ascending,285.56
52.0,17.75,ascending,286.074
52.0,18.0,ascending,286.625
52.0,18.25,ascending,286.925
52.0,18.5,ascending,286.928
52.0,18.75,ascending,287.01
52.0,19.0,ascending,286.90997
52.0,19.25,ascending,286.68597
52.0,19.5,ascending,286.26666
52.0,19.75,ascending,286.315
52.0,20.0,ascending,286.38333
52.0,20.25,ascending,286.254
52.0,20.5,ascending,286.04666
52.0,20.75,ascending,285.68
52.0,21.0,ascending,285.40665
52.0,21.25,ascending,285.63998
52.0,21.5,ascending,286.7383
52.0,21.75,ascending,287.47
52.0,22.0,ascending,287.266
52.0,22.25,ascending,286.7175
52.0,22.5,ascending,286.46667
52.0,22.75,ascending,286.43332
52.0,23.0,ascending,286.60165
52.0,23.25,ascending,286.688
52.0,23.5,ascending,286.4925
52.0,23.75,ascending,286.3025
52.0,24.0,ascending,286.335
52.0,24.25,ascending,286.31332
52.0,24.5,ascending,286.184
52.0,24.75,ascending,286.02167
52.0,25.0,ascending,285.85
52.0,25.25,ascending,285.826
52.0,25.5,ascending,285.67667
52.0,25.75,ascending,285.93997
52.0,26.0,ascending,285.99167
52.0,26.25,ascending,285.95834
52.0,26.5,ascending,286.10165
52.0,26.75,ascending,286.03833
52.0,27.0,ascending,285.835
52.0,27.25,ascending,285.69998
52.0,27.5,ascending,285.68713
52.0,27.75,ascending,285.98285
52.0,28.0,ascending,286.59
52.0,28.25,ascending,287.30426
52.0,28.5,ascending,287.43997
52.0,28.75,ascending,287.5043
52.0,29.0,ascending,287.69998
52.0,29.25,ascending,287.8725
52.0,29.5,ascending,287.7675
52.0,29.75,ascending,287.59625
52.0,30.0,ascending,287.4925
52.0,30.25,ascending,287.37375
52.0,30.5,ascending,287.23102
52.0,30.75,ascending,287.3
52.0,31.0,ascending,287.71
52.0,31.25,ascending,287.9822
52.0,31.5,ascending,287.98544
52.0,31.75,ascending,287.975
52.0,32.0,ascending,288.03265
52.0,32.25,ascending,288.10065
52.0,32.5,ascending,288.145
52.0,32.75,ascending,288.12598
52.0,33.25,ascending,287.997
52.0,33.5,ascending,288.34283
52.0,33.75,ascending,288.66132
52.0,34.0,ascending,288.895
52.0,34.25,ascending,288.74417
52.0,34.5,ascending,288.866
52.0,34.75,ascending,288.94998
52.0,35.0,ascending,289.08112
52.0,35.25,ascending,289.19626
52.0,35.5,ascending,289.23798
52.0,35.75,ascending,289.19
52.0,36.0,ascending,289.2614
52.0,36.25,ascending,289.36002
52.0,36.5,ascending,289.5325
52.0,36.75,ascending,289.79126
52.0,37.0,ascending,290.10666
52.0,37.25,ascending,290.38443
52.0,37.5,ascending,290.68668
52.0,37.75,ascending,290.94
52.0,38.0,ascending,291.13
52.25,-13.0,ascending,212.12666
52.25,-12.75,ascending,212.075
52.25,-12.5,ascending,212.04857
52.25,-12.25,ascending,212.04333
52.25,-12.0,ascending,212.18
52.25,-11.75,ascending,212.54286
52.25,-11.5,ascending,213.13832
52.25,-11.25,ascending,213.63332
52.25,-11.0,ascending,214.27998
52.25,-10.75,ascending,216.13332
52.25,-10.5,ascending,219.95401
52.25,-10.25,ascending,226.53499
52.25,-10.0,ascending,234.165
52.25,-9.75,ascending,245.50601
52.25,-9.5,ascending,255.61665
52.25,-9.25,ascending,265.158
52.25,-9.0,ascending,271.61667
52.25,-8.75,ascending,275.968
52.25,-8.5,ascending,277.9957
52.25,-8.25,ascending,278.705
52.25,-8.0,ascending,278.322
52.25,-7.75,ascending,276.00668
52.25,-7.5,ascending,272.99832
52.25,-7.25,ascending,269.574
52.25,-7.0,ascending,268.37167
52.25,-6.75,ascending,266.25833
52.25,-6.5,ascending,262.926
52.25,-6.25,ascending,255.08398
52.25,-6.0,ascending,245.868
52.25,-5.75,ascending,237.38799
52.25,-5.5,ascending,233.63199
52.25,-5.25,ascending,231.998
52.25,-5.0,ascending,231.29428
52.25,-4.75,ascending,232.66599
52.25,-4.5,ascending,235.116
52.25,-4.25,ascending,243.772
52.25,-4.0,ascending,256.11798
52.25,-3.75,ascending,272.0725
52.25,-3.5,ascending,281.51334
52.25,-3.25,ascending,284.785
52.25,-3.0,ascending,285.148
52.25,-2.75,ascending,284.83
52.25,-2.5,ascending,284.72
52.25,-2.25,ascending,284.9725
52.25,-2.0,ascending,285.4
52.25,-1.75,ascending,285.96832
52.25,-1.5,ascending,286.645
52.25,-1.25,ascending,287.21198
52.25,-1.0,ascending,287.70667
52.25,-0.75,ascending,288.21335
52.25,-0.5,ascending,288.724
52.25,-0.25,ascending,288.58835
52.25,-0.0,ascending,266.7686
52.25,0.25,ascending,285.29498
52.25,0.5,ascending,284.095
52.25,0.75,ascending,284.915
52.25,1.0,ascending,283.735
52.25,1.25,ascending,279.274
52.25,1.5,ascending,265.315
52.25,1.75,ascending,241.54167
52.25,2.0,ascending,222.50334
52.25,2.25,ascending,216.06166
52.25,2.5,ascending,215.12
52.25,2.75,ascending,215.082
52.25,3.0,ascending,215.08427
52.25,3.25,ascending,215.11499
52.25,3.5,ascending,215.34999
52.25,3.75,ascending,216.27333
52.25,4.0,ascending,221.73286
52.25,4.25,ascending,233.93875
52.25,4.5,ascending,252.90001
52.25,4.75,ascending,262.47375
52.25,5.0,ascending,263.525
52.25,5.25,ascending,268.225
52.25,5.5,ascending,275.2789
52.25,5.75,ascending,281.8125
52.25,6.0,ascending,284.96555
52.25,6.25,ascending,285.49445
52.25,6.5,ascending,285.347
52.25,6.75,ascending,285.3127
52.25,7.0,ascending,285.4283
52.25,7.25,ascending,285.4175
52.25,7.5,ascending,285.41928
52.25,7.75,ascending,285.53705
52.25,8.0,ascending,285.66385
52.25,8.25,ascending,285.168
52.25,8.5,ascending,285.22125
52.25,8.75,ascending,285.16666
52.25,9.0,ascending,285.0625
52.25,9.25,ascending,284.85
52.25,9.5,ascending,284.49454
52.25,9.75,ascending,283.98816
52.25,10.0,ascending,283.393
52.25,10.25,ascending,283.05624
52.25,10.5,ascending,282.94623
52.25,10.75,ascending,283.02124
52.25,11.0,ascending,283.5975
52.25,11.25,ascending,284.32126
52.25,11.5,ascending,284.78287
52.25,11.75,ascending,285.215
52.25,12.0,ascending,285.95874
52.25,12.25,ascending,286.36002
52.25,12.5,ascending,286.49
52.25,12.75,ascending,286.07
52.25,13.0,ascending,285.65857
52.25,13.25,ascending,285.008
52.25,13.5,ascending,284.66333
52.25,13.75,ascending,284.59125
52.25,14.0,ascending,284.81598
52.25,14.25,ascending,285.28857
52.25,14.5,ascending,285.964
52.25,14.75,ascending,286.33664
52.25,15.0,ascending,286.99832
52.25,15.25,ascending,287.268
52.25,15.5,ascending,287.31714
52.25,15.75,ascending,287.28198
52.25,16.0,ascending,287.20334
52.25,16.25,ascending,286.85
52.25,16.5,ascending,285.96002
52.25,16.75,ascending,285.37198
52.25,17.0,ascending,285.27832
52.25,17.25,ascending,285.40997
52.25,17.5,ascending,285.628
52.25,17.75,ascending,285.69
52.25,18.0,ascending,285.63834
52.25,18.25,ascending,285.595
52.25,18.5,ascending,285.81
52.25,18.75,ascending,286.13397
52.25,19.0,ascending,286.06998
52.25,19.25,ascending,285.928
52.25,19.5,ascending,285.81598
52.25,19.75,ascending,285.90833
52.25,20.0,ascending,285.994
52.25,20.25,ascending,286.13998
52.25,20.5,ascending,286.08
52.25,20.75,ascending,285.8583
52.25,21.0,ascending,285.62
52.25,21.25,ascending,286.35165
52.25,21.5,ascending,287.735
52.25,21.75,ascending,288.17
52.25,22.0,ascending,287.65802
52.25,22.25,ascending,286.9883
52.25,22.5,ascending,286.66
52.25,22.75,ascending,286.6825
52.25,23.0,ascending,286.91748
52.25,23.25,ascending,286.9575
52.25,23.5,ascending,286.66
52.25,23.75,ascending,286.44598
52.25,24.0,ascending,286.43
52.25,24.25,ascending,286.3975
52.25,24.5,ascending,286.124
52.25,24.75,ascending,285.772
52.25,25.0,ascending,285.36667
52.25,25.25,ascending,285.146
52.25,25.5,ascending,285.13397
52.25,25.75,ascending,285.43665
52.25,26.0,ascending,285.78665
52.25,26.25,ascending,285.90332
52.25,26.5,ascending,285.895
52.25,26.75,ascending,285.785
52.25,27.0,ascending,285.82
52.25,27.25,ascending,285.68
52.25,27.5,ascending,285.49
52.25,27.75,ascending,285.40164
52.25,28.0,ascending,286.06857
52.25,28.25,ascending,287.13
52.25,28.5,ascending,287.71
52.25,28.75,ascending,287.85666
52.25,29.0,ascending,288.06625
52.25,29.25,ascending,288.20798
52.25,29.5,ascending,288.035
52.25,29.75,ascending,287.66873
52.25,30.0,ascending,287.3025
52.25,30.25,ascending,286.98373
52.25,30.5,ascending,286.735
52.25,30.75,ascending,286.6525
52.25,31.0,ascending,286.81775
52.25,31.25,ascending,287.216
52.25,31.5,ascending,287.34363
52.25,31.75,ascending,287.46454
52.25,32.0,ascending,287.52615
52.25,32.25,ascending,287.49713
52.25,32.5,ascending,287.50278
52.25,32.75,ascending,287.51636
52.25,33.0,ascending,287.23428
52.25,33.25,ascending,287.40286
52.25,33.5,ascending,287.50598
52.25,33.75,ascending,287.6625
52.25,34.0,ascending,287.4908
52.25,34.25,ascending,287.53998
52.25,34.5,ascending,287.651
52.25,34.75,ascending,287.82556
52.25,35.0,ascending,287.98376
52.25,35.25,ascending,288.11444
52.25,35.5,ascending,287.94125
52.25,35.75,ascending,287.9475
52.25,36.0,ascending,288.43713
52.25,36.25,ascending,288.77713
52.25,36.5,ascending,289.03748
52.25,36.75,ascending,289.3933
52.25,37.0,ascending,289.76663
52.25,37.25,ascending,290.06143
52.25,37.5,ascending,290.50427
52.25,37.75,ascending,290.95572
52.25,38.0,ascending,291.22998
52.5,-13.0,ascending,212.39667
52.5,-12.75,ascending,212.3
52.5,-12.5,ascending,212.20833
52.5,-12.25,ascending,212.06831
52.5,-12.0,ascending,212.12
52.5,-11.75,ascending,212.36665
52.5,-11.5,ascending,212.88428
52.5,-11.25,ascending,213.37666
52.5,-11.0,ascending,213.895
52.5,-10.75,ascending,214.6757
52.5,-10.5,ascending,216.63167
52.5,-10.25,ascending,218.77
52.5,-10.0,ascending,223.83167
52.5,-9.75,ascending,233.59001
52.5,-9.5,ascending,243.762
52.5,-9.25,ascending,254.95
52.5,-9.0,ascending,265.93573
52.5,-8.75,ascending,272.12
52.5,-8.5,ascending,275.98285
52.5,-8.25,ascending,278.672
52.5,-8.0,ascending,279.72333
52.5,-7.75,ascending,280.02332
52.5,-7.5,ascending,279.68
52.5,-7.25,ascending,279.09833
52.5,-7.0,ascending,277.652
52.5,-6.75,ascending,276.586
52.5,-6.5,ascending,271.59167
52.5,-6.25,ascending,263.36002
52.5,-6.0,ascending,253.16399
52.5,-5.75,ascending,244.33167
52.5,-5.5,ascending,238.62
52.5,-5.25,ascending,234.23833
52.5,-5.0,ascending,230.575
52.5,-4.75,ascending,229.42833
52.5,-4.5,ascending,231.304
52.5,-4.25,ascending,238.096
52.5,-4.0,ascending,256.45798
52.5,-3.75,ascending,272.85602
52.5,-3.5,ascending,281.10602
52.5,-3.25,ascending,284.39667
52.5,-3.0,ascending,284.48166
52.5,-2.75,ascending,284.21402
52.5,-2.5,ascending,284.16998
52.5,-2.25,ascending,284.17398
52.5,-2.0,ascending,284.51498
52.5,-1.75,ascending,285.132
52.5,-1.5,ascending,285.81
52.5,-1.25,ascending,286.40332
52.5,-1.0,ascending,286.994
52.5,-0.75,ascending,287.44998
52.5,-0.5,ascending,287.74832
52.5,-0.25,ascending,286.99832
52.5,-0.0,ascending,261.39557
52.5,0.25,ascending,278.902
52.5,0.5,ascending,274.24667
52.5,0.75,ascending,276.11667
52.5,1.0,ascending,276.22
52.5,1.25,ascending,269.48666
52.5,1.5,ascending,258.865
52.5,1.75,ascending,239.56999
52.5,2.0,ascending,222.66713
52.5,2.25,ascending,216.15999
52.5,2.5,ascending,214.89285
52.5,2.75,ascending,214.84714
52.5,3.0,ascending,214.90334
52.5,3.25,ascending,214.95857
52.5,3.5,ascending,215.12334
52.5,3.75,ascending,215.50249
52.5,4.0,ascending,217.65714
52.5,4.25,ascending,224.66599
52.5,4.5,ascending,239.955
52.5,4.75,ascending,252.78142
52.5,5.0,ascending,254.82713
52.5,5.25,ascending,255.96332
52.5,5.5,ascending,263.55667
52.5,5.75,ascending,274.3
52.5,6.0,ascending,281.5109
52.5,6.25,ascending,284.246
52.5,6.5,ascending,284.41098
52.5,6.75,ascending,284.26544
52.5,7.0,ascending,284.58167
52.5,7.25,ascending,284.84784
52.5,7.5,ascending,284.96
52.5,7.75,ascending,284.94888
52.5,8.0,ascending,284.935
52.5,8.25,ascending,284.93
52.5,8.5,ascending,285.00143
52.5,8.75,ascending,285.0431
52.5,9.0,ascending,284.99667
52.5,9.25,ascending,284.85666
52.5,9.5,ascending,284.8218
52.5,9.75,ascending,284.96625
52.5,10.0,ascending,285.0
52.5,10.25,ascending,284.9475
52.5,10.5,ascending,285.02124
52.5,10.75,ascending,285.03775
52.5,11.0,ascending,285.6125
52.5,11.25,ascending,285.97
52.5,11.5,ascending,286.16998
52.5,11.75,ascending,286.22714
52.5,12.0,ascending,286.005
52.5,12.25,ascending,285.70834
52.5,12.5,ascending,285.28714
52.5,12.75,ascending,284.665
52.5,13.0,ascending,284.20712
52.5,13.25,ascending,283.91998
52.5,13.5,ascending,283.94855
52.5,13.75,ascending,284.33
52.5,14.0,ascending,284.7543
52.5,14.25,ascending,285.076
52.5,14.5,ascending,285.33142
52.5,14.75,ascending,285.672
52.5,15.0,ascending,286.16165
52.5,15.25,ascending,286.67856
52.5,15.5,ascending,286.892
52.5,15.75,ascending,286.94333
52.5,16.0,ascending,286.872
52.5,16.25,ascending,286.49
52.5,16.5,ascending,286.096
52.5,16.75,ascending,286.32
52.5,17.0,ascending,286.094
52.5,17.25,ascending,285.8
52.5,17.5,ascending,285.386
52.5,17.75,ascending,284.852
52.5,18.0,ascending,284.525
52.5,18.25,ascending,284.49667
52.5,18.5,ascending,284.98398
52.5,18.75,ascending,285.44
52.5,19.0,ascending,285.51398
52.5,19.25,ascending,285.492
52.5,19.5,ascending,285.45
52.5,19.75,ascending,285.74
52.5,20.0,ascending,286.35397
52.5,20.25,ascending,286.71198
52.5,20.5,ascending,286.7333
52.5,20.75,ascending,286.62
52.5,21.0,ascending,286.38834
52.5,21.25,ascending,287.152
52.5,21.5,ascending,288.026
52.5,21.75,ascending,288.4233
52.5,22.0,ascending,287.955
52.5,22.25,ascending,287.28598
52.5,22.5,ascending,286.898
52.5,22.75,ascending,286.89398
52.5,23.0,ascending,287.06833
52.5,23.25,ascending,287.162
52.5,23.5,ascending,287.05832
52.5,23.75,ascending,286.83167
52.5,24.0,ascending,286.746
52.5,24.25,ascending,286.64832
52.5,24.5,ascending,286.346
52.5,24.75,ascending,285.83197
52.5,25.0,ascending,285.43
52.5,25.25,ascending,285.30832
52.5,25.5,ascending,285.36798
52.5,25.75,ascending,285.39166
52.5,26.0,ascending,285.38168
52.5,26.25,ascending,285.58398
52.5,26.5,ascending,285.53833
52.5,26.75,ascending,284.93997
52.5,27.0,ascending,285.03125
52.5,27.25,ascending,285.145
52.5,27.5,ascending,285.12833
52.5,27.75,ascending,285.32144
52.5,28.0,ascending,285.86
52.5,28.25,ascending,286.88428
52.5,28.5,ascending,287.57666
52.5,28.75,ascending,287.85428
52.5,29.0,ascending,287.9814
52.5,29.25,ascending,288.0675
52.5,29.5,ascending,287.74625
52.5,29.75,ascending,287.31427
52.5,30.0,ascending,287.00626
52.5,30.25,ascending,286.725
52.5,30.5,ascending,286.475
52.5,30.75,ascending,286.31775
52.5,31.0,ascending,286.27182
52.5,31.25,ascending,286.34363
52.5,31.5,ascending,286.48456
52.5,31.75,ascending,286.80667
52.5,32.0,ascending,287.03857
52.5,32.25,ascending,287.04266
52.5,32.5,ascending,286.93094
52.5,32.75,ascending,286.818
52.5,33.0,ascending,286.9
52.5,33.25,ascending,286.9007
52.5,33.5,ascending,286.86462
52.5,33.75,ascending,286.76334
52.5,34.0,ascending,286.67252
52.5,34.25,ascending,286.71777
52.5,34.5,ascending,286.81
52.5,34.75,ascending,286.89
52.5,35.0,ascending,286.93002
52.5,35.25,ascending,286.97876
52.5,35.5,ascending,287.14557
52.5,35.75,ascending,287.52286
52.5,36.0,ascending,288.01498
52.5,36.25,ascending,288.45142
52.5,36.5,ascending,288.7725
52.5,36.75,ascending,289.12167
52.5,37.0,ascending,289.44427
52.5,37.25,ascending,289.735
52.5,37.5,ascending,290.22284
52.5,37.75,ascending,290.63
52.5,38.0,ascending,290.94666
52.75,-13.0,ascending,212.98999
52.75,-12.75,ascending,212.75333
52.75,-12.5,ascending,212.375
52.75,-12.25,ascending,212.0457
52.75,-12.0,ascending,211.91142
52.75,-11.75,ascending,212.10333
52.75,-11.5,ascending,212.50832
52.75,-11.25,ascending,213.17
52.75,-11.0,ascending,213.68666
52.75,-10.75,ascending,213.892
52.75,-10.5,ascending,214.09143
52.75,-10.25,ascending,215.43399
52.75,-10.0,ascending,217.804
52.75,-9.75,ascending,223.83798
52.75,-9.5,ascending,234.84332
52.75,-9.25,ascending,248.49199
52.75,-9.0,ascending,260.82666
52.75,-8.75,ascending,269.4975
52.75,-8.5,ascending,274.23798
52.75,-8.25,ascending,277.15833
52.75,-8.0,ascending,279.07797
52.75,-7.75,ascending,280.25598
52.75,-7.5,ascending,280.79248
52.75,-7.25,ascending,280.754
52.75,-7.0,ascending,280.0125
52.75,-6.75,ascending,278.355
52.75,-6.5,ascending,274.798
52.75,-6.25,ascending,267.53833
52.75,-6.0,ascending,258.0675
52.75,-5.75,ascending,249.31999
52.75,-5.5,ascending,241.52167
52.75,-5.25,ascending,236.168
52.75,-5.0,ascending,232.26
52.75,-4.75,ascending,231.98248
52.75,-4.5,ascending,234.78
52.75,-4.25,ascending,245.858
52.75,-4.0,ascending,260.976
52.75,-3.75,ascending,272.2675
52.75,-3.5,ascending,278.52997
52.75,-3.25,ascending,279.78665
52.75,-3.0,ascending,281.36
52.75,-2.75,ascending,281.85748
52.75,-2.5,ascending,283.115
52.75,-2.25,ascending,283.75833
52.75,-2.0,ascending,284.42798
52.75,-1.75,ascending,285.175
52.75,-1.5,ascending,285.684
52.75,-1.25,ascending,286.0275
52.75,-1.0,ascending,286.51
52.75,-0.75,ascending,286.87332
52.75,-0.5,ascending,286.81497
52.75,-0.25,ascending,284.99
52.75,-0.0,ascending,258.4889
52.75,0.25,ascending,268.214
52.75,0.5,ascending,256.58197
52.75,0.75,ascending,255.64667
52.75,1.0,ascending,257.55
52.75,1.25,ascending,248.53833
52.75,1.5,ascending,242.99333
52.75,1.75,ascending,227.71
52.75,2.0,ascending,219.694
52.75,2.25,ascending,215.53333
52.75,2.5,ascending,214.66667
52.75,2.75,ascending,214.625
52.75,3.0,ascending,214.69
52.75,3.25,ascending,214.80666
52.75,3.5,ascending,214.96999
52.75,3.75,ascending,215.21666
52.75,4.0,ascending,215.97427
52.75,4.25,ascending,219.79375
52.75,4.5,ascending,228.48
52.75,4.75,ascending,239.43286
52.75,5.0,ascending,246.06999
52.75,5.25,ascending,252.21625
52.75,5.5,ascending,261.61142
52.75,5.75,ascending,272.07126
52.75,6.0,ascending,279.31876
52.75,6.25,ascending,282.585
52.75,6.5,ascending,283.275
52.75,6.75,ascending,283.21002
52.75,7.0,ascending,283.52
52.75,7.25,ascending,284.0677
52.75,7.5,ascending,284.41934
52.75,7.75,ascending,284.37906
52.75,8.0,ascending,284.35
52.75,8.25,ascending,284.5107
52.75,8.5,ascending,284.72537
52.75,8.75,ascending,284.90665
52.75,9.0,ascending,285.155
52.75,9.25,ascending,285.46698
52.75,9.5,ascending,285.82816
52.75,9.75,ascending,286.2922
52.75,10.0,ascending,286.54623
52.75,10.25,ascending,286.6325
52.75,10.5,ascending,286.5525
52.75,10.75,ascending,286.29498
52.75,11.0,ascending,286.1314
52.75,11.25,ascending,285.98712
52.75,11.5,ascending,285.90833
52.75,11.75,ascending,285.7275
52.75,12.0,ascending,285.58334
52.75,12.25,ascending,285.44
52.75,12.5,ascending,285.26572
52.75,12.75,ascending,285.0
52.75,13.0,ascending,284.81165
52.75,13.25,ascending,284.724
52.75,13.5,ascending,284.68167
52.75,13.75,ascending,284.68997
52.75,14.0,ascending,284.452
52.75,14.25,ascending,284.33334
52.75,14.5,ascending,284.41
52.75,14.75,ascending,284.83798
52.75,15.0,ascending,285.05167
52.75,15.25,ascending,285.26398
52.75,15.5,ascending,285.656
52.75,15.75,ascending,285.91
52.75,16.0,ascending,286.40833
52.75,16.25,ascending,286.79248
52.75,16.5,ascending,287.11398
52.75,16.75,ascending,287.086
52.75,17.0,ascending,286.62833
52.75,17.25,ascending,285.916
52.75,17.5,ascending,285.10666
52.75,17.75,ascending,284.534
52.75,18.0,ascending,284.47833
52.75,18.25,ascending,284.94
52.75,18.5,ascending,285.18
52.75,18.75,ascending,285.208
52.75,19.0,ascending,284.982
52.75,19.25,ascending,284.996
52.75,19.5,ascending,285.25333
52.75,19.75,ascending,286.122
52.75,20.0,ascending,286.81598
52.75,20.25,ascending,287.24
52.75,20.5,ascending,287.214
52.75,20.75,ascending,286.898
52.75,21.0,ascending,286.91333
52.75,21.25,ascending,287.56332
52.75,21.5,ascending,288.148
52.75,21.75,ascending,288.19998
52.75,22.0,ascending,287.82248
52.75,22.25,ascending,287.0825
52.75,22.5,ascending,286.68
52.75,22.75,ascending,286.66833
52.75,23.0,ascending,286.802
52.75,23.25,ascending,287.005
52.75,23.5,ascending,287.07498
52.75,23.75,ascending,286.83197
52.75,24.0,ascending,286.52832
52.75,24.25,ascending,286.415
52.75,24.5,ascending,286.19498
52.75,24.75,ascending,285.845
52.75,25.0,ascending,285.7383
52.75,25.25,ascending,286.03598
52.75,25.5,ascending,286.11
52.75,25.75,ascending,285.676
52.75,26.0,ascending,285.15833
52.75,26.25,ascending,284.954
52.75,26.5,ascending,284.75333
52.75,26.75,ascending,284.198
52.75,27.0,ascending,284.06497
52.75,27.25,ascending,284.30167
52.75,27.5,ascending,284.6457
52.75,27.75,ascending,285.13
52.75,28.0,ascending,285.73166
52.75,28.25,ascending,286.6057
52.75,28.5,ascending,287.15332
52.75,28.75,ascending,287.1875
52.75,29.0,ascending,287.22
52.75,29.25,ascending,286.93
52.75,29.5,ascending,286.75
52.75,29.75,ascending,286.74713
52.75,30.0,ascending,286.47775
52.75,30.25,ascending,286.3225
52.75,30.5,ascending,286.16498
52.75,30.75,ascending,286.1211
52.75,31.0,ascending,286.1311
52.75,31.25,ascending,286.00497
52.75,31.5,ascending,285.82
52.75,31.75,ascending,285.93832
52.75,32.0,ascending,286.30466
52.75,32.25,ascending,286.60858
52.75,32.5,ascending,286.5991
52.75,32.75,ascending,286.34186
52.75,33.0,ascending,286.416
52.75,33.25,ascending,286.52832
52.75,33.5,ascending,286.56644
52.75,33.75,ascending,286.544
52.75,34.0,ascending,286.57443
52.75,34.25,ascending,286.6011
52.75,34.5,ascending,286.6178
52.75,34.75,ascending,286.67374
52.75,35.0,ascending,286.7633
52.75,35.25,ascending,286.92334
52.75,35.5,ascending,287.1843
52.75,35.75,ascending,287.56857
52.75,36.0,ascending,287.99
52.75,36.25,ascending,288.26572
52.75,36.5,ascending,288.63715
52.75,36.75,ascending,288.99667
52.75,37.0,ascending,289.23428
52.75,37.25,ascending,289.53665
52.75,37.5,ascending,289.86002
52.75,37.75,ascending,290.12668
52.75,38.0,ascending,290.42334
53.0,-13.0,ascending,212.9425
53.0,-12.75,ascending,212.59666
53.0,-12.5,ascending,212.21165
53.0,-12.25,ascending,211.88713
53.0,-12.0,ascending,211.70601
53.0,-11.75,ascending,211.76428
53.0,-11.5,ascending,212.06831
53.0,-11.25,ascending,212.68834
53.0,-11.0,ascending,212.895
53.0,-10.75,ascending,213.06857
53.0,-10.5,ascending,213.054
53.0,-10.25,ascending,213.71999
53.0,-10.0,ascending,215.90166
53.0,-9.75,ascending,222.305
53.0,-9.5,ascending,234.62834
53.0,-9.25,ascending,248.33798
53.0,-9.0,ascending,261.586
53.0,-8.75,ascending,269.414
53.0,-8.5,ascending,274.8
53.0,-8.25,ascending,277.87997
53.0,-8.0,ascending,279.29498
53.0,-7.75,ascending,280.086
53.0,-7.5,ascending,280.63333
53.0,-7.25,ascending,280.83
53.0,-7.0,ascending,280.275
53.0,-6.75,ascending,278.91248
53.0,-6.5,ascending,276.08
53.0,-6.25,ascending,270.372
53.0,-6.0,ascending,259.36166
53.0,-5.75,ascending,247.944
53.0,-5.5,ascending,239.47998
53.0,-5.25,ascending,234.11398
53.0,-5.0,ascending,232.34499
53.0,-4.75,ascending,234.09999
53.0,-4.5,ascending,240.96799
53.0,-4.25,ascending,252.02998
53.0,-4.0,ascending,259.4075
53.0,-3.75,ascending,265.38498
53.0,-3.5,ascending,265.01334
53.0,-3.25,ascending,268.23248
53.0,-3.0,ascending,272.68832
53.0,-2.75,ascending,276.448
53.0,-2.5,ascending,280.925
53.0,-2.25,ascending,283.06
53.0,-2.0,ascending,284.255
53.0,-1.75,ascending,285.2475
53.0,-1.5,ascending,285.624
53.0,-1.25,ascending,285.73798
53.0,-1.0,ascending,286.13
53.0,-0.75,ascending,286.33334
53.0,-0.5,ascending,285.78833
53.0,-0.25,ascending,283.244
53.0,-0.0,ascending,256.41556
53.0,0.25,ascending,259.202
53.0,0.5,ascending,240.86833
53.0,0.75,ascending,232.15999
53.0,1.0,ascending,234.354
53.0,1.25,ascending,227.17165
53.0,1.5,ascending,225.68166
53.0,1.75,ascending,220.43713
53.0,2.0,ascending,216.74333
53.0,2.25,ascending,214.89
53.0,2.5,ascending,214.56198
53.0,2.75,ascending,214.48833
53.0,3.0,ascending,214.50143
53.0,3.25,ascending,214.61665
53.0,3.5,ascending,214.79857
53.0,3.75,ascending,214.96999
53.0,4.0,ascending,215.23
53.0,4.25,ascending,216.40857
53.0,4.5,ascending,220.81714
53.0,4.75,ascending,226.98999
53.0,5.0,ascending,233.5925
53.0,5.25,ascending,242.16286
53.0,5.5,ascending,255.61499
53.0,5.75,ascending,267.08667
53.0,6.0,ascending,275.32443
53.0,6.25,ascending,277.406
53.0,6.5,ascending,278.956
53.0,6.75,ascending,279.43582
53.0,7.0,ascending,280.7077
53.0,7.25,ascending,282.3936
53.0,7.5,ascending,282.92114
53.0,7.75,ascending,282.20935
53.0,8.0,ascending,283.16882
53.0,8.25,ascending,283.99832
53.0,8.5,ascending,284.40915
53.0,8.75,ascending,284.64664
53.0,9.0,ascending,284.97092
53.0,9.25,ascending,285.22272
53.0,9.5,ascending,285.7111
53.0,9.75,ascending,286.22
53.0,10.0,ascending,286.5925
53.0,10.25,ascending,286.63626
53.0,10.5,ascending,286.33624
53.0,10.75,ascending,285.90375
53.0,11.0,ascending,285.60284
53.0,11.25,ascending,285.61002
53.0,11.5,ascending,285.65714
53.0,11.75,ascending,285.7175
53.0,12.0,ascending,285.70166
53.0,12.25,ascending,285.58286
53.0,12.5,ascending,285.39835
53.0,12.75,ascending,285.09
53.0,13.0,ascending,284.24
53.0,13.25,ascending,283.66855
53.0,13.5,ascending,283.53165
53.0,13.75,ascending,282.99667
53.0,14.0,ascending,283.05667
53.0,14.25,ascending,282.88168
53.0,14.5,ascending,283.27164
53.0,14.75,ascending,283.14166
53.0,15.0,ascending,282.83197
53.0,15.25,ascending,282.89667
53.0,15.5,ascending,283.93
53.0,15.75,ascending,285.02332
53.0,16.0,ascending,286.056
53.0,16.25,ascending,286.69
53.0,16.5,ascending,286.7333
53.0,16.75,ascending,286.50668
53.0,17.0,ascending,286.07333
53.0,17.25,ascending,285.44598
53.0,17.5,ascending,285.00833
53.0,17.75,ascending,284.97
53.0,18.0,ascending,285.188
53.0,18.25,ascending,285.236
53.0,18.5,ascending,284.818
53.0,18.75,ascending,284.472
53.0,19.0,ascending,284.2225
53.0,19.25,ascending,284.22165
53.0,19.5,ascending,284.69498
53.0,19.75,ascending,285.35834
53.0,20.0,ascending,286.208
53.0,20.25,ascending,286.44
53.0,20.5,ascending,286.48798
53.0,20.75,ascending,286.48
53.0,21.0,ascending,286.876
53.0,21.25,ascending,287.43
53.0,21.5,ascending,287.56168
53.0,21.75,ascending,287.4625
53.0,22.0,ascending,286.90332
53.0,22.25,ascending,286.294
53.0,22.5,ascending,286.16333
53.0,22.75,ascending,286.162
53.0,23.0,ascending,286.31665
53.0,23.25,ascending,286.664
53.0,23.5,ascending,286.82333
53.0,23.75,ascending,286.365
53.0,24.0,ascending,285.75497
53.0,24.25,ascending,285.61398
53.0,24.5,ascending,285.72998
53.0,24.75,ascending,285.658
53.0,25.0,ascending,285.71167
53.0,25.25,ascending,286.142
53.0,25.5,ascending,286.40665
53.0,25.75,ascending,285.88998
53.0,26.0,ascending,284.9283
53.0,26.25,ascending,284.388
53.0,26.5,ascending,284.16165
53.0,26.75,ascending,284.06284
53.0,27.0,ascending,284.124
53.0,27.25,ascending,284.395
53.0,27.5,ascending,284.725
53.0,27.75,ascending,285.1
53.0,28.0,ascending,285.62714
53.0,28.25,ascending,286.06
53.0,28.5,ascending,286.42715
53.0,28.75,ascending,286.35602
53.0,29.0,ascending,286.27112
53.0,29.25,ascending,285.865
53.0,29.5,ascending,285.72284
53.0,29.75,ascending,285.70248
53.0,30.0,ascending,285.8225
53.0,30.25,ascending,285.735
53.0,30.5,ascending,285.69598
53.0,30.75,ascending,285.69778
53.0,31.0,ascending,285.83002
53.0,31.25,ascending,285.76273
53.0,31.5,ascending,285.6782
53.0,31.75,ascending,285.6783
53.0,32.0,ascending,285.835
53.0,32.25,ascending,286.04648
53.0,32.5,ascending,286.0522
53.0,32.75,ascending,285.93356
53.0,33.0,ascending,286.01834
53.0,33.25,ascending,286.10785
53.0,33.5,ascending,286.13
53.0,33.75,ascending,286.176
53.0,34.0,ascending,286.201
53.0,34.25,ascending,286.225
53.0,34.5,ascending,286.22626
53.0,34.75,ascending,286.37
53.0,35.0,ascending,286.272
53.0,35.25,ascending,286.46713
53.0,35.5,ascending,286.69144
53.0,35.75,ascending,287.05374
53.0,36.0,ascending,287.41855
53.0,36.25,ascending,287.69855
53.0,36.5,ascending,288.22427
53.0,36.75,ascending,288.5414
53.0,37.0,ascending,288.62332
53.0,37.25,ascending,288.85
53.0,37.5,ascending,289.1743
53.0,37.75,ascending,289.672
53.0,38.0,ascending,289.94
53.25,-13.0,ascending,212.93001
53.25,-12.75,ascending,212.59799
53.25,-12.5,ascending,212.16573
53.25,-12.25,ascending,211.798
53.25,-12.0,ascending,211.56
53.25,-11.75,ascending,211.4357
53.25,-11.5,ascending,211.61398
53.25,-11.25,ascending,211.76
53.25,-11.0,ascending,212.174
53.25,-10.75,ascending,212.45801
53.25,-10.5,ascending,213.27666
53.25,-10.25,ascending,214.81834
53.25,-10.0,ascending,220.31401
53.25,-9.75,ascending,232.33598
53.25,-9.5,ascending,245.31831
53.25,-9.25,ascending,257.94333
53.25,-9.0,ascending,266.88202
53.25,-8.75,ascending,273.2525
53.25,-8.5,ascending,277.866
53.25,-8.25,ascending,279.58664
53.25,-8.0,ascending,279.62668
53.25,-7.75,ascending,279.51202
53.25,-7.5,ascending,280.03833
53.25,-7.25,ascending,280.318
53.25,-7.0,ascending,279.912
53.25,-6.75,ascending,278.83197
53.25,-6.5,ascending,276.42596
53.25,-6.25,ascending,268.736
53.25,-6.0,ascending,257.8825
53.25,-5.75,ascending,242.89665
53.25,-5.5,ascending,235.04
53.25,-5.25,ascending,232.202
53.25,-5.0,ascending,231.23833
53.25,-4.75,ascending,233.7625
53.25,-4.5,ascending,241.02
53.25,-4.25,ascending,245.63249
53.25,-4.0,ascending,248.45601
53.25,-3.75,ascending,245.65833
53.25,-3.5,ascending,245.665
53.25,-3.25,ascending,248.314
53.25,-3.0,ascending,256.89835
53.25,-2.75,ascending,269.49832
53.25,-2.5,ascending,278.34335
53.25,-2.25,ascending,282.015
53.25,-2.0,ascending,284.16333
53.25,-1.75,ascending,285.11
53.25,-1.5,ascending,285.31665
53.25,-1.25,ascending,285.362
53.25,-1.0,ascending,285.67166
53.25,-0.75,ascending,285.818
53.25,-0.5,ascending,284.615
53.25,-0.25,ascending,279.53198
53.25,-0.0,ascending,251.72223
53.25,0.25,ascending,247.125
53.25,0.5,ascending,229.25801
53.25,0.75,ascending,219.37834
53.25,1.0,ascending,218.48499
53.25,1.25,ascending,217.16599
53.25,1.5,ascending,217.02
53.25,1.75,ascending,215.95
53.25,2.0,ascending,215.40498
53.25,2.25,ascending,214.87666
53.25,2.5,ascending,214.57832
53.25,2.75,ascending,214.39856
53.25,3.0,ascending,214.344
53.25,3.25,ascending,214.40625
53.25,3.5,ascending,214.55833
53.25,3.75,ascending,214.63332
53.25,4.0,ascending,214.7975
53.25,4.25,ascending,215.045
53.25,4.5,ascending,216.00249
53.25,4.75,ascending,218.24284
53.25,5.0,ascending,222.4
53.25,5.25,ascending,227.96375
53.25,5.5,ascending,235.75624
53.25,5.75,ascending,245.32875
53.25,6.0,ascending,254.98776
53.25,6.25,ascending,258.15887
53.25,6.5,ascending,262.122
53.25,6.75,ascending,265.68597
53.25,7.0,ascending,270.97
53.25,7.25,ascending,276.40787
53.25,7.5,ascending,276.676
53.25,7.75,ascending,277.2556
53.25,8.0,ascending,280.25537
53.25,8.25,ascending,281.995
53.25,8.5,ascending,282.919
53.25,8.75,ascending,283.18182
53.25,9.0,ascending,283.26166
53.25,9.25,ascending,283.9275
53.25,9.5,ascending,284.57373
53.25,9.75,ascending,285.1375
53.25,10.0,ascending,285.59125
53.25,10.25,ascending,285.425
53.25,10.5,ascending,284.7389
53.25,10.75,ascending,284.71167
53.25,11.0,ascending,284.96
53.25,11.25,ascending,285.25333
53.25,11.5,ascending,285.2875
53.25,11.75,ascending,285.27664
53.25,12.0,ascending,284.91
53.25,12.25,ascending,284.278
53.25,12.5,ascending,283.4233
53.25,12.75,ascending,281.63858
53.25,13.0,ascending,280.85
53.25,13.25,ascending,280.992
53.25,13.5,ascending,281.37
53.25,13.75,ascending,281.89398
53.25,14.0,ascending,282.17166
53.25,14.25,ascending,282.27164
53.25,14.5,ascending,281.64166
53.25,14.75,ascending,280.674
53.25,15.0,ascending,279.95334
53.25,15.25,ascending,281.138
53.25,15.5,ascending,283.04834
53.25,15.75,ascending,284.628
53.25,16.0,ascending,285.26834
53.25,16.25,ascending,285.336
53.25,16.5,ascending,285.41
53.25,16.75,ascending,285.594
53.25,17.0,ascending,285.5675
53.25,17.25,ascending,285.34
53.25,17.5,ascending,285.0675
53.25,17.75,ascending,284.974
53.25,18.0,ascending,284.935
53.25,18.25,ascending,284.83197
53.25,18.5,ascending,284.45798
53.25,18.75,ascending,284.03598
53.25,19.0,ascending,283.65164
53.25,19.25,ascending,283.5075
53.25,19.5,ascending,283.66144
53.25,19.75,ascending,283.82333
53.25,20.0,ascending,284.456
53.25,20.25,ascending,284.83398
53.25,20.5,ascending,285.01666
53.25,20.75,ascending,285.51248
53.25,21.0,ascending,285.86
53.25,21.25,ascending,286.0
53.25,21.5,ascending,285.9725
53.25,21.75,ascending,285.154
53.25,22.0,ascending,284.7333
53.25,22.25,ascending,284.85834
53.25,22.5,ascending,285.112
53.25,22.75,ascending,285.34198
53.25,23.0,ascending,285.70248
53.25,23.25,ascending,286.13748
53.25,23.5,ascending,286.25
53.25,23.75,ascending,285.5625
53.25,24.0,ascending,285.08167
53.25,24.25,ascending,285.12
53.25,24.5,ascending,285.36
53.25,24.75,ascending,285.398
53.25,25.0,ascending,285.498
53.25,25.25,ascending,285.916
53.25,25.5,ascending,286.155
53.25,25.75,ascending,285.59
53.25,26.0,ascending,284.8
53.25,26.25,ascending,284.39835
53.25,26.5,ascending,284.35333
53.25,26.75,ascending,284.53665
53.25,27.0,ascending,284.53833
53.25,27.25,ascending,284.69
53.25,27.5,ascending,284.81497
53.25,27.75,ascending,285.01498
53.25,28.0,ascending,285.37714
53.25,28.25,ascending,285.58798
53.25,28.5,ascending,285.67874
53.25,28.75,ascending,285.68857
53.25,29.0,ascending,285.68124
53.25,29.25,ascending,285.69998
53.25,29.5,ascending,285.46222
53.25,29.75,ascending,285.2443
53.25,30.0,ascending,285.25775
53.25,30.25,ascending,285.31
53.25,30.5,ascending,285.3325
53.25,30.75,ascending,285.35498
53.25,31.0,ascending,285.37454
53.25,31.25,ascending,285.31775
53.25,31.5,ascending,285.24728
53.25,31.75,ascending,285.27307
53.25,32.0,ascending,285.3393
53.25,32.25,ascending,285.4632
53.25,32.5,ascending,285.56094
53.25,32.75,ascending,285.62833
53.25,33.0,ascending,285.6064
53.25,33.25,ascending,285.63834
53.25,33.5,ascending,285.54364
53.25,33.75,ascending,285.5789
53.25,34.0,ascending,285.57623
53.25,34.25,ascending,285.47498
53.25,34.5,ascending,285.3822
53.25,34.75,ascending,285.345
53.25,35.0,ascending,285.29572
53.25,35.25,ascending,285.62872
53.25,35.5,ascending,286.0657
53.25,35.75,ascending,286.44998
53.25,36.0,ascending,286.79855
53.25,36.25,ascending,287.28427
53.25,36.5,ascending,287.65854
53.25,36.75,ascending,287.8457
53.25,37.0,ascending,288.08667
53.25,37.25,ascending,288.398
53.25,37.5,ascending,288.81332
53.25,37.75,ascending,289.38
53.25,38.0,ascending,289.66333
53.5,-13.0,ascending,212.94
53.5,-12.75,ascending,212.64
53.5,-12.5,ascending,212.21375
53.5,-12.25,ascending,211.82332
53.5,-12.0,ascending,211.48286
53.5,-11.75,ascending,211.26799
53.5,-11.5,ascending,211.1843
53.5,-11.25,ascending,211.328
53.5,-11.0,ascending,211.8457
53.5,-10.75,ascending,212.68599
53.5,-10.5,ascending,214.53667
53.5,-10.25,ascending,219.00601
53.5,-10.0,ascending,228.09666
53.5,-9.75,ascending,241.58
53.5,-9.5,ascending,255.0
53.5,-9.25,ascending,264.74667
53.5,-9.0,ascending,272.935
53.5,-8.75,ascending,277.83398
53.5,-8.5,ascending,279.91998
53.5,-8.25,ascending,279.61832
53.5,-8.0,ascending,278.755
53.5,-7.75,ascending,278.556
53.5,-7.5,ascending,279.0
53.5,-7.25,ascending,279.26666
53.5,-7.0,ascending,279.28598
53.5,-6.75,ascending,278.654
53.5,-6.5,ascending,275.18
53.5,-6.25,ascending,265.67798
53.5,-6.0,ascending,251.28598
53.5,-5.75,ascending,237.82748
53.5,-5.5,ascending,232.82
53.5,-5.25,ascending,230.28749
53.5,-5.0,ascending,229.65
53.5,-4.75,ascending,231.925
53.5,-4.5,ascending,235.565
53.5,-4.25,ascending,238.6625
53.5,-4.0,ascending,237.04333
53.5,-3.75,ascending,233.48999
53.5,-3.5,ascending,231.70833
53.5,-3.25,ascending,233.93599
53.5,-3.0,ascending,247.495
53.5,-2.75,ascending,264.19333
53.5,-2.5,ascending,276.955
53.5,-2.25,ascending,282.24667
53.5,-2.0,ascending,284.18597
53.5,-1.75,ascending,284.99667
53.5,-1.5,ascending,285.10602
53.5,-1.25,ascending,285.1083
53.5,-1.0,ascending,285.302
53.5,-0.75,ascending,284.78333
53.5,-0.5,ascending,281.495
53.5,-0.25,ascending,271.185
53.5,-0.0,ascending,240.54109
53.5,0.25,ascending,233.06001
53.5,0.5,ascending,221.69832
53.5,0.75,ascending,214.85799
53.5,1.0,ascending,214.375
53.5,1.25,ascending,214.56834
53.5,1.5,ascending,214.86499
53.5,1.75,ascending,214.98398
53.5,2.0,ascending,215.00334
53.5,2.25,ascending,214.77832
53.5,2.5,ascending,214.47714
53.5,2.75,ascending,214.22166
53.5,3.0,ascending,214.15166
53.5,3.25,ascending,214.16199
53.5,3.5,ascending,214.2325
53.5,3.75,ascending,214.29001
53.5,4.0,ascending,214.27
53.5,4.25,ascending,214.35374
53.5,4.5,ascending,214.35625
53.5,4.75,ascending,214.82999
53.5,5.0,ascending,215.66
53.5,5.25,ascending,217.42332
53.5,5.5,ascending,220.0025
53.5,5.75,ascending,223.91667
53.5,6.0,ascending,225.93546
53.5,6.25,ascending,230.816
53.5,6.5,ascending,232.14362
53.5,6.75,ascending,238.0825
53.5,7.0,ascending,245.97615
53.5,7.25,ascending,254.17052
53.5,7.5,ascending,262.0153
53.5,7.75,ascending,265.04443
53.5,8.0,ascending,270.83417
53.5,8.25,ascending,272.63083
53.5,8.5,ascending,273.73553
53.5,8.75,ascending,273.45364
53.5,9.0,ascending,274.666
53.5,9.25,ascending,278.005
53.5,9.5,ascending,280.01123
53.5,9.75,ascending,281.33124
53.5,10.0,ascending,282.45874
53.5,10.25,ascending,282.53223
53.5,10.5,ascending,282.95667
53.5,10.75,ascending,283.56625
53.5,11.0,ascending,283.93832
53.5,11.25,ascending,283.82712
53.5,11.5,ascending,283.03
53.5,11.75,ascending,282.83
53.5,12.0,ascending,281.69333
53.5,12.25,ascending,280.736
53.5,12.5,ascending,280.05142
53.5,12.75,ascending,279.615
53.5,13.0,ascending,280.008
53.5,13.25,ascending,280.9814
53.5,13.5,ascending,281.758
53.5,13.75,ascending,282.15286
53.5,14.0,ascending,281.19498
53.5,14.25,ascending,278.652
53.5,14.5,ascending,274.00714
53.5,14.75,ascending,272.51
53.5,15.0,ascending,274.085
53.5,15.25,ascending,278.424
53.5,15.5,ascending,281.224
53.5,15.75,ascending,282.78165
53.5,16.0,ascending,283.28665
53.5,16.25,ascending,283.84998
53.5,16.5,ascending,284.43497
53.5,16.75,ascending,285.024
53.5,17.0,ascending,285.05402
53.5,17.25,ascending,285.156
53.5,17.5,ascending,284.97998
53.5,17.75,ascending,284.83798
53.5,18.0,ascending,284.996
53.5,18.25,ascending,285.28198
53.5,18.5,ascending,284.95166
53.5,18.75,ascending,284.208
53.5,19.0,ascending,283.5675
53.5,19.25,ascending,282.86166
53.5,19.5,ascending,282.455
53.5,19.75,ascending,282.36798
53.5,20.0,ascending,282.972
53.5,20.25,ascending,283.39835
53.5,20.5,ascending,283.72
53.5,20.75,ascending,284.08197
53.5,21.0,ascending,283.99167
53.5,21.25,ascending,283.8925
53.5,21.5,ascending,282.82333
53.5,21.75,ascending,280.796
53.5,22.0,ascending,281.175
53.5,22.25,ascending,282.5875
53.5,22.5,ascending,283.66998
53.5,22.75,ascending,284.35
53.5,23.0,ascending,284.796
53.5,23.25,ascending,285.36166
53.5,23.5,ascending,285.58398
53.5,23.75,ascending,285.3425
53.5,24.0,ascending,285.052
53.5,24.25,ascending,285.328
53.5,24.5,ascending,285.66333
53.5,24.75,ascending,285.44498
53.5,25.0,ascending,285.292
53.5,25.25,ascending,285.47333
53.5,25.5,ascending,285.77332
53.5,25.75,ascending,285.46335
53.5,26.0,ascending,284.84998
53.5,26.25,ascending,284.72333
53.5,26.5,ascending,284.97
53.5,26.75,ascending,285.01
53.5,27.0,ascending,284.53287
53.5,27.25,ascending,284.17667
53.5,27.5,ascending,284.18167
53.5,27.75,ascending,284.444
53.5,28.0,ascending,284.71713
53.5,28.25,ascending,285.15875
53.5,28.5,ascending,285.502
53.5,28.75,ascending,285.62997
53.5,29.0,ascending,285.755
53.5,29.25,ascending,285.87286
53.5,29.5,ascending,285.84283
53.5,29.75,ascending,285.455
53.5,30.0,ascending,285.04248
53.5,30.25,ascending,284.92374
53.5,30.5,ascending,285.03598
53.5,30.75,ascending,285.149
53.5,31.0,ascending,285.09778
53.5,31.25,ascending,285.00092
53.5,31.5,ascending,284.9625
53.5,31.75,ascending,285.04
53.5,32.0,ascending,285.00363
53.5,32.25,ascending,285.08804
53.5,32.5,ascending,285.12152
53.5,32.75,ascending,285.21613
53.5,33.0,ascending,285.17072
53.5,33.25,ascending,285.1611
53.5,33.5,ascending,285.14444
53.5,33.75,ascending,285.14334
53.5,34.0,ascending,285.09332
53.5,34.25,ascending,284.98
53.5,34.5,ascending,284.82
53.5,34.75,ascending,284.68597
53.5,35.0,ascending,284.65714
53.5,35.25,ascending,284.8
53.5,35.5,ascending,285.10498
53.5,35.75,ascending,285.30856
53.5,36.0,ascending,285.87375
53.5,36.25,ascending,286.55997
53.5,36.5,ascending,286.90857
53.5,36.75,ascending,287.34665
53.5,37.0,ascending,287.81998
53.5,37.25,ascending,288.1683
53.5,37.5,ascending,288.665
53.5,37.75,ascending,289.06284
53.5,38.0,ascending,289.15665
53.75,-13.0,ascending,213.175
53.75,-12.75,ascending,212.885
53.75,-12.5,ascending,212.82666
53.75,-12.25,ascending,212.37
53.75,-12.0,ascending,211.95401
53.75,-11.75,ascending,211.46332
53.75,-11.5,ascending,211.15
53.75,-11.25,ascending,211.20166
53.75,-11.0,ascending,211.63998
53.75,-10.75,ascending,212.57999
53.75,-10.5,ascending,214.85167
53.75,-10.25,ascending,220.398
53.75,-10.0,ascending,229.47499
53.75,-9.75,ascending,242.8475
53.75,-9.5,ascending,255.882
53.75,-9.25,ascending,268.05
53.75,-9.0,ascending,274.47333
53.75,-8.75,ascending,276.648
53.75,-8.5,ascending,277.53598
53.75,-8.25,ascending,277.25
53.75,-8.0,ascending,276.08398
53.75,-7.75,ascending,276.845
53.75,-7.5,ascending,277.576
53.75,-7.25,ascending,278.14
53.75,-7.0,ascending,278.62997
53.75,-6.75,ascending,278.298
53.75,-6.5,ascending,274.778
53.75,-6.25,ascending,263.236
53.75,-6.0,ascending,248.58798
53.75,-5.75,ascending,239.60834
53.75,-5.5,ascending,233.918
53.75,-5.25,ascending,231.44499
53.75,-5.0,ascending,229.368
53.75,-4.75,ascending,230.38599
53.75,-4.5,ascending,234.5925
53.75,-4.25,ascending,236.724
53.75,-4.0,ascending,235.735
53.75,-3.75,ascending,232.34666
53.75,-3.5,ascending,230.55666
53.75,-3.25,ascending,234.9325
53.75,-3.0,ascending,248.55249
53.75,-2.75,ascending,265.604
53.75,-2.5,ascending,277.79666
53.75,-2.25,ascending,283.02
53.75,-2.0,ascending,284.785
53.75,-1.75,ascending,285.47998
53.75,-1.5,ascending,285.42
53.75,-1.25,ascending,285.18198
53.75,-1.0,ascending,284.80167
53.75,-0.75,ascending,282.85333
53.75,-0.5,ascending,275.942
53.75,-0.25,ascending,263.892
53.75,-0.0,ascending,231.90874
53.75,0.25,ascending,224.946
53.75,0.5,ascending,216.99666
53.75,0.75,ascending,213.9175
53.75,1.0,ascending,213.52666
53.75,1.25,ascending,213.63167
53.75,1.5,ascending,213.98
53.75,1.75,ascending,214.25998
53.75,2.0,ascending,214.46666
53.75,2.25,ascending,214.30666
53.75,2.5,ascending,214.078
53.75,2.75,ascending,213.83167
53.75,3.0,ascending,213.69142
53.75,3.25,ascending,213.71571
53.75,3.5,ascending,213.81831
53.75,3.75,ascending,213.90999
53.75,4.0,ascending,213.92665
53.75,4.25,ascending,213.86
53.75,4.5,ascending,213.73499
53.75,4.75,ascending,213.64856
53.75,5.0,ascending,213.35889
53.75,5.25,ascending,213.17375
53.75,5.5,ascending,213.58499
53.75,5.75,ascending,214.03874
53.75,6.0,ascending,214.53223
53.75,6.25,ascending,215.45667
53.75,6.5,ascending,216.06273
53.75,6.75,ascending,217.34908
53.75,7.0,ascending,221.70389
53.75,7.25,ascending,229.62482
53.75,7.5,ascending,233.63937
53.75,7.75,ascending,239.16158
53.75,8.0,ascending,243.81915
53.75,8.25,ascending,247.41899
53.75,8.5,ascending,248.09166
53.75,8.75,ascending,249.80556
53.75,9.0,ascending,256.87
53.75,9.25,ascending,265.09625
53.75,9.5,ascending,272.805
53.75,9.75,ascending,276.99142
53.75,10.0,ascending,280.41498
53.75,10.25,ascending,282.34427
53.75,10.5,ascending,283.05713
53.75,10.75,ascending,282.58167
53.75,11.0,ascending,280.75998
53.75,11.25,ascending,278.22144
53.75,11.5,ascending,276.20428
53.75,11.75,ascending,275.992
53.75,12.0,ascending,273.60498
53.75,12.25,ascending,276.18997
53.75,12.5,ascending,277.4
53.75,12.75,ascending,279.34747
53.75,13.0,ascending,280.61142
53.75,13.25,ascending,281.636
53.75,13.5,ascending,281.25833
53.75,13.75,ascending,278.642
53.75,14.0,ascending,272.59335
53.75,14.25,ascending,263.296
53.75,14.5,ascending,254.574
53.75,14.75,ascending,256.872
53.75,15.0,ascending,263.86798
53.75,15.25,ascending,268.82
53.75,15.5,ascending,272.415
53.75,15.75,ascending,275.97
53.75,16.0,ascending,277.558
53.75,16.25,ascending,279.324
53.75,16.5,ascending,280.95334
53.75,16.75,ascending,282.496
53.75,17.0,ascending,283.66833
53.75,17.25,ascending,284.62598
53.75,17.5,ascending,284.92798
53.75,17.75,ascending,284.998
53.75,18.0,ascending,285.19
53.75,18.25,ascending,285.09198
53.75,18.5,ascending,284.60248
53.75,18.75,ascending,283.662
53.75,19.0,ascending,282.12332
53.75,19.25,ascending,279.91998
53.75,19.5,ascending,278.95334
53.75,19.75,ascending,279.2575
53.75,20.0,ascending,280.722
53.75,20.25,ascending,281.72998
53.75,20.5,ascending,283.09198
53.75,20.75,ascending,283.2725
53.75,21.0,ascending,283.055
53.75,21.25,ascending,282.225
53.75,21.5,ascending,280.17798
53.75,21.75,ascending,278.6
53.75,22.0,ascending,279.09665
53.75,22.25,ascending,281.33798
53.75,22.5,ascending,282.73166
53.75,22.75,ascending,283.35
53.75,23.0,ascending,283.86166
53.75,23.25,ascending,284.298
53.75,23.5,ascending,284.56
53.75,23.75,ascending,284.708
53.75,24.0,ascending,285.042
53.75,24.25,ascending,285.8975
53.75,24.5,ascending,286.155
53.75,24.75,ascending,285.666
53.75,25.0,ascending,285.10165
53.75,25.25,ascending,285.0075
53.75,25.5,ascending,285.28665
53.75,25.75,ascending,285.306
53.75,26.0,ascending,284.924
53.75,26.25,ascending,284.85
53.75,26.5,ascending,285.06
53.75,26.75,ascending,284.93597
53.75,27.0,ascending,284.434
53.75,27.25,ascending,283.69998
53.75,27.5,ascending,283.47165
53.75,27.75,ascending,283.97
53.75,28.0,ascending,284.466
53.75,28.25,ascending,284.95166
53.75,28.5,ascending,285.51248
53.75,28.75,ascending,285.90714
53.75,29.0,ascending,286.0525
53.75,29.25,ascending,286.02713
53.75,29.5,ascending,285.85376
53.75,29.75,ascending,285.46426
53.75,30.0,ascending,284.88748
53.75,30.25,ascending,284.53125
53.75,30.5,ascending,284.51126
53.75,30.75,ascending,284.67
53.75,31.0,ascending,284.78552
53.75,31.25,ascending,284.6782
53.75,31.5,ascending,284.64664
53.75,31.75,ascending,284.65875
53.75,32.0,ascending,284.68677
53.75,32.25,ascending,284.86386
53.75,32.5,ascending,284.84293
53.75,32.75,ascending,284.85
53.75,33.0,ascending,284.908
53.75,33.25,ascending,284.925
53.75,33.5,ascending,284.90778
53.75,33.75,ascending,284.8675
53.75,34.0,ascending,284.755
53.75,34.25,ascending,284.6325
53.75,34.5,ascending,284.3589
53.75,34.75,ascending,284.1657
53.75,35.0,ascending,284.1486
53.75,35.25,ascending,284.19
53.75,35.5,ascending,284.44
53.75,35.75,ascending,284.82666
53.75,36.0,ascending,285.40857
53.75,36.25,ascending,286.0433
53.75,36.5,ascending,286.4457
53.75,36.75,ascending,286.91
53.75,37.0,ascending,287.22858
53.75,37.25,ascending,287.44
53.75,37.5,ascending,287.70667
53.75,37.75,ascending,287.53
53.75,38.0,ascending,287.77664
54.0,-13.0,ascending,214.16998
54.0,-12.75,ascending,213.89499
54.0,-12.5,ascending,213.62831
54.0,-12.25,ascending,213.04
54.0,-12.0,ascending,212.30142
54.0,-11.75,ascending,211.512
54.0,-11.5,ascending,211.15833
54.0,-11.25,ascending,211.04665
54.0,-11.0,ascending,211.31166
54.0,-10.75,ascending,212.005
54.0,-10.5,ascending,214.10999
54.0,-10.25,ascending,219.01666
54.0,-10.0,ascending,230.06166
54.0,-9.75,ascending,243.752
54.0,-9.5,ascending,255.82999
54.0,-9.25,ascending,262.31
54.0,-9.0,ascending,265.444
54.0,-8.75,ascending,263.455
54.0,-8.5,ascending,265.84833
54.0,-8.25,ascending,268.016
54.0,-8.0,ascending,270.63168
54.0,-7.75,ascending,273.76
54.0,-7.5,ascending,275.91333
54.0,-7.25,ascending,277.44598
54.0,-7.0,ascending,278.405
54.0,-6.75,ascending,278.37
54.0,-6.5,ascending,274.22665
54.0,-6.25,ascending,267.435
54.0,-6.0,ascending,257.31332
54.0,-5.75,ascending,249.07248
54.0,-5.5,ascending,241.79832
54.0,-5.25,ascending,233.804
54.0,-5.0,ascending,230.46199
54.0,-4.75,ascending,231.83798
54.0,-4.5,ascending,236.13666
54.0,-4.25,ascending,238.36665
54.0,-4.0,ascending,237.44832
54.0,-3.75,ascending,236.03166
54.0,-3.5,ascending,237.8
54.0,-3.25,ascending,243.806
54.0,-3.0,ascending,255.012
54.0,-2.75,ascending,270.27164
54.0,-2.5,ascending,280.14166
54.0,-2.25,ascending,283.964
54.0,-2.0,ascending,285.306
54.0,-1.75,ascending,285.904
54.0,-1.5,ascending,285.55
54.0,-1.25,ascending,283.81833
54.0,-1.0,ascending,280.97
54.0,-0.75,ascending,275.506
54.0,-0.5,ascending,267.126
54.0,-0.25,ascending,251.03499
54.0,-0.0,ascending,226.04875
54.0,0.25,ascending,219.352
54.0,0.5,ascending,214.59001
54.0,0.75,ascending,213.43333
54.0,1.0,ascending,213.18
54.0,1.25,ascending,213.08798
54.0,1.5,ascending,213.05833
54.0,1.75,ascending,213.16286
54.0,2.0,ascending,213.43285
54.0,2.25,ascending,213.53833
54.0,2.5,ascending,213.48999
54.0,2.75,ascending,213.315
54.0,3.0,ascending,213.08998
54.0,3.25,ascending,213.01
54.0,3.5,ascending,213.23
54.0,3.75,ascending,213.4157
54.0,4.0,ascending,213.62874
54.0,4.25,ascending,213.58286
54.0,4.5,ascending,213.43
54.0,4.75,ascending,213.11
54.0,5.0,ascending,212.60875
54.0,5.25,ascending,212.16428
54.0,5.5,ascending,211.779
54.0,5.75,ascending,211.68555
54.0,6.0,ascending,211.96799
54.0,6.25,ascending,212.2
54.0,6.5,ascending,212.5
54.0,6.75,ascending,212.93929
54.0,7.0,ascending,214.60269
54.0,7.25,ascending,215.32068
54.0,7.5,ascending,216.62032
54.0,7.75,ascending,218.30061
54.0,8.0,ascending,218.84999
54.0,8.25,ascending,220.9209
54.0,8.5,ascending,224.94272
54.0,8.75,ascending,232.6175
54.0,9.0,ascending,243.76125
54.0,9.25,ascending,256.43625
54.0,9.5,ascending,267.65714
54.0,9.75,ascending,275.49142
54.0,10.0,ascending,280.34555
54.0,10.25,ascending,281.47284
54.0,10.5,ascending,280.30426
54.0,10.75,ascending,276.61667
54.0,11.0,ascending,269.16855
54.0,11.25,ascending,262.165
54.0,11.5,ascending,258.81
54.0,11.75,ascending,255.77249
54.0,12.0,ascending,257.44
54.0,12.25,ascending,262.72
54.0,12.5,ascending,265.112
54.0,12.75,ascending,270.61002
54.0,13.0,ascending,273.81998
54.0,13.25,ascending,274.20428
54.0,13.5,ascending,269.80402
54.0,13.75,ascending,263.47998
54.0,14.0,ascending,252.38998
54.0,14.25,ascending,240.93834
54.0,14.5,ascending,234.95598
54.0,14.75,ascending,235.83333
54.0,15.0,ascending,243.11333
54.0,15.25,ascending,247.29399
54.0,15.5,ascending,252.29
54.0,15.75,ascending,257.84833
54.0,16.0,ascending,261.27664
54.0,16.25,ascending,263.892
54.0,16.5,ascending,269.735
54.0,16.75,ascending,275.228
54.0,17.0,ascending,279.0225
54.0,17.25,ascending,281.60165
54.0,17.5,ascending,283.008
54.0,17.75,ascending,283.826
54.0,18.0,ascending,283.73798
54.0,18.25,ascending,283.22
54.0,18.5,ascending,282.402
54.0,18.75,ascending,278.128
54.0,19.0,ascending,274.845
54.0,19.25,ascending,268.006
54.0,19.5,ascending,265.622
54.0,19.75,ascending,269.18497
54.0,20.0,ascending,273.8075
54.0,20.25,ascending,278.172
54.0,20.5,ascending,281.24167
54.0,20.75,ascending,282.925
54.0,21.0,ascending,283.03333
54.0,21.25,ascending,282.534
54.0,21.5,ascending,281.02997
54.0,21.75,ascending,279.0925
54.0,22.0,ascending,280.04166
54.0,22.25,ascending,281.965
54.0,22.5,ascending,282.906
54.0,22.75,ascending,283.14832
54.0,23.0,ascending,283.242
54.0,23.25,ascending,283.364
54.0,23.5,ascending,283.30997
54.0,23.75,ascending,283.44333
54.0,24.0,ascending,284.31
54.0,24.25,ascending,285.555
54.0,24.5,ascending,285.77
54.0,24.75,ascending,285.732
54.0,25.0,ascending,285.20667
54.0,25.25,ascending,284.93198
54.0,25.5,ascending,285.05167
54.0,25.75,ascending,285.16
54.0,26.0,ascending,284.965
54.0,26.25,ascending,284.65857
54.0,26.5,ascending,284.54666
54.0,26.75,ascending,284.43665
54.0,27.0,ascending,284.27713
54.0,27.25,ascending,283.90164
54.0,27.5,ascending,283.93332
54.0,27.75,ascending,284.28
54.0,28.0,ascending,284.62375
54.0,28.25,ascending,284.994
54.0,28.5,ascending,285.30713
54.0,28.75,ascending,285.58798
54.0,29.0,ascending,285.78427
54.0,29.25,ascending,285.78287
54.0,29.5,ascending,285.43
54.0,29.75,ascending,284.9275
54.0,30.0,ascending,284.4025
54.0,30.25,ascending,284.13666
54.0,30.5,ascending,284.063
54.0,30.75,ascending,284.074
54.0,31.0,ascending,284.2018
54.0,31.25,ascending,284.2109
54.0,31.5,ascending,284.18
54.0,31.75,ascending,284.23077
54.0,32.0,ascending,284.41833
54.0,32.25,ascending,284.5454
54.0,32.5,ascending,284.475
54.0,32.75,ascending,284.36798
54.0,33.0,ascending,284.31998
54.0,33.25,ascending,284.23444
54.0,33.5,ascending,284.17334
54.0,33.75,ascending,284.20142
54.0,34.0,ascending,284.12125
54.0,34.25,ascending,284.093
54.0,34.5,ascending,284.03287
54.0,34.75,ascending,284.06833
54.0,35.0,ascending,284.14124
54.0,35.25,ascending,284.30832
54.0,35.5,ascending,284.75125
54.0,35.75,ascending,285.13998
54.0,36.0,ascending,285.6175
54.0,36.25,ascending,285.89832
54.0,36.5,ascending,285.91833
54.0,36.75,ascending,285.93997
54.0,37.0,ascending,285.65997
54.0,37.25,ascending,285.64398
54.0,37.5,ascending,285.42856
54.0,37.75,ascending,285.548
54.0,38.0,ascending,285.5725
54.25,-13.0,ascending,214.53499
54.25,-12.75,ascending,214.20332
54.25,-12.5,ascending,213.70401
54.25,-12.25,ascending,212.98999
54.25,-12.0,ascending,212.196
54.25,-11.75,ascending,211.60143
54.25,-11.5,ascending,211.15201
54.25,-11.25,ascending,210.97833
54.25,-11.0,ascending,211.04199
54.25,-10.75,ascending,211.578
54.25,-10.5,ascending,213.444
54.25,-10.25,ascending,217.56999
54.25,-10.0,ascending,225.05998
54.25,-9.75,ascending,233.99666
54.25,-9.5,ascending,241.1525
54.25,-9.25,ascending,240.174
54.25,-9.0,ascending,240.77501
54.25,-8.75,ascending,239.88199
54.25,-8.5,ascending,246.42332
54.25,-8.25,ascending,255.99399
54.25,-8.0,ascending,264.76398
54.25,-7.75,ascending,270.504
54.25,-7.5,ascending,274.72998
54.25,-7.25,ascending,277.096
54.25,-7.0,ascending,278.71832
54.25,-6.75,ascending,278.39252
54.25,-6.5,ascending,275.766
54.25,-6.25,ascending,270.468
54.25,-6.0,ascending,265.8775
54.25,-5.75,ascending,259.32498
54.25,-5.5,ascending,248.37
54.25,-5.25,ascending,237.30798
54.25,-5.0,ascending,231.3225
54.25,-4.75,ascending,232.92665
54.25,-4.5,ascending,237.05249
54.25,-4.25,ascending,238.528
54.25,-4.0,ascending,237.72667
54.25,-3.75,ascending,238.93333
54.25,-3.5,ascending,245.03
54.25,-3.25,ascending,254.57397
54.25,-3.0,ascending,267.78165
54.25,-2.75,ascending,277.16333
54.25,-2.5,ascending,281.90665
54.25,-2.25,ascending,283.77332
54.25,-2.0,ascending,285.06
54.25,-1.75,ascending,285.624
54.25,-1.5,ascending,283.3825
54.25,-1.25,ascending,277.38998
54.25,-1.0,ascending,268.836
54.25,-0.75,ascending,259.76398
54.25,-0.5,ascending,251.51599
54.25,-0.25,ascending,235.97667
54.25,-0.0,ascending,220.92125
54.25,0.25,ascending,215.358
54.25,0.5,ascending,213.59999
54.25,0.75,ascending,213.2125
54.25,1.0,ascending,212.98499
54.25,1.25,ascending,212.72
54.25,1.5,ascending,212.48665
54.25,1.75,ascending,212.366
54.25,2.0,ascending,212.435
54.25,2.25,ascending,212.682
54.25,2.5,ascending,212.68
54.25,2.75,ascending,212.74834
54.25,3.0,ascending,212.59999
54.25,3.25,ascending,212.41333
54.25,3.5,ascending,212.47667
54.25,3.75,ascending,212.79
54.25,4.0,ascending,213.06334
54.25,4.25,ascending,213.27501
54.25,4.5,ascending,213.12
54.25,4.75,ascending,212.76625
54.25,5.0,ascending,212.34
54.25,5.25,ascending,211.79999
54.25,5.5,ascending,211.26624
54.25,5.75,ascending,210.89221
54.25,6.0,ascending,210.89333
54.25,6.25,ascending,211.09666
54.25,6.5,ascending,211.26416
54.25,6.75,ascending,211.45558
54.25,7.0,ascending,211.69704
54.25,7.25,ascending,211.86035
54.25,7.5,ascending,212.52548
54.25,7.75,ascending,212.35362
54.25,8.0,ascending,213.34999
54.25,8.25,ascending,215.97554
54.25,8.5,ascending,221.79666
54.25,8.75,ascending,232.3711
54.25,9.0,ascending,245.17285
54.25,9.25,ascending,258.7175
54.25,9.5,ascending,269.70285
54.25,9.75,ascending,276.2922
54.25,10.0,ascending,277.4643
54.25,10.25,ascending,275.16666
54.25,10.5,ascending,270.465
54.25,10.75,ascending,261.16714
54.25,11.0,ascending,247.50572
54.25,11.25,ascending,240.556
54.25,11.5,ascending,235.41142
54.25,11.75,ascending,231.33167
54.25,12.0,ascending,235.72333
54.25,12.25,ascending,239.57199
54.25,12.5,ascending,245.97499
54.25,12.75,ascending,250.92801
54.25,13.0,ascending,254.86665
54.25,13.25,ascending,253.59799
54.25,13.5,ascending,250.13599
54.25,13.75,ascending,243.524
54.25,14.0,ascending,232.51833
54.25,14.25,ascending,223.4125
54.25,14.5,ascending,219.35167
54.25,14.75,ascending,219.87749
54.25,15.0,ascending,221.28667
54.25,15.25,ascending,224.65201
54.25,15.5,ascending,229.668
54.25,15.75,ascending,232.09332
54.25,16.0,ascending,235.18999
54.25,16.25,ascending,243.04599
54.25,16.5,ascending,251.2475
54.25,16.75,ascending,260.35602
54.25,17.0,ascending,269.4025
54.25,17.25,ascending,270.36798
54.25,17.5,ascending,275.06332
54.25,17.75,ascending,277.702
54.25,18.0,ascending,279.0925
54.25,18.25,ascending,277.126
54.25,18.5,ascending,274.176
54.25,18.75,ascending,265.002
54.25,19.0,ascending,253.79665
54.25,19.25,ascending,242.0875
54.25,19.5,ascending,243.93599
54.25,19.75,ascending,250.4625
54.25,20.0,ascending,258.608
54.25,20.25,ascending,267.87997
54.25,20.5,ascending,276.8275
54.25,20.75,ascending,281.128
54.25,21.0,ascending,281.505
54.25,21.25,ascending,281.97665
54.25,21.5,ascending,281.824
54.25,21.75,ascending,281.638
54.25,22.0,ascending,282.72833
54.25,22.25,ascending,283.628
54.25,22.5,ascending,283.67
54.25,22.75,ascending,283.402
54.25,23.0,ascending,283.1
54.25,23.25,ascending,282.968
54.25,23.5,ascending,282.75668
54.25,23.75,ascending,282.61398
54.25,24.0,ascending,283.19498
54.25,24.25,ascending,284.208
54.25,24.5,ascending,284.66
54.25,24.75,ascending,285.026
54.25,25.0,ascending,285.025
54.25,25.25,ascending,284.96198
54.25,25.5,ascending,285.0
54.25,25.75,ascending,285.068
54.25,26.0,ascending,284.875
54.25,26.25,ascending,284.37833
54.25,26.5,ascending,284.016
54.25,26.75,ascending,283.78665
54.25,27.0,ascending,284.05667
54.25,27.25,ascending,284.39667
54.25,27.5,ascending,284.78165
54.25,27.75,ascending,285.08667
54.25,28.0,ascending,285.10666
54.25,28.25,ascending,284.9475
54.25,28.5,ascending,284.66428
54.25,28.75,ascending,284.405
54.25,29.0,ascending,284.29285
54.25,29.25,ascending,284.7314
54.25,29.5,ascending,284.7
54.25,29.75,ascending,284.39374
54.25,30.0,ascending,284.09
54.25,30.25,ascending,283.8825
54.25,30.5,ascending,283.83777
54.25,30.75,ascending,283.80374
54.25,31.0,ascending,283.736
54.25,31.25,ascending,283.6575
54.25,31.5,ascending,283.59558
54.25,31.75,ascending,283.80408
54.25,32.0,ascending,283.99612
54.25,32.25,ascending,284.1887
54.25,32.5,ascending,284.022
54.25,32.75,ascending,283.879
54.25,33.0,ascending,283.65555
54.25,33.25,ascending,283.40125
54.25,33.5,ascending,283.31555
54.25,33.75,ascending,283.41
54.25,34.0,ascending,283.53998
54.25,34.25,ascending,283.6475
54.25,34.5,ascending,283.80142
54.25,34.75,ascending,283.93857
54.25,35.0,ascending,284.175
54.25,35.25,ascending,284.52124
54.25,35.5,ascending,285.1
54.25,35.75,ascending,285.56
54.25,36.0,ascending,285.69144
54.25,36.25,ascending,285.4675
54.25,36.5,ascending,285.16333
54.25,36.75,ascending,284.63623
54.25,37.0,ascending,284.352
54.25,37.25,ascending,284.21664
54.25,37.5,ascending,284.298
54.25,37.75,ascending,284.542
54.25,38.0,ascending,284.8533
54.5,-13.0,ascending,214.41667
54.5,-12.75,ascending,213.9775
54.5,-12.5,ascending,213.39249
54.5,-12.25,ascending,212.8075
54.5,-12.0,ascending,212.30624
54.5,-11.75,ascending,211.7925
54.5,-11.5,ascending,211.40666
54.5,-11.25,ascending,211.09332
54.5,-11.0,ascending,210.935
54.5,-10.75,ascending,211.17998
54.5,-10.5,ascending,212.09001
54.5,-10.25,ascending,214.2625
54.5,-10.0,ascending,216.23999
54.5,-9.75,ascending,217.79668
54.5,-9.5,ascending,220.135
54.5,-9.25,ascending,219.86002
54.5,-9.0,ascending,220.47667
54.5,-8.75,ascending,224.67499
54.5,-8.5,ascending,235.91202
54.5,-8.25,ascending,249.7825
54.5,-8.0,ascending,261.44498
54.5,-7.75,ascending,270.50833
54.5,-7.5,ascending,275.274
54.5,-7.25,ascending,277.16998
54.5,-7.0,ascending,277.955
54.5,-6.75,ascending,276.725
54.5,-6.5,ascending,273.84
54.5,-6.25,ascending,271.2175
54.5,-6.0,ascending,268.245
54.5,-5.75,ascending,260.215
54.5,-5.5,ascending,246.01166
54.5,-5.25,ascending,233.568
54.5,-5.0,ascending,231.19499
54.5,-4.75,ascending,237.08499
54.5,-4.5,ascending,241.16167
54.5,-4.25,ascending,243.00998
54.5,-4.0,ascending,244.11398
54.5,-3.75,ascending,244.71199
54.5,-3.5,ascending,253.34001
54.5,-3.25,ascending,264.632
54.5,-3.0,ascending,273.992
54.5,-2.75,ascending,279.92996
54.5,-2.5,ascending,282.40833
54.5,-2.25,ascending,283.98798
54.5,-2.0,ascending,284.63
54.5,-1.75,ascending,283.40997
54.5,-1.5,ascending,278.148
54.5,-1.25,ascending,269.246
54.5,-1.0,ascending,254.568
54.5,-0.75,ascending,238.45
54.5,-0.5,ascending,229.18666
54.5,-0.25,ascending,221.57166
54.5,-0.0,ascending,216.825
54.5,0.25,ascending,214.32166
54.5,0.5,ascending,213.425
54.5,0.75,ascending,213.18
54.5,1.0,ascending,212.89833
54.5,1.25,ascending,212.48833
54.5,1.5,ascending,212.15001
54.5,1.75,ascending,211.95667
54.5,2.0,ascending,211.90999
54.5,2.25,ascending,211.98665
54.5,2.5,ascending,212.08598
54.5,2.75,ascending,212.0957
54.5,3.0,ascending,212.03499
54.5,3.25,ascending,212.00713
54.5,3.5,ascending,212.01285
54.5,3.75,ascending,212.17285
54.5,4.0,ascending,212.40125
54.5,4.25,ascending,212.6175
54.5,4.5,ascending,212.57286
54.5,4.75,ascending,212.30713
54.5,5.0,ascending,211.97112
54.5,5.25,ascending,211.53667
54.5,5.5,ascending,211.0975
54.5,5.75,ascending,210.70888
54.5,6.0,ascending,210.52222
54.5,6.25,ascending,210.59819
54.5,6.5,ascending,210.66434
54.5,6.75,ascending,210.72559
54.5,7.0,ascending,210.8225
54.5,7.25,ascending,211.0192
54.5,7.5,ascending,211.26299
54.5,7.75,ascending,211.9325
54.5,8.0,ascending,213.79819
54.5,8.25,ascending,217.81749
54.5,8.5,ascending,224.60625
54.5,8.75,ascending,235.14374
54.5,9.0,ascending,247.51428
54.5,9.25,ascending,259.44144
54.5,9.5,ascending,269.18665
54.5,9.75,ascending,270.87857
54.5,10.0,ascending,267.71857
54.5,10.25,ascending,258.91165
54.5,10.5,ascending,247.01714
54.5,10.75,ascending,237.98499
54.5,11.0,ascending,229.76572
54.5,11.25,ascending,226.88
54.5,11.5,ascending,227.51857
54.5,11.75,ascending,228.66167
54.5,12.0,ascending,230.93666
54.5,12.25,ascending,233.14667
54.5,12.5,ascending,234.60832
54.5,12.75,ascending,232.88167
54.5,13.0,ascending,232.8
54.5,13.25,ascending,234.08833
54.5,13.5,ascending,229.60999
54.5,13.75,ascending,226.055
54.5,14.0,ascending,219.87666
54.5,14.25,ascending,215.23001
54.5,14.5,ascending,213.48167
54.5,14.75,ascending,213.25598
54.5,15.0,ascending,213.80598
54.5,15.25,ascending,215.38832
54.5,15.5,ascending,216.85999
54.5,15.75,ascending,218.254
54.5,16.0,ascending,221.10251
54.5,16.25,ascending,225.70833
54.5,16.5,ascending,232.41599
54.5,16.75,ascending,241.174
54.5,17.0,ascending,247.495
54.5,17.25,ascending,250.1875
54.5,17.5,ascending,254.854
54.5,17.75,ascending,261.472
54.5,18.0,ascending,264.52664
54.5,18.25,ascending,259.094
54.5,18.5,ascending,256.3375
54.5,18.75,ascending,240.736
54.5,19.0,ascending,225.96666
54.5,19.25,ascending,222.915
54.5,19.5,ascending,223.9
54.5,19.75,ascending,232.46832
54.5,20.0,ascending,242.64833
54.5,20.25,ascending,257.1
54.5,20.5,ascending,267.9233
54.5,20.75,ascending,272.31198
54.5,21.0,ascending,272.386
54.5,21.25,ascending,276.8
54.5,21.5,ascending,279.71335
54.5,21.75,ascending,282.586
54.5,22.0,ascending,283.90332
54.5,22.25,ascending,284.38397
54.5,22.5,ascending,284.25665
54.5,22.75,ascending,283.8175
54.5,23.0,ascending,283.22498
54.5,23.25,ascending,283.124
54.5,23.5,ascending,283.166
54.5,23.75,ascending,282.802
54.5,24.0,ascending,282.54333
54.5,24.25,ascending,282.996
54.5,24.5,ascending,283.578
54.5,24.75,ascending,283.97665
54.5,25.0,ascending,284.315
54.5,25.25,ascending,284.48398
54.5,25.5,ascending,284.6033
54.5,25.75,ascending,284.83398
54.5,26.0,ascending,284.62167
54.5,26.25,ascending,283.95798
54.5,26.5,ascending,283.00833
54.5,26.75,ascending,282.742
54.5,27.0,ascending,283.51834
54.5,27.25,ascending,284.43143
54.5,27.5,ascending,285.08667
54.5,27.75,ascending,285.42502
54.5,28.0,ascending,285.26428
54.5,28.25,ascending,284.75333
54.5,28.5,ascending,284.08334
54.5,28.75,ascending,283.18427
54.5,29.0,ascending,282.73166
54.5,29.25,ascending,282.7922
54.5,29.5,ascending,283.5357
54.5,29.75,ascending,283.9114
54.5,30.0,ascending,283.97556
54.5,30.25,ascending,283.83624
54.5,30.5,ascending,283.7211
54.5,30.75,ascending,283.70886
54.5,31.0,ascending,283.57666
54.5,31.25,ascending,283.23273
54.5,31.5,ascending,283.18826
54.5,31.75,ascending,283.24835
54.5,32.0,ascending,283.39038
54.5,32.25,ascending,283.53036
54.5,32.5,ascending,283.31668
54.5,32.75,ascending,283.30444
54.5,33.0,ascending,283.2789
54.5,33.25,ascending,283.25
54.5,33.5,ascending,283.2575
54.5,33.75,ascending,283.2575
54.5,34.0,ascending,283.19
54.5,34.25,ascending,283.06665
54.5,34.5,ascending,283.09125
54.5,34.75,ascending,283.31668
54.5,35.0,ascending,283.64874
54.5,35.25,ascending,284.04166
54.5,35.5,ascending,284.58856
54.5,35.75,ascending,284.79144
54.5,36.0,ascending,284.71
54.5,36.25,ascending,284.44168
54.5,36.5,ascending,284.09857
54.5,36.75,ascending,283.75998
54.5,37.0,ascending,283.72998
54.5,37.25,ascending,283.81
54.5,37.5,ascending,284.12167
54.5,37.75,ascending,284.50665
54.5,38.0,ascending,284.9
54.75,-13.0,ascending,214.53
54.75,-12.75,ascending,214.12334
54.75,-12.5,ascending,213.866
54.75,-12.25,ascending,213.29167
54.75,-12.0,ascending,212.76399
54.75,-11.75,ascending,212.116
54.75,-11.5,ascending,211.65999
54.75,-11.25,ascending,211.21799
54.75,-11.0,ascending,210.93333
54.75,-10.75,ascending,210.86333
54.75,-10.5,ascending,211.082
54.75,-10.25,ascending,211.58
54.75,-10.0,ascending,212.235
54.75,-9.75,ascending,212.4
54.75,-9.5,ascending,212.70833
54.75,-9.25,ascending,213.3375
54.75,-9.0,ascending,215.30249
54.75,-8.75,ascending,220.926
54.75,-8.5,ascending,230.48799
54.75,-8.25,ascending,244.97833
54.75,-8.0,ascending,259.13397
54.75,-7.75,ascending,265.9075
54.75,-7.5,ascending,270.145
54.75,-7.25,ascending,271.272
54.75,-7.0,ascending,271.82666
54.75,-6.75,ascending,270.56
54.75,-6.5,ascending,269.632
54.75,-6.25,ascending,269.038
54.75,-6.0,ascending,262.826
54.75,-5.75,ascending,246.342
54.75,-5.5,ascending,235.83667
54.75,-5.25,ascending,228.18333
54.75,-5.0,ascending,234.142
54.75,-4.75,ascending,245.8675
54.75,-4.5,ascending,252.18599
54.75,-4.25,ascending,256.6925
54.75,-4.0,ascending,257.768
54.75,-3.75,ascending,259.21002
54.75,-3.5,ascending,263.046
54.75,-3.25,ascending,269.8025
54.75,-3.0,ascending,276.44
54.75,-2.75,ascending,280.38998
54.75,-2.5,ascending,282.844
54.75,-2.25,ascending,283.97165
54.75,-2.0,ascending,283.52
54.75,-1.75,ascending,279.824
54.75,-1.5,ascending,267.67334
54.75,-1.25,ascending,249.91599
54.75,-1.0,ascending,232.37334
54.75,-0.75,ascending,221.555
54.75,-0.5,ascending,217.23999
54.75,-0.25,ascending,215.446
54.75,-0.0,ascending,215.8675
54.75,0.25,ascending,213.7825
54.75,0.5,ascending,213.39
54.75,0.75,ascending,213.1975
54.75,1.0,ascending,212.81831
54.75,1.25,ascending,212.318
54.75,1.5,ascending,211.935
54.75,1.75,ascending,211.75601
54.75,2.0,ascending,211.65498
54.75,2.25,ascending,211.64333
54.75,2.5,ascending,211.73
54.75,2.75,ascending,211.71599
54.75,3.0,ascending,211.62
54.75,3.25,ascending,211.59499
54.75,3.5,ascending,211.72166
54.75,3.75,ascending,211.84167
54.75,4.0,ascending,211.96666
54.75,4.25,ascending,212.01
54.75,4.5,ascending,212.00334
54.75,4.75,ascending,211.86427
54.75,5.0,ascending,211.66
54.75,5.25,ascending,211.44499
54.75,5.5,ascending,211.14777
54.75,5.75,ascending,210.80374
54.75,6.0,ascending,210.56099
54.75,6.25,ascending,210.76
54.75,6.5,ascending,210.75
54.75,6.75,ascending,210.80458
54.75,7.0,ascending,210.90295
54.75,7.25,ascending,211.03693
54.75,7.5,ascending,211.28108
54.75,7.75,ascending,212.43332
54.75,8.0,ascending,214.82555
54.75,8.25,ascending,219.97112
54.75,8.5,ascending,228.51125
54.75,8.75,ascending,240.10715
54.75,9.0,ascending,251.7057
54.75,9.25,ascending,262.84714
54.75,9.5,ascending,268.485
54.75,9.75,ascending,266.26666
54.75,10.0,ascending,258.52335
54.75,10.25,ascending,247.90666
54.75,10.5,ascending,237.45554
54.75,10.75,ascending,232.55998
54.75,11.0,ascending,232.07332
54.75,11.25,ascending,236.21999
54.75,11.5,ascending,240.22833
54.75,11.75,ascending,240.45
54.75,12.0,ascending,240.3057
54.75,12.25,ascending,237.58
54.75,12.5,ascending,233.33833
54.75,12.75,ascending,228.21399
54.75,13.0,ascending,223.976
54.75,13.25,ascending,221.404
54.75,13.5,ascending,217.18666
54.75,13.75,ascending,215.70749
54.75,14.0,ascending,214.18166
54.75,14.25,ascending,213.16167
54.75,14.5,ascending,213.048
54.75,14.75,ascending,214.0725
54.75,15.0,ascending,216.38666
54.75,15.25,ascending,218.32199
54.75,15.5,ascending,218.61499
54.75,15.75,ascending,216.43834
54.75,16.0,ascending,215.74199
54.75,16.25,ascending,216.366
54.75,16.5,ascending,218.96
54.75,16.75,ascending,222.55
54.75,17.0,ascending,225.22499
54.75,17.25,ascending,229.95
54.75,17.5,ascending,231.004
54.75,17.75,ascending,237.154
54.75,18.0,ascending,239.69249
54.75,18.25,ascending,233.876
54.75,18.5,ascending,229.78
54.75,18.75,ascending,220.68799
54.75,19.0,ascending,214.8375
54.75,19.25,ascending,214.642
54.75,19.5,ascending,216.6825
54.75,19.75,ascending,220.92665
54.75,20.0,ascending,232.7425
54.75,20.25,ascending,243.668
54.75,20.5,ascending,250.25798
54.75,20.75,ascending,253.26749
54.75,21.0,ascending,255.95598
54.75,21.25,ascending,263.018
54.75,21.5,ascending,272.636
54.75,21.75,ascending,280.218
54.75,22.0,ascending,283.80002
54.75,22.25,ascending,284.42334
54.75,22.5,ascending,284.56168
54.75,22.75,ascending,284.098
54.75,23.0,ascending,283.43832
54.75,23.25,ascending,283.3525
54.75,23.5,ascending,283.48666
54.75,23.75,ascending,283.138
54.75,24.0,ascending,282.47333
54.75,24.25,ascending,282.6
54.75,24.5,ascending,283.31598
54.75,24.75,ascending,283.76248
54.75,25.0,ascending,283.79
54.75,25.25,ascending,283.718
54.75,25.5,ascending,283.58
54.75,25.75,ascending,284.14398
54.75,26.0,ascending,284.13333
54.75,26.25,ascending,283.58798
54.75,26.5,ascending,282.185
54.75,26.75,ascending,281.65
54.75,27.0,ascending,282.60165
54.75,27.25,ascending,283.818
54.75,27.5,ascending,284.5714
54.75,27.75,ascending,284.9814
54.75,28.0,ascending,284.822
54.75,28.25,ascending,284.12997
54.75,28.5,ascending,283.1875
54.75,28.75,ascending,282.43332
54.75,29.0,ascending,282.085
54.75,29.25,ascending,282.08
54.75,29.5,ascending,282.53113
54.75,29.75,ascending,283.1486
54.75,30.0,ascending,283.49777
54.75,30.25,ascending,283.65375
54.75,30.5,ascending,283.6089
54.75,30.75,ascending,283.549
54.75,31.0,ascending,283.1045
54.75,31.25,ascending,283.0518
54.75,31.5,ascending,283.02664
54.75,31.75,ascending,282.9708
54.75,32.0,ascending,283.0177
54.75,32.25,ascending,283.02167
54.75,32.5,ascending,282.72668
54.75,32.75,ascending,282.7375
54.75,33.0,ascending,282.82333
54.75,33.25,ascending,282.92874
54.75,33.5,ascending,282.91998
54.75,33.75,ascending,282.815
54.75,34.0,ascending,282.62997
54.75,34.25,ascending,282.49142
54.75,34.5,ascending,282.52332
54.75,34.75,ascending,282.73666
54.75,35.0,ascending,283.0675
54.75,35.25,ascending,283.45334
54.75,35.5,ascending,283.7333
54.75,35.75,ascending,283.752
54.75,36.0,ascending,283.72665
54.75,36.25,ascending,283.70334
54.75,36.5,ascending,283.56833
54.75,36.75,ascending,283.48398
54.75,37.0,ascending,283.50998
54.75,37.25,ascending,283.56
54.75,37.5,ascending,283.756
54.75,37.75,ascending,283.80002
54.75,38.0,ascending,284.04498
55.0,-13.0,ascending,214.94
55.0,-12.75,ascending,214.64572
55.0,-12.5,ascending,214.316
55.0,-12.25,ascending,213.65167
55.0,-12.0,ascending,212.93999
55.0,-11.75,ascending,212.23833
55.0,-11.5,ascending,211.722
55.0,-11.25,ascending,211.27
55.0,-11.0,ascending,210.946
55.0,-10.75,ascending,210.84799
55.0,-10.5,ascending,210.98167
55.0,-10.25,ascending,211.342
55.0,-10.0,ascending,211.70401
55.0,-9.75,ascending,211.86833
55.0,-9.5,ascending,211.97
55.0,-9.25,ascending,212.448
55.0,-9.0,ascending,214.05998
55.0,-8.75,ascending,218.22499
55.0,-8.5,ascending,225.658
55.0,-8.25,ascending,236.1
55.0,-8.0,ascending,247.15999
55.0,-7.75,ascending,249.98198
55.0,-7.5,ascending,253.07832
55.0,-7.25,ascending,255.71399
55.0,-7.0,ascending,258.08
55.0,-6.75,ascending,257.78665
55.0,-6.5,ascending,258.722
55.0,-6.25,ascending,255.554
55.0,-6.0,ascending,246.35999
55.0,-5.75,ascending,234.85
55.0,-5.5,ascending,227.33333
55.0,-5.25,ascending,228.16998
55.0,-5.0,ascending,238.194
55.0,-4.75,ascending,249.408
55.0,-4.5,ascending,260.376
55.0,-4.25,ascending,267.846
55.0,-4.0,ascending,270.68332
55.0,-3.75,ascending,271.1225
55.0,-3.5,ascending,271.4
55.0,-3.25,ascending,273.818
55.0,-3.0,ascending,276.62
55.0,-2.75,ascending,279.794
55.0,-2.5,ascending,282.24
55.0,-2.25,ascending,283.06
55.0,-2.0,ascending,280.99167
55.0,-1.75,ascending,272.18198
55.0,-1.5,ascending,256.476
55.0,-1.25,ascending,233.63666
55.0,-1.0,ascending,219.41399
55.0,-0.75,ascending,215.896
55.0,-0.5,ascending,214.24199
55.0,-0.25,ascending,214.09
55.0,-0.0,ascending,215.92
55.0,0.25,ascending,213.702
55.0,0.5,ascending,213.38832
55.0,0.75,ascending,213.09499
55.0,1.0,ascending,212.7
55.0,1.25,ascending,212.202
55.0,1.5,ascending,211.805
55.0,1.75,ascending,211.65999
55.0,2.0,ascending,211.60143
55.0,2.25,ascending,211.58665
55.0,2.5,ascending,211.64667
55.0,2.75,ascending,211.65141
55.0,3.0,ascending,211.51999
55.0,3.25,ascending,211.39429
55.0,3.5,ascending,211.40285
55.0,3.75,ascending,211.53375
55.0,4.0,ascending,211.67874
55.0,4.25,ascending,211.74165
55.0,4.5,ascending,211.73286
55.0,4.75,ascending,211.6825
55.0,5.0,ascending,211.64143
55.0,5.25,ascending,211.56444
55.0,5.5,ascending,211.40999
55.0,5.75,ascending,211.125
55.0,6.0,ascending,211.10353
55.0,6.25,ascending,211.04
55.0,6.5,ascending,211.02039
55.0,6.75,ascending,211.03271
55.0,7.0,ascending,211.15399
55.0,7.25,ascending,211.25723
55.0,7.5,ascending,211.56
55.0,7.75,ascending,213.1
55.0,8.0,ascending,215.74124
55.0,8.25,ascending,221.16875
55.0,8.5,ascending,230.6575
55.0,8.75,ascending,243.06714
55.0,9.0,ascending,255.95125
55.0,9.25,ascending,264.62888
55.0,9.5,ascending,266.66666
55.0,9.75,ascending,262.95667
55.0,10.0,ascending,255.08142
55.0,10.25,ascending,249.26624
55.0,10.5,ascending,247.875
55.0,10.75,ascending,246.79
55.0,11.0,ascending,245.94571
55.0,11.25,ascending,243.96715
55.0,11.5,ascending,242.26
55.0,11.75,ascending,244.30833
55.0,12.0,ascending,245.65
55.0,12.25,ascending,246.90498
55.0,12.5,ascending,240.265
55.0,12.75,ascending,231.778
55.0,13.0,ascending,224.32332
55.0,13.25,ascending,218.87999
55.0,13.5,ascending,217.34799
55.0,13.75,ascending,218.28333
55.0,14.0,ascending,218.29333
55.0,14.25,ascending,219.355
55.0,14.5,ascending,219.85333
55.0,14.75,ascending,223.40332
55.0,15.0,ascending,225.065
55.0,15.25,ascending,224.00334
55.0,15.5,ascending,219.31999
55.0,15.75,ascending,215.84
55.0,16.0,ascending,214.16667
55.0,16.25,ascending,213.76498
55.0,16.5,ascending,213.81999
55.0,16.75,ascending,214.07999
55.0,17.0,ascending,215.13599
55.0,17.25,ascending,215.798
55.0,17.5,ascending,216.76999
55.0,17.75,ascending,218.47798
55.0,18.0,ascending,219.51666
55.0,18.25,ascending,216.14
55.0,18.5,ascending,215.83667
55.0,18.75,ascending,213.51
55.0,19.0,ascending,213.03333
55.0,19.25,ascending,213.066
55.0,19.5,ascending,213.876
55.0,19.75,ascending,216.22
55.0,20.0,ascending,222.05833
55.0,20.25,ascending,225.424
55.0,20.5,ascending,228.79999
55.0,20.75,ascending,232.45833
55.0,21.0,ascending,236.064
55.0,21.25,ascending,247.70798
55.0,21.5,ascending,265.21198
55.0,21.75,ascending,279.66498
55.0,22.0,ascending,283.345
55.0,22.25,ascending,284.442
55.0,22.5,ascending,284.62
55.0,22.75,ascending,284.204
55.0,23.0,ascending,283.70197
55.0,23.25,ascending,283.6
55.0,23.5,ascending,283.71335
55.0,23.75,ascending,283.335
55.0,24.0,ascending,282.91998
55.0,24.25,ascending,283.156
55.0,24.5,ascending,283.63397
55.0,24.75,ascending,283.97165
55.0,25.0,ascending,283.814
55.0,25.25,ascending,283.282
55.0,25.5,ascending,282.43997
55.0,25.75,ascending,282.694
55.0,26.0,ascending,282.63498
55.0,26.25,ascending,282.69998
55.0,26.5,ascending,281.90332
55.0,26.75,ascending,281.32333
55.0,27.0,ascending,281.88
55.0,27.25,ascending,283.18
55.0,27.5,ascending,283.83
55.0,27.75,ascending,284.01572
55.0,28.0,ascending,283.87125
55.0,28.25,ascending,283.35602
55.0,28.5,ascending,282.54166
55.0,28.75,ascending,281.83875
55.0,29.0,ascending,281.745
55.0,29.25,ascending,282.07285
55.0,29.5,ascending,282.29373
55.0,29.75,ascending,282.4975
55.0,30.0,ascending,282.7775
55.0,30.25,ascending,283.06335
55.0,30.5,ascending,283.23898
55.0,30.75,ascending,282.9375
55.0,31.0,ascending,282.87164
55.0,31.25,ascending,282.84958
55.0,31.5,ascending,282.75046
55.0,31.75,ascending,282.63998
55.0,32.0,ascending,282.70297
55.0,32.25,ascending,282.61053
55.0,32.5,ascending,282.28888
55.0,32.75,ascending,282.34857
55.0,33.0,ascending,282.35248
55.0,33.25,ascending,282.4375
55.0,33.5,ascending,282.34665
55.0,33.75,ascending,282.29376
55.0,34.0,ascending,282.26715
55.0,34.25,ascending,282.29498
55.0,34.5,ascending,282.45572
55.0,34.75,ascending,282.74875
55.0,35.0,ascending,283.00168
55.0,35.25,ascending,283.16
55.0,35.5,ascending,283.24142
55.0,35.75,ascending,283.242
55.0,36.0,ascending,283.33667
55.0,36.25,ascending,283.43857
55.0,36.5,ascending,283.492
55.0,36.75,ascending,283.48285
55.0,37.0,ascending,283.348
55.0,37.25,ascending,283.155
55.0,37.5,ascending,282.97833
55.0,37.75,ascending,282.736
55.0,38.0,ascending,282.685
55.25,-13.0,ascending,215.2825
55.25,-12.75,ascending,214.898
55.25,-12.5,ascending,214.26799
55.25,-12.25,ascending,213.626
55.25,-12.0,ascending,213.01332
55.25,-11.75,ascending,212.486
55.25,-11.5,ascending,211.90999
55.25,-11.25,ascending,211.404
55.25,-11.0,ascending,211.026
55.25,-10.75,ascending,210.93
55.25,-10.5,ascending,211.052
55.25,-10.25,ascending,211.39
55.25,-10.0,ascending,211.658
55.25,-9.75,ascending,211.75
55.25,-9.5,ascending,211.852
55.25,-9.25,ascending,212.295
55.25,-9.0,ascending,213.304
55.25,-8.75,ascending,215.368
55.25,-8.5,ascending,217.5
55.25,-8.25,ascending,221.76001
55.25,-8.0,ascending,227.04199
55.25,-7.75,ascending,228.892
55.25,-7.5,ascending,231.6075
55.25,-7.25,ascending,234.842
55.25,-7.0,ascending,237.80833
55.25,-6.75,ascending,238.02
55.25,-6.5,ascending,240.8275
55.25,-6.25,ascending,237.306
55.25,-6.0,ascending,231.642
55.25,-5.75,ascending,229.54
55.25,-5.5,ascending,229.605
55.25,-5.25,ascending,233.95601
55.25,-5.0,ascending,239.74165
55.25,-4.75,ascending,248.24666
55.25,-4.5,ascending,261.61
55.25,-4.25,ascending,271.544
55.25,-4.0,ascending,274.82333
55.25,-3.75,ascending,275.544
55.25,-3.5,ascending,275.27798
55.25,-3.25,ascending,275.146
55.25,-3.0,ascending,276.09332
55.25,-2.75,ascending,278.16202
55.25,-2.5,ascending,279.56833
55.25,-2.25,ascending,278.456
55.25,-2.0,ascending,273.75397
55.25,-1.75,ascending,263.528
55.25,-1.5,ascending,242.36499
55.25,-1.25,ascending,223.552
55.25,-1.0,ascending,215.986
55.25,-0.75,ascending,213.68599
55.25,-0.5,ascending,213.556
55.25,-0.25,ascending,213.722
55.25,-0.0,ascending,214.7925
55.25,0.25,ascending,213.604
55.25,0.5,ascending,213.35167
55.25,0.75,ascending,212.978
55.25,1.0,ascending,212.48499
55.25,1.25,ascending,212.01999
55.25,1.5,ascending,211.69666
55.25,1.75,ascending,211.618
55.25,2.0,ascending,211.6
55.25,2.25,ascending,211.59999
55.25,2.5,ascending,211.685
55.25,2.75,ascending,211.77167
55.25,3.0,ascending,211.64749
55.25,3.25,ascending,211.46498
55.25,3.5,ascending,211.31665
55.25,3.75,ascending,211.31999
55.25,4.0,ascending,211.40001
55.25,4.25,ascending,211.525
55.25,4.5,ascending,211.595
55.25,4.75,ascending,211.64572
55.25,5.0,ascending,211.675
55.25,5.25,ascending,211.7175
55.25,5.5,ascending,211.71555
55.25,5.75,ascending,211.54132
55.25,6.0,ascending,211.46262
55.25,6.25,ascending,211.41136
55.25,6.5,ascending,211.36958
55.25,6.75,ascending,211.37799
55.25,7.0,ascending,211.42577
55.25,7.25,ascending,211.4773
55.25,7.5,ascending,211.86765
55.25,7.75,ascending,213.72
55.25,8.0,ascending,216.62625
55.25,8.25,ascending,222.62143
55.25,8.5,ascending,232.12125
55.25,8.75,ascending,245.7557
55.25,9.0,ascending,257.98
55.25,9.25,ascending,267.49713
55.25,9.5,ascending,268.68857
55.25,9.75,ascending,265.93332
55.25,10.0,ascending,262.18332
55.25,10.25,ascending,263.93997
55.25,10.5,ascending,261.615
55.25,10.75,ascending,256.992
55.25,11.0,ascending,250.43999
55.25,11.25,ascending,245.63332
55.25,11.5,ascending,247.252
55.25,11.75,ascending,257.09164
55.25,12.0,ascending,260.93
55.25,12.25,ascending,259.87
55.25,12.5,ascending,249.56
55.25,12.75,ascending,238.20166
55.25,13.0,ascending,230.59999
55.25,13.25,ascending,230.344
55.25,13.5,ascending,231.49199
55.25,13.75,ascending,237.624
55.25,14.0,ascending,237.06001
55.25,14.25,ascending,238.70798
55.25,14.5,ascending,234.72
55.25,14.75,ascending,231.42801
55.25,15.0,ascending,225.95801
55.25,15.25,ascending,220.67998
55.25,15.5,ascending,215.88
55.25,15.75,ascending,214.53749
55.25,16.0,ascending,213.832
55.25,16.25,ascending,213.45999
55.25,16.5,ascending,213.14749
55.25,16.75,ascending,212.85
55.25,17.0,ascending,212.63998
55.25,17.25,ascending,212.478
55.25,17.5,ascending,212.63399
55.25,17.75,ascending,212.83249
55.25,18.0,ascending,212.656
55.25,18.25,ascending,212.576
55.25,18.5,ascending,212.59001
55.25,18.75,ascending,212.56334
55.25,19.0,ascending,212.60999
55.25,19.25,ascending,212.72667
55.25,19.5,ascending,213.035
55.25,19.75,ascending,213.826
55.25,20.0,ascending,214.98999
55.25,20.25,ascending,215.6875
55.25,20.5,ascending,216.70401
55.25,20.75,ascending,219.22499
55.25,21.0,ascending,227.16667
55.25,21.25,ascending,244.655
55.25,21.5,ascending,268.06
55.25,21.75,ascending,279.48398
55.25,22.0,ascending,283.418
55.25,22.25,ascending,284.24832
55.25,22.5,ascending,284.346
55.25,22.75,ascending,284.268
55.25,23.0,ascending,283.99832
55.25,23.25,ascending,283.954
55.25,23.5,ascending,283.96664
55.25,23.75,ascending,283.65
55.25,24.0,ascending,283.495
55.25,24.25,ascending,283.62997
55.25,24.5,ascending,284.00497
55.25,24.75,ascending,284.18
55.25,25.0,ascending,283.98
55.25,25.25,ascending,283.23166
55.25,25.5,ascending,282.14398
55.25,25.75,ascending,281.43332
55.25,26.0,ascending,280.974
55.25,26.25,ascending,280.834
55.25,26.5,ascending,280.48166
55.25,26.75,ascending,280.346
55.25,27.0,ascending,280.925
55.25,27.25,ascending,282.20142
55.25,27.5,ascending,283.08664
55.25,27.75,ascending,283.27798
55.25,28.0,ascending,283.155
55.25,28.25,ascending,282.85498
55.25,28.5,ascending,282.39334
55.25,28.75,ascending,282.05573
55.25,29.0,ascending,281.935
55.25,29.25,ascending,282.025
55.25,29.5,ascending,282.07
55.25,29.75,ascending,282.10373
55.25,30.0,ascending,282.22876
55.25,30.25,ascending,282.49124
55.25,30.5,ascending,282.2765
55.25,30.75,ascending,282.4446
55.25,31.0,ascending,282.51285
55.25,31.25,ascending,282.5054
55.25,31.5,ascending,282.43524
55.25,31.75,ascending,282.32077
55.25,32.0,ascending,282.33258
55.25,32.25,ascending,282.03665
55.25,32.5,ascending,281.7225
55.25,32.75,ascending,281.81873
55.25,33.0,ascending,281.86
55.25,33.25,ascending,281.8622
55.25,33.5,ascending,281.8743
55.25,33.75,ascending,281.99667
55.25,34.0,ascending,282.15427
55.25,34.25,ascending,282.3643
55.25,34.5,ascending,282.6314
55.25,34.75,ascending,282.85666
55.25,35.0,ascending,282.99
55.25,35.25,ascending,283.04166
55.25,35.5,ascending,283.01428
55.25,35.75,ascending,283.0575
55.25,36.0,ascending,283.13144
55.25,36.25,ascending,283.218
55.25,36.5,ascending,283.25
55.25,36.75,ascending,283.072
55.25,37.0,ascending,282.805
55.25,37.25,ascending,282.40802
55.25,37.5,ascending,282.058
55.25,37.75,ascending,281.7
55.25,38.0,ascending,281.41333
55.5,-13.0,ascending,215.57999
55.5,-12.75,ascending,215.10667
55.5,-12.5,ascending,214.54285
55.5,-12.25,ascending,214.052
55.5,-12.0,ascending,213.665
55.5,-11.75,ascending,212.918
55.5,-11.5,ascending,212.135
55.5,-11.25,ascending,211.48749
55.5,-11.0,ascending,211.07332
55.5,-10.75,ascending,210.91667
55.5,-10.5,ascending,211.04599
55.5,-10.25,ascending,211.30801
55.5,-10.0,ascending,211.56834
55.5,-9.75,ascending,211.66599
55.5,-9.5,ascending,211.83499
55.5,-9.25,ascending,212.17
55.5,-9.0,ascending,212.6275
55.5,-8.75,ascending,213.14499
55.5,-8.5,ascending,213.80798
55.5,-8.25,ascending,214.21399
55.5,-8.0,ascending,215.408
55.5,-7.75,ascending,216.26749
55.5,-7.5,ascending,218.288
55.5,-7.25,ascending,220.04599
55.5,-7.0,ascending,222.48
55.5,-6.75,ascending,225.63832
55.5,-6.5,ascending,228.754
55.5,-6.25,ascending,230.04599
55.5,-6.0,ascending,231.972
55.5,-5.75,ascending,233.9925
55.5,-5.5,ascending,237.94165
55.5,-5.25,ascending,243.79599
55.5,-5.0,ascending,245.61499
55.5,-4.75,ascending,251.818
55.5,-4.5,ascending,264.50333
55.5,-4.25,ascending,273.08334
55.5,-4.0,ascending,275.642
55.5,-3.75,ascending,275.88834
55.5,-3.5,ascending,274.778
55.5,-3.25,ascending,273.534
55.5,-3.0,ascending,273.61
55.5,-2.75,ascending,274.0725
55.5,-2.5,ascending,273.32666
55.5,-2.25,ascending,272.05002
55.5,-2.0,ascending,263.04248
55.5,-1.75,ascending,246.9925
55.5,-1.5,ascending,228.30249
55.5,-1.25,ascending,219.272
55.5,-1.0,ascending,214.02333
55.5,-0.75,ascending,213.04199
55.5,-0.5,ascending,213.34999
55.5,-0.25,ascending,213.57166
55.5,-0.0,ascending,215.67111
55.5,0.25,ascending,213.642
55.5,0.5,ascending,213.40332
55.5,0.75,ascending,212.946
55.5,1.0,ascending,212.33333
55.5,1.25,ascending,211.81334
55.5,1.5,ascending,211.55
55.5,1.75,ascending,211.53
55.5,2.0,ascending,211.59286
55.5,2.25,ascending,211.62798
55.5,2.5,ascending,211.745
55.5,2.75,ascending,211.87
55.5,3.0,ascending,211.85999
55.5,3.25,ascending,211.68166
55.5,3.5,ascending,211.48
55.5,3.75,ascending,211.375
55.5,4.0,ascending,211.30998
55.5,4.25,ascending,211.36143
55.5,4.5,ascending,211.45999
55.5,4.75,ascending,211.56857
55.5,5.0,ascending,211.66444
55.5,5.25,ascending,211.76776
55.5,5.5,ascending,211.69714
55.5,5.75,ascending,211.65709
55.5,6.0,ascending,211.65384
55.5,6.25,ascending,211.6676
55.5,6.5,ascending,211.62962
55.5,6.75,ascending,211.6709
55.5,7.0,ascending,211.7228
55.5,7.25,ascending,211.91606
55.5,7.5,ascending,212.8518
55.5,7.75,ascending,215.83427
55.5,8.0,ascending,220.405
55.5,8.25,ascending,229.68001
55.5,8.5,ascending,241.16124
55.5,8.75,ascending,256.9275
55.5,9.0,ascending,268.0075
55.5,9.25,ascending,275.03665
55.5,9.5,ascending,275.775
55.5,9.75,ascending,273.24142
55.5,10.0,ascending,268.99625
55.5,10.25,ascending,262.84833
55.5,10.5,ascending,255.67332
55.5,10.75,ascending,246.575
55.5,11.0,ascending,242.05333
55.5,11.25,ascending,245.752
55.5,11.5,ascending,253.61
55.5,11.75,ascending,262.445
55.5,12.0,ascending,264.98712
55.5,12.25,ascending,260.58
55.5,12.5,ascending,253.61499
55.5,12.75,ascending,248.29399
55.5,13.0,ascending,245.56999
55.5,13.25,ascending,250.47998
55.5,13.5,ascending,257.795
55.5,13.75,ascending,263.57
55.5,14.0,ascending,262.46335
55.5,14.25,ascending,258.17166
55.5,14.5,ascending,246.20999
55.5,14.75,ascending,234.31334
55.5,15.0,ascending,224.29399
55.5,15.25,ascending,217.89333
55.5,15.5,ascending,215.73499
55.5,15.75,ascending,215.38799
55.5,16.0,ascending,214.918
55.5,16.25,ascending,214.84166
55.5,16.5,ascending,214.35
55.5,16.75,ascending,213.6925
55.5,17.0,ascending,213.198
55.5,17.25,ascending,212.9
55.5,17.5,ascending,212.62
55.5,17.75,ascending,212.53598
55.5,18.0,ascending,212.41399
55.5,18.25,ascending,212.35999
55.5,18.5,ascending,212.38335
55.5,18.75,ascending,212.4375
55.5,19.0,ascending,212.50832
55.5,19.25,ascending,212.59999
55.5,19.5,ascending,212.73665
55.5,19.75,ascending,212.854
55.5,20.0,ascending,213.155
55.5,20.25,ascending,213.27832
55.5,20.5,ascending,213.79
55.5,20.75,ascending,216.1575
55.5,21.0,ascending,227.46165
55.5,21.25,ascending,249.722
55.5,21.5,ascending,270.75497
55.5,21.75,ascending,281.42596
55.5,22.0,ascending,283.776
55.5,22.25,ascending,283.96
55.5,22.5,ascending,284.045
55.5,22.75,ascending,284.148
55.5,23.0,ascending,284.074
55.5,23.25,ascending,283.97498
55.5,23.5,ascending,283.938
55.5,23.75,ascending,283.84198
55.5,24.0,ascending,283.722
55.5,24.25,ascending,283.84
55.5,24.5,ascending,284.12167
55.5,24.75,ascending,284.23798
55.5,25.0,ascending,284.00665
55.5,25.25,ascending,283.448
55.5,25.5,ascending,282.49286
55.5,25.75,ascending,281.232
55.5,26.0,ascending,280.45285
55.5,26.25,ascending,279.81998
55.5,26.5,ascending,279.38
55.5,26.75,ascending,279.08167
55.5,27.0,ascending,279.31665
55.5,27.25,ascending,280.31668
55.5,27.5,ascending,281.7614
55.5,27.75,ascending,282.31
55.5,28.0,ascending,282.34164
55.5,28.25,ascending,282.34714
55.5,28.5,ascending,282.31375
55.5,28.75,ascending,282.0414
55.5,29.0,ascending,281.9575
55.5,29.25,ascending,281.5957
55.5,29.5,ascending,281.40625
55.5,29.75,ascending,281.3425
55.5,30.0,ascending,281.379
55.5,30.25,ascending,280.99734
55.5,30.5,ascending,281.3332
55.5,30.75,ascending,281.6941
55.5,31.0,ascending,282.00168
55.5,31.25,ascending,282.1175
55.5,31.5,ascending,282.0765
55.5,31.75,ascending,281.955
55.5,32.0,ascending,281.94553
55.5,32.25,ascending,281.3822
55.5,32.5,ascending,281.24374
55.5,32.75,ascending,281.28625
55.5,33.0,ascending,281.38
55.5,33.25,ascending,281.43
55.5,33.5,ascending,281.57666
55.5,33.75,ascending,281.81
55.5,34.0,ascending,282.1
55.5,34.25,ascending,282.37427
55.5,34.5,ascending,282.56
55.5,34.75,ascending,282.65332
55.5,35.0,ascending,282.64835
55.5,35.25,ascending,282.38748
55.5,35.5,ascending,282.26202
55.5,35.75,ascending,282.40833
55.5,36.0,ascending,282.35715
55.5,36.25,ascending,282.40802
55.5,36.5,ascending,282.42
55.5,36.75,ascending,282.16833
55.5,37.0,ascending,281.966
55.5,37.25,ascending,281.652
55.5,37.5,ascending,280.938
55.5,37.75,ascending,279.89664
55.5,38.0,ascending,279.43332
55.75,-13.0,ascending,216.19
55.75,-12.75,ascending,215.748
55.75,-12.5,ascending,215.368
55.75,-12.25,ascending,214.972
55.75,-12.0,ascending,214.254
55.75,-11.75,ascending,213.124
55.75,-11.5,ascending,212.254
55.75,-11.25,ascending,211.49666
55.75,-11.0,ascending,211.05
55.75,-10.75,ascending,210.91
55.75,-10.5,ascending,211.00601
55.75,-10.25,ascending,211.1975
55.75,-10.0,ascending,211.28833
55.75,-9.75,ascending,211.3725
55.75,-9.5,ascending,211.54
55.75,-9.25,ascending,211.73999
55.75,-9.0,ascending,212.04
55.75,-8.75,ascending,212.38399
55.75,-8.5,ascending,212.61002
55.75,-8.25,ascending,212.55249
55.75,-8.0,ascending,212.5
55.75,-7.75,ascending,212.56999
55.75,-7.5,ascending,213.37997
55.75,-7.25,ascending,214.94666
55.75,-7.0,ascending,217.59499
55.75,-6.75,ascending,221.14
55.75,-6.5,ascending,225.13199
55.75,-6.25,ascending,230.1525
55.75,-6.0,ascending,233.944
55.75,-5.75,ascending,238.55249
55.75,-5.5,ascending,245.27832
55.75,-5.25,ascending,252.17334
55.75,-5.0,ascending,255.07332
55.75,-4.75,ascending,261.632
55.75,-4.5,ascending,269.09
55.75,-4.25,ascending,273.41333
55.75,-4.0,ascending,275.546
55.75,-3.75,ascending,275.09
55.75,-3.5,ascending,273.3675
55.75,-3.25,ascending,270.96667
55.75,-3.0,ascending,268.594
55.75,-2.75,ascending,267.114
55.75,-2.5,ascending,263.65164
55.75,-2.25,ascending,257.55
55.75,-2.0,ascending,244.17801
55.75,-1.75,ascending,234.04599
55.75,-1.5,ascending,223.07199
55.75,-1.25,ascending,215.25749
55.75,-1.0,ascending,213.04399
55.75,-0.75,ascending,212.62166
55.75,-0.5,ascending,213.078
55.75,-0.25,ascending,213.5275
55.75,-0.0,ascending,215.13571
55.75,0.25,ascending,213.67801
55.75,0.5,ascending,213.41167
55.75,0.75,ascending,212.922
55.75,1.0,ascending,212.29199
55.75,1.25,ascending,211.66667
55.75,1.5,ascending,211.324
55.75,1.75,ascending,211.35167
55.75,2.0,ascending,211.58
55.75,2.25,ascending,211.66667
55.75,2.5,ascending,211.77167
55.75,2.75,ascending,211.91167
55.75,3.0,ascending,211.97427
55.75,3.25,ascending,211.90833
55.75,3.5,ascending,211.76166
55.75,3.75,ascending,211.64166
55.75,4.0,ascending,211.47874
55.75,4.25,ascending,211.40141
55.75,4.5,ascending,211.38284
55.75,4.75,ascending,211.47874
55.75,5.0,ascending,211.58249
55.75,5.25,ascending,211.59819
55.75,5.5,ascending,211.5544
55.75,5.75,ascending,211.61249
55.75,6.0,ascending,211.70216
55.75,6.25,ascending,211.7476
55.75,6.5,ascending,211.79285
55.75,6.75,ascending,211.8238
55.75,7.0,ascending,211.95
55.75,7.25,ascending,212.18916
55.75,7.5,ascending,214.09776
55.75,7.75,ascending,218.06714
55.75,8.0,ascending,225.83624
55.75,8.25,ascending,237.58286
55.75,8.5,ascending,251.17125
55.75,8.75,ascending,263.77142
55.75,9.0,ascending,273.52332
55.75,9.25,ascending,278.26334
55.75,9.5,ascending,278.565
55.75,9.75,ascending,275.30667
55.75,10.0,ascending,268.395
55.75,10.25,ascending,258.03
55.75,10.5,ascending,246.68428
55.75,10.75,ascending,239.08499
55.75,11.0,ascending,236.91333
55.75,11.25,ascending,239.635
55.75,11.5,ascending,243.98833
55.75,11.75,ascending,251.26799
55.75,12.0,ascending,250.48999
55.75,12.25,ascending,253.852
55.75,12.5,ascending,252.376
55.75,12.75,ascending,253.06999
55.75,13.0,ascending,256.96167
55.75,13.25,ascending,265.08398
55.75,13.5,ascending,272.736
55.75,13.75,ascending,276.875
55.75,14.0,ascending,274.82
55.75,14.25,ascending,265.83197
55.75,14.5,ascending,252.21599
55.75,14.75,ascending,239.01399
55.75,15.0,ascending,231.6875
55.75,15.25,ascending,225.42998
55.75,15.5,ascending,224.09833
55.75,15.75,ascending,224.552
55.75,16.0,ascending,223.328
55.75,16.25,ascending,220.98201
55.75,16.5,ascending,219.95801
55.75,16.75,ascending,216.65999
55.75,17.0,ascending,215.19199
55.75,17.25,ascending,214.23999
55.75,17.5,ascending,213.20999
55.75,17.75,ascending,212.81
55.75,18.0,ascending,212.65
55.75,18.25,ascending,212.51
55.75,18.5,ascending,212.44499
55.75,18.75,ascending,212.426
55.75,19.0,ascending,212.4725
55.75,19.25,ascending,212.578
55.75,19.5,ascending,212.69167
55.75,19.75,ascending,212.87
55.75,20.0,ascending,212.99399
55.75,20.25,ascending,213.18666
55.75,20.5,ascending,214.08333
55.75,20.75,ascending,218.17499
55.75,21.0,ascending,232.44832
55.75,21.25,ascending,257.268
55.75,21.5,ascending,274.622
55.75,21.75,ascending,282.174
55.75,22.0,ascending,283.82748
55.75,22.25,ascending,283.88
55.75,22.5,ascending,283.94666
55.75,22.75,ascending,284.058
55.75,23.0,ascending,283.905
55.75,23.25,ascending,283.676
55.75,23.5,ascending,283.646
55.75,23.75,ascending,283.682
55.75,24.0,ascending,283.65997
55.75,24.25,ascending,283.75
55.75,24.5,ascending,283.99667
55.75,24.75,ascending,284.1
55.75,25.0,ascending,283.88248
55.75,25.25,ascending,283.59
55.75,25.5,ascending,282.92398
55.75,25.75,ascending,282.038
55.75,26.0,ascending,281.56
55.75,26.25,ascending,281.01834
55.75,26.5,ascending,280.35797
55.75,26.75,ascending,279.66
55.75,27.0,ascending,278.93332
55.75,27.25,ascending,279.37497
55.75,27.5,ascending,280.40997
55.75,27.75,ascending,280.99832
55.75,28.0,ascending,281.04715
55.75,28.25,ascending,280.998
55.75,28.5,ascending,281.12167
55.75,28.75,ascending,281.1133
55.75,29.0,ascending,280.81284
55.75,29.25,ascending,280.62
55.75,29.5,ascending,280.34427
55.75,29.75,ascending,279.885
55.75,30.0,ascending,279.46063
55.75,30.25,ascending,279.70218
55.75,30.5,ascending,279.9518
55.75,30.75,ascending,280.313
55.75,31.0,ascending,280.63956
55.75,31.25,ascending,281.1825
55.75,31.5,ascending,281.64044
55.75,31.75,ascending,281.89624
55.75,32.0,ascending,281.89456
55.75,32.25,ascending,281.025
55.75,32.5,ascending,281.18875
55.75,32.75,ascending,281.4311
55.75,33.0,ascending,281.48874
55.75,33.25,ascending,281.43
55.75,33.5,ascending,281.43
55.75,33.75,ascending,281.52332
55.75,34.0,ascending,281.62857
55.75,34.25,ascending,281.6014
55.75,34.5,ascending,281.43
55.75,34.75,ascending,281.382
55.75,35.0,ascending,280.94144
55.75,35.25,ascending,280.69833
55.75,35.5,ascending,281.075
55.75,35.75,ascending,281.55
55.75,36.0,ascending,281.72998
55.75,36.25,ascending,281.77832
55.75,36.5,ascending,281.75998
55.75,36.75,ascending,281.716
55.75,37.0,ascending,281.396
55.75,37.25,ascending,280.55
55.75,37.5,ascending,279.13998
55.75,37.75,ascending,278.034
55.75,38.0,ascending,278.0825
56.0,-13.0,ascending,217.65999
56.0,-12.75,ascending,217.28667
56.0,-12.5,ascending,216.44
56.0,-12.25,ascending,215.37
56.0,-12.0,ascending,214.12
56.0,-11.75,ascending,213.20999
56.0,-11.5,ascending,212.23334
56.0,-11.25,ascending,211.595
56.0,-11.0,ascending,211.14833
56.0,-10.75,ascending,210.9425
56.0,-10.5,ascending,210.96167
56.0,-10.25,ascending,211.06999
56.0,-10.0,ascending,211.13998
56.0,-9.75,ascending,211.16599
56.0,-9.5,ascending,211.222
56.0,-9.25,ascending,211.37
56.0,-9.0,ascending,211.76001
56.0,-8.75,ascending,212.198
56.0,-8.5,ascending,212.405
56.0,-8.25,ascending,212.38799
56.0,-8.0,ascending,212.17
56.0,-7.75,ascending,212.01999
56.0,-7.5,ascending,212.304
56.0,-7.25,ascending,213.75665
56.0,-7.0,ascending,216.16
56.0,-6.75,ascending,219.68666
56.0,-6.5,ascending,224.48499
56.0,-6.25,ascending,228.276
56.0,-6.0,ascending,234.478
56.0,-5.75,ascending,241.156
56.0,-5.5,ascending,250.71799
56.0,-5.25,ascending,258.49
56.0,-5.0,ascending,264.474
56.0,-4.75,ascending,269.5075
56.0,-4.5,ascending,272.22998
56.0,-4.25,ascending,274.886
56.0,-4.0,ascending,275.905
56.0,-3.75,ascending,274.94666
56.0,-3.5,ascending,272.998
56.0,-3.25,ascending,269.47833
56.0,-3.0,ascending,264.724
56.0,-2.75,ascending,259.366
56.0,-2.5,ascending,252.05598
56.0,-2.25,ascending,239.95
56.0,-2.0,ascending,228.172
56.0,-1.75,ascending,221.96399
56.0,-1.5,ascending,217.42
56.0,-1.25,ascending,214.42
56.0,-1.0,ascending,212.71999
56.0,-0.75,ascending,212.352
56.0,-0.5,ascending,212.874
56.0,-0.25,ascending,213.48198
56.0,-0.0,ascending,216.00374
56.0,0.25,ascending,213.74666
56.0,0.5,ascending,213.43333
56.0,0.75,ascending,212.81665
56.0,1.0,ascending,212.18333
56.0,1.25,ascending,211.552
56.0,1.5,ascending,211.15001
56.0,1.75,ascending,211.21799
56.0,2.0,ascending,211.53333
56.0,2.25,ascending,211.78572
56.0,2.5,ascending,211.90572
56.0,2.75,ascending,211.97667
56.0,3.0,ascending,212.068
56.0,3.25,ascending,212.12
56.0,3.5,ascending,212.08571
56.0,3.75,ascending,211.97427
56.0,4.0,ascending,211.90666
56.0,4.25,ascending,211.75
56.0,4.5,ascending,211.605
56.0,4.75,ascending,211.56375
56.0,5.0,ascending,211.86215
56.0,5.25,ascending,211.88799
56.0,5.5,ascending,211.87166
56.0,5.75,ascending,211.92712
56.0,6.0,ascending,211.92801
56.0,6.25,ascending,211.97429
56.0,6.5,ascending,212.01564
56.0,6.75,ascending,212.14714
56.0,7.0,ascending,212.27423
56.0,7.25,ascending,212.56999
56.0,7.5,ascending,214.56142
56.0,7.75,ascending,218.04285
56.0,8.0,ascending,224.90857
56.0,8.25,ascending,236.51625
56.0,8.5,ascending,250.34625
56.0,8.75,ascending,264.54166
56.0,9.0,ascending,274.5914
56.0,9.25,ascending,280.09
56.0,9.5,ascending,280.61124
56.0,9.75,ascending,278.69598
56.0,10.0,ascending,272.52832
56.0,10.25,ascending,262.13998
56.0,10.5,ascending,253.79333
56.0,10.75,ascending,244.00334
56.0,11.0,ascending,236.83167
56.0,11.25,ascending,233.66833
56.0,11.5,ascending,232.5275
56.0,11.75,ascending,233.54832
56.0,12.0,ascending,235.02501
56.0,12.25,ascending,238.45714
56.0,12.5,ascending,243.174
56.0,12.75,ascending,249.015
56.0,13.0,ascending,258.91248
56.0,13.25,ascending,267.86832
56.0,13.5,ascending,277.32498
56.0,13.75,ascending,279.995
56.0,14.0,ascending,277.7983
56.0,14.25,ascending,272.302
56.0,14.5,ascending,263.29498
56.0,14.75,ascending,255.17
56.0,15.0,ascending,250.88602
56.0,15.25,ascending,246.54199
56.0,15.5,ascending,246.33667
56.0,15.75,ascending,246.1275
56.0,16.0,ascending,244.246
56.0,16.25,ascending,236.88998
56.0,16.5,ascending,230.624
56.0,16.75,ascending,223.50601
56.0,17.0,ascending,219.43748
56.0,17.25,ascending,216.504
56.0,17.5,ascending,213.83398
56.0,17.75,ascending,213.024
56.0,18.0,ascending,212.702
56.0,18.25,ascending,212.59
56.0,18.5,ascending,212.48
56.0,18.75,ascending,212.435
56.0,19.0,ascending,212.46832
56.0,19.25,ascending,212.556
56.0,19.5,ascending,212.70248
56.0,19.75,ascending,212.88799
56.0,20.0,ascending,213.08398
56.0,20.25,ascending,213.30333
56.0,20.5,ascending,214.23833
56.0,20.75,ascending,219.65201
56.0,21.0,ascending,237.26666
56.0,21.25,ascending,257.91333
56.0,21.5,ascending,274.90747
56.0,21.75,ascending,282.78998
56.0,22.0,ascending,283.828
56.0,22.25,ascending,283.972
56.0,22.5,ascending,284.08334
56.0,22.75,ascending,284.0575
56.0,23.0,ascending,283.85666
56.0,23.25,ascending,283.654
56.0,23.5,ascending,283.492
56.0,23.75,ascending,283.33167
56.0,24.0,ascending,283.262
56.0,24.25,ascending,283.35
56.0,24.5,ascending,283.59833
56.0,24.75,ascending,283.848
56.0,25.0,ascending,283.81332
56.0,25.25,ascending,283.586
56.0,25.5,ascending,283.27832
56.0,25.75,ascending,282.94998
56.0,26.0,ascending,282.776
56.0,26.25,ascending,282.456
56.0,26.5,ascending,281.93167
56.0,26.75,ascending,280.88666
56.0,27.0,ascending,279.705
56.0,27.25,ascending,279.08334
56.0,27.5,ascending,279.74713
56.0,27.75,ascending,280.53665
56.0,28.0,ascending,280.59283
56.0,28.25,ascending,280.095
56.0,28.5,ascending,279.94998
56.0,28.75,ascending,279.8775
56.0,29.0,ascending,279.59
56.0,29.25,ascending,279.55142
56.0,29.5,ascending,279.69556
56.0,29.75,ascending,278.88312
56.0,30.0,ascending,278.685
56.0,30.25,ascending,278.84317
56.0,30.5,ascending,278.9232
56.0,30.75,ascending,278.9
56.0,31.0,ascending,278.90454
56.0,31.25,ascending,279.486
56.0,31.5,ascending,280.36868
56.0,31.75,ascending,281.21042
56.0,32.0,ascending,281.71564
56.0,32.25,ascending,280.9643
56.0,32.5,ascending,281.434
56.0,32.75,ascending,281.5843
56.0,33.0,ascending,281.53165
56.0,33.25,ascending,281.33
56.0,33.5,ascending,281.18
56.0,33.75,ascending,281.10858
56.0,34.0,ascending,280.96143
56.0,34.25,ascending,280.735
56.0,34.5,ascending,280.44165
56.0,34.75,ascending,280.216
56.0,35.0,ascending,280.37997
56.0,35.25,ascending,280.84833
56.0,35.5,ascending,281.392
56.0,35.75,ascending,281.86832
56.0,36.0,ascending,282.01663
56.0,36.25,ascending,281.955
56.0,36.5,ascending,281.794
56.0,36.75,ascending,281.38333
56.0,37.0,ascending,280.76334
56.0,37.25,ascending,279.78665
56.0,37.5,ascending,278.996
56.0,37.75,ascending,278.68597
56.0,38.0,ascending,279.00998
56.25,-13.0,ascending,218.40999
56.25,-12.75,ascending,217.3775
56.25,-12.5,ascending,216.085
56.25,-12.25,ascending,214.90201
56.25,-12.0,ascending,213.95
56.25,-11.75,ascending,213.105
56.25,-11.5,ascending,212.274
56.25,-11.25,ascending,211.538
56.25,-11.0,ascending,211.1175
56.25,-10.75,ascending,210.995
56.25,-10.5,ascending,211.0325
56.25,-10.25,ascending,211.08499
56.25,-10.0,ascending,211.05666
56.25,-9.75,ascending,210.96199
56.25,-9.5,ascending,211.012
56.25,-9.25,ascending,211.20999
56.25,-9.0,ascending,211.59833
56.25,-8.75,ascending,211.9675
56.25,-8.5,ascending,212.27167
56.25,-8.25,ascending,212.41199
56.25,-8.0,ascending,212.23499
56.25,-7.75,ascending,212.00801
56.25,-7.5,ascending,212.28198
56.25,-7.25,ascending,213.29668
56.25,-7.0,ascending,215.578
56.25,-6.75,ascending,218.965
56.25,-6.5,ascending,223.316
56.25,-6.25,ascending,230.8075
56.25,-6.0,ascending,239.11398
56.25,-5.75,ascending,247.32498
56.25,-5.5,ascending,257.184
56.25,-5.25,ascending,263.3925
56.25,-5.0,ascending,269.836
56.25,-4.75,ascending,273.64398
56.25,-4.5,ascending,275.28198
56.25,-4.25,ascending,276.1225
56.25,-4.0,ascending,276.205
56.25,-3.75,ascending,275.60602
56.25,-3.5,ascending,274.17596
56.25,-3.25,ascending,272.03998
56.25,-3.0,ascending,267.09833
56.25,-2.75,ascending,259.7125
56.25,-2.5,ascending,249.06831
56.25,-2.25,ascending,235.236
56.25,-2.0,ascending,225.13
56.25,-1.75,ascending,219.328
56.25,-1.5,ascending,216.33333
56.25,-1.25,ascending,214.316
56.25,-1.0,ascending,212.7775
56.25,-0.75,ascending,212.316
56.25,-0.5,ascending,212.73001
56.25,-0.25,ascending,213.496
56.25,-0.0,ascending,215.98334
56.25,0.25,ascending,214.004
56.25,0.5,ascending,213.418
56.25,0.75,ascending,212.81198
56.25,1.0,ascending,212.18999
56.25,1.25,ascending,211.56001
56.25,1.5,ascending,211.08667
56.25,1.75,ascending,211.10999
56.25,2.0,ascending,211.545
56.25,2.25,ascending,211.90201
56.25,2.5,ascending,212.076
56.25,2.75,ascending,212.1614
56.25,3.0,ascending,212.23572
56.25,3.25,ascending,212.31999
56.25,3.5,ascending,212.45
56.25,3.75,ascending,212.47142
56.25,4.0,ascending,212.41125
56.25,4.25,ascending,212.31429
56.25,4.5,ascending,212.23856
56.25,4.75,ascending,212.47385
56.25,5.0,ascending,212.52
56.25,5.25,ascending,212.53763
56.25,5.5,ascending,212.512
56.25,5.75,ascending,212.4405
56.25,6.0,ascending,212.46167
56.25,6.25,ascending,212.46
56.25,6.5,ascending,212.51668
56.25,6.75,ascending,212.60475
56.25,7.0,ascending,212.74153
56.25,7.25,ascending,213.19737
56.25,7.5,ascending,215.66428
56.25,7.75,ascending,219.85715
56.25,8.0,ascending,227.62715
56.25,8.25,ascending,238.52249
56.25,8.5,ascending,252.88165
56.25,8.75,ascending,264.83167
56.25,9.0,ascending,273.93332
56.25,9.25,ascending,278.9957
56.25,9.5,ascending,280.52286
56.25,9.75,ascending,280.1525
56.25,10.0,ascending,277.36832
56.25,10.25,ascending,271.53375
56.25,10.5,ascending,265.205
56.25,10.75,ascending,255.58
56.25,11.0,ascending,245.22998
56.25,11.25,ascending,235.38
56.25,11.5,ascending,226.47285
56.25,11.75,ascending,222.0
56.25,12.0,ascending,222.404
56.25,12.25,ascending,224.39499
56.25,12.5,ascending,231.34799
56.25,12.75,ascending,239.86398
56.25,13.0,ascending,254.074
56.25,13.25,ascending,266.3275
56.25,13.5,ascending,276.19
56.25,13.75,ascending,281.392
56.25,14.0,ascending,281.68597
56.25,14.25,ascending,280.39
56.25,14.5,ascending,275.87
56.25,14.75,ascending,271.1775
56.25,15.0,ascending,271.305
56.25,15.25,ascending,269.16498
56.25,15.5,ascending,268.1725
56.25,15.75,ascending,268.692
56.25,16.0,ascending,263.4275
56.25,16.25,ascending,253.474
56.25,16.5,ascending,244.45749
56.25,16.75,ascending,235.878
56.25,17.0,ascending,225.81198
56.25,17.25,ascending,218.9375
56.25,17.5,ascending,215.06749
56.25,17.75,ascending,213.16199
56.25,18.0,ascending,212.6825
56.25,18.25,ascending,212.66599
56.25,18.5,ascending,212.66
56.25,18.75,ascending,212.75499
56.25,19.0,ascending,212.63799
56.25,19.25,ascending,212.575
56.25,19.5,ascending,212.67334
56.25,19.75,ascending,212.875
56.25,20.0,ascending,213.13249
56.25,20.25,ascending,213.34799
56.25,20.5,ascending,214.52998
56.25,20.75,ascending,220.924
56.25,21.0,ascending,238.27998
56.25,21.25,ascending,260.0325
56.25,21.5,ascending,276.24332
56.25,21.75,ascending,282.602
56.25,22.0,ascending,283.934
56.25,22.25,ascending,284.204
56.25,22.5,ascending,284.21335
56.25,22.75,ascending,284.0725
56.25,23.0,ascending,283.7983
56.25,23.25,ascending,283.33
56.25,23.5,ascending,282.25168
56.25,23.75,ascending,281.702
56.25,24.0,ascending,282.245
56.25,24.25,ascending,282.77332
56.25,24.5,ascending,283.22333
56.25,24.75,ascending,283.648
56.25,25.0,ascending,283.658
56.25,25.25,ascending,283.41833
56.25,25.5,ascending,283.098
56.25,25.75,ascending,283.08398
56.25,26.0,ascending,283.1783
56.25,26.25,ascending,283.034
56.25,26.5,ascending,282.4
56.25,26.75,ascending,281.57666
56.25,27.0,ascending,280.744
56.25,27.25,ascending,280.05856
56.25,27.5,ascending,279.84665
56.25,27.75,ascending,280.75333
56.25,28.0,ascending,281.448
56.25,28.25,ascending,281.33
56.25,28.5,ascending,280.58167
56.25,28.75,ascending,280.1
56.25,29.0,ascending,279.49625
56.25,29.25,ascending,279.10428
56.25,29.5,ascending,278.66132
56.25,29.75,ascending,278.73
56.25,30.0,ascending,279.1082
56.25,30.25,ascending,279.39398
56.25,30.5,ascending,279.51056
56.25,30.75,ascending,279.5105
56.25,31.0,ascending,279.25
56.25,31.25,ascending,279.1733
56.25,31.5,ascending,279.6733
56.25,31.75,ascending,280.57706
56.25,32.0,ascending,280.79883
56.25,32.25,ascending,280.414
56.25,32.5,ascending,280.78854
56.25,32.75,ascending,281.00333
56.25,33.0,ascending,281.09427
56.25,33.25,ascending,281.09
56.25,33.5,ascending,281.0533
56.25,33.75,ascending,281.01874
56.25,34.0,ascending,280.98
56.25,34.25,ascending,280.90332
56.25,34.5,ascending,280.85
56.25,34.75,ascending,281.00333
56.25,35.0,ascending,281.335
56.25,35.25,ascending,281.66748
56.25,35.5,ascending,281.99124
56.25,35.75,ascending,282.1775
56.25,36.0,ascending,282.10333
56.25,36.25,ascending,281.562
56.25,36.5,ascending,281.12997
56.25,36.75,ascending,280.216
56.25,37.0,ascending,279.94998
56.25,37.25,ascending,279.594
56.25,37.5,ascending,279.38397
56.25,37.75,ascending,279.402
56.25,38.0,ascending,279.63998
56.5,-13.0,ascending,216.98
56.5,-12.75,ascending,215.98
56.5,-12.5,ascending,214.918
56.5,-12.25,ascending,214.305
56.5,-12.0,ascending,213.68834
56.5,-11.75,ascending,212.68666
56.5,-11.5,ascending,211.92749
56.5,-11.25,ascending,211.38
56.5,-11.0,ascending,211.094
56.5,-10.75,ascending,211.03598
56.5,-10.5,ascending,211.03198
56.5,-10.25,ascending,211.004
56.5,-10.0,ascending,210.92
56.5,-9.75,ascending,210.9225
56.5,-9.5,ascending,211.148
56.5,-9.25,ascending,211.42749
56.5,-9.0,ascending,211.8
56.5,-8.75,ascending,212.038
56.5,-8.5,ascending,212.33
56.5,-8.25,ascending,212.53598
56.5,-8.0,ascending,212.424
56.5,-7.75,ascending,212.19499
56.5,-7.5,ascending,212.512
56.5,-7.25,ascending,214.09166
56.5,-7.0,ascending,216.495
56.5,-6.75,ascending,219.288
56.5,-6.5,ascending,224.576
56.5,-6.25,ascending,233.45601
56.5,-6.0,ascending,244.35
56.5,-5.75,ascending,254.13599
56.5,-5.5,ascending,261.998
56.5,-5.25,ascending,267.3275
56.5,-5.0,ascending,272.52664
56.5,-4.75,ascending,275.62598
56.5,-4.5,ascending,276.26
56.5,-4.25,ascending,276.35602
56.5,-4.0,ascending,276.27832
56.5,-3.75,ascending,276.19
56.5,-3.5,ascending,275.81497
56.5,-3.25,ascending,274.77997
56.5,-3.0,ascending,272.19598
56.5,-2.75,ascending,266.444
56.5,-2.5,ascending,255.96832
56.5,-2.25,ascending,243.0575
56.5,-2.0,ascending,229.085
56.5,-1.75,ascending,220.228
56.5,-1.5,ascending,217.202
56.5,-1.25,ascending,215.20798
56.5,-1.0,ascending,213.486
56.5,-0.75,ascending,212.486
56.5,-0.5,ascending,212.64
56.5,-0.25,ascending,213.51599
56.5,-0.0,ascending,216.32625
56.5,0.25,ascending,214.26999
56.5,0.5,ascending,213.76572
56.5,0.75,ascending,213.038
56.5,1.0,ascending,212.45
56.5,1.25,ascending,211.70166
56.5,1.5,ascending,211.17168
56.5,1.75,ascending,211.142
56.5,2.0,ascending,211.56334
56.5,2.25,ascending,212.01332
56.5,2.5,ascending,212.21167
56.5,2.75,ascending,212.31198
56.5,3.0,ascending,212.39832
56.5,3.25,ascending,212.50856
56.5,3.5,ascending,212.65572
56.5,3.75,ascending,212.82332
56.5,4.0,ascending,212.88428
56.5,4.25,ascending,212.92285
56.5,4.5,ascending,213.04213
56.5,4.75,ascending,213.06285
56.5,5.0,ascending,213.12773
56.5,5.25,ascending,213.1363
56.5,5.5,ascending,213.1859
56.5,5.75,ascending,213.15778
56.5,6.0,ascending,213.0925
56.5,6.25,ascending,213.08093
56.5,6.5,ascending,213.10849
56.5,6.75,ascending,213.16331
56.5,7.0,ascending,213.26692
56.5,7.25,ascending,213.76
56.5,7.5,ascending,216.1757
56.5,7.75,ascending,220.12555
56.5,8.0,ascending,226.48286
56.5,8.25,ascending,235.80168
56.5,8.5,ascending,246.72166
56.5,8.75,ascending,257.51166
56.5,9.0,ascending,266.12997
56.5,9.25,ascending,271.26498
56.5,9.5,ascending,274.39334
56.5,9.75,ascending,277.31668
56.5,10.0,ascending,277.0
56.5,10.25,ascending,273.5
56.5,10.5,ascending,265.81198
56.5,10.75,ascending,253.33142
56.5,11.0,ascending,238.42833
56.5,11.25,ascending,226.202
56.5,11.5,ascending,220.63799
56.5,11.75,ascending,217.196
56.5,12.0,ascending,216.85999
56.5,12.25,ascending,219.53499
56.5,12.5,ascending,225.52832
56.5,12.75,ascending,236.02249
56.5,13.0,ascending,251.12334
56.5,13.25,ascending,268.552
56.5,13.5,ascending,277.57797
56.5,13.75,ascending,282.47797
56.5,14.0,ascending,282.81998
56.5,14.25,ascending,281.75998
56.5,14.5,ascending,280.40164
56.5,14.75,ascending,278.688
56.5,15.0,ascending,278.6725
56.5,15.25,ascending,279.28998
56.5,15.5,ascending,280.244
56.5,15.75,ascending,280.34
56.5,16.0,ascending,275.392
56.5,16.25,ascending,268.5075
56.5,16.5,ascending,258.94998
56.5,16.75,ascending,245.5725
56.5,17.0,ascending,232.25801
56.5,17.25,ascending,222.49399
56.5,17.5,ascending,215.73001
56.5,17.75,ascending,213.48198
56.5,18.0,ascending,213.05
56.5,18.25,ascending,213.64749
56.5,18.5,ascending,214.594
56.5,18.75,ascending,215.23499
56.5,19.0,ascending,213.5975
56.5,19.25,ascending,213.23201
56.5,19.5,ascending,212.84799
56.5,19.75,ascending,212.95
56.5,20.0,ascending,213.156
56.5,20.25,ascending,213.30798
56.5,20.5,ascending,214.128
56.5,20.75,ascending,220.50749
56.5,21.0,ascending,235.146
56.5,21.25,ascending,255.95401
56.5,21.5,ascending,271.27798
56.5,21.75,ascending,280.272
56.5,22.0,ascending,283.496
56.5,22.25,ascending,284.31665
56.5,22.5,ascending,284.314
56.5,22.75,ascending,283.86398
56.5,23.0,ascending,282.99
56.5,23.25,ascending,280.58197
56.5,23.5,ascending,276.23
56.5,23.75,ascending,274.04248
56.5,24.0,ascending,277.285
56.5,24.25,ascending,280.694
56.5,24.5,ascending,281.55334
56.5,24.75,ascending,283.194
56.5,25.0,ascending,283.34335
56.5,25.25,ascending,283.002
56.5,25.5,ascending,282.706
56.5,25.75,ascending,282.668
56.5,26.0,ascending,282.84283
56.5,26.25,ascending,282.895
56.5,26.5,ascending,282.30667
56.5,26.75,ascending,281.52798
56.5,27.0,ascending,281.40857
56.5,27.25,ascending,281.574
56.5,27.5,ascending,281.4833
56.5,27.75,ascending,281.88715
56.5,28.0,ascending,282.40875
56.5,28.25,ascending,282.69
56.5,28.5,ascending,281.99374
56.5,28.75,ascending,281.07834
56.5,29.0,ascending,280.205
56.5,29.25,ascending,278.76462
56.5,29.5,ascending,278.3859
56.5,29.75,ascending,278.6995
56.5,30.0,ascending,279.4457
56.5,30.25,ascending,280.02548
56.5,30.5,ascending,280.66263
56.5,30.75,ascending,280.9125
56.5,31.0,ascending,280.7505
56.5,31.25,ascending,280.46054
56.5,31.5,ascending,280.31784
56.5,31.75,ascending,280.46307
56.5,32.0,ascending,280.40533
56.5,32.25,ascending,280.15286
56.5,32.5,ascending,280.51572
56.5,32.75,ascending,280.79
56.5,33.0,ascending,280.94165
56.5,33.25,ascending,280.99167
56.5,33.5,ascending,280.90887
56.5,33.75,ascending,280.89
56.5,34.0,ascending,280.91165
56.5,34.25,ascending,280.97333
56.5,34.5,ascending,281.04498
56.5,34.75,ascending,281.23248
56.5,35.0,ascending,281.47
56.5,35.25,ascending,281.74332
56.5,35.5,ascending,281.87332
56.5,35.75,ascending,281.772
56.5,36.0,ascending,281.11832
56.5,36.25,ascending,280.2075
56.5,36.5,ascending,279.28998
56.5,36.75,ascending,278.3625
56.5,37.0,ascending,278.30142
56.5,37.25,ascending,278.31598
56.5,37.5,ascending,278.495
56.5,37.75,ascending,278.9325
56.5,38.0,ascending,279.335
56.75,-13.0,ascending,215.97
56.75,-12.75,ascending,215.78
56.75,-12.5,ascending,215.328
56.75,-12.25,ascending,214.76799
56.75,-12.0,ascending,213.826
56.75,-11.75,ascending,212.78
56.75,-11.5,ascending,211.79333
56.75,-11.25,ascending,211.365
56.75,-11.0,ascending,211.13599
56.75,-10.75,ascending,211.01999
56.75,-10.5,ascending,210.97
56.75,-10.25,ascending,210.93001
56.75,-10.0,ascending,210.944
56.75,-9.75,ascending,211.1375
56.75,-9.5,ascending,211.535
56.75,-9.25,ascending,211.79
56.75,-9.0,ascending,211.98749
56.75,-8.75,ascending,212.0875
56.75,-8.5,ascending,212.314
56.75,-8.25,ascending,212.53598
56.75,-8.0,ascending,212.606
56.75,-7.75,ascending,212.92801
56.75,-7.5,ascending,214.38599
56.75,-7.25,ascending,215.77666
56.75,-7.0,ascending,218.064
56.75,-6.75,ascending,219.6525
56.75,-6.5,ascending,224.578
56.75,-6.25,ascending,233.29
56.75,-6.0,ascending,246.736
56.75,-5.75,ascending,256.482
56.75,-5.5,ascending,264.54666
56.75,-5.25,ascending,269.706
56.75,-5.0,ascending,274.46167
56.75,-4.75,ascending,276.39334
56.75,-4.5,ascending,276.5
56.75,-4.25,ascending,276.22797
56.75,-4.0,ascending,276.08798
56.75,-3.75,ascending,276.188
56.75,-3.5,ascending,276.176
56.75,-3.25,ascending,276.05
56.75,-3.0,ascending,275.28
56.75,-2.75,ascending,272.13498
56.75,-2.5,ascending,265.13
56.75,-2.25,ascending,252.87
56.75,-2.0,ascending,237.496
56.75,-1.75,ascending,225.642
56.75,-1.5,ascending,218.974
56.75,-1.25,ascending,216.31198
56.75,-1.0,ascending,214.378
56.75,-0.75,ascending,212.72
56.75,-0.5,ascending,212.54399
56.75,-0.25,ascending,213.25
56.75,-0.0,ascending,215.67
56.75,0.25,ascending,214.376
56.75,0.5,ascending,214.00665
56.75,0.75,ascending,213.342
56.75,1.0,ascending,212.818
56.75,1.25,ascending,212.128
56.75,1.5,ascending,211.44666
56.75,1.75,ascending,211.28401
56.75,2.0,ascending,211.65572
56.75,2.25,ascending,212.082
56.75,2.5,ascending,212.30142
56.75,2.75,ascending,212.37427
56.75,3.0,ascending,212.45166
56.75,3.25,ascending,212.60143
56.75,3.5,ascending,212.7957
56.75,3.75,ascending,212.98714
56.75,4.0,ascending,213.21571
56.75,4.25,ascending,213.3225
56.75,4.5,ascending,213.37636
56.75,4.75,ascending,213.50949
56.75,5.0,ascending,213.61316
56.75,5.25,ascending,213.69527
56.75,5.5,ascending,213.70389
56.75,5.75,ascending,213.70367
56.75,6.0,ascending,213.6811
56.75,6.25,ascending,213.6711
56.75,6.5,ascending,213.66908
56.75,6.75,ascending,213.67726
56.75,7.0,ascending,213.68
56.75,7.25,ascending,214.19699
56.75,7.5,ascending,215.67332
56.75,7.75,ascending,217.79668
56.75,8.0,ascending,222.92
56.75,8.25,ascending,230.82832
56.75,8.5,ascending,240.37166
56.75,8.75,ascending,250.21167
56.75,9.0,ascending,255.8457
56.75,9.25,ascending,261.51
56.75,9.5,ascending,267.045
56.75,9.75,ascending,270.7443
56.75,10.0,ascending,269.6
56.75,10.25,ascending,265.662
56.75,10.5,ascending,253.85498
56.75,10.75,ascending,240.8675
56.75,11.0,ascending,231.002
56.75,11.25,ascending,222.846
56.75,11.5,ascending,218.18166
56.75,11.75,ascending,216.3875
56.75,12.0,ascending,217.18599
56.75,12.25,ascending,221.724
56.75,12.5,ascending,232.35
56.75,12.75,ascending,247.616
56.75,13.0,ascending,265.04248
56.75,13.25,ascending,275.905
56.75,13.5,ascending,281.3975
56.75,13.75,ascending,281.352
56.75,14.0,ascending,280.596
56.75,14.25,ascending,280.23248
56.75,14.5,ascending,279.968
56.75,14.75,ascending,279.858
56.75,15.0,ascending,280.288
56.75,15.25,ascending,281.956
56.75,15.5,ascending,283.626
56.75,15.75,ascending,284.15
56.75,16.0,ascending,282.296
56.75,16.25,ascending,276.34
56.75,16.5,ascending,266.85498
56.75,16.75,ascending,252.806
56.75,17.0,ascending,235.96599
56.75,17.25,ascending,223.53
56.75,17.5,ascending,217.485
56.75,17.75,ascending,214.59749
56.75,18.0,ascending,214.746
56.75,18.25,ascending,217.4825
56.75,18.5,ascending,222.36665
56.75,18.75,ascending,222.68
56.75,19.0,ascending,218.13399
56.75,19.25,ascending,216.09999
56.75,19.5,ascending,213.43799
56.75,19.75,ascending,213.052
56.75,20.0,ascending,213.03598
56.75,20.25,ascending,213.11333
56.75,20.5,ascending,213.6525
56.75,20.75,ascending,216.86002
56.75,21.0,ascending,227.44165
56.75,21.25,ascending,246.23001
56.75,21.5,ascending,262.022
56.75,21.75,ascending,275.716
56.75,22.0,ascending,282.08398
56.75,22.25,ascending,283.69
56.75,22.5,ascending,283.78598
56.75,22.75,ascending,282.758
56.75,23.0,ascending,278.37833
56.75,23.25,ascending,270.218
56.75,23.5,ascending,263.825
56.75,23.75,ascending,257.042
56.75,24.0,ascending,263.60602
56.75,24.25,ascending,270.38
56.75,24.5,ascending,278.71
56.75,24.75,ascending,282.0675
56.75,25.0,ascending,283.02332
56.75,25.25,ascending,282.81598
56.75,25.5,ascending,282.492
56.75,25.75,ascending,282.32797
56.75,26.0,ascending,282.505
56.75,26.25,ascending,282.756
56.75,26.5,ascending,282.51498
56.75,26.75,ascending,281.94666
56.75,27.0,ascending,281.905
56.75,27.25,ascending,282.47333
56.75,27.5,ascending,282.87668
56.75,27.75,ascending,283.152
56.75,28.0,ascending,283.29834
56.75,28.25,ascending,283.25168
56.75,28.5,ascending,282.85
56.75,28.75,ascending,281.98624
56.75,29.0,ascending,280.46582
56.75,29.25,ascending,279.37454
56.75,29.5,ascending,278.94
56.75,29.75,ascending,279.07056
56.75,30.0,ascending,279.44904
56.75,30.25,ascending,280.13763
56.75,30.5,ascending,280.79315
56.75,30.75,ascending,281.15222
56.75,31.0,ascending,281.16318
56.75,31.25,ascending,280.86398
56.75,31.5,ascending,280.4352
56.75,31.75,ascending,280.31924
56.75,32.0,ascending,279.9222
56.75,32.25,ascending,279.66855
56.75,32.5,ascending,279.775
56.75,32.75,ascending,279.9114
56.75,33.0,ascending,279.77
56.75,33.25,ascending,279.41428
56.75,33.5,ascending,278.92667
56.75,33.75,ascending,279.42
56.75,34.0,ascending,279.958
56.75,34.25,ascending,280.37997
56.75,34.5,ascending,280.72165
56.75,34.75,ascending,281.13998
56.75,35.0,ascending,281.43665
56.75,35.25,ascending,281.56998
56.75,35.5,ascending,281.555
56.75,35.75,ascending,281.1683
56.75,36.0,ascending,280.24
56.75,36.25,ascending,279.15164
56.75,36.5,ascending,278.284
56.75,36.75,ascending,277.5925
56.75,37.0,ascending,277.386
56.75,37.25,ascending,277.656
56.75,37.5,ascending,278.262
56.75,37.75,ascending,278.94
56.75,38.0,ascending,279.09668
57.0,-13.0,ascending,218.395
57.0,-12.75,ascending,217.90201
57.0,-12.5,ascending,217.60167
57.0,-12.25,ascending,216.226
57.0,-12.0,ascending,214.51599
57.0,-11.75,ascending,213.128
57.0,-11.5,ascending,212.222
57.0,-11.25,ascending,211.62
57.0,-11.0,ascending,211.31667
57.0,-10.75,ascending,211.074
57.0,-10.5,ascending,210.95
57.0,-10.25,ascending,210.9
57.0,-10.0,ascending,210.97166
57.0,-9.75,ascending,211.23799
57.0,-9.5,ascending,211.56001
57.0,-9.25,ascending,211.774
57.0,-9.0,ascending,211.81999
57.0,-8.75,ascending,211.87
57.0,-8.5,ascending,212.1725
57.0,-8.25,ascending,212.61249
57.0,-8.0,ascending,213.082
57.0,-7.75,ascending,214.20499
57.0,-7.5,ascending,216.33398
57.0,-7.25,ascending,219.176
57.0,-7.0,ascending,221.452
57.0,-6.75,ascending,221.978
57.0,-6.5,ascending,226.54999
57.0,-6.25,ascending,238.1875
57.0,-6.0,ascending,247.63199
57.0,-5.75,ascending,257.5925
57.0,-5.5,ascending,264.59
57.0,-5.25,ascending,270.98798
57.0,-5.0,ascending,275.5625
57.0,-4.75,ascending,276.724
57.0,-4.5,ascending,276.558
57.0,-4.25,ascending,275.624
57.0,-4.0,ascending,275.0025
57.0,-3.75,ascending,274.73248
57.0,-3.5,ascending,274.82
57.0,-3.25,ascending,275.412
57.0,-3.0,ascending,275.06833
57.0,-2.75,ascending,273.93
57.0,-2.5,ascending,270.12167
57.0,-2.25,ascending,258.78598
57.0,-2.0,ascending,244.465
57.0,-1.75,ascending,230.26799
57.0,-1.5,ascending,220.67801
57.0,-1.25,ascending,216.87
57.0,-1.0,ascending,214.788
57.0,-0.75,ascending,213.21
57.0,-0.5,ascending,212.604
57.0,-0.25,ascending,213.052
57.0,-0.0,ascending,216.52222
57.0,0.25,ascending,214.39333
57.0,0.5,ascending,214.15999
57.0,0.75,ascending,213.66599
57.0,1.0,ascending,213.13713
57.0,1.25,ascending,212.36833
57.0,1.5,ascending,211.645
57.0,1.75,ascending,211.48167
57.0,2.0,ascending,211.77597
57.0,2.25,ascending,212.14333
57.0,2.5,ascending,212.36499
57.0,2.75,ascending,212.40999
57.0,3.0,ascending,212.47714
57.0,3.25,ascending,212.66599
57.0,3.5,ascending,212.90166
57.0,3.75,ascending,213.15572
57.0,4.0,ascending,213.335
57.0,4.25,ascending,213.37
57.0,4.5,ascending,213.51498
57.0,4.75,ascending,213.63316
57.0,5.0,ascending,213.7394
57.0,5.25,ascending,213.799
57.0,5.5,ascending,213.89894
57.0,5.75,ascending,213.96812
57.0,6.0,ascending,213.99263
57.0,6.25,ascending,214.04526
57.0,6.5,ascending,214.09189
57.0,6.75,ascending,214.07715
57.0,7.0,ascending,214.04962
57.0,7.25,ascending,214.25223
57.0,7.5,ascending,214.7957
57.0,7.75,ascending,216.25285
57.0,8.0,ascending,219.73833
57.0,8.25,ascending,225.25798
57.0,8.5,ascending,231.75832
57.0,8.75,ascending,237.7225
57.0,9.0,ascending,243.17334
57.0,9.25,ascending,249.4425
57.0,9.5,ascending,254.56142
57.0,9.75,ascending,258.676
57.0,10.0,ascending,260.62997
57.0,10.25,ascending,259.126
57.0,10.5,ascending,251.94286
57.0,10.75,ascending,240.80998
57.0,11.0,ascending,232.28333
57.0,11.25,ascending,225.45401
57.0,11.5,ascending,221.05666
57.0,11.75,ascending,219.35667
57.0,12.0,ascending,222.66199
57.0,12.25,ascending,229.78598
57.0,12.5,ascending,247.34167
57.0,12.75,ascending,263.47998
57.0,13.0,ascending,275.9233
57.0,13.25,ascending,280.9475
57.0,13.5,ascending,281.45834
57.0,13.75,ascending,280.94598
57.0,14.0,ascending,280.9
57.0,14.25,ascending,280.75
57.0,14.5,ascending,280.90164
57.0,14.75,ascending,281.00998
57.0,15.0,ascending,281.602
57.0,15.25,ascending,282.9375
57.0,15.5,ascending,284.22
57.0,15.75,ascending,284.878
57.0,16.0,ascending,283.49
57.0,16.25,ascending,277.746
57.0,16.5,ascending,267.532
57.0,16.75,ascending,251.99
57.0,17.0,ascending,237.116
57.0,17.25,ascending,225.63399
57.0,17.5,ascending,217.87
57.0,17.75,ascending,215.736
57.0,18.0,ascending,219.2025
57.0,18.25,ascending,226.05
57.0,18.5,ascending,235.906
57.0,18.75,ascending,234.21599
57.0,19.0,ascending,228.05798
57.0,19.25,ascending,219.05249
57.0,19.5,ascending,214.77832
57.0,19.75,ascending,213.18799
57.0,20.0,ascending,212.81
57.0,20.25,ascending,212.824
57.0,20.5,ascending,213.04
57.0,20.75,ascending,214.53
57.0,21.0,ascending,219.804
57.0,21.25,ascending,229.38199
57.0,21.5,ascending,248.60999
57.0,21.75,ascending,266.4525
57.0,22.0,ascending,275.39334
57.0,22.25,ascending,279.18
57.0,22.5,ascending,279.156
57.0,22.75,ascending,276.016
57.0,23.0,ascending,265.284
57.0,23.25,ascending,254.25801
57.0,23.5,ascending,245.65201
57.0,23.75,ascending,234.676
57.0,24.0,ascending,240.59999
57.0,24.25,ascending,254.3375
57.0,24.5,ascending,269.08142
57.0,24.75,ascending,279.65
57.0,25.0,ascending,282.42
57.0,25.25,ascending,282.86798
57.0,25.5,ascending,282.69998
57.0,25.75,ascending,282.5533
57.0,26.0,ascending,282.80167
57.0,26.25,ascending,283.07834
57.0,26.5,ascending,283.076
57.0,26.75,ascending,282.75143
57.0,27.0,ascending,282.59
57.0,27.25,ascending,282.935
57.0,27.5,ascending,283.28857
57.0,27.75,ascending,283.46143
57.0,28.0,ascending,283.40427
57.0,28.25,ascending,283.2614
57.0,28.5,ascending,282.93857
57.0,28.75,ascending,281.79416
57.0,29.0,ascending,280.95334
57.0,29.25,ascending,280.53497
57.0,29.5,ascending,280.2435
57.0,29.75,ascending,280.15833
57.0,30.0,ascending,280.21948
57.0,30.25,ascending,280.57056
57.0,30.5,ascending,281.0772
57.0,30.75,ascending,281.29553
57.0,31.0,ascending,281.38782
57.0,31.25,ascending,281.24475
57.0,31.5,ascending,280.9672
57.0,31.75,ascending,280.59375
57.0,32.0,ascending,279.59
57.0,32.25,ascending,279.04
57.0,32.5,ascending,278.22427
57.0,32.75,ascending,277.4
57.0,33.0,ascending,276.57144
57.0,33.25,ascending,276.165
57.0,33.5,ascending,276.43668
57.0,33.75,ascending,277.67
57.0,34.0,ascending,278.97858
57.0,34.25,ascending,279.778
57.0,34.5,ascending,280.49832
57.0,34.75,ascending,280.91998
57.0,35.0,ascending,281.102
57.0,35.25,ascending,281.145
57.0,35.5,ascending,280.99167
57.0,35.75,ascending,280.69
57.0,36.0,ascending,280.328
57.0,36.25,ascending,279.87598
57.0,36.5,ascending,279.222
57.0,36.75,ascending,278.865
57.0,37.0,ascending,278.956
57.0,37.25,ascending,279.016
57.0,37.5,ascending,279.08167
57.0,37.75,ascending,278.8325
57.0,38.0,ascending,278.35666
57.25,-13.0,ascending,221.14998
57.25,-12.75,ascending,220.44499
57.25,-12.5,ascending,219.28198
57.25,-12.25,ascending,217.1575
57.25,-12.0,ascending,215.064
57.25,-11.75,ascending,213.46599
57.25,-11.5,ascending,212.585
57.25,-11.25,ascending,211.93333
57.25,-11.0,ascending,211.39
57.25,-10.75,ascending,211.12
57.25,-10.5,ascending,210.93599
57.25,-10.25,ascending,210.83798
57.25,-10.0,ascending,210.86398
57.25,-9.75,ascending,211.028
57.25,-9.5,ascending,211.118
57.25,-9.25,ascending,211.2825
57.25,-9.0,ascending,211.35333
57.25,-8.75,ascending,211.625
57.25,-8.5,ascending,212.0925
57.25,-8.25,ascending,212.97998
57.25,-8.0,ascending,213.798
57.25,-7.75,ascending,215.26498
57.25,-7.5,ascending,219.01
57.25,-7.25,ascending,222.555
57.25,-7.0,ascending,224.892
57.25,-6.75,ascending,226.105
57.25,-6.5,ascending,232.68999
57.25,-6.25,ascending,242.35999
57.25,-6.0,ascending,251.29
57.25,-5.75,ascending,255.83199
57.25,-5.5,ascending,262.24
57.25,-5.25,ascending,270.01248
57.25,-5.0,ascending,274.66
57.25,-4.75,ascending,276.64398
57.25,-4.5,ascending,276.43332
57.25,-4.25,ascending,274.02664
57.25,-4.0,ascending,272.16
57.25,-3.75,ascending,269.33197
57.25,-3.5,ascending,268.63
57.25,-3.25,ascending,269.476
57.25,-3.0,ascending,268.052
57.25,-2.75,ascending,268.258
57.25,-2.5,ascending,267.34198
57.25,-2.25,ascending,261.142
57.25,-2.0,ascending,250.194
57.25,-1.75,ascending,236.27332
57.25,-1.5,ascending,223.65
57.25,-1.25,ascending,217.83598
57.25,-1.0,ascending,215.14
57.25,-0.75,ascending,213.6675
57.25,-0.5,ascending,212.94199
57.25,-0.25,ascending,213.13666
57.25,-0.0,ascending,215.62715
57.25,0.25,ascending,214.426
57.25,0.5,ascending,214.33
57.25,0.75,ascending,213.91399
57.25,1.0,ascending,213.44666
57.25,1.25,ascending,212.752
57.25,1.5,ascending,211.99399
57.25,1.75,ascending,211.61165
57.25,2.0,ascending,211.73167
57.25,2.25,ascending,212.10834
57.25,2.5,ascending,212.36833
57.25,2.75,ascending,212.46832
57.25,3.0,ascending,212.56142
57.25,3.25,ascending,212.72285
57.25,3.5,ascending,212.94286
57.25,3.75,ascending,213.32166
57.25,4.0,ascending,213.4585
57.25,4.25,ascending,213.53737
57.25,4.5,ascending,213.627
57.25,4.75,ascending,213.69333
57.25,5.0,ascending,213.79353
57.25,5.25,ascending,213.85277
57.25,5.5,ascending,213.90721
57.25,5.75,ascending,213.9979
57.25,6.0,ascending,214.09888
57.25,6.25,ascending,214.22525
57.25,6.5,ascending,214.26894
57.25,6.75,ascending,214.38046
57.25,7.0,ascending,214.46
57.25,7.25,ascending,214.05666
57.25,7.5,ascending,214.17833
57.25,7.75,ascending,214.63165
57.25,8.0,ascending,215.85167
57.25,8.25,ascending,218.26833
57.25,8.5,ascending,220.75749
57.25,8.75,ascending,222.17749
57.25,9.0,ascending,226.31999
57.25,9.25,ascending,232.20401
57.25,9.5,ascending,235.51572
57.25,9.75,ascending,243.20999
57.25,10.0,ascending,251.43166
57.25,10.25,ascending,253.21498
57.25,10.5,ascending,251.20499
57.25,10.75,ascending,244.566
57.25,11.0,ascending,234.85
57.25,11.25,ascending,227.27998
57.25,11.5,ascending,222.564
57.25,11.75,ascending,222.93748
57.25,12.0,ascending,229.46667
57.25,12.25,ascending,242.4
57.25,12.5,ascending,258.65598
57.25,12.75,ascending,272.638
57.25,13.0,ascending,279.6
57.25,13.25,ascending,281.886
57.25,13.5,ascending,282.55
57.25,13.75,ascending,282.77002
57.25,14.0,ascending,282.902
57.25,14.25,ascending,282.78598
57.25,14.5,ascending,282.528
57.25,14.75,ascending,282.29498
57.25,15.0,ascending,282.3125
57.25,15.25,ascending,283.10248
57.25,15.5,ascending,283.666
57.25,15.75,ascending,284.28497
57.25,16.0,ascending,283.27
57.25,16.25,ascending,279.63
57.25,16.5,ascending,270.2425
57.25,16.75,ascending,256.058
57.25,17.0,ascending,238.324
57.25,17.25,ascending,225.40334
57.25,17.5,ascending,218.602
57.25,17.75,ascending,216.86249
57.25,18.0,ascending,223.31831
57.25,18.25,ascending,235.35333
57.25,18.5,ascending,246.34
57.25,18.75,ascending,246.415
57.25,19.0,ascending,236.3425
57.25,19.25,ascending,223.98999
57.25,19.5,ascending,216.84799
57.25,19.75,ascending,213.5325
57.25,20.0,ascending,212.79
57.25,20.25,ascending,212.65
57.25,20.5,ascending,212.79199
57.25,20.75,ascending,213.31749
57.25,21.0,ascending,215.9
57.25,21.25,ascending,222.73665
57.25,21.5,ascending,235.37334
57.25,21.75,ascending,251.5625
57.25,22.0,ascending,263.18332
57.25,22.25,ascending,270.24332
57.25,22.5,ascending,269.475
57.25,22.75,ascending,258.454
57.25,23.0,ascending,248.698
57.25,23.25,ascending,237.354
57.25,23.5,ascending,225.58833
57.25,23.75,ascending,220.65
57.25,24.0,ascending,225.51599
57.25,24.25,ascending,242.788
57.25,24.5,ascending,263.3925
57.25,24.75,ascending,276.5
57.25,25.0,ascending,281.59198
57.25,25.25,ascending,282.67667
57.25,25.5,ascending,282.968
57.25,25.75,ascending,283.116
57.25,26.0,ascending,283.39398
57.25,26.25,ascending,283.57166
57.25,26.5,ascending,283.522
57.25,26.75,ascending,283.202
57.25,27.0,ascending,282.8
57.25,27.25,ascending,282.44998
57.25,27.5,ascending,282.56665
57.25,27.75,ascending,282.79
57.25,28.0,ascending,282.878
57.25,28.25,ascending,282.82428
57.25,28.5,ascending,282.2746
57.25,28.75,ascending,281.5995
57.25,29.0,ascending,281.1921
57.25,29.25,ascending,280.74942
57.25,29.5,ascending,280.44882
57.25,29.75,ascending,280.5021
57.25,30.0,ascending,280.70764
57.25,30.25,ascending,281.0606
57.25,30.5,ascending,281.2127
57.25,30.75,ascending,281.5025
57.25,31.0,ascending,281.68597
57.25,31.25,ascending,281.78842
57.25,31.5,ascending,281.65173
57.25,31.75,ascending,281.33472
57.25,32.0,ascending,280.09665
57.25,32.25,ascending,279.27832
57.25,32.5,ascending,278.16165
57.25,32.75,ascending,276.94
57.25,33.0,ascending,276.09714
57.25,33.25,ascending,275.85333
57.25,33.5,ascending,276.48398
57.25,33.75,ascending,277.48334
57.25,34.0,ascending,278.63998
57.25,34.25,ascending,279.505
57.25,34.5,ascending,279.96
57.25,34.75,ascending,280.05167
57.25,35.0,ascending,279.96
57.25,35.25,ascending,280.1325
57.25,35.5,ascending,280.17667
57.25,35.75,ascending,280.215
57.25,36.0,ascending,280.26334
57.25,36.25,ascending,280.0775
57.25,36.5,ascending,279.87167
57.25,36.75,ascending,279.865
57.25,37.0,ascending,279.836
57.25,37.25,ascending,279.66498
57.25,37.5,ascending,279.1
57.25,37.75,ascending,278.36398
57.25,38.0,ascending,277.84
57.5,-13.0,ascending,220.795
57.5,-12.75,ascending,219.95285
57.5,-12.5,ascending,218.53749
57.5,-12.25,ascending,216.394
57.5,-12.0,ascending,214.63332
57.5,-11.75,ascending,213.49
57.5,-11.5,ascending,212.73499
57.5,-11.25,ascending,212.14
57.5,-11.0,ascending,211.646
57.5,-10.75,ascending,211.278
57.5,-10.5,ascending,210.98198
57.5,-10.25,ascending,210.83249
57.5,-10.0,ascending,210.746
57.5,-9.75,ascending,210.71799
57.5,-9.5,ascending,210.71599
57.5,-9.25,ascending,210.882
57.5,-9.0,ascending,211.11249
57.5,-8.75,ascending,211.552
57.5,-8.5,ascending,212.42833
57.5,-8.25,ascending,213.2925
57.5,-8.0,ascending,213.8525
57.5,-7.75,ascending,215.302
57.5,-7.5,ascending,218.628
57.5,-7.25,ascending,223.51599
57.5,-7.0,ascending,226.0125
57.5,-6.75,ascending,230.31999
57.5,-6.5,ascending,237.58333
57.5,-6.25,ascending,243.47499
57.5,-6.0,ascending,246.37
57.5,-5.75,ascending,248.856
57.5,-5.5,ascending,259.07498
57.5,-5.25,ascending,264.84198
57.5,-5.0,ascending,271.10602
57.5,-4.75,ascending,275.274
57.5,-4.5,ascending,275.935
57.5,-4.25,ascending,273.285
57.5,-4.0,ascending,267.17667
57.5,-3.75,ascending,258.896
57.5,-3.5,ascending,255.272
57.5,-3.25,ascending,254.952
57.5,-3.0,ascending,251.96599
57.5,-2.75,ascending,254.25998
57.5,-2.5,ascending,251.81334
57.5,-2.25,ascending,248.65398
57.5,-2.0,ascending,244.15999
57.5,-1.75,ascending,234.048
57.5,-1.5,ascending,223.84
57.5,-1.25,ascending,218.25598
57.5,-1.0,ascending,215.50601
57.5,-0.75,ascending,214.19249
57.5,-0.5,ascending,213.51332
57.5,-0.25,ascending,213.396
57.5,-0.0,ascending,216.43999
57.5,0.25,ascending,214.34799
57.5,0.5,ascending,214.44334
57.5,0.75,ascending,214.174
57.5,1.0,ascending,213.87831
57.5,1.25,ascending,213.246
57.5,1.5,ascending,212.45833
57.5,1.75,ascending,211.94199
57.5,2.0,ascending,211.85333
57.5,2.25,ascending,212.01332
57.5,2.5,ascending,212.26714
57.5,2.75,ascending,212.49666
57.5,3.0,ascending,212.66599
57.5,3.25,ascending,212.84999
57.5,3.5,ascending,213.19167
57.5,3.75,ascending,213.37051
57.5,4.0,ascending,213.467
57.5,4.25,ascending,213.59111
57.5,4.5,ascending,213.69312
57.5,4.75,ascending,213.84666
57.5,5.0,ascending,213.91055
57.5,5.25,ascending,213.93706
57.5,5.5,ascending,214.03105
57.5,5.75,ascending,214.16882
57.5,6.0,ascending,214.34947
57.5,6.25,ascending,214.66473
57.5,6.5,ascending,214.76694
57.5,6.75,ascending,215.30458
57.5,7.0,ascending,215.8963
57.5,7.25,ascending,213.95714
57.5,7.5,ascending,214.01332
57.5,7.75,ascending,214.17
57.5,8.0,ascending,214.68713
57.5,8.25,ascending,215.21571
57.5,8.5,ascending,216.00166
57.5,8.75,ascending,217.04
57.5,9.0,ascending,218.78333
57.5,9.25,ascending,221.30833
57.5,9.5,ascending,225.74165
57.5,9.75,ascending,232.41249
57.5,10.0,ascending,238.54713
57.5,10.25,ascending,238.626
57.5,10.5,ascending,239.36002
57.5,10.75,ascending,232.29832
57.5,11.0,ascending,226.3475
57.5,11.25,ascending,222.72833
57.5,11.5,ascending,222.754
57.5,11.75,ascending,228.21599
57.5,12.0,ascending,241.252
57.5,12.25,ascending,255.926
57.5,12.5,ascending,269.655
57.5,12.75,ascending,277.016
57.5,13.0,ascending,280.416
57.5,13.25,ascending,282.046
57.5,13.5,ascending,282.83798
57.5,13.75,ascending,283.344
57.5,14.0,ascending,283.60748
57.5,14.25,ascending,283.0
57.5,14.5,ascending,282.1325
57.5,14.75,ascending,280.58197
57.5,15.0,ascending,280.41998
57.5,15.25,ascending,280.752
57.5,15.5,ascending,281.89252
57.5,15.75,ascending,282.808
57.5,16.0,ascending,282.36
57.5,16.25,ascending,278.722
57.5,16.5,ascending,270.085
57.5,16.75,ascending,255.1175
57.5,17.0,ascending,238.194
57.5,17.25,ascending,224.53598
57.5,17.5,ascending,217.48999
57.5,17.75,ascending,216.922
57.5,18.0,ascending,222.79749
57.5,18.25,ascending,235.23001
57.5,18.5,ascending,242.92249
57.5,18.75,ascending,245.77249
57.5,19.0,ascending,236.62
57.5,19.25,ascending,226.72
57.5,19.5,ascending,217.48398
57.5,19.75,ascending,213.918
57.5,20.0,ascending,212.88799
57.5,20.25,ascending,212.696
57.5,20.5,ascending,212.83333
57.5,20.75,ascending,213.23
57.5,21.0,ascending,214.18999
57.5,21.25,ascending,217.55598
57.5,21.5,ascending,226.144
57.5,21.75,ascending,235.03398
57.5,22.0,ascending,246.48999
57.5,22.25,ascending,254.116
57.5,22.5,ascending,250.894
57.5,22.75,ascending,237.6375
57.5,23.0,ascending,229.51599
57.5,23.25,ascending,222.146
57.5,23.5,ascending,216.776
57.5,23.75,ascending,216.49165
57.5,24.0,ascending,221.676
57.5,24.25,ascending,236.564
57.5,24.5,ascending,258.26166
57.5,24.75,ascending,274.324
57.5,25.0,ascending,280.85284
57.5,25.25,ascending,282.0575
57.5,25.5,ascending,282.51834
57.5,25.75,ascending,282.956
57.5,26.0,ascending,283.22998
57.5,26.25,ascending,283.49332
57.5,26.5,ascending,283.60715
57.5,26.75,ascending,283.115
57.5,27.0,ascending,282.24167
57.5,27.25,ascending,280.776
57.5,27.5,ascending,279.72333
57.5,27.75,ascending,278.90427
57.5,28.0,ascending,280.52625
57.5,28.25,ascending,280.945
57.5,28.5,ascending,281.2044
57.5,28.75,ascending,281.34274
57.5,29.0,ascending,281.16083
57.5,29.25,ascending,280.7021
57.5,29.5,ascending,280.3245
57.5,29.75,ascending,280.1955
57.5,30.0,ascending,280.35953
57.5,30.25,ascending,280.71188
57.5,30.5,ascending,281.1322
57.5,30.75,ascending,281.3042
57.5,31.0,ascending,281.438
57.5,31.25,ascending,281.365
57.5,31.5,ascending,281.03665
57.5,31.75,ascending,280.83624
57.5,32.0,ascending,280.31833
57.5,32.25,ascending,279.80167
57.5,32.5,ascending,279.08
57.5,32.75,ascending,278.33667
57.5,33.0,ascending,277.57797
57.5,33.25,ascending,277.08167
57.5,33.5,ascending,277.19284
57.5,33.75,ascending,277.718
57.5,34.0,ascending,278.3633
57.5,34.25,ascending,278.708
57.5,34.5,ascending,278.275
57.5,34.75,ascending,278.21667
57.5,35.0,ascending,277.95166
57.5,35.25,ascending,278.67166
57.5,35.5,ascending,279.116
57.5,35.75,ascending,279.512
57.5,36.0,ascending,279.65598
57.5,36.25,ascending,279.57333
57.5,36.5,ascending,279.494
57.5,36.75,ascending,279.565
57.5,37.0,ascending,279.288
57.5,37.25,ascending,279.04
57.5,37.5,ascending,278.54498
57.5,37.75,ascending,277.96167
57.5,38.0,ascending,277.51
57.75,-13.0,ascending,216.51999
57.75,-12.75,ascending,216.185
57.75,-12.5,ascending,215.43166
57.75,-12.25,ascending,214.595
57.75,-12.0,ascending,214.0
57.75,-11.75,ascending,213.47598
57.75,-11.5,ascending,212.88998
57.75,-11.25,ascending,212.366
57.75,-11.0,ascending,211.826
57.75,-10.75,ascending,211.39749
57.75,-10.5,ascending,211.02249
57.75,-10.25,ascending,210.79
57.75,-10.0,ascending,210.6125
57.75,-9.75,ascending,210.53499
57.75,-9.5,ascending,210.58249
57.75,-9.25,ascending,210.78598
57.75,-9.0,ascending,211.18999
57.75,-8.75,ascending,211.944
57.75,-8.5,ascending,212.66667
57.75,-8.25,ascending,213.36398
57.75,-8.0,ascending,213.818
57.75,-7.75,ascending,214.694
57.75,-7.5,ascending,217.06499
57.75,-7.25,ascending,220.43999
57.75,-7.0,ascending,227.674
57.75,-6.75,ascending,234.28499
57.75,-6.5,ascending,239.94
57.75,-6.25,ascending,240.34
57.75,-6.0,ascending,240.17749
57.75,-5.75,ascending,240.96666
57.75,-5.5,ascending,248.38199
57.75,-5.25,ascending,253.28598
57.75,-5.0,ascending,264.90332
57.75,-4.75,ascending,272.2775
57.75,-4.5,ascending,275.612
57.75,-4.25,ascending,273.056
57.75,-4.0,ascending,265.63998
57.75,-3.75,ascending,255.68198
57.75,-3.5,ascending,247.16202
57.75,-3.25,ascending,241.074
57.75,-3.0,ascending,238.194
57.75,-2.75,ascending,236.846
57.75,-2.5,ascending,233.79399
57.75,-2.25,ascending,234.526
57.75,-2.0,ascending,234.504
57.75,-1.75,ascending,230.762
57.75,-1.5,ascending,225.95749
57.75,-1.25,ascending,220.54
57.75,-1.0,ascending,216.696
57.75,-0.75,ascending,214.95798
57.75,-0.5,ascending,214.298
57.75,-0.25,ascending,213.86201
57.75,-0.0,ascending,217.21625
57.75,0.25,ascending,214.274
57.75,0.5,ascending,214.474
57.75,0.75,ascending,214.43333
57.75,1.0,ascending,214.355
57.75,1.25,ascending,213.955
57.75,1.5,ascending,213.274
57.75,1.75,ascending,212.58
57.75,2.0,ascending,212.32666
57.75,2.25,ascending,212.28398
57.75,2.5,ascending,212.44165
57.75,2.75,ascending,212.58714
57.75,3.0,ascending,212.77284
57.75,3.25,ascending,213.09091
57.75,3.5,ascending,213.16428
57.75,3.75,ascending,213.23059
57.75,4.0,ascending,213.3415
57.75,4.25,ascending,213.48375
57.75,4.5,ascending,213.64587
57.75,4.75,ascending,213.82411
57.75,5.0,ascending,213.98529
57.75,5.25,ascending,214.16763
57.75,5.5,ascending,214.67532
57.75,5.75,ascending,215.16469
57.75,6.0,ascending,215.90349
57.75,6.25,ascending,217.11737
57.75,6.5,ascending,219.15228
57.75,6.75,ascending,220.36523
57.75,7.0,ascending,220.54399
57.75,7.25,ascending,216.77832
57.75,7.5,ascending,217.74165
57.75,7.75,ascending,218.52
57.75,8.0,ascending,222.07426
57.75,8.25,ascending,222.84
57.75,8.5,ascending,221.91833
57.75,8.75,ascending,220.98999
57.75,9.0,ascending,221.98499
57.75,9.25,ascending,221.79
57.75,9.5,ascending,222.28833
57.75,9.75,ascending,223.93
57.75,10.0,ascending,224.05801
57.75,10.25,ascending,225.1225
57.75,10.5,ascending,224.51285
57.75,10.75,ascending,221.07498
57.75,11.0,ascending,220.56334
57.75,11.25,ascending,220.92
57.75,11.5,ascending,225.1
57.75,11.75,ascending,236.878
57.75,12.0,ascending,252.1
57.75,12.25,ascending,263.38397
57.75,12.5,ascending,273.0075
57.75,12.75,ascending,277.4375
57.75,13.0,ascending,279.93
57.75,13.25,ascending,281.48
57.75,13.5,ascending,282.285
57.75,13.75,ascending,282.7075
57.75,14.0,ascending,282.2075
57.75,14.25,ascending,279.522
57.75,14.5,ascending,276.36002
57.75,14.75,ascending,273.56598
57.75,15.0,ascending,275.112
57.75,15.25,ascending,277.1375
57.75,15.5,ascending,279.12
57.75,15.75,ascending,280.464
57.75,16.0,ascending,280.41
57.75,16.25,ascending,278.625
57.75,16.5,ascending,271.61798
57.75,16.75,ascending,259.254
57.75,17.0,ascending,240.344
57.75,17.25,ascending,228.635
57.75,17.5,ascending,218.71501
57.75,17.75,ascending,216.79
57.75,18.0,ascending,219.5
57.75,18.25,ascending,226.2425
57.75,18.5,ascending,232.6525
57.75,18.75,ascending,234.896
57.75,19.0,ascending,229.095
57.75,19.25,ascending,223.5625
57.75,19.5,ascending,217.36333
57.75,19.75,ascending,214.2525
57.75,20.0,ascending,213.1525
57.75,20.25,ascending,212.80666
57.75,20.5,ascending,212.88832
57.75,20.75,ascending,213.156
57.75,21.0,ascending,213.47
57.75,21.25,ascending,214.42749
57.75,21.5,ascending,217.15332
57.75,21.75,ascending,222.2925
57.75,22.0,ascending,230.48198
57.75,22.25,ascending,236.82832
57.75,22.5,ascending,236.25499
57.75,22.75,ascending,232.135
57.75,23.0,ascending,223.344
57.75,23.25,ascending,218.58398
57.75,23.5,ascending,216.79599
57.75,23.75,ascending,217.19
57.75,24.0,ascending,223.622
57.75,24.25,ascending,238.22499
57.75,24.5,ascending,260.40598
57.75,24.75,ascending,274.41748
57.75,25.0,ascending,280.54
57.75,25.25,ascending,281.7975
57.75,25.5,ascending,281.52
57.75,25.75,ascending,281.3583
57.75,26.0,ascending,281.698
57.75,26.25,ascending,282.21198
57.75,26.5,ascending,282.655
57.75,26.75,ascending,281.85602
57.75,27.0,ascending,279.83856
57.75,27.25,ascending,276.74832
57.75,27.5,ascending,274.4
57.75,27.75,ascending,272.62
57.75,28.0,ascending,274.61115
57.75,28.25,ascending,277.99924
57.75,28.5,ascending,279.0122
57.75,28.75,ascending,280.30765
57.75,29.0,ascending,280.61
57.75,29.25,ascending,280.63602
57.75,29.5,ascending,280.75647
57.75,29.75,ascending,280.73294
57.75,30.0,ascending,280.55176
57.75,30.25,ascending,280.10437
57.75,30.5,ascending,279.57352
57.75,30.75,ascending,279.34375
57.75,31.0,ascending,278.88525
57.75,31.25,ascending,279.36948
57.75,31.5,ascending,279.1904
57.75,31.75,ascending,279.06308
57.75,32.0,ascending,279.74332
57.75,32.25,ascending,279.06873
57.75,32.5,ascending,278.796
57.75,32.75,ascending,278.32834
57.75,33.0,ascending,277.83667
57.75,33.25,ascending,277.46198
57.75,33.5,ascending,277.51428
57.75,33.75,ascending,277.71198
57.75,34.0,ascending,277.83398
57.75,34.25,ascending,277.43997
57.75,34.5,ascending,277.01248
57.75,34.75,ascending,277.024
57.75,35.0,ascending,277.388
57.75,35.25,ascending,277.94
57.75,35.5,ascending,278.402
57.75,35.75,ascending,278.602
57.75,36.0,ascending,278.88998
57.75,36.25,ascending,278.62
57.75,36.5,ascending,278.576
57.75,36.75,ascending,278.31833
57.75,37.0,ascending,278.1975
57.75,37.25,ascending,278.07797
57.75,37.5,ascending,277.878
57.75,37.75,ascending,277.5725
57.75,38.0,ascending,277.17334
58.0,-13.0,ascending,214.37
58.0,-12.75,ascending,214.076
58.0,-12.5,ascending,213.99199
58.0,-12.25,ascending,213.91599
58.0,-12.0,ascending,213.735
58.0,-11.75,ascending,213.40833
58.0,-11.5,ascending,212.96199
58.0,-11.25,ascending,212.545
58.0,-11.0,ascending,212.11398
58.0,-10.75,ascending,211.4825
58.0,-10.5,ascending,211.05801
58.0,-10.25,ascending,210.70801
58.0,-10.0,ascending,210.5
58.0,-9.75,ascending,210.48198
58.0,-9.5,ascending,210.5875
58.0,-9.25,ascending,210.93399
58.0,-9.0,ascending,211.44499
58.0,-8.75,ascending,212.1175
58.0,-8.5,ascending,212.98833
58.0,-8.25,ascending,213.69499
58.0,-8.0,ascending,214.0325
58.0,-7.75,ascending,214.1525
58.0,-7.5,ascending,214.998
58.0,-7.25,ascending,219.03333
58.0,-7.0,ascending,226.42168
58.0,-6.75,ascending,236.795
58.0,-6.5,ascending,239.9
58.0,-6.25,ascending,239.005
58.0,-6.0,ascending,235.47
58.0,-5.75,ascending,233.36002
58.0,-5.5,ascending,235.274
58.0,-5.25,ascending,243.29333
58.0,-5.0,ascending,257.376
58.0,-4.75,ascending,265.93
58.0,-4.5,ascending,270.846
58.0,-4.25,ascending,270.55
58.0,-4.0,ascending,265.204
58.0,-3.75,ascending,258.3933
58.0,-3.5,ascending,249.3325
58.0,-3.25,ascending,241.18333
58.0,-3.0,ascending,234.44
58.0,-2.75,ascending,229.78198
58.0,-2.5,ascending,226.83798
58.0,-2.25,ascending,227.19
58.0,-2.0,ascending,228.94165
58.0,-1.75,ascending,230.728
58.0,-1.5,ascending,228.265
58.0,-1.25,ascending,224.872
58.0,-1.0,ascending,219.245
58.0,-0.75,ascending,216.185
58.0,-0.5,ascending,215.274
58.0,-0.25,ascending,214.644
58.0,-0.0,ascending,214.52832
58.0,0.25,ascending,214.52998
58.0,0.5,ascending,214.65799
58.0,0.75,ascending,214.72798
58.0,1.0,ascending,214.814
58.0,1.25,ascending,214.69199
58.0,1.5,ascending,214.15572
58.0,1.75,ascending,213.496
58.0,2.0,ascending,213.005
58.0,2.25,ascending,212.87834
58.0,2.5,ascending,212.91333
58.0,2.75,ascending,212.96199
58.0,3.0,ascending,213.34666
58.0,3.25,ascending,213.3455
58.0,3.5,ascending,213.3222
58.0,3.75,ascending,213.32158
58.0,4.0,ascending,213.3875
58.0,4.25,ascending,213.46875
58.0,4.5,ascending,213.60881
58.0,4.75,ascending,213.92352
58.0,5.0,ascending,214.61632
58.0,5.25,ascending,215.5853
58.0,5.5,ascending,216.30473
58.0,5.75,ascending,218.899
58.0,6.0,ascending,223.47052
58.0,6.25,ascending,227.53778
58.0,6.5,ascending,231.85863
58.0,6.75,ascending,236.05128
58.0,7.0,ascending,232.94333
58.0,7.25,ascending,233.26332
58.0,7.5,ascending,236.385
58.0,7.75,ascending,243.58333
58.0,8.0,ascending,245.17499
58.0,8.25,ascending,241.41333
58.0,8.5,ascending,237.20999
58.0,8.75,ascending,234.96875
58.0,9.0,ascending,231.495
58.0,9.25,ascending,227.126
58.0,9.5,ascending,223.49715
58.0,9.75,ascending,221.42801
58.0,10.0,ascending,220.0925
58.0,10.25,ascending,219.57666
58.0,10.5,ascending,219.04399
58.0,10.75,ascending,219.316
58.0,11.0,ascending,220.392
58.0,11.25,ascending,224.51799
58.0,11.5,ascending,232.644
58.0,11.75,ascending,245.18
58.0,12.0,ascending,258.275
58.0,12.25,ascending,269.20248
58.0,12.5,ascending,275.00833
58.0,12.75,ascending,278.044
58.0,13.0,ascending,279.11
58.0,13.25,ascending,279.222
58.0,13.5,ascending,280.6325
58.0,13.75,ascending,280.034
58.0,14.0,ascending,278.178
58.0,14.25,ascending,272.9
58.0,14.5,ascending,268.456
58.0,14.75,ascending,266.8375
58.0,15.0,ascending,268.746
58.0,15.25,ascending,273.096
58.0,15.5,ascending,276.632
58.0,15.75,ascending,278.56668
58.0,16.0,ascending,278.72598
58.0,16.25,ascending,277.242
58.0,16.5,ascending,271.8625
58.0,16.75,ascending,260.8825
58.0,17.0,ascending,246.75499
58.0,17.25,ascending,230.202
58.0,17.5,ascending,220.81999
58.0,17.75,ascending,217.196
58.0,18.0,ascending,216.64499
58.0,18.25,ascending,218.42801
58.0,18.5,ascending,220.45999
58.0,18.75,ascending,221.06999
58.0,19.0,ascending,220.73
58.0,19.25,ascending,218.9
58.0,19.5,ascending,215.736
58.0,19.75,ascending,214.33333
58.0,20.0,ascending,213.21
58.0,20.25,ascending,212.93599
58.0,20.5,ascending,213.00798
58.0,20.75,ascending,213.198
58.0,21.0,ascending,213.332
58.0,21.25,ascending,213.604
58.0,21.5,ascending,215.21
58.0,21.75,ascending,220.57199
58.0,22.0,ascending,229.67
58.0,22.25,ascending,238.84
58.0,22.5,ascending,239.824
58.0,22.75,ascending,233.79599
58.0,23.0,ascending,229.898
58.0,23.25,ascending,225.10599
58.0,23.5,ascending,223.54199
58.0,23.75,ascending,225.53
58.0,24.0,ascending,236.36665
58.0,24.25,ascending,245.91399
58.0,24.5,ascending,260.336
58.0,24.75,ascending,273.2225
58.0,25.0,ascending,280.445
58.0,25.25,ascending,281.964
58.0,25.5,ascending,280.906
58.0,25.75,ascending,279.266
58.0,26.0,ascending,278.68997
58.0,26.25,ascending,279.86002
58.0,26.5,ascending,280.53165
58.0,26.75,ascending,278.57333
58.0,27.0,ascending,275.162
58.0,27.25,ascending,269.70834
58.0,27.5,ascending,268.1775
58.0,27.75,ascending,268.2147
58.0,28.0,ascending,269.5194
58.0,28.25,ascending,272.1705
58.0,28.5,ascending,275.2047
58.0,28.75,ascending,277.4106
58.0,29.0,ascending,278.9056
58.0,29.25,ascending,280.16666
58.0,29.5,ascending,280.66388
58.0,29.75,ascending,280.83234
58.0,30.0,ascending,280.45062
58.0,30.25,ascending,279.0335
58.0,30.5,ascending,276.40314
58.0,30.75,ascending,272.50833
58.0,31.0,ascending,270.5
58.0,31.25,ascending,270.9
58.0,31.5,ascending,271.92123
58.0,31.75,ascending,273.97125
58.0,32.0,ascending,272.78873
58.0,32.25,ascending,273.36166
58.0,32.5,ascending,275.74
58.0,32.75,ascending,277.262
58.0,33.0,ascending,277.92334
58.0,33.25,ascending,278.14667
58.0,33.5,ascending,278.01
58.0,33.75,ascending,277.7975
58.0,34.0,ascending,277.69165
58.0,34.25,ascending,277.5957
58.0,34.5,ascending,277.602
58.0,34.75,ascending,277.75833
58.0,35.0,ascending,277.694
58.0,35.25,ascending,277.664
58.0,35.5,ascending,277.6133
58.0,35.75,ascending,277.76752
58.0,36.0,ascending,277.935
58.0,36.25,ascending,277.9225
58.0,36.5,ascending,277.86166
58.0,36.75,ascending,277.845
58.0,37.0,ascending,277.84833
58.0,37.25,ascending,277.78497
58.0,37.5,ascending,277.4
58.0,37.75,ascending,276.336
58.0,38.0,ascending,273.765
58.25,-13.0,ascending,213.72499
58.25,-12.75,ascending,213.73799
58.25,-12.5,ascending,213.772
58.25,-12.25,ascending,213.78201
58.25,-12.0,ascending,213.764
58.25,-11.75,ascending,213.76
58.25,-11.5,ascending,213.86002
58.25,-11.25,ascending,213.235
58.25,-11.0,ascending,212.7175
58.25,-10.75,ascending,211.76001
58.25,-10.5,ascending,211.01201
58.25,-10.25,ascending,210.616
58.25,-10.0,ascending,210.555
58.25,-9.75,ascending,210.67998
58.25,-9.5,ascending,210.802
58.25,-9.25,ascending,211.14333
58.25,-9.0,ascending,211.62
58.25,-8.75,ascending,212.63
58.25,-8.5,ascending,213.54333
58.25,-8.25,ascending,214.98398
58.25,-8.0,ascending,215.182
58.25,-7.75,ascending,214.565
58.25,-7.5,ascending,214.272
58.25,-7.25,ascending,216.804
58.25,-7.0,ascending,221.62334
58.25,-6.75,ascending,229.142
58.25,-6.5,ascending,230.45749
58.25,-6.25,ascending,232.97
58.25,-6.0,ascending,228.94199
58.25,-5.75,ascending,227.15
58.25,-5.5,ascending,227.47499
58.25,-5.25,ascending,234.05998
58.25,-5.0,ascending,244.95
58.25,-4.75,ascending,251.066
58.25,-4.5,ascending,257.1825
58.25,-4.25,ascending,259.1225
58.25,-4.0,ascending,256.67667
58.25,-3.75,ascending,257.098
58.25,-3.5,ascending,251.986
58.25,-3.25,ascending,246.11249
58.25,-3.0,ascending,239.18599
58.25,-2.75,ascending,231.28333
58.25,-2.5,ascending,227.165
58.25,-2.25,ascending,226.632
58.25,-2.0,ascending,229.18799
58.25,-1.75,ascending,232.33398
58.25,-1.5,ascending,232.3
58.25,-1.25,ascending,228.806
58.25,-1.0,ascending,222.75
58.25,-0.75,ascending,217.908
58.25,-0.5,ascending,216.42249
58.25,-0.25,ascending,215.72833
58.25,-0.0,ascending,216.62715
58.25,0.25,ascending,215.18999
58.25,0.5,ascending,215.066
58.25,0.75,ascending,215.052
58.25,1.0,ascending,215.15799
58.25,1.25,ascending,215.22333
58.25,1.5,ascending,215.10333
58.25,1.75,ascending,214.58833
58.25,2.0,ascending,214.01599
58.25,2.25,ascending,213.60834
58.25,2.5,ascending,213.60999
58.25,2.75,ascending,213.76
58.25,3.0,ascending,213.7304
58.25,3.25,ascending,213.68666
58.25,3.5,ascending,213.6075
58.25,3.75,ascending,213.58789
58.25,4.0,ascending,213.56944
58.25,4.25,ascending,213.5721
58.25,4.5,ascending,213.77548
58.25,4.75,ascending,214.45177
58.25,5.0,ascending,216.07889
58.25,5.25,ascending,219.50705
58.25,5.5,ascending,223.40999
58.25,5.75,ascending,229.8988
58.25,6.0,ascending,236.45688
58.25,6.25,ascending,243.31776
58.25,6.5,ascending,250.07909
58.25,6.75,ascending,256.6379
58.25,7.0,ascending,255.09999
58.25,7.25,ascending,259.21
58.25,7.5,ascending,264.52
58.25,7.75,ascending,268.60165
58.25,8.0,ascending,267.30597
58.25,8.25,ascending,261.07
58.25,8.5,ascending,257.28333
58.25,8.75,ascending,252.77998
58.25,9.0,ascending,242.96199
58.25,9.25,ascending,235.88199
58.25,9.5,ascending,230.318
58.25,9.75,ascending,225.21599
58.25,10.0,ascending,221.21333
58.25,10.25,ascending,219.602
58.25,10.5,ascending,218.978
58.25,10.75,ascending,219.73999
58.25,11.0,ascending,222.51399
58.25,11.25,ascending,229.7
58.25,11.5,ascending,241.012
58.25,11.75,ascending,254.418
58.25,12.0,ascending,266.155
58.25,12.25,ascending,272.71832
58.25,12.5,ascending,275.31
58.25,12.75,ascending,273.95
58.25,13.0,ascending,273.7975
58.25,13.25,ascending,270.88998
58.25,13.5,ascending,272.692
58.25,13.75,ascending,271.418
58.25,14.0,ascending,270.9
58.25,14.25,ascending,267.84
58.25,14.5,ascending,264.10797
58.25,14.75,ascending,262.43597
58.25,15.0,ascending,264.742
58.25,15.25,ascending,270.41
58.25,15.5,ascending,274.57797
58.25,15.75,ascending,277.4625
58.25,16.0,ascending,277.865
58.25,16.25,ascending,277.385
58.25,16.5,ascending,274.13998
58.25,16.75,ascending,266.00998
58.25,17.0,ascending,249.628
58.25,17.25,ascending,238.3525
58.25,17.5,ascending,225.68198
58.25,17.75,ascending,222.4475
58.25,18.0,ascending,218.2175
58.25,18.25,ascending,217.85397
58.25,18.5,ascending,216.62
58.25,18.75,ascending,215.9925
58.25,19.0,ascending,215.80801
58.25,19.25,ascending,215.16199
58.25,19.5,ascending,214.41333
58.25,19.75,ascending,213.814
58.25,20.0,ascending,213.26399
58.25,20.25,ascending,213.142
58.25,20.5,ascending,213.19199
58.25,20.75,ascending,213.342
58.25,21.0,ascending,213.45801
58.25,21.25,ascending,213.79
58.25,21.5,ascending,215.56001
58.25,21.75,ascending,220.505
58.25,22.0,ascending,231.11333
58.25,22.25,ascending,242.86249
58.25,22.5,ascending,248.806
58.25,22.75,ascending,248.6
58.25,23.0,ascending,241.76498
58.25,23.25,ascending,236.524
58.25,23.5,ascending,235.40201
58.25,23.75,ascending,244.024
58.25,24.0,ascending,256.8125
58.25,24.25,ascending,260.046
58.25,24.5,ascending,266.896
58.25,24.75,ascending,275.69
58.25,25.0,ascending,280.986
58.25,25.25,ascending,282.35
58.25,25.5,ascending,281.22833
58.25,25.75,ascending,279.2675
58.25,26.0,ascending,277.79
58.25,26.25,ascending,277.91165
58.25,26.5,ascending,277.48
58.25,26.75,ascending,273.23666
58.25,27.0,ascending,265.12332
58.25,27.25,ascending,258.9643
58.25,27.5,ascending,262.07825
58.25,27.75,ascending,265.9521
58.25,28.0,ascending,269.751
58.25,28.25,ascending,273.146
58.25,28.5,ascending,275.43436
58.25,28.75,ascending,278.13998
58.25,29.0,ascending,279.235
58.25,29.25,ascending,280.2506
58.25,29.5,ascending,280.65375
58.25,29.75,ascending,280.66534
58.25,30.0,ascending,280.48438
58.25,30.25,ascending,279.77374
58.25,30.5,ascending,277.25705
58.25,30.75,ascending,272.48
58.25,31.0,ascending,266.71948
58.25,31.25,ascending,264.02426
58.25,31.5,ascending,264.35306
58.25,31.75,ascending,264.62286
58.25,32.0,ascending,267.84665
58.25,32.25,ascending,272.28198
58.25,32.5,ascending,275.88998
58.25,32.75,ascending,277.9375
58.25,33.0,ascending,278.89374
58.25,33.25,ascending,278.96
58.25,33.5,ascending,278.6133
58.25,33.75,ascending,278.31598
58.25,34.0,ascending,278.38202
58.25,34.25,ascending,278.3275
58.25,34.5,ascending,278.20166
58.25,34.75,ascending,277.72748
58.25,35.0,ascending,277.434
58.25,35.25,ascending,276.80832
58.25,35.5,ascending,276.555
58.25,35.75,ascending,276.97
58.25,36.0,ascending,277.392
58.25,36.25,ascending,277.78833
58.25,36.5,ascending,277.94
58.25,36.75,ascending,277.978
58.25,37.0,ascending,277.854
58.25,37.25,ascending,277.324
58.25,37.5,ascending,275.35748
58.25,37.75,ascending,271.4975
58.25,38.0,ascending,264.13998
58.5,-13.0,ascending,214.255
58.5,-12.75,ascending,214.2425
58.5,-12.5,ascending,214.306
58.5,-12.25,ascending,214.33249
58.5,-12.0,ascending,214.736
58.5,-11.75,ascending,215.31999
58.5,-11.5,ascending,215.6425
58.5,-11.25,ascending,214.7
58.5,-11.0,ascending,213.276
58.5,-10.75,ascending,211.75601
58.5,-10.5,ascending,210.95499
58.5,-10.25,ascending,210.724
58.5,-10.0,ascending,210.874
58.5,-9.75,ascending,211.0125
58.5,-9.5,ascending,211.0275
58.5,-9.25,ascending,211.13199
58.5,-9.0,ascending,211.90999
58.5,-8.75,ascending,213.00334
58.5,-8.5,ascending,214.58333
58.5,-8.25,ascending,215.9975
58.5,-8.0,ascending,215.805
58.5,-7.75,ascending,214.175
58.5,-7.5,ascending,212.972
58.5,-7.25,ascending,213.265
58.5,-7.0,ascending,215.222
58.5,-6.75,ascending,217.43799
58.5,-6.5,ascending,220.85999
58.5,-6.25,ascending,222.672
58.5,-6.0,ascending,221.70499
58.5,-5.75,ascending,223.27
58.5,-5.5,ascending,223.226
58.5,-5.25,ascending,225.168
58.5,-5.0,ascending,229.79
58.5,-4.75,ascending,233.47998
58.5,-4.5,ascending,239.4
58.5,-4.25,ascending,237.392
58.5,-4.0,ascending,241.3675
58.5,-3.75,ascending,240.685
58.5,-3.5,ascending,241.97249
58.5,-3.25,ascending,244.40201
58.5,-3.0,ascending,240.00601
58.5,-2.75,ascending,233.68399
58.5,-2.5,ascending,229.315
58.5,-2.25,ascending,228.75998
58.5,-2.0,ascending,230.684
58.5,-1.75,ascending,232.9375
58.5,-1.5,ascending,234.03166
58.5,-1.25,ascending,231.98
58.5,-1.0,ascending,226.8
58.5,-0.75,ascending,220.844
58.5,-0.5,ascending,218.26599
58.5,-0.25,ascending,217.08398
58.5,-0.0,ascending,216.83333
58.5,0.25,ascending,216.04
58.5,0.5,ascending,215.81334
58.5,0.75,ascending,215.585
58.5,1.0,ascending,215.496
58.5,1.25,ascending,215.524
58.5,1.5,ascending,215.528
58.5,1.75,ascending,215.448
58.5,2.0,ascending,215.05713
58.5,2.25,ascending,214.65714
58.5,2.5,ascending,214.61722
58.5,2.75,ascending,214.32158
58.5,3.0,ascending,214.21832
58.5,3.25,ascending,214.05624
58.5,3.5,ascending,213.96277
58.5,3.75,ascending,213.84
58.5,4.0,ascending,213.78624
58.5,4.25,ascending,213.81647
58.5,4.5,ascending,214.06734
58.5,4.75,ascending,215.33133
58.5,5.0,ascending,218.75562
58.5,5.25,ascending,224.70937
58.5,5.5,ascending,235.12053
58.5,5.75,ascending,245.30586
58.5,6.0,ascending,253.37665
58.5,6.25,ascending,260.2258
58.5,6.5,ascending,265.36856
58.5,6.75,ascending,268.47284
58.5,7.0,ascending,268.94666
58.5,7.25,ascending,272.62625
58.5,7.5,ascending,274.94998
58.5,7.75,ascending,275.4325
58.5,8.0,ascending,274.805
58.5,8.25,ascending,272.97333
58.5,8.5,ascending,271.28198
58.5,8.75,ascending,264.53165
58.5,9.0,ascending,256.64398
58.5,9.25,ascending,249.18198
58.5,9.5,ascending,240.354
58.5,9.75,ascending,232.248
58.5,10.0,ascending,226.72998
58.5,10.25,ascending,222.61198
58.5,10.5,ascending,221.48167
58.5,10.75,ascending,221.58398
58.5,11.0,ascending,226.98167
58.5,11.25,ascending,236.0425
58.5,11.5,ascending,249.07199
58.5,11.75,ascending,262.084
58.5,12.0,ascending,270.91998
58.5,12.25,ascending,273.22998
58.5,12.5,ascending,271.11
58.5,12.75,ascending,265.22748
58.5,13.0,ascending,261.586
58.5,13.25,ascending,256.378
58.5,13.5,ascending,257.03998
58.5,13.75,ascending,258.0925
58.5,14.0,ascending,261.3175
58.5,14.25,ascending,262.1925
58.5,14.5,ascending,260.4675
58.5,14.75,ascending,261.274
58.5,15.0,ascending,264.65997
58.5,15.25,ascending,269.82748
58.5,15.5,ascending,275.004
58.5,15.75,ascending,276.978
58.5,16.0,ascending,276.902
58.5,16.25,ascending,275.975
58.5,16.5,ascending,273.8
58.5,16.75,ascending,267.685
58.5,17.0,ascending,259.21
58.5,17.25,ascending,247.94
58.5,17.5,ascending,239.922
58.5,17.75,ascending,232.28749
58.5,18.0,ascending,228.25667
58.5,18.25,ascending,224.43
58.5,18.5,ascending,220.12334
58.5,18.75,ascending,217.8875
58.5,19.0,ascending,216.16249
58.5,19.25,ascending,214.6175
58.5,19.5,ascending,213.918
58.5,19.75,ascending,213.49199
58.5,20.0,ascending,213.38799
58.5,20.25,ascending,213.41399
58.5,20.5,ascending,213.45401
58.5,20.75,ascending,213.51666
58.5,21.0,ascending,213.57666
58.5,21.25,ascending,213.885
58.5,21.5,ascending,214.845
58.5,21.75,ascending,218.2775
58.5,22.0,ascending,224.53598
58.5,22.25,ascending,235.996
58.5,22.5,ascending,246.95401
58.5,22.75,ascending,249.08398
58.5,23.0,ascending,245.04399
58.5,23.25,ascending,241.7125
58.5,23.5,ascending,247.25832
58.5,23.75,ascending,259.41
58.5,24.0,ascending,268.90332
58.5,24.25,ascending,274.232
58.5,24.5,ascending,277.46
58.5,24.75,ascending,280.302
58.5,25.0,ascending,281.83
58.5,25.25,ascending,282.65
58.5,25.5,ascending,282.405
58.5,25.75,ascending,281.38498
58.5,26.0,ascending,280.4283
58.5,26.25,ascending,279.5875
58.5,26.5,ascending,277.6957
58.5,26.75,ascending,271.47
58.5,27.0,ascending,259.76572
58.5,27.25,ascending,255.71706
58.5,27.5,ascending,256.55667
58.5,27.75,ascending,259.6531
58.5,28.0,ascending,265.72116
58.5,28.25,ascending,271.5494
58.5,28.5,ascending,275.63763
58.5,28.75,ascending,278.7877
58.5,29.0,ascending,279.89832
58.5,29.25,ascending,280.64734
58.5,29.5,ascending,280.86465
58.5,29.75,ascending,280.63
58.5,30.0,ascending,280.46118
58.5,30.25,ascending,280.23938
58.5,30.5,ascending,279.6525
58.5,30.75,ascending,278.04468
58.5,31.0,ascending,276.07104
58.5,31.25,ascending,273.67392
58.5,31.5,ascending,272.8381
58.5,31.75,ascending,274.272
58.5,32.0,ascending,276.2333
58.5,32.25,ascending,278.4
58.5,32.5,ascending,279.60748
58.5,32.75,ascending,280.0225
58.5,33.0,ascending,279.865
58.5,33.25,ascending,279.474
58.5,33.5,ascending,279.07144
58.5,33.75,ascending,278.71167
58.5,34.0,ascending,278.34
58.5,34.25,ascending,277.914
58.5,34.5,ascending,277.205
58.5,34.75,ascending,276.5825
58.5,35.0,ascending,276.15833
58.5,35.25,ascending,275.972
58.5,35.5,ascending,276.454
58.5,35.75,ascending,277.05402
58.5,36.0,ascending,277.78
58.5,36.25,ascending,278.15
58.5,36.5,ascending,278.26334
58.5,36.75,ascending,278.145
58.5,37.0,ascending,277.454
58.5,37.25,ascending,275.8375
58.5,37.5,ascending,272.204
58.5,37.75,ascending,266.906
58.5,38.0,ascending,261.66333
58.75,-13.0,ascending,214.65
58.75,-12.75,ascending,214.5925
58.75,-12.5,ascending,214.6225
58.75,-12.25,ascending,214.842
58.75,-12.0,ascending,215.605
58.75,-11.75,ascending,216.38998
58.75,-11.5,ascending,216.29
58.75,-11.25,ascending,214.84799
58.75,-11.0,ascending,213.06999
58.75,-10.75,ascending,211.594
58.75,-10.5,ascending,210.806
58.75,-10.25,ascending,210.74399
58.75,-10.0,ascending,210.9
58.75,-9.75,ascending,210.70999
58.75,-9.5,ascending,210.624
58.75,-9.25,ascending,210.722
58.75,-9.0,ascending,211.45667
58.75,-8.75,ascending,212.63
58.75,-8.5,ascending,214.14998
58.75,-8.25,ascending,214.596
58.75,-8.0,ascending,214.318
58.75,-7.75,ascending,213.1025
58.75,-7.5,ascending,212.145
58.75,-7.25,ascending,211.76498
58.75,-7.0,ascending,211.906
58.75,-6.75,ascending,212.67
58.75,-6.5,ascending,213.906
58.75,-6.25,ascending,215.48
58.75,-6.0,ascending,217.50749
58.75,-5.75,ascending,219.496
58.75,-5.5,ascending,219.592
58.75,-5.25,ascending,220.12334
58.75,-5.0,ascending,218.76
58.75,-4.75,ascending,220.038
58.75,-4.5,ascending,220.08798
58.75,-4.25,ascending,217.95499
58.75,-4.0,ascending,220.53598
58.75,-3.75,ascending,221.63998
58.75,-3.5,ascending,228.70801
58.75,-3.25,ascending,236.06999
58.75,-3.0,ascending,238.07199
58.75,-2.75,ascending,236.0125
58.75,-2.5,ascending,232.51
58.75,-2.25,ascending,231.46332
58.75,-2.0,ascending,232.42801
58.75,-1.75,ascending,234.08199
58.75,-1.5,ascending,235.06999
58.75,-1.25,ascending,233.91333
58.75,-1.0,ascending,230.102
58.75,-0.75,ascending,224.185
58.75,-0.5,ascending,220.23799
58.75,-0.25,ascending,218.5025
58.75,-0.0,ascending,217.63571
58.75,0.25,ascending,216.78198
58.75,0.5,ascending,216.48201
58.75,0.75,ascending,216.224
58.75,1.0,ascending,216.01335
58.75,1.25,ascending,215.894
58.75,1.5,ascending,215.87666
58.75,1.75,ascending,215.87
58.75,2.0,ascending,215.84499
58.75,2.25,ascending,215.7747
58.75,2.5,ascending,215.2861
58.75,2.75,ascending,214.90688
58.75,3.0,ascending,214.55779
58.75,3.25,ascending,214.36734
58.75,3.5,ascending,214.17313
58.75,3.75,ascending,214.01
58.75,4.0,ascending,214.02437
58.75,4.25,ascending,214.13571
58.75,4.5,ascending,214.87065
58.75,4.75,ascending,216.49333
58.75,5.0,ascending,219.92213
58.75,5.25,ascending,226.69199
58.75,5.5,ascending,237.62067
58.75,5.75,ascending,248.862
58.75,6.0,ascending,259.60498
58.75,6.25,ascending,265.64
58.75,6.5,ascending,269.8441
58.75,6.75,ascending,271.34387
58.75,7.0,ascending,271.09714
58.75,7.25,ascending,272.99
58.75,7.5,ascending,274.39334
58.75,7.75,ascending,275.636
58.75,8.0,ascending,276.54855
58.75,8.25,ascending,277.09
58.75,8.5,ascending,276.5325
58.75,8.75,ascending,273.465
58.75,9.0,ascending,269.92166
58.75,9.25,ascending,261.972
58.75,9.5,ascending,252.4375
58.75,9.75,ascending,245.70999
58.75,10.0,ascending,237.79
58.75,10.25,ascending,230.63748
58.75,10.5,ascending,232.6025
58.75,10.75,ascending,230.776
58.75,11.0,ascending,233.552
58.75,11.25,ascending,243.80801
58.75,11.5,ascending,257.46997
58.75,11.75,ascending,267.35748
58.75,12.0,ascending,272.44
58.75,12.25,ascending,271.866
58.75,12.5,ascending,267.0525
58.75,12.75,ascending,259.572
58.75,13.0,ascending,252.33333
58.75,13.25,ascending,248.43999
58.75,13.5,ascending,247.6925
58.75,13.75,ascending,248.9025
58.75,14.0,ascending,251.75
58.75,14.25,ascending,256.32797
58.75,14.5,ascending,260.978
58.75,14.75,ascending,264.32666
58.75,15.0,ascending,269.94
58.75,15.25,ascending,274.772
58.75,15.5,ascending,276.955
58.75,15.75,ascending,276.72748
58.75,16.0,ascending,275.0825
58.75,16.25,ascending,274.6
58.75,16.5,ascending,274.31598
58.75,16.75,ascending,272.726
58.75,17.0,ascending,266.73248
58.75,17.25,ascending,263.5575
58.75,17.5,ascending,253.4675
58.75,17.75,ascending,250.98198
58.75,18.0,ascending,242.27998
58.75,18.25,ascending,237.83401
58.75,18.5,ascending,231.754
58.75,18.75,ascending,225.31999
58.75,19.0,ascending,219.0725
58.75,19.25,ascending,216.19199
58.75,19.5,ascending,214.18999
58.75,19.75,ascending,213.594
58.75,20.0,ascending,213.56
58.75,20.25,ascending,213.56665
58.75,20.5,ascending,213.6075
58.75,20.75,ascending,213.6125
58.75,21.0,ascending,213.68799
58.75,21.25,ascending,213.80798
58.75,21.5,ascending,214.304
58.75,21.75,ascending,215.91199
58.75,22.0,ascending,220.14665
58.75,22.25,ascending,226.92749
58.75,22.5,ascending,234.10799
58.75,22.75,ascending,240.03598
58.75,23.0,ascending,239.71
58.75,23.25,ascending,238.785
58.75,23.5,ascending,247.69199
58.75,23.75,ascending,261.425
58.75,24.0,ascending,272.12
58.75,24.25,ascending,278.24167
58.75,24.5,ascending,280.78998
58.75,24.75,ascending,281.12
58.75,25.0,ascending,281.88998
58.75,25.25,ascending,282.438
58.75,25.5,ascending,282.376
58.75,25.75,ascending,282.278
58.75,26.0,ascending,281.84
58.75,26.25,ascending,281.08334
58.75,26.5,ascending,278.866
58.75,26.75,ascending,272.26498
58.75,27.0,ascending,261.96948
58.75,27.25,ascending,255.96501
58.75,27.5,ascending,252.88832
58.75,27.75,ascending,255.42776
58.75,28.0,ascending,261.72186
58.75,28.25,ascending,268.79532
58.75,28.5,ascending,275.24933
58.75,28.75,ascending,277.09857
58.75,29.0,ascending,279.60312
58.75,29.25,ascending,280.9746
58.75,29.5,ascending,281.29123
58.75,29.75,ascending,281.0964
58.75,30.0,ascending,280.94998
58.75,30.25,ascending,280.73938
58.75,30.5,ascending,280.54648
58.75,30.75,ascending,280.26645
58.75,31.0,ascending,279.81952
58.75,31.25,ascending,279.2677
58.75,31.5,ascending,278.83286
58.75,31.75,ascending,279.665
58.75,32.0,ascending,280.22998
58.75,32.25,ascending,280.508
58.75,32.5,ascending,280.60428
58.75,32.75,ascending,280.468
58.75,33.0,ascending,280.138
58.75,33.25,ascending,279.73248
58.75,33.5,ascending,279.01712
58.75,33.75,ascending,278.1225
58.75,34.0,ascending,277.40997
58.75,34.25,ascending,276.72665
58.75,34.5,ascending,276.325
58.75,34.75,ascending,276.214
58.75,35.0,ascending,276.40997
58.75,35.25,ascending,276.8325
58.75,35.5,ascending,277.44165
58.75,35.75,ascending,278.1275
58.75,36.0,ascending,278.66998
58.75,36.25,ascending,278.83252
58.75,36.5,ascending,278.8425
58.75,36.75,ascending,278.29
58.75,37.0,ascending,277.065
58.75,37.25,ascending,274.86667
58.75,37.5,ascending,271.73248
58.75,37.75,ascending,268.19
58.75,38.0,ascending,263.77
59.0,-13.0,ascending,215.07
59.0,-12.75,ascending,214.96167
59.0,-12.5,ascending,214.88
59.0,-12.25,ascending,215.066
59.0,-12.0,ascending,215.6
59.0,-11.75,ascending,215.648
59.0,-11.5,ascending,214.9075
59.0,-11.25,ascending,214.0125
59.0,-11.0,ascending,212.3775
59.0,-10.75,ascending,211.14749
59.0,-10.5,ascending,210.6375
59.0,-10.25,ascending,210.495
59.0,-10.0,ascending,210.455
59.0,-9.75,ascending,210.25801
59.0,-9.5,ascending,210.146
59.0,-9.25,ascending,210.23332
59.0,-9.0,ascending,210.76332
59.0,-8.75,ascending,211.58249
59.0,-8.5,ascending,212.43999
59.0,-8.25,ascending,212.92
59.0,-8.0,ascending,213.066
59.0,-7.75,ascending,212.4925
59.0,-7.5,ascending,211.82199
59.0,-7.25,ascending,211.39
59.0,-7.0,ascending,211.34749
59.0,-6.75,ascending,211.606
59.0,-6.5,ascending,211.98999
59.0,-6.25,ascending,213.0925
59.0,-6.0,ascending,214.298
59.0,-5.75,ascending,215.92801
59.0,-5.5,ascending,216.1975
59.0,-5.25,ascending,216.356
59.0,-5.0,ascending,213.94199
59.0,-4.75,ascending,213.09
59.0,-4.5,ascending,211.93399
59.0,-4.25,ascending,211.996
59.0,-4.0,ascending,212.74399
59.0,-3.75,ascending,214.578
59.0,-3.5,ascending,220.075
59.0,-3.25,ascending,226.20801
59.0,-3.0,ascending,233.23799
59.0,-2.75,ascending,235.35799
59.0,-2.5,ascending,233.70401
59.0,-2.25,ascending,232.68999
59.0,-2.0,ascending,233.96399
59.0,-1.75,ascending,236.46399
59.0,-1.5,ascending,236.816
59.0,-1.25,ascending,234.805
59.0,-1.0,ascending,231.41199
59.0,-0.75,ascending,226.644
59.0,-0.5,ascending,222.74165
59.0,-0.25,ascending,219.8275
59.0,-0.0,ascending,218.37999
59.0,0.25,ascending,217.235
59.0,0.5,ascending,216.82666
59.0,0.75,ascending,216.778
59.0,1.0,ascending,216.65999
59.0,1.25,ascending,216.55666
59.0,1.5,ascending,216.45401
59.0,1.75,ascending,216.96858
59.0,2.0,ascending,216.9342
59.0,2.25,ascending,216.43167
59.0,2.5,ascending,215.84999
59.0,2.75,ascending,215.29529
59.0,3.0,ascending,214.76999
59.0,3.25,ascending,214.47061
59.0,3.5,ascending,214.29866
59.0,3.75,ascending,214.12856
59.0,4.0,ascending,214.20686
59.0,4.25,ascending,214.73927
59.0,4.5,ascending,216.15
59.0,4.75,ascending,219.07713
59.0,5.0,ascending,223.0006
59.0,5.25,ascending,229.26865
59.0,5.5,ascending,237.37292
59.0,5.75,ascending,246.90706
59.0,6.0,ascending,256.39557
59.0,6.25,ascending,263.41052
59.0,6.5,ascending,267.4372
59.0,6.75,ascending,268.94284
59.0,7.0,ascending,269.5125
59.0,7.25,ascending,271.83832
59.0,7.5,ascending,273.746
59.0,7.75,ascending,275.105
59.0,8.0,ascending,276.19333
59.0,8.25,ascending,277.0
59.0,8.5,ascending,277.398
59.0,8.75,ascending,277.36166
59.0,9.0,ascending,275.74
59.0,9.25,ascending,273.3925
59.0,9.5,ascending,268.13998
59.0,9.75,ascending,264.5975
59.0,10.0,ascending,258.75168
59.0,10.25,ascending,253.03166
59.0,10.5,ascending,249.42801
59.0,10.75,ascending,246.272
59.0,11.0,ascending,249.79399
59.0,11.25,ascending,256.608
59.0,11.5,ascending,264.2675
59.0,11.75,ascending,271.47998
59.0,12.0,ascending,273.415
59.0,12.25,ascending,271.10748
59.0,12.5,ascending,267.39398
59.0,12.75,ascending,262.814
59.0,13.0,ascending,259.54498
59.0,13.25,ascending,254.295
59.0,13.5,ascending,249.855
59.0,13.75,ascending,248.31999
59.0,14.0,ascending,252.21399
59.0,14.25,ascending,259.766
59.0,14.5,ascending,267.24
59.0,14.75,ascending,271.85748
59.0,15.0,ascending,275.964
59.0,15.25,ascending,277.41998
59.0,15.5,ascending,276.556
59.0,15.75,ascending,273.9375
59.0,16.0,ascending,272.752
59.0,16.25,ascending,273.8925
59.0,16.5,ascending,275.44
59.0,16.75,ascending,275.6925
59.0,17.0,ascending,274.314
59.0,17.25,ascending,270.645
59.0,17.5,ascending,266.556
59.0,17.75,ascending,264.275
59.0,18.0,ascending,257.272
59.0,18.25,ascending,256.002
59.0,18.5,ascending,245.19666
59.0,18.75,ascending,235.34799
59.0,19.0,ascending,225.885
59.0,19.25,ascending,220.79
59.0,19.5,ascending,216.07999
59.0,19.75,ascending,214.125
59.0,20.0,ascending,213.655
59.0,20.25,ascending,213.616
59.0,20.5,ascending,213.69
59.0,20.75,ascending,213.75801
59.0,21.0,ascending,213.922
59.0,21.25,ascending,213.96399
59.0,21.5,ascending,214.05801
59.0,21.75,ascending,214.48499
59.0,22.0,ascending,216.52998
59.0,22.25,ascending,219.504
59.0,22.5,ascending,223.51399
59.0,22.75,ascending,228.305
59.0,23.0,ascending,227.85999
59.0,23.25,ascending,228.974
59.0,23.5,ascending,236.526
59.0,23.75,ascending,252.31198
59.0,24.0,ascending,261.91
59.0,24.25,ascending,267.75998
59.0,24.5,ascending,273.22
59.0,24.75,ascending,275.215
59.0,25.0,ascending,275.38666
59.0,25.25,ascending,277.45667
59.0,25.5,ascending,277.56497
59.0,25.75,ascending,278.66
59.0,26.0,ascending,278.374
59.0,26.25,ascending,276.6
59.0,26.5,ascending,274.74445
59.0,26.75,ascending,270.30057
59.0,27.0,ascending,266.7694
59.0,27.25,ascending,263.0525
59.0,27.5,ascending,260.53705
59.0,27.75,ascending,262.715
59.0,28.0,ascending,266.9013
59.0,28.25,ascending,272.3175
59.0,28.5,ascending,276.80923
59.0,28.75,ascending,278.34375
59.0,29.0,ascending,280.21384
59.0,29.25,ascending,280.99936
59.0,29.5,ascending,281.42883
59.0,29.75,ascending,281.62643
59.0,30.0,ascending,281.625
59.0,30.25,ascending,281.37686
59.0,30.5,ascending,281.1288
59.0,30.75,ascending,280.86002
59.0,31.0,ascending,280.647
59.0,31.25,ascending,280.3814
59.0,31.5,ascending,280.07693
59.0,31.75,ascending,280.13748
59.0,32.0,ascending,280.28
59.0,32.25,ascending,280.41833
59.0,32.5,ascending,280.455
59.0,32.75,ascending,280.37997
59.0,33.0,ascending,280.02
59.0,33.25,ascending,279.50833
59.0,33.5,ascending,278.718
59.0,33.75,ascending,277.844
59.0,34.0,ascending,277.20166
59.0,34.25,ascending,276.9
59.0,34.5,ascending,276.72165
59.0,34.75,ascending,276.854
59.0,35.0,ascending,277.248
59.0,35.25,ascending,277.89166
59.0,35.5,ascending,278.5475
59.0,35.75,ascending,278.916
59.0,36.0,ascending,279.1375
59.0,36.25,ascending,279.05798
59.0,36.5,ascending,278.7475
59.0,36.75,ascending,278.00833
59.0,37.0,ascending,276.944
59.0,37.25,ascending,275.8975
59.0,37.5,ascending,273.4
59.0,37.75,ascending,270.41498
59.0,38.0,ascending,268.72998
59.25,-13.0,ascending,215.26498
59.25,-12.75,ascending,215.0775
59.25,-12.5,ascending,214.9025
59.25,-12.25,ascending,214.78398
59.25,-12.0,ascending,215.118
59.25,-11.75,ascending,215.2925
59.25,-11.5,ascending,214.8375
59.25,-11.25,ascending,213.61665
59.25,-11.0,ascending,212.248
59.25,-10.75,ascending,210.96599
59.25,-10.5,ascending,210.446
59.25,-10.25,ascending,210.33333
59.25,-10.0,ascending,210.33798
59.25,-9.75,ascending,210.275
59.25,-9.5,ascending,210.16249
59.25,-9.25,ascending,210.13998
59.25,-9.0,ascending,210.34332
59.25,-8.75,ascending,210.842
59.25,-8.5,ascending,211.53333
59.25,-8.25,ascending,212.344
59.25,-8.0,ascending,212.72667
59.25,-7.75,ascending,212.50998
59.25,-7.5,ascending,211.9925
59.25,-7.25,ascending,211.424
59.25,-7.0,ascending,211.25601
59.25,-6.75,ascending,211.405
59.25,-6.5,ascending,211.8375
59.25,-6.25,ascending,212.34
59.25,-6.0,ascending,213.03499
59.25,-5.75,ascending,213.9475
59.25,-5.5,ascending,214.3275
59.25,-5.25,ascending,213.748
59.25,-5.0,ascending,212.392
59.25,-4.75,ascending,211.605
59.25,-4.5,ascending,211.078
59.25,-4.25,ascending,211.00601
59.25,-4.0,ascending,211.4
59.25,-3.75,ascending,212.2875
59.25,-3.5,ascending,215.074
59.25,-3.25,ascending,219.478
59.25,-3.0,ascending,225.642
59.25,-2.75,ascending,229.814
59.25,-2.5,ascending,230.15
59.25,-2.25,ascending,231.66399
59.25,-2.0,ascending,234.275
59.25,-1.75,ascending,238.17801
59.25,-1.5,ascending,238.75
59.25,-1.25,ascending,236.70401
59.25,-1.0,ascending,232.315
59.25,-0.75,ascending,228.052
59.25,-0.5,ascending,223.53749
59.25,-0.25,ascending,220.628
59.25,-0.0,ascending,218.82332
59.25,0.25,ascending,217.602
59.25,0.5,ascending,217.23799
59.25,0.75,ascending,217.33249
59.25,1.0,ascending,217.455
59.25,1.25,ascending,217.4075
59.25,1.5,ascending,218.224
59.25,1.75,ascending,218.78894
59.25,2.0,ascending,218.13176
59.25,2.25,ascending,217.33812
59.25,2.5,ascending,216.60599
59.25,2.75,ascending,215.73
59.25,3.0,ascending,215.06857
59.25,3.25,ascending,214.46812
59.25,3.5,ascending,214.14615
59.25,3.75,ascending,214.1
59.25,4.0,ascending,214.22786
59.25,4.25,ascending,214.97266
59.25,4.5,ascending,217.418
59.25,4.75,ascending,221.87692
59.25,5.0,ascending,229.26666
59.25,5.25,ascending,236.005
59.25,5.5,ascending,243.82875
59.25,5.75,ascending,250.08
59.25,6.0,ascending,257.56277
59.25,6.25,ascending,263.56332
59.25,6.5,ascending,268.03726
59.25,6.75,ascending,269.025
59.25,7.0,ascending,269.78333
59.25,7.25,ascending,271.836
59.25,7.5,ascending,273.33798
59.25,7.75,ascending,274.7443
59.25,8.0,ascending,276.0725
59.25,8.25,ascending,277.016
59.25,8.5,ascending,278.03165
59.25,8.75,ascending,278.91748
59.25,9.0,ascending,279.216
59.25,9.25,ascending,278.956
59.25,9.5,ascending,278.425
59.25,9.75,ascending,275.766
59.25,10.0,ascending,274.434
59.25,10.25,ascending,269.53665
59.25,10.5,ascending,264.918
59.25,10.75,ascending,262.275
59.25,11.0,ascending,264.064
59.25,11.25,ascending,268.46
59.25,11.5,ascending,272.6083
59.25,11.75,ascending,275.01498
59.25,12.0,ascending,275.23248
59.25,12.25,ascending,273.872
59.25,12.5,ascending,273.07248
59.25,12.75,ascending,270.91998
59.25,13.0,ascending,267.3975
59.25,13.25,ascending,263.522
59.25,13.5,ascending,259.995
59.25,13.75,ascending,259.724
59.25,14.0,ascending,263.79248
59.25,14.25,ascending,269.266
59.25,14.5,ascending,273.914
59.25,14.75,ascending,276.47998
59.25,15.0,ascending,277.37
59.25,15.25,ascending,277.08
59.25,15.5,ascending,275.685
59.25,15.75,ascending,274.13
59.25,16.0,ascending,274.3325
59.25,16.25,ascending,275.345
59.25,16.5,ascending,276.87
59.25,16.75,ascending,276.6725
59.25,17.0,ascending,275.2475
59.25,17.25,ascending,273.124
59.25,17.5,ascending,270.28998
59.25,17.75,ascending,269.395
59.25,18.0,ascending,269.06598
59.25,18.25,ascending,267.30334
59.25,18.5,ascending,257.628
59.25,18.75,ascending,249.29199
59.25,19.0,ascending,236.4175
59.25,19.25,ascending,225.47333
59.25,19.5,ascending,217.80249
59.25,19.75,ascending,215.03201
59.25,20.0,ascending,214.202
59.25,20.25,ascending,214.215
59.25,20.5,ascending,214.426
59.25,20.75,ascending,214.448
59.25,21.0,ascending,214.68198
59.25,21.25,ascending,214.4825
59.25,21.5,ascending,214.53398
59.25,21.75,ascending,214.524
59.25,22.0,ascending,215.09799
59.25,22.25,ascending,216.535
59.25,22.5,ascending,218.53667
59.25,22.75,ascending,219.78598
59.25,23.0,ascending,220.522
59.25,23.25,ascending,221.96666
59.25,23.5,ascending,225.772
59.25,23.75,ascending,234.29
59.25,24.0,ascending,237.56
59.25,24.25,ascending,246.3
59.25,24.5,ascending,252.13799
59.25,24.75,ascending,256.574
59.25,25.0,ascending,255.868
59.25,25.25,ascending,260.36798
59.25,25.5,ascending,260.758
59.25,25.75,ascending,264.548
59.25,26.0,ascending,263.985
59.25,26.25,ascending,265.74832
59.25,26.5,ascending,268.15454
59.25,26.75,ascending,267.00476
59.25,27.0,ascending,266.78198
59.25,27.25,ascending,263.8925
59.25,27.5,ascending,263.914
59.25,27.75,ascending,264.35532
59.25,28.0,ascending,268.744
59.25,28.25,ascending,272.13846
59.25,28.5,ascending,275.27374
59.25,28.75,ascending,278.45538
59.25,29.0,ascending,279.556
59.25,29.25,ascending,280.25497
59.25,29.5,ascending,280.96143
59.25,29.75,ascending,281.32858
59.25,30.0,ascending,281.44
59.25,30.25,ascending,281.6184
59.25,30.5,ascending,281.6429
59.25,30.75,ascending,281.60294
59.25,31.0,ascending,281.14667
59.25,31.25,ascending,280.42392
59.25,31.5,ascending,280.37167
59.25,31.75,ascending,280.33713
59.25,32.0,ascending,280.168
59.25,32.25,ascending,280.052
59.25,32.5,ascending,280.06332
59.25,32.75,ascending,279.995
59.25,33.0,ascending,279.73798
59.25,33.25,ascending,279.326
59.25,33.5,ascending,278.79498
59.25,33.75,ascending,278.205
59.25,34.0,ascending,277.66
59.25,34.25,ascending,277.15747
59.25,34.5,ascending,277.004
59.25,34.75,ascending,277.194
59.25,35.0,ascending,277.64
59.25,35.25,ascending,278.0225
59.25,35.5,ascending,278.372
59.25,35.75,ascending,278.556
59.25,36.0,ascending,278.518
59.25,36.25,ascending,278.29
59.25,36.5,ascending,278.104
59.25,36.75,ascending,277.77
59.25,37.0,ascending,277.3375
59.25,37.25,ascending,276.4975
59.25,37.5,ascending,275.28998
59.25,37.75,ascending,273.752
59.25,38.0,ascending,273.85498
59.5,-13.0,ascending,214.54999
59.5,-12.75,ascending,214.372
59.5,-12.5,ascending,214.526
59.5,-12.25,ascending,215.1725
59.5,-12.0,ascending,216.595
59.5,-11.75,ascending,217.25
59.5,-11.5,ascending,216.394
59.5,-11.25,ascending,214.17249
59.5,-11.0,ascending,212.064
59.5,-10.75,ascending,210.8475
59.5,-10.5,ascending,210.392
59.5,-10.25,ascending,210.3725
59.5,-10.0,ascending,210.4775
59.5,-9.75,ascending,210.4525
59.5,-9.5,ascending,210.26599
59.5,-9.25,ascending,210.195
59.5,-9.0,ascending,210.41199
59.5,-8.75,ascending,210.9775
59.5,-8.5,ascending,211.78198
59.5,-8.25,ascending,212.6275
59.5,-8.0,ascending,213.21799
59.5,-7.75,ascending,213.16333
59.5,-7.5,ascending,212.326
59.5,-7.25,ascending,211.5625
59.5,-7.0,ascending,211.25
59.5,-6.75,ascending,211.36398
59.5,-6.5,ascending,211.88799
59.5,-6.25,ascending,212.6075
59.5,-6.0,ascending,213.46333
59.5,-5.75,ascending,214.16199
59.5,-5.5,ascending,214.078
59.5,-5.25,ascending,213.16399
59.5,-5.0,ascending,212.2125
59.5,-4.75,ascending,211.47
59.5,-4.5,ascending,210.96999
59.5,-4.25,ascending,210.90332
59.5,-4.0,ascending,211.12999
59.5,-3.75,ascending,211.64667
59.5,-3.5,ascending,213.1375
59.5,-3.25,ascending,215.95999
59.5,-3.0,ascending,219.68
59.5,-2.75,ascending,222.522
59.5,-2.5,ascending,225.54199
59.5,-2.25,ascending,228.5
59.5,-2.0,ascending,232.6075
59.5,-1.75,ascending,238.022
59.5,-1.5,ascending,240.54
59.5,-1.25,ascending,238.31999
59.5,-1.0,ascending,234.75798
59.5,-0.75,ascending,229.58798
59.5,-0.5,ascending,224.65999
59.5,-0.25,ascending,221.05
59.5,-0.0,ascending,219.26572
59.5,0.25,ascending,218.26599
59.5,0.5,ascending,217.95801
59.5,0.75,ascending,217.92749
59.5,1.0,ascending,218.45332
59.5,1.25,ascending,220.121
59.5,1.5,ascending,220.67722
59.5,1.75,ascending,219.98813
59.5,2.0,ascending,219.21
59.5,2.25,ascending,218.49666
59.5,2.5,ascending,217.67375
59.5,2.75,ascending,216.58812
59.5,3.0,ascending,215.46938
59.5,3.25,ascending,214.69768
59.5,3.5,ascending,214.03865
59.5,3.75,ascending,213.86385
59.5,4.0,ascending,213.99625
59.5,4.25,ascending,215.05643
59.5,4.5,ascending,217.51785
59.5,4.75,ascending,222.66333
59.5,5.0,ascending,231.05875
59.5,5.25,ascending,240.42867
59.5,5.5,ascending,249.4253
59.5,5.75,ascending,257.27057
59.5,6.0,ascending,263.3705
59.5,6.25,ascending,268.50107
59.5,6.5,ascending,270.5159
59.5,6.75,ascending,269.47427
59.5,7.0,ascending,271.018
59.5,7.25,ascending,272.23
59.5,7.5,ascending,273.6143
59.5,7.75,ascending,275.1175
59.5,8.0,ascending,276.248
59.5,8.25,ascending,277.045
59.5,8.5,ascending,278.085
59.5,8.75,ascending,279.10797
59.5,9.0,ascending,279.85333
59.5,9.25,ascending,280.61
59.5,9.5,ascending,280.91
59.5,9.75,ascending,280.55
59.5,10.0,ascending,279.216
59.5,10.25,ascending,275.94998
59.5,10.5,ascending,272.048
59.5,10.75,ascending,270.43
59.5,11.0,ascending,272.4575
59.5,11.25,ascending,274.31598
59.5,11.5,ascending,276.13748
59.5,11.75,ascending,276.726
59.5,12.0,ascending,276.94
59.5,12.25,ascending,276.844
59.5,12.5,ascending,275.8025
59.5,12.75,ascending,274.704
59.5,13.0,ascending,272.86398
59.5,13.25,ascending,272.28598
59.5,13.5,ascending,271.59332
59.5,13.75,ascending,272.444
59.5,14.0,ascending,273.96198
59.5,14.25,ascending,275.6725
59.5,14.5,ascending,275.9675
59.5,14.75,ascending,276.19598
59.5,15.0,ascending,276.83197
59.5,15.25,ascending,277.36
59.5,15.5,ascending,277.26398
59.5,15.75,ascending,277.62
59.5,16.0,ascending,278.31
59.5,16.25,ascending,278.7475
59.5,16.5,ascending,278.41998
59.5,16.75,ascending,277.6225
59.5,17.0,ascending,276.61398
59.5,17.25,ascending,276.41998
59.5,17.5,ascending,274.35498
59.5,17.75,ascending,275.668
59.5,18.0,ascending,276.6925
59.5,18.25,ascending,275.272
59.5,18.5,ascending,269.866
59.5,18.75,ascending,260.42596
59.5,19.0,ascending,244.37
59.5,19.25,ascending,230.696
59.5,19.5,ascending,220.696
59.5,19.75,ascending,217.41399
59.5,20.0,ascending,216.8425
59.5,20.25,ascending,218.254
59.5,20.5,ascending,217.79
59.5,20.75,ascending,216.92801
59.5,21.0,ascending,217.0125
59.5,21.25,ascending,216.32199
59.5,21.5,ascending,216.91202
59.5,21.75,ascending,216.66249
59.5,22.0,ascending,217.93399
59.5,22.25,ascending,219.01799
59.5,22.5,ascending,220.33249
59.5,22.75,ascending,225.04333
59.5,23.0,ascending,227.26
59.5,23.25,ascending,227.19499
59.5,23.5,ascending,228.41599
59.5,23.75,ascending,228.248
59.5,24.0,ascending,228.62
59.5,24.25,ascending,230.078
59.5,24.5,ascending,231.67665
59.5,24.75,ascending,231.566
59.5,25.0,ascending,233.38799
59.5,25.25,ascending,236.602
59.5,25.5,ascending,236.63599
59.5,25.75,ascending,240.392
59.5,26.0,ascending,244.25533
59.5,26.25,ascending,248.80104
59.5,26.5,ascending,246.80765
59.5,26.75,ascending,243.82866
59.5,27.0,ascending,241.56293
59.5,27.25,ascending,242.51
59.5,27.5,ascending,240.16444
59.5,27.75,ascending,243.65465
59.5,28.0,ascending,247.79375
59.5,28.25,ascending,254.33153
59.5,28.5,ascending,262.29642
59.5,28.75,ascending,268.87732
59.5,29.0,ascending,272.94186
59.5,29.25,ascending,275.60214
59.5,29.5,ascending,276.5089
59.5,29.75,ascending,278.2181
59.5,30.0,ascending,278.68765
59.5,30.25,ascending,279.08438
59.5,30.5,ascending,279.2489
59.5,30.75,ascending,279.37057
59.5,31.0,ascending,278.8295
59.5,31.25,ascending,277.95947
59.5,31.5,ascending,279.26373
59.5,31.75,ascending,279.08798
59.5,32.0,ascending,278.616
59.5,32.25,ascending,278.735
59.5,32.5,ascending,278.84198
59.5,32.75,ascending,279.26498
59.5,33.0,ascending,279.42398
59.5,33.25,ascending,279.3975
59.5,33.5,ascending,278.93668
59.5,33.75,ascending,278.426
59.5,34.0,ascending,277.88397
59.5,34.25,ascending,277.45166
59.5,34.5,ascending,277.2675
59.5,34.75,ascending,277.222
59.5,35.0,ascending,277.31
59.5,35.25,ascending,277.47998
59.5,35.5,ascending,277.44
59.5,35.75,ascending,277.575
59.5,36.0,ascending,277.53198
59.5,36.25,ascending,277.56598
59.5,36.5,ascending,277.61
59.5,36.75,ascending,277.444
59.5,37.0,ascending,277.128
59.5,37.25,ascending,276.448
59.5,37.5,ascending,275.346
59.5,37.75,ascending,274.63998
59.5,38.0,ascending,273.905
59.75,-13.0,ascending,214.22667
59.75,-12.75,ascending,214.84
59.75,-12.5,ascending,215.42499
59.75,-12.25,ascending,217.045
59.75,-12.0,ascending,218.66599
59.75,-11.75,ascending,218.73198
59.75,-11.5,ascending,216.23799
59.75,-11.25,ascending,213.84334
59.75,-11.0,ascending,212.04199
59.75,-10.75,ascending,210.73999
59.75,-10.5,ascending,210.31
59.75,-10.25,ascending,210.33249
59.75,-10.0,ascending,210.40201
59.75,-9.75,ascending,210.33333
59.75,-9.5,ascending,210.194
59.75,-9.25,ascending,210.15999
59.75,-9.0,ascending,210.42499
59.75,-8.75,ascending,210.9775
59.75,-8.5,ascending,211.72667
59.75,-8.25,ascending,212.846
59.75,-8.0,ascending,213.70749
59.75,-7.75,ascending,213.60799
59.75,-7.5,ascending,212.57999
59.75,-7.25,ascending,211.54668
59.75,-7.0,ascending,211.21799
59.75,-6.75,ascending,211.45601
59.75,-6.5,ascending,212.07666
59.75,-6.25,ascending,213.526
59.75,-6.0,ascending,214.96999
59.75,-5.75,ascending,216.45
59.75,-5.5,ascending,215.59
59.75,-5.25,ascending,213.62999
59.75,-5.0,ascending,212.325
59.75,-4.75,ascending,211.56198
59.75,-4.5,ascending,211.106
59.75,-4.25,ascending,210.986
59.75,-4.0,ascending,211.1925
59.75,-3.75,ascending,211.626
59.75,-3.5,ascending,212.53
59.75,-3.25,ascending,213.85664
59.75,-3.0,ascending,216.4075
59.75,-2.75,ascending,219.04199
59.75,-2.5,ascending,221.92749
59.75,-2.25,ascending,224.41199
59.75,-2.0,ascending,230.498
59.75,-1.75,ascending,237.61249
59.75,-1.5,ascending,242.894
59.75,-1.25,ascending,241.924
59.75,-1.0,ascending,238.0125
59.75,-0.75,ascending,231.85667
59.75,-0.5,ascending,225.668
59.75,-0.25,ascending,221.81999
59.75,-0.0,ascending,219.71124
59.75,0.25,ascending,218.996
59.75,0.5,ascending,218.97499
59.75,0.75,ascending,219.93999
59.75,1.0,ascending,222.85533
59.75,1.25,ascending,222.87135
59.75,1.5,ascending,222.28049
59.75,1.75,ascending,221.67737
59.75,2.0,ascending,220.67278
59.75,2.25,ascending,219.76071
59.75,2.5,ascending,218.81786
59.75,2.75,ascending,217.64818
59.75,3.0,ascending,216.49875
59.75,3.25,ascending,215.14383
59.75,3.5,ascending,214.67154
59.75,3.75,ascending,214.01733
59.75,4.0,ascending,214.22769
59.75,4.25,ascending,215.46922
59.75,4.5,ascending,217.99571
59.75,4.75,ascending,223.69142
59.75,5.0,ascending,231.56923
59.75,5.25,ascending,238.1994
59.75,5.5,ascending,247.69293
59.75,5.75,ascending,257.09125
59.75,6.0,ascending,263.23685
59.75,6.25,ascending,268.21
59.75,6.5,ascending,270.01047
59.75,6.75,ascending,268.938
59.75,7.0,ascending,270.20166
59.75,7.25,ascending,271.185
59.75,7.5,ascending,272.22333
59.75,7.75,ascending,273.42398
59.75,8.0,ascending,273.91666
59.75,8.25,ascending,274.63998
59.75,8.5,ascending,275.91
59.75,8.75,ascending,277.26398
59.75,9.0,ascending,278.455
59.75,9.25,ascending,279.69666
59.75,9.5,ascending,280.75
59.75,9.75,ascending,281.038
59.75,10.0,ascending,279.825
59.75,10.25,ascending,278.0075
59.75,10.5,ascending,275.472
59.75,10.75,ascending,274.23248
59.75,11.0,ascending,274.788
59.75,11.25,ascending,275.81198
59.75,11.5,ascending,277.3775
59.75,11.75,ascending,277.986
59.75,12.0,ascending,278.47498
59.75,12.25,ascending,278.24
59.75,12.5,ascending,277.66998
59.75,12.75,ascending,277.46198
59.75,13.0,ascending,277.05402
59.75,13.25,ascending,277.085
59.75,13.5,ascending,276.58
59.75,13.75,ascending,277.2375
59.75,14.0,ascending,277.104
59.75,14.25,ascending,276.68668
59.75,14.5,ascending,276.272
59.75,14.75,ascending,276.68597
59.75,15.0,ascending,277.32666
59.75,15.25,ascending,278.145
59.75,15.5,ascending,278.90332
59.75,15.75,ascending,279.45398
59.75,16.0,ascending,280.1
59.75,16.25,ascending,280.24
59.75,16.5,ascending,280.57
59.75,16.75,ascending,280.418
59.75,17.0,ascending,280.3275
59.75,17.25,ascending,279.98248
59.75,17.5,ascending,280.052
59.75,17.75,ascending,281.07
59.75,18.0,ascending,281.716
59.75,18.25,ascending,280.042
59.75,18.5,ascending,274.5525
59.75,18.75,ascending,260.68665
59.75,19.0,ascending,246.61249
59.75,19.25,ascending,231.578
59.75,19.5,ascending,222.498
59.75,19.75,ascending,222.8075
59.75,20.0,ascending,224.344
59.75,20.25,ascending,226.90598
59.75,20.5,ascending,222.94331
59.75,20.75,ascending,222.03
59.75,21.0,ascending,220.824
59.75,21.25,ascending,220.73799
59.75,21.5,ascending,223.42499
59.75,21.75,ascending,223.71599
59.75,22.0,ascending,227.316
59.75,22.25,ascending,228.11
59.75,22.5,ascending,233.78598
59.75,22.75,ascending,243.676
59.75,23.0,ascending,242.3525
59.75,23.25,ascending,245.83598
59.75,23.5,ascending,248.37999
59.75,23.75,ascending,242.96799
59.75,24.0,ascending,236.9925
59.75,24.25,ascending,237.385
59.75,24.5,ascending,234.40201
59.75,24.75,ascending,230.635
59.75,25.0,ascending,227.70166
59.75,25.25,ascending,225.15999
59.75,25.5,ascending,224.13666
59.75,25.75,ascending,226.07666
59.75,26.0,ascending,225.54443
59.75,26.25,ascending,224.01562
59.75,26.5,ascending,222.4
59.75,26.75,ascending,219.60332
59.75,27.0,ascending,217.41812
59.75,27.25,ascending,216.27466
59.75,27.5,ascending,215.64333
59.75,27.75,ascending,220.28333
59.75,28.0,ascending,224.12357
59.75,28.25,ascending,230.84937
59.75,28.5,ascending,238.958
59.75,28.75,ascending,244.69624
59.75,29.0,ascending,253.20732
59.75,29.25,ascending,259.14188
59.75,29.5,ascending,262.36356
59.75,29.75,ascending,266.5523
59.75,30.0,ascending,268.28867
59.75,30.25,ascending,269.97437
59.75,30.5,ascending,269.81625
59.75,30.75,ascending,269.21667
59.75,31.0,ascending,269.173
59.75,31.25,ascending,269.6565
59.75,31.5,ascending,272.16248
59.75,31.75,ascending,271.93597
59.75,32.0,ascending,272.18198
59.75,32.25,ascending,273.885
59.75,32.5,ascending,274.69598
59.75,32.75,ascending,275.71198
59.75,33.0,ascending,277.08252
59.75,33.25,ascending,277.17166
59.75,33.5,ascending,277.21198
59.75,33.75,ascending,277.7625
59.75,34.0,ascending,277.73248
59.75,34.25,ascending,277.59
59.75,34.5,ascending,277.24
59.75,34.75,ascending,276.84747
59.75,35.0,ascending,276.5875
59.75,35.25,ascending,276.52164
59.75,35.5,ascending,276.6625
59.75,35.75,ascending,276.736
59.75,36.0,ascending,276.9625
59.75,36.25,ascending,277.012
59.75,36.5,ascending,277.10748
59.75,36.75,ascending,276.66498
59.75,37.0,ascending,276.044
59.75,37.25,ascending,274.96664
59.75,37.5,ascending,272.8925
59.75,37.75,ascending,270.86398
59.75,38.0,ascending,269.83
60.0,-13.0,ascending,215.68
60.0,-12.75,ascending,216.33199
60.0,-12.5,ascending,217.63748
60.0,-12.25,ascending,218.6175
60.0,-12.0,ascending,218.894
60.0,-11.75,ascending,217.45798
60.0,-11.5,ascending,215.27249
60.0,-11.25,ascending,213.43
60.0,-11.0,ascending,211.61398
60.0,-10.75,ascending,210.575
60.0,-10.5,ascending,210.1675
60.0,-10.25,ascending,210.15598
60.0,-10.0,ascending,210.1875
60.0,-9.75,ascending,210.11198
60.0,-9.5,ascending,209.995
60.0,-9.25,ascending,210.015
60.0,-9.0,ascending,210.18001
60.0,-8.75,ascending,210.6175
60.0,-8.5,ascending,211.394
60.0,-8.25,ascending,212.31
60.0,-8.0,ascending,213.022
60.0,-7.75,ascending,212.63
60.0,-7.5,ascending,211.92749
60.0,-7.25,ascending,211.24399
60.0,-7.0,ascending,211.22
60.0,-6.75,ascending,211.56334
60.0,-6.5,ascending,212.43999
60.0,-6.25,ascending,214.58598
60.0,-6.0,ascending,216.9975
60.0,-5.75,ascending,218.305
60.0,-5.5,ascending,216.4475
60.0,-5.25,ascending,214.36
60.0,-5.0,ascending,212.73799
60.0,-4.75,ascending,211.93001
60.0,-4.5,ascending,211.4525
60.0,-4.25,ascending,211.26399
60.0,-4.0,ascending,211.276
60.0,-3.75,ascending,211.71399
60.0,-3.5,ascending,212.3425
60.0,-3.25,ascending,213.3
60.0,-3.0,ascending,214.76498
60.0,-2.75,ascending,216.61002
60.0,-2.5,ascending,219.374
60.0,-2.25,ascending,222.155
60.0,-2.0,ascending,227.906
60.0,-1.75,ascending,237.24199
60.0,-1.5,ascending,245.45
60.0,-1.25,ascending,245.78
60.0,-1.0,ascending,241.63199
60.0,-0.75,ascending,234.03398
60.0,-0.5,ascending,227.48999
60.0,-0.25,ascending,223.1825
60.0,-0.0,ascending,220.33333
60.0,0.25,ascending,219.68999
60.0,0.5,ascending,221.33571
60.0,0.75,ascending,223.80624
60.0,1.0,ascending,224.27777
60.0,1.25,ascending,224.55865
60.0,1.5,ascending,224.41934
60.0,1.75,ascending,223.80357
60.0,2.0,ascending,222.47333
60.0,2.25,ascending,221.41055
60.0,2.5,ascending,219.558
60.0,2.75,ascending,218.50845
60.0,3.0,ascending,217.35692
60.0,3.25,ascending,216.27933
60.0,3.5,ascending,215.11
60.0,3.75,ascending,214.63643
60.0,4.0,ascending,214.9
60.0,4.25,ascending,216.32071
60.0,4.5,ascending,219.73125
60.0,4.75,ascending,225.90117
60.0,5.0,ascending,233.84799
60.0,5.25,ascending,241.84267
60.0,5.5,ascending,249.74867
60.0,5.75,ascending,255.61412
60.0,6.0,ascending,261.74646
60.0,6.25,ascending,264.925
60.0,6.5,ascending,267.8816
60.0,6.75,ascending,266.59332
60.0,7.0,ascending,267.8975
60.0,7.25,ascending,269.25665
60.0,7.5,ascending,270.656
60.0,7.75,ascending,271.59
60.0,8.0,ascending,272.41498
60.0,8.25,ascending,273.41998
60.0,8.5,ascending,274.65
60.0,8.75,ascending,276.086
60.0,9.0,ascending,277.8325
60.0,9.25,ascending,279.66
60.0,9.5,ascending,280.886
60.0,9.75,ascending,280.97498
60.0,10.0,ascending,280.115
60.0,10.25,ascending,278.195
60.0,10.5,ascending,277.2
60.0,10.75,ascending,276.48
60.0,11.0,ascending,277.202
60.0,11.25,ascending,278.0025
60.0,11.5,ascending,278.774
60.0,11.75,ascending,279.25
60.0,12.0,ascending,279.274
60.0,12.25,ascending,279.206
60.0,12.5,ascending,279.19598
60.0,12.75,ascending,279.06
60.0,13.0,ascending,278.925
60.0,13.25,ascending,278.755
60.0,13.5,ascending,278.61
60.0,13.75,ascending,278.382
60.0,14.0,ascending,277.835
60.0,14.25,ascending,277.5075
60.0,14.5,ascending,277.492
60.0,14.75,ascending,277.81
60.0,15.0,ascending,278.06598
60.0,15.25,ascending,278.51
60.0,15.5,ascending,279.024
60.0,15.75,ascending,279.66498
60.0,16.0,ascending,280.08798
60.0,16.25,ascending,280.53497
60.0,16.5,ascending,280.796
60.0,16.75,ascending,280.62
60.0,17.0,ascending,280.69
60.0,17.25,ascending,280.544
60.0,17.5,ascending,281.095
60.0,17.75,ascending,280.9
60.0,18.0,ascending,279.09747
60.0,18.25,ascending,275.35498
60.0,18.5,ascending,266.65598
60.0,18.75,ascending,251.93198
60.0,19.0,ascending,236.62
60.0,19.25,ascending,226.118
60.0,19.5,ascending,223.63998
60.0,19.75,ascending,227.605
60.0,20.0,ascending,232.12999
60.0,20.25,ascending,232.29
60.0,20.5,ascending,228.1875
60.0,20.75,ascending,225.17249
60.0,21.0,ascending,224.18333
60.0,21.25,ascending,227.00667
60.0,21.5,ascending,232.78398
60.0,21.75,ascending,236.624
60.0,22.0,ascending,243.14749
60.0,22.25,ascending,245.012
60.0,22.5,ascending,253.45801
60.0,22.75,ascending,264.2175
60.0,23.0,ascending,263.784
60.0,23.25,ascending,266.78198
60.0,23.5,ascending,267.892
60.0,23.75,ascending,263.788
60.0,24.0,ascending,261.90833
60.0,24.25,ascending,260.348
60.0,24.5,ascending,255.64749
60.0,24.75,ascending,249.298
60.0,25.0,ascending,246.84799
60.0,25.25,ascending,237.5457
60.0,25.5,ascending,229.36058
60.0,25.75,ascending,225.45235
60.0,26.0,ascending,220.93706
60.0,26.25,ascending,218.715
60.0,26.5,ascending,217.09686
60.0,26.75,ascending,215.9
60.0,27.0,ascending,215.174
60.0,27.25,ascending,214.98769
60.0,27.5,ascending,214.83467
60.0,27.75,ascending,215.03833
60.0,28.0,ascending,216.44
60.0,28.25,ascending,220.62357
60.0,28.5,ascending,226.33214
60.0,28.75,ascending,231.77922
60.0,29.0,ascending,237.80846
60.0,29.25,ascending,244.515
60.0,29.5,ascending,251.34999
60.0,29.75,ascending,255.7907
60.0,30.0,ascending,259.155
60.0,30.25,ascending,262.04187
60.0,30.5,ascending,261.24176
60.0,30.75,ascending,258.1389
60.0,31.0,ascending,254.86398
60.0,31.25,ascending,252.3723
60.0,31.5,ascending,258.594
60.0,31.75,ascending,257.47247
60.0,32.0,ascending,257.3457
60.0,32.25,ascending,258.73398
60.0,32.5,ascending,260.08
60.0,32.75,ascending,264.1275
60.0,33.0,ascending,266.50168
60.0,33.25,ascending,269.2925
60.0,33.5,ascending,271.985
60.0,33.75,ascending,274.74332
60.0,34.0,ascending,276.512
60.0,34.25,ascending,276.8633
60.0,34.5,ascending,276.69
60.0,34.75,ascending,276.24
60.0,35.0,ascending,276.008
60.0,35.25,ascending,275.88998
60.0,35.5,ascending,276.018
60.0,35.75,ascending,276.0525
60.0,36.0,ascending,276.2
60.0,36.25,ascending,276.19
60.0,36.5,ascending,276.24
60.0,36.75,ascending,275.422
60.0,37.0,ascending,274.2725
60.0,37.25,ascending,271.31198
60.0,37.5,ascending,267.89664
60.0,37.75,ascending,264.13397
60.0,38.0,ascending,262.34665
60.25,-13.0,ascending,216.06999
60.25,-12.75,ascending,216.5375
60.25,-12.5,ascending,217.868
60.25,-12.25,ascending,218.54599
60.25,-12.0,ascending,217.89
60.25,-11.75,ascending,216.3425
60.25,-11.5,ascending,214.3675
60.25,-11.25,ascending,212.42665
60.25,-11.0,ascending,211.0375
60.25,-10.75,ascending,210.3725
60.25,-10.5,ascending,210.13199
60.25,-10.25,ascending,210.11249
60.25,-10.0,ascending,210.095
60.25,-9.75,ascending,209.9975
60.25,-9.5,ascending,209.9075
60.25,-9.25,ascending,209.8525
60.25,-9.0,ascending,209.882
60.25,-8.75,ascending,210.1825
60.25,-8.5,ascending,210.6025
60.25,-8.25,ascending,211.35799
60.25,-8.0,ascending,211.775
60.25,-7.75,ascending,211.55333
60.25,-7.5,ascending,211.33598
60.25,-7.25,ascending,211.094
60.25,-7.0,ascending,211.19331
60.25,-6.75,ascending,211.53499
60.25,-6.5,ascending,212.452
60.25,-6.25,ascending,214.564
60.25,-6.0,ascending,217.35333
60.25,-5.75,ascending,218.42
60.25,-5.5,ascending,216.88599
60.25,-5.25,ascending,214.5925
60.25,-5.0,ascending,213.08398
60.25,-4.75,ascending,212.372
60.25,-4.5,ascending,211.845
60.25,-4.25,ascending,211.45798
60.25,-4.0,ascending,211.28749
60.25,-3.75,ascending,211.53598
60.25,-3.5,ascending,212.16202
60.25,-3.25,ascending,212.96
60.25,-3.0,ascending,213.92
60.25,-2.75,ascending,215.40666
60.25,-2.5,ascending,217.38998
60.25,-2.25,ascending,220.53198
60.25,-2.0,ascending,226.95401
60.25,-1.75,ascending,234.94334
60.25,-1.5,ascending,243.81198
60.25,-1.25,ascending,247.92801
60.25,-1.0,ascending,243.71199
60.25,-0.75,ascending,236.14499
60.25,-0.5,ascending,228.85
60.25,-0.25,ascending,223.538
60.25,-0.0,ascending,219.99666
60.25,0.25,ascending,220.90714
60.25,0.5,ascending,222.66469
60.25,0.75,ascending,224.03177
60.25,1.0,ascending,225.66687
60.25,1.25,ascending,226.72249
60.25,1.5,ascending,227.19812
60.25,1.75,ascending,226.61076
60.25,2.0,ascending,225.49916
60.25,2.25,ascending,223.956
60.25,2.5,ascending,221.88356
60.25,2.75,ascending,220.37222
60.25,3.0,ascending,219.12933
60.25,3.25,ascending,217.81999
60.25,3.5,ascending,216.78561
60.25,3.75,ascending,216.39928
60.25,4.0,ascending,216.35938
60.25,4.25,ascending,218.266
60.25,4.5,ascending,223.18001
60.25,4.75,ascending,229.49153
60.25,5.0,ascending,239.60857
60.25,5.25,ascending,248.15213
60.25,5.5,ascending,255.63293
60.25,5.75,ascending,261.97375
60.25,6.0,ascending,263.9425
60.25,6.25,ascending,266.329
60.25,6.5,ascending,267.19455
60.25,6.75,ascending,266.875
60.25,7.0,ascending,268.15665
60.25,7.25,ascending,269.65802
60.25,7.5,ascending,270.97833
60.25,7.75,ascending,271.8225
60.25,8.0,ascending,272.55
60.25,8.25,ascending,273.375
60.25,8.5,ascending,274.656
60.25,8.75,ascending,276.44
60.25,9.0,ascending,278.16833
60.25,9.25,ascending,279.525
60.25,9.5,ascending,280.33
60.25,9.75,ascending,280.582
60.25,10.0,ascending,280.16998
60.25,10.25,ascending,279.54166
60.25,10.5,ascending,278.81
60.25,10.75,ascending,278.638
60.25,11.0,ascending,278.6775
60.25,11.25,ascending,278.456
60.25,11.5,ascending,278.50668
60.25,11.75,ascending,278.65997
60.25,12.0,ascending,279.28198
60.25,12.25,ascending,279.77
60.25,12.5,ascending,280.2425
60.25,12.75,ascending,280.0933
60.25,13.0,ascending,280.17398
60.25,13.25,ascending,279.998
60.25,13.5,ascending,279.66748
60.25,13.75,ascending,279.1175
60.25,14.0,ascending,278.625
60.25,14.25,ascending,278.63998
60.25,14.5,ascending,278.565
60.25,14.75,ascending,278.53998
60.25,15.0,ascending,278.455
60.25,15.25,ascending,278.534
60.25,15.5,ascending,279.01498
60.25,15.75,ascending,279.198
60.25,16.0,ascending,279.54333
60.25,16.25,ascending,279.98798
60.25,16.5,ascending,280.22998
60.25,16.75,ascending,280.215
60.25,17.0,ascending,279.716
60.25,17.25,ascending,278.845
60.25,17.5,ascending,276.30402
60.25,17.75,ascending,272.85498
60.25,18.0,ascending,265.3
60.25,18.25,ascending,259.445
60.25,18.5,ascending,244.88399
60.25,18.75,ascending,235.7425
60.25,19.0,ascending,223.842
60.25,19.25,ascending,221.24333
60.25,19.5,ascending,221.65666
60.25,19.75,ascending,227.43399
60.25,20.0,ascending,230.626
60.25,20.25,ascending,230.7225
60.25,20.5,ascending,226.18599
60.25,20.75,ascending,224.48198
60.25,21.0,ascending,226.355
60.25,21.25,ascending,232.274
60.25,21.5,ascending,241.59999
60.25,21.75,ascending,253.23999
60.25,22.0,ascending,258.906
60.25,22.25,ascending,263.452
60.25,22.5,ascending,270.41748
60.25,22.75,ascending,274.21335
60.25,23.0,ascending,278.15332
60.25,23.25,ascending,278.9675
60.25,23.5,ascending,278.19333
60.25,23.75,ascending,276.805
60.25,24.0,ascending,276.6
60.25,24.25,ascending,274.83197
60.25,24.5,ascending,272.3625
60.25,24.75,ascending,271.33835
60.25,25.0,ascending,263.99875
60.25,25.25,ascending,253.83174
60.25,25.5,ascending,247.9675
60.25,25.75,ascending,244.87
60.25,26.0,ascending,240.40234
60.25,26.25,ascending,236.49643
60.25,26.5,ascending,233.77335
60.25,26.75,ascending,231.7818
60.25,27.0,ascending,227.95499
60.25,27.25,ascending,227.65916
60.25,27.5,ascending,224.66785
60.25,27.75,ascending,226.54668
60.25,28.0,ascending,226.86154
60.25,28.25,ascending,228.50916
60.25,28.5,ascending,235.07642
60.25,28.75,ascending,244.98923
60.25,29.0,ascending,248.49307
60.25,29.25,ascending,255.56306
60.25,29.5,ascending,261.3221
60.25,29.75,ascending,264.13846
60.25,30.0,ascending,266.02
60.25,30.25,ascending,263.806
60.25,30.5,ascending,258.90054
60.25,30.75,ascending,251.08105
60.25,31.0,ascending,240.93799
60.25,31.25,ascending,240.86398
60.25,31.5,ascending,239.41399
60.25,31.75,ascending,235.69334
60.25,32.0,ascending,232.43599
60.25,32.25,ascending,232.404
60.25,32.5,ascending,237.6175
60.25,32.75,ascending,244.446
60.25,33.0,ascending,250.168
60.25,33.25,ascending,259.0275
60.25,33.5,ascending,267.48798
60.25,33.75,ascending,272.22498
60.25,34.0,ascending,275.1625
60.25,34.25,ascending,275.94
60.25,34.5,ascending,276.19
60.25,34.75,ascending,275.9675
60.25,35.0,ascending,275.772
60.25,35.25,ascending,275.66498
60.25,35.5,ascending,275.4025
60.25,35.75,ascending,275.284
60.25,36.0,ascending,275.115
60.25,36.25,ascending,275.1275
60.25,36.5,ascending,275.0225
60.25,36.75,ascending,274.05
60.25,37.0,ascending,272.444
60.25,37.25,ascending,269.255
60.25,37.5,ascending,266.135
60.25,37.75,ascending,264.464
60.25,38.0,ascending,264.965
60.5,-13.0,ascending,216.045
60.5,-12.75,ascending,217.17499
60.5,-12.5,ascending,218.26399
60.5,-12.25,ascending,217.86249
60.5,-12.0,ascending,216.51666
60.5,-11.75,ascending,214.576
60.5,-11.5,ascending,212.668
60.5,-11.25,ascending,211.2125
60.5,-11.0,ascending,210.6075
60.5,-10.75,ascending,210.3525
60.5,-10.5,ascending,210.29498
60.5,-10.25,ascending,210.235
60.5,-10.0,ascending,210.13799
60.5,-9.75,ascending,210.01
60.5,-9.5,ascending,209.83398
60.5,-9.25,ascending,209.75334
60.5,-9.0,ascending,209.79749
60.5,-8.75,ascending,210.01799
60.5,-8.5,ascending,210.45999
60.5,-8.25,ascending,210.77
60.5,-8.0,ascending,211.11
60.5,-7.75,ascending,211.064
60.5,-7.5,ascending,211.0475
60.5,-7.25,ascending,211.07666
60.5,-7.0,ascending,211.18999
60.5,-6.75,ascending,211.485
60.5,-6.5,ascending,212.29599
60.5,-6.25,ascending,214.47333
60.5,-6.0,ascending,216.855
60.5,-5.75,ascending,218.102
60.5,-5.5,ascending,216.832
60.5,-5.25,ascending,214.82999
60.5,-5.0,ascending,213.452
60.5,-4.75,ascending,212.79999
60.5,-4.5,ascending,212.182
60.5,-4.25,ascending,211.554
60.5,-4.0,ascending,211.2225
60.5,-3.75,ascending,211.28
60.5,-3.5,ascending,211.75
60.5,-3.25,ascending,212.22
60.5,-3.0,ascending,213.04498
60.5,-2.75,ascending,214.09
60.5,-2.5,ascending,215.68
60.5,-2.25,ascending,218.8075
60.5,-2.0,ascending,223.55598
60.5,-1.75,ascending,231.59999
60.5,-1.5,ascending,238.8675
60.5,-1.25,ascending,243.868
60.5,-1.0,ascending,244.04999
60.5,-0.75,ascending,239.16
60.5,-0.5,ascending,231.95833
60.5,-0.25,ascending,225.12
60.5,-0.0,ascending,220.98
60.5,0.25,ascending,221.0
60.5,0.5,ascending,221.37646
60.5,0.75,ascending,222.90134
60.5,1.0,ascending,225.35466
60.5,1.25,ascending,227.34927
60.5,1.5,ascending,229.07214
60.5,1.75,ascending,229.77066
60.5,2.0,ascending,229.77916
60.5,2.25,ascending,227.5743
60.5,2.5,ascending,225.74924
60.5,2.75,ascending,223.32545
60.5,3.0,ascending,221.004
60.5,3.25,ascending,219.94499
60.5,3.5,ascending,218.62215
60.5,3.75,ascending,218.32166
60.5,4.0,ascending,218.57071
60.5,4.25,ascending,220.88356
60.5,4.5,ascending,226.60286
60.5,4.75,ascending,234.58383
60.5,5.0,ascending,244.11249
60.5,5.25,ascending,253.89214
60.5,5.5,ascending,261.6213
60.5,5.75,ascending,266.46555
60.5,6.0,ascending,269.39948
60.5,6.25,ascending,270.84665
60.5,6.5,ascending,270.18698
60.5,6.75,ascending,269.892
60.5,7.0,ascending,270.815
60.5,7.25,ascending,271.04
60.5,7.5,ascending,270.97498
60.5,7.75,ascending,271.01
60.5,8.0,ascending,271.38333
60.5,8.25,ascending,272.44598
60.5,8.5,ascending,274.26
60.5,8.75,ascending,276.25998
60.5,9.0,ascending,278.0
60.5,9.25,ascending,279.35248
60.5,9.5,ascending,280.21198
60.5,9.75,ascending,280.54498
60.5,10.0,ascending,280.46167
60.5,10.25,ascending,280.02664
60.5,10.5,ascending,279.616
60.5,10.75,ascending,279.04248
60.5,11.0,ascending,278.11398
60.5,11.25,ascending,277.2125
60.5,11.5,ascending,277.7
60.5,11.75,ascending,279.69
60.5,12.0,ascending,280.90332
60.5,12.25,ascending,281.306
60.5,12.5,ascending,281.45
60.5,12.75,ascending,281.2525
60.5,13.0,ascending,281.046
60.5,13.25,ascending,280.594
60.5,13.5,ascending,280.23666
60.5,13.75,ascending,279.87
60.5,14.0,ascending,279.7575
60.5,14.25,ascending,279.4875
60.5,14.5,ascending,279.04498
60.5,14.75,ascending,278.29248
60.5,15.0,ascending,277.53198
60.5,15.25,ascending,277.57666
60.5,15.5,ascending,278.38397
60.5,15.75,ascending,279.12332
60.5,16.0,ascending,279.68198
60.5,16.25,ascending,280.78998
60.5,16.5,ascending,281.1375
60.5,16.75,ascending,281.05
60.5,17.0,ascending,278.83
60.5,17.25,ascending,272.752
60.5,17.5,ascending,262.095
60.5,17.75,ascending,256.04248
60.5,18.0,ascending,241.876
60.5,18.25,ascending,235.47499
60.5,18.5,ascending,224.79399
60.5,18.75,ascending,222.25334
60.5,19.0,ascending,217.83667
60.5,19.25,ascending,217.79599
60.5,19.5,ascending,218.37749
60.5,19.75,ascending,221.236
60.5,20.0,ascending,221.318
60.5,20.25,ascending,221.7675
60.5,20.5,ascending,219.342
60.5,20.75,ascending,220.7475
60.5,21.0,ascending,225.552
60.5,21.25,ascending,235.8425
60.5,21.5,ascending,250.27998
60.5,21.75,ascending,267.0275
60.5,22.0,ascending,271.53748
60.5,22.25,ascending,276.548
60.5,22.5,ascending,278.275
60.5,22.75,ascending,281.72998
60.5,23.0,ascending,283.418
60.5,23.25,ascending,282.7875
60.5,23.5,ascending,281.86832
60.5,23.75,ascending,280.104
60.5,24.0,ascending,278.7525
60.5,24.25,ascending,278.69
60.5,24.5,ascending,278.63998
60.5,24.75,ascending,276.31284
60.5,25.0,ascending,274.435
60.5,25.25,ascending,273.4658
60.5,25.5,ascending,272.07373
60.5,25.75,ascending,270.73785
60.5,26.0,ascending,268.57645
60.5,26.25,ascending,265.772
60.5,26.5,ascending,262.73868
60.5,26.75,ascending,261.14334
60.5,27.0,ascending,258.02936
60.5,27.25,ascending,256.0975
60.5,27.5,ascending,254.75075
60.5,27.75,ascending,252.64166
60.5,28.0,ascending,252.61642
60.5,28.25,ascending,252.6923
60.5,28.5,ascending,256.72076
60.5,28.75,ascending,261.28616
60.5,29.0,ascending,266.92065
60.5,29.25,ascending,270.66156
60.5,29.5,ascending,271.1646
60.5,29.75,ascending,270.8456
60.5,30.0,ascending,266.91498
60.5,30.25,ascending,260.29883
60.5,30.5,ascending,250.78166
60.5,30.75,ascending,238.34612
60.5,31.0,ascending,230.41908
60.5,31.25,ascending,231.27167
60.5,31.5,ascending,222.91
60.5,31.75,ascending,217.47
60.5,32.0,ascending,215.53201
60.5,32.25,ascending,218.1675
60.5,32.5,ascending,222.91167
60.5,32.75,ascending,229.22998
60.5,33.0,ascending,241.29
60.5,33.25,ascending,253.91667
60.5,33.5,ascending,264.148
60.5,33.75,ascending,271.24
60.5,34.0,ascending,274.31168
60.5,34.25,ascending,275.6825
60.5,34.5,ascending,275.83197
60.5,34.75,ascending,275.68198
60.5,35.0,ascending,275.43
60.5,35.25,ascending,275.242
60.5,35.5,ascending,274.628
60.5,35.75,ascending,274.3125
60.5,36.0,ascending,273.49
60.5,36.25,ascending,273.2625
60.5,36.5,ascending,272.43597
60.5,36.75,ascending,272.39334
60.5,37.0,ascending,271.826
60.5,37.25,ascending,271.002
60.5,37.5,ascending,270.968
60.5,37.75,ascending,271.5
60.5,38.0,ascending,272.63998
60.75,-13.0,ascending,218.18999
60.75,-12.75,ascending,218.60667
60.75,-12.5,ascending,217.7825
60.75,-12.25,ascending,215.98499
60.75,-12.0,ascending,214.28749
60.75,-11.75,ascending,212.63599
60.75,-11.5,ascending,211.59
60.75,-11.25,ascending,211.02333
60.75,-11.0,ascending,210.66399
60.75,-10.75,ascending,210.51332
60.75,-10.5,ascending,210.396
60.75,-10.25,ascending,210.2825
60.75,-10.0,ascending,210.15334
60.75,-9.75,ascending,209.95
60.75,-9.5,ascending,209.79333
60.75,-9.25,ascending,209.748
60.75,-9.0,ascending,209.89
60.75,-8.75,ascending,210.07332
60.75,-8.5,ascending,210.2775
60.75,-8.25,ascending,210.56749
60.75,-8.0,ascending,210.79
60.75,-7.75,ascending,210.90332
60.75,-7.5,ascending,211.0125
60.75,-7.25,ascending,211.11
60.75,-7.0,ascending,211.29399
60.75,-6.75,ascending,211.82332
60.75,-6.5,ascending,212.75334
60.75,-6.25,ascending,214.54599
60.75,-6.0,ascending,216.97
60.75,-5.75,ascending,218.23398
60.75,-5.5,ascending,217.07999
60.75,-5.25,ascending,215.165
60.75,-5.0,ascending,213.72499
60.75,-4.75,ascending,212.94499
60.75,-4.5,ascending,212.29999
60.75,-4.25,ascending,211.63
60.75,-4.0,ascending,211.146
60.75,-3.75,ascending,210.93999
60.75,-3.5,ascending,211.16399
60.75,-3.25,ascending,211.45749
60.75,-3.0,ascending,212.13998
60.75,-2.75,ascending,213.08
60.75,-2.5,ascending,214.54333
60.75,-2.25,ascending,217.05801
60.75,-2.0,ascending,220.82999
60.75,-1.75,ascending,225.776
60.75,-1.5,ascending,231.63799
60.75,-1.25,ascending,235.8875
60.75,-1.0,ascending,238.72499
60.75,-0.75,ascending,238.65
60.75,-0.5,ascending,230.82713
60.75,-0.25,ascending,224.21375
60.75,-0.0,ascending,221.98141
60.75,0.25,ascending,221.22133
60.75,0.5,ascending,220.75749
60.75,0.75,ascending,221.53937
60.75,1.0,ascending,223.76428
60.75,1.25,ascending,227.56181
60.75,1.5,ascending,230.60312
60.75,1.75,ascending,232.12692
60.75,2.0,ascending,234.59285
60.75,2.25,ascending,232.89
60.75,2.5,ascending,229.73
60.75,2.75,ascending,226.87076
60.75,3.0,ascending,224.25166
60.75,3.25,ascending,222.08308
60.75,3.5,ascending,221.71544
60.75,3.75,ascending,220.46927
60.75,4.0,ascending,221.42499
60.75,4.25,ascending,224.12001
60.75,4.5,ascending,229.36084
60.75,4.75,ascending,236.52155
60.75,5.0,ascending,246.14143
60.75,5.25,ascending,255.10666
60.75,5.5,ascending,261.35577
60.75,5.75,ascending,266.4731
60.75,6.0,ascending,269.5755
60.75,6.25,ascending,271.3825
60.75,6.5,ascending,270.146
60.75,6.75,ascending,270.43497
60.75,7.0,ascending,269.996
60.75,7.25,ascending,269.7075
60.75,7.5,ascending,269.5825
60.75,7.75,ascending,269.34
60.75,8.0,ascending,270.172
60.75,8.25,ascending,271.85748
60.75,8.5,ascending,274.01498
60.75,8.75,ascending,275.61667
60.75,9.0,ascending,277.236
60.75,9.25,ascending,278.474
60.75,9.5,ascending,279.15
60.75,9.75,ascending,279.954
60.75,10.0,ascending,280.2825
60.75,10.25,ascending,280.3725
60.75,10.5,ascending,279.78
60.75,10.75,ascending,278.76398
60.75,11.0,ascending,278.1275
60.75,11.25,ascending,278.6425
60.75,11.5,ascending,279.97748
60.75,11.75,ascending,282.335
60.75,12.0,ascending,282.8725
60.75,12.25,ascending,282.71
60.75,12.5,ascending,282.33798
60.75,12.75,ascending,281.835
60.75,13.0,ascending,281.41748
60.75,13.25,ascending,281.205
60.75,13.5,ascending,281.362
60.75,13.75,ascending,281.1225
60.75,14.0,ascending,281.4
60.75,14.25,ascending,280.448
60.75,14.5,ascending,279.4725
60.75,14.75,ascending,277.6475
60.75,15.0,ascending,277.0125
60.75,15.25,ascending,278.02
60.75,15.5,ascending,279.055
60.75,15.75,ascending,280.40997
60.75,16.0,ascending,281.03333
60.75,16.25,ascending,282.185
60.75,16.5,ascending,282.518
60.75,16.75,ascending,280.57498
60.75,17.0,ascending,275.60248
60.75,17.25,ascending,266.10248
60.75,17.5,ascending,248.16333
60.75,17.75,ascending,236.358
60.75,18.0,ascending,223.51399
60.75,18.25,ascending,220.135
60.75,18.5,ascending,217.49666
60.75,18.75,ascending,217.0725
60.75,19.0,ascending,216.32199
60.75,19.25,ascending,216.10999
60.75,19.5,ascending,216.14749
60.75,19.75,ascending,216.574
60.75,20.0,ascending,216.29
60.75,20.25,ascending,216.26799
60.75,20.5,ascending,215.855
60.75,20.75,ascending,217.526
60.75,21.0,ascending,224.09
60.75,21.25,ascending,237.73
60.75,21.5,ascending,255.68399
60.75,21.75,ascending,268.8933
60.75,22.0,ascending,277.692
60.75,22.25,ascending,279.9575
60.75,22.5,ascending,281.386
60.75,22.75,ascending,283.1775
60.75,23.0,ascending,283.5525
60.75,23.25,ascending,283.216
60.75,23.5,ascending,281.074
60.75,23.75,ascending,278.85498
60.75,24.0,ascending,277.91748
60.75,24.25,ascending,276.85
60.75,24.5,ascending,276.71
60.75,24.75,ascending,277.58707
60.75,25.0,ascending,278.10464
60.75,25.25,ascending,278.67572
60.75,25.5,ascending,278.43167
60.75,25.75,ascending,278.1953
60.75,26.0,ascending,277.5425
60.75,26.25,ascending,277.23642
60.75,26.5,ascending,276.58
60.75,26.75,ascending,276.04272
60.75,27.0,ascending,275.44998
60.75,27.25,ascending,274.21664
60.75,27.5,ascending,273.44144
60.75,27.75,ascending,272.50153
60.75,28.0,ascending,272.29
60.75,28.25,ascending,272.41385
60.75,28.5,ascending,272.495
60.75,28.75,ascending,273.70584
60.75,29.0,ascending,274.1357
60.75,29.25,ascending,273.725
60.75,29.5,ascending,271.03998
60.75,29.75,ascending,266.3588
60.75,30.0,ascending,259.24667
60.75,30.25,ascending,248.58124
60.75,30.5,ascending,237.84666
60.75,30.75,ascending,229.93945
60.75,31.0,ascending,221.95454
60.75,31.25,ascending,220.635
60.75,31.5,ascending,214.435
60.75,31.75,ascending,212.17801
60.75,32.0,ascending,212.345
60.75,32.25,ascending,214.8375
60.75,32.5,ascending,219.7
60.75,32.75,ascending,229.74399
60.75,33.0,ascending,245.116
60.75,33.25,ascending,258.05667
60.75,33.5,ascending,266.245
60.75,33.75,ascending,273.01398
60.75,34.0,ascending,275.44998
60.75,34.25,ascending,275.8025
60.75,34.5,ascending,275.575
60.75,34.75,ascending,275.16998
60.75,35.0,ascending,274.66748
60.75,35.25,ascending,273.9475
60.75,35.5,ascending,272.775
60.75,35.75,ascending,269.958
60.75,36.0,ascending,267.68
60.75,36.25,ascending,266.5
60.75,36.5,ascending,265.735
60.75,36.75,ascending,266.442
60.75,37.0,ascending,268.9325
60.75,37.25,ascending,271.195
60.75,37.5,ascending,273.305
60.75,37.75,ascending,274.49
60.75,38.0,ascending,275.935
61.0,-13.0,ascending,218.595
61.0,-12.75,ascending,217.3075
61.0,-12.5,ascending,216.0325
61.0,-12.25,ascending,214.06999
61.0,-12.0,ascending,213.08249
61.0,-11.75,ascending,212.5325
61.0,-11.5,ascending,211.9175
61.0,-11.25,ascending,211.26399
61.0,-11.0,ascending,210.85999
61.0,-10.75,ascending,210.70166
61.0,-10.5,ascending,210.57666
61.0,-10.25,ascending,210.48749
61.0,-10.0,ascending,210.274
61.0,-9.75,ascending,210.045
61.0,-9.5,ascending,209.93198
61.0,-9.25,ascending,209.9925
61.0,-9.0,ascending,210.09999
61.0,-8.75,ascending,210.18198
61.0,-8.5,ascending,210.355
61.0,-8.25,ascending,210.515
61.0,-8.0,ascending,210.675
61.0,-7.75,ascending,210.8425
61.0,-7.5,ascending,210.972
61.0,-7.25,ascending,211.30801
61.0,-7.0,ascending,211.80666
61.0,-6.75,ascending,212.70601
61.0,-6.5,ascending,213.975
61.0,-6.25,ascending,215.79399
61.0,-6.0,ascending,217.92499
61.0,-5.75,ascending,218.89499
61.0,-5.5,ascending,217.89333
61.0,-5.25,ascending,215.81999
61.0,-5.0,ascending,214.045
61.0,-4.75,ascending,213.124
61.0,-4.5,ascending,212.38399
61.0,-4.25,ascending,211.64749
61.0,-4.0,ascending,211.075
61.0,-3.75,ascending,210.76
61.0,-3.5,ascending,210.802
61.0,-3.25,ascending,210.98
61.0,-3.0,ascending,211.47
61.0,-2.75,ascending,212.13
61.0,-2.5,ascending,213.275
61.0,-2.25,ascending,214.736
61.0,-2.0,ascending,218.06198
61.0,-1.75,ascending,221.9025
61.0,-1.5,ascending,223.696
61.0,-1.25,ascending,228.405
61.0,-1.0,ascending,230.49666
61.0,-0.75,ascending,228.00446
61.0,-0.5,ascending,226.88165
61.0,-0.25,ascending,226.94466
61.0,-0.0,ascending,225.00049
61.0,0.25,ascending,225.07211
61.0,0.5,ascending,223.19858
61.0,0.75,ascending,222.64166
61.0,1.0,ascending,222.90134
61.0,1.25,ascending,224.20857
61.0,1.5,ascending,227.4791
61.0,1.75,ascending,230.75816
61.0,2.0,ascending,233.18498
61.0,2.25,ascending,233.79417
61.0,2.5,ascending,233.37166
61.0,2.75,ascending,230.90167
61.0,3.0,ascending,227.91692
61.0,3.25,ascending,225.20667
61.0,3.5,ascending,223.20166
61.0,3.75,ascending,223.31429
61.0,4.0,ascending,223.9425
61.0,4.25,ascending,226.54929
61.0,4.5,ascending,232.07143
61.0,4.75,ascending,239.87215
61.0,5.0,ascending,248.65062
61.0,5.25,ascending,255.49562
61.0,5.5,ascending,261.0275
61.0,5.75,ascending,264.0741
61.0,6.0,ascending,265.9875
61.0,6.25,ascending,267.44788
61.0,6.5,ascending,266.82166
61.0,6.75,ascending,267.0
61.0,7.0,ascending,267.3725
61.0,7.25,ascending,267.70334
61.0,7.5,ascending,268.21167
61.0,7.75,ascending,269.192
61.0,8.0,ascending,270.48248
61.0,8.25,ascending,271.78198
61.0,8.5,ascending,272.585
61.0,8.75,ascending,273.87997
61.0,9.0,ascending,274.7575
61.0,9.25,ascending,275.892
61.0,9.5,ascending,277.308
61.0,9.75,ascending,278.12
61.0,10.0,ascending,279.03
61.0,10.25,ascending,279.64334
61.0,10.5,ascending,279.74
61.0,10.75,ascending,279.72998
61.0,11.0,ascending,280.53998
61.0,11.25,ascending,281.57666
61.0,11.5,ascending,282.492
61.0,11.75,ascending,283.22748
61.0,12.0,ascending,283.126
61.0,12.25,ascending,282.8675
61.0,12.5,ascending,282.646
61.0,12.75,ascending,282.59998
61.0,13.0,ascending,282.542
61.0,13.25,ascending,282.9
61.0,13.5,ascending,283.055
61.0,13.75,ascending,282.985
61.0,14.0,ascending,282.86398
61.0,14.25,ascending,281.98334
61.0,14.5,ascending,281.09198
61.0,14.75,ascending,279.68332
61.0,15.0,ascending,279.98798
61.0,15.25,ascending,280.85248
61.0,15.5,ascending,281.266
61.0,15.75,ascending,281.64334
61.0,16.0,ascending,282.098
61.0,16.25,ascending,282.9025
61.0,16.5,ascending,282.47333
61.0,16.75,ascending,279.768
61.0,17.0,ascending,272.25998
61.0,17.25,ascending,257.98248
61.0,17.5,ascending,239.0
61.0,17.75,ascending,225.83249
61.0,18.0,ascending,219.185
61.0,18.25,ascending,216.66667
61.0,18.5,ascending,216.168
61.0,18.75,ascending,215.92249
61.0,19.0,ascending,215.88998
61.0,19.25,ascending,215.87398
61.0,19.5,ascending,215.83249
61.0,19.75,ascending,215.73201
61.0,20.0,ascending,215.5325
61.0,20.25,ascending,215.29599
61.0,20.5,ascending,215.1525
61.0,20.75,ascending,216.28598
61.0,21.0,ascending,220.805
61.0,21.25,ascending,233.71399
61.0,21.5,ascending,251.97499
61.0,21.75,ascending,269.334
61.0,22.0,ascending,277.82748
61.0,22.25,ascending,280.028
61.0,22.5,ascending,280.972
61.0,22.75,ascending,281.81
61.0,23.0,ascending,281.95502
61.0,23.25,ascending,280.73798
61.0,23.5,ascending,278.496
61.0,23.75,ascending,276.5175
61.0,24.0,ascending,274.028
61.0,24.25,ascending,274.26437
61.0,24.5,ascending,274.82562
61.0,24.75,ascending,275.1053
61.0,25.0,ascending,275.10135
61.0,25.25,ascending,274.3
61.0,25.5,ascending,273.98285
61.0,25.75,ascending,274.79822
61.0,26.0,ascending,274.81134
61.0,26.25,ascending,274.38083
61.0,26.5,ascending,274.1875
61.0,26.75,ascending,274.535
61.0,27.0,ascending,274.22357
61.0,27.25,ascending,273.5525
61.0,27.5,ascending,272.4418
61.0,27.75,ascending,270.0323
61.0,28.0,ascending,269.6592
61.0,28.25,ascending,269.68332
61.0,28.5,ascending,271.71927
61.0,28.75,ascending,273.28537
61.0,29.0,ascending,273.79065
61.0,29.25,ascending,272.93533
61.0,29.5,ascending,269.82498
61.0,29.75,ascending,261.38077
61.0,30.0,ascending,252.82214
61.0,30.25,ascending,240.10706
61.0,30.5,ascending,230.13579
61.0,30.75,ascending,223.73499
61.0,31.0,ascending,219.04117
61.0,31.25,ascending,217.0725
61.0,31.5,ascending,213.83398
61.0,31.75,ascending,213.93198
61.0,32.0,ascending,215.915
61.0,32.25,ascending,222.19666
61.0,32.5,ascending,230.63399
61.0,32.75,ascending,247.42665
61.0,33.0,ascending,258.22598
61.0,33.25,ascending,270.0175
61.0,33.5,ascending,273.61832
61.0,33.75,ascending,275.85
61.0,34.0,ascending,276.00833
61.0,34.25,ascending,275.714
61.0,34.5,ascending,275.175
61.0,34.75,ascending,274.504
61.0,35.0,ascending,273.29498
61.0,35.25,ascending,271.54498
61.0,35.5,ascending,267.36798
61.0,35.75,ascending,260.94
61.0,36.0,ascending,255.48999
61.0,36.25,ascending,251.37334
61.0,36.5,ascending,253.128
61.0,36.75,ascending,258.7075
61.0,37.0,ascending,265.84
61.0,37.25,ascending,271.572
61.0,37.5,ascending,274.685
61.0,37.75,ascending,276.065
61.0,38.0,ascending,276.94
61.25,-13.0,ascending,216.73
61.25,-12.75,ascending,215.36398
61.25,-12.5,ascending,213.9975
61.25,-12.25,ascending,213.44199
61.25,-12.0,ascending,213.14998
61.25,-11.75,ascending,212.59
61.25,-11.5,ascending,211.8125
61.25,-11.25,ascending,211.405
61.25,-11.0,ascending,211.14499
61.25,-10.75,ascending,211.0
61.25,-10.5,ascending,210.79
61.25,-10.25,ascending,210.53749
61.25,-10.0,ascending,210.29
61.25,-9.75,ascending,210.06749
61.25,-9.5,ascending,210.07666
61.25,-9.25,ascending,210.1375
61.25,-9.0,ascending,210.14
61.25,-8.75,ascending,210.18666
61.25,-8.5,ascending,210.30798
61.25,-8.25,ascending,210.49666
61.25,-8.0,ascending,210.69
61.25,-7.75,ascending,210.85999
61.25,-7.5,ascending,211.1275
61.25,-7.25,ascending,212.12666
61.25,-7.0,ascending,213.39249
61.25,-6.75,ascending,215.54599
61.25,-6.5,ascending,216.95999
61.25,-6.25,ascending,217.64499
61.25,-6.0,ascending,218.99333
61.25,-5.75,ascending,219.39749
61.25,-5.5,ascending,218.14499
61.25,-5.25,ascending,215.95999
61.25,-5.0,ascending,214.36249
61.25,-4.75,ascending,213.42798
61.25,-4.5,ascending,212.785
61.25,-4.25,ascending,211.9
61.25,-4.0,ascending,211.2
61.25,-3.75,ascending,210.825
61.25,-3.5,ascending,210.79749
61.25,-3.25,ascending,210.8725
61.25,-3.0,ascending,211.082
61.25,-2.75,ascending,211.53749
61.25,-2.5,ascending,212.26999
61.25,-2.25,ascending,213.29399
61.25,-2.0,ascending,215.33
61.25,-1.75,ascending,217.2
61.25,-1.5,ascending,218.03249
61.25,-1.25,ascending,221.066
61.25,-1.0,ascending,220.13545
61.25,-0.75,ascending,221.58311
61.25,-0.5,ascending,224.2775
61.25,-0.25,ascending,226.76
61.25,-0.0,ascending,227.21332
61.25,0.25,ascending,230.4575
61.25,0.5,ascending,230.57722
61.25,0.75,ascending,229.34546
61.25,1.0,ascending,227.66154
61.25,1.25,ascending,226.16914
61.25,1.5,ascending,226.14532
61.25,1.75,ascending,227.33583
61.25,2.0,ascending,229.65999
61.25,2.25,ascending,232.15916
61.25,2.5,ascending,234.62845
61.25,2.75,ascending,234.36165
61.25,3.0,ascending,233.19666
61.25,3.25,ascending,231.01768
61.25,3.5,ascending,228.14917
61.25,3.75,ascending,227.33833
61.25,4.0,ascending,226.48915
61.25,4.25,ascending,228.555
61.25,4.5,ascending,232.77713
61.25,4.75,ascending,239.56686
61.25,5.0,ascending,248.34769
61.25,5.25,ascending,256.912
61.25,5.5,ascending,263.214
61.25,5.75,ascending,265.66882
61.25,6.0,ascending,267.27148
61.25,6.25,ascending,267.53427
61.25,6.5,ascending,266.87
61.25,6.75,ascending,267.3175
61.25,7.0,ascending,267.72
61.25,7.25,ascending,268.405
61.25,7.5,ascending,269.136
61.25,7.75,ascending,269.8125
61.25,8.0,ascending,270.136
61.25,8.25,ascending,269.8675
61.25,8.5,ascending,270.21002
61.25,8.75,ascending,270.585
61.25,9.0,ascending,271.6
61.25,9.25,ascending,273.4833
61.25,9.5,ascending,274.902
61.25,9.75,ascending,276.79333
61.25,10.0,ascending,278.05
61.25,10.25,ascending,279.22998
61.25,10.5,ascending,280.0325
61.25,10.75,ascending,280.74
61.25,11.0,ascending,281.41666
61.25,11.25,ascending,282.11798
61.25,11.5,ascending,282.48248
61.25,11.75,ascending,282.615
61.25,12.0,ascending,282.662
61.25,12.25,ascending,282.8633
61.25,12.5,ascending,283.024
61.25,12.75,ascending,283.25748
61.25,13.0,ascending,283.51398
61.25,13.25,ascending,283.69998
61.25,13.5,ascending,283.744
61.25,13.75,ascending,283.91498
61.25,14.0,ascending,284.0725
61.25,14.25,ascending,284.046
61.25,14.5,ascending,283.94666
61.25,14.75,ascending,283.216
61.25,15.0,ascending,283.21335
61.25,15.25,ascending,282.73248
61.25,15.5,ascending,282.43997
61.25,15.75,ascending,282.666
61.25,16.0,ascending,282.9875
61.25,16.25,ascending,282.97748
61.25,16.5,ascending,282.085
61.25,16.75,ascending,279.615
61.25,17.0,ascending,270.21
61.25,17.25,ascending,255.89499
61.25,17.5,ascending,239.93799
61.25,17.75,ascending,225.69331
61.25,18.0,ascending,218.875
61.25,18.25,ascending,216.64249
61.25,18.5,ascending,215.96799
61.25,18.75,ascending,215.815
61.25,19.0,ascending,215.788
61.25,19.25,ascending,215.805
61.25,19.5,ascending,215.82666
61.25,19.75,ascending,215.73334
61.25,20.0,ascending,215.52666
61.25,20.25,ascending,215.20667
61.25,20.5,ascending,214.986
61.25,20.75,ascending,215.48749
61.25,21.0,ascending,219.064
61.25,21.25,ascending,229.1
61.25,21.5,ascending,247.13998
61.25,21.75,ascending,265.7125
61.25,22.0,ascending,276.694
61.25,22.25,ascending,280.3075
61.25,22.5,ascending,280.896
61.25,22.75,ascending,280.87668
61.25,23.0,ascending,279.878
61.25,23.25,ascending,277.86
61.25,23.5,ascending,275.58197
61.25,23.75,ascending,272.3718
61.25,24.0,ascending,271.67563
61.25,24.25,ascending,271.30374
61.25,24.5,ascending,270.844
61.25,24.75,ascending,270.9046
61.25,25.0,ascending,269.8
61.25,25.25,ascending,268.4446
61.25,25.5,ascending,267.68384
61.25,25.75,ascending,268.51498
61.25,26.0,ascending,269.28537
61.25,26.25,ascending,269.5606
61.25,26.5,ascending,270.32166
61.25,26.75,ascending,270.76453
61.25,27.0,ascending,270.95334
61.25,27.25,ascending,269.98538
61.25,27.5,ascending,267.92667
61.25,27.75,ascending,265.23917
61.25,28.0,ascending,262.61847
61.25,28.25,ascending,262.10364
61.25,28.5,ascending,262.236
61.25,28.75,ascending,265.07785
61.25,29.0,ascending,268.6158
61.25,29.25,ascending,271.27307
61.25,29.5,ascending,270.99286
61.25,29.75,ascending,265.8193
61.25,30.0,ascending,255.03398
61.25,30.25,ascending,242.89307
61.25,30.5,ascending,234.93332
61.25,30.75,ascending,227.39262
61.25,31.0,ascending,223.80357
61.25,31.25,ascending,223.35799
61.25,31.5,ascending,223.832
61.25,31.75,ascending,227.498
61.25,32.0,ascending,235.64333
61.25,32.25,ascending,243.868
61.25,32.5,ascending,257.404
61.25,32.75,ascending,268.18668
61.25,33.0,ascending,272.1625
61.25,33.25,ascending,274.822
61.25,33.5,ascending,275.63333
61.25,33.75,ascending,275.74
61.25,34.0,ascending,275.47998
61.25,34.25,ascending,275.456
61.25,34.5,ascending,274.895
61.25,34.75,ascending,273.87
61.25,35.0,ascending,270.266
61.25,35.25,ascending,265.7825
61.25,35.5,ascending,254.1275
61.25,35.75,ascending,247.35999
61.25,36.0,ascending,240.276
61.25,36.25,ascending,240.4325
61.25,36.5,ascending,246.69331
61.25,36.75,ascending,258.416
61.25,37.0,ascending,269.145
61.25,37.25,ascending,273.35498
61.25,37.5,ascending,276.284
61.25,37.75,ascending,277.23248
61.25,38.0,ascending,277.485
61.5,-13.0,ascending,214.72
61.5,-12.75,ascending,213.85999
61.5,-12.5,ascending,213.46667
61.5,-12.25,ascending,212.96599
61.5,-12.0,ascending,212.375
61.5,-11.75,ascending,211.846
61.5,-11.5,ascending,211.57332
61.5,-11.25,ascending,211.43799
61.5,-11.0,ascending,211.1075
61.5,-10.75,ascending,210.76
61.5,-10.5,ascending,210.51498
61.5,-10.25,ascending,210.17749
61.5,-10.0,ascending,210.06
61.5,-9.75,ascending,209.94499
61.5,-9.5,ascending,209.894
61.5,-9.25,ascending,209.875
61.5,-9.0,ascending,209.88249
61.5,-8.75,ascending,209.95999
61.5,-8.5,ascending,210.135
61.5,-8.25,ascending,210.45401
61.5,-8.0,ascending,210.6975
61.5,-7.75,ascending,211.078
61.5,-7.5,ascending,211.79333
61.5,-7.25,ascending,213.724
61.5,-7.0,ascending,217.19499
61.5,-6.75,ascending,220.37997
61.5,-6.5,ascending,220.51
61.5,-6.25,ascending,219.3675
61.5,-6.0,ascending,219.2025
61.5,-5.75,ascending,218.99199
61.5,-5.5,ascending,217.39749
61.5,-5.25,ascending,215.776
61.5,-5.0,ascending,214.535
61.5,-4.75,ascending,213.88199
61.5,-4.5,ascending,213.3075
61.5,-4.25,ascending,212.4625
61.5,-4.0,ascending,211.548
61.5,-3.75,ascending,211.00749
61.5,-3.5,ascending,211.00801
61.5,-3.25,ascending,211.14749
61.5,-3.0,ascending,211.344
61.5,-2.75,ascending,211.50499
61.5,-2.5,ascending,211.96399
61.5,-2.25,ascending,212.545
61.5,-2.0,ascending,213.446
61.5,-1.75,ascending,214.415
61.5,-1.5,ascending,215.21599
61.5,-1.25,ascending,216.04001
61.5,-1.0,ascending,217.11894
61.5,-0.75,ascending,219.10286
61.5,-0.5,ascending,221.29466
61.5,-0.25,ascending,224.45142
61.5,-0.0,ascending,226.97356
61.5,0.25,ascending,230.66928
61.5,0.5,ascending,233.41583
61.5,0.75,ascending,235.16374
61.5,1.0,ascending,233.85153
61.5,1.25,ascending,231.80727
61.5,1.5,ascending,229.80415
61.5,1.75,ascending,228.29454
61.5,2.0,ascending,227.91333
61.5,2.25,ascending,228.6018
61.5,2.5,ascending,230.02
61.5,2.75,ascending,232.49727
61.5,3.0,ascending,233.52998
61.5,3.25,ascending,234.3525
61.5,3.5,ascending,234.05692
61.5,3.75,ascending,230.09248
61.5,4.0,ascending,228.84734
61.5,4.25,ascending,230.03769
61.5,4.5,ascending,233.08
61.5,4.75,ascending,240.06665
61.5,5.0,ascending,247.41998
61.5,5.25,ascending,255.38713
61.5,5.5,ascending,261.55002
61.5,5.75,ascending,265.24472
61.5,6.0,ascending,268.22864
61.5,6.25,ascending,268.26398
61.5,6.5,ascending,268.07
61.5,6.75,ascending,268.56833
61.5,7.0,ascending,268.7575
61.5,7.25,ascending,268.82
61.5,7.5,ascending,268.638
61.5,7.75,ascending,268.604
61.5,8.0,ascending,267.84998
61.5,8.25,ascending,267.718
61.5,8.5,ascending,268.0075
61.5,8.75,ascending,269.08197
61.5,9.0,ascending,270.97998
61.5,9.25,ascending,272.73398
61.5,9.5,ascending,275.27997
61.5,9.75,ascending,276.978
61.5,10.0,ascending,278.44598
61.5,10.25,ascending,279.23248
61.5,10.5,ascending,279.872
61.5,10.75,ascending,280.4975
61.5,11.0,ascending,281.1975
61.5,11.25,ascending,281.63748
61.5,11.5,ascending,281.974
61.5,11.75,ascending,282.12
61.5,12.0,ascending,282.1825
61.5,12.25,ascending,282.34665
61.5,12.5,ascending,282.125
61.5,12.75,ascending,282.49
61.5,13.0,ascending,283.04248
61.5,13.25,ascending,283.41248
61.5,13.5,ascending,283.836
61.5,13.75,ascending,284.30664
61.5,14.0,ascending,284.7175
61.5,14.25,ascending,284.885
61.5,14.5,ascending,284.54
61.5,14.75,ascending,284.08
61.5,15.0,ascending,283.472
61.5,15.25,ascending,283.19
61.5,15.5,ascending,283.248
61.5,15.75,ascending,283.49
61.5,16.0,ascending,283.41998
61.5,16.25,ascending,282.87
61.5,16.5,ascending,281.5725
61.5,16.75,ascending,278.1
61.5,17.0,ascending,271.976
61.5,17.25,ascending,260.0075
61.5,17.5,ascending,243.96999
61.5,17.75,ascending,230.02249
61.5,18.0,ascending,221.37
61.5,18.25,ascending,217.33249
61.5,18.5,ascending,216.124
61.5,18.75,ascending,215.81331
61.5,19.0,ascending,215.74666
61.5,19.25,ascending,215.77
61.5,19.5,ascending,215.78198
61.5,19.75,ascending,215.6025
61.5,20.0,ascending,215.33
61.5,20.25,ascending,214.97499
61.5,20.5,ascending,214.85333
61.5,20.75,ascending,215.76999
61.5,21.0,ascending,219.01749
61.5,21.25,ascending,229.748
61.5,21.5,ascending,246.25499
61.5,21.75,ascending,264.85
61.5,22.0,ascending,276.6725
61.5,22.25,ascending,280.96198
61.5,22.5,ascending,281.6925
61.5,22.75,ascending,280.82
61.5,23.0,ascending,279.616
61.5,23.25,ascending,275.2633
61.5,23.5,ascending,272.57352
61.5,23.75,ascending,271.153
61.5,24.0,ascending,270.32666
61.5,24.25,ascending,269.88733
61.5,24.5,ascending,269.72214
61.5,24.75,ascending,269.49265
61.5,25.0,ascending,267.94748
61.5,25.25,ascending,266.39767
61.5,25.5,ascending,265.1314
61.5,25.75,ascending,265.37
61.5,26.0,ascending,266.79166
61.5,26.25,ascending,267.3675
61.5,26.5,ascending,267.8853
61.5,26.75,ascending,268.67642
61.5,27.0,ascending,269.38928
61.5,27.25,ascending,269.11923
61.5,27.5,ascending,268.1357
61.5,27.75,ascending,265.5964
61.5,28.0,ascending,263.59
61.5,28.25,ascending,261.75
61.5,28.5,ascending,262.14075
61.5,28.75,ascending,263.18546
61.5,29.0,ascending,265.1843
61.5,29.25,ascending,266.91077
61.5,29.5,ascending,269.22153
61.5,29.75,ascending,269.00858
61.5,30.0,ascending,265.93533
61.5,30.25,ascending,259.6022
61.5,30.5,ascending,251.55525
61.5,30.75,ascending,245.63525
61.5,31.0,ascending,242.905
61.5,31.25,ascending,243.93799
61.5,31.5,ascending,247.03198
61.5,31.75,ascending,254.55334
61.5,32.0,ascending,260.43
61.5,32.25,ascending,269.55667
61.5,32.5,ascending,272.576
61.5,32.75,ascending,274.79498
61.5,33.0,ascending,274.675
61.5,33.25,ascending,273.89334
61.5,33.5,ascending,273.41333
61.5,33.75,ascending,273.6425
61.5,34.0,ascending,273.94598
61.5,34.25,ascending,273.5525
61.5,34.5,ascending,272.0
61.5,34.75,ascending,265.77997
61.5,35.0,ascending,256.13
61.5,35.25,ascending,251.43799
61.5,35.5,ascending,241.325
61.5,35.75,ascending,235.828
61.5,36.0,ascending,234.97333
61.5,36.25,ascending,240.98999
61.5,36.5,ascending,256.314
61.5,36.75,ascending,266.47333
61.5,37.0,ascending,273.01398
61.5,37.25,ascending,276.1725
61.5,37.5,ascending,276.81998
61.5,37.75,ascending,276.97797
61.5,38.0,ascending,277.08334
61.75,-13.0,ascending,213.45
61.75,-12.75,ascending,213.06665
61.75,-12.5,ascending,212.51749
61.75,-12.25,ascending,211.69199
61.75,-12.0,ascending,211.33333
61.75,-11.75,ascending,211.122
61.75,-11.5,ascending,211.01
61.75,-11.25,ascending,210.88335
61.75,-11.0,ascending,210.606
61.75,-10.75,ascending,210.22998
61.75,-10.5,ascending,210.07999
61.75,-10.25,ascending,209.908
61.75,-10.0,ascending,209.79
61.75,-9.75,ascending,209.6525
61.75,-9.5,ascending,209.555
61.75,-9.25,ascending,209.56999
61.75,-9.0,ascending,209.60799
61.75,-8.75,ascending,209.83667
61.75,-8.5,ascending,210.15
61.75,-8.25,ascending,210.4375
61.75,-8.0,ascending,210.77666
61.75,-7.75,ascending,211.68666
61.75,-7.5,ascending,213.325
61.75,-7.25,ascending,217.65201
61.75,-7.0,ascending,222.38
61.75,-6.75,ascending,225.30666
61.75,-6.5,ascending,224.50749
61.75,-6.25,ascending,220.892
61.75,-6.0,ascending,218.4075
61.75,-5.75,ascending,217.13799
61.75,-5.5,ascending,215.66
61.75,-5.25,ascending,214.97
61.75,-5.0,ascending,214.478
61.75,-4.75,ascending,214.255
61.75,-4.5,ascending,213.858
61.75,-4.25,ascending,213.0125
61.75,-4.0,ascending,212.0125
61.75,-3.75,ascending,211.324
61.75,-3.5,ascending,211.19331
61.75,-3.25,ascending,211.618
61.75,-3.0,ascending,211.94249
61.75,-2.75,ascending,211.96399
61.75,-2.5,ascending,212.22499
61.75,-2.25,ascending,212.5375
61.75,-2.0,ascending,212.98799
61.75,-1.75,ascending,214.326
61.75,-1.5,ascending,214.90701
61.75,-1.25,ascending,215.24277
61.75,-1.0,ascending,215.68141
61.75,-0.75,ascending,216.61284
61.75,-0.5,ascending,218.18938
61.75,-0.25,ascending,220.67154
61.75,-0.0,ascending,223.27667
61.75,0.25,ascending,227.32143
61.75,0.5,ascending,231.01917
61.75,0.75,ascending,234.20728
61.75,1.0,ascending,236.94812
61.75,1.25,ascending,237.09215
61.75,1.5,ascending,235.4923
61.75,1.75,ascending,232.79915
61.75,2.0,ascending,230.60083
61.75,2.25,ascending,229.1425
61.75,2.5,ascending,228.429
61.75,2.75,ascending,228.83998
61.75,3.0,ascending,230.46077
61.75,3.25,ascending,232.61539
61.75,3.5,ascending,232.21999
61.75,3.75,ascending,233.60933
61.75,4.0,ascending,232.69916
61.75,4.25,ascending,232.0125
61.75,4.5,ascending,234.10417
61.75,4.75,ascending,238.54356
61.75,5.0,ascending,246.16667
61.75,5.25,ascending,253.448
61.75,5.5,ascending,258.72266
61.75,5.75,ascending,263.0225
61.75,6.0,ascending,265.17047
61.75,6.25,ascending,265.775
61.75,6.5,ascending,266.82666
61.75,6.75,ascending,267.7475
61.75,7.0,ascending,267.9925
61.75,7.25,ascending,267.995
61.75,7.5,ascending,267.544
61.75,7.75,ascending,267.21335
61.75,8.0,ascending,267.3
61.75,8.25,ascending,267.9225
61.75,8.5,ascending,269.154
61.75,8.75,ascending,270.58334
61.75,9.0,ascending,272.34998
61.75,9.25,ascending,274.26
61.75,9.5,ascending,275.8775
61.75,9.75,ascending,277.005
61.75,10.0,ascending,277.58334
61.75,10.25,ascending,278.5675
61.75,10.5,ascending,279.3225
61.75,10.75,ascending,280.27
61.75,11.0,ascending,280.85602
61.75,11.25,ascending,281.32
61.75,11.5,ascending,281.505
61.75,11.75,ascending,280.70667
61.75,12.0,ascending,280.41748
61.75,12.25,ascending,280.03998
61.75,12.5,ascending,280.26
61.75,12.75,ascending,281.42
61.75,13.0,ascending,282.31
61.75,13.25,ascending,283.11
61.75,13.5,ascending,283.57
61.75,13.75,ascending,284.132
61.75,14.0,ascending,284.43002
61.75,14.25,ascending,284.096
61.75,14.5,ascending,283.465
61.75,14.75,ascending,283.09198
61.75,15.0,ascending,283.00333
61.75,15.25,ascending,283.2175
61.75,15.5,ascending,283.455
61.75,15.75,ascending,283.56598
61.75,16.0,ascending,283.22
61.75,16.25,ascending,282.43
61.75,16.5,ascending,281.34
61.75,16.75,ascending,279.076
61.75,17.0,ascending,274.40332
61.75,17.25,ascending,262.83
61.75,17.5,ascending,250.155
61.75,17.75,ascending,235.95499
61.75,18.0,ascending,224.66202
61.75,18.25,ascending,218.65332
61.75,18.5,ascending,216.54668
61.75,18.75,ascending,215.9675
61.75,19.0,ascending,215.79399
61.75,19.25,ascending,215.70999
61.75,19.5,ascending,215.59799
61.75,19.75,ascending,215.2425
61.75,20.0,ascending,214.96999
61.75,20.25,ascending,214.748
61.75,20.5,ascending,214.8375
61.75,20.75,ascending,215.63667
61.75,21.0,ascending,221.444
61.75,21.25,ascending,234.54
61.75,21.5,ascending,251.18198
61.75,21.75,ascending,268.865
61.75,22.0,ascending,277.3725
61.75,22.25,ascending,282.3725
61.75,22.5,ascending,282.625
61.75,22.75,ascending,281.87
61.75,23.0,ascending,278.33362
61.75,23.25,ascending,275.79437
61.75,23.5,ascending,274.5981
61.75,23.75,ascending,273.20642
61.75,24.0,ascending,272.2041
61.75,24.25,ascending,272.03665
61.75,24.5,ascending,272.15427
61.75,24.75,ascending,272.30417
61.75,25.0,ascending,270.96613
61.75,25.25,ascending,269.76636
61.75,25.5,ascending,267.9509
61.75,25.75,ascending,267.21286
61.75,26.0,ascending,267.94537
61.75,26.25,ascending,267.79636
61.75,26.5,ascending,267.75333
61.75,26.75,ascending,267.83545
61.75,27.0,ascending,268.59332
61.75,27.25,ascending,269.7991
61.75,27.5,ascending,269.905
61.75,27.75,ascending,269.22415
61.75,28.0,ascending,267.549
61.75,28.25,ascending,265.63922
61.75,28.5,ascending,264.04166
61.75,28.75,ascending,261.97092
61.75,29.0,ascending,261.0493
61.75,29.25,ascending,261.2191
61.75,29.5,ascending,263.01266
61.75,29.75,ascending,264.73267
61.75,30.0,ascending,266.78598
61.75,30.25,ascending,267.42532
61.75,30.5,ascending,266.23706
61.75,30.75,ascending,263.32248
61.75,31.0,ascending,262.69333
61.75,31.25,ascending,264.63
61.75,31.5,ascending,268.71198
61.75,31.75,ascending,271.35666
61.75,32.0,ascending,274.14166
61.75,32.25,ascending,275.65332
61.75,32.5,ascending,275.625
61.75,32.75,ascending,274.32
61.75,33.0,ascending,272.60333
61.75,33.25,ascending,271.354
61.75,33.5,ascending,270.39667
61.75,33.75,ascending,271.1775
61.75,34.0,ascending,271.15802
61.75,34.25,ascending,269.385
61.75,34.5,ascending,263.08798
61.75,34.75,ascending,255.89667
61.75,35.0,ascending,248.82498
61.75,35.25,ascending,241.62999
61.75,35.5,ascending,239.46599
61.75,35.75,ascending,239.14
61.75,36.0,ascending,244.354
61.75,36.25,ascending,256.62
61.75,36.5,ascending,265.6425
61.75,36.75,ascending,271.8325
61.75,37.0,ascending,275.288
61.75,37.25,ascending,276.03
61.75,37.5,ascending,276.04498
61.75,37.75,ascending,276.18597
61.75,38.0,ascending,276.47998
62.0,-13.0,ascending,212.16998
62.0,-12.75,ascending,212.02998
62.0,-12.5,ascending,211.42
62.0,-12.25,ascending,211.02
62.0,-12.0,ascending,210.825
62.0,-11.75,ascending,210.618
62.0,-11.5,ascending,210.52666
62.0,-11.25,ascending,210.47
62.0,-11.0,ascending,210.33499
62.0,-10.75,ascending,210.17
62.0,-10.5,ascending,209.9725
62.0,-10.25,ascending,209.83667
62.0,-10.0,ascending,209.6625
62.0,-9.75,ascending,209.51999
62.0,-9.5,ascending,209.4375
62.0,-9.25,ascending,209.48198
62.0,-9.0,ascending,209.62999
62.0,-8.75,ascending,209.8525
62.0,-8.5,ascending,210.16199
62.0,-8.25,ascending,210.46999
62.0,-8.0,ascending,210.97998
62.0,-7.75,ascending,212.37
62.0,-7.5,ascending,215.76999
62.0,-7.25,ascending,221.12334
62.0,-7.0,ascending,227.88998
62.0,-6.75,ascending,230.1
62.0,-6.5,ascending,228.105
62.0,-6.25,ascending,222.48001
62.0,-6.0,ascending,217.81
62.0,-5.75,ascending,215.5275
62.0,-5.5,ascending,214.45
62.0,-5.25,ascending,214.15
62.0,-5.0,ascending,214.30801
62.0,-4.75,ascending,214.485
62.0,-4.5,ascending,214.31999
62.0,-4.25,ascending,213.592
62.0,-4.0,ascending,212.3625
62.0,-3.75,ascending,211.6125
62.0,-3.5,ascending,211.45398
62.0,-3.25,ascending,211.975
62.0,-3.0,ascending,212.30249
62.0,-2.75,ascending,212.45401
62.0,-2.5,ascending,212.4625
62.0,-2.25,ascending,212.83167
62.0,-2.0,ascending,213.77155
62.0,-1.75,ascending,214.17764
62.0,-1.5,ascending,214.51312
62.0,-1.25,ascending,214.98062
62.0,-1.0,ascending,215.18642
62.0,-0.75,ascending,215.43785
62.0,-0.5,ascending,215.95636
62.0,-0.25,ascending,217.18999
62.0,-0.0,ascending,219.075
62.0,0.25,ascending,221.706
62.0,0.5,ascending,225.095
62.0,0.75,ascending,229.505
62.0,1.0,ascending,233.59917
62.0,1.25,ascending,236.48201
62.0,1.5,ascending,238.78499
62.0,1.75,ascending,239.27538
62.0,2.0,ascending,238.194
62.0,2.25,ascending,236.36998
62.0,2.5,ascending,233.22142
62.0,2.75,ascending,232.60999
62.0,3.0,ascending,231.58078
62.0,3.25,ascending,231.73363
62.0,3.5,ascending,233.51
62.0,3.75,ascending,234.25845
62.0,4.0,ascending,233.98846
62.0,4.25,ascending,233.03091
62.0,4.5,ascending,232.32927
62.0,4.75,ascending,234.58308
62.0,5.0,ascending,239.04
62.0,5.25,ascending,246.398
62.0,5.5,ascending,254.03888
62.0,5.75,ascending,259.09644
62.0,6.0,ascending,260.94788
62.0,6.25,ascending,260.75168
62.0,6.5,ascending,263.522
62.0,6.75,ascending,265.80667
62.0,7.0,ascending,266.672
62.0,7.25,ascending,267.20334
62.0,7.5,ascending,267.26334
62.0,7.75,ascending,267.465
62.0,8.0,ascending,267.8825
62.0,8.25,ascending,268.68402
62.0,8.5,ascending,269.6875
62.0,8.75,ascending,270.924
62.0,9.0,ascending,272.185
62.0,9.25,ascending,273.46
62.0,9.5,ascending,274.22748
62.0,9.75,ascending,275.29248
62.0,10.0,ascending,276.396
62.0,10.25,ascending,277.615
62.0,10.5,ascending,278.65
62.0,10.75,ascending,279.496
62.0,11.0,ascending,280.085
62.0,11.25,ascending,280.265
62.0,11.5,ascending,279.53748
62.0,11.75,ascending,278.43
62.0,12.0,ascending,277.61
62.0,12.25,ascending,277.35498
62.0,12.5,ascending,278.345
62.0,12.75,ascending,279.72998
62.0,13.0,ascending,281.05402
62.0,13.25,ascending,282.0
62.0,13.5,ascending,282.845
62.0,13.75,ascending,283.32666
62.0,14.0,ascending,283.43332
62.0,14.25,ascending,283.06998
62.0,14.5,ascending,282.8875
62.0,14.75,ascending,282.79666
62.0,15.0,ascending,282.676
62.0,15.25,ascending,282.5675
62.0,15.5,ascending,282.59
62.0,15.75,ascending,282.51498
62.0,16.0,ascending,282.52332
62.0,16.25,ascending,282.236
62.0,16.5,ascending,281.6425
62.0,16.75,ascending,280.5875
62.0,17.0,ascending,277.28
62.0,17.25,ascending,269.33798
62.0,17.5,ascending,257.5575
62.0,17.75,ascending,241.28201
62.0,18.0,ascending,228.15
62.0,18.25,ascending,221.6275
62.0,18.5,ascending,217.81999
62.0,18.75,ascending,216.64749
62.0,19.0,ascending,215.874
62.0,19.25,ascending,215.4675
62.0,19.5,ascending,215.18
62.0,19.75,ascending,214.85
62.0,20.0,ascending,214.6075
62.0,20.25,ascending,214.57999
62.0,20.5,ascending,215.104
62.0,20.75,ascending,217.215
62.0,21.0,ascending,225.78
62.0,21.25,ascending,242.7425
62.0,21.5,ascending,259.9
62.0,21.75,ascending,274.875
62.0,22.0,ascending,280.7075
62.0,22.25,ascending,283.168
62.0,22.5,ascending,282.82498
62.0,22.75,ascending,280.46075
62.0,23.0,ascending,278.99057
62.0,23.25,ascending,278.24866
62.0,23.5,ascending,277.11642
62.0,23.75,ascending,275.95538
62.0,24.0,ascending,275.13498
62.0,24.25,ascending,274.39285
62.0,24.5,ascending,274.24768
62.0,24.75,ascending,274.79364
62.0,25.0,ascending,274.0557
62.0,25.25,ascending,273.41916
62.0,25.5,ascending,271.8818
62.0,25.75,ascending,270.45364
62.0,26.0,ascending,270.47092
62.0,26.25,ascending,271.1158
62.0,26.5,ascending,271.22726
62.0,26.75,ascending,270.94998
62.0,27.0,ascending,270.72415
62.0,27.25,ascending,270.86273
62.0,27.5,ascending,270.78363
62.0,27.75,ascending,269.82416
62.0,28.0,ascending,268.1708
62.0,28.25,ascending,265.7408
62.0,28.5,ascending,263.33383
62.0,28.75,ascending,261.46613
62.0,29.0,ascending,259.9869
62.0,29.25,ascending,259.74213
62.0,29.5,ascending,260.892
62.0,29.75,ascending,263.606
62.0,30.0,ascending,267.35062
62.0,30.25,ascending,269.37057
62.0,30.5,ascending,270.31833
62.0,30.75,ascending,269.75333
62.0,31.0,ascending,270.4
62.0,31.25,ascending,272.378
62.0,31.5,ascending,273.64
62.0,31.75,ascending,274.70667
62.0,32.0,ascending,275.2675
62.0,32.25,ascending,274.835
62.0,32.5,ascending,274.20834
62.0,32.75,ascending,272.70334
62.0,33.0,ascending,271.41333
62.0,33.25,ascending,270.57498
62.0,33.5,ascending,270.53
62.0,33.75,ascending,270.792
62.0,34.0,ascending,269.3725
62.0,34.25,ascending,265.298
62.0,34.5,ascending,260.33334
62.0,34.75,ascending,254.42998
62.0,35.0,ascending,250.35999
62.0,35.25,ascending,248.52249
62.0,35.5,ascending,249.125
62.0,35.75,ascending,250.56
62.0,36.0,ascending,256.91
62.0,36.25,ascending,263.94666
62.0,36.5,ascending,269.58398
62.0,36.75,ascending,273.145
62.0,37.0,ascending,273.7575
62.0,37.25,ascending,273.94
62.0,37.5,ascending,274.6975
62.0,37.75,ascending,275.9425
62.0,38.0,ascending,276.82333
62.25,-13.0,ascending,211.45999
62.25,-12.75,ascending,211.2825
62.25,-12.5,ascending,210.92749
62.25,-12.25,ascending,210.73248
62.25,-12.0,ascending,210.53749
62.25,-11.75,ascending,210.52666
62.25,-11.5,ascending,210.578
62.25,-11.25,ascending,210.59749
62.25,-11.0,ascending,210.46666
62.25,-10.75,ascending,210.1975
62.25,-10.5,ascending,209.94249
62.25,-10.25,ascending,209.745
62.25,-10.0,ascending,209.61
62.25,-9.75,ascending,209.54333
62.25,-9.5,ascending,209.54498
62.25,-9.25,ascending,209.60333
62.25,-9.0,ascending,209.83249
62.25,-8.75,ascending,210.05
62.25,-8.5,ascending,210.285
62.25,-8.25,ascending,210.57199
62.25,-8.0,ascending,211.1275
62.25,-7.75,ascending,212.08667
62.25,-7.5,ascending,215.5375
62.25,-7.25,ascending,221.77666
62.25,-7.0,ascending,226.18999
62.25,-6.75,ascending,229.3575
62.25,-6.5,ascending,226.83499
62.25,-6.25,ascending,222.056
62.25,-6.0,ascending,217.43333
62.25,-5.75,ascending,214.75334
62.25,-5.5,ascending,213.80333
62.25,-5.25,ascending,213.78667
62.25,-5.0,ascending,214.25665
62.25,-4.75,ascending,214.68999
62.25,-4.5,ascending,214.59
62.25,-4.25,ascending,213.89249
62.25,-4.0,ascending,212.70801
62.25,-3.75,ascending,211.84
62.25,-3.5,ascending,211.656
62.25,-3.25,ascending,212.02332
62.25,-3.0,ascending,212.3725
62.25,-2.75,ascending,212.455
62.25,-2.5,ascending,212.86777
62.25,-2.25,ascending,213.12071
62.25,-2.0,ascending,213.18875
62.25,-1.75,ascending,213.44714
62.25,-1.5,ascending,213.71533
62.25,-1.25,ascending,214.0646
62.25,-1.0,ascending,214.32599
62.25,-0.75,ascending,214.7675
62.25,-0.5,ascending,215.07153
62.25,-0.25,ascending,215.18666
62.25,-0.0,ascending,216.33583
62.25,0.25,ascending,217.72249
62.25,0.5,ascending,220.09846
62.25,0.75,ascending,223.97545
62.25,1.0,ascending,228.41547
62.25,1.25,ascending,233.71199
62.25,1.5,ascending,237.0675
62.25,1.75,ascending,240.15727
62.25,2.0,ascending,241.924
62.25,2.25,ascending,242.48726
62.25,2.5,ascending,240.79584
62.25,2.75,ascending,237.45082
62.25,3.0,ascending,235.92363
62.25,3.25,ascending,233.75273
62.25,3.5,ascending,232.61154
62.25,3.75,ascending,232.53499
62.25,4.0,ascending,232.40498
62.25,4.25,ascending,230.96999
62.25,4.5,ascending,229.21693
62.25,4.75,ascending,228.93799
62.25,5.0,ascending,230.16641
62.25,5.25,ascending,235.39934
62.25,5.5,ascending,241.00436
62.25,5.75,ascending,246.12866
62.25,6.0,ascending,249.49551
62.25,6.25,ascending,252.448
62.25,6.5,ascending,258.025
62.25,6.75,ascending,261.15
62.25,7.0,ascending,263.688
62.25,7.25,ascending,265.31665
62.25,7.5,ascending,266.422
62.25,7.75,ascending,266.52
62.25,8.0,ascending,267.218
62.25,8.25,ascending,268.12332
62.25,8.5,ascending,268.74
62.25,8.75,ascending,269.4575
62.25,9.0,ascending,270.322
62.25,9.25,ascending,270.96
62.25,9.5,ascending,272.116
62.25,9.75,ascending,273.54333
62.25,10.0,ascending,275.0825
62.25,10.25,ascending,276.635
62.25,10.5,ascending,277.73
62.25,10.75,ascending,278.66333
62.25,11.0,ascending,278.87997
62.25,11.25,ascending,278.89398
62.25,11.5,ascending,278.15665
62.25,11.75,ascending,277.108
62.25,12.0,ascending,276.06
62.25,12.25,ascending,275.90665
62.25,12.5,ascending,276.698
62.25,12.75,ascending,278.16748
62.25,13.0,ascending,279.46
62.25,13.25,ascending,281.018
62.25,13.5,ascending,282.05
62.25,13.75,ascending,282.6675
62.25,14.0,ascending,282.94998
62.25,14.25,ascending,282.84
62.25,14.5,ascending,282.69333
62.25,14.75,ascending,281.902
62.25,15.0,ascending,281.16
62.25,15.25,ascending,280.50665
62.25,15.5,ascending,280.46198
62.25,15.75,ascending,280.81332
62.25,16.0,ascending,281.498
62.25,16.25,ascending,281.28247
62.25,16.5,ascending,281.245
62.25,16.75,ascending,280.43
62.25,17.0,ascending,278.668
62.25,17.25,ascending,273.095
62.25,17.5,ascending,266.27332
62.25,17.75,ascending,251.155
62.25,18.0,ascending,236.07999
62.25,18.25,ascending,229.8575
62.25,18.5,ascending,222.11198
62.25,18.75,ascending,218.95499
62.25,19.0,ascending,216.422
62.25,19.25,ascending,215.41249
62.25,19.5,ascending,214.84
62.25,19.75,ascending,214.57999
62.25,20.0,ascending,214.474
62.25,20.25,ascending,214.635
62.25,20.5,ascending,215.79599
62.25,20.75,ascending,219.555
62.25,21.0,ascending,229.1425
62.25,21.25,ascending,244.89
62.25,21.5,ascending,264.11398
62.25,21.75,ascending,276.305
62.25,22.0,ascending,282.3
62.25,22.25,ascending,281.74554
62.25,22.5,ascending,281.6239
62.25,22.75,ascending,281.056
62.25,23.0,ascending,280.5007
62.25,23.25,ascending,279.93143
62.25,23.5,ascending,278.81357
62.25,23.75,ascending,278.1708
62.25,24.0,ascending,277.16916
62.25,24.25,ascending,276.5757
62.25,24.5,ascending,275.7983
62.25,24.75,ascending,276.20334
62.25,25.0,ascending,275.58154
62.25,25.25,ascending,275.21182
62.25,25.5,ascending,274.1191
62.25,25.75,ascending,272.46545
62.25,26.0,ascending,271.51666
62.25,26.25,ascending,271.45364
62.25,26.5,ascending,271.62082
62.25,26.75,ascending,272.18362
62.25,27.0,ascending,271.8525
62.25,27.25,ascending,270.97092
62.25,27.5,ascending,269.8127
62.25,27.75,ascending,268.71
62.25,28.0,ascending,267.3125
62.25,28.25,ascending,265.60544
62.25,28.5,ascending,264.34454
62.25,28.75,ascending,262.81613
62.25,29.0,ascending,261.39334
62.25,29.25,ascending,260.50726
62.25,29.5,ascending,261.344
62.25,29.75,ascending,264.03915
62.25,30.0,ascending,267.15598
62.25,30.25,ascending,270.60413
62.25,30.5,ascending,272.761
62.25,30.75,ascending,273.6246
62.25,31.0,ascending,273.0
62.25,31.25,ascending,274.1525
62.25,31.5,ascending,274.254
62.25,31.75,ascending,274.215
62.25,32.0,ascending,274.13
62.25,32.25,ascending,273.9425
62.25,32.5,ascending,273.85333
62.25,32.75,ascending,273.46
62.25,33.0,ascending,273.6133
62.25,33.25,ascending,272.8825
62.25,33.5,ascending,272.33398
62.25,33.75,ascending,270.815
62.25,34.0,ascending,268.044
62.25,34.25,ascending,265.18332
62.25,34.5,ascending,261.772
62.25,34.75,ascending,260.0533
62.25,35.0,ascending,258.162
62.25,35.25,ascending,257.1275
62.25,35.5,ascending,256.09
62.25,35.75,ascending,258.415
62.25,36.0,ascending,261.48248
62.25,36.25,ascending,267.27002
62.25,36.5,ascending,271.25
62.25,36.75,ascending,272.19666
62.25,37.0,ascending,272.18198
62.25,37.25,ascending,273.36
62.25,37.5,ascending,274.97665
62.25,37.75,ascending,276.756
62.25,38.0,ascending,277.91
62.5,-13.0,ascending,210.98
62.5,-12.75,ascending,210.7475
62.5,-12.5,ascending,210.60333
62.5,-12.25,ascending,210.48001
62.5,-12.0,ascending,210.38666
62.5,-11.75,ascending,210.4825
62.5,-11.5,ascending,210.62
62.5,-11.25,ascending,210.52249
62.5,-11.0,ascending,210.29999
62.5,-10.75,ascending,210.03
62.5,-10.5,ascending,209.79
62.5,-10.25,ascending,209.685
62.5,-10.0,ascending,209.6275
62.5,-9.75,ascending,209.74199
62.5,-9.5,ascending,209.82666
62.5,-9.25,ascending,209.92
62.5,-9.0,ascending,210.17998
62.5,-8.75,ascending,210.27998
62.5,-8.5,ascending,210.448
62.5,-8.25,ascending,210.70999
62.5,-8.0,ascending,211.07498
62.5,-7.75,ascending,212.12
62.5,-7.5,ascending,213.95499
62.5,-7.25,ascending,217.325
62.5,-7.0,ascending,221.22998
62.5,-6.75,ascending,225.08499
62.5,-6.5,ascending,224.77998
62.5,-6.25,ascending,220.5875
62.5,-6.0,ascending,215.89331
62.5,-5.75,ascending,213.995
62.5,-5.5,ascending,213.35
62.5,-5.25,ascending,213.59749
62.5,-5.0,ascending,214.16
62.5,-4.75,ascending,214.53333
62.5,-4.5,ascending,214.35999
62.5,-4.25,ascending,213.5875
62.5,-4.0,ascending,212.825
62.5,-3.75,ascending,212.17499
62.5,-3.5,ascending,211.95401
62.5,-3.25,ascending,212.015
62.5,-3.0,ascending,212.70714
62.5,-2.75,ascending,213.29713
62.5,-2.5,ascending,213.14221
62.5,-2.25,ascending,213.02933
62.5,-2.0,ascending,212.98386
62.5,-1.75,ascending,213.04
62.5,-1.5,ascending,213.16383
62.5,-1.25,ascending,213.38165
62.5,-1.0,ascending,213.4277
62.5,-0.75,ascending,213.64078
62.5,-0.5,ascending,213.86714
62.5,-0.25,ascending,214.00092
62.5,-0.0,ascending,214.531
62.5,0.25,ascending,215.316
62.5,0.5,ascending,216.51181
62.5,0.75,ascending,218.91167
62.5,1.0,ascending,222.48334
62.5,1.25,ascending,226.86916
62.5,1.5,ascending,231.40166
62.5,1.75,ascending,235.95546
62.5,2.0,ascending,239.44453
62.5,2.25,ascending,242.11363
62.5,2.5,ascending,243.8209
62.5,2.75,ascending,243.0109
62.5,3.0,ascending,241.32729
62.5,3.25,ascending,237.46544
62.5,3.5,ascending,235.90921
62.5,3.75,ascending,233.88832
62.5,4.0,ascending,232.20142
62.5,4.25,ascending,231.512
62.5,4.5,ascending,228.35571
62.5,4.75,ascending,226.48
62.5,5.0,ascending,224.97769
62.5,5.25,ascending,225.54562
62.5,5.5,ascending,229.61104
62.5,5.75,ascending,233.18588
62.5,6.0,ascending,237.17076
62.5,6.25,ascending,247.505
62.5,6.5,ascending,253.13799
62.5,6.75,ascending,256.07748
62.5,7.0,ascending,259.97998
62.5,7.25,ascending,260.666
62.5,7.5,ascending,262.86798
62.5,7.75,ascending,263.51248
62.5,8.0,ascending,265.0525
62.5,8.25,ascending,266.525
62.5,8.5,ascending,267.57666
62.5,8.75,ascending,268.122
62.5,9.0,ascending,269.0225
62.5,9.25,ascending,270.375
62.5,9.5,ascending,271.945
62.5,9.75,ascending,273.438
62.5,10.0,ascending,275.0
62.5,10.25,ascending,276.3125
62.5,10.5,ascending,277.41998
62.5,10.75,ascending,278.125
62.5,11.0,ascending,278.38397
62.5,11.25,ascending,278.19333
62.5,11.5,ascending,277.63
62.5,11.75,ascending,276.53598
62.5,12.0,ascending,275.70334
62.5,12.25,ascending,275.525
62.5,12.5,ascending,276.33398
62.5,12.75,ascending,277.57333
62.5,13.0,ascending,278.84998
62.5,13.25,ascending,279.775
62.5,13.5,ascending,280.748
62.5,13.75,ascending,281.58334
62.5,14.0,ascending,281.7
62.5,14.25,ascending,281.46667
62.5,14.5,ascending,280.796
62.5,14.75,ascending,278.54666
62.5,15.0,ascending,277.736
62.5,15.25,ascending,277.6775
62.5,15.5,ascending,278.20667
62.5,15.75,ascending,279.425
62.5,16.0,ascending,280.05402
62.5,16.25,ascending,280.25
62.5,16.5,ascending,280.3375
62.5,16.75,ascending,280.2575
62.5,17.0,ascending,279.994
62.5,17.25,ascending,277.02664
62.5,17.5,ascending,270.5525
62.5,17.75,ascending,261.8975
62.5,18.0,ascending,250.97
62.5,18.25,ascending,243.7325
62.5,18.5,ascending,231.55
62.5,18.75,ascending,225.37999
62.5,19.0,ascending,219.82999
62.5,19.25,ascending,216.95499
62.5,19.5,ascending,215.68599
62.5,19.75,ascending,214.75749
62.5,20.0,ascending,214.628
62.5,20.25,ascending,214.8
62.5,20.5,ascending,215.96748
62.5,20.75,ascending,220.74399
62.5,21.0,ascending,232.4375
62.5,21.25,ascending,247.81999
62.5,21.5,ascending,264.2175
62.5,21.75,ascending,276.76715
62.5,22.0,ascending,279.90286
62.5,22.25,ascending,281.33438
62.5,22.5,ascending,281.71948
62.5,22.75,ascending,281.86
62.5,23.0,ascending,281.39066
62.5,23.25,ascending,280.81998
62.5,23.5,ascending,280.29614
62.5,23.75,ascending,279.68307
62.5,24.0,ascending,279.2958
62.5,24.25,ascending,278.57712
62.5,24.5,ascending,278.20416
62.5,24.75,ascending,277.6575
62.5,25.0,ascending,277.06998
62.5,25.25,ascending,276.15546
62.5,25.5,ascending,274.94727
62.5,25.75,ascending,273.18546
62.5,26.0,ascending,271.37
62.5,26.25,ascending,269.94272
62.5,26.5,ascending,269.343
62.5,26.75,ascending,269.43698
62.5,27.0,ascending,269.16666
62.5,27.25,ascending,268.89
62.5,27.5,ascending,267.62817
62.5,27.75,ascending,266.75333
62.5,28.0,ascending,266.065
62.5,28.25,ascending,265.9577
62.5,28.5,ascending,265.516
62.5,28.75,ascending,264.94498
62.5,29.0,ascending,263.50333
62.5,29.25,ascending,262.75613
62.5,29.5,ascending,262.99356
62.5,29.75,ascending,264.61734
62.5,30.0,ascending,267.42352
62.5,30.25,ascending,270.4253
62.5,30.5,ascending,272.85
62.5,30.75,ascending,273.798
62.5,31.0,ascending,272.81332
62.5,31.25,ascending,273.31
62.5,31.5,ascending,273.3075
62.5,31.75,ascending,273.75
62.5,32.0,ascending,274.31598
62.5,32.25,ascending,274.8475
62.5,32.5,ascending,274.95
62.5,32.75,ascending,274.6425
62.5,33.0,ascending,274.06198
62.5,33.25,ascending,273.09497
62.5,33.5,ascending,271.96
62.5,33.75,ascending,270.064
62.5,34.0,ascending,268.34998
62.5,34.25,ascending,266.7825
62.5,34.5,ascending,265.0375
62.5,34.75,ascending,263.056
62.5,35.0,ascending,260.4833
62.5,35.25,ascending,258.58197
62.5,35.5,ascending,258.74332
62.5,35.75,ascending,262.46
62.5,36.0,ascending,267.815
62.5,36.25,ascending,271.26663
62.5,36.5,ascending,272.95248
62.5,36.75,ascending,273.18002
62.5,37.0,ascending,273.908
62.5,37.25,ascending,275.04
62.5,37.5,ascending,276.055
62.5,37.75,ascending,276.99332
62.5,38.0,ascending,277.40332
62.75,-13.0,ascending,210.62334
62.75,-12.75,ascending,210.54
62.75,-12.5,ascending,210.50749
62.75,-12.25,ascending,210.45401
62.75,-12.0,ascending,210.43666
62.75,-11.75,ascending,210.58
62.75,-11.5,ascending,210.665
62.75,-11.25,ascending,210.555
62.75,-11.0,ascending,210.2425
62.75,-10.75,ascending,210.05
62.75,-10.5,ascending,209.86333
62.75,-10.25,ascending,209.81999
62.75,-10.0,ascending,209.855
62.75,-9.75,ascending,210.06334
62.75,-9.5,ascending,210.185
62.75,-9.25,ascending,210.325
62.75,-9.0,ascending,210.48665
62.75,-8.75,ascending,210.56
62.75,-8.5,ascending,210.75601
62.75,-8.25,ascending,210.95
62.75,-8.0,ascending,211.22998
62.75,-7.75,ascending,211.79199
62.75,-7.5,ascending,213.10748
62.75,-7.25,ascending,215.6575
62.75,-7.0,ascending,219.8675
62.75,-6.75,ascending,223.96
62.75,-6.5,ascending,223.55333
62.75,-6.25,ascending,220.155
62.75,-6.0,ascending,215.94199
62.75,-5.75,ascending,213.5325
62.75,-5.5,ascending,213.11
62.75,-5.25,ascending,213.375
62.75,-5.0,ascending,213.79599
62.75,-4.75,ascending,214.0775
62.75,-4.5,ascending,213.69666
62.75,-4.25,ascending,213.35667
62.75,-4.0,ascending,212.93399
62.75,-3.75,ascending,212.665
62.75,-3.5,ascending,212.668
62.75,-3.25,ascending,213.30875
62.75,-3.0,ascending,213.69061
62.75,-2.75,ascending,213.61934
62.75,-2.5,ascending,213.45117
62.75,-2.25,ascending,213.32785
62.75,-2.0,ascending,213.21286
62.75,-1.75,ascending,213.28082
62.75,-1.5,ascending,213.21817
62.75,-1.25,ascending,213.31857
62.75,-1.0,ascending,213.29099
62.75,-0.75,ascending,213.37
62.75,-0.5,ascending,213.46124
62.75,-0.25,ascending,213.44818
62.75,-0.0,ascending,214.11415
62.75,0.25,ascending,214.05182
62.75,0.5,ascending,214.665
62.75,0.75,ascending,215.97443
62.75,1.0,ascending,217.87636
62.75,1.25,ascending,220.979
62.75,1.5,ascending,224.44699
62.75,1.75,ascending,228.81299
62.75,2.0,ascending,232.623
62.75,2.25,ascending,236.4627
62.75,2.5,ascending,240.82
62.75,2.75,ascending,242.98001
62.75,3.0,ascending,244.22182
62.75,3.25,ascending,243.1623
62.75,3.5,ascending,241.82999
62.75,3.75,ascending,239.2477
62.75,4.0,ascending,236.83333
62.75,4.25,ascending,233.20091
62.75,4.5,ascending,230.04199
62.75,4.75,ascending,227.28384
62.75,5.0,ascending,224.32462
62.75,5.25,ascending,226.92
62.75,5.5,ascending,226.4194
62.75,5.75,ascending,225.98611
62.75,6.0,ascending,232.93999
62.75,6.25,ascending,247.30165
62.75,6.5,ascending,248.95667
62.75,6.75,ascending,251.15999
62.75,7.0,ascending,252.36499
62.75,7.25,ascending,254.14
62.75,7.5,ascending,256.3875
62.75,7.75,ascending,259.37997
62.75,8.0,ascending,260.81
62.75,8.25,ascending,263.56
62.75,8.5,ascending,264.622
62.75,8.75,ascending,266.1775
62.75,9.0,ascending,268.4275
62.75,9.25,ascending,270.27332
62.75,9.5,ascending,272.26498
62.75,9.75,ascending,274.2525
62.75,10.0,ascending,275.66498
62.75,10.25,ascending,276.9725
62.75,10.5,ascending,277.6425
62.75,10.75,ascending,277.7925
62.75,11.0,ascending,277.8725
62.75,11.25,ascending,277.385
62.75,11.5,ascending,276.756
62.75,11.75,ascending,276.04
62.75,12.0,ascending,275.4975
62.75,12.25,ascending,275.31665
62.75,12.5,ascending,275.746
62.75,12.75,ascending,276.8425
62.75,13.0,ascending,277.81998
62.75,13.25,ascending,278.20248
62.75,13.5,ascending,278.905
62.75,13.75,ascending,279.5775
62.75,14.0,ascending,279.14664
62.75,14.25,ascending,278.26
62.75,14.5,ascending,276.6133
62.75,14.75,ascending,274.185
62.75,15.0,ascending,274.2825
62.75,15.25,ascending,275.6033
62.75,15.5,ascending,277.25
62.75,15.75,ascending,278.6825
62.75,16.0,ascending,279.58
62.75,16.25,ascending,280.1525
62.75,16.5,ascending,280.47247
62.75,16.75,ascending,280.8375
62.75,17.0,ascending,281.04
62.75,17.25,ascending,280.0875
62.75,17.5,ascending,277.608
62.75,17.75,ascending,272.97998
62.75,18.0,ascending,265.4
62.75,18.25,ascending,259.5025
62.75,18.5,ascending,246.552
62.75,18.75,ascending,234.36
62.75,19.0,ascending,227.93665
62.75,19.25,ascending,221.23
62.75,19.5,ascending,218.35999
62.75,19.75,ascending,216.66
62.75,20.0,ascending,215.9625
62.75,20.25,ascending,215.148
62.75,20.5,ascending,215.95749
62.75,20.75,ascending,219.3625
62.75,21.0,ascending,228.08249
62.75,21.25,ascending,242.5875
62.75,21.5,ascending,260.5575
62.75,21.75,ascending,270.882
62.75,22.0,ascending,276.264
62.75,22.25,ascending,278.94437
62.75,22.5,ascending,280.84
62.75,22.75,ascending,281.72385
62.75,23.0,ascending,281.58786
62.75,23.25,ascending,281.02274
62.75,23.5,ascending,280.34357
62.75,23.75,ascending,279.98102
62.75,24.0,ascending,279.8409
62.75,24.25,ascending,279.215
62.75,24.5,ascending,278.605
62.75,24.75,ascending,277.54636
62.75,25.0,ascending,276.28152
62.75,25.25,ascending,275.00906
62.75,25.5,ascending,273.24167
62.75,25.75,ascending,271.42273
62.75,26.0,ascending,269.84998
62.75,26.25,ascending,268.01273
62.75,26.5,ascending,267.1018
62.75,26.75,ascending,266.61816
62.75,27.0,ascending,266.42798
62.75,27.25,ascending,266.21768
62.75,27.5,ascending,265.5657
62.75,27.75,ascending,265.15
62.75,28.0,ascending,264.749
62.75,28.25,ascending,265.93182
62.75,28.5,ascending,266.44543
62.75,28.75,ascending,266.3658
62.75,29.0,ascending,266.64767
62.75,29.25,ascending,265.81305
62.75,29.5,ascending,266.24
62.75,29.75,ascending,266.76462
62.75,30.0,ascending,268.40598
62.75,30.25,ascending,269.91052
62.75,30.5,ascending,271.20856
62.75,30.75,ascending,271.08167
62.75,31.0,ascending,271.1125
62.75,31.25,ascending,272.0
62.75,31.5,ascending,273.19833
62.75,31.75,ascending,274.21
62.75,32.0,ascending,274.524
62.75,32.25,ascending,273.97
62.75,32.5,ascending,273.20248
62.75,32.75,ascending,272.235
62.75,33.0,ascending,271.94998
62.75,33.25,ascending,271.6775
62.75,33.5,ascending,271.122
62.75,33.75,ascending,270.47
62.75,34.0,ascending,269.24
62.75,34.25,ascending,268.055
62.75,34.5,ascending,265.9125
62.75,34.75,ascending,263.71335
62.75,35.0,ascending,263.086
62.75,35.25,ascending,263.78665
62.75,35.5,ascending,266.874
62.75,35.75,ascending,269.96335
62.75,36.0,ascending,273.05667
62.75,36.25,ascending,274.378
62.75,36.5,ascending,275.09668
62.75,36.75,ascending,275.22
62.75,37.0,ascending,275.41333
62.75,37.25,ascending,275.556
62.75,37.5,ascending,275.52
62.75,37.75,ascending,275.6875
62.75,38.0,ascending,275.775
63.0,-13.0,ascending,211.54
63.0,-12.75,ascending,211.755
63.0,-12.5,ascending,211.71999
63.0,-12.25,ascending,212.00798
63.0,-12.0,ascending,212.00749
63.0,-11.75,ascending,212.3725
63.0,-11.5,ascending,212.26
63.0,-11.25,ascending,211.72667
63.0,-11.0,ascending,211.18
63.0,-10.75,ascending,210.885
63.0,-10.5,ascending,210.448
63.0,-10.25,ascending,210.305
63.0,-10.0,ascending,210.29668
63.0,-9.75,ascending,210.5
63.0,-9.5,ascending,210.59
63.0,-9.25,ascending,210.63
63.0,-9.0,ascending,210.75998
63.0,-8.75,ascending,210.88249
63.0,-8.5,ascending,211.08
63.0,-8.25,ascending,211.26999
63.0,-8.0,ascending,211.566
63.0,-7.75,ascending,212.2125
63.0,-7.5,ascending,213.3725
63.0,-7.25,ascending,216.06665
63.0,-7.0,ascending,220.875
63.0,-6.75,ascending,223.67
63.0,-6.5,ascending,222.88249
63.0,-6.25,ascending,218.985
63.0,-6.0,ascending,215.23999
63.0,-5.75,ascending,213.5275
63.0,-5.5,ascending,213.2975
63.0,-5.25,ascending,213.45999
63.0,-5.0,ascending,213.54599
63.0,-4.75,ascending,213.44499
63.0,-4.5,ascending,213.14249
63.0,-4.25,ascending,213.06749
63.0,-4.0,ascending,213.23799
63.0,-3.75,ascending,213.626
63.0,-3.5,ascending,214.2275
63.0,-3.25,ascending,214.29
63.0,-3.0,ascending,214.05933
63.0,-2.75,ascending,214.01538
63.0,-2.5,ascending,213.9477
63.0,-2.25,ascending,213.72067
63.0,-2.0,ascending,213.52231
63.0,-1.75,ascending,213.385
63.0,-1.5,ascending,213.48784
63.0,-1.25,ascending,213.25453
63.0,-1.0,ascending,213.423
63.0,-0.75,ascending,213.32416
63.0,-0.5,ascending,213.55455
63.0,-0.25,ascending,213.50856
63.0,-0.0,ascending,213.86693
63.0,0.25,ascending,213.618
63.0,0.5,ascending,213.8691
63.0,0.75,ascending,214.25453
63.0,1.0,ascending,215.02583
63.0,1.25,ascending,216.655
63.0,1.5,ascending,219.00728
63.0,1.75,ascending,222.25365
63.0,2.0,ascending,226.56
63.0,2.25,ascending,229.35454
63.0,2.5,ascending,233.28749
63.0,2.75,ascending,237.68666
63.0,3.0,ascending,239.87784
63.0,3.25,ascending,242.8809
63.0,3.5,ascending,243.64635
63.0,3.75,ascending,243.18584
63.0,4.0,ascending,241.43333
63.0,4.25,ascending,238.39
63.0,4.5,ascending,236.09332
63.0,4.75,ascending,234.86333
63.0,5.0,ascending,231.59587
63.0,5.25,ascending,226.66133
63.0,5.5,ascending,226.92647
63.0,5.75,ascending,227.15944
63.0,6.0,ascending,238.7475
63.0,6.25,ascending,244.15666
63.0,6.5,ascending,245.004
63.0,6.75,ascending,245.56
63.0,7.0,ascending,246.04199
63.0,7.25,ascending,247.88666
63.0,7.5,ascending,249.18999
63.0,7.75,ascending,249.7275
63.0,8.0,ascending,252.205
63.0,8.25,ascending,255.99199
63.0,8.5,ascending,259.005
63.0,8.75,ascending,263.07498
63.0,9.0,ascending,266.14664
63.0,9.25,ascending,269.664
63.0,9.5,ascending,272.16248
63.0,9.75,ascending,273.555
63.0,10.0,ascending,274.71747
63.0,10.25,ascending,275.475
63.0,10.5,ascending,275.0125
63.0,10.75,ascending,275.5525
63.0,11.0,ascending,274.8425
63.0,11.25,ascending,275.0533
63.0,11.5,ascending,275.16998
63.0,11.75,ascending,275.34747
63.0,12.0,ascending,275.19998
63.0,12.25,ascending,275.075
63.0,12.5,ascending,275.232
63.0,12.75,ascending,275.7333
63.0,13.0,ascending,275.96002
63.0,13.25,ascending,276.13666
63.0,13.5,ascending,276.6275
63.0,13.75,ascending,277.13
63.0,14.0,ascending,276.598
63.0,14.25,ascending,274.2725
63.0,14.5,ascending,272.4875
63.0,14.75,ascending,272.2575
63.0,15.0,ascending,274.135
63.0,15.25,ascending,276.315
63.0,15.5,ascending,278.404
63.0,15.75,ascending,279.43665
63.0,16.0,ascending,280.0075
63.0,16.25,ascending,280.48248
63.0,16.5,ascending,281.04498
63.0,16.75,ascending,281.36
63.0,17.0,ascending,281.18
63.0,17.25,ascending,280.745
63.0,17.5,ascending,279.77798
63.0,17.75,ascending,278.1275
63.0,18.0,ascending,274.9375
63.0,18.25,ascending,269.76
63.0,18.5,ascending,261.7575
63.0,18.75,ascending,247.3725
63.0,19.0,ascending,241.95749
63.0,19.25,ascending,232.67499
63.0,19.5,ascending,225.986
63.0,19.75,ascending,221.82332
63.0,20.0,ascending,221.59
63.0,20.25,ascending,217.9975
63.0,20.5,ascending,216.665
63.0,20.75,ascending,218.21
63.0,21.0,ascending,228.41624
63.0,21.25,ascending,238.95
63.0,21.5,ascending,249.74666
63.0,21.75,ascending,257.2506
63.0,22.0,ascending,266.2715
63.0,22.25,ascending,270.8946
63.0,22.5,ascending,276.60306
63.0,22.75,ascending,279.4569
63.0,23.0,ascending,280.57385
63.0,23.25,ascending,280.6977
63.0,23.5,ascending,280.0533
63.0,23.75,ascending,279.55
63.0,24.0,ascending,279.5109
63.0,24.25,ascending,279.55
63.0,24.5,ascending,278.785
63.0,24.75,ascending,277.70398
63.0,25.0,ascending,276.09583
63.0,25.25,ascending,274.10583
63.0,25.5,ascending,272.35583
63.0,25.75,ascending,271.126
63.0,26.0,ascending,269.925
63.0,26.25,ascending,269.04922
63.0,26.5,ascending,268.09616
63.0,26.75,ascending,268.05
63.0,27.0,ascending,268.0469
63.0,27.25,ascending,268.229
63.0,27.5,ascending,268.361
63.0,27.75,ascending,268.33914
63.0,28.0,ascending,268.0209
63.0,28.25,ascending,268.64835
63.0,28.5,ascending,269.36182
63.0,28.75,ascending,269.71582
63.0,29.0,ascending,269.15787
63.0,29.25,ascending,268.21
63.0,29.5,ascending,267.5723
63.0,29.75,ascending,267.712
63.0,30.0,ascending,268.78598
63.0,30.25,ascending,269.22684
63.0,30.5,ascending,270.5655
63.0,30.75,ascending,268.72998
63.0,31.0,ascending,270.8
63.0,31.25,ascending,272.99
63.0,31.5,ascending,273.97333
63.0,31.75,ascending,274.012
63.0,32.0,ascending,273.2075
63.0,32.25,ascending,272.1625
63.0,32.5,ascending,271.3375
63.0,32.75,ascending,271.175
63.0,33.0,ascending,271.09747
63.0,33.25,ascending,270.55
63.0,33.5,ascending,269.34335
63.0,33.75,ascending,267.32748
63.0,34.0,ascending,266.595
63.0,34.25,ascending,265.6375
63.0,34.5,ascending,265.79248
63.0,34.75,ascending,267.294
63.0,35.0,ascending,268.43997
63.0,35.25,ascending,269.055
63.0,35.5,ascending,270.6525
63.0,35.75,ascending,272.3225
63.0,36.0,ascending,273.84
63.0,36.25,ascending,274.89398
63.0,36.5,ascending,275.66498
63.0,36.75,ascending,275.85333
63.0,37.0,ascending,275.78598
63.0,37.25,ascending,275.395
63.0,37.5,ascending,275.03497
63.0,37.75,ascending,274.88
63.0,38.0,ascending,274.97998
63.25,-13.0,ascending,216.12
63.25,-12.75,ascending,215.83
63.25,-12.5,ascending,215.9925
63.25,-12.25,ascending,216.46
63.25,-12.0,ascending,216.596
63.25,-11.75,ascending,216.1975
63.25,-11.5,ascending,215.18999
63.25,-11.25,ascending,213.9375
63.25,-11.0,ascending,213.075
63.25,-10.75,ascending,211.8675
63.25,-10.5,ascending,211.26
63.25,-10.25,ascending,210.89998
63.25,-10.0,ascending,210.826
63.25,-9.75,ascending,210.84332
63.25,-9.5,ascending,210.85667
63.25,-9.25,ascending,210.9
63.25,-9.0,ascending,210.98665
63.25,-8.75,ascending,211.18
63.25,-8.5,ascending,211.5975
63.25,-8.25,ascending,211.92499
63.25,-8.0,ascending,212.1925
63.25,-7.75,ascending,212.51999
63.25,-7.5,ascending,213.45332
63.25,-7.25,ascending,215.8475
63.25,-7.0,ascending,219.93399
63.25,-6.75,ascending,222.825
63.25,-6.5,ascending,221.9775
63.25,-6.25,ascending,218.7175
63.25,-6.0,ascending,215.3
63.25,-5.75,ascending,213.72499
63.25,-5.5,ascending,213.415
63.25,-5.25,ascending,213.405
63.25,-5.0,ascending,213.1825
63.25,-4.75,ascending,212.932
63.25,-4.5,ascending,212.61249
63.25,-4.25,ascending,212.7925
63.25,-4.0,ascending,213.53249
63.25,-3.75,ascending,213.87375
63.25,-3.5,ascending,214.10562
63.25,-3.25,ascending,214.14784
63.25,-3.0,ascending,214.04153
63.25,-2.75,ascending,213.96922
63.25,-2.5,ascending,213.60915
63.25,-2.25,ascending,213.97643
63.25,-2.0,ascending,213.76727
63.25,-1.75,ascending,213.597
63.25,-1.5,ascending,213.65572
63.25,-1.25,ascending,213.486
63.25,-1.0,ascending,213.42363
63.25,-0.75,ascending,213.66098
63.25,-0.5,ascending,213.73099
63.25,-0.25,ascending,213.6709
63.25,-0.0,ascending,213.43285
63.25,0.25,ascending,213.56416
63.25,0.5,ascending,213.53416
63.25,0.75,ascending,213.5818
63.25,1.0,ascending,213.68637
63.25,1.25,ascending,214.29834
63.25,1.5,ascending,215.47833
63.25,1.75,ascending,217.52
63.25,2.0,ascending,219.935
63.25,2.25,ascending,222.08636
63.25,2.5,ascending,225.30083
63.25,2.75,ascending,229.82364
63.25,3.0,ascending,232.88998
63.25,3.25,ascending,237.49364
63.25,3.5,ascending,240.69635
63.25,3.75,ascending,242.65498
63.25,4.0,ascending,243.73183
63.25,4.25,ascending,243.84846
63.25,4.5,ascending,240.45
63.25,4.75,ascending,239.27155
63.25,5.0,ascending,235.5407
63.25,5.25,ascending,232.6107
63.25,5.5,ascending,232.26051
63.25,5.75,ascending,229.85413
63.25,6.0,ascending,243.28398
63.25,6.25,ascending,243.85999
63.25,6.5,ascending,244.06834
63.25,6.75,ascending,243.58
63.25,7.0,ascending,243.02666
63.25,7.25,ascending,242.15833
63.25,7.5,ascending,242.01332
63.25,7.75,ascending,243.38335
63.25,8.0,ascending,245.00249
63.25,8.25,ascending,248.70248
63.25,8.5,ascending,253.095
63.25,8.75,ascending,257.90997
63.25,9.0,ascending,261.615
63.25,9.25,ascending,264.5675
63.25,9.5,ascending,266.285
63.25,9.75,ascending,267.135
63.25,10.0,ascending,268.535
63.25,10.25,ascending,268.84665
63.25,10.5,ascending,268.38202
63.25,10.75,ascending,268.8375
63.25,11.0,ascending,269.86667
63.25,11.25,ascending,271.4225
63.25,11.5,ascending,273.322
63.25,11.75,ascending,274.4833
63.25,12.0,ascending,274.62
63.25,12.25,ascending,274.35498
63.25,12.5,ascending,274.19333
63.25,12.75,ascending,274.18198
63.25,13.0,ascending,273.63333
63.25,13.25,ascending,273.935
63.25,13.5,ascending,274.60666
63.25,13.75,ascending,275.0
63.25,14.0,ascending,274.29333
63.25,14.25,ascending,273.055
63.25,14.5,ascending,272.72498
63.25,14.75,ascending,274.68668
63.25,15.0,ascending,276.335
63.25,15.25,ascending,277.8025
63.25,15.5,ascending,278.70334
63.25,15.75,ascending,279.09998
63.25,16.0,ascending,279.335
63.25,16.25,ascending,279.75333
63.25,16.5,ascending,280.4975
63.25,16.75,ascending,280.7275
63.25,17.0,ascending,280.3075
63.25,17.25,ascending,280.1275
63.25,17.5,ascending,280.03333
63.25,17.75,ascending,279.97665
63.25,18.0,ascending,279.3
63.25,18.25,ascending,276.47748
63.25,18.5,ascending,273.628
63.25,18.75,ascending,265.525
63.25,19.0,ascending,261.645
63.25,19.25,ascending,252.4925
63.25,19.5,ascending,242.665
63.25,19.75,ascending,238.6275
63.25,20.0,ascending,231.75
63.25,20.25,ascending,228.1925
63.25,20.5,ascending,222.625
63.25,20.75,ascending,222.892
63.25,21.0,ascending,224.44333
63.25,21.25,ascending,227.55333
63.25,21.5,ascending,233.45624
63.25,21.75,ascending,240.18614
63.25,22.0,ascending,248.7346
63.25,22.25,ascending,256.02917
63.25,22.5,ascending,264.7369
63.25,22.75,ascending,270.979
63.25,23.0,ascending,274.781
63.25,23.25,ascending,277.81668
63.25,23.5,ascending,278.845
63.25,23.75,ascending,278.806
63.25,24.0,ascending,279.24667
63.25,24.25,ascending,279.129
63.25,24.5,ascending,279.0109
63.25,24.75,ascending,278.31
63.25,25.0,ascending,277.03726
63.25,25.25,ascending,275.8825
63.25,25.5,ascending,274.13168
63.25,25.75,ascending,273.037
63.25,26.0,ascending,272.8491
63.25,26.25,ascending,272.779
63.25,26.5,ascending,272.173
63.25,26.75,ascending,272.33887
63.25,27.0,ascending,272.17453
63.25,27.25,ascending,272.80725
63.25,27.5,ascending,272.61728
63.25,27.75,ascending,273.43198
63.25,28.0,ascending,272.9975
63.25,28.25,ascending,273.09668
63.25,28.5,ascending,273.26715
63.25,28.75,ascending,272.48694
63.25,29.0,ascending,270.40616
63.25,29.25,ascending,268.11182
63.25,29.5,ascending,266.81927
63.25,29.75,ascending,266.498
63.25,30.0,ascending,267.964
63.25,30.25,ascending,269.95587
63.25,30.5,ascending,271.66644
63.25,30.75,ascending,271.376
63.25,31.0,ascending,273.02
63.25,31.25,ascending,273.478
63.25,31.5,ascending,273.4833
63.25,31.75,ascending,273.0575
63.25,32.0,ascending,272.796
63.25,32.25,ascending,272.57666
63.25,32.5,ascending,272.59
63.25,32.75,ascending,272.21
63.25,33.0,ascending,270.73398
63.25,33.25,ascending,268.28333
63.25,33.5,ascending,265.506
63.25,33.75,ascending,263.13998
63.25,34.0,ascending,263.005
63.25,34.25,ascending,265.04
63.25,34.5,ascending,267.43198
63.25,34.75,ascending,267.62
63.25,35.0,ascending,267.44998
63.25,35.25,ascending,266.2775
63.25,35.5,ascending,268.3375
63.25,35.75,ascending,270.54333
63.25,36.0,ascending,272.814
63.25,36.25,ascending,274.66998
63.25,36.5,ascending,275.46667
63.25,36.75,ascending,275.805
63.25,37.0,ascending,275.71
63.25,37.25,ascending,275.258
63.25,37.5,ascending,274.2525
63.25,37.75,ascending,274.16333
63.25,38.0,ascending,274.745
63.5,-13.0,ascending,220.32999
63.5,-12.75,ascending,220.42749
63.5,-12.5,ascending,220.82999
63.5,-12.25,ascending,220.83
63.5,-12.0,ascending,220.86333
63.5,-11.75,ascending,220.135
63.5,-11.5,ascending,218.68001
63.5,-11.25,ascending,216.6575
63.5,-11.0,ascending,214.0625
63.5,-10.75,ascending,212.50749
63.5,-10.5,ascending,211.59666
63.5,-10.25,ascending,211.2425
63.5,-10.0,ascending,211.23
63.5,-9.75,ascending,211.14249
63.5,-9.5,ascending,211.19499
63.5,-9.25,ascending,211.39667
63.5,-9.0,ascending,211.47499
63.5,-8.75,ascending,211.81999
63.5,-8.5,ascending,212.46199
63.5,-8.25,ascending,212.95
63.5,-8.0,ascending,212.89998
63.5,-7.75,ascending,212.92
63.5,-7.5,ascending,214.004
63.5,-7.25,ascending,216.5275
63.5,-7.0,ascending,219.7025
63.5,-6.75,ascending,221.94499
63.5,-6.5,ascending,221.5325
63.5,-6.25,ascending,218.5875
63.5,-6.0,ascending,215.342
63.5,-5.75,ascending,213.58333
63.5,-5.5,ascending,213.00801
63.5,-5.25,ascending,212.89
63.5,-5.0,ascending,212.56999
63.5,-4.75,ascending,212.345
63.5,-4.5,ascending,212.9325
63.5,-4.25,ascending,213.16153
63.5,-4.0,ascending,213.48811
63.5,-3.75,ascending,213.65799
63.5,-3.5,ascending,213.7557
63.5,-3.25,ascending,213.72856
63.5,-3.0,ascending,213.52463
63.5,-2.75,ascending,213.315
63.5,-2.5,ascending,213.6223
63.5,-2.25,ascending,213.53598
63.5,-2.0,ascending,213.80333
63.5,-1.75,ascending,213.77599
63.5,-1.5,ascending,213.79199
63.5,-1.25,ascending,213.67801
63.5,-1.0,ascending,213.60727
63.5,-0.75,ascending,213.55698
63.5,-0.5,ascending,213.8109
63.5,-0.25,ascending,213.67545
63.5,-0.0,ascending,213.548
63.5,0.25,ascending,213.499
63.5,0.5,ascending,213.05092
63.5,0.75,ascending,212.86334
63.5,1.0,ascending,212.85667
63.5,1.25,ascending,212.99445
63.5,1.5,ascending,213.55
63.5,1.75,ascending,214.79199
63.5,2.0,ascending,216.23726
63.5,2.25,ascending,218.68001
63.5,2.5,ascending,220.86
63.5,2.75,ascending,223.67
63.5,3.0,ascending,226.57199
63.5,3.25,ascending,230.7025
63.5,3.5,ascending,233.99615
63.5,3.75,ascending,237.17749
63.5,4.0,ascending,239.48999
63.5,4.25,ascending,240.22537
63.5,4.5,ascending,240.65308
63.5,4.75,ascending,240.83
63.5,5.0,ascending,240.21765
63.5,5.25,ascending,238.89125
63.5,5.5,ascending,237.74055
63.5,5.75,ascending,237.11539
63.5,6.0,ascending,243.378
63.5,6.25,ascending,243.818
63.5,6.5,ascending,243.84332
63.5,6.75,ascending,243.17
63.5,7.0,ascending,241.91399
63.5,7.25,ascending,240.47333
63.5,7.5,ascending,239.70601
63.5,7.75,ascending,239.676
63.5,8.0,ascending,241.08333
63.5,8.25,ascending,243.0
63.5,8.5,ascending,246.67499
63.5,8.75,ascending,250.21999
63.5,9.0,ascending,252.85
63.5,9.25,ascending,254.53
63.5,9.5,ascending,254.95999
63.5,9.75,ascending,257.28
63.5,10.0,ascending,258.74667
63.5,10.25,ascending,260.50998
63.5,10.5,ascending,263.145
63.5,10.75,ascending,265.20667
63.5,11.0,ascending,267.4075
63.5,11.25,ascending,270.03
63.5,11.5,ascending,271.85333
63.5,11.75,ascending,272.7825
63.5,12.0,ascending,273.425
63.5,12.25,ascending,273.56665
63.5,12.5,ascending,273.2575
63.5,12.75,ascending,272.59335
63.5,13.0,ascending,271.942
63.5,13.25,ascending,271.955
63.5,13.5,ascending,273.16
63.5,13.75,ascending,273.74
63.5,14.0,ascending,274.36002
63.5,14.25,ascending,274.45248
63.5,14.5,ascending,275.0533
63.5,14.75,ascending,275.93
63.5,15.0,ascending,276.926
63.5,15.25,ascending,277.68668
63.5,15.5,ascending,277.21
63.5,15.75,ascending,276.8625
63.5,16.0,ascending,277.565
63.5,16.25,ascending,277.73
63.5,16.5,ascending,278.5925
63.5,16.75,ascending,279.1725
63.5,17.0,ascending,279.08197
63.5,17.25,ascending,279.43
63.5,17.5,ascending,279.87
63.5,17.75,ascending,280.4
63.5,18.0,ascending,280.76752
63.5,18.25,ascending,280.3975
63.5,18.5,ascending,279.62
63.5,18.75,ascending,277.03198
63.5,19.0,ascending,274.88998
63.5,19.25,ascending,270.34
63.5,19.5,ascending,263.2175
63.5,19.75,ascending,259.985
63.5,20.0,ascending,248.40201
63.5,20.25,ascending,243.01599
63.5,20.5,ascending,231.06
63.5,20.75,ascending,225.14188
63.5,21.0,ascending,221.29428
63.5,21.25,ascending,219.71768
63.5,21.5,ascending,220.29785
63.5,21.75,ascending,224.39769
63.5,22.0,ascending,228.60667
63.5,22.25,ascending,234.13615
63.5,22.5,ascending,245.75
63.5,22.75,ascending,254.23817
63.5,23.0,ascending,262.376
63.5,23.25,ascending,269.41467
63.5,23.5,ascending,274.69998
63.5,23.75,ascending,278.205
63.5,24.0,ascending,279.498
63.5,24.25,ascending,279.75
63.5,24.5,ascending,279.391
63.5,24.75,ascending,279.274
63.5,25.0,ascending,278.67917
63.5,25.25,ascending,277.944
63.5,25.5,ascending,277.3222
63.5,25.75,ascending,276.4391
63.5,26.0,ascending,275.99637
63.5,26.25,ascending,275.92636
63.5,26.5,ascending,275.63272
63.5,26.75,ascending,275.75
63.5,27.0,ascending,275.40454
63.5,27.25,ascending,275.601
63.5,27.5,ascending,275.528
63.5,27.75,ascending,275.8891
63.5,28.0,ascending,276.1746
63.5,28.25,ascending,276.44357
63.5,28.5,ascending,276.49454
63.5,28.75,ascending,275.75906
63.5,29.0,ascending,274.3477
63.5,29.25,ascending,273.05417
63.5,29.5,ascending,272.1556
63.5,29.75,ascending,272.03436
63.5,30.0,ascending,272.03714
63.5,30.25,ascending,272.29736
63.5,30.5,ascending,272.86642
63.5,30.75,ascending,272.68
63.5,31.0,ascending,271.81
63.5,31.25,ascending,271.4675
63.5,31.5,ascending,271.76166
63.5,31.75,ascending,272.52332
63.5,32.0,ascending,273.23248
63.5,32.25,ascending,273.67798
63.5,32.5,ascending,273.575
63.5,32.75,ascending,272.5225
63.5,33.0,ascending,270.95334
63.5,33.25,ascending,268.36398
63.5,33.5,ascending,266.9
63.5,33.75,ascending,266.09335
63.5,34.0,ascending,267.135
63.5,34.25,ascending,268.246
63.5,34.5,ascending,266.55664
63.5,34.75,ascending,264.54
63.5,35.0,ascending,263.296
63.5,35.25,ascending,264.7075
63.5,35.5,ascending,267.46
63.5,35.75,ascending,270.3
63.5,36.0,ascending,273.048
63.5,36.25,ascending,274.3633
63.5,36.5,ascending,274.63
63.5,36.75,ascending,273.465
63.5,37.0,ascending,270.9075
63.5,37.25,ascending,269.58
63.5,37.5,ascending,267.945
63.5,37.75,ascending,266.43
63.5,38.0,ascending,266.28
63.75,-13.0,ascending,221.51999
63.75,-12.75,ascending,221.91998
63.75,-12.5,ascending,222.59001
63.75,-12.25,ascending,223.2825
63.75,-12.0,ascending,224.1725
63.75,-11.75,ascending,224.06999
63.75,-11.5,ascending,222.18666
63.75,-11.25,ascending,218.93333
63.75,-11.0,ascending,215.685
63.75,-10.75,ascending,213.11665
63.75,-10.5,ascending,212.065
63.75,-10.25,ascending,211.68999
63.75,-10.0,ascending,212.0375
63.75,-9.75,ascending,212.4075
63.75,-9.5,ascending,212.36665
63.75,-9.25,ascending,212.845
63.75,-9.0,ascending,213.035
63.75,-8.75,ascending,213.37749
63.75,-8.5,ascending,213.92334
63.75,-8.25,ascending,213.93
63.75,-8.0,ascending,213.72
63.75,-7.75,ascending,213.8725
63.75,-7.5,ascending,215.42801
63.75,-7.25,ascending,217.43
63.75,-7.0,ascending,219.7325
63.75,-6.75,ascending,220.72
63.75,-6.5,ascending,220.16667
63.75,-6.25,ascending,217.54001
63.75,-6.0,ascending,214.90666
63.75,-5.75,ascending,213.25667
63.75,-5.5,ascending,212.53598
63.75,-5.25,ascending,212.405
63.75,-5.0,ascending,212.25
63.75,-4.75,ascending,213.054
63.75,-4.5,ascending,213.29936
63.75,-4.25,ascending,213.42732
63.75,-4.0,ascending,213.57077
63.75,-3.75,ascending,213.82166
63.75,-3.5,ascending,213.89624
63.75,-3.25,ascending,213.83
63.75,-3.0,ascending,213.70999
63.75,-2.75,ascending,213.67334
63.75,-2.5,ascending,213.34364
63.75,-2.25,ascending,213.698
63.75,-2.0,ascending,213.75801
63.75,-1.75,ascending,214.05153
63.75,-1.5,ascending,214.00635
63.75,-1.25,ascending,213.81181
63.75,-1.0,ascending,213.847
63.75,-0.75,ascending,213.6789
63.75,-0.5,ascending,213.66182
63.75,-0.25,ascending,213.70444
63.75,-0.0,ascending,213.18614
63.75,0.25,ascending,213.28598
63.75,0.5,ascending,212.93364
63.75,0.75,ascending,212.642
63.75,1.0,ascending,212.48799
63.75,1.25,ascending,212.54
63.75,1.5,ascending,212.79272
63.75,1.75,ascending,213.43799
63.75,2.0,ascending,214.471
63.75,2.25,ascending,216.1011
63.75,2.5,ascending,218.16
63.75,2.75,ascending,219.83699
63.75,3.0,ascending,222.21083
63.75,3.25,ascending,225.06
63.75,3.5,ascending,227.79333
63.75,3.75,ascending,231.25273
63.75,4.0,ascending,234.48907
63.75,4.25,ascending,237.22307
63.75,4.5,ascending,239.27713
63.75,4.75,ascending,240.62831
63.75,5.0,ascending,241.58798
63.75,5.25,ascending,243.05
63.75,5.5,ascending,242.84442
63.75,5.75,ascending,241.90181
63.75,6.0,ascending,242.07332
63.75,6.25,ascending,242.9125
63.75,6.5,ascending,243.25749
63.75,6.75,ascending,243.08249
63.75,7.0,ascending,242.24
63.75,7.25,ascending,240.9975
63.75,7.5,ascending,239.72667
63.75,7.75,ascending,238.81
63.75,8.0,ascending,238.97998
63.75,8.25,ascending,240.34332
63.75,8.5,ascending,242.318
63.75,8.75,ascending,243.86333
63.75,9.0,ascending,244.074
63.75,9.25,ascending,245.08333
63.75,9.5,ascending,246.385
63.75,9.75,ascending,248.76
63.75,10.0,ascending,252.58798
63.75,10.25,ascending,258.31
63.75,10.5,ascending,261.94666
63.75,10.75,ascending,265.11667
63.75,11.0,ascending,267.13663
63.75,11.25,ascending,268.73248
63.75,11.5,ascending,270.57666
63.75,11.75,ascending,272.2525
63.75,12.0,ascending,273.35
63.75,12.25,ascending,273.5375
63.75,12.5,ascending,272.8633
63.75,12.75,ascending,271.84
63.75,13.0,ascending,271.06668
63.75,13.25,ascending,271.1425
63.75,13.5,ascending,271.98666
63.75,13.75,ascending,272.8625
63.75,14.0,ascending,273.57666
63.75,14.25,ascending,273.95667
63.75,14.5,ascending,274.382
63.75,14.75,ascending,275.0167
63.75,15.0,ascending,275.58667
63.75,15.25,ascending,275.60397
63.75,15.5,ascending,275.12
63.75,15.75,ascending,274.78
63.75,16.0,ascending,275.3
63.75,16.25,ascending,275.835
63.75,16.5,ascending,276.9975
63.75,16.75,ascending,278.02664
63.75,17.0,ascending,278.29666
63.75,17.25,ascending,278.75
63.75,17.5,ascending,279.2825
63.75,17.75,ascending,279.6275
63.75,18.0,ascending,280.0825
63.75,18.25,ascending,280.155
63.75,18.5,ascending,279.6625
63.75,18.75,ascending,279.4675
63.75,19.0,ascending,279.004
63.75,19.25,ascending,278.255
63.75,19.5,ascending,276.0675
63.75,19.75,ascending,273.40665
63.75,20.0,ascending,265.39142
63.75,20.25,ascending,253.84648
63.75,20.5,ascending,246.82199
63.75,20.75,ascending,239.92308
63.75,21.0,ascending,232.57071
63.75,21.25,ascending,224.41917
63.75,21.5,ascending,220.15001
63.75,21.75,ascending,218.0475
63.75,22.0,ascending,218.68614
63.75,22.25,ascending,221.96666
63.75,22.5,ascending,226.20091
63.75,22.75,ascending,234.151
63.75,23.0,ascending,243.8109
63.75,23.25,ascending,250.4489
63.75,23.5,ascending,262.54614
63.75,23.75,ascending,268.12817
63.75,24.0,ascending,275.81546
63.75,24.25,ascending,278.032
63.75,24.5,ascending,279.88272
63.75,24.75,ascending,279.7489
63.75,25.0,ascending,279.93222
63.75,25.25,ascending,279.94598
63.75,25.5,ascending,279.748
63.75,25.75,ascending,279.327
63.75,26.0,ascending,278.52777
63.75,26.25,ascending,278.07666
63.75,26.5,ascending,277.471
63.75,26.75,ascending,277.07333
63.75,27.0,ascending,277.18582
63.75,27.25,ascending,276.9927
63.75,27.5,ascending,276.9046
63.75,27.75,ascending,276.8125
63.75,28.0,ascending,276.60443
63.75,28.25,ascending,276.666
63.75,28.5,ascending,276.49
63.75,28.75,ascending,276.23898
63.75,29.0,ascending,275.8643
63.75,29.25,ascending,275.7623
63.75,29.5,ascending,275.87747
63.75,29.75,ascending,275.47934
63.75,30.0,ascending,274.98706
63.75,30.25,ascending,274.11276
63.75,30.5,ascending,273.226
63.75,30.75,ascending,271.53665
63.75,31.0,ascending,270.82748
63.75,31.25,ascending,271.0225
63.75,31.5,ascending,271.62332
63.75,31.75,ascending,272.705
63.75,32.0,ascending,274.03998
63.75,32.25,ascending,274.36
63.75,32.5,ascending,274.16998
63.75,32.75,ascending,273.32498
63.75,33.0,ascending,271.935
63.75,33.25,ascending,270.9
63.75,33.5,ascending,269.94
63.75,33.75,ascending,270.035
63.75,34.0,ascending,270.378
63.75,34.25,ascending,269.10333
63.75,34.5,ascending,267.315
63.75,34.75,ascending,265.685
63.75,35.0,ascending,266.895
63.75,35.25,ascending,268.59335
63.75,35.5,ascending,270.1925
63.75,35.75,ascending,271.44
63.75,36.0,ascending,271.815
63.75,36.25,ascending,270.52
63.75,36.5,ascending,265.66248
63.75,36.75,ascending,261.84665
63.75,37.0,ascending,254.83333
63.75,37.25,ascending,252.005
63.75,37.5,ascending,249.4525
63.75,37.75,ascending,251.57666
63.75,38.0,ascending,253.745
64.0,-13.0,ascending,221.07999
64.0,-12.75,ascending,222.44666
64.0,-12.5,ascending,224.01749
64.0,-12.25,ascending,225.70332
64.0,-12.0,ascending,226.88666
64.0,-11.75,ascending,225.92334
64.0,-11.5,ascending,222.75749
64.0,-11.25,ascending,218.79333
64.0,-11.0,ascending,215.545
64.0,-10.75,ascending,213.98665
64.0,-10.5,ascending,213.57666
64.0,-10.25,ascending,213.525
64.0,-10.0,ascending,215.01749
64.0,-9.75,ascending,215.7
64.0,-9.5,ascending,215.452
64.0,-9.25,ascending,216.20667
64.0,-9.0,ascending,215.65332
64.0,-8.75,ascending,215.28667
64.0,-8.5,ascending,215.06999
64.0,-8.25,ascending,215.29
64.0,-8.0,ascending,215.16333
64.0,-7.75,ascending,215.78333
64.0,-7.5,ascending,217.81
64.0,-7.25,ascending,219.06999
64.0,-7.0,ascending,220.035
64.0,-6.75,ascending,219.57332
64.0,-6.5,ascending,218.345
64.0,-6.25,ascending,216.215
64.0,-6.0,ascending,214.0325
64.0,-5.75,ascending,212.9
64.0,-5.5,ascending,212.37999
64.0,-5.25,ascending,212.83667
64.0,-5.0,ascending,213.37071
64.0,-4.75,ascending,213.49428
64.0,-4.5,ascending,213.55856
64.0,-4.25,ascending,213.74692
64.0,-4.0,ascending,213.91917
64.0,-3.75,ascending,214.13333
64.0,-3.5,ascending,214.34999
64.0,-3.25,ascending,214.32909
64.0,-3.0,ascending,214.21616
64.0,-2.75,ascending,214.10374
64.0,-2.5,ascending,214.0809
64.0,-2.25,ascending,214.01625
64.0,-2.0,ascending,214.12222
64.0,-1.75,ascending,214.19331
64.0,-1.5,ascending,214.16182
64.0,-1.25,ascending,214.15887
64.0,-1.0,ascending,214.024
64.0,-0.75,ascending,213.778
64.0,-0.5,ascending,213.70221
64.0,-0.25,ascending,213.60777
64.0,-0.0,ascending,213.135
64.0,0.25,ascending,213.29445
64.0,0.5,ascending,213.03625
64.0,0.75,ascending,212.62665
64.0,1.0,ascending,212.52556
64.0,1.25,ascending,212.38556
64.0,1.5,ascending,212.55301
64.0,1.75,ascending,212.88222
64.0,2.0,ascending,213.54889
64.0,2.25,ascending,214.717
64.0,2.5,ascending,216.23999
64.0,2.75,ascending,217.92444
64.0,3.0,ascending,219.46666
64.0,3.25,ascending,221.50798
64.0,3.5,ascending,223.965
64.0,3.75,ascending,226.56834
64.0,4.0,ascending,230.08667
64.0,4.25,ascending,233.59001
64.0,4.5,ascending,236.41917
64.0,4.75,ascending,239.79999
64.0,5.0,ascending,241.16713
64.0,5.25,ascending,242.47499
64.0,5.5,ascending,242.81801
64.0,5.75,ascending,241.52875
64.0,6.0,ascending,240.81
64.0,6.25,ascending,242.02
64.0,6.5,ascending,243.122
64.0,6.75,ascending,243.75334
64.0,7.0,ascending,243.51332
64.0,7.25,ascending,242.495
64.0,7.5,ascending,241.0025
64.0,7.75,ascending,239.79668
64.0,8.0,ascending,239.9375
64.0,8.25,ascending,240.32332
64.0,8.5,ascending,240.82332
64.0,8.75,ascending,240.9425
64.0,9.0,ascending,240.73
64.0,9.25,ascending,241.23
64.0,9.5,ascending,242.40666
64.0,9.75,ascending,245.775
64.0,10.0,ascending,250.56999
64.0,10.25,ascending,255.00249
64.0,10.5,ascending,259.25333
64.0,10.75,ascending,262.2775
64.0,11.0,ascending,265.35602
64.0,11.25,ascending,268.13666
64.0,11.5,ascending,269.9375
64.0,11.75,ascending,271.6033
64.0,12.0,ascending,272.83
64.0,12.25,ascending,272.79666
64.0,12.5,ascending,272.56665
64.0,12.75,ascending,272.09
64.0,13.0,ascending,271.4833
64.0,13.25,ascending,271.25668
64.0,13.5,ascending,271.365
64.0,13.75,ascending,271.54666
64.0,14.0,ascending,272.1125
64.0,14.25,ascending,272.73666
64.0,14.5,ascending,272.97
64.0,14.75,ascending,273.74332
64.0,15.0,ascending,274.2175
64.0,15.25,ascending,273.945
64.0,15.5,ascending,273.75
64.0,15.75,ascending,273.79248
64.0,16.0,ascending,274.35
64.0,16.25,ascending,275.27997
64.0,16.5,ascending,276.43
64.0,16.75,ascending,277.22333
64.0,17.0,ascending,277.458
64.0,17.25,ascending,277.62
64.0,17.5,ascending,278.22665
64.0,17.75,ascending,278.52997
64.0,18.0,ascending,278.66998
64.0,18.25,ascending,278.87
64.0,18.5,ascending,278.81
64.0,18.75,ascending,278.92667
64.0,19.0,ascending,279.17667
64.0,19.25,ascending,279.215
64.0,19.5,ascending,277.8009
64.0,19.75,ascending,276.534
64.0,20.0,ascending,275.84232
64.0,20.25,ascending,272.21362
64.0,20.5,ascending,265.98
64.0,20.75,ascending,258.17908
64.0,21.0,ascending,249.93637
64.0,21.25,ascending,238.82182
64.0,21.5,ascending,228.64374
64.0,21.75,ascending,220.655
64.0,22.0,ascending,217.29599
64.0,22.25,ascending,216.56198
64.0,22.5,ascending,217.22
64.0,22.75,ascending,220.31299
64.0,23.0,ascending,224.802
64.0,23.25,ascending,233.84
64.0,23.5,ascending,244.4411
64.0,23.75,ascending,252.87666
64.0,24.0,ascending,266.155
64.0,24.25,ascending,272.299
64.0,24.5,ascending,275.59555
64.0,24.75,ascending,278.63
64.0,25.0,ascending,279.874
64.0,25.25,ascending,280.487
64.0,25.5,ascending,280.7525
64.0,25.75,ascending,280.58002
64.0,26.0,ascending,279.92624
64.0,26.25,ascending,278.77112
64.0,26.5,ascending,277.371
64.0,26.75,ascending,275.3589
64.0,27.0,ascending,274.653
64.0,27.25,ascending,274.05124
64.0,27.5,ascending,274.1925
64.0,27.75,ascending,273.99
64.0,28.0,ascending,274.01636
64.0,28.25,ascending,274.13998
64.0,28.5,ascending,273.92545
64.0,28.75,ascending,273.52454
64.0,29.0,ascending,273.399
64.0,29.25,ascending,273.2623
64.0,29.5,ascending,273.87845
64.0,29.75,ascending,274.4075
64.0,30.0,ascending,274.54855
64.0,30.25,ascending,274.82748
64.0,30.5,ascending,272.812
64.0,30.75,ascending,271.96
64.0,31.0,ascending,272.0075
64.0,31.25,ascending,272.5225
64.0,31.5,ascending,273.06998
64.0,31.75,ascending,273.705
64.0,32.0,ascending,274.09
64.0,32.25,ascending,274.11
64.0,32.5,ascending,273.5075
64.0,32.75,ascending,272.755
64.0,33.0,ascending,272.17
64.0,33.25,ascending,271.75668
64.0,33.5,ascending,271.705
64.0,33.75,ascending,271.89334
64.0,34.0,ascending,272.03
64.0,34.25,ascending,271.46
64.0,34.5,ascending,271.05
64.0,34.75,ascending,271.03665
64.0,35.0,ascending,271.59665
64.0,35.25,ascending,271.00998
64.0,35.5,ascending,269.78
64.0,35.75,ascending,265.6875
64.0,36.0,ascending,263.61
64.0,36.25,ascending,256.04333
64.0,36.5,ascending,246.18666
64.0,36.75,ascending,240.5025
64.0,37.0,ascending,236.85333
64.0,37.25,ascending,234.71666
64.0,37.5,ascending,237.41667
64.0,37.75,ascending,243.70999
64.0,38.0,ascending,249.805
