latitude,longitude,pass_type,brightness_temp_19v
35.25,-11.5,ascending,196.07286
35.25,-11.25,ascending,195.88167
35.25,-11.0,ascending,195.505
35.25,-10.75,ascending,195.1925
35.25,-10.5,ascending,194.86
35.25,-10.25,ascending,194.67
35.25,-10.0,ascending,194.59999
35.25,-9.75,ascending,194.59999
35.25,-9.5,ascending,194.55249
35.25,-9.25,ascending,194.3175
35.25,-9.0,ascending,193.92332
35.25,-8.75,ascending,193.64667
35.25,-8.5,ascending,193.43999
35.25,-8.25,ascending,193.29333
35.25,-8.0,ascending,193.155
35.25,-7.75,ascending,192.88666
35.25,-7.5,ascending,192.55666
35.25,-7.25,ascending,192.29001
35.25,-7.0,ascending,192.12334
35.25,-6.75,ascending,192.795
35.25,-6.5,ascending,195.84001
35.25,-6.25,ascending,210.51997
35.25,-6.0,ascending,238.93
35.25,-5.75,ascending,268.36667
35.25,-5.5,ascending,285.12
35.25,-5.25,ascending,282.8633
35.25,-5.0,ascending,250.61333
35.25,-4.75,ascending,223.935
35.25,-4.5,ascending,211.28667
35.25,-4.25,ascending,209.915
35.25,-4.0,ascending,209.98334
35.25,-3.75,ascending,211.04999
35.25,-3.5,ascending,208.94
35.25,-3.25,ascending,212.14998
35.25,-3.0,ascending,212.00334
35.25,-2.75,ascending,203.54001
35.25,-2.5,ascending,203.48
35.25,-2.25,ascending,199.42334
35.25,-2.0,ascending,200.315
35.25,-1.75,ascending,205.90999
35.25,-1.5,ascending,217.70667
35.25,-1.25,ascending,237.375
35.25,-1.0,ascending,261.17
35.25,-0.75,ascending,274.615
35.25,-0.5,ascending,282.72
35.25,-0.25,ascending,289.365
35.25,0.0,ascending,294.31998
35.25,0.25,ascending,301.12
35.25,0.5,ascending,304.34
35.25,0.75,ascending,306.20667
35.25,1.0,ascending,306.385
35.25,1.25,ascending,305.81
35.25,1.5,ascending,305.34665
35.25,1.75,ascending,304.28
35.25,2.0,ascending,303.88998
35.25,2.25,ascending,304.44333
35.25,2.5,ascending,305.03333
35.25,2.75,ascending,305.67
35.25,3.0,ascending,305.90665
35.25,3.25,ascending,304.74
35.25,3.5,ascending,301.7425
35.25,3.75,ascending,300.7333
35.25,4.0,ascending,301.7975
35.25,4.25,ascending,303.01334
35.25,4.5,ascending,301.3675
35.25,4.75,ascending,299.0533
35.25,5.0,ascending,298.46198
35.25,5.25,ascending,298.5925
35.25,5.5,ascending,296.6
35.25,5.75,ascending,294.38998
35.25,6.0,ascending,293.84714
35.25,6.25,ascending,293.55554
35.25,13.25,ascending,197.26776
35.25,13.5,ascending,197.46333
35.25,13.75,ascending,197.65599
35.25,14.0,ascending,197.914
35.25,14.25,ascending,198.12999
35.25,14.5,ascending,198.42
35.25,14.75,ascending,198.685
35.25,15.0,ascending,198.7975
35.25,15.25,ascending,198.59
35.25,15.5,ascending,198.13
35.25,15.75,ascending,197.58667
35.25,16.0,ascending,196.94666
35.25,16.25,ascending,196.64333
35.25,16.5,ascending,196.50667
35.25,16.75,ascending,196.85333
35.25,17.0,ascending,197.505
35.25,17.25,ascending,198.20999
35.25,17.5,ascending,198.7
35.25,17.75,ascending,198.91667
35.25,18.0,ascending,198.885
35.25,18.25,ascending,198.77333
35.25,18.5,ascending,198.60333
35.25,18.75,ascending,198.86333
35.25,19.0,ascending,199.165
35.25,19.25,ascending,199.28333
35.25,19.5,ascending,199.0
35.25,19.75,ascending,198.33333
35.25,20.0,ascending,197.545
35.25,20.25,ascending,197.09999
35.25,20.5,ascending,196.85
35.25,20.75,ascending,196.87
35.25,21.0,ascending,196.805
35.25,21.25,ascending,196.82332
35.25,21.5,ascending,196.815
35.25,21.75,ascending,196.76
35.25,22.0,ascending,196.23
35.25,22.25,ascending,195.58667
35.25,22.5,ascending,195.33499
35.25,22.75,ascending,195.42334
35.25,23.0,ascending,195.76999
35.25,23.25,ascending,198.02
35.25,23.5,ascending,208.47
35.25,23.75,ascending,226.22333
35.25,24.0,ascending,233.13998
35.25,24.25,ascending,227.93333
35.25,24.5,ascending,223.64331
35.25,24.75,ascending,229.185
35.25,25.0,ascending,227.08499
35.25,25.25,ascending,221.06999
35.25,25.5,ascending,219.49333
35.25,25.75,ascending,208.92
35.25,26.0,ascending,207.29
35.25,26.25,ascending,202.955
35.25,26.5,ascending,199.11499
35.25,26.75,ascending,197.98
35.25,27.0,ascending,202.84999
35.25,27.25,ascending,201.86665
35.25,27.5,ascending,197.09666
35.25,27.75,ascending,195.68
35.25,28.0,ascending,193.765
35.25,28.25,ascending,192.98334
35.25,28.5,ascending,192.5625
35.25,28.75,ascending,192.31999
35.25,29.0,ascending,192.18
35.25,29.25,ascending,192.11249
35.25,29.5,ascending,191.995
35.25,29.75,ascending,191.84749
35.25,30.0,ascending,191.8525
35.25,30.25,ascending,191.95667
35.25,30.5,ascending,192.08167
35.25,30.75,ascending,192.03625
35.25,31.0,ascending,191.86624
35.25,37.75,ascending,301.86
35.25,38.0,ascending,301.8925
35.5,-11.75,ascending,196.376
35.5,-11.5,ascending,196.27953
35.5,-11.25,ascending,196.12874
35.5,-11.0,ascending,195.94374
35.5,-10.75,ascending,195.65768
35.5,-10.5,ascending,195.46
35.5,-10.25,ascending,195.26917
35.5,-10.0,ascending,195.10635
35.5,-9.75,ascending,194.93456
35.5,-9.5,ascending,194.81667
35.5,-9.25,ascending,194.51799
35.5,-9.0,ascending,194.12776
35.5,-8.75,ascending,193.82222
35.5,-8.5,ascending,193.61499
35.5,-8.25,ascending,193.44888
35.5,-8.0,ascending,193.202
35.5,-7.75,ascending,192.83249
35.5,-7.5,ascending,192.42444
35.5,-7.25,ascending,192.11374
35.5,-7.0,ascending,191.89124
35.5,-6.75,ascending,192.05
35.5,-6.5,ascending,194.02875
35.5,-6.25,ascending,203.69832
35.5,-6.0,ascending,224.9225
35.5,-5.75,ascending,253.3
35.5,-5.5,ascending,271.17624
35.5,-5.25,ascending,262.42285
35.5,-5.0,ascending,233.30165
35.5,-4.75,ascending,206.25
35.5,-4.5,ascending,199.93713
35.5,-4.25,ascending,197.71858
35.5,-4.0,ascending,198.8
35.5,-3.75,ascending,198.16
35.5,-3.5,ascending,199.315
35.5,-3.25,ascending,197.74428
35.5,-3.0,ascending,199.84142
35.5,-2.75,ascending,195.25334
35.5,-2.5,ascending,194.595
35.5,-2.25,ascending,192.91428
35.5,-2.0,ascending,194.51
35.5,-1.75,ascending,195.69286
35.5,-1.5,ascending,202.03375
35.5,-1.25,ascending,214.77998
35.5,-1.0,ascending,239.545
35.5,-0.75,ascending,254.04599
35.5,-0.5,ascending,266.84198
35.5,-0.25,ascending,271.05
35.5,0.0,ascending,278.10376
35.5,0.25,ascending,294.11624
35.5,0.5,ascending,302.28427
35.5,0.75,ascending,305.17715
35.5,1.0,ascending,306.2411
35.5,1.25,ascending,305.79288
35.5,1.5,ascending,305.61874
35.5,1.75,ascending,305.17856
35.5,2.0,ascending,304.645
35.5,2.25,ascending,304.69623
35.5,2.5,ascending,305.2575
35.5,2.75,ascending,305.95108
35.5,3.0,ascending,306.28775
35.5,3.25,ascending,305.563
35.5,3.5,ascending,304.38443
35.5,3.75,ascending,303.28333
35.5,4.0,ascending,303.11728
35.5,4.25,ascending,303.371
35.5,4.5,ascending,302.44748
35.5,4.75,ascending,299.7225
35.5,5.0,ascending,298.30643
35.5,5.25,ascending,297.97665
35.5,5.5,ascending,296.83264
35.5,5.75,ascending,295.74683
35.5,6.0,ascending,295.25693
35.5,6.25,ascending,294.94617
35.5,13.0,ascending,197.32713
35.5,13.25,ascending,197.41055
35.5,13.5,ascending,197.51944
35.5,13.75,ascending,197.66286
35.5,14.0,ascending,197.88667
35.5,14.25,ascending,198.34082
35.5,14.5,ascending,199.19362
35.5,14.75,ascending,199.91699
35.5,15.0,ascending,200.20546
35.5,15.25,ascending,199.69101
35.5,15.5,ascending,198.943
35.5,15.75,ascending,198.18666
35.5,16.0,ascending,197.636
35.5,16.25,ascending,197.18666
35.5,16.5,ascending,197.17874
35.5,16.75,ascending,197.62999
35.5,17.0,ascending,198.18889
35.5,17.25,ascending,198.73
35.5,17.5,ascending,199.02777
35.5,17.75,ascending,199.20857
35.5,18.0,ascending,199.185
35.5,18.25,ascending,199.01712
35.5,18.5,ascending,198.9322
35.5,18.75,ascending,199.0457
35.5,19.0,ascending,199.0975
35.5,19.25,ascending,198.76125
35.5,19.5,ascending,198.0575
35.5,19.75,ascending,197.26332
35.5,20.0,ascending,196.44249
35.5,20.25,ascending,196.145
35.5,20.5,ascending,196.05875
35.5,20.75,ascending,196.13332
35.5,21.0,ascending,196.27856
35.5,21.25,ascending,196.265
35.5,21.5,ascending,196.56778
35.5,21.75,ascending,196.65833
35.5,22.0,ascending,196.20778
35.5,22.25,ascending,195.49399
35.5,22.5,ascending,195.37445
35.5,22.75,ascending,195.592
35.5,23.0,ascending,196.51855
35.5,23.25,ascending,198.23572
35.5,23.5,ascending,206.38889
35.5,23.75,ascending,217.90498
35.5,24.0,ascending,220.31667
35.5,24.25,ascending,214.02713
35.5,24.5,ascending,211.20749
35.5,24.75,ascending,211.31142
35.5,25.0,ascending,213.84285
35.5,25.25,ascending,206.96124
35.5,25.5,ascending,205.24124
35.5,25.75,ascending,203.08833
35.5,26.0,ascending,200.16667
35.5,26.25,ascending,198.12778
35.5,26.5,ascending,196.64667
35.5,26.75,ascending,197.44714
35.5,27.0,ascending,202.38374
35.5,27.25,ascending,203.20999
35.5,27.5,ascending,200.29399
35.5,27.75,ascending,199.82999
35.5,28.0,ascending,197.00555
35.5,28.25,ascending,193.71298
35.5,28.5,ascending,193.11
35.5,28.75,ascending,193.08272
35.5,29.0,ascending,193.42181
35.5,29.25,ascending,193.91725
35.5,29.5,ascending,193.33167
35.5,29.75,ascending,193.0657
35.5,30.0,ascending,192.50562
35.5,30.25,ascending,192.46666
35.5,30.5,ascending,192.4042
35.5,30.75,ascending,192.32951
35.5,31.0,ascending,192.2865
35.5,37.75,ascending,303.7389
35.5,38.0,ascending,304.1083
35.75,-11.75,ascending,196.44539
35.75,-11.5,ascending,196.58684
35.75,-11.25,ascending,196.68935
35.75,-11.0,ascending,196.68001
35.75,-10.75,ascending,196.54414
35.75,-10.5,ascending,196.3223
35.75,-10.25,ascending,196.05727
35.75,-10.0,ascending,195.9109
35.75,-9.75,ascending,195.6311
35.75,-9.5,ascending,195.45454
35.75,-9.25,ascending,194.99222
35.75,-9.0,ascending,194.44556
35.75,-8.75,ascending,194.14249
35.75,-8.5,ascending,193.81667
35.75,-8.25,ascending,193.56375
35.75,-8.0,ascending,193.135
35.75,-7.75,ascending,192.62285
35.75,-7.5,ascending,192.20874
35.75,-7.25,ascending,191.9
35.75,-7.0,ascending,191.6075
35.75,-6.75,ascending,191.43286
35.75,-6.5,ascending,192.32858
35.75,-6.25,ascending,198.10777
35.75,-6.0,ascending,212.37666
35.75,-5.75,ascending,234.46426
35.75,-5.5,ascending,248.71855
35.75,-5.25,ascending,238.86874
35.75,-5.0,ascending,211.885
35.75,-4.75,ascending,197.76833
35.75,-4.5,ascending,194.6875
35.75,-4.25,ascending,193.97499
35.75,-4.0,ascending,193.54141
35.75,-3.75,ascending,193.27798
35.75,-3.5,ascending,192.90778
35.75,-3.25,ascending,192.752
35.75,-3.0,ascending,192.47624
35.75,-2.75,ascending,191.81
35.75,-2.5,ascending,191.465
35.75,-2.25,ascending,191.44
35.75,-2.0,ascending,191.48874
35.75,-1.75,ascending,191.77
35.75,-1.5,ascending,193.73833
35.75,-1.25,ascending,202.80666
35.75,-1.0,ascending,212.09874
35.75,-0.75,ascending,224.1757
35.75,-0.5,ascending,230.84
35.75,-0.25,ascending,241.14833
35.75,0.0,ascending,245.07143
35.75,0.25,ascending,267.22125
35.75,0.5,ascending,290.78
35.75,0.75,ascending,298.04
35.75,1.0,ascending,302.47
35.75,1.25,ascending,303.8757
35.75,1.5,ascending,304.305
35.75,1.75,ascending,304.6175
35.75,2.0,ascending,304.18625
35.75,2.25,ascending,303.83624
35.75,2.5,ascending,304.29623
35.75,2.75,ascending,304.74
35.75,3.0,ascending,305.301
35.75,3.25,ascending,305.51126
35.75,3.5,ascending,305.1389
35.75,3.75,ascending,304.49222
35.75,4.0,ascending,303.54623
35.75,4.25,ascending,302.47415
35.75,4.5,ascending,301.23093
35.75,4.75,ascending,299.79453
35.75,5.0,ascending,298.61
35.75,5.25,ascending,297.91916
35.75,5.5,ascending,297.4325
35.75,5.75,ascending,297.20438
35.75,6.0,ascending,297.05124
35.75,6.25,ascending,296.44647
35.75,13.0,ascending,197.66374
35.75,13.25,ascending,197.66705
35.75,13.5,ascending,197.66812
35.75,13.75,ascending,197.80923
35.75,14.0,ascending,198.52417
35.75,14.25,ascending,200.55666
35.75,14.5,ascending,203.36273
35.75,14.75,ascending,204.3809
35.75,15.0,ascending,202.79546
35.75,15.25,ascending,200.76999
35.75,15.5,ascending,199.6822
35.75,15.75,ascending,199.07889
35.75,16.0,ascending,198.69221
35.75,16.25,ascending,198.35875
35.75,16.5,ascending,198.32443
35.75,16.75,ascending,198.56714
35.75,17.0,ascending,198.93124
35.75,17.25,ascending,199.26714
35.75,17.5,ascending,199.40875
35.75,17.75,ascending,199.43375
35.75,18.0,ascending,199.26375
35.75,18.25,ascending,199.13713
35.75,18.5,ascending,199.06665
35.75,18.75,ascending,198.89143
35.75,19.0,ascending,198.29
35.75,19.25,ascending,197.52
35.75,19.5,ascending,196.45857
35.75,19.75,ascending,195.9157
35.75,20.0,ascending,195.42714
35.75,20.25,ascending,195.3243
35.75,20.5,ascending,195.36287
35.75,20.75,ascending,195.58
35.75,21.0,ascending,195.76
35.75,21.25,ascending,196.0
35.75,21.5,ascending,196.28667
35.75,21.75,ascending,196.46715
35.75,22.0,ascending,196.10667
35.75,22.25,ascending,195.48625
35.75,22.5,ascending,195.73999
35.75,22.75,ascending,196.70714
35.75,23.0,ascending,199.78572
35.75,23.25,ascending,200.55249
35.75,23.5,ascending,200.53499
35.75,23.75,ascending,204.68999
35.75,24.0,ascending,203.962
35.75,24.25,ascending,201.20427
35.75,24.5,ascending,198.76625
35.75,24.75,ascending,199.30286
35.75,25.0,ascending,199.21777
35.75,25.25,ascending,197.875
35.75,25.5,ascending,197.89
35.75,25.75,ascending,197.05624
35.75,26.0,ascending,196.23625
35.75,26.25,ascending,195.94167
35.75,26.5,ascending,195.675
35.75,26.75,ascending,195.9325
35.75,27.0,ascending,198.78874
35.75,27.25,ascending,201.49333
35.75,27.5,ascending,205.63875
35.75,27.75,ascending,213.28699
35.75,28.0,ascending,208.06125
35.75,28.25,ascending,197.357
35.75,28.5,ascending,194.66
35.75,28.75,ascending,195.96555
35.75,29.0,ascending,198.83363
35.75,29.25,ascending,201.657
35.75,29.5,ascending,202.73164
35.75,29.75,ascending,200.92749
35.75,30.0,ascending,196.95285
35.75,30.25,ascending,194.805
35.75,30.5,ascending,193.71889
35.75,30.75,ascending,193.48291
35.75,31.0,ascending,193.52357
35.75,37.75,ascending,301.60822
35.75,38.0,ascending,302.4
36.0,-12.0,ascending,196.13332
36.0,-11.75,ascending,196.36276
36.0,-11.5,ascending,196.70944
36.0,-11.25,ascending,197.00572
36.0,-11.0,ascending,197.12933
36.0,-10.75,ascending,197.085
36.0,-10.5,ascending,196.97615
36.0,-10.25,ascending,196.832
36.0,-10.0,ascending,196.81454
36.0,-9.75,ascending,196.58453
36.0,-9.5,ascending,196.26111
36.0,-9.25,ascending,195.84
36.0,-9.0,ascending,195.278
36.0,-8.75,ascending,194.93889
36.0,-8.5,ascending,194.40778
36.0,-8.25,ascending,194.0125
36.0,-8.0,ascending,193.48222
36.0,-7.75,ascending,193.08124
36.0,-7.5,ascending,192.67778
36.0,-7.25,ascending,192.31125
36.0,-7.0,ascending,191.97142
36.0,-6.75,ascending,192.04375
36.0,-6.5,ascending,192.7275
36.0,-6.25,ascending,196.60834
36.0,-6.0,ascending,213.54625
36.0,-5.75,ascending,237.40285
36.0,-5.5,ascending,253.06999
36.0,-5.25,ascending,240.38599
36.0,-5.0,ascending,220.27625
36.0,-4.75,ascending,206.04
36.0,-4.5,ascending,201.9825
36.0,-4.25,ascending,198.5657
36.0,-4.0,ascending,196.48375
36.0,-3.75,ascending,194.76714
36.0,-3.5,ascending,194.85143
36.0,-3.25,ascending,194.39143
36.0,-3.0,ascending,194.11333
36.0,-2.75,ascending,193.9
36.0,-2.5,ascending,193.45667
36.0,-2.25,ascending,192.96875
36.0,-2.0,ascending,193.26
36.0,-1.75,ascending,192.05858
36.0,-1.5,ascending,191.9225
36.0,-1.25,ascending,193.51875
36.0,-1.0,ascending,195.55142
36.0,-0.75,ascending,199.34625
36.0,-0.5,ascending,202.59
36.0,-0.25,ascending,208.78499
36.0,0.0,ascending,215.69714
36.0,0.25,ascending,231.94499
36.0,0.5,ascending,258.28113
36.0,0.75,ascending,274.99286
36.0,1.0,ascending,287.0
36.0,1.25,ascending,294.31857
36.0,1.5,ascending,296.115
36.0,1.75,ascending,296.0475
36.0,2.0,ascending,297.11334
36.0,2.25,ascending,297.66888
36.0,2.5,ascending,298.9833
36.0,2.75,ascending,300.3289
36.0,3.0,ascending,301.94623
36.0,3.25,ascending,303.02997
36.0,3.5,ascending,303.593
36.0,3.75,ascending,303.302
36.0,4.0,ascending,302.41165
36.0,4.25,ascending,301.335
36.0,4.5,ascending,300.55
36.0,4.75,ascending,299.21332
36.0,5.0,ascending,298.4575
36.0,5.25,ascending,298.48264
36.0,5.5,ascending,298.86166
36.0,5.75,ascending,299.0858
36.0,6.0,ascending,298.75598
36.0,6.25,ascending,298.06546
36.0,12.75,ascending,197.58667
36.0,13.0,ascending,197.66048
36.0,13.25,ascending,197.6447
36.0,13.5,ascending,197.7
36.0,13.75,ascending,198.17334
36.0,14.0,ascending,199.86499
36.0,14.25,ascending,202.9818
36.0,14.5,ascending,204.48634
36.0,14.75,ascending,203.957
36.0,15.0,ascending,201.456
36.0,15.25,ascending,200.174
36.0,15.5,ascending,199.639
36.0,15.75,ascending,199.41333
36.0,16.0,ascending,199.185
36.0,16.25,ascending,199.01445
36.0,16.5,ascending,199.011
36.0,16.75,ascending,199.22125
36.0,17.0,ascending,199.45778
36.0,17.25,ascending,199.53857
36.0,17.5,ascending,199.37125
36.0,17.75,ascending,199.04124
36.0,18.0,ascending,198.88142
36.0,18.25,ascending,198.7825
36.0,18.5,ascending,198.63142
36.0,18.75,ascending,198.065
36.0,19.0,ascending,197.35875
36.0,19.25,ascending,196.5175
36.0,19.5,ascending,195.91
36.0,19.75,ascending,195.51857
36.0,20.0,ascending,195.26714
36.0,20.25,ascending,195.25285
36.0,20.5,ascending,195.46875
36.0,20.75,ascending,195.70857
36.0,21.0,ascending,196.10333
36.0,21.25,ascending,196.3725
36.0,21.5,ascending,196.45142
36.0,21.75,ascending,196.55429
36.0,22.0,ascending,196.55
36.0,22.25,ascending,196.60834
36.0,22.5,ascending,198.06857
36.0,22.75,ascending,202.04874
36.0,23.0,ascending,207.05713
36.0,23.25,ascending,206.31831
36.0,23.5,ascending,199.17
36.0,23.75,ascending,198.05142
36.0,24.0,ascending,198.17375
36.0,24.25,ascending,197.43333
36.0,24.5,ascending,197.83667
36.0,24.75,ascending,197.495
36.0,25.0,ascending,197.49875
36.0,25.25,ascending,197.96498
36.0,25.5,ascending,198.61554
36.0,25.75,ascending,197.46286
36.0,26.0,ascending,196.57625
36.0,26.25,ascending,196.41249
36.0,26.5,ascending,196.02249
36.0,26.75,ascending,195.86
36.0,27.0,ascending,197.23
36.0,27.25,ascending,199.4925
36.0,27.5,ascending,205.81999
36.0,27.75,ascending,223.43222
36.0,28.0,ascending,226.13599
36.0,28.25,ascending,206.30875
36.0,28.5,ascending,198.68999
36.0,28.75,ascending,202.306
36.0,29.0,ascending,211.57274
36.0,29.25,ascending,224.86693
36.0,29.5,ascending,229.62
36.0,29.75,ascending,230.31665
36.0,30.0,ascending,218.3875
36.0,30.25,ascending,208.53732
36.0,30.5,ascending,199.05449
36.0,30.75,ascending,196.5884
36.0,31.0,ascending,196.995
36.0,37.5,ascending,297.25125
36.0,37.75,ascending,295.32278
36.0,38.0,ascending,293.4611
36.25,-12.0,ascending,195.99834
36.25,-11.75,ascending,196.13611
36.25,-11.5,ascending,196.39294
36.25,-11.25,ascending,196.73923
36.25,-11.0,ascending,197.01768
36.25,-10.75,ascending,197.22249
36.25,-10.5,ascending,197.3775
36.25,-10.25,ascending,197.45181
36.25,-10.0,ascending,197.52888
36.25,-9.75,ascending,197.36299
36.25,-9.5,ascending,197.02887
36.25,-9.25,ascending,196.66444
36.25,-9.0,ascending,196.34332
36.25,-8.75,ascending,195.83124
36.25,-8.5,ascending,195.29999
36.25,-8.25,ascending,194.94
36.25,-8.0,ascending,194.67375
36.25,-7.75,ascending,194.61
36.25,-7.5,ascending,194.3075
36.25,-7.25,ascending,193.90167
36.25,-7.0,ascending,193.82889
36.25,-6.75,ascending,194.07166
36.25,-6.5,ascending,196.16624
36.25,-6.25,ascending,207.79375
36.25,-6.0,ascending,240.15714
36.25,-5.75,ascending,266.83875
36.25,-5.5,ascending,276.275
36.25,-5.25,ascending,258.44284
36.25,-5.0,ascending,242.86143
36.25,-4.75,ascending,227.09999
36.25,-4.5,ascending,221.62999
36.25,-4.25,ascending,210.74165
36.25,-4.0,ascending,208.47166
36.25,-3.75,ascending,203.86856
36.25,-3.5,ascending,204.94142
36.25,-3.25,ascending,204.02167
36.25,-3.0,ascending,203.43999
36.25,-2.75,ascending,203.89166
36.25,-2.5,ascending,202.10715
36.25,-2.25,ascending,201.71834
36.25,-2.0,ascending,198.52333
36.25,-1.75,ascending,195.71428
36.25,-1.5,ascending,192.55
36.25,-1.25,ascending,191.9775
36.25,-1.0,ascending,192.19571
36.25,-0.75,ascending,192.57375
36.25,-0.5,ascending,193.7057
36.25,-0.25,ascending,194.1425
36.25,0.0,ascending,198.14714
36.25,0.25,ascending,206.35832
36.25,0.5,ascending,219.36624
36.25,0.75,ascending,240.02998
36.25,1.0,ascending,252.32875
36.25,1.25,ascending,264.09375
36.25,1.5,ascending,269.3
36.25,1.75,ascending,270.9125
36.25,2.0,ascending,272.9225
36.25,2.25,ascending,276.62714
36.25,2.5,ascending,280.01
36.25,2.75,ascending,285.3878
36.25,3.0,ascending,290.6011
36.25,3.25,ascending,294.88748
36.25,3.5,ascending,297.01666
36.25,3.75,ascending,299.12332
36.25,4.0,ascending,298.13397
36.25,4.25,ascending,297.654
36.25,4.5,ascending,296.72583
36.25,4.75,ascending,294.222
36.25,5.0,ascending,291.19427
36.25,5.25,ascending,292.18616
36.25,5.5,ascending,295.7556
36.25,5.75,ascending,298.3479
36.25,6.0,ascending,297.77237
36.25,6.25,ascending,296.67624
36.25,12.75,ascending,197.32166
36.25,13.0,ascending,197.42316
36.25,13.25,ascending,197.506
36.25,13.5,ascending,197.55666
36.25,13.75,ascending,197.9077
36.25,14.0,ascending,198.64
36.25,14.25,ascending,199.673
36.25,14.5,ascending,199.66455
36.25,14.75,ascending,199.86546
36.25,15.0,ascending,200.05333
36.25,15.25,ascending,200.696
36.25,15.5,ascending,200.92221
36.25,15.75,ascending,200.43875
36.25,16.0,ascending,199.54666
36.25,16.25,ascending,199.26857
36.25,16.5,ascending,199.42444
36.25,16.75,ascending,199.57999
36.25,17.0,ascending,199.43124
36.25,17.25,ascending,199.07857
36.25,17.5,ascending,198.51125
36.25,17.75,ascending,198.26714
36.25,18.0,ascending,198.22624
36.25,18.25,ascending,198.00125
36.25,18.5,ascending,197.73833
36.25,18.75,ascending,197.27284
36.25,19.0,ascending,196.89667
36.25,19.25,ascending,196.51714
36.25,19.5,ascending,196.06874
36.25,19.75,ascending,195.70166
36.25,20.0,ascending,195.56125
36.25,20.25,ascending,195.63167
36.25,20.5,ascending,195.705
36.25,20.75,ascending,195.9557
36.25,21.0,ascending,196.58125
36.25,21.25,ascending,197.02599
36.25,21.5,ascending,197.05374
36.25,21.75,ascending,198.65332
36.25,22.0,ascending,200.11287
36.25,22.25,ascending,203.455
36.25,22.5,ascending,209.55374
36.25,22.75,ascending,215.96167
36.25,23.0,ascending,218.59499
36.25,23.25,ascending,210.305
36.25,23.5,ascending,199.51
36.25,23.75,ascending,196.69832
36.25,24.0,ascending,196.83888
36.25,24.25,ascending,198.35571
36.25,24.5,ascending,199.67
36.25,24.75,ascending,199.44
36.25,25.0,ascending,199.29428
36.25,25.25,ascending,201.04625
36.25,25.5,ascending,201.55429
36.25,25.75,ascending,199.15666
36.25,26.0,ascending,197.7475
36.25,26.25,ascending,197.6157
36.25,26.5,ascending,197.015
36.25,26.75,ascending,197.60428
36.25,27.0,ascending,200.02625
36.25,27.25,ascending,202.58875
36.25,27.5,ascending,206.83298
36.25,27.75,ascending,219.67429
36.25,28.0,ascending,229.73999
36.25,28.25,ascending,217.69272
36.25,28.5,ascending,209.12888
36.25,28.75,ascending,212.52667
36.25,29.0,ascending,231.55415
36.25,29.25,ascending,255.86998
36.25,29.5,ascending,265.20248
36.25,29.75,ascending,268.11166
36.25,30.0,ascending,261.03333
36.25,30.25,ascending,241.12563
36.25,30.5,ascending,216.74199
36.25,30.75,ascending,204.24638
36.25,31.0,ascending,203.37666
36.25,37.5,ascending,298.29498
36.25,37.75,ascending,296.6153
36.25,38.0,ascending,293.966
36.5,-12.0,ascending,196.13293
36.5,-11.75,ascending,196.09352
36.5,-11.5,ascending,196.17499
36.5,-11.25,ascending,196.35846
36.5,-11.0,ascending,196.5593
36.5,-10.75,ascending,196.89299
36.5,-10.5,ascending,197.11154
36.5,-10.25,ascending,197.45999
36.5,-10.0,ascending,197.581
36.5,-9.75,ascending,197.655
36.5,-9.5,ascending,197.536
36.5,-9.25,ascending,197.30667
36.5,-9.0,ascending,197.06499
36.5,-8.75,ascending,196.78778
36.5,-8.5,ascending,196.68222
36.5,-8.25,ascending,197.08333
36.5,-8.0,ascending,197.62555
36.5,-7.75,ascending,197.93999
36.5,-7.5,ascending,198.655
36.5,-7.25,ascending,198.36444
36.5,-7.0,ascending,197.69429
36.5,-6.75,ascending,198.23334
36.5,-6.5,ascending,203.25832
36.5,-6.25,ascending,231.00856
36.5,-6.0,ascending,266.08835
36.5,-5.75,ascending,289.24
36.5,-5.5,ascending,290.84714
36.5,-5.25,ascending,282.4157
36.5,-5.0,ascending,272.5157
36.5,-4.75,ascending,263.5043
36.5,-4.5,ascending,253.64143
36.5,-4.25,ascending,241.10443
36.5,-4.0,ascending,233.54713
36.5,-3.75,ascending,229.25856
36.5,-3.5,ascending,232.23143
36.5,-3.25,ascending,230.89572
36.5,-3.0,ascending,228.6875
36.5,-2.75,ascending,230.69714
36.5,-2.5,ascending,227.01857
36.5,-2.25,ascending,219.42334
36.5,-2.0,ascending,217.74222
36.5,-1.75,ascending,206.48999
36.5,-1.5,ascending,196.10889
36.5,-1.25,ascending,192.29
36.5,-1.0,ascending,192.04999
36.5,-0.75,ascending,192.1325
36.5,-0.5,ascending,192.33125
36.5,-0.25,ascending,192.33571
36.5,0.0,ascending,192.77124
36.5,0.25,ascending,194.93999
36.5,0.5,ascending,197.48
36.5,0.75,ascending,208.56874
36.5,1.0,ascending,210.97125
36.5,1.25,ascending,223.85715
36.5,1.5,ascending,230.08124
36.5,1.75,ascending,231.08875
36.5,2.0,ascending,233.66624
36.5,2.25,ascending,238.14874
36.5,2.5,ascending,244.75749
36.5,2.75,ascending,251.31125
36.5,3.0,ascending,259.58112
36.5,3.25,ascending,267.78726
36.5,3.5,ascending,273.237
36.5,3.75,ascending,281.71
36.5,4.0,ascending,283.452
36.5,4.25,ascending,282.38364
36.5,4.5,ascending,280.95166
36.5,4.75,ascending,275.05847
36.5,5.0,ascending,264.16733
36.5,5.25,ascending,260.002
36.5,5.5,ascending,271.81165
36.5,5.75,ascending,282.35
36.5,6.0,ascending,287.84357
36.5,6.25,ascending,290.97
36.5,12.5,ascending,196.79
36.5,12.75,ascending,196.99199
36.5,13.0,ascending,197.12881
36.5,13.25,ascending,197.20786
36.5,13.5,ascending,197.282
36.5,13.75,ascending,197.44582
36.5,14.0,ascending,197.70583
36.5,14.25,ascending,198.25365
36.5,14.5,ascending,200.49635
36.5,14.75,ascending,204.009
36.5,15.0,ascending,209.097
36.5,15.25,ascending,214.298
36.5,15.5,ascending,209.75
36.5,15.75,ascending,204.625
36.5,16.0,ascending,200.93
36.5,16.25,ascending,199.67624
36.5,16.5,ascending,199.73222
36.5,16.75,ascending,199.59625
36.5,17.0,ascending,199.095
36.5,17.25,ascending,198.40887
36.5,17.5,ascending,197.93857
36.5,17.75,ascending,197.83714
36.5,18.0,ascending,197.74333
36.5,18.25,ascending,197.48665
36.5,18.5,ascending,197.29124
36.5,18.75,ascending,197.13875
36.5,19.0,ascending,196.97427
36.5,19.25,ascending,196.68834
36.5,19.5,ascending,196.31142
36.5,19.75,ascending,196.08998
36.5,20.0,ascending,196.06999
36.5,20.25,ascending,195.98999
36.5,20.5,ascending,195.8457
36.5,20.75,ascending,196.12856
36.5,21.0,ascending,196.77571
36.5,21.25,ascending,197.49715
36.5,21.5,ascending,198.95332
36.5,21.75,ascending,207.61
36.5,22.0,ascending,213.6657
36.5,22.25,ascending,219.3657
36.5,22.5,ascending,236.09999
36.5,22.75,ascending,235.20833
36.5,23.0,ascending,233.68
36.5,23.25,ascending,214.33571
36.5,23.5,ascending,199.7175
36.5,23.75,ascending,196.71715
36.5,24.0,ascending,197.06874
36.5,24.25,ascending,199.86714
36.5,24.5,ascending,203.2225
36.5,24.75,ascending,202.02428
36.5,25.0,ascending,202.5475
36.5,25.25,ascending,206.04857
36.5,25.5,ascending,206.23
36.5,25.75,ascending,201.12125
36.5,26.0,ascending,199.09625
36.5,26.25,ascending,198.05222
36.5,26.5,ascending,197.88857
36.5,26.75,ascending,199.62875
36.5,27.0,ascending,205.87625
36.5,27.25,ascending,211.90332
36.5,27.5,ascending,215.89
36.5,27.75,ascending,222.40181
36.5,28.0,ascending,233.09
36.5,28.25,ascending,234.06111
36.5,28.5,ascending,232.14099
36.5,28.75,ascending,238.43666
36.5,29.0,ascending,256.6318
36.5,29.25,ascending,275.37726
36.5,29.5,ascending,284.1857
36.5,29.75,ascending,285.13428
36.5,30.0,ascending,280.86688
36.5,30.25,ascending,267.61133
36.5,30.5,ascending,240.9913
36.5,30.75,ascending,218.67154
36.5,37.25,ascending,301.94666
36.5,37.5,ascending,301.19843
36.5,37.75,ascending,300.12115
36.5,38.0,ascending,298.55444
36.75,-12.25,ascending,196.22714
36.75,-12.0,ascending,196.30211
36.75,-11.75,ascending,196.27812
36.75,-11.5,ascending,196.23734
36.75,-11.25,ascending,196.1446
36.75,-11.0,ascending,196.12834
36.75,-10.75,ascending,196.30833
36.75,-10.5,ascending,196.52545
36.75,-10.25,ascending,196.87999
36.75,-10.0,ascending,197.149
36.75,-9.75,ascending,197.40778
36.75,-9.5,ascending,197.53111
36.75,-9.25,ascending,197.56778
36.75,-9.0,ascending,198.2025
36.75,-8.75,ascending,200.25125
36.75,-8.5,ascending,202.8125
36.75,-8.25,ascending,206.72
36.75,-8.0,ascending,210.58125
36.75,-7.75,ascending,211.66428
36.75,-7.5,ascending,213.78572
36.75,-7.25,ascending,211.00856
36.75,-7.0,ascending,206.15572
36.75,-6.75,ascending,211.46498
36.75,-6.5,ascending,225.42874
36.75,-6.25,ascending,262.88623
36.75,-6.0,ascending,287.99875
36.75,-5.75,ascending,295.65714
36.75,-5.5,ascending,296.50168
36.75,-5.25,ascending,295.9243
36.75,-5.0,ascending,291.6314
36.75,-4.75,ascending,288.73712
36.75,-4.5,ascending,279.43997
36.75,-4.25,ascending,276.525
36.75,-4.0,ascending,267.69427
36.75,-3.75,ascending,266.13834
36.75,-3.5,ascending,266.4157
36.75,-3.25,ascending,266.218
36.75,-3.0,ascending,266.18716
36.75,-2.75,ascending,265.6971
36.75,-2.5,ascending,260.10284
36.75,-2.25,ascending,255.49715
36.75,-2.0,ascending,251.5925
36.75,-1.75,ascending,221.024
36.75,-1.5,ascending,202.444
36.75,-1.25,ascending,194.27625
36.75,-1.0,ascending,193.33286
36.75,-0.75,ascending,192.72
36.75,-0.5,ascending,192.68199
36.75,-0.25,ascending,192.545
36.75,0.0,ascending,192.44
36.75,0.25,ascending,192.26857
36.75,0.5,ascending,192.34427
36.75,0.75,ascending,193.36856
36.75,1.0,ascending,194.95427
36.75,1.25,ascending,199.10857
36.75,1.5,ascending,200.48666
36.75,1.75,ascending,200.50429
36.75,2.0,ascending,202.9425
36.75,2.25,ascending,205.45876
36.75,2.5,ascending,207.83443
36.75,2.75,ascending,213.84999
36.75,3.0,ascending,222.96625
36.75,3.25,ascending,223.29749
36.75,3.5,ascending,232.2411
36.75,3.75,ascending,240.78668
36.75,4.0,ascending,246.4
36.75,4.25,ascending,246.38799
36.75,4.5,ascending,243.86076
36.75,4.75,ascending,238.23817
36.75,5.0,ascending,226.12143
36.75,5.25,ascending,217.11642
36.75,5.5,ascending,222.9247
36.75,5.75,ascending,238.69449
36.75,6.0,ascending,254.06912
36.75,12.5,ascending,196.87555
36.75,12.75,ascending,197.01105
36.75,13.0,ascending,197.12611
36.75,13.25,ascending,197.14153
36.75,13.5,ascending,197.27641
36.75,13.75,ascending,197.66635
36.75,14.0,ascending,199.76727
36.75,14.25,ascending,203.262
36.75,14.5,ascending,218.59799
36.75,14.75,ascending,235.21098
36.75,15.0,ascending,243.75555
36.75,15.25,ascending,240.50125
36.75,15.5,ascending,224.66249
36.75,15.75,ascending,210.22665
36.75,16.0,ascending,202.43124
36.75,16.25,ascending,200.23874
36.75,16.5,ascending,199.97499
36.75,16.75,ascending,199.51572
36.75,17.0,ascending,198.84856
36.75,17.25,ascending,198.3257
36.75,17.5,ascending,198.0625
36.75,17.75,ascending,197.8957
36.75,18.0,ascending,197.77141
36.75,18.25,ascending,197.59125
36.75,18.5,ascending,197.435
36.75,18.75,ascending,197.36427
36.75,19.0,ascending,197.16624
36.75,19.25,ascending,196.8457
36.75,19.5,ascending,196.5657
36.75,19.75,ascending,196.52284
36.75,20.0,ascending,196.43143
36.75,20.25,ascending,196.19334
36.75,20.5,ascending,195.99571
36.75,20.75,ascending,196.23
36.75,21.0,ascending,197.01
36.75,21.25,ascending,197.885
36.75,21.5,ascending,204.77625
36.75,21.75,ascending,223.25998
36.75,22.0,ascending,241.37856
36.75,22.25,ascending,249.57858
36.75,22.5,ascending,263.89334
36.75,22.75,ascending,261.37997
36.75,23.0,ascending,245.62624
36.75,23.25,ascending,217.75284
36.75,23.5,ascending,202.435
36.75,23.75,ascending,197.70999
36.75,24.0,ascending,197.18625
36.75,24.25,ascending,200.23999
36.75,24.5,ascending,204.42123
36.75,24.75,ascending,203.86856
36.75,25.0,ascending,205.49715
36.75,25.25,ascending,210.50429
36.75,25.5,ascending,211.33142
36.75,25.75,ascending,204.31714
36.75,26.0,ascending,199.7057
36.75,26.25,ascending,197.68999
36.75,26.5,ascending,197.62125
36.75,26.75,ascending,200.76125
36.75,27.0,ascending,210.8211
36.75,27.25,ascending,223.33249
36.75,27.5,ascending,233.61444
36.75,27.75,ascending,242.6522
36.75,28.0,ascending,249.51599
36.75,28.25,ascending,260.78998
36.75,28.5,ascending,264.03552
36.75,28.75,ascending,271.797
36.75,29.0,ascending,277.96817
36.75,29.25,ascending,286.20456
36.75,29.5,ascending,289.715
36.75,29.75,ascending,288.75998
36.75,30.0,ascending,286.83133
36.75,30.25,ascending,282.4961
36.75,30.5,ascending,269.511
36.75,30.75,ascending,250.62453
36.75,37.25,ascending,301.58832
36.75,37.5,ascending,301.55103
36.75,37.75,ascending,300.90067
36.75,38.0,ascending,299.62442
37.0,-12.25,ascending,196.36063
37.0,-12.0,ascending,196.46117
37.0,-11.75,ascending,196.45874
37.0,-11.5,ascending,196.39429
37.0,-11.25,ascending,196.24538
37.0,-11.0,ascending,196.20819
37.0,-10.75,ascending,196.19499
37.0,-10.5,ascending,196.28099
37.0,-10.25,ascending,196.45401
37.0,-10.0,ascending,196.69777
37.0,-9.75,ascending,196.93
37.0,-9.5,ascending,197.28555
37.0,-9.25,ascending,198.29
37.0,-9.0,ascending,202.9611
37.0,-8.75,ascending,212.9357
37.0,-8.5,ascending,225.61299
37.0,-8.25,ascending,239.155
37.0,-8.0,ascending,245.59
37.0,-7.75,ascending,250.01888
37.0,-7.5,ascending,244.43375
37.0,-7.25,ascending,237.12
37.0,-7.0,ascending,234.8375
37.0,-6.75,ascending,243.38748
37.0,-6.5,ascending,265.27875
37.0,-6.25,ascending,289.18713
37.0,-6.0,ascending,295.65717
37.0,-5.75,ascending,297.7543
37.0,-5.5,ascending,299.65625
37.0,-5.25,ascending,300.93832
37.0,-5.0,ascending,299.4275
37.0,-4.75,ascending,298.04333
37.0,-4.5,ascending,295.20572
37.0,-4.25,ascending,292.85
37.0,-4.0,ascending,291.46286
37.0,-3.75,ascending,289.4643
37.0,-3.5,ascending,290.21625
37.0,-3.25,ascending,286.4957
37.0,-3.0,ascending,289.53998
37.0,-2.75,ascending,287.954
37.0,-2.5,ascending,285.51624
37.0,-2.25,ascending,286.26715
37.0,-2.0,ascending,275.418
37.0,-1.75,ascending,244.515
37.0,-1.5,ascending,216.38142
37.0,-1.25,ascending,205.4075
37.0,-1.0,ascending,199.59856
37.0,-0.75,ascending,197.36427
37.0,-0.5,ascending,193.91624
37.0,-0.25,ascending,193.14285
37.0,0.0,ascending,193.12856
37.0,0.25,ascending,192.59624
37.0,0.5,ascending,192.24571
37.0,0.75,ascending,192.09714
37.0,1.0,ascending,192.2625
37.0,1.25,ascending,192.605
37.0,1.5,ascending,192.855
37.0,1.75,ascending,193.1675
37.0,2.0,ascending,193.34444
37.0,2.25,ascending,193.9375
37.0,2.5,ascending,194.02899
37.0,2.75,ascending,194.98749
37.0,3.0,ascending,198.771
37.0,3.25,ascending,198.60333
37.0,3.5,ascending,200.18546
37.0,3.75,ascending,205.68456
37.0,4.0,ascending,207.72
37.0,4.25,ascending,208.60454
37.0,4.5,ascending,206.7975
37.0,4.75,ascending,206.00308
37.0,5.0,ascending,201.16214
37.0,5.25,ascending,197.15999
37.0,5.5,ascending,196.92
37.0,5.75,ascending,201.78136
37.0,6.0,ascending,211.80095
37.0,12.5,ascending,197.32764
37.0,12.75,ascending,197.28944
37.0,13.0,ascending,197.434
37.0,13.25,ascending,198.01614
37.0,13.5,ascending,201.24153
37.0,13.75,ascending,205.22249
37.0,14.0,ascending,219.57909
37.0,14.25,ascending,234.83748
37.0,14.5,ascending,258.76443
37.0,14.75,ascending,271.969
37.0,15.0,ascending,273.008
37.0,15.25,ascending,258.8222
37.0,15.5,ascending,233.226
37.0,15.75,ascending,211.57889
37.0,16.0,ascending,202.56
37.0,16.25,ascending,200.38222
37.0,16.5,ascending,199.9311
37.0,16.75,ascending,199.4175
37.0,17.0,ascending,198.97125
37.0,17.25,ascending,198.77875
37.0,17.5,ascending,198.53857
37.0,17.75,ascending,198.24777
37.0,18.0,ascending,198.00832
37.0,18.25,ascending,197.73999
37.0,18.5,ascending,197.56
37.0,18.75,ascending,197.46999
37.0,19.0,ascending,197.21571
37.0,19.25,ascending,196.84999
37.0,19.5,ascending,196.67624
37.0,19.75,ascending,196.65999
37.0,20.0,ascending,196.55249
37.0,20.25,ascending,196.265
37.0,20.5,ascending,196.14429
37.0,20.75,ascending,196.48856
37.0,21.0,ascending,197.8457
37.0,21.25,ascending,199.88666
37.0,21.5,ascending,209.76143
37.0,21.75,ascending,241.87875
37.0,22.0,ascending,266.8857
37.0,22.25,ascending,276.17667
37.0,22.5,ascending,281.16998
37.0,22.75,ascending,274.8857
37.0,23.0,ascending,250.27284
37.0,23.25,ascending,222.8875
37.0,23.5,ascending,209.20332
37.0,23.75,ascending,200.6275
37.0,24.0,ascending,198.47833
37.0,24.25,ascending,201.26428
37.0,24.5,ascending,203.9625
37.0,24.75,ascending,203.63857
37.0,25.0,ascending,205.54999
37.0,25.25,ascending,211.3675
37.0,25.5,ascending,211.25713
37.0,25.75,ascending,204.51
37.0,26.0,ascending,199.97
37.0,26.25,ascending,198.14249
37.0,26.5,ascending,198.83667
37.0,26.75,ascending,202.73375
37.0,27.0,ascending,213.58444
37.0,27.25,ascending,234.59888
37.0,27.5,ascending,255.27374
37.0,27.75,ascending,268.31775
37.0,28.0,ascending,273.789
37.0,28.25,ascending,280.302
37.0,28.5,ascending,286.32544
37.0,28.75,ascending,288.65454
37.0,29.0,ascending,290.80417
37.0,29.25,ascending,292.08835
37.0,29.5,ascending,291.86383
37.0,29.75,ascending,290.69928
37.0,30.0,ascending,290.14178
37.0,30.25,ascending,290.645
37.0,30.5,ascending,288.81418
37.0,30.75,ascending,282.84277
37.0,37.0,ascending,297.63
37.0,37.25,ascending,298.84317
37.0,37.5,ascending,297.6706
37.0,37.75,ascending,297.5721
37.0,38.0,ascending,297.11
37.25,-12.5,ascending,196.48
37.25,-12.25,ascending,196.50049
37.25,-12.0,ascending,196.62292
37.25,-11.75,ascending,196.65213
37.25,-11.5,ascending,196.63693
37.25,-11.25,ascending,196.54915
37.25,-11.0,ascending,196.48665
37.25,-10.75,ascending,196.42818
37.25,-10.5,ascending,196.4411
37.25,-10.25,ascending,196.477
37.25,-10.0,ascending,196.566
37.25,-9.75,ascending,196.64249
37.25,-9.5,ascending,197.1011
37.25,-9.25,ascending,199.82
37.25,-9.0,ascending,209.51125
37.25,-8.75,ascending,228.74374
37.25,-8.5,ascending,254.48375
37.25,-8.25,ascending,274.43857
37.25,-8.0,ascending,282.63858
37.25,-7.75,ascending,284.85
37.25,-7.5,ascending,277.77286
37.25,-7.25,ascending,273.38998
37.25,-7.0,ascending,276.07373
37.25,-6.75,ascending,280.69833
37.25,-6.5,ascending,294.09427
37.25,-6.25,ascending,298.12997
37.25,-6.0,ascending,298.27713
37.25,-5.75,ascending,299.288
37.25,-5.5,ascending,301.11874
37.25,-5.25,ascending,301.69833
37.25,-5.0,ascending,300.995
37.25,-4.75,ascending,300.29834
37.25,-4.5,ascending,300.2357
37.25,-4.25,ascending,299.09164
37.25,-4.0,ascending,299.1314
37.25,-3.75,ascending,297.70712
37.25,-3.5,ascending,296.975
37.25,-3.25,ascending,296.08002
37.25,-3.0,ascending,295.692
37.25,-2.75,ascending,294.905
37.25,-2.5,ascending,294.52335
37.25,-2.25,ascending,294.47998
37.25,-2.0,ascending,286.84998
37.25,-1.75,ascending,270.4057
37.25,-1.5,ascending,245.38126
37.25,-1.25,ascending,231.385
37.25,-1.0,ascending,221.96443
37.25,-0.75,ascending,210.15999
37.25,-0.5,ascending,198.37665
37.25,-0.25,ascending,194.17168
37.25,0.0,ascending,193.89143
37.25,0.25,ascending,193.45
37.25,0.5,ascending,192.89285
37.25,0.75,ascending,192.73749
37.25,1.0,ascending,192.88374
37.25,1.25,ascending,193.04668
37.25,1.5,ascending,193.29625
37.25,1.75,ascending,193.485
37.25,2.0,ascending,193.57874
37.25,2.25,ascending,193.63625
37.25,2.5,ascending,193.5957
37.25,2.75,ascending,193.40445
37.25,3.0,ascending,193.16333
37.25,3.25,ascending,193.14334
37.25,3.5,ascending,193.15625
37.25,3.75,ascending,193.676
37.25,4.0,ascending,194.28001
37.25,4.25,ascending,194.45401
37.25,4.5,ascending,194.3775
37.25,4.75,ascending,193.98999
37.25,5.0,ascending,193.715
37.25,5.25,ascending,193.24284
37.25,5.5,ascending,193.16841
37.25,5.75,ascending,194.23523
37.25,6.0,ascending,197.18999
37.25,12.25,ascending,199.18999
37.25,12.5,ascending,198.77473
37.25,12.75,ascending,199.25647
37.25,13.0,ascending,202.51927
37.25,13.25,ascending,207.495
37.25,13.5,ascending,227.24307
37.25,13.75,ascending,240.53271
37.25,14.0,ascending,266.25272
37.25,14.25,ascending,278.1527
37.25,14.5,ascending,286.43
37.25,14.75,ascending,287.40332
37.25,15.0,ascending,278.447
37.25,15.25,ascending,256.06375
37.25,15.5,ascending,227.72
37.25,15.75,ascending,209.50856
37.25,16.0,ascending,202.37874
37.25,16.25,ascending,200.40125
37.25,16.5,ascending,199.99625
37.25,16.75,ascending,199.77428
37.25,17.0,ascending,199.47571
37.25,17.25,ascending,199.22427
37.25,17.5,ascending,198.81125
37.25,17.75,ascending,198.32832
37.25,18.0,ascending,197.8375
37.25,18.25,ascending,197.48286
37.25,18.5,ascending,197.2175
37.25,18.75,ascending,197.0657
37.25,19.0,ascending,196.68625
37.25,19.25,ascending,196.495
37.25,19.5,ascending,196.33125
37.25,19.75,ascending,196.48
37.25,20.0,ascending,196.45142
37.25,20.25,ascending,196.3657
37.25,20.5,ascending,196.38142
37.25,20.75,ascending,198.47285
37.25,21.0,ascending,200.61165
37.25,21.25,ascending,204.54141
37.25,21.5,ascending,223.74333
37.25,21.75,ascending,256.94333
37.25,22.0,ascending,282.12143
37.25,22.25,ascending,288.005
37.25,22.5,ascending,286.74554
37.25,22.75,ascending,273.625
37.25,23.0,ascending,250.42429
37.25,23.25,ascending,232.89143
37.25,23.5,ascending,218.36874
37.25,23.75,ascending,206.09
37.25,24.0,ascending,204.39499
37.25,24.25,ascending,205.135
37.25,24.5,ascending,205.29874
37.25,24.75,ascending,204.35834
37.25,25.0,ascending,206.12857
37.25,25.25,ascending,207.3057
37.25,25.5,ascending,205.80624
37.25,25.75,ascending,201.07875
37.25,26.0,ascending,200.87875
37.25,26.25,ascending,201.17142
37.25,26.5,ascending,202.78624
37.25,26.75,ascending,207.11287
37.25,27.0,ascending,217.86
37.25,27.25,ascending,243.33374
37.25,27.5,ascending,268.551
37.25,27.75,ascending,286.075
37.25,28.0,ascending,290.32443
37.25,28.25,ascending,291.25446
37.25,28.5,ascending,293.00555
37.25,28.75,ascending,293.678
37.25,29.0,ascending,293.08
37.25,29.25,ascending,293.07166
37.25,29.5,ascending,292.38834
37.25,29.75,ascending,290.7577
37.25,30.0,ascending,290.3681
37.25,30.25,ascending,291.19104
37.25,30.5,ascending,291.1413
37.25,30.75,ascending,288.96692
37.25,37.0,ascending,296.38333
37.25,37.25,ascending,296.52554
37.25,37.5,ascending,296.07236
37.25,37.75,ascending,295.65692
37.25,38.0,ascending,295.51248
37.5,-12.5,ascending,196.53333
37.5,-12.25,ascending,196.67749
37.5,-12.0,ascending,196.81534
37.5,-11.75,ascending,196.87933
37.5,-11.5,ascending,196.90154
37.5,-11.25,ascending,196.8391
37.5,-11.0,ascending,196.79417
37.5,-10.75,ascending,196.73999
37.5,-10.5,ascending,196.70332
37.5,-10.25,ascending,196.69545
37.5,-10.0,ascending,196.65111
37.5,-9.75,ascending,196.62445
37.5,-9.5,ascending,196.935
37.5,-9.25,ascending,199.61111
37.5,-9.0,ascending,209.2325
37.5,-8.75,ascending,230.59113
37.5,-8.5,ascending,261.6778
37.5,-8.25,ascending,285.36374
37.5,-8.0,ascending,295.58
37.5,-7.75,ascending,298.125
37.5,-7.5,ascending,295.8975
37.5,-7.25,ascending,294.86
37.5,-7.0,ascending,296.9883
37.5,-6.75,ascending,298.00446
37.5,-6.5,ascending,299.24857
37.5,-6.25,ascending,298.8757
37.5,-6.0,ascending,298.6475
37.5,-5.75,ascending,299.40283
37.5,-5.5,ascending,299.92142
37.5,-5.25,ascending,300.33426
37.5,-5.0,ascending,300.3457
37.5,-4.75,ascending,300.83856
37.5,-4.5,ascending,301.5
37.5,-4.25,ascending,301.4375
37.5,-4.0,ascending,300.92667
37.5,-3.75,ascending,299.9233
37.5,-3.5,ascending,298.93857
37.5,-3.25,ascending,299.10666
37.5,-3.0,ascending,297.91373
37.5,-2.75,ascending,296.57333
37.5,-2.5,ascending,295.69427
37.5,-2.25,ascending,295.53143
37.5,-2.0,ascending,294.74
37.5,-1.75,ascending,288.51428
37.5,-1.5,ascending,278.70856
37.5,-1.25,ascending,260.59198
37.5,-1.0,ascending,256.80624
37.5,-0.75,ascending,230.5657
37.5,-0.5,ascending,206.2025
37.5,-0.25,ascending,195.91284
37.5,0.0,ascending,194.71875
37.5,0.25,ascending,194.22333
37.5,0.5,ascending,193.70625
37.5,0.75,ascending,193.66624
37.5,1.0,ascending,193.68999
37.5,1.25,ascending,194.035
37.5,1.5,ascending,194.54
37.5,1.75,ascending,194.86856
37.5,2.0,ascending,194.95749
37.5,2.25,ascending,195.07777
37.5,2.5,ascending,194.88333
37.5,2.75,ascending,194.62
37.5,3.0,ascending,194.096
37.5,3.25,ascending,193.70401
37.5,3.5,ascending,193.48
37.5,3.75,ascending,193.37726
37.5,4.0,ascending,193.46999
37.5,4.25,ascending,193.41637
37.5,4.5,ascending,193.1875
37.5,4.75,ascending,192.96143
37.5,5.0,ascending,192.85733
37.5,5.25,ascending,192.845
37.5,5.5,ascending,192.80777
37.5,5.75,ascending,193.15279
37.5,6.0,ascending,194.2
37.5,12.25,ascending,203.00267
37.5,12.5,ascending,206.30705
37.5,12.75,ascending,214.68932
37.5,13.0,ascending,229.03786
37.5,13.25,ascending,244.62923
37.5,13.5,ascending,268.6
37.5,13.75,ascending,279.29544
37.5,14.0,ascending,287.58698
37.5,14.25,ascending,288.369
37.5,14.5,ascending,288.456
37.5,14.75,ascending,285.3389
37.5,15.0,ascending,274.008
37.5,15.25,ascending,253.095
37.5,15.5,ascending,229.43
37.5,15.75,ascending,212.04625
37.5,16.0,ascending,205.25665
37.5,16.25,ascending,203.69624
37.5,16.5,ascending,203.64749
37.5,16.75,ascending,201.76749
37.5,17.0,ascending,200.26556
37.5,17.25,ascending,199.47499
37.5,17.5,ascending,198.90285
37.5,17.75,ascending,198.2425
37.5,18.0,ascending,197.53
37.5,18.25,ascending,197.02144
37.5,18.5,ascending,196.52998
37.5,18.75,ascending,196.0657
37.5,19.0,ascending,195.62572
37.5,19.25,ascending,195.54428
37.5,19.5,ascending,195.40572
37.5,19.75,ascending,195.87
37.5,20.0,ascending,196.14
37.5,20.25,ascending,196.41429
37.5,20.5,ascending,197.99165
37.5,20.75,ascending,205.17
37.5,21.0,ascending,208.63625
37.5,21.25,ascending,214.015
37.5,21.5,ascending,241.42223
37.5,21.75,ascending,275.434
37.5,22.0,ascending,287.08624
37.5,22.25,ascending,287.77713
37.5,22.5,ascending,283.83398
37.5,22.75,ascending,274.3814
37.5,23.0,ascending,260.36874
37.5,23.25,ascending,246.50285
37.5,23.5,ascending,230.78125
37.5,23.75,ascending,223.07571
37.5,24.0,ascending,219.39714
37.5,24.25,ascending,213.2625
37.5,24.5,ascending,208.81334
37.5,24.75,ascending,207.7175
37.5,25.0,ascending,207.92874
37.5,25.25,ascending,204.14166
37.5,25.5,ascending,200.45749
37.5,25.75,ascending,198.6975
37.5,26.0,ascending,202.06999
37.5,26.25,ascending,204.50874
37.5,26.5,ascending,207.29
37.5,26.75,ascending,215.49889
37.5,27.0,ascending,228.09222
37.5,27.25,ascending,254.52126
37.5,27.5,ascending,280.9411
37.5,27.75,ascending,291.474
37.5,28.0,ascending,294.638
37.5,28.25,ascending,294.77542
37.5,28.5,ascending,294.70273
37.5,28.75,ascending,294.702
37.5,29.0,ascending,293.72333
37.5,29.25,ascending,292.97455
37.5,29.5,ascending,291.65933
37.5,29.75,ascending,288.71927
37.5,30.0,ascending,287.2672
37.5,30.25,ascending,287.87167
37.5,30.5,ascending,288.47116
37.5,30.75,ascending,288.30167
37.5,37.0,ascending,293.78278
37.5,37.25,ascending,295.22165
37.5,37.5,ascending,295.07333
37.5,37.75,ascending,295.04767
37.5,38.0,ascending,293.53375
37.75,-12.75,ascending,196.355
37.75,-12.5,ascending,196.59474
37.75,-12.25,ascending,196.81824
37.75,-12.0,ascending,197.01067
37.75,-11.75,ascending,197.15616
37.75,-11.5,ascending,197.2023
37.75,-11.25,ascending,197.17499
37.75,-11.0,ascending,197.10727
37.75,-10.75,ascending,197.04666
37.75,-10.5,ascending,196.96182
37.75,-10.25,ascending,196.92
37.75,-10.0,ascending,196.81
37.75,-9.75,ascending,196.66624
37.75,-9.5,ascending,196.65887
37.75,-9.25,ascending,198.3875
37.75,-9.0,ascending,208.64333
37.75,-8.75,ascending,233.23999
37.75,-8.5,ascending,265.01
37.75,-8.25,ascending,288.7614
37.75,-8.0,ascending,298.3757
37.75,-7.75,ascending,300.90997
37.75,-7.5,ascending,300.6143
37.75,-7.25,ascending,300.29144
37.75,-7.0,ascending,300.12857
37.75,-6.75,ascending,299.09164
37.75,-6.5,ascending,296.96143
37.75,-6.25,ascending,296.6033
37.75,-6.0,ascending,297.0814
37.75,-5.75,ascending,297.68
37.75,-5.5,ascending,297.57144
37.75,-5.25,ascending,298.43
37.75,-5.0,ascending,299.525
37.75,-4.75,ascending,300.52426
37.75,-4.5,ascending,301.69998
37.75,-4.25,ascending,302.26834
37.75,-4.0,ascending,301.77124
37.75,-3.75,ascending,300.995
37.75,-3.5,ascending,300.8357
37.75,-3.25,ascending,300.90332
37.75,-3.0,ascending,300.20572
37.75,-2.75,ascending,296.9883
37.75,-2.5,ascending,295.63284
37.75,-2.25,ascending,295.6425
37.75,-2.0,ascending,296.22998
37.75,-1.75,ascending,295.71335
37.75,-1.5,ascending,290.672
37.75,-1.25,ascending,285.67142
37.75,-1.0,ascending,279.282
37.75,-0.75,ascending,254.778
37.75,-0.5,ascending,221.55571
37.75,-0.25,ascending,202.1975
37.75,0.0,ascending,196.46167
37.75,0.25,ascending,195.4625
37.75,0.5,ascending,194.87125
37.75,0.75,ascending,194.788
37.75,1.0,ascending,194.765
37.75,1.25,ascending,195.31749
37.75,1.5,ascending,195.90625
37.75,1.75,ascending,196.09856
37.75,2.0,ascending,196.37445
37.75,2.25,ascending,196.43875
37.75,2.5,ascending,196.3211
37.75,2.75,ascending,196.1611
37.75,3.0,ascending,195.64499
37.75,3.25,ascending,195.28888
37.75,3.5,ascending,194.8211
37.75,3.75,ascending,194.7118
37.75,4.0,ascending,194.56699
37.75,4.25,ascending,194.357
37.75,4.5,ascending,194.09923
37.75,4.75,ascending,193.78333
37.75,5.0,ascending,193.42867
37.75,5.25,ascending,193.218
37.75,5.5,ascending,193.02477
37.75,5.75,ascending,193.08679
37.75,6.0,ascending,193.12599
37.75,12.0,ascending,205.09001
37.75,12.25,ascending,209.36578
37.75,12.5,ascending,222.24529
37.75,12.75,ascending,241.85
37.75,13.0,ascending,262.25784
37.75,13.25,ascending,275.47
37.75,13.5,ascending,283.38
37.75,13.75,ascending,284.85364
37.75,14.0,ascending,282.2609
37.75,14.25,ascending,278.0722
37.75,14.5,ascending,277.56113
37.75,14.75,ascending,273.684
37.75,15.0,ascending,266.43445
37.75,15.25,ascending,252.89624
37.75,15.5,ascending,236.33124
37.75,15.75,ascending,223.0875
37.75,16.0,ascending,220.01375
37.75,16.25,ascending,218.36427
37.75,16.5,ascending,214.49715
37.75,16.75,ascending,206.86284
37.75,17.0,ascending,202.4
37.75,17.25,ascending,200.76
37.75,17.5,ascending,199.385
37.75,17.75,ascending,198.29428
37.75,18.0,ascending,197.29668
37.75,18.25,ascending,196.52571
37.75,18.5,ascending,195.63124
37.75,18.75,ascending,194.72427
37.75,19.0,ascending,193.94
37.75,19.25,ascending,193.88857
37.75,19.5,ascending,194.09714
37.75,19.75,ascending,194.70714
37.75,20.0,ascending,195.51166
37.75,20.25,ascending,196.72333
37.75,20.5,ascending,203.17249
37.75,20.75,ascending,214.76999
37.75,21.0,ascending,217.00713
37.75,21.25,ascending,227.10999
37.75,21.5,ascending,254.17332
37.75,21.75,ascending,277.6425
37.75,22.0,ascending,283.22333
37.75,22.25,ascending,281.33835
37.75,22.5,ascending,276.83572
37.75,22.75,ascending,267.185
37.75,23.0,ascending,261.6
37.75,23.25,ascending,255.09142
37.75,23.5,ascending,247.7275
37.75,23.75,ascending,250.6257
37.75,24.0,ascending,241.17375
37.75,24.25,ascending,224.0557
37.75,24.5,ascending,213.99857
37.75,24.75,ascending,209.96571
37.75,25.0,ascending,207.24284
37.75,25.25,ascending,200.72856
37.75,25.5,ascending,197.83624
37.75,25.75,ascending,199.97667
37.75,26.0,ascending,204.22
37.75,26.25,ascending,208.5875
37.75,26.5,ascending,215.11111
37.75,26.75,ascending,227.45499
37.75,27.0,ascending,242.98625
37.75,27.25,ascending,266.50665
37.75,27.5,ascending,286.34857
37.75,27.75,ascending,293.1611
37.75,28.0,ascending,294.42
37.75,28.25,ascending,294.5275
37.75,28.5,ascending,294.897
37.75,28.75,ascending,295.11365
37.75,29.0,ascending,294.50998
37.75,29.25,ascending,293.63498
37.75,29.5,ascending,292.2069
37.75,29.75,ascending,289.318
37.75,30.0,ascending,286.3593
37.75,30.25,ascending,284.6019
37.75,30.5,ascending,283.36115
37.75,30.75,ascending,284.115
37.75,36.75,ascending,288.976
37.75,37.0,ascending,290.01855
37.75,37.25,ascending,290.98996
37.75,37.5,ascending,290.85266
37.75,37.75,ascending,291.14307
37.75,38.0,ascending,289.90286
38.0,-12.75,ascending,195.94084
38.0,-12.5,ascending,196.27055
38.0,-12.25,ascending,196.43066
38.0,-12.0,ascending,196.76572
38.0,-11.75,ascending,197.01666
38.0,-11.5,ascending,197.2325
38.0,-11.25,ascending,197.30583
38.0,-11.0,ascending,197.285
38.0,-10.75,ascending,197.2
38.0,-10.5,ascending,197.07799
38.0,-10.25,ascending,196.96889
38.0,-10.0,ascending,196.80899
38.0,-9.75,ascending,196.59625
38.0,-9.5,ascending,196.49333
38.0,-9.25,ascending,198.70125
38.0,-9.0,ascending,209.93
38.0,-8.75,ascending,234.97374
38.0,-8.5,ascending,266.06876
38.0,-8.25,ascending,289.5275
38.0,-8.0,ascending,298.57874
38.0,-7.75,ascending,301.20712
38.0,-7.5,ascending,301.18625
38.0,-7.25,ascending,300.30426
38.0,-7.0,ascending,299.0557
38.0,-6.75,ascending,297.395
38.0,-6.5,ascending,295.43854
38.0,-6.25,ascending,295.05875
38.0,-6.0,ascending,294.93832
38.0,-5.75,ascending,294.07666
38.0,-5.5,ascending,294.35623
38.0,-5.25,ascending,297.17
38.0,-5.0,ascending,299.22144
38.0,-4.75,ascending,300.40143
38.0,-4.5,ascending,301.65875
38.0,-4.25,ascending,301.94855
38.0,-4.0,ascending,301.50168
38.0,-3.75,ascending,301.2757
38.0,-3.5,ascending,301.43167
38.0,-3.25,ascending,301.88623
38.0,-3.0,ascending,300.52332
38.0,-2.75,ascending,297.73712
38.0,-2.5,ascending,295.97427
38.0,-2.25,ascending,295.63333
38.0,-2.0,ascending,296.42715
38.0,-1.75,ascending,297.05
38.0,-1.5,ascending,296.24875
38.0,-1.25,ascending,294.255
38.0,-1.0,ascending,288.43555
38.0,-0.75,ascending,269.15
38.0,-0.5,ascending,240.45714
38.0,-0.25,ascending,215.95285
38.0,0.0,ascending,201.69624
38.0,0.25,ascending,198.24142
38.0,0.5,ascending,196.44858
38.0,0.75,ascending,196.46555
38.0,1.0,ascending,196.69333
38.0,1.25,ascending,197.25713
38.0,1.5,ascending,197.4557
38.0,1.75,ascending,197.4411
38.0,2.0,ascending,197.54874
38.0,2.25,ascending,197.36374
38.0,2.5,ascending,197.27556
38.0,2.75,ascending,197.18875
38.0,3.0,ascending,196.99545
38.0,3.25,ascending,196.71555
38.0,3.5,ascending,196.54637
38.0,3.75,ascending,196.36334
38.0,4.0,ascending,196.09546
38.0,4.25,ascending,195.89307
38.0,4.5,ascending,195.43834
38.0,4.75,ascending,195.18498
38.0,5.0,ascending,194.62067
38.0,5.25,ascending,194.35588
38.0,5.5,ascending,194.05249
38.0,5.75,ascending,193.95038
38.0,6.0,ascending,193.51
38.0,12.0,ascending,203.52998
38.0,12.25,ascending,209.57248
38.0,12.5,ascending,223.82799
38.0,12.75,ascending,237.98308
38.0,13.0,ascending,253.49692
38.0,13.25,ascending,259.12167
38.0,13.5,ascending,259.36182
38.0,13.75,ascending,254.85727
38.0,14.0,ascending,248.429
38.0,14.25,ascending,241.773
38.0,14.5,ascending,245.53699
38.0,14.75,ascending,245.92499
38.0,15.0,ascending,248.7622
38.0,15.25,ascending,246.62888
38.0,15.5,ascending,239.93
38.0,15.75,ascending,237.34888
38.0,16.0,ascending,240.08
38.0,16.25,ascending,237.36
38.0,16.5,ascending,228.37498
38.0,16.75,ascending,216.175
38.0,17.0,ascending,207.20749
38.0,17.25,ascending,202.68875
38.0,17.5,ascending,199.86833
38.0,17.75,ascending,198.42125
38.0,18.0,ascending,197.00624
38.0,18.25,ascending,195.50624
38.0,18.5,ascending,193.98499
38.0,18.75,ascending,192.81749
38.0,19.0,ascending,192.46333
38.0,19.25,ascending,192.31714
38.0,19.5,ascending,192.70999
38.0,19.75,ascending,193.27713
38.0,20.0,ascending,194.59125
38.0,20.25,ascending,198.88571
38.0,20.5,ascending,210.68666
38.0,20.75,ascending,220.42714
38.0,21.0,ascending,218.96286
38.0,21.25,ascending,230.71286
38.0,21.5,ascending,257.97333
38.0,21.75,ascending,271.54874
38.0,22.0,ascending,277.31168
38.0,22.25,ascending,271.93286
38.0,22.5,ascending,263.485
38.0,22.75,ascending,258.77
38.0,23.0,ascending,261.59998
38.0,23.25,ascending,264.435
38.0,23.5,ascending,265.88333
38.0,23.75,ascending,267.38998
38.0,24.0,ascending,255.39125
38.0,24.25,ascending,231.72285
38.0,24.5,ascending,216.61499
38.0,24.75,ascending,207.13857
38.0,25.0,ascending,202.28
38.0,25.25,ascending,198.14
38.0,25.5,ascending,197.84856
38.0,25.75,ascending,204.355
38.0,26.0,ascending,212.95499
38.0,26.25,ascending,218.56714
38.0,26.5,ascending,227.5925
38.0,26.75,ascending,240.31714
38.0,27.0,ascending,258.01443
38.0,27.25,ascending,275.22876
38.0,27.5,ascending,288.83545
38.0,27.75,ascending,293.42776
38.0,28.0,ascending,293.66098
38.0,28.25,ascending,293.89273
38.0,28.5,ascending,294.41635
38.0,28.75,ascending,295.10727
38.0,29.0,ascending,294.73917
38.0,29.25,ascending,293.70154
38.0,29.5,ascending,292.26666
38.0,29.75,ascending,290.39572
38.0,30.0,ascending,288.92444
38.0,30.25,ascending,286.544
38.0,30.5,ascending,282.29578
38.0,36.75,ascending,286.7454
38.0,37.0,ascending,287.17444
38.0,37.25,ascending,287.2559
38.0,37.5,ascending,287.11002
38.0,37.75,ascending,287.17078
38.0,38.0,ascending,286.94333
38.25,-12.75,ascending,195.15051
38.25,-12.5,ascending,195.40234
38.25,-12.25,ascending,195.55466
38.25,-12.0,ascending,195.99643
38.25,-11.75,ascending,196.28249
38.25,-11.5,ascending,196.68916
38.25,-11.25,ascending,196.933
38.25,-11.0,ascending,197.10817
38.25,-10.75,ascending,197.12
38.25,-10.5,ascending,197.1
38.25,-10.25,ascending,196.97223
38.25,-10.0,ascending,196.70332
38.25,-9.75,ascending,196.39667
38.25,-9.5,ascending,196.64624
38.25,-9.25,ascending,200.54555
38.25,-9.0,ascending,215.85124
38.25,-8.75,ascending,242.28572
38.25,-8.5,ascending,271.39874
38.25,-8.25,ascending,289.20142
38.25,-8.0,ascending,297.93854
38.25,-7.75,ascending,300.64874
38.25,-7.5,ascending,300.23285
38.25,-7.25,ascending,299.22125
38.25,-7.0,ascending,299.52142
38.25,-6.75,ascending,299.07715
38.25,-6.5,ascending,297.43573
38.25,-6.25,ascending,296.32498
38.25,-6.0,ascending,294.07666
38.25,-5.75,ascending,291.63998
38.25,-5.5,ascending,293.555
38.25,-5.25,ascending,297.24
38.25,-5.0,ascending,299.58713
38.25,-4.75,ascending,301.13498
38.25,-4.5,ascending,301.88666
38.25,-4.25,ascending,301.66998
38.25,-4.0,ascending,300.96124
38.25,-3.75,ascending,300.58398
38.25,-3.5,ascending,300.56375
38.25,-3.25,ascending,301.10797
38.25,-3.0,ascending,300.71875
38.25,-2.75,ascending,298.70834
38.25,-2.5,ascending,296.49332
38.25,-2.25,ascending,295.555
38.25,-2.0,ascending,295.835
38.25,-1.75,ascending,296.4643
38.25,-1.5,ascending,296.1125
38.25,-1.25,ascending,294.9343
38.25,-1.0,ascending,292.775
38.25,-0.75,ascending,282.98712
38.25,-0.5,ascending,264.98666
38.25,-0.25,ascending,237.495
38.25,0.0,ascending,217.92874
38.25,0.25,ascending,203.02167
38.25,0.5,ascending,198.42
38.25,0.75,ascending,198.21834
38.25,1.0,ascending,198.79333
38.25,1.25,ascending,200.51749
38.25,1.5,ascending,200.22125
38.25,1.75,ascending,198.7025
38.25,2.0,ascending,198.17374
38.25,2.25,ascending,197.95
38.25,2.5,ascending,197.75111
38.25,2.75,ascending,197.7111
38.25,3.0,ascending,197.70749
38.25,3.25,ascending,197.59889
38.25,3.5,ascending,197.588
38.25,3.75,ascending,197.5589
38.25,4.0,ascending,197.53908
38.25,4.25,ascending,197.5091
38.25,4.5,ascending,196.96333
38.25,4.75,ascending,196.66273
38.25,5.0,ascending,195.99124
38.25,5.25,ascending,195.5853
38.25,5.5,ascending,195.21422
38.25,5.75,ascending,194.95042
38.25,11.75,ascending,199.47
38.25,12.0,ascending,200.61899
38.25,12.25,ascending,202.27875
38.25,12.5,ascending,207.30533
38.25,12.75,ascending,211.35928
38.25,13.0,ascending,218.76154
38.25,13.25,ascending,218.80501
38.25,13.5,ascending,217.345
38.25,13.75,ascending,213.53908
38.25,14.0,ascending,210.66333
38.25,14.25,ascending,209.65901
38.25,14.5,ascending,212.86
38.25,14.75,ascending,217.66556
38.25,15.0,ascending,221.7225
38.25,15.25,ascending,224.8425
38.25,15.5,ascending,228.16444
38.25,15.75,ascending,232.21428
38.25,16.0,ascending,241.13875
38.25,16.25,ascending,245.93999
38.25,16.5,ascending,242.47714
38.25,16.75,ascending,228.38857
38.25,17.0,ascending,213.24857
38.25,17.25,ascending,204.98
38.25,17.5,ascending,200.88249
38.25,17.75,ascending,198.35832
38.25,18.0,ascending,196.31999
38.25,18.25,ascending,194.02428
38.25,18.5,ascending,192.455
38.25,18.75,ascending,191.66
38.25,19.0,ascending,191.7057
38.25,19.25,ascending,191.76799
38.25,19.5,ascending,191.92749
38.25,19.75,ascending,192.506
38.25,20.0,ascending,193.87
38.25,20.25,ascending,199.135
38.25,20.5,ascending,211.88142
38.25,20.75,ascending,220.06665
38.25,21.0,ascending,223.66856
38.25,21.25,ascending,242.77666
38.25,21.5,ascending,261.72375
38.25,21.75,ascending,272.47498
38.25,22.0,ascending,275.4375
38.25,22.25,ascending,270.37714
38.25,22.5,ascending,264.93665
38.25,22.75,ascending,263.64334
38.25,23.0,ascending,268.66
38.25,23.25,ascending,270.32144
38.25,23.5,ascending,269.65714
38.25,23.75,ascending,266.56
38.25,24.0,ascending,250.42
38.25,24.25,ascending,229.28624
38.25,24.5,ascending,211.37143
38.25,24.75,ascending,203.63167
38.25,25.0,ascending,198.92749
38.25,25.25,ascending,197.78333
38.25,25.5,ascending,199.47777
38.25,25.75,ascending,208.06999
38.25,26.0,ascending,219.36624
38.25,26.25,ascending,224.62999
38.25,26.5,ascending,233.84856
38.25,26.75,ascending,249.09999
38.25,27.0,ascending,269.88
38.25,27.25,ascending,285.11887
38.25,27.5,ascending,292.30887
38.25,27.75,ascending,293.5075
38.25,28.0,ascending,293.445
38.25,28.25,ascending,294.041
38.25,28.5,ascending,294.79498
38.25,28.75,ascending,295.3409
38.25,29.0,ascending,295.06818
38.25,29.25,ascending,293.87418
38.25,29.5,ascending,292.2923
38.25,29.75,ascending,290.46213
38.25,30.0,ascending,289.66998
38.25,30.25,ascending,289.24954
38.25,30.5,ascending,287.1179
38.25,36.5,ascending,283.07333
38.25,36.75,ascending,283.8245
38.25,37.0,ascending,284.8112
38.25,37.25,ascending,285.43857
38.25,37.5,ascending,285.98154
38.25,37.75,ascending,286.47272
38.25,38.0,ascending,286.84283
38.5,-13.0,ascending,193.95999
38.5,-12.75,ascending,194.02722
38.5,-12.5,ascending,194.33942
38.5,-12.25,ascending,194.48615
38.5,-12.0,ascending,195.02077
38.5,-11.75,ascending,195.39691
38.5,-11.5,ascending,195.99727
38.5,-11.25,ascending,196.33583
38.5,-11.0,ascending,196.762
38.5,-10.75,ascending,196.935
38.5,-10.5,ascending,197.01888
38.5,-10.25,ascending,196.855
38.5,-10.0,ascending,196.58499
38.5,-9.75,ascending,196.8075
38.5,-9.5,ascending,199.6825
38.5,-9.25,ascending,212.84624
38.5,-9.0,ascending,236.1311
38.5,-8.75,ascending,261.55286
38.5,-8.5,ascending,282.76285
38.5,-8.25,ascending,293.82
38.5,-8.0,ascending,298.66125
38.5,-7.75,ascending,300.1971
38.5,-7.5,ascending,300.2543
38.5,-7.25,ascending,300.7475
38.5,-7.0,ascending,301.495
38.5,-6.75,ascending,301.30283
38.5,-6.5,ascending,300.03
38.5,-6.25,ascending,298.32666
38.5,-6.0,ascending,295.17142
38.5,-5.75,ascending,294.13858
38.5,-5.5,ascending,296.30667
38.5,-5.25,ascending,298.8757
38.5,-5.0,ascending,299.845
38.5,-4.75,ascending,301.025
38.5,-4.5,ascending,301.72998
38.5,-4.25,ascending,301.29666
38.5,-4.0,ascending,300.3814
38.5,-3.75,ascending,299.57373
38.5,-3.5,ascending,299.25998
38.5,-3.25,ascending,299.50143
38.5,-3.0,ascending,299.3775
38.5,-2.75,ascending,297.98798
38.5,-2.5,ascending,296.09625
38.5,-2.25,ascending,295.26855
38.5,-2.0,ascending,295.3314
38.5,-1.75,ascending,295.76
38.5,-1.5,ascending,295.87283
38.5,-1.25,ascending,295.41855
38.5,-1.0,ascending,294.9343
38.5,-0.75,ascending,293.21625
38.5,-0.5,ascending,282.15857
38.5,-0.25,ascending,261.7775
38.5,0.0,ascending,233.95714
38.5,0.25,ascending,210.2557
38.5,0.5,ascending,200.45874
38.5,0.75,ascending,199.0775
38.5,1.0,ascending,201.36874
38.5,1.25,ascending,206.9
38.5,1.5,ascending,205.30624
38.5,1.75,ascending,200.3457
38.5,2.0,ascending,198.65666
38.5,2.25,ascending,198.36777
38.5,2.5,ascending,198.48999
38.5,2.75,ascending,198.545
38.5,3.0,ascending,198.35
38.5,3.25,ascending,198.23907
38.5,3.5,ascending,198.17332
38.5,3.75,ascending,198.27583
38.5,4.0,ascending,198.29665
38.5,4.25,ascending,198.2709
38.5,4.5,ascending,198.14714
38.5,4.75,ascending,197.92929
38.5,5.0,ascending,197.3375
38.5,5.25,ascending,196.70529
38.5,5.5,ascending,196.05273
38.5,5.75,ascending,195.67
38.5,11.75,ascending,199.62166
38.5,12.0,ascending,199.80167
38.5,12.25,ascending,199.872
38.5,12.5,ascending,200.40714
38.5,12.75,ascending,200.92833
38.5,13.0,ascending,201.83083
38.5,13.25,ascending,201.94
38.5,13.5,ascending,201.56909
38.5,13.75,ascending,201.01271
38.5,14.0,ascending,201.27888
38.5,14.25,ascending,201.77777
38.5,14.5,ascending,203.54
38.5,14.75,ascending,205.47223
38.5,15.0,ascending,208.13998
38.5,15.25,ascending,209.11444
38.5,15.5,ascending,212.3511
38.5,15.75,ascending,219.71875
38.5,16.0,ascending,234.37444
38.5,16.25,ascending,247.1675
38.5,16.5,ascending,248.13571
38.5,16.75,ascending,236.92499
38.5,17.0,ascending,219.8875
38.5,17.25,ascending,212.18141
38.5,17.5,ascending,204.23
38.5,17.75,ascending,198.63875
38.5,18.0,ascending,194.54713
38.5,18.25,ascending,192.51714
38.5,18.5,ascending,191.82625
38.5,18.75,ascending,191.96832
38.5,19.0,ascending,192.04428
38.5,19.25,ascending,191.86284
38.5,19.5,ascending,191.74625
38.5,19.75,ascending,192.0
38.5,20.0,ascending,193.48125
38.5,20.25,ascending,198.35834
38.5,20.5,ascending,206.80833
38.5,20.75,ascending,222.1125
38.5,21.0,ascending,239.78833
38.5,21.25,ascending,264.41714
38.5,21.5,ascending,275.75833
38.5,21.75,ascending,279.3557
38.5,22.0,ascending,281.0925
38.5,22.25,ascending,277.5
38.5,22.5,ascending,274.45834
38.5,22.75,ascending,274.02875
38.5,23.0,ascending,269.90714
38.5,23.25,ascending,262.39856
38.5,23.5,ascending,257.44125
38.5,23.75,ascending,249.43001
38.5,24.0,ascending,240.98999
38.5,24.25,ascending,218.90332
38.5,24.5,ascending,208.42249
38.5,24.75,ascending,202.51143
38.5,25.0,ascending,199.72374
38.5,25.25,ascending,198.89572
38.5,25.5,ascending,200.78749
38.5,25.75,ascending,206.89143
38.5,26.0,ascending,217.13374
38.5,26.25,ascending,222.15778
38.5,26.5,ascending,229.22998
38.5,26.75,ascending,247.92874
38.5,27.0,ascending,274.51126
38.5,27.25,ascending,290.275
38.5,27.5,ascending,294.3389
38.5,27.75,ascending,294.55362
38.5,28.0,ascending,293.745
38.5,28.25,ascending,294.236
38.5,28.5,ascending,295.17728
38.5,28.75,ascending,295.66083
38.5,29.0,ascending,295.16
38.5,29.25,ascending,293.9518
38.5,29.5,ascending,292.49332
38.5,29.75,ascending,291.26
38.5,30.0,ascending,290.909
38.5,30.25,ascending,291.41
38.5,30.5,ascending,291.13123
38.5,36.5,ascending,281.49417
38.5,36.75,ascending,281.4226
38.5,37.0,ascending,282.34732
38.5,37.25,ascending,283.47858
38.5,37.5,ascending,284.95462
38.5,37.75,ascending,286.18417
38.5,38.0,ascending,286.88
38.75,-13.0,ascending,193.23898
38.75,-12.75,ascending,193.31
38.75,-12.5,ascending,193.47437
38.75,-12.25,ascending,193.6846
38.75,-12.0,ascending,194.17929
38.75,-11.75,ascending,194.62363
38.75,-11.5,ascending,195.267
38.75,-11.25,ascending,195.746
38.75,-11.0,ascending,196.31999
38.75,-10.75,ascending,196.64888
38.75,-10.5,ascending,196.7911
38.75,-10.25,ascending,196.64667
38.75,-10.0,ascending,196.63625
38.75,-9.75,ascending,199.105
38.75,-9.5,ascending,209.28874
38.75,-9.25,ascending,231.51143
38.75,-9.0,ascending,257.70123
38.75,-8.75,ascending,277.19122
38.75,-8.5,ascending,290.01498
38.75,-8.25,ascending,295.6486
38.75,-8.0,ascending,298.1971
38.75,-7.75,ascending,299.63126
38.75,-7.5,ascending,301.06497
38.75,-7.25,ascending,302.61002
38.75,-7.0,ascending,302.8175
38.75,-6.75,ascending,302.0114
38.75,-6.5,ascending,301.06714
38.75,-6.25,ascending,299.6257
38.75,-6.0,ascending,297.7643
38.75,-5.75,ascending,298.00287
38.75,-5.5,ascending,298.78
38.75,-5.25,ascending,298.75165
38.75,-5.0,ascending,298.97375
38.75,-4.75,ascending,300.53
38.75,-4.5,ascending,300.49167
38.75,-4.25,ascending,299.95166
38.75,-4.0,ascending,298.87332
38.75,-3.75,ascending,298.07498
38.75,-3.5,ascending,297.71573
38.75,-3.25,ascending,297.81
38.75,-3.0,ascending,297.852
38.75,-2.75,ascending,296.98624
38.75,-2.5,ascending,295.58286
38.75,-2.25,ascending,295.24
38.75,-2.0,ascending,295.412
38.75,-1.75,ascending,296.01
38.75,-1.5,ascending,296.426
38.75,-1.25,ascending,296.575
38.75,-1.0,ascending,296.95428
38.75,-0.75,ascending,296.51712
38.75,-0.5,ascending,289.35873
38.75,-0.25,ascending,271.322
38.75,0.0,ascending,237.34874
38.75,0.25,ascending,211.85143
38.75,0.5,ascending,200.78374
38.75,0.75,ascending,199.27498
38.75,1.0,ascending,202.79
38.75,1.25,ascending,211.78285
38.75,1.5,ascending,212.27888
38.75,1.75,ascending,203.36624
38.75,2.0,ascending,199.27875
38.75,2.25,ascending,199.29428
38.75,2.5,ascending,201.254
38.75,2.75,ascending,201.89874
38.75,3.0,ascending,200.87111
38.75,3.25,ascending,199.24374
38.75,3.5,ascending,198.81181
38.75,3.75,ascending,198.70778
38.75,4.0,ascending,198.52907
38.75,4.25,ascending,198.34637
38.75,4.5,ascending,198.23665
38.75,4.75,ascending,198.26082
38.75,5.0,ascending,198.06812
38.75,5.25,ascending,197.43
38.75,5.5,ascending,196.65434
38.75,5.75,ascending,196.16429
38.75,11.5,ascending,200.23999
38.75,11.75,ascending,199.995
38.75,12.0,ascending,199.99889
38.75,12.25,ascending,200.19499
38.75,12.5,ascending,200.38924
38.75,12.75,ascending,200.65077
38.75,13.0,ascending,200.65181
38.75,13.25,ascending,200.56818
38.75,13.5,ascending,200.36334
38.75,13.75,ascending,200.27818
38.75,14.0,ascending,200.512
38.75,14.25,ascending,201.05875
38.75,14.5,ascending,201.76334
38.75,14.75,ascending,202.79375
38.75,15.0,ascending,203.64221
38.75,15.25,ascending,204.38857
38.75,15.5,ascending,206.56125
38.75,15.75,ascending,211.74715
38.75,16.0,ascending,223.15
38.75,16.25,ascending,239.34142
38.75,16.5,ascending,249.46715
38.75,16.75,ascending,249.0743
38.75,17.0,ascending,238.84714
38.75,17.25,ascending,226.94125
38.75,17.5,ascending,210.23856
38.75,17.75,ascending,198.23499
38.75,18.0,ascending,193.06142
38.75,18.25,ascending,192.20667
38.75,18.5,ascending,192.59625
38.75,18.75,ascending,192.94
38.75,19.0,ascending,192.85333
38.75,19.25,ascending,192.34427
38.75,19.5,ascending,192.08286
38.75,19.75,ascending,192.224
38.75,20.0,ascending,193.20667
38.75,20.25,ascending,197.30429
38.75,20.5,ascending,210.15714
38.75,20.75,ascending,230.262
38.75,21.0,ascending,256.32748
38.75,21.25,ascending,274.68198
38.75,21.5,ascending,283.41428
38.75,21.75,ascending,284.71
38.75,22.0,ascending,284.9325
38.75,22.25,ascending,284.84714
38.75,22.5,ascending,283.395
38.75,22.75,ascending,276.44858
38.75,23.0,ascending,261.8225
38.75,23.25,ascending,248.81166
38.75,23.5,ascending,237.105
38.75,23.75,ascending,228.35715
38.75,24.0,ascending,218.32124
38.75,24.25,ascending,210.88
38.75,24.5,ascending,205.75444
38.75,24.75,ascending,204.05333
38.75,25.0,ascending,201.93001
38.75,25.25,ascending,200.65572
38.75,25.5,ascending,200.71855
38.75,25.75,ascending,206.38875
38.75,26.0,ascending,219.135
38.75,26.25,ascending,226.24715
38.75,26.5,ascending,227.07375
38.75,26.75,ascending,242.65144
38.75,27.0,ascending,272.77
38.75,27.25,ascending,291.41998
38.75,27.5,ascending,295.89624
38.75,27.75,ascending,296.04373
38.75,28.0,ascending,294.94223
38.75,28.25,ascending,294.51666
38.75,28.5,ascending,294.53223
38.75,28.75,ascending,294.4627
38.75,29.0,ascending,294.07
38.75,29.25,ascending,292.98615
38.75,29.5,ascending,291.50928
38.75,29.75,ascending,290.79785
38.75,30.0,ascending,290.87473
38.75,30.25,ascending,291.4444
38.75,30.5,ascending,291.60498
38.75,36.25,ascending,284.10498
38.75,36.5,ascending,282.6725
38.75,36.75,ascending,282.21066
38.75,37.0,ascending,281.958
38.75,37.25,ascending,282.93384
38.75,37.5,ascending,284.27914
38.75,37.75,ascending,286.1875
38.75,38.0,ascending,287.665
39.0,-13.0,ascending,192.61111
39.0,-12.75,ascending,192.83066
39.0,-12.5,ascending,193.048
39.0,-12.25,ascending,193.245
39.0,-12.0,ascending,193.62584
39.0,-11.75,ascending,194.03
39.0,-11.5,ascending,194.65833
39.0,-11.25,ascending,195.23453
39.0,-11.0,ascending,195.87999
39.0,-10.75,ascending,196.23111
39.0,-10.5,ascending,196.31636
39.0,-10.25,ascending,196.2325
39.0,-10.0,ascending,196.69221
39.0,-9.75,ascending,200.47333
39.0,-9.5,ascending,214.14777
39.0,-9.25,ascending,237.23375
39.0,-9.0,ascending,262.3775
39.0,-8.75,ascending,281.52142
39.0,-8.5,ascending,290.96143
39.0,-8.25,ascending,294.89874
39.0,-8.0,ascending,296.99625
39.0,-7.75,ascending,299.06
39.0,-7.5,ascending,301.54553
39.0,-7.25,ascending,302.87833
39.0,-7.0,ascending,302.63998
39.0,-6.75,ascending,302.16666
39.0,-6.5,ascending,301.54712
39.0,-6.25,ascending,300.92715
39.0,-6.0,ascending,299.9275
39.0,-5.75,ascending,299.92
39.0,-5.5,ascending,299.11996
39.0,-5.25,ascending,297.94833
39.0,-5.0,ascending,298.21832
39.0,-4.75,ascending,299.04333
39.0,-4.5,ascending,298.81857
39.0,-4.25,ascending,297.42856
39.0,-4.0,ascending,296.525
39.0,-3.75,ascending,296.36398
39.0,-3.5,ascending,296.57
39.0,-3.25,ascending,297.33
39.0,-3.0,ascending,297.42285
39.0,-2.75,ascending,296.86124
39.0,-2.5,ascending,296.28333
39.0,-2.25,ascending,295.876
39.0,-2.0,ascending,296.05875
39.0,-1.75,ascending,296.72
39.0,-1.5,ascending,297.5
39.0,-1.25,ascending,297.75998
39.0,-1.0,ascending,298.23666
39.0,-0.75,ascending,297.24142
39.0,-0.5,ascending,286.7075
39.0,-0.25,ascending,258.85
39.0,0.0,ascending,220.17249
39.0,0.25,ascending,204.56665
39.0,0.5,ascending,199.38374
39.0,0.75,ascending,198.915
39.0,1.0,ascending,201.26125
39.0,1.25,ascending,208.52286
39.0,1.5,ascending,211.0475
39.0,1.75,ascending,203.71875
39.0,2.0,ascending,200.32874
39.0,2.25,ascending,202.93375
39.0,2.5,ascending,209.40875
39.0,2.75,ascending,215.788
39.0,3.0,ascending,213.26599
39.0,3.25,ascending,204.465
39.0,3.5,ascending,200.012
39.0,3.75,ascending,199.07364
39.0,4.0,ascending,198.72333
39.0,4.25,ascending,198.41
39.0,4.5,ascending,198.15714
39.0,4.75,ascending,198.06499
39.0,5.0,ascending,197.97874
39.0,5.25,ascending,197.54158
39.0,5.5,ascending,196.8012
39.0,5.75,ascending,196.465
39.0,11.5,ascending,200.72624
39.0,11.75,ascending,200.58055
39.0,12.0,ascending,200.65117
39.0,12.25,ascending,200.87143
39.0,12.5,ascending,201.03142
39.0,12.75,ascending,201.14091
39.0,13.0,ascending,201.01082
39.0,13.25,ascending,200.80635
39.0,13.5,ascending,200.51222
39.0,13.75,ascending,200.39
39.0,14.0,ascending,200.33453
39.0,14.25,ascending,200.44
39.0,14.5,ascending,200.685
39.0,14.75,ascending,201.40375
39.0,15.0,ascending,202.33249
39.0,15.25,ascending,203.12999
39.0,15.5,ascending,203.98334
39.0,15.75,ascending,206.42249
39.0,16.0,ascending,217.8525
39.0,16.25,ascending,239.71715
39.0,16.5,ascending,261.38373
39.0,16.75,ascending,268.59283
39.0,17.0,ascending,260.27
39.0,17.25,ascending,239.19
39.0,17.5,ascending,211.20142
39.0,17.75,ascending,195.39429
39.0,18.0,ascending,192.61856
39.0,18.25,ascending,192.96999
39.0,18.5,ascending,194.02
39.0,18.75,ascending,194.19714
39.0,19.0,ascending,193.6857
39.0,19.25,ascending,193.10143
39.0,19.5,ascending,192.79
39.0,19.75,ascending,193.58858
39.0,20.0,ascending,196.99284
39.0,20.25,ascending,204.71498
39.0,20.5,ascending,224.80124
39.0,20.75,ascending,254.13332
39.0,21.0,ascending,273.9757
39.0,21.25,ascending,281.98856
39.0,21.5,ascending,285.79715
39.0,21.75,ascending,286.24
39.0,22.0,ascending,287.16248
39.0,22.25,ascending,288.91666
39.0,22.5,ascending,288.07498
39.0,22.75,ascending,278.2457
39.0,23.0,ascending,256.034
39.0,23.25,ascending,236.06999
39.0,23.5,ascending,219.87143
39.0,23.75,ascending,211.5125
39.0,24.0,ascending,206.5957
39.0,24.25,ascending,203.89714
39.0,24.5,ascending,203.27167
39.0,24.75,ascending,204.41624
39.0,25.0,ascending,204.2125
39.0,25.25,ascending,202.09142
39.0,25.5,ascending,200.52875
39.0,25.75,ascending,208.20714
39.0,26.0,ascending,227.78624
39.0,26.25,ascending,239.58714
39.0,26.5,ascending,237.77124
39.0,26.75,ascending,248.95374
39.0,27.0,ascending,274.88873
39.0,27.25,ascending,292.18
39.0,27.5,ascending,295.953
39.0,27.75,ascending,296.40997
39.0,28.0,ascending,295.75272
39.0,28.25,ascending,294.4911
39.0,28.5,ascending,293.31998
39.0,28.75,ascending,292.4027
39.0,29.0,ascending,291.72714
39.0,29.25,ascending,291.185
39.0,29.5,ascending,290.26624
39.0,29.75,ascending,289.59625
39.0,30.0,ascending,289.71817
39.0,30.25,ascending,290.1
39.0,30.5,ascending,290.46335
39.0,36.25,ascending,286.04416
39.0,36.5,ascending,285.16498
39.0,36.75,ascending,285.04132
39.0,37.0,ascending,284.3457
39.0,37.25,ascending,284.76306
39.0,37.5,ascending,285.65164
39.0,37.75,ascending,287.1109
39.0,38.0,ascending,288.23166
39.25,-13.0,ascending,191.77713
39.25,-12.75,ascending,192.05
39.25,-12.5,ascending,192.38266
39.25,-12.25,ascending,192.71582
39.25,-12.0,ascending,193.05415
39.25,-11.75,ascending,193.426
39.25,-11.5,ascending,193.978
39.25,-11.25,ascending,194.649
39.25,-11.0,ascending,195.334
39.25,-10.75,ascending,195.75125
39.25,-10.5,ascending,195.76334
39.25,-10.25,ascending,195.80624
39.25,-10.0,ascending,196.39444
39.25,-9.75,ascending,199.65857
39.25,-9.5,ascending,210.145
39.25,-9.25,ascending,231.25624
39.25,-9.0,ascending,256.6243
39.25,-8.75,ascending,276.4225
39.25,-8.5,ascending,287.9057
39.25,-8.25,ascending,293.30283
39.25,-8.0,ascending,296.29144
39.25,-7.75,ascending,298.6657
39.25,-7.5,ascending,300.91333
39.25,-7.25,ascending,301.75375
39.25,-7.0,ascending,302.25
39.25,-6.75,ascending,302.74
39.25,-6.5,ascending,302.6557
39.25,-6.25,ascending,302.25998
39.25,-6.0,ascending,301.87872
39.25,-5.75,ascending,300.97333
39.25,-5.5,ascending,299.03427
39.25,-5.25,ascending,297.5071
39.25,-5.0,ascending,297.435
39.25,-4.75,ascending,297.57166
39.25,-4.5,ascending,297.18286
39.25,-4.25,ascending,295.81833
39.25,-4.0,ascending,295.24667
39.25,-3.75,ascending,295.66876
39.25,-3.5,ascending,297.0225
39.25,-3.25,ascending,298.46286
39.25,-3.0,ascending,298.405
39.25,-2.75,ascending,298.01248
39.25,-2.5,ascending,297.63284
39.25,-2.25,ascending,296.77713
39.25,-2.0,ascending,296.87003
39.25,-1.75,ascending,297.78
39.25,-1.5,ascending,298.28
39.25,-1.25,ascending,298.38428
39.25,-1.0,ascending,298.42142
39.25,-0.75,ascending,296.53665
39.25,-0.5,ascending,284.20285
39.25,-0.25,ascending,251.12712
39.25,0.0,ascending,216.08833
39.25,0.25,ascending,200.80374
39.25,0.5,ascending,198.355
39.25,0.75,ascending,198.51
39.25,1.0,ascending,199.59999
39.25,1.25,ascending,201.96999
39.25,1.5,ascending,204.1875
39.25,1.75,ascending,202.17285
39.25,2.0,ascending,201.23889
39.25,2.25,ascending,209.32332
39.25,2.5,ascending,223.9
39.25,2.75,ascending,237.28
39.25,3.0,ascending,240.61374
39.25,3.25,ascending,222.38454
39.25,3.5,ascending,206.44444
39.25,3.75,ascending,200.95363
39.25,4.0,ascending,199.92271
39.25,4.25,ascending,199.18634
39.25,4.5,ascending,198.6423
39.25,4.75,ascending,198.32538
39.25,5.0,ascending,198.09177
39.25,5.25,ascending,197.64946
39.25,5.5,ascending,197.00839
39.25,5.75,ascending,196.625
39.25,11.5,ascending,201.01822
39.25,11.75,ascending,201.03528
39.25,12.0,ascending,200.98734
39.25,12.25,ascending,200.98308
39.25,12.5,ascending,200.95667
39.25,12.75,ascending,200.8975
39.25,13.0,ascending,200.91
39.25,13.25,ascending,200.82399
39.25,13.5,ascending,200.71399
39.25,13.75,ascending,200.53223
39.25,14.0,ascending,200.25334
39.25,14.25,ascending,200.09749
39.25,14.5,ascending,200.31
39.25,14.75,ascending,201.04874
39.25,15.0,ascending,201.8625
39.25,15.25,ascending,202.08875
39.25,15.5,ascending,202.24284
39.25,15.75,ascending,205.98283
39.25,16.0,ascending,222.8089
39.25,16.25,ascending,251.60832
39.25,16.5,ascending,273.66714
39.25,16.75,ascending,277.41626
39.25,17.0,ascending,262.44
39.25,17.25,ascending,230.83624
39.25,17.5,ascending,203.30713
39.25,17.75,ascending,193.99625
39.25,18.0,ascending,193.53857
39.25,18.25,ascending,194.78429
39.25,18.5,ascending,196.55571
39.25,18.75,ascending,196.39667
39.25,19.0,ascending,194.97166
39.25,19.25,ascending,194.01
39.25,19.5,ascending,194.23856
39.25,19.75,ascending,198.94499
39.25,20.0,ascending,208.45999
39.25,20.25,ascending,227.48
39.25,20.5,ascending,255.05833
39.25,20.75,ascending,274.56284
39.25,21.0,ascending,284.296
39.25,21.25,ascending,286.01666
39.25,21.5,ascending,286.37997
39.25,21.75,ascending,286.97427
39.25,22.0,ascending,288.97626
39.25,22.25,ascending,290.63998
39.25,22.5,ascending,289.875
39.25,22.75,ascending,277.16833
39.25,23.0,ascending,252.15714
39.25,23.25,ascending,227.52832
39.25,23.5,ascending,211.368
39.25,23.75,ascending,204.82286
39.25,24.0,ascending,203.73143
39.25,24.25,ascending,201.67
39.25,24.5,ascending,201.245
39.25,24.75,ascending,203.14375
39.25,25.0,ascending,205.7
39.25,25.25,ascending,203.355
39.25,25.5,ascending,199.6757
39.25,25.75,ascending,205.46286
39.25,26.0,ascending,227.32715
39.25,26.25,ascending,249.81
39.25,26.5,ascending,252.00998
39.25,26.75,ascending,259.9325
39.25,27.0,ascending,281.36444
39.25,27.25,ascending,293.1
39.25,27.5,ascending,295.55444
39.25,27.75,ascending,295.91498
39.25,28.0,ascending,295.91748
39.25,28.25,ascending,294.5508
39.25,28.5,ascending,292.7033
39.25,28.75,ascending,291.4675
39.25,29.0,ascending,290.66183
39.25,29.25,ascending,290.13538
39.25,29.5,ascending,289.52286
39.25,29.75,ascending,289.22293
39.25,30.0,ascending,289.1961
39.25,30.25,ascending,289.25922
39.25,30.5,ascending,289.31
39.25,36.0,ascending,288.41998
39.25,36.25,ascending,288.28946
39.25,36.5,ascending,287.96823
39.25,36.75,ascending,287.3107
39.25,37.0,ascending,286.3043
39.25,37.25,ascending,285.89166
39.25,37.5,ascending,286.1418
39.25,37.75,ascending,286.676
39.25,38.0,ascending,287.00998
39.5,-13.0,ascending,191.41
39.5,-12.75,ascending,191.52463
39.5,-12.5,ascending,191.72266
39.5,-12.25,ascending,192.01909
39.5,-12.0,ascending,192.2425
39.5,-11.75,ascending,192.6191
39.5,-11.5,ascending,193.175
39.5,-11.25,ascending,193.93999
39.5,-11.0,ascending,194.61555
39.5,-10.75,ascending,195.16667
39.5,-10.5,ascending,195.28555
39.5,-10.25,ascending,195.32332
39.5,-10.0,ascending,195.69444
39.5,-9.75,ascending,197.73625
39.5,-9.5,ascending,204.55444
39.5,-9.25,ascending,220.50713
39.5,-9.0,ascending,242.0
39.5,-8.75,ascending,264.16284
39.5,-8.5,ascending,282.06625
39.5,-8.25,ascending,291.04855
39.5,-8.0,ascending,295.2857
39.5,-7.75,ascending,298.1057
39.5,-7.5,ascending,299.775
39.5,-7.25,ascending,300.91284
39.5,-7.0,ascending,302.03714
39.5,-6.75,ascending,302.6525
39.5,-6.5,ascending,302.4957
39.5,-6.25,ascending,302.39716
39.5,-6.0,ascending,301.89716
39.5,-5.75,ascending,300.31714
39.5,-5.5,ascending,297.35333
39.5,-5.25,ascending,296.21
39.5,-5.0,ascending,296.51
39.5,-4.75,ascending,297.045
39.5,-4.5,ascending,297.1143
39.5,-4.25,ascending,296.94998
39.5,-4.0,ascending,297.32855
39.5,-3.75,ascending,298.1133
39.5,-3.5,ascending,299.11624
39.5,-3.25,ascending,300.3157
39.5,-3.0,ascending,299.69666
39.5,-2.75,ascending,299.27856
39.5,-2.5,ascending,298.89713
39.5,-2.25,ascending,297.84283
39.5,-2.0,ascending,297.47144
39.5,-1.75,ascending,297.7675
39.5,-1.5,ascending,297.62714
39.5,-1.25,ascending,297.1971
39.5,-1.0,ascending,297.1475
39.5,-0.75,ascending,296.215
39.5,-0.5,ascending,288.8825
39.5,-0.25,ascending,261.13284
39.5,0.0,ascending,222.82286
39.5,0.25,ascending,204.51125
39.5,0.5,ascending,198.76
39.5,0.75,ascending,198.42714
39.5,1.0,ascending,198.89874
39.5,1.25,ascending,199.73999
39.5,1.5,ascending,200.49445
39.5,1.75,ascending,200.28125
39.5,2.0,ascending,200.9911
39.5,2.25,ascending,208.76749
39.5,2.5,ascending,228.36249
39.5,2.75,ascending,248.95798
39.5,3.0,ascending,255.116
39.5,3.25,ascending,239.58333
39.5,3.5,ascending,216.19545
39.5,3.75,ascending,207.90898
39.5,4.0,ascending,205.79167
39.5,4.25,ascending,202.37544
39.5,4.5,ascending,199.94
39.5,4.75,ascending,199.07132
39.5,5.0,ascending,198.63705
39.5,5.25,ascending,198.25749
39.5,5.5,ascending,197.70923
39.5,11.25,ascending,200.83998
39.5,11.5,ascending,200.81894
39.5,11.75,ascending,200.77666
39.5,12.0,ascending,200.52812
39.5,12.25,ascending,200.37584
39.5,12.5,ascending,200.34462
39.5,12.75,ascending,200.42899
39.5,13.0,ascending,200.6709
39.5,13.25,ascending,200.90727
39.5,13.5,ascending,200.925
39.5,13.75,ascending,200.64777
39.5,14.0,ascending,200.25665
39.5,14.25,ascending,200.08554
39.5,14.5,ascending,200.26143
39.5,14.75,ascending,200.53111
39.5,15.0,ascending,200.68109
39.5,15.25,ascending,200.40222
39.5,15.5,ascending,201.51285
39.5,15.75,ascending,210.86143
39.5,16.0,ascending,234.69571
39.5,16.25,ascending,263.815
39.5,16.5,ascending,277.86874
39.5,16.75,ascending,268.07498
39.5,17.0,ascending,238.92874
39.5,17.25,ascending,211.18141
39.5,17.5,ascending,195.62856
39.5,17.75,ascending,193.816
39.5,18.0,ascending,196.09999
39.5,18.25,ascending,200.56999
39.5,18.5,ascending,207.63
39.5,18.75,ascending,202.75713
39.5,19.0,ascending,196.835
39.5,19.25,ascending,195.175
39.5,19.5,ascending,197.15857
39.5,19.75,ascending,206.56429
39.5,20.0,ascending,229.25427
39.5,20.25,ascending,253.80165
39.5,20.5,ascending,276.23624
39.5,20.75,ascending,286.27
39.5,21.0,ascending,286.72
39.5,21.25,ascending,285.88834
39.5,21.5,ascending,286.2575
39.5,21.75,ascending,287.78287
39.5,22.0,ascending,288.994
39.5,22.25,ascending,290.01285
39.5,22.5,ascending,286.9857
39.5,22.75,ascending,268.3043
39.5,23.0,ascending,238.32124
39.5,23.25,ascending,215.66167
39.5,23.5,ascending,207.96124
39.5,23.75,ascending,205.752
39.5,24.0,ascending,205.00111
39.5,24.25,ascending,201.53166
39.5,24.5,ascending,200.07
39.5,24.75,ascending,201.46167
39.5,25.0,ascending,206.13873
39.5,25.25,ascending,207.15714
39.5,25.5,ascending,201.18
39.5,25.75,ascending,202.57375
39.5,26.0,ascending,225.55333
39.5,26.25,ascending,259.175
39.5,26.5,ascending,270.44873
39.5,26.75,ascending,272.3289
39.5,27.0,ascending,283.43625
39.5,27.25,ascending,291.824
39.5,27.5,ascending,294.1711
39.5,27.75,ascending,294.53598
39.5,28.0,ascending,294.78
39.5,28.25,ascending,293.56598
39.5,28.5,ascending,292.44998
39.5,28.75,ascending,291.4491
39.5,29.0,ascending,290.31247
39.5,29.25,ascending,289.50385
39.5,29.5,ascending,289.25436
39.5,29.75,ascending,289.49063
39.5,30.0,ascending,289.86285
39.5,30.25,ascending,289.88043
39.5,36.0,ascending,287.56665
39.5,36.25,ascending,287.71555
39.5,36.5,ascending,287.61832
39.5,36.75,ascending,287.06076
39.5,37.0,ascending,286.2023
39.5,37.25,ascending,285.41547
39.5,37.5,ascending,285.2023
39.5,37.75,ascending,284.401
39.5,38.0,ascending,284.53998
39.75,-13.0,ascending,191.56166
39.75,-12.75,ascending,191.53572
39.75,-12.5,ascending,191.6475
39.75,-12.25,ascending,191.71498
39.75,-12.0,ascending,191.84637
39.75,-11.75,ascending,192.084
39.75,-11.5,ascending,192.49666
39.75,-11.25,ascending,193.17555
39.75,-11.0,ascending,193.89444
39.75,-10.75,ascending,194.56221
39.75,-10.5,ascending,194.74625
39.75,-10.25,ascending,194.87375
39.75,-10.0,ascending,195.06999
39.75,-9.75,ascending,195.96124
39.75,-9.5,ascending,199.19249
39.75,-9.25,ascending,208.56
39.75,-9.0,ascending,227.02571
39.75,-8.75,ascending,252.1875
39.75,-8.5,ascending,275.15
39.75,-8.25,ascending,288.275
39.75,-8.0,ascending,294.63373
39.75,-7.75,ascending,297.29428
39.75,-7.5,ascending,299.0914
39.75,-7.25,ascending,300.294
39.75,-7.0,ascending,301.12857
39.75,-6.75,ascending,301.202
39.75,-6.5,ascending,300.915
39.75,-6.25,ascending,300.99713
39.75,-6.0,ascending,300.51712
39.75,-5.75,ascending,298.43143
39.75,-5.5,ascending,296.12833
39.75,-5.25,ascending,294.9833
39.75,-5.0,ascending,295.96857
39.75,-4.75,ascending,297.22
39.75,-4.5,ascending,298.4
39.75,-4.25,ascending,299.90997
39.75,-4.0,ascending,300.56833
39.75,-3.75,ascending,301.06
39.75,-3.5,ascending,301.09714
39.75,-3.25,ascending,300.954
39.75,-3.0,ascending,300.55713
39.75,-2.75,ascending,300.2557
39.75,-2.5,ascending,299.5657
39.75,-2.25,ascending,298.61832
39.75,-2.0,ascending,297.578
39.75,-1.75,ascending,296.5625
39.75,-1.5,ascending,295.04712
39.75,-1.25,ascending,294.07666
39.75,-1.0,ascending,293.6275
39.75,-0.75,ascending,294.27
39.75,-0.5,ascending,292.21002
39.75,-0.25,ascending,277.34714
39.75,0.0,ascending,243.63374
39.75,0.25,ascending,218.23332
39.75,0.5,ascending,203.31749
39.75,0.75,ascending,199.27713
39.75,1.0,ascending,198.94875
39.75,1.25,ascending,199.38857
39.75,1.5,ascending,199.90125
39.75,1.75,ascending,200.01999
39.75,2.0,ascending,200.16124
39.75,2.25,ascending,203.31221
39.75,2.5,ascending,213.73665
39.75,2.75,ascending,229.3125
39.75,3.0,ascending,237.70601
39.75,3.25,ascending,227.51599
39.75,3.5,ascending,217.33556
39.75,3.75,ascending,214.51271
39.75,4.0,ascending,215.525
39.75,4.25,ascending,210.13832
39.75,4.5,ascending,203.01071
39.75,4.75,ascending,200.19429
39.75,5.0,ascending,199.36235
39.75,5.25,ascending,198.89105
39.75,5.5,ascending,198.59856
39.75,11.25,ascending,200.40234
39.75,11.5,ascending,200.29822
39.75,11.75,ascending,200.24142
39.75,12.0,ascending,200.06142
39.75,12.25,ascending,200.10362
39.75,12.5,ascending,200.34666
39.75,12.75,ascending,200.71092
39.75,13.0,ascending,201.06636
39.75,13.25,ascending,201.26334
39.75,13.5,ascending,201.12
39.75,13.75,ascending,200.74124
39.75,14.0,ascending,200.318
39.75,14.25,ascending,199.9625
39.75,14.5,ascending,199.69499
39.75,14.75,ascending,199.13875
39.75,15.0,ascending,199.0575
39.75,15.25,ascending,201.58142
39.75,15.5,ascending,209.8075
39.75,15.75,ascending,227.73856
39.75,16.0,ascending,254.7775
39.75,16.25,ascending,276.41855
39.75,16.5,ascending,271.8857
39.75,16.75,ascending,250.7357
39.75,17.0,ascending,219.21286
39.75,17.25,ascending,201.395
39.75,17.5,ascending,197.06125
39.75,17.75,ascending,197.92142
39.75,18.0,ascending,207.04
39.75,18.25,ascending,220.4257
39.75,18.5,ascending,229.99834
39.75,18.75,ascending,214.16284
39.75,19.0,ascending,199.29428
39.75,19.25,ascending,195.95166
39.75,19.5,ascending,202.87572
39.75,19.75,ascending,220.53166
39.75,20.0,ascending,247.23332
39.75,20.25,ascending,274.66714
39.75,20.5,ascending,285.97
39.75,20.75,ascending,287.96713
39.75,21.0,ascending,286.534
39.75,21.25,ascending,285.51285
39.75,21.5,ascending,286.41666
39.75,21.75,ascending,287.572
39.75,22.0,ascending,287.90143
39.75,22.25,ascending,286.7357
39.75,22.5,ascending,278.24713
39.75,22.75,ascending,253.66
39.75,23.0,ascending,223.41875
39.75,23.25,ascending,215.18571
39.75,23.5,ascending,217.78857
39.75,23.75,ascending,215.00713
39.75,24.0,ascending,211.49399
39.75,24.25,ascending,204.64624
39.75,24.5,ascending,200.2
39.75,24.75,ascending,200.16858
39.75,25.0,ascending,206.1325
39.75,25.25,ascending,209.17165
39.75,25.5,ascending,204.70624
39.75,25.75,ascending,203.87
39.75,26.0,ascending,219.49875
39.75,26.25,ascending,255.29568
39.75,26.5,ascending,279.49374
39.75,26.75,ascending,284.25
39.75,27.0,ascending,285.779
39.75,27.25,ascending,287.69873
39.75,27.5,ascending,289.16376
39.75,27.75,ascending,289.41
39.75,28.0,ascending,289.671
39.75,28.25,ascending,289.38898
39.75,28.5,ascending,288.847
39.75,28.75,ascending,289.29416
39.75,29.0,ascending,288.4925
39.75,29.25,ascending,287.27356
39.75,29.5,ascending,287.53928
39.75,29.75,ascending,288.42776
39.75,30.0,ascending,289.56714
39.75,30.25,ascending,290.0316
39.75,36.0,ascending,288.23117
39.75,36.25,ascending,287.4411
39.75,36.5,ascending,286.64066
39.75,36.75,ascending,285.8125
39.75,37.0,ascending,284.91922
39.75,37.25,ascending,284.07584
39.75,37.5,ascending,283.314
39.75,37.75,ascending,281.992
39.75,38.0,ascending,281.162
40.0,-13.0,ascending,191.515
40.0,-12.75,ascending,191.64
40.0,-12.5,ascending,191.77916
40.0,-12.25,ascending,191.88199
40.0,-12.0,ascending,191.98817
40.0,-11.75,ascending,192.10635
40.0,-11.5,ascending,192.351
40.0,-11.25,ascending,192.857
40.0,-11.0,ascending,193.50299
40.0,-10.75,ascending,194.09332
40.0,-10.5,ascending,194.42125
40.0,-10.25,ascending,194.625
40.0,-10.0,ascending,194.80249
40.0,-9.75,ascending,195.14749
40.0,-9.5,ascending,196.72624
40.0,-9.25,ascending,202.70999
40.0,-9.0,ascending,216.86124
40.0,-8.75,ascending,242.42
40.0,-8.5,ascending,266.70712
40.0,-8.25,ascending,284.81125
40.0,-8.0,ascending,292.59427
40.0,-7.75,ascending,296.3414
40.0,-7.5,ascending,298.1914
40.0,-7.25,ascending,299.22375
40.0,-7.0,ascending,299.72
40.0,-6.75,ascending,299.8157
40.0,-6.5,ascending,299.68
40.0,-6.25,ascending,299.41165
40.0,-6.0,ascending,298.73712
40.0,-5.75,ascending,296.75333
40.0,-5.5,ascending,294.97
40.0,-5.25,ascending,294.31998
40.0,-5.0,ascending,295.06857
40.0,-4.75,ascending,296.96
40.0,-4.5,ascending,299.13998
40.0,-4.25,ascending,300.55
40.0,-4.0,ascending,301.44855
40.0,-3.75,ascending,301.00287
40.0,-3.5,ascending,300.25497
40.0,-3.25,ascending,300.66855
40.0,-3.0,ascending,300.57715
40.0,-2.75,ascending,299.84
40.0,-2.5,ascending,299.41165
40.0,-2.25,ascending,298.75
40.0,-2.0,ascending,296.96854
40.0,-1.75,ascending,293.99124
40.0,-1.5,ascending,290.4233
40.0,-1.25,ascending,288.88
40.0,-1.0,ascending,288.1743
40.0,-0.75,ascending,289.90286
40.0,-0.5,ascending,291.8814
40.0,-0.25,ascending,287.66998
40.0,0.0,ascending,268.33856
40.0,0.25,ascending,240.67142
40.0,0.5,ascending,213.4725
40.0,0.75,ascending,202.04999
40.0,1.0,ascending,199.50375
40.0,1.25,ascending,199.28874
40.0,1.5,ascending,199.66
40.0,1.75,ascending,199.9525
40.0,2.0,ascending,200.00777
40.0,2.25,ascending,200.11624
40.0,2.5,ascending,202.83556
40.0,2.75,ascending,207.1789
40.0,3.0,ascending,210.474
40.0,3.25,ascending,209.56332
40.0,3.5,ascending,207.02832
40.0,3.75,ascending,209.569
40.0,4.0,ascending,213.92076
40.0,4.25,ascending,210.81537
40.0,4.5,ascending,205.03642
40.0,4.75,ascending,201.62733
40.0,5.0,ascending,200.46849
40.0,5.25,ascending,199.76668
40.0,5.5,ascending,199.40234
40.0,11.0,ascending,199.71
40.0,11.25,ascending,199.78683
40.0,11.5,ascending,199.77866
40.0,11.75,ascending,199.80501
40.0,12.0,ascending,199.795
40.0,12.25,ascending,200.05817
40.0,12.5,ascending,200.35083
40.0,12.75,ascending,200.801
40.0,13.0,ascending,201.087
40.0,13.25,ascending,201.13889
40.0,13.5,ascending,200.84
40.0,13.75,ascending,200.452
40.0,14.0,ascending,199.9675
40.0,14.25,ascending,199.31444
40.0,14.5,ascending,198.423
40.0,14.75,ascending,198.25713
40.0,15.0,ascending,202.44556
40.0,15.25,ascending,218.64874
40.0,15.5,ascending,237.38142
40.0,15.75,ascending,258.6857
40.0,16.0,ascending,279.16873
40.0,16.25,ascending,282.4325
40.0,16.5,ascending,273.40665
40.0,16.75,ascending,250.23123
40.0,17.0,ascending,226.28429
40.0,17.25,ascending,211.41713
40.0,17.5,ascending,210.65285
40.0,17.75,ascending,216.67624
40.0,18.0,ascending,239.60571
40.0,18.25,ascending,253.07715
40.0,18.5,ascending,241.46832
40.0,18.75,ascending,211.80165
40.0,19.0,ascending,198.28714
40.0,19.25,ascending,197.88713
40.0,19.5,ascending,212.53714
40.0,19.75,ascending,239.88571
40.0,20.0,ascending,268.06
40.0,20.25,ascending,285.025
40.0,20.5,ascending,288.4875
40.0,20.75,ascending,287.91833
40.0,21.0,ascending,286.1257
40.0,21.25,ascending,285.5114
40.0,21.5,ascending,286.51334
40.0,21.75,ascending,286.73285
40.0,22.0,ascending,285.8157
40.0,22.25,ascending,284.07144
40.0,22.5,ascending,270.41623
40.0,22.75,ascending,240.80858
40.0,23.0,ascending,228.22856
40.0,23.25,ascending,234.46571
40.0,23.5,ascending,238.34714
40.0,23.75,ascending,234.10143
40.0,24.0,ascending,220.85428
40.0,24.25,ascending,211.41856
40.0,24.5,ascending,202.885
40.0,24.75,ascending,199.98
40.0,25.0,ascending,201.94429
40.0,25.25,ascending,205.40875
40.0,25.5,ascending,205.92374
40.0,25.75,ascending,206.96858
40.0,26.0,ascending,216.34625
40.0,26.25,ascending,244.04143
40.0,26.5,ascending,270.83
40.0,26.75,ascending,280.22247
40.0,27.0,ascending,279.6475
40.0,27.25,ascending,275.3944
40.0,27.5,ascending,272.73093
40.0,27.75,ascending,275.111
40.0,28.0,ascending,273.53
40.0,28.25,ascending,275.3118
40.0,28.5,ascending,277.22897
40.0,28.75,ascending,280.13666
40.0,29.0,ascending,283.34927
40.0,29.25,ascending,283.74417
40.0,29.5,ascending,285.32352
40.0,29.75,ascending,287.45062
40.0,30.0,ascending,288.83826
40.0,30.25,ascending,289.28
40.0,35.75,ascending,289.19
40.0,36.0,ascending,288.68835
40.0,36.25,ascending,287.52313
40.0,36.5,ascending,285.94598
40.0,36.75,ascending,284.4125
40.0,37.0,ascending,283.13077
40.0,37.25,ascending,282.406
40.0,37.5,ascending,281.87363
40.0,37.75,ascending,280.997
40.0,38.0,ascending,280.305
40.25,-13.0,ascending,191.145
40.25,-12.75,ascending,191.37666
40.25,-12.5,ascending,191.66917
40.25,-12.25,ascending,191.92726
40.25,-12.0,ascending,192.081
40.25,-11.75,ascending,192.2127
40.25,-11.5,ascending,192.4611
40.25,-11.25,ascending,192.88625
40.25,-11.0,ascending,193.4489
40.25,-10.75,ascending,193.95624
40.25,-10.5,ascending,194.33556
40.25,-10.25,ascending,194.52713
40.25,-10.0,ascending,194.63
40.25,-9.75,ascending,194.78
40.25,-9.5,ascending,195.59874
40.25,-9.25,ascending,199.40428
40.25,-9.0,ascending,211.08142
40.25,-8.75,ascending,231.78572
40.25,-8.5,ascending,258.75
40.25,-8.25,ascending,280.77
40.25,-8.0,ascending,290.78
40.25,-7.75,ascending,295.30624
40.25,-7.5,ascending,297.48712
40.25,-7.25,ascending,298.45
40.25,-7.0,ascending,298.89832
40.25,-6.75,ascending,299.14716
40.25,-6.5,ascending,299.19623
40.25,-6.25,ascending,298.59332
40.25,-6.0,ascending,297.53
40.25,-5.75,ascending,296.542
40.25,-5.5,ascending,295.40573
40.25,-5.25,ascending,294.18573
40.25,-5.0,ascending,294.31833
40.25,-4.75,ascending,295.572
40.25,-4.5,ascending,297.475
40.25,-4.25,ascending,298.085
40.25,-4.0,ascending,297.74124
40.25,-3.75,ascending,298.258
40.25,-3.5,ascending,298.56665
40.25,-3.25,ascending,298.9957
40.25,-3.0,ascending,299.16165
40.25,-2.75,ascending,298.248
40.25,-2.5,ascending,298.41284
40.25,-2.25,ascending,298.22998
40.25,-2.0,ascending,295.37167
40.25,-1.75,ascending,289.43
40.25,-1.5,ascending,284.74
40.25,-1.25,ascending,283.00668
40.25,-1.0,ascending,284.235
40.25,-0.75,ascending,285.46
40.25,-0.5,ascending,288.94748
40.25,-0.25,ascending,291.46335
40.25,0.0,ascending,286.2875
40.25,0.25,ascending,270.39285
40.25,0.5,ascending,237.47
40.25,0.75,ascending,211.69624
40.25,1.0,ascending,201.81999
40.25,1.25,ascending,199.63857
40.25,1.5,ascending,199.51375
40.25,1.75,ascending,199.79
40.25,2.0,ascending,199.9175
40.25,2.25,ascending,199.84555
40.25,2.5,ascending,199.6311
40.25,2.75,ascending,199.84
40.25,3.0,ascending,200.232
40.25,3.25,ascending,201.15599
40.25,3.5,ascending,201.43199
40.25,3.75,ascending,202.77
40.25,4.0,ascending,204.39908
40.25,4.25,ascending,204.26166
40.25,4.5,ascending,202.95285
40.25,4.75,ascending,201.95143
40.25,5.0,ascending,201.6111
40.25,5.25,ascending,201.13998
40.25,5.5,ascending,200.67271
40.25,11.0,ascending,199.25333
40.25,11.25,ascending,199.20471
40.25,11.5,ascending,199.15625
40.25,11.75,ascending,199.01462
40.25,12.0,ascending,198.77083
40.25,12.25,ascending,199.04454
40.25,12.5,ascending,199.31667
40.25,12.75,ascending,199.946
40.25,13.0,ascending,200.272
40.25,13.25,ascending,200.48334
40.25,13.5,ascending,200.3511
40.25,13.75,ascending,199.98749
40.25,14.0,ascending,199.27333
40.25,14.25,ascending,198.48125
40.25,14.5,ascending,199.0575
40.25,14.75,ascending,202.82713
40.25,15.0,ascending,220.25124
40.25,15.25,ascending,251.22856
40.25,15.5,ascending,270.43375
40.25,15.75,ascending,282.70624
40.25,16.0,ascending,288.0843
40.25,16.25,ascending,287.60333
40.25,16.5,ascending,282.15625
40.25,16.75,ascending,267.41855
40.25,17.0,ascending,248.75856
40.25,17.25,ascending,235.39166
40.25,17.5,ascending,244.49333
40.25,17.75,ascending,254.41167
40.25,18.0,ascending,265.17798
40.25,18.25,ascending,257.3986
40.25,18.5,ascending,231.49857
40.25,18.75,ascending,206.73167
40.25,19.0,ascending,196.56285
40.25,19.25,ascending,203.56285
40.25,19.5,ascending,232.58833
40.25,19.75,ascending,262.224
40.25,20.0,ascending,283.115
40.25,20.25,ascending,289.402
40.25,20.5,ascending,288.73285
40.25,20.75,ascending,286.745
40.25,21.0,ascending,284.69427
40.25,21.25,ascending,284.0075
40.25,21.5,ascending,285.0575
40.25,21.75,ascending,285.71
40.25,22.0,ascending,285.00333
40.25,22.25,ascending,283.62833
40.25,22.5,ascending,272.9275
40.25,22.75,ascending,252.748
40.25,23.0,ascending,246.50801
40.25,23.25,ascending,261.77798
40.25,23.5,ascending,263.6425
40.25,23.75,ascending,250.995
40.25,24.0,ascending,230.575
40.25,24.25,ascending,215.72
40.25,24.5,ascending,209.635
40.25,24.75,ascending,205.075
40.25,25.0,ascending,201.22
40.25,25.25,ascending,202.98714
40.25,25.5,ascending,207.63571
40.25,25.75,ascending,210.27571
40.25,26.0,ascending,219.03375
40.25,26.25,ascending,239.85889
40.25,26.5,ascending,258.76572
40.25,26.75,ascending,266.98108
40.25,27.0,ascending,264.02444
40.25,27.25,ascending,253.57498
40.25,27.5,ascending,244.59625
40.25,27.75,ascending,244.93698
40.25,28.0,ascending,243.36198
40.25,28.25,ascending,243.99399
40.25,28.5,ascending,248.45
40.25,28.75,ascending,255.53363
40.25,29.0,ascending,268.92615
40.25,29.25,ascending,274.78
40.25,29.5,ascending,278.34198
40.25,29.75,ascending,283.0145
40.25,30.0,ascending,285.99042
40.25,30.25,ascending,286.682
40.25,35.75,ascending,288.705
40.25,36.0,ascending,288.17886
40.25,36.25,ascending,287.0123
40.25,36.5,ascending,285.21286
40.25,36.75,ascending,283.21085
40.25,37.0,ascending,281.3675
40.25,37.25,ascending,280.495
40.25,37.5,ascending,279.99454
40.25,37.75,ascending,279.6678
40.25,38.0,ascending,279.22333
40.5,-13.0,ascending,190.82332
40.5,-12.75,ascending,191.16998
40.5,-12.5,ascending,191.5818
40.5,-12.25,ascending,191.85817
40.5,-12.0,ascending,191.94
40.5,-11.75,ascending,192.0609
40.5,-11.5,ascending,192.36888
40.5,-11.25,ascending,192.85374
40.5,-11.0,ascending,193.40334
40.5,-10.75,ascending,193.90625
40.5,-10.5,ascending,194.25334
40.5,-10.25,ascending,194.40875
40.5,-10.0,ascending,194.51776
40.5,-9.75,ascending,194.625
40.5,-9.5,ascending,194.98125
40.5,-9.25,ascending,197.60625
40.5,-9.0,ascending,206.62
40.5,-8.75,ascending,225.98143
40.5,-8.5,ascending,250.9157
40.5,-8.25,ascending,274.73624
40.5,-8.0,ascending,288.98428
40.5,-7.75,ascending,295.28165
40.5,-7.5,ascending,297.38284
40.5,-7.25,ascending,298.31
40.5,-7.0,ascending,298.96573
40.5,-6.75,ascending,299.48166
40.5,-6.5,ascending,299.51498
40.5,-6.25,ascending,298.71286
40.5,-6.0,ascending,297.9157
40.5,-5.75,ascending,297.455
40.5,-5.5,ascending,296.255
40.5,-5.25,ascending,294.53427
40.5,-5.0,ascending,293.48856
40.5,-4.75,ascending,294.13284
40.5,-4.5,ascending,294.43286
40.5,-4.25,ascending,293.11996
40.5,-4.0,ascending,291.33798
40.5,-3.75,ascending,293.34283
40.5,-3.5,ascending,295.29248
40.5,-3.25,ascending,296.076
40.5,-3.0,ascending,296.57715
40.5,-2.75,ascending,296.51624
40.5,-2.5,ascending,297.25333
40.5,-2.25,ascending,297.0575
40.5,-2.0,ascending,293.5657
40.5,-1.75,ascending,286.4471
40.5,-1.5,ascending,280.78143
40.5,-1.25,ascending,280.50858
40.5,-1.0,ascending,283.32144
40.5,-0.75,ascending,285.37833
40.5,-0.5,ascending,287.97375
40.5,-0.25,ascending,292.355
40.5,0.0,ascending,294.09375
40.5,0.25,ascending,288.19144
40.5,0.5,ascending,264.72858
40.5,0.75,ascending,235.28374
40.5,1.0,ascending,212.64499
40.5,1.25,ascending,203.93375
40.5,1.5,ascending,201.6711
40.5,1.75,ascending,200.66124
40.5,2.0,ascending,200.21875
40.5,2.25,ascending,199.745
40.5,2.5,ascending,199.29666
40.5,2.75,ascending,198.97665
40.5,3.0,ascending,199.07666
40.5,3.25,ascending,199.7409
40.5,3.5,ascending,200.677
40.5,3.75,ascending,201.5125
40.5,4.0,ascending,201.99083
40.5,4.25,ascending,201.99916
40.5,4.5,ascending,201.808
40.5,4.75,ascending,201.71
40.5,5.0,ascending,201.72736
40.5,5.25,ascending,201.67792
40.5,5.5,ascending,201.51999
40.5,10.75,ascending,198.21399
40.5,11.0,ascending,198.43788
40.5,11.25,ascending,198.24687
40.5,11.5,ascending,198.12857
40.5,11.75,ascending,197.80846
40.5,12.0,ascending,197.67833
40.5,12.25,ascending,198.14362
40.5,12.5,ascending,198.825
40.5,12.75,ascending,199.59091
40.5,13.0,ascending,200.23444
40.5,13.25,ascending,200.39299
40.5,13.5,ascending,200.0625
40.5,13.75,ascending,199.4111
40.5,14.0,ascending,199.69444
40.5,14.25,ascending,202.71428
40.5,14.5,ascending,211.51666
40.5,14.75,ascending,228.28223
40.5,15.0,ascending,250.72856
40.5,15.25,ascending,275.61713
40.5,15.5,ascending,285.8986
40.5,15.75,ascending,289.62857
40.5,16.0,ascending,291.20248
40.5,16.25,ascending,291.66714
40.5,16.5,ascending,290.785
40.5,16.75,ascending,282.3933
40.5,17.0,ascending,273.80283
40.5,17.25,ascending,269.58572
40.5,17.5,ascending,269.53625
40.5,17.75,ascending,265.3443
40.5,18.0,ascending,253.18141
40.5,18.25,ascending,223.46
40.5,18.5,ascending,205.19286
40.5,18.75,ascending,196.70857
40.5,19.0,ascending,196.46715
40.5,19.25,ascending,207.57571
40.5,19.5,ascending,237.31429
40.5,19.75,ascending,273.06714
40.5,20.0,ascending,287.985
40.5,20.25,ascending,290.00714
40.5,20.5,ascending,287.674
40.5,20.75,ascending,283.36142
40.5,21.0,ascending,279.87668
40.5,21.25,ascending,280.44144
40.5,21.5,ascending,283.76498
40.5,21.75,ascending,285.43332
40.5,22.0,ascending,285.348
40.5,22.25,ascending,285.91428
40.5,22.5,ascending,279.78625
40.5,22.75,ascending,269.12668
40.5,23.0,ascending,271.05875
40.5,23.25,ascending,277.33667
40.5,23.5,ascending,278.88998
40.5,23.75,ascending,264.36142
40.5,24.0,ascending,244.68713
40.5,24.25,ascending,229.43713
40.5,24.5,ascending,225.69856
40.5,24.75,ascending,220.5025
40.5,25.0,ascending,214.1225
40.5,25.25,ascending,212.47427
40.5,25.5,ascending,218.17749
40.5,25.75,ascending,224.80666
40.5,26.0,ascending,236.70125
40.5,26.25,ascending,250.09427
40.5,26.5,ascending,262.3422
40.5,26.75,ascending,266.53
40.5,27.0,ascending,262.35
40.5,27.25,ascending,245.69778
40.5,27.5,ascending,230.45601
40.5,27.75,ascending,221.83556
40.5,28.0,ascending,218.2
40.5,28.25,ascending,216.24635
40.5,28.5,ascending,217.70166
40.5,28.75,ascending,228.66547
40.5,29.0,ascending,245.258
40.5,29.25,ascending,261.5869
40.5,29.5,ascending,269.3053
40.5,29.75,ascending,274.83
40.5,30.0,ascending,278.10962
40.5,30.25,ascending,279.51666
40.5,35.5,ascending,288.05167
40.5,35.75,ascending,287.877
40.5,36.0,ascending,287.35333
40.5,36.25,ascending,286.07733
40.5,36.5,ascending,284.09152
40.5,36.75,ascending,282.41583
40.5,37.0,ascending,281.06363
40.5,37.25,ascending,279.95697
40.5,37.5,ascending,278.9836
40.5,37.75,ascending,278.18332
40.5,38.0,ascending,277.35666
40.75,-13.0,ascending,190.68199
40.75,-12.75,ascending,191.0225
40.75,-12.5,ascending,191.42363
40.75,-12.25,ascending,191.67455
40.75,-12.0,ascending,191.78
40.75,-11.75,ascending,191.94221
40.75,-11.5,ascending,192.29222
40.75,-11.25,ascending,192.879
40.75,-11.0,ascending,193.46713
40.75,-10.75,ascending,193.94499
40.75,-10.5,ascending,194.26556
40.75,-10.25,ascending,194.41142
40.75,-10.0,ascending,194.465
40.75,-9.75,ascending,194.39714
40.75,-9.5,ascending,194.41142
40.75,-9.25,ascending,195.76
40.75,-9.0,ascending,202.43875
40.75,-8.75,ascending,217.72333
40.75,-8.5,ascending,245.80374
40.75,-8.25,ascending,273.20834
40.75,-8.0,ascending,289.1857
40.75,-7.75,ascending,295.05145
40.75,-7.5,ascending,297.04288
40.75,-7.25,ascending,298.14572
40.75,-7.0,ascending,299.18375
40.75,-6.75,ascending,299.88858
40.75,-6.5,ascending,299.73166
40.75,-6.25,ascending,299.06
40.75,-6.0,ascending,298.70834
40.75,-5.75,ascending,298.28
40.75,-5.5,ascending,296.88428
40.75,-5.25,ascending,295.125
40.75,-5.0,ascending,294.50168
40.75,-4.75,ascending,294.70856
40.75,-4.5,ascending,292.93332
40.75,-4.25,ascending,288.79666
40.75,-4.0,ascending,286.49857
40.75,-3.75,ascending,287.90665
40.75,-3.5,ascending,290.53
40.75,-3.25,ascending,292.28998
40.75,-3.0,ascending,292.6143
40.75,-2.75,ascending,294.26285
40.75,-2.5,ascending,296.09427
40.75,-2.25,ascending,296.21286
40.75,-2.0,ascending,293.26144
40.75,-1.75,ascending,287.57855
40.75,-1.5,ascending,283.64142
40.75,-1.25,ascending,283.385
40.75,-1.0,ascending,286.52664
40.75,-0.75,ascending,289.04428
40.75,-0.5,ascending,291.91998
40.75,-0.25,ascending,294.88998
40.75,0.0,ascending,297.37857
40.75,0.25,ascending,295.89285
40.75,0.5,ascending,285.24374
40.75,0.75,ascending,263.82666
40.75,1.0,ascending,238.85999
40.75,1.25,ascending,221.30124
40.75,1.5,ascending,214.09714
40.75,1.75,ascending,208.64
40.75,2.0,ascending,203.79222
40.75,2.25,ascending,200.76874
40.75,2.5,ascending,199.29399
40.75,2.75,ascending,198.646
40.75,3.0,ascending,198.91599
40.75,3.25,ascending,199.8111
40.75,3.5,ascending,200.691
40.75,3.75,ascending,201.45819
40.75,4.0,ascending,201.77455
40.75,4.25,ascending,201.58916
40.75,4.5,ascending,201.17714
40.75,4.75,ascending,200.98784
40.75,5.0,ascending,200.96106
40.75,5.25,ascending,201.00679
40.75,5.5,ascending,201.14333
40.75,10.75,ascending,197.92133
40.75,11.0,ascending,197.82764
40.75,11.25,ascending,197.51399
40.75,11.5,ascending,197.3
40.75,11.75,ascending,197.12384
40.75,12.0,ascending,197.50453
40.75,12.25,ascending,198.33272
40.75,12.5,ascending,199.264
40.75,12.75,ascending,200.01727
40.75,13.0,ascending,200.39
40.75,13.25,ascending,200.28
40.75,13.5,ascending,199.94556
40.75,13.75,ascending,201.75874
40.75,14.0,ascending,208.78125
40.75,14.25,ascending,223.27124
40.75,14.5,ascending,249.96625
40.75,14.75,ascending,268.91
40.75,15.0,ascending,280.5725
40.75,15.25,ascending,288.60715
40.75,15.5,ascending,291.21625
40.75,15.75,ascending,292.29373
40.75,16.0,ascending,293.82715
40.75,16.25,ascending,294.50998
40.75,16.5,ascending,293.44998
40.75,16.75,ascending,288.83
40.75,17.0,ascending,280.65665
40.75,17.25,ascending,271.04166
40.75,17.5,ascending,254.88799
40.75,17.75,ascending,233.38666
40.75,18.0,ascending,215.38
40.75,18.25,ascending,203.185
40.75,18.5,ascending,195.29668
40.75,18.75,ascending,194.40572
40.75,19.0,ascending,196.15498
40.75,19.25,ascending,207.13332
40.75,19.5,ascending,235.22833
40.75,19.75,ascending,268.69666
40.75,20.0,ascending,287.92285
40.75,20.25,ascending,289.892
40.75,20.5,ascending,285.70374
40.75,20.75,ascending,277.91998
40.75,21.0,ascending,273.56
40.75,21.25,ascending,278.25143
40.75,21.5,ascending,284.53
40.75,21.75,ascending,286.32666
40.75,22.0,ascending,286.38126
40.75,22.25,ascending,287.76166
40.75,22.5,ascending,287.94873
40.75,22.75,ascending,285.33713
40.75,23.0,ascending,286.0957
40.75,23.25,ascending,286.66714
40.75,23.5,ascending,285.2383
40.75,23.75,ascending,279.57
40.75,24.0,ascending,266.36572
40.75,24.25,ascending,256.59833
40.75,24.5,ascending,249.68428
40.75,24.75,ascending,248.21832
40.75,25.0,ascending,239.80429
40.75,25.25,ascending,238.34143
40.75,25.5,ascending,244.55249
40.75,25.75,ascending,252.39998
40.75,26.0,ascending,259.23874
40.75,26.25,ascending,270.80124
40.75,26.5,ascending,278.29623
40.75,26.75,ascending,279.41223
40.75,27.0,ascending,277.6475
40.75,27.25,ascending,266.085
40.75,27.5,ascending,247.11778
40.75,27.75,ascending,230.49777
40.75,28.0,ascending,223.78363
40.75,28.25,ascending,221.10333
40.75,28.5,ascending,222.59181
40.75,28.75,ascending,224.71817
40.75,29.0,ascending,237.35999
40.75,29.25,ascending,252.05
40.75,29.5,ascending,263.2556
40.75,29.75,ascending,269.85422
40.75,30.0,ascending,272.80667
40.75,35.5,ascending,285.736
40.75,35.75,ascending,285.10056
40.75,36.0,ascending,284.645
40.75,36.25,ascending,283.6246
40.75,36.5,ascending,282.32846
40.75,36.75,ascending,281.362
40.75,37.0,ascending,279.5118
40.75,37.25,ascending,278.451
40.75,37.5,ascending,275.6311
40.75,37.75,ascending,274.44556
40.75,38.0,ascending,268.81198
41.0,-13.0,ascending,190.63199
41.0,-12.75,ascending,190.95273
41.0,-12.5,ascending,191.37726
41.0,-12.25,ascending,191.694
41.0,-12.0,ascending,191.89221
41.0,-11.75,ascending,192.129
41.0,-11.5,ascending,192.53667
41.0,-11.25,ascending,193.08888
41.0,-11.0,ascending,193.732
41.0,-10.75,ascending,194.17
41.0,-10.5,ascending,194.33667
41.0,-10.25,ascending,194.3425
41.0,-10.0,ascending,194.29375
41.0,-9.75,ascending,194.15
41.0,-9.5,ascending,194.15625
41.0,-9.25,ascending,195.1175
41.0,-9.0,ascending,199.50832
41.0,-8.75,ascending,214.81874
41.0,-8.5,ascending,244.23334
41.0,-8.25,ascending,272.82144
41.0,-8.0,ascending,289.60376
41.0,-7.75,ascending,295.02832
41.0,-7.5,ascending,296.76666
41.0,-7.25,ascending,298.115
41.0,-7.0,ascending,299.192
41.0,-6.75,ascending,299.62143
41.0,-6.5,ascending,299.40854
41.0,-6.25,ascending,298.61832
41.0,-6.0,ascending,298.40143
41.0,-5.75,ascending,297.99332
41.0,-5.5,ascending,296.9783
41.0,-5.25,ascending,296.83
41.0,-5.0,ascending,297.08124
41.0,-4.75,ascending,296.62997
41.0,-4.5,ascending,294.45285
41.0,-4.25,ascending,288.32498
41.0,-4.0,ascending,284.66626
41.0,-3.75,ascending,286.33167
41.0,-3.5,ascending,287.31
41.0,-3.25,ascending,287.08142
41.0,-3.0,ascending,287.78427
41.0,-2.75,ascending,290.7475
41.0,-2.5,ascending,294.024
41.0,-2.25,ascending,295.75598
41.0,-2.0,ascending,293.88
41.0,-1.75,ascending,290.375
41.0,-1.5,ascending,289.50497
41.0,-1.25,ascending,290.14572
41.0,-1.0,ascending,291.65125
41.0,-0.75,ascending,294.06665
41.0,-0.5,ascending,296.2775
41.0,-0.25,ascending,298.33
41.0,0.0,ascending,298.83426
41.0,0.25,ascending,298.6657
41.0,0.5,ascending,296.1125
41.0,0.75,ascending,286.59625
41.0,1.0,ascending,268.77374
41.0,1.25,ascending,257.37167
41.0,1.5,ascending,245.70557
41.0,1.75,ascending,236.215
41.0,2.0,ascending,223.49374
41.0,2.25,ascending,209.7475
41.0,2.5,ascending,202.21222
41.0,2.75,ascending,199.17429
41.0,3.0,ascending,198.762
41.0,3.25,ascending,199.5511
41.0,3.5,ascending,200.575
41.0,3.75,ascending,201.28183
41.0,4.0,ascending,201.36143
41.0,4.25,ascending,201.04333
41.0,4.5,ascending,200.58687
41.0,4.75,ascending,200.44705
41.0,5.0,ascending,200.63762
41.0,5.25,ascending,200.86082
41.0,10.5,ascending,197.805
41.0,10.75,ascending,197.65111
41.0,11.0,ascending,197.33937
41.0,11.25,ascending,196.91153
41.0,11.5,ascending,196.62923
41.0,11.75,ascending,196.75916
41.0,12.0,ascending,197.50365
41.0,12.25,ascending,198.63272
41.0,12.5,ascending,199.5711
41.0,12.75,ascending,200.54909
41.0,13.0,ascending,201.76334
41.0,13.25,ascending,204.84799
41.0,13.5,ascending,208.45999
41.0,13.75,ascending,221.62776
41.0,14.0,ascending,239.18124
41.0,14.25,ascending,260.3857
41.0,14.5,ascending,281.18124
41.0,14.75,ascending,288.7975
41.0,15.0,ascending,291.19714
41.0,15.25,ascending,292.6543
41.0,15.5,ascending,293.61572
41.0,15.75,ascending,294.45624
41.0,16.0,ascending,294.39334
41.0,16.25,ascending,291.65
41.0,16.5,ascending,280.33856
41.0,16.75,ascending,267.66333
41.0,17.0,ascending,251.77374
41.0,17.25,ascending,231.98427
41.0,17.5,ascending,216.45714
41.0,17.75,ascending,203.59833
41.0,18.0,ascending,195.86374
41.0,18.25,ascending,193.995
41.0,18.5,ascending,193.62143
41.0,18.75,ascending,193.81142
41.0,19.0,ascending,195.61168
41.0,19.25,ascending,202.59799
41.0,19.5,ascending,230.73
41.0,19.75,ascending,268.18668
41.0,20.0,ascending,285.54715
41.0,20.25,ascending,288.5657
41.0,20.5,ascending,283.14716
41.0,20.75,ascending,274.42667
41.0,21.0,ascending,275.15714
41.0,21.25,ascending,280.428
41.0,21.5,ascending,286.07748
41.0,21.75,ascending,287.62
41.0,22.0,ascending,287.7375
41.0,22.25,ascending,288.63858
41.0,22.5,ascending,289.84427
41.0,22.75,ascending,289.85
41.0,23.0,ascending,288.6143
41.0,23.25,ascending,287.70712
41.0,23.5,ascending,287.78625
41.0,23.75,ascending,286.60602
41.0,24.0,ascending,282.41626
41.0,24.25,ascending,275.35498
41.0,24.5,ascending,272.79373
41.0,24.75,ascending,270.12427
41.0,25.0,ascending,267.18375
41.0,25.25,ascending,267.02124
41.0,25.5,ascending,269.40143
41.0,25.75,ascending,273.12143
41.0,26.0,ascending,278.69333
41.0,26.25,ascending,284.30374
41.0,26.5,ascending,287.03552
41.0,26.75,ascending,286.82855
41.0,27.0,ascending,284.6378
41.0,27.25,ascending,279.84665
41.0,27.5,ascending,271.956
41.0,27.75,ascending,258.736
41.0,28.0,ascending,252.248
41.0,28.25,ascending,243.48915
41.0,28.5,ascending,240.44453
41.0,28.75,ascending,237.34616
41.0,29.0,ascending,237.32199
41.0,29.25,ascending,241.06
41.0,29.5,ascending,244.17789
41.0,29.75,ascending,249.20549
41.0,30.0,ascending,252.63408
41.0,35.25,ascending,283.70334
41.0,35.5,ascending,283.7385
41.0,35.75,ascending,282.82666
41.0,36.0,ascending,282.32144
41.0,36.25,ascending,280.43152
41.0,36.5,ascending,278.4225
41.0,36.75,ascending,276.23453
41.0,37.0,ascending,271.57098
41.0,37.25,ascending,266.70416
41.0,37.5,ascending,255.27667
41.0,37.75,ascending,248.68799
41.0,38.0,ascending,235.70749
41.25,-13.0,ascending,190.68799
41.25,-12.75,ascending,191.06636
41.25,-12.5,ascending,191.525
41.25,-12.25,ascending,191.903
41.25,-12.0,ascending,192.17444
41.25,-11.75,ascending,192.48334
41.25,-11.5,ascending,192.86111
41.25,-11.25,ascending,193.45624
41.25,-11.0,ascending,193.9525
41.25,-10.75,ascending,194.28874
41.25,-10.5,ascending,194.34874
41.25,-10.25,ascending,194.25
41.25,-10.0,ascending,194.18
41.25,-9.75,ascending,194.15141
41.25,-9.5,ascending,194.43286
41.25,-9.25,ascending,195.46428
41.25,-9.0,ascending,200.39143
41.25,-8.75,ascending,219.83286
41.25,-8.5,ascending,251.51
41.25,-8.25,ascending,278.32834
41.25,-8.0,ascending,291.03833
41.25,-7.75,ascending,294.68
41.25,-7.5,ascending,296.40875
41.25,-7.25,ascending,297.77713
41.25,-7.0,ascending,298.70572
41.25,-6.75,ascending,298.56
41.25,-6.5,ascending,298.17856
41.25,-6.25,ascending,297.86832
41.25,-6.0,ascending,297.96
41.25,-5.75,ascending,297.93198
41.25,-5.5,ascending,297.93
41.25,-5.25,ascending,298.28833
41.25,-5.0,ascending,298.34
41.25,-4.75,ascending,297.91428
41.25,-4.5,ascending,295.63
41.25,-4.25,ascending,291.15332
41.25,-4.0,ascending,287.90833
41.25,-3.75,ascending,288.22165
41.25,-3.5,ascending,287.96713
41.25,-3.25,ascending,286.03998
41.25,-3.0,ascending,284.05667
41.25,-2.75,ascending,287.37997
41.25,-2.5,ascending,292.1357
41.25,-2.25,ascending,295.19287
41.25,-2.0,ascending,294.59714
41.25,-1.75,ascending,293.51334
41.25,-1.5,ascending,294.26666
41.25,-1.25,ascending,295.122
41.25,-1.0,ascending,296.37
41.25,-0.75,ascending,297.215
41.25,-0.5,ascending,299.16998
41.25,-0.25,ascending,299.79
41.25,0.0,ascending,299.25375
41.25,0.25,ascending,298.6033
41.25,0.5,ascending,298.30283
41.25,0.75,ascending,296.78375
41.25,1.0,ascending,292.21286
41.25,1.25,ascending,286.12125
41.25,1.5,ascending,280.73373
41.25,1.75,ascending,273.17715
41.25,2.0,ascending,260.28445
41.25,2.25,ascending,241.194
41.25,2.5,ascending,221.8211
41.25,2.75,ascending,207.47545
41.25,3.0,ascending,200.90334
41.25,3.25,ascending,199.61398
41.25,3.5,ascending,200.43222
41.25,3.75,ascending,201.02
41.25,4.0,ascending,201.00092
41.25,4.25,ascending,200.56308
41.25,4.5,ascending,200.10715
41.25,4.75,ascending,200.12563
41.25,5.0,ascending,200.52249
41.25,5.25,ascending,200.8121
41.25,10.5,ascending,198.0657
41.25,10.75,ascending,197.7825
41.25,11.0,ascending,197.51187
41.25,11.25,ascending,197.0923
41.25,11.5,ascending,196.80461
41.25,11.75,ascending,197.449
41.25,12.0,ascending,198.28271
41.25,12.25,ascending,200.03
41.25,12.5,ascending,202.48111
41.25,12.75,ascending,208.7275
41.25,13.0,ascending,218.86
41.25,13.25,ascending,234.90555
41.25,13.5,ascending,249.62332
41.25,13.75,ascending,263.9643
41.25,14.0,ascending,273.71375
41.25,14.25,ascending,285.49374
41.25,14.5,ascending,290.54285
41.25,14.75,ascending,291.7457
41.25,15.0,ascending,292.58777
41.25,15.25,ascending,293.3714
41.25,15.5,ascending,293.91876
41.25,15.75,ascending,293.465
41.25,16.0,ascending,284.37875
41.25,16.25,ascending,270.13333
41.25,16.5,ascending,244.25143
41.25,16.75,ascending,224.8725
41.25,17.0,ascending,209.34833
41.25,17.25,ascending,200.94429
41.25,17.5,ascending,196.87625
41.25,17.75,ascending,194.33286
41.25,18.0,ascending,193.68333
41.25,18.25,ascending,193.42
41.25,18.5,ascending,193.32832
41.25,18.75,ascending,193.29857
41.25,19.0,ascending,194.2225
41.25,19.25,ascending,202.85834
41.25,19.5,ascending,226.95332
41.25,19.75,ascending,263.25668
41.25,20.0,ascending,284.67
41.25,20.25,ascending,287.31833
41.25,20.5,ascending,283.43668
41.25,20.75,ascending,279.84427
41.25,21.0,ascending,280.22
41.25,21.25,ascending,284.00998
41.25,21.5,ascending,287.00626
41.25,21.75,ascending,288.58856
41.25,22.0,ascending,289.442
41.25,22.25,ascending,289.84198
41.25,22.5,ascending,289.77798
41.25,22.75,ascending,288.594
41.25,23.0,ascending,287.36713
41.25,23.25,ascending,287.18713
41.25,23.5,ascending,287.81857
41.25,23.75,ascending,287.51285
41.25,24.0,ascending,285.63333
41.25,24.25,ascending,283.215
41.25,24.5,ascending,281.73712
41.25,24.75,ascending,280.4233
41.25,25.0,ascending,280.65854
41.25,25.25,ascending,280.55167
41.25,25.5,ascending,282.3711
41.25,25.75,ascending,284.04776
41.25,26.0,ascending,286.01285
41.25,26.25,ascending,288.17715
41.25,26.5,ascending,289.68124
41.25,26.75,ascending,288.93
41.25,27.0,ascending,286.9125
41.25,27.25,ascending,284.465
41.25,27.5,ascending,280.25775
41.25,27.75,ascending,272.25998
41.25,28.0,ascending,258.19998
41.25,28.25,ascending,246.35777
41.25,28.5,ascending,233.27333
41.25,28.75,ascending,224.7925
41.25,29.0,ascending,216.14769
41.25,29.25,ascending,213.872
41.25,29.5,ascending,210.29938
41.25,29.75,ascending,210.41858
41.25,30.0,ascending,213.21765
41.25,35.25,ascending,280.69666
41.25,35.5,ascending,280.78
41.25,35.75,ascending,279.6723
41.25,36.0,ascending,277.29642
41.25,36.25,ascending,269.4275
41.25,36.5,ascending,262.59082
41.25,36.75,ascending,251.84364
41.25,37.0,ascending,240.09222
41.25,37.25,ascending,227.87909
41.25,37.5,ascending,215.01999
41.25,37.75,ascending,210.34499
41.25,38.0,ascending,203.51166
41.5,-13.0,ascending,190.634
41.5,-12.75,ascending,191.105
41.5,-12.5,ascending,191.68456
41.5,-12.25,ascending,192.14
41.5,-12.0,ascending,192.489
41.5,-11.75,ascending,192.83667
41.5,-11.5,ascending,193.3089
41.5,-11.25,ascending,193.8457
41.5,-11.0,ascending,194.353
41.5,-10.75,ascending,194.71875
41.5,-10.5,ascending,194.72499
41.5,-10.25,ascending,194.57375
41.5,-10.0,ascending,194.49142
41.5,-9.75,ascending,194.5975
41.5,-9.5,ascending,194.99284
41.5,-9.25,ascending,196.01285
41.5,-9.0,ascending,203.53285
41.5,-8.75,ascending,223.87856
41.5,-8.5,ascending,259.86856
41.5,-8.25,ascending,283.23874
41.5,-8.0,ascending,292.04855
41.5,-7.75,ascending,294.45856
41.5,-7.5,ascending,295.61
41.5,-7.25,ascending,296.57858
41.5,-7.0,ascending,297.26425
41.5,-6.75,ascending,297.26334
41.5,-6.5,ascending,297.00287
41.5,-6.25,ascending,297.28714
41.5,-6.0,ascending,297.34
41.5,-5.75,ascending,297.50287
41.5,-5.5,ascending,298.18997
41.5,-5.25,ascending,298.665
41.5,-5.0,ascending,298.62833
41.5,-4.75,ascending,298.59833
41.5,-4.5,ascending,297.59857
41.5,-4.25,ascending,294.81332
41.5,-4.0,ascending,292.16333
41.5,-3.75,ascending,293.59283
41.5,-3.5,ascending,292.25998
41.5,-3.25,ascending,287.32498
41.5,-3.0,ascending,284.9757
41.5,-2.75,ascending,285.97714
41.5,-2.5,ascending,290.5043
41.5,-2.25,ascending,294.35858
41.5,-2.0,ascending,295.87427
41.5,-1.75,ascending,296.15854
41.5,-1.5,ascending,296.8686
41.5,-1.25,ascending,297.3857
41.5,-1.0,ascending,298.01285
41.5,-0.75,ascending,298.37714
41.5,-0.5,ascending,299.2143
41.5,-0.25,ascending,299.86713
41.5,0.0,ascending,299.28857
41.5,0.25,ascending,298.34
41.5,0.5,ascending,297.71375
41.5,0.75,ascending,297.47998
41.5,1.0,ascending,297.55222
41.5,1.25,ascending,297.28625
41.5,1.5,ascending,295.4875
41.5,1.75,ascending,293.39
41.5,2.0,ascending,286.6475
41.5,2.25,ascending,275.80142
41.5,2.5,ascending,259.22876
41.5,2.75,ascending,238.80124
41.5,3.0,ascending,215.89453
41.5,3.25,ascending,203.081
41.5,3.5,ascending,200.78583
41.5,3.75,ascending,200.96832
41.5,4.0,ascending,200.81999
41.5,4.25,ascending,200.22769
41.5,4.5,ascending,199.61353
41.5,4.75,ascending,199.47374
41.5,5.0,ascending,199.89864
41.5,5.25,ascending,200.2
41.5,10.25,ascending,198.955
41.5,10.5,ascending,198.73735
41.5,10.75,ascending,198.53067
41.5,11.0,ascending,198.33928
41.5,11.25,ascending,198.075
41.5,11.5,ascending,197.99461
41.5,11.75,ascending,198.82274
41.5,12.0,ascending,200.71362
41.5,12.25,ascending,207.077
41.5,12.5,ascending,217.37665
41.5,12.75,ascending,238.95546
41.5,13.0,ascending,259.23666
41.5,13.25,ascending,277.97626
41.5,13.5,ascending,282.37375
41.5,13.75,ascending,287.04248
41.5,14.0,ascending,288.91
41.5,14.25,ascending,289.67126
41.5,14.5,ascending,290.14334
41.5,14.75,ascending,290.85834
41.5,15.0,ascending,291.33875
41.5,15.25,ascending,290.77
41.5,15.5,ascending,287.2443
41.5,15.75,ascending,280.62286
41.5,16.0,ascending,261.24286
41.5,16.25,ascending,238.22571
41.5,16.5,ascending,213.77856
41.5,16.75,ascending,201.37666
41.5,17.0,ascending,196.37166
41.5,17.25,ascending,194.87334
41.5,17.5,ascending,194.46333
41.5,17.75,ascending,193.87334
41.5,18.0,ascending,193.4357
41.5,18.25,ascending,193.18713
41.5,18.5,ascending,193.0957
41.5,18.75,ascending,193.10333
41.5,19.0,ascending,194.65498
41.5,19.25,ascending,203.90334
41.5,19.5,ascending,231.67
41.5,19.75,ascending,264.69144
41.5,20.0,ascending,283.9157
41.5,20.25,ascending,286.76498
41.5,20.5,ascending,284.63284
41.5,20.75,ascending,283.048
41.5,21.0,ascending,283.35858
41.5,21.25,ascending,285.02
41.5,21.5,ascending,286.555
41.5,21.75,ascending,289.188
41.5,22.0,ascending,291.22287
41.5,22.25,ascending,291.005
41.5,22.5,ascending,289.10248
41.5,22.75,ascending,287.46835
41.5,23.0,ascending,286.65
41.5,23.25,ascending,286.775
41.5,23.5,ascending,286.31998
41.5,23.75,ascending,285.67142
41.5,24.0,ascending,284.62143
41.5,24.25,ascending,283.4643
41.5,24.5,ascending,283.14142
41.5,24.75,ascending,282.96875
41.5,25.0,ascending,283.52
41.5,25.25,ascending,284.33002
41.5,25.5,ascending,285.52124
41.5,25.75,ascending,286.21667
41.5,26.0,ascending,287.03375
41.5,26.25,ascending,289.0925
41.5,26.5,ascending,290.43
41.5,26.75,ascending,290.07498
41.5,27.0,ascending,288.636
41.5,27.25,ascending,285.758
41.5,27.5,ascending,280.39886
41.5,27.75,ascending,265.70636
41.5,28.0,ascending,246.95334
41.5,28.25,ascending,225.37166
41.5,28.5,ascending,209.98582
41.5,28.75,ascending,202.57143
41.5,29.0,ascending,197.86784
41.5,29.25,ascending,196.16
41.5,29.5,ascending,195.01523
41.5,29.75,ascending,195.48665
41.5,30.0,ascending,197.23845
41.5,35.0,ascending,273.88498
41.5,35.25,ascending,276.3911
41.5,35.5,ascending,273.72586
41.5,35.75,ascending,269.33142
41.5,36.0,ascending,259.39142
41.5,36.25,ascending,240.6791
41.5,36.5,ascending,229.45401
41.5,36.75,ascending,215.8109
41.5,37.0,ascending,206.18817
41.5,37.25,ascending,200.33221
41.5,37.5,ascending,197.85777
41.5,37.75,ascending,197.23888
41.5,38.0,ascending,197.16399
41.75,-13.0,ascending,190.635
41.75,-12.75,ascending,191.14777
41.75,-12.5,ascending,191.8
41.75,-12.25,ascending,192.30444
41.75,-12.0,ascending,192.69667
41.75,-11.75,ascending,193.0875
41.75,-11.5,ascending,193.58888
41.75,-11.25,ascending,194.17857
41.75,-11.0,ascending,194.79222
41.75,-10.75,ascending,195.13284
41.75,-10.5,ascending,195.14572
41.75,-10.25,ascending,194.96286
41.75,-10.0,ascending,194.8875
41.75,-9.75,ascending,195.0743
41.75,-9.5,ascending,195.52856
41.75,-9.25,ascending,197.70427
41.75,-9.0,ascending,207.52571
41.75,-8.75,ascending,235.47427
41.75,-8.5,ascending,263.4
41.75,-8.25,ascending,283.21664
41.75,-8.0,ascending,291.025
41.75,-7.75,ascending,293.33667
41.75,-7.5,ascending,294.52
41.75,-7.25,ascending,295.232
41.75,-7.0,ascending,295.38873
41.75,-6.75,ascending,295.5483
41.75,-6.5,ascending,295.56998
41.75,-6.25,ascending,295.93143
41.75,-6.0,ascending,296.37668
41.75,-5.75,ascending,296.76398
41.75,-5.5,ascending,297.6083
41.75,-5.25,ascending,298.4357
41.75,-5.0,ascending,298.76834
41.75,-4.75,ascending,298.85498
41.75,-4.5,ascending,298.56
41.75,-4.25,ascending,297.6133
41.75,-4.0,ascending,297.44427
41.75,-3.75,ascending,297.53748
41.75,-3.5,ascending,295.97833
41.75,-3.25,ascending,292.69
41.75,-3.0,ascending,289.70712
41.75,-2.75,ascending,289.28143
41.75,-2.5,ascending,290.75
41.75,-2.25,ascending,293.96164
41.75,-2.0,ascending,296.20285
41.75,-1.75,ascending,297.22287
41.75,-1.5,ascending,297.76285
41.75,-1.25,ascending,298.08667
41.75,-1.0,ascending,298.39334
41.75,-0.75,ascending,298.4043
41.75,-0.5,ascending,298.66165
41.75,-0.25,ascending,298.85858
41.75,0.0,ascending,298.69998
41.75,0.25,ascending,297.88998
41.75,0.5,ascending,297.1057
41.75,0.75,ascending,296.6971
41.75,1.0,ascending,297.0225
41.75,1.25,ascending,297.21857
41.75,1.5,ascending,296.62125
41.75,1.75,ascending,295.0057
41.75,2.0,ascending,292.92334
41.75,2.25,ascending,289.341
41.75,2.5,ascending,282.77798
41.75,2.75,ascending,270.16223
41.75,3.0,ascending,244.12444
41.75,3.25,ascending,215.14453
41.75,3.5,ascending,203.183
41.75,3.75,ascending,201.24545
41.75,4.0,ascending,200.74908
41.75,4.25,ascending,199.95999
41.75,4.5,ascending,199.11467
41.75,4.75,ascending,198.63646
41.75,5.0,ascending,198.75087
41.75,5.25,ascending,199.1109
41.75,10.25,ascending,199.50143
41.75,10.5,ascending,199.41882
41.75,10.75,ascending,199.28929
41.75,11.0,ascending,199.18533
41.75,11.25,ascending,198.82
41.75,11.5,ascending,198.98665
41.75,11.75,ascending,201.50365
41.75,12.0,ascending,207.747
41.75,12.25,ascending,228.7411
41.75,12.5,ascending,247.93889
41.75,12.75,ascending,274.0
41.75,13.0,ascending,283.9522
41.75,13.25,ascending,289.3325
41.75,13.5,ascending,289.29498
41.75,13.75,ascending,288.90875
41.75,14.0,ascending,288.46573
41.75,14.25,ascending,288.56857
41.75,14.5,ascending,288.85
41.75,14.75,ascending,287.31625
41.75,15.0,ascending,281.85715
41.75,15.25,ascending,271.64856
41.75,15.5,ascending,258.36
41.75,15.75,ascending,249.92499
41.75,16.0,ascending,234.5057
41.75,16.25,ascending,219.5957
41.75,16.5,ascending,201.76666
41.75,16.75,ascending,196.01143
41.75,17.0,ascending,194.59143
41.75,17.25,ascending,194.33714
41.75,17.5,ascending,193.85715
41.75,17.75,ascending,193.185
41.75,18.0,ascending,192.62572
41.75,18.25,ascending,192.698
41.75,18.5,ascending,193.12285
41.75,18.75,ascending,194.34499
41.75,19.0,ascending,200.00667
41.75,19.25,ascending,218.86427
41.75,19.5,ascending,244.885
41.75,19.75,ascending,273.04166
41.75,20.0,ascending,285.10165
41.75,20.25,ascending,286.48
41.75,20.5,ascending,284.882
41.75,20.75,ascending,283.73
41.75,21.0,ascending,284.25626
41.75,21.25,ascending,285.268
41.75,21.5,ascending,286.986
41.75,21.75,ascending,289.56
41.75,22.0,ascending,291.69
41.75,22.25,ascending,290.3457
41.75,22.5,ascending,287.23
41.75,22.75,ascending,286.12857
41.75,23.0,ascending,286.43713
41.75,23.25,ascending,286.215
41.75,23.5,ascending,284.5325
41.75,23.75,ascending,283.9
41.75,24.0,ascending,283.6157
41.75,24.25,ascending,283.93665
41.75,24.5,ascending,284.75
41.75,24.75,ascending,285.06
41.75,25.0,ascending,285.7225
41.75,25.25,ascending,286.1557
41.75,25.5,ascending,286.38428
41.75,25.75,ascending,286.61142
41.75,26.0,ascending,286.83112
41.75,26.25,ascending,288.085
41.75,26.5,ascending,289.69888
41.75,26.75,ascending,289.98874
41.75,27.0,ascending,288.67123
41.75,27.25,ascending,284.77
41.75,27.5,ascending,275.992
41.75,27.75,ascending,259.41376
41.75,28.0,ascending,232.03499
41.75,28.25,ascending,208.23799
41.75,28.5,ascending,197.51666
41.75,28.75,ascending,194.23634
41.75,29.0,ascending,193.20615
41.75,29.25,ascending,192.85
41.75,29.5,ascending,192.64117
41.75,29.75,ascending,193.0254
41.75,30.0,ascending,193.8157
41.75,35.0,ascending,259.43533
41.75,35.25,ascending,259.12833
41.75,35.5,ascending,244.43866
41.75,35.75,ascending,234.52832
41.75,36.0,ascending,224.8775
41.75,36.25,ascending,209.4909
41.75,36.5,ascending,204.92636
41.75,36.75,ascending,198.777
41.75,37.0,ascending,196.99199
41.75,37.25,ascending,196.58667
41.75,37.5,ascending,196.58125
41.75,37.75,ascending,196.763
41.75,38.0,ascending,196.98999
42.0,-13.0,ascending,190.32799
42.0,-12.75,ascending,190.96817
42.0,-12.5,ascending,191.73444
42.0,-12.25,ascending,192.22556
42.0,-12.0,ascending,192.57999
42.0,-11.75,ascending,192.94444
42.0,-11.5,ascending,193.4589
42.0,-11.25,ascending,194.10124
42.0,-11.0,ascending,194.64749
42.0,-10.75,ascending,195.08142
42.0,-10.5,ascending,195.20749
42.0,-10.25,ascending,195.18001
42.0,-10.0,ascending,195.30286
42.0,-9.75,ascending,195.56
42.0,-9.5,ascending,196.04375
42.0,-9.25,ascending,198.41286
42.0,-9.0,ascending,210.33499
42.0,-8.75,ascending,235.45714
42.0,-8.5,ascending,265.04285
42.0,-8.25,ascending,283.50143
42.0,-8.0,ascending,291.03
42.0,-7.75,ascending,292.99142
42.0,-7.5,ascending,293.70856
42.0,-7.25,ascending,293.74
42.0,-7.0,ascending,293.625
42.0,-6.75,ascending,293.6083
42.0,-6.5,ascending,293.84833
42.0,-6.25,ascending,294.3414
42.0,-6.0,ascending,295.3857
42.0,-5.75,ascending,295.9771
42.0,-5.5,ascending,296.49
42.0,-5.25,ascending,297.2657
42.0,-5.0,ascending,298.06427
42.0,-4.75,ascending,298.33572
42.0,-4.5,ascending,298.48398
42.0,-4.25,ascending,299.04428
42.0,-4.0,ascending,299.78165
42.0,-3.75,ascending,299.2857
42.0,-3.5,ascending,297.6214
42.0,-3.25,ascending,295.22144
42.0,-3.0,ascending,293.04166
42.0,-2.75,ascending,291.26498
42.0,-2.5,ascending,291.406
42.0,-2.25,ascending,294.15997
42.0,-2.0,ascending,296.622
42.0,-1.75,ascending,297.43854
42.0,-1.5,ascending,297.85248
42.0,-1.25,ascending,297.96664
42.0,-1.0,ascending,298.11874
42.0,-0.75,ascending,297.97665
42.0,-0.5,ascending,297.6078
42.0,-0.25,ascending,297.23166
42.0,0.0,ascending,296.68332
42.0,0.25,ascending,296.0814
42.0,0.5,ascending,295.59375
42.0,0.75,ascending,294.04248
42.0,1.0,ascending,293.8
42.0,1.25,ascending,293.82
42.0,1.5,ascending,291.36444
42.0,1.75,ascending,289.11124
42.0,2.0,ascending,287.3725
42.0,2.25,ascending,285.61124
42.0,2.5,ascending,285.50333
42.0,2.75,ascending,278.4011
42.0,3.0,ascending,257.569
42.0,3.25,ascending,225.20546
42.0,3.5,ascending,206.802
42.0,3.75,ascending,201.86415
42.0,4.0,ascending,200.69714
42.0,4.25,ascending,199.75616
42.0,4.5,ascending,198.78125
42.0,4.75,ascending,197.99445
42.0,5.0,ascending,197.68439
42.0,5.25,ascending,197.85834
42.0,10.0,ascending,201.02333
42.0,10.25,ascending,200.46158
42.0,10.5,ascending,200.25534
42.0,10.75,ascending,200.05
42.0,11.0,ascending,200.26076
42.0,11.25,ascending,200.4
42.0,11.5,ascending,203.915
42.0,11.75,ascending,214.653
42.0,12.0,ascending,230.48091
42.0,12.25,ascending,257.7411
42.0,12.5,ascending,275.59198
42.0,12.75,ascending,287.4475
42.0,13.0,ascending,289.86398
42.0,13.25,ascending,289.6257
42.0,13.5,ascending,288.95554
42.0,13.75,ascending,288.4522
42.0,14.0,ascending,288.19373
42.0,14.25,ascending,287.48874
42.0,14.5,ascending,281.59875
42.0,14.75,ascending,268.15
42.0,15.0,ascending,248.21428
42.0,15.25,ascending,223.26428
42.0,15.5,ascending,215.30998
42.0,15.75,ascending,213.76285
42.0,16.0,ascending,206.88832
42.0,16.25,ascending,202.51285
42.0,16.5,ascending,196.17
42.0,16.75,ascending,193.84856
42.0,17.0,ascending,193.63284
42.0,17.25,ascending,193.315
42.0,17.5,ascending,192.71143
42.0,17.75,ascending,192.25
42.0,18.0,ascending,192.56834
42.0,18.25,ascending,193.77832
42.0,18.5,ascending,199.30713
42.0,18.75,ascending,206.25429
42.0,19.0,ascending,223.96498
42.0,19.25,ascending,244.48999
42.0,19.5,ascending,265.49142
42.0,19.75,ascending,279.33167
42.0,20.0,ascending,285.395
42.0,20.25,ascending,285.01285
42.0,20.5,ascending,284.64572
42.0,20.75,ascending,284.48285
42.0,21.0,ascending,284.78198
42.0,21.25,ascending,285.28
42.0,21.5,ascending,286.3257
42.0,21.75,ascending,288.75
42.0,22.0,ascending,289.85284
42.0,22.25,ascending,287.9343
42.0,22.5,ascending,285.4857
42.0,22.75,ascending,285.31714
42.0,23.0,ascending,286.30713
42.0,23.25,ascending,285.46286
42.0,23.5,ascending,283.16998
42.0,23.75,ascending,283.1243
42.0,24.0,ascending,284.33124
42.0,24.25,ascending,285.69998
42.0,24.5,ascending,286.75
42.0,24.75,ascending,286.8814
42.0,25.0,ascending,286.93427
42.0,25.25,ascending,286.77
42.0,25.5,ascending,286.5225
42.0,25.75,ascending,286.05667
42.0,26.0,ascending,285.6157
42.0,26.25,ascending,286.00873
42.0,26.5,ascending,287.645
42.0,26.75,ascending,288.75446
42.0,27.0,ascending,286.98553
42.0,27.25,ascending,280.94098
42.0,27.5,ascending,266.48126
42.0,27.75,ascending,245.71635
42.0,28.0,ascending,219.118
42.0,28.25,ascending,202.65
42.0,28.5,ascending,194.92726
42.0,28.75,ascending,193.11583
42.0,29.0,ascending,192.75374
42.0,29.25,ascending,192.54588
42.0,29.5,ascending,192.303
42.0,29.75,ascending,192.09999
42.0,30.0,ascending,192.18333
42.0,34.75,ascending,223.9857
42.0,35.0,ascending,231.21117
42.0,35.25,ascending,227.26529
42.0,35.5,ascending,211.86865
42.0,35.75,ascending,206.21454
42.0,36.0,ascending,201.21153
42.0,36.25,ascending,197.887
42.0,36.5,ascending,197.18546
42.0,36.75,ascending,196.7111
42.0,37.0,ascending,196.665
42.0,37.25,ascending,196.88777
42.0,37.5,ascending,196.94221
42.0,37.75,ascending,196.98874
42.0,38.0,ascending,196.96799
42.25,-13.0,ascending,190.09666
42.25,-12.75,ascending,190.69699
42.25,-12.5,ascending,191.548
42.25,-12.25,ascending,192.13124
42.25,-12.0,ascending,192.5
42.25,-11.75,ascending,192.82286
42.25,-11.5,ascending,193.17667
42.25,-11.25,ascending,193.67
42.25,-11.0,ascending,194.185
42.25,-10.75,ascending,194.8075
42.25,-10.5,ascending,195.19286
42.25,-10.25,ascending,195.41142
42.25,-10.0,ascending,195.68333
42.25,-9.75,ascending,196.00713
42.25,-9.5,ascending,196.3875
42.25,-9.25,ascending,198.88332
42.25,-9.0,ascending,209.19
42.25,-8.75,ascending,232.96666
42.25,-8.5,ascending,265.10623
42.25,-8.25,ascending,285.55167
42.25,-8.0,ascending,291.84
42.25,-7.75,ascending,292.915
42.25,-7.5,ascending,292.87283
42.25,-7.25,ascending,292.685
42.25,-7.0,ascending,292.57428
42.25,-6.75,ascending,292.44165
42.25,-6.5,ascending,292.67142
42.25,-6.25,ascending,293.542
42.25,-6.0,ascending,294.28665
42.25,-5.75,ascending,294.675
42.25,-5.5,ascending,295.28
42.25,-5.25,ascending,295.952
42.25,-5.0,ascending,296.53125
42.25,-4.75,ascending,296.986
42.25,-4.5,ascending,297.66428
42.25,-4.25,ascending,298.692
42.25,-4.0,ascending,299.75287
42.25,-3.75,ascending,299.26144
42.25,-3.5,ascending,297.8633
42.25,-3.25,ascending,295.985
42.25,-3.0,ascending,294.22
42.25,-2.75,ascending,292.75858
42.25,-2.5,ascending,292.59714
42.25,-2.25,ascending,294.8414
42.25,-2.0,ascending,296.64832
42.25,-1.75,ascending,297.2725
42.25,-1.5,ascending,297.09375
42.25,-1.25,ascending,297.00287
42.25,-1.0,ascending,296.62997
42.25,-0.75,ascending,295.94873
42.25,-0.5,ascending,295.276
42.25,-0.25,ascending,294.02625
42.25,0.0,ascending,292.38834
42.25,0.25,ascending,292.1083
42.25,0.5,ascending,290.11124
42.25,0.75,ascending,288.535
42.25,1.0,ascending,288.2275
42.25,1.25,ascending,288.5825
42.25,1.5,ascending,286.4575
42.25,1.75,ascending,283.40875
42.25,2.0,ascending,281.71445
42.25,2.25,ascending,280.62445
42.25,2.5,ascending,280.33698
42.25,2.75,ascending,273.92886
42.25,3.0,ascending,252.49333
42.25,3.25,ascending,226.479
42.25,3.5,ascending,208.37001
42.25,3.75,ascending,202.18999
42.25,4.0,ascending,200.62416
42.25,4.25,ascending,199.56232
42.25,4.5,ascending,198.61176
42.25,4.75,ascending,197.75111
42.25,5.0,ascending,197.17625
42.25,5.25,ascending,197.05
42.25,10.0,ascending,204.32416
42.25,10.25,ascending,202.9305
42.25,10.5,ascending,201.51929
42.25,10.75,ascending,201.47856
42.25,11.0,ascending,204.02666
42.25,11.25,ascending,208.46089
42.25,11.5,ascending,223.63818
42.25,11.75,ascending,242.501
42.25,12.0,ascending,264.98798
42.25,12.25,ascending,281.53223
42.25,12.5,ascending,287.83777
42.25,12.75,ascending,290.05875
42.25,13.0,ascending,289.84888
42.25,13.25,ascending,289.19284
42.25,13.5,ascending,288.53748
42.25,13.75,ascending,287.9814
42.25,14.0,ascending,286.5925
42.25,14.25,ascending,279.10715
42.25,14.5,ascending,254.56285
42.25,14.75,ascending,229.40125
42.25,15.0,ascending,208.2557
42.25,15.25,ascending,198.09427
42.25,15.5,ascending,195.76
42.25,15.75,ascending,195.80429
42.25,16.0,ascending,194.64
42.25,16.25,ascending,194.2
42.25,16.5,ascending,193.23833
42.25,16.75,ascending,193.0
42.25,17.0,ascending,193.08
42.25,17.25,ascending,193.16199
42.25,17.5,ascending,193.65714
42.25,17.75,ascending,194.94666
42.25,18.0,ascending,198.02998
42.25,18.25,ascending,206.35333
42.25,18.5,ascending,221.57832
42.25,18.75,ascending,237.17429
42.25,19.0,ascending,258.90335
42.25,19.25,ascending,270.06
42.25,19.5,ascending,278.1557
42.25,19.75,ascending,282.54666
42.25,20.0,ascending,283.48334
42.25,20.25,ascending,283.80402
42.25,20.5,ascending,284.41287
42.25,20.75,ascending,284.97
42.25,21.0,ascending,285.1314
42.25,21.25,ascending,285.125
42.25,21.5,ascending,285.38998
42.25,21.75,ascending,286.96286
42.25,22.0,ascending,287.11667
42.25,22.25,ascending,285.27426
42.25,22.5,ascending,284.16125
42.25,22.75,ascending,285.17
42.25,23.0,ascending,286.2557
42.25,23.25,ascending,285.12857
42.25,23.5,ascending,283.16666
42.25,23.75,ascending,283.35
42.25,24.0,ascending,284.8583
42.25,24.25,ascending,286.3943
42.25,24.5,ascending,286.69284
42.25,24.75,ascending,286.36713
42.25,25.0,ascending,285.58142
42.25,25.25,ascending,285.12143
42.25,25.5,ascending,284.86874
42.25,25.75,ascending,284.93167
42.25,26.0,ascending,285.1444
42.25,26.25,ascending,285.23285
42.25,26.5,ascending,286.292
42.25,26.75,ascending,287.58572
42.25,27.0,ascending,285.8578
42.25,27.25,ascending,276.6022
42.25,27.5,ascending,258.88202
42.25,27.75,ascending,231.53
42.25,28.0,ascending,209.77
42.25,28.25,ascending,198.436
42.25,28.5,ascending,194.04308
42.25,28.75,ascending,193.01416
42.25,29.0,ascending,192.84462
42.25,29.25,ascending,192.64532
42.25,29.5,ascending,192.31721
42.25,29.75,ascending,191.9848
42.25,34.75,ascending,203.62764
42.25,35.0,ascending,203.56065
42.25,35.25,ascending,202.37532
42.25,35.5,ascending,198.73923
42.25,35.75,ascending,198.0291
42.25,36.0,ascending,197.46922
42.25,36.25,ascending,197.326
42.25,36.5,ascending,197.272
42.25,36.75,ascending,197.32666
42.25,37.0,ascending,197.14667
42.25,37.25,ascending,197.04
42.25,37.5,ascending,196.97777
42.25,37.75,ascending,196.88625
42.25,38.0,ascending,196.896
42.5,-13.0,ascending,189.70999
42.5,-12.75,ascending,190.40555
42.5,-12.5,ascending,191.24777
42.5,-12.25,ascending,191.95625
42.5,-12.0,ascending,192.329
42.5,-11.75,ascending,192.59555
42.5,-11.5,ascending,192.77875
42.5,-11.25,ascending,193.22125
42.5,-11.0,ascending,193.7625
42.5,-10.75,ascending,194.43
42.5,-10.5,ascending,195.07124
42.5,-10.25,ascending,195.57124
42.5,-10.0,ascending,195.98428
42.5,-9.75,ascending,196.27428
42.5,-9.5,ascending,196.81999
42.5,-9.25,ascending,201.01572
42.5,-9.0,ascending,215.9357
42.5,-8.75,ascending,244.24571
42.5,-8.5,ascending,275.00833
42.5,-8.25,ascending,287.90857
42.5,-8.0,ascending,292.065
42.5,-7.75,ascending,292.62668
42.5,-7.5,ascending,292.44998
42.5,-7.25,ascending,292.33832
42.5,-7.0,ascending,292.1557
42.5,-6.75,ascending,292.10602
42.5,-6.5,ascending,292.17572
42.5,-6.25,ascending,292.71
42.5,-6.0,ascending,293.28427
42.5,-5.75,ascending,293.495
42.5,-5.5,ascending,293.89572
42.5,-5.25,ascending,294.465
42.5,-5.0,ascending,294.33002
42.5,-4.75,ascending,294.56
42.5,-4.5,ascending,295.3857
42.5,-4.25,ascending,296.99832
42.5,-4.0,ascending,296.845
42.5,-3.75,ascending,296.21
42.5,-3.5,ascending,296.5914
42.5,-3.25,ascending,295.37283
42.5,-3.0,ascending,293.49167
42.5,-2.75,ascending,292.09143
42.5,-2.5,ascending,292.44376
42.5,-2.25,ascending,293.585
42.5,-2.0,ascending,294.50143
42.5,-1.75,ascending,295.5143
42.5,-1.5,ascending,294.78165
42.5,-1.25,ascending,294.6971
42.5,-1.0,ascending,294.05283
42.5,-0.75,ascending,291.79144
42.5,-0.5,ascending,291.33624
42.5,-0.25,ascending,288.75998
42.5,0.0,ascending,288.37
42.5,0.25,ascending,286.37375
42.5,0.5,ascending,284.32855
42.5,0.75,ascending,283.45572
42.5,1.0,ascending,283.8075
42.5,1.25,ascending,285.10373
42.5,1.5,ascending,285.1475
42.5,1.75,ascending,283.71124
42.5,2.0,ascending,282.38748
42.5,2.25,ascending,281.7525
42.5,2.5,ascending,280.61624
42.5,2.75,ascending,269.9518
42.5,3.0,ascending,245.795
42.5,3.25,ascending,220.66635
42.5,3.5,ascending,205.93333
42.5,3.75,ascending,201.48418
42.5,4.0,ascending,200.00467
42.5,4.25,ascending,199.02614
42.5,4.5,ascending,198.22375
42.5,4.75,ascending,197.58545
42.5,5.0,ascending,197.22589
42.5,9.75,ascending,212.13
42.5,10.0,ascending,208.55368
42.5,10.25,ascending,206.272
42.5,10.5,ascending,204.162
42.5,10.75,ascending,207.1
42.5,11.0,ascending,217.27
42.5,11.25,ascending,232.01099
42.5,11.5,ascending,256.44635
42.5,11.75,ascending,272.41998
42.5,12.0,ascending,284.5489
42.5,12.25,ascending,288.46667
42.5,12.5,ascending,289.748
42.5,12.75,ascending,290.10248
42.5,13.0,ascending,289.6775
42.5,13.25,ascending,288.73334
42.5,13.5,ascending,287.73624
42.5,13.75,ascending,285.83875
42.5,14.0,ascending,276.59
42.5,14.25,ascending,257.0357
42.5,14.5,ascending,222.70142
42.5,14.75,ascending,202.61429
42.5,15.0,ascending,194.40498
42.5,15.25,ascending,192.35374
42.5,15.5,ascending,191.99857
42.5,15.75,ascending,192.20142
42.5,16.0,ascending,192.61165
42.5,16.25,ascending,192.99571
42.5,16.5,ascending,193.21858
42.5,16.75,ascending,194.36143
42.5,17.0,ascending,196.22714
42.5,17.25,ascending,197.50713
42.5,17.5,ascending,202.44499
42.5,17.75,ascending,210.16333
42.5,18.0,ascending,220.10428
42.5,18.25,ascending,241.86499
42.5,18.5,ascending,257.99857
42.5,18.75,ascending,269.9883
42.5,19.0,ascending,278.4
42.5,19.25,ascending,281.35715
42.5,19.5,ascending,283.04333
42.5,19.75,ascending,282.68573
42.5,20.0,ascending,282.3814
42.5,20.25,ascending,283.00287
42.5,20.5,ascending,283.802
42.5,20.75,ascending,284.6057
42.5,21.0,ascending,284.91287
42.5,21.25,ascending,284.67715
42.5,21.5,ascending,284.586
42.5,21.75,ascending,285.308
42.5,22.0,ascending,285.166
42.5,22.25,ascending,283.78998
42.5,22.5,ascending,283.68597
42.5,22.75,ascending,285.27713
42.5,23.0,ascending,286.24332
42.5,23.25,ascending,285.23712
42.5,23.5,ascending,283.6614
42.5,23.75,ascending,284.20285
42.5,24.0,ascending,285.2157
42.5,24.25,ascending,285.81
42.5,24.5,ascending,285.4575
42.5,24.75,ascending,284.65714
42.5,25.0,ascending,284.0
42.5,25.25,ascending,283.31284
42.5,25.5,ascending,283.50284
42.5,25.75,ascending,283.99
42.5,26.0,ascending,284.785
42.5,26.25,ascending,285.29333
42.5,26.5,ascending,285.56284
42.5,26.75,ascending,285.97888
42.5,27.0,ascending,285.1178
42.5,27.25,ascending,279.21445
42.5,27.5,ascending,259.996
42.5,27.75,ascending,232.72182
42.5,28.0,ascending,209.491
42.5,28.25,ascending,198.15582
42.5,28.5,ascending,194.37692
42.5,28.75,ascending,193.3423
42.5,29.0,ascending,193.06
42.5,29.25,ascending,192.83063
42.5,29.5,ascending,192.46
42.5,29.75,ascending,192.13666
42.5,34.5,ascending,200.23428
42.5,34.75,ascending,199.0247
42.5,35.0,ascending,198.12866
42.5,35.25,ascending,198.18333
42.5,35.5,ascending,198.22249
42.5,35.75,ascending,198.11182
42.5,36.0,ascending,198.52364
42.5,36.25,ascending,198.46
42.5,36.5,ascending,198.12888
42.5,36.75,ascending,197.62888
42.5,37.0,ascending,197.121
42.5,37.25,ascending,196.84111
42.5,37.5,ascending,196.83112
42.5,37.75,ascending,196.92714
42.5,38.0,ascending,197.14833
42.75,-13.0,ascending,189.36
42.75,-12.75,ascending,189.92332
42.75,-12.5,ascending,190.72
42.75,-12.25,ascending,191.45999
42.75,-12.0,ascending,191.88857
42.75,-11.75,ascending,192.16624
42.75,-11.5,ascending,192.38249
42.75,-11.25,ascending,192.715
42.75,-11.0,ascending,193.31142
42.75,-10.75,ascending,194.03285
42.75,-10.5,ascending,194.9
42.75,-10.25,ascending,195.59428
42.75,-10.0,ascending,196.08858
42.75,-9.75,ascending,196.62715
42.75,-9.5,ascending,198.30165
42.75,-9.25,ascending,209.5875
42.75,-9.0,ascending,232.81667
42.75,-8.75,ascending,263.35858
42.75,-8.5,ascending,280.30142
42.75,-8.25,ascending,287.09427
42.75,-8.0,ascending,289.26166
42.75,-7.75,ascending,290.69144
42.75,-7.5,ascending,291.62714
42.75,-7.25,ascending,291.62332
42.75,-7.0,ascending,291.20834
42.75,-6.75,ascending,291.3
42.75,-6.5,ascending,291.0557
42.75,-6.25,ascending,291.154
42.75,-6.0,ascending,291.01834
42.75,-5.75,ascending,290.57666
42.75,-5.5,ascending,290.91855
42.75,-5.25,ascending,291.00168
42.75,-5.0,ascending,290.67667
42.75,-4.75,ascending,289.918
42.75,-4.5,ascending,289.79666
42.75,-4.25,ascending,289.5
42.75,-4.0,ascending,290.524
42.75,-3.75,ascending,290.818
42.75,-3.5,ascending,291.30142
42.75,-3.25,ascending,289.75287
42.75,-3.0,ascending,287.23856
42.75,-2.75,ascending,285.31
42.75,-2.5,ascending,284.0575
42.75,-2.25,ascending,284.9943
42.75,-2.0,ascending,285.54
42.75,-1.75,ascending,287.67715
42.75,-1.5,ascending,290.69833
42.75,-1.25,ascending,290.68
42.75,-1.0,ascending,290.425
42.75,-0.75,ascending,288.336
42.75,-0.5,ascending,286.72748
42.75,-0.25,ascending,285.372
42.75,0.0,ascending,284.91998
42.75,0.25,ascending,284.155
42.75,0.5,ascending,283.12875
42.75,0.75,ascending,282.7757
42.75,1.0,ascending,283.19855
42.75,1.25,ascending,284.68143
42.75,1.5,ascending,286.145
42.75,1.75,ascending,286.60248
42.75,2.0,ascending,287.438
42.75,2.25,ascending,288.16333
42.75,2.5,ascending,286.982
42.75,2.75,ascending,276.20712
42.75,3.0,ascending,248.96909
42.75,3.25,ascending,217.269
42.75,3.5,ascending,204.683
42.75,3.75,ascending,200.68584
42.75,4.0,ascending,199.20583
42.75,4.25,ascending,198.45932
42.75,4.5,ascending,197.85062
42.75,4.75,ascending,197.79947
42.75,5.0,ascending,198.51683
42.75,9.75,ascending,214.68867
42.75,10.0,ascending,211.99234
42.75,10.25,ascending,210.96867
42.75,10.5,ascending,212.43584
42.75,10.75,ascending,222.86539
42.75,11.0,ascending,240.60909
42.75,11.25,ascending,260.50906
42.75,11.5,ascending,280.36798
42.75,11.75,ascending,287.04776
42.75,12.0,ascending,289.797
42.75,12.25,ascending,290.18665
42.75,12.5,ascending,290.54126
42.75,12.75,ascending,290.47375
42.75,13.0,ascending,289.91626
42.75,13.25,ascending,289.0357
42.75,13.5,ascending,287.41
42.75,13.75,ascending,281.1143
42.75,14.0,ascending,260.65625
42.75,14.25,ascending,228.75427
42.75,14.5,ascending,206.20714
42.75,14.75,ascending,195.33499
42.75,15.0,ascending,192.39143
42.75,15.25,ascending,191.67142
42.75,15.5,ascending,191.48
42.75,15.75,ascending,191.83167
42.75,16.0,ascending,192.75858
42.75,16.25,ascending,194.20142
42.75,16.5,ascending,196.08333
42.75,16.75,ascending,200.76599
42.75,17.0,ascending,208.53285
42.75,17.25,ascending,212.84999
42.75,17.5,ascending,223.07832
42.75,17.75,ascending,244.83333
42.75,18.0,ascending,259.86856
42.75,18.25,ascending,272.49
42.75,18.5,ascending,279.13498
42.75,18.75,ascending,282.96
42.75,19.0,ascending,283.8857
42.75,19.25,ascending,283.89398
42.75,19.5,ascending,283.395
42.75,19.75,ascending,282.805
42.75,20.0,ascending,282.55573
42.75,20.25,ascending,282.724
42.75,20.5,ascending,283.36856
42.75,20.75,ascending,283.83
42.75,21.0,ascending,284.13165
42.75,21.25,ascending,284.244
42.75,21.5,ascending,284.53
42.75,21.75,ascending,285.15665
42.75,22.0,ascending,284.87714
42.75,22.25,ascending,283.8343
42.75,22.5,ascending,283.8857
42.75,22.75,ascending,285.26398
42.75,23.0,ascending,286.20667
42.75,23.25,ascending,285.69666
42.75,23.5,ascending,284.97125
42.75,23.75,ascending,285.47998
42.75,24.0,ascending,286.02142
42.75,24.25,ascending,285.96286
42.75,24.5,ascending,285.3757
42.75,24.75,ascending,284.79715
42.75,25.0,ascending,284.2725
42.75,25.25,ascending,284.255
42.75,25.5,ascending,284.19144
42.75,25.75,ascending,284.4325
42.75,26.0,ascending,284.4925
42.75,26.25,ascending,284.30286
42.75,26.5,ascending,283.6611
42.75,26.75,ascending,282.86
42.75,27.0,ascending,282.214
42.75,27.25,ascending,279.391
42.75,27.5,ascending,268.79666
42.75,27.75,ascending,246.80222
42.75,28.0,ascending,219.655
42.75,28.25,ascending,205.249
42.75,28.5,ascending,198.38461
42.75,28.75,ascending,194.87083
42.75,29.0,ascending,193.64214
42.75,29.25,ascending,193.01706
42.75,29.5,ascending,192.6255
42.75,29.75,ascending,192.31561
42.75,34.5,ascending,200.3047
42.75,34.75,ascending,200.99333
42.75,35.0,ascending,201.26733
42.75,35.25,ascending,201.21143
42.75,35.5,ascending,200.1225
42.75,35.75,ascending,198.81166
42.75,36.0,ascending,197.824
42.75,36.25,ascending,197.73555
42.75,36.5,ascending,197.40799
42.75,36.75,ascending,197.0422
42.75,37.0,ascending,196.88777
42.75,37.25,ascending,196.8775
42.75,37.5,ascending,197.03555
42.75,37.75,ascending,197.47
42.75,38.0,ascending,198.64499
43.0,-13.0,ascending,189.094
43.0,-12.75,ascending,189.51799
43.0,-12.5,ascending,190.03
43.0,-12.25,ascending,190.745
43.0,-12.0,ascending,191.32222
43.0,-11.75,ascending,191.8157
43.0,-11.5,ascending,192.09999
43.0,-11.25,ascending,192.37999
43.0,-11.0,ascending,192.94556
43.0,-10.75,ascending,193.77
43.0,-10.5,ascending,194.62999
43.0,-10.25,ascending,195.43625
43.0,-10.0,ascending,196.06999
43.0,-9.75,ascending,197.10428
43.0,-9.5,ascending,201.10286
43.0,-9.25,ascending,213.24165
43.0,-9.0,ascending,236.5925
43.0,-8.75,ascending,254.76666
43.0,-8.5,ascending,265.28333
43.0,-8.25,ascending,273.50668
43.0,-8.0,ascending,280.72833
43.0,-7.75,ascending,285.66998
43.0,-7.5,ascending,288.21
43.0,-7.25,ascending,288.28665
43.0,-7.0,ascending,287.46664
43.0,-6.75,ascending,285.82166
43.0,-6.5,ascending,284.80167
43.0,-6.25,ascending,284.96335
43.0,-6.0,ascending,283.9814
43.0,-5.75,ascending,282.88498
43.0,-5.5,ascending,283.02832
43.0,-5.25,ascending,282.26666
43.0,-5.0,ascending,279.235
43.0,-4.75,ascending,279.1083
43.0,-4.5,ascending,272.90427
43.0,-4.25,ascending,275.10748
43.0,-4.0,ascending,275.22498
43.0,-3.75,ascending,277.56857
43.0,-3.5,ascending,276.40332
43.0,-3.25,ascending,270.70712
43.0,-3.0,ascending,267.92142
43.0,-2.75,ascending,272.112
43.0,-2.5,ascending,263.20285
43.0,-2.25,ascending,261.9943
43.0,-2.0,ascending,265.45856
43.0,-1.75,ascending,270.96335
43.0,-1.5,ascending,279.4243
43.0,-1.25,ascending,284.91428
43.0,-1.0,ascending,286.8357
43.0,-0.75,ascending,286.02856
43.0,-0.5,ascending,284.66998
43.0,-0.25,ascending,284.1775
43.0,0.0,ascending,284.44998
43.0,0.25,ascending,284.65857
43.0,0.5,ascending,284.8775
43.0,0.75,ascending,284.66125
43.0,1.0,ascending,284.64624
43.0,1.25,ascending,285.48373
43.0,1.5,ascending,286.78333
43.0,1.75,ascending,288.3825
43.0,2.0,ascending,289.9643
43.0,2.25,ascending,291.4925
43.0,2.5,ascending,292.46198
43.0,2.75,ascending,286.151
43.0,3.0,ascending,266.03
43.0,3.25,ascending,237.16833
43.0,3.5,ascending,213.983
43.0,3.75,ascending,204.96999
43.0,4.0,ascending,202.28188
43.0,4.25,ascending,202.02614
43.0,4.5,ascending,202.65611
43.0,4.75,ascending,203.42427
43.0,5.0,ascending,205.51357
43.0,9.5,ascending,210.37666
43.0,9.75,ascending,211.06277
43.0,10.0,ascending,209.67532
43.0,10.25,ascending,212.25922
43.0,10.5,ascending,221.63153
43.0,10.75,ascending,242.22455
43.0,11.0,ascending,262.43
43.0,11.25,ascending,279.90637
43.0,11.5,ascending,288.98108
43.0,11.75,ascending,291.08
43.0,12.0,ascending,290.73666
43.0,12.25,ascending,289.9875
43.0,12.5,ascending,289.66666
43.0,12.75,ascending,290.28
43.0,13.0,ascending,290.26248
43.0,13.25,ascending,289.38715
43.0,13.5,ascending,285.8475
43.0,13.75,ascending,271.48285
43.0,14.0,ascending,245.87625
43.0,14.25,ascending,214.70714
43.0,14.5,ascending,198.96167
43.0,14.75,ascending,193.3157
43.0,15.0,ascending,192.09666
43.0,15.25,ascending,191.66713
43.0,15.5,ascending,191.68124
43.0,15.75,ascending,192.42142
43.0,16.0,ascending,194.77998
43.0,16.25,ascending,199.18
43.0,16.5,ascending,205.51855
43.0,16.75,ascending,218.76143
43.0,17.0,ascending,228.35834
43.0,17.25,ascending,238.8
43.0,17.5,ascending,254.92142
43.0,17.75,ascending,273.82
43.0,18.0,ascending,282.83572
43.0,18.25,ascending,284.52167
43.0,18.5,ascending,284.78854
43.0,18.75,ascending,283.99167
43.0,19.0,ascending,283.42285
43.0,19.25,ascending,283.5543
43.0,19.5,ascending,283.615
43.0,19.75,ascending,283.44
43.0,20.0,ascending,283.37997
43.0,20.25,ascending,283.10715
43.0,20.5,ascending,283.21
43.0,20.75,ascending,283.455
43.0,21.0,ascending,283.80402
43.0,21.25,ascending,284.37997
43.0,21.5,ascending,285.33286
43.0,21.75,ascending,286.0557
43.0,22.0,ascending,285.76834
43.0,22.25,ascending,285.1157
43.0,22.5,ascending,284.92856
43.0,22.75,ascending,285.44144
43.0,23.0,ascending,286.31427
43.0,23.25,ascending,286.6443
43.0,23.5,ascending,286.63498
43.0,23.75,ascending,286.96573
43.0,24.0,ascending,287.18283
43.0,24.25,ascending,287.05142
43.0,24.5,ascending,286.41998
43.0,24.75,ascending,286.0957
43.0,25.0,ascending,285.69376
43.0,25.25,ascending,285.75
43.0,25.5,ascending,285.67776
43.0,25.75,ascending,285.12857
43.0,26.0,ascending,284.44748
43.0,26.25,ascending,283.42856
43.0,26.5,ascending,281.405
43.0,26.75,ascending,279.71124
43.0,27.0,ascending,278.96124
43.0,27.25,ascending,278.27667
43.0,27.5,ascending,273.68597
43.0,27.75,ascending,258.12
43.0,28.0,ascending,232.5575
43.0,28.25,ascending,213.07726
43.0,28.5,ascending,204.15083
43.0,28.75,ascending,198.65
43.0,29.0,ascending,194.84059
43.0,29.25,ascending,193.282
43.0,29.5,ascending,192.7128
43.0,29.75,ascending,192.48099
43.0,34.25,ascending,197.48
43.0,34.5,ascending,198.2463
43.0,34.75,ascending,199.344
43.0,35.0,ascending,200.46077
43.0,35.25,ascending,198.33167
43.0,35.5,ascending,197.40916
43.0,35.75,ascending,196.44362
43.0,36.0,ascending,196.125
43.0,36.25,ascending,196.59555
43.0,36.5,ascending,197.42332
43.0,36.75,ascending,197.80779
43.0,37.0,ascending,197.91817
43.0,37.25,ascending,197.7057
43.0,37.5,ascending,198.3725
43.0,37.75,ascending,200.31
43.0,38.0,ascending,204.41599
43.25,-13.0,ascending,188.80249
43.25,-12.75,ascending,188.97874
43.25,-12.5,ascending,189.35889
43.25,-12.25,ascending,190.00624
43.25,-12.0,ascending,190.72
43.25,-11.75,ascending,191.44499
43.25,-11.5,ascending,191.97125
43.25,-11.25,ascending,192.33427
43.25,-11.0,ascending,192.77571
43.25,-10.75,ascending,193.45857
43.25,-10.5,ascending,194.31166
43.25,-10.25,ascending,195.15857
43.25,-10.0,ascending,195.89572
43.25,-9.75,ascending,197.05124
43.25,-9.5,ascending,200.77498
43.25,-9.25,ascending,207.76572
43.25,-9.0,ascending,219.41333
43.25,-8.75,ascending,230.415
43.25,-8.5,ascending,237.74571
43.25,-8.25,ascending,248.15833
43.25,-8.0,ascending,261.73715
43.25,-7.75,ascending,275.17715
43.25,-7.5,ascending,277.32333
43.25,-7.25,ascending,275.32834
43.25,-7.0,ascending,272.5257
43.25,-6.75,ascending,266.745
43.25,-6.5,ascending,266.07144
43.25,-6.25,ascending,266.29834
43.25,-6.0,ascending,265.19855
43.25,-5.75,ascending,265.23
43.25,-5.5,ascending,266.382
43.25,-5.25,ascending,260.38333
43.25,-5.0,ascending,253.83598
43.25,-4.75,ascending,250.34143
43.25,-4.5,ascending,249.08798
43.25,-4.25,ascending,248.16333
43.25,-4.0,ascending,245.29713
43.25,-3.75,ascending,247.74857
43.25,-3.5,ascending,252.60799
43.25,-3.25,ascending,245.065
43.25,-3.0,ascending,241.51498
43.25,-2.75,ascending,245.35286
43.25,-2.5,ascending,239.74399
43.25,-2.25,ascending,234.97
43.25,-2.0,ascending,232.37143
43.25,-1.75,ascending,244.99571
43.25,-1.5,ascending,261.65833
43.25,-1.25,ascending,276.78165
43.25,-1.0,ascending,284.12714
43.25,-0.75,ascending,284.54285
43.25,-0.5,ascending,284.25143
43.25,-0.25,ascending,284.28
43.25,0.0,ascending,284.59332
43.25,0.25,ascending,285.40125
43.25,0.5,ascending,285.96143
43.25,0.75,ascending,285.85428
43.25,1.0,ascending,285.53625
43.25,1.25,ascending,285.75125
43.25,1.5,ascending,286.85
43.25,1.75,ascending,288.46777
43.25,2.0,ascending,290.007
43.25,2.25,ascending,291.37555
43.25,2.5,ascending,292.51624
43.25,2.75,ascending,292.86398
43.25,3.0,ascending,287.23456
43.25,3.25,ascending,271.495
43.25,3.5,ascending,250.1925
43.25,3.75,ascending,229.3923
43.25,4.0,ascending,222.855
43.25,4.25,ascending,222.87125
43.25,4.5,ascending,226.63
43.25,4.75,ascending,228.64522
43.25,5.0,ascending,230.84554
43.25,9.5,ascending,203.90799
43.25,9.75,ascending,204.68938
43.25,10.0,ascending,206.3725
43.25,10.25,ascending,213.91692
43.25,10.5,ascending,230.73691
43.25,10.75,ascending,252.82898
43.25,11.0,ascending,272.52637
43.25,11.25,ascending,285.404
43.25,11.5,ascending,290.78888
43.25,11.75,ascending,291.388
43.25,12.0,ascending,290.24222
43.25,12.25,ascending,289.58875
43.25,12.5,ascending,290.13376
43.25,12.75,ascending,290.6
43.25,13.0,ascending,290.37875
43.25,13.25,ascending,288.28
43.25,13.5,ascending,280.115
43.25,13.75,ascending,258.9457
43.25,14.0,ascending,227.97427
43.25,14.25,ascending,204.19
43.25,14.5,ascending,195.16
43.25,14.75,ascending,192.67749
43.25,15.0,ascending,192.05666
43.25,15.25,ascending,192.05998
43.25,15.5,ascending,192.63167
43.25,15.75,ascending,194.81665
43.25,16.0,ascending,202.04375
43.25,16.25,ascending,216.33427
43.25,16.5,ascending,231.19142
43.25,16.75,ascending,244.95667
43.25,17.0,ascending,255.49715
43.25,17.25,ascending,265.28665
43.25,17.5,ascending,280.09714
43.25,17.75,ascending,285.70166
43.25,18.0,ascending,285.94333
43.25,18.25,ascending,285.03165
43.25,18.5,ascending,283.92715
43.25,18.75,ascending,283.06998
43.25,19.0,ascending,283.122
43.25,19.25,ascending,283.3933
43.25,19.5,ascending,283.78857
43.25,19.75,ascending,283.98166
43.25,20.0,ascending,283.71
43.25,20.25,ascending,283.38168
43.25,20.5,ascending,283.40332
43.25,20.75,ascending,283.594
43.25,21.0,ascending,284.0
43.25,21.25,ascending,285.18668
43.25,21.5,ascending,286.4343
43.25,21.75,ascending,286.90997
43.25,22.0,ascending,286.58572
43.25,22.25,ascending,286.33832
43.25,22.5,ascending,286.2314
43.25,22.75,ascending,286.20712
43.25,23.0,ascending,286.74332
43.25,23.25,ascending,287.8033
43.25,23.5,ascending,288.06284
43.25,23.75,ascending,288.07
43.25,24.0,ascending,288.02625
43.25,24.25,ascending,287.58835
43.25,24.5,ascending,286.98624
43.25,24.75,ascending,286.42667
43.25,25.0,ascending,286.00143
43.25,25.25,ascending,285.60428
43.25,25.5,ascending,284.91125
43.25,25.75,ascending,284.26285
43.25,26.0,ascending,284.00375
43.25,26.25,ascending,282.96667
43.25,26.5,ascending,280.53998
43.25,26.75,ascending,278.23776
43.25,27.0,ascending,277.628
43.25,27.25,ascending,278.18222
43.25,27.5,ascending,277.91
43.25,27.75,ascending,272.03818
43.25,28.0,ascending,256.123
43.25,28.25,ascending,231.725
43.25,28.5,ascending,213.81691
43.25,28.75,ascending,201.28152
43.25,29.0,ascending,195.79866
43.25,29.25,ascending,193.51736
43.25,29.5,ascending,192.76683
43.25,29.75,ascending,192.64285
43.25,34.25,ascending,195.12933
43.25,34.5,ascending,195.10599
43.25,34.75,ascending,195.26666
43.25,35.0,ascending,195.55333
43.25,35.25,ascending,194.91455
43.25,35.5,ascending,195.12909
43.25,35.75,ascending,195.548
43.25,36.0,ascending,196.61111
43.25,36.25,ascending,198.103
43.25,36.5,ascending,199.08444
43.25,36.75,ascending,199.37222
43.25,37.0,ascending,199.28223
43.25,37.25,ascending,200.44888
43.25,37.5,ascending,203.34375
43.25,37.75,ascending,207.0
43.25,38.0,ascending,210.6725
43.5,-13.0,ascending,188.618
43.5,-12.75,ascending,188.70125
43.5,-12.5,ascending,188.98778
43.5,-12.25,ascending,189.50888
43.5,-12.0,ascending,190.37874
43.5,-11.75,ascending,191.1157
43.5,-11.5,ascending,191.81
43.5,-11.25,ascending,192.30142
43.5,-11.0,ascending,192.62125
43.5,-10.75,ascending,193.07375
43.5,-10.5,ascending,193.87125
43.5,-10.25,ascending,194.71832
43.5,-10.0,ascending,195.38713
43.5,-9.75,ascending,196.15572
43.5,-9.5,ascending,197.56714
43.5,-9.25,ascending,199.60333
43.5,-9.0,ascending,203.45285
43.5,-8.75,ascending,207.67285
43.5,-8.5,ascending,210.9857
43.5,-8.25,ascending,223.55286
43.5,-8.0,ascending,241.36856
43.5,-7.75,ascending,252.14667
43.5,-7.5,ascending,254.88666
43.5,-7.25,ascending,243.87428
43.5,-7.0,ascending,239.645
43.5,-6.75,ascending,236.67
43.5,-6.5,ascending,236.33333
43.5,-6.25,ascending,234.57332
43.5,-6.0,ascending,234.4857
43.5,-5.75,ascending,234.665
43.5,-5.5,ascending,234.8157
43.5,-5.25,ascending,228.08
43.5,-5.0,ascending,222.25713
43.5,-4.75,ascending,217.58
43.5,-4.5,ascending,219.45285
43.5,-4.25,ascending,217.92714
43.5,-4.0,ascending,216.69165
43.5,-3.75,ascending,220.98999
43.5,-3.5,ascending,222.85715
43.5,-3.25,ascending,219.26143
43.5,-3.0,ascending,218.08427
43.5,-2.75,ascending,217.10333
43.5,-2.5,ascending,214.37874
43.5,-2.25,ascending,214.14
43.5,-2.0,ascending,210.04199
43.5,-1.75,ascending,217.29285
43.5,-1.5,ascending,242.42
43.5,-1.25,ascending,268.68832
43.5,-1.0,ascending,282.25873
43.5,-0.75,ascending,284.66165
43.5,-0.5,ascending,284.88998
43.5,-0.25,ascending,285.05142
43.5,0.0,ascending,285.41248
43.5,0.25,ascending,285.94998
43.5,0.5,ascending,286.35715
43.5,0.75,ascending,286.41428
43.5,1.0,ascending,286.04443
43.5,1.25,ascending,286.16428
43.5,1.5,ascending,286.96
43.5,1.75,ascending,288.08572
43.5,2.0,ascending,289.22998
43.5,2.25,ascending,290.2389
43.5,2.5,ascending,291.39
43.5,2.75,ascending,292.748
43.5,3.0,ascending,293.30222
43.5,3.25,ascending,290.2125
43.5,3.5,ascending,283.72
43.5,3.75,ascending,273.35306
43.5,4.0,ascending,264.48065
43.5,4.25,ascending,260.76572
43.5,4.5,ascending,265.53632
43.5,4.75,ascending,268.6692
43.5,5.0,ascending,263.9575
43.5,9.25,ascending,203.31831
43.5,9.5,ascending,203.16722
43.5,9.75,ascending,204.57353
43.5,10.0,ascending,209.55846
43.5,10.25,ascending,220.78499
43.5,10.5,ascending,241.55692
43.5,10.75,ascending,264.198
43.5,11.0,ascending,280.024
43.5,11.25,ascending,288.796
43.5,11.5,ascending,291.56
43.5,11.75,ascending,291.56097
43.5,12.0,ascending,290.82776
43.5,12.25,ascending,290.31665
43.5,12.5,ascending,290.31375
43.5,12.75,ascending,289.80887
43.5,13.0,ascending,288.06
43.5,13.25,ascending,277.6657
43.5,13.5,ascending,257.37875
43.5,13.75,ascending,229.74142
43.5,14.0,ascending,208.18143
43.5,14.25,ascending,195.59427
43.5,14.5,ascending,193.19
43.5,14.75,ascending,192.3675
43.5,15.0,ascending,192.35857
43.5,15.25,ascending,194.10167
43.5,15.5,ascending,198.61143
43.5,15.75,ascending,209.23
43.5,16.0,ascending,230.52832
43.5,16.25,ascending,249.28398
43.5,16.5,ascending,263.63498
43.5,16.75,ascending,270.84
43.5,17.0,ascending,279.72427
43.5,17.25,ascending,283.32144
43.5,17.5,ascending,285.45
43.5,17.75,ascending,285.29715
43.5,18.0,ascending,284.15802
43.5,18.25,ascending,283.46167
43.5,18.5,ascending,282.93283
43.5,18.75,ascending,283.03665
43.5,19.0,ascending,283.29572
43.5,19.25,ascending,283.39398
43.5,19.5,ascending,283.6743
43.5,19.75,ascending,284.03833
43.5,20.0,ascending,283.94144
43.5,20.25,ascending,283.83
43.5,20.5,ascending,284.04166
43.5,20.75,ascending,284.5914
43.5,21.0,ascending,285.21286
43.5,21.25,ascending,286.28
43.5,21.5,ascending,287.09
43.5,21.75,ascending,287.0625
43.5,22.0,ascending,287.012
43.5,22.25,ascending,287.38715
43.5,22.5,ascending,287.45667
43.5,22.75,ascending,287.55713
43.5,23.0,ascending,287.80624
43.5,23.25,ascending,288.52332
43.5,23.5,ascending,288.71286
43.5,23.75,ascending,288.49142
43.5,24.0,ascending,288.6225
43.5,24.25,ascending,288.06
43.5,24.5,ascending,287.28854
43.5,24.75,ascending,286.57498
43.5,25.0,ascending,285.81372
43.5,25.25,ascending,284.74167
43.5,25.5,ascending,283.08624
43.5,25.75,ascending,281.5575
43.5,26.0,ascending,282.2633
43.5,26.25,ascending,282.85284
43.5,26.5,ascending,281.31
43.5,26.75,ascending,279.33713
43.5,27.0,ascending,278.8825
43.5,27.25,ascending,279.96
43.5,27.5,ascending,281.11
43.5,27.75,ascending,282.00998
43.5,28.0,ascending,276.32635
43.5,28.25,ascending,258.855
43.5,28.5,ascending,230.28917
43.5,28.75,ascending,206.18498
43.5,29.0,ascending,195.96625
43.5,29.25,ascending,193.48166
43.5,29.5,ascending,192.86923
43.5,29.75,ascending,192.67
43.5,34.0,ascending,194.73999
43.5,34.25,ascending,194.74646
43.5,34.5,ascending,194.59
43.5,34.75,ascending,194.44286
43.5,35.0,ascending,194.32077
43.5,35.25,ascending,194.23726
43.5,35.5,ascending,194.4918
43.5,35.75,ascending,194.81
43.5,36.0,ascending,195.504
43.5,36.25,ascending,196.20363
43.5,36.5,ascending,196.16713
43.5,36.75,ascending,197.06
43.5,37.0,ascending,198.37
43.5,37.25,ascending,200.685
43.5,37.5,ascending,203.31999
43.5,37.75,ascending,204.47556
43.5,38.0,ascending,205.6225
43.75,-13.0,ascending,188.48
43.75,-12.75,ascending,188.54124
43.75,-12.5,ascending,188.77374
43.75,-12.25,ascending,189.2275
43.75,-12.0,ascending,189.98999
43.75,-11.75,ascending,190.82857
43.75,-11.5,ascending,191.52286
43.75,-11.25,ascending,192.05124
43.75,-11.0,ascending,192.34166
43.75,-10.75,ascending,192.66713
43.75,-10.5,ascending,193.22499
43.75,-10.25,ascending,193.97142
43.75,-10.0,ascending,194.43834
43.75,-9.75,ascending,195.03499
43.75,-9.5,ascending,195.67285
43.75,-9.25,ascending,196.20999
43.75,-9.0,ascending,196.91667
43.75,-8.75,ascending,198.02167
43.75,-8.5,ascending,200.84166
43.75,-8.25,ascending,207.66599
43.75,-8.0,ascending,216.48999
43.75,-7.75,ascending,224.92332
43.75,-7.5,ascending,219.42429
43.75,-7.25,ascending,215.026
43.75,-7.0,ascending,211.21501
43.75,-6.75,ascending,211.48499
43.75,-6.5,ascending,210.85857
43.75,-6.25,ascending,211.022
43.75,-6.0,ascending,209.32832
43.75,-5.75,ascending,208.94666
43.75,-5.5,ascending,208.30165
43.75,-5.25,ascending,205.69165
43.75,-5.0,ascending,203.40201
43.75,-4.75,ascending,203.26799
43.75,-4.5,ascending,202.57143
43.75,-4.25,ascending,203.14
43.75,-4.0,ascending,203.90599
43.75,-3.75,ascending,206.2957
43.75,-3.5,ascending,204.52713
43.75,-3.25,ascending,203.515
43.75,-3.0,ascending,203.04875
43.75,-2.75,ascending,202.76332
43.75,-2.5,ascending,202.16428
43.75,-2.25,ascending,202.09285
43.75,-2.0,ascending,202.66833
43.75,-1.75,ascending,205.90498
43.75,-1.5,ascending,225.4557
43.75,-1.25,ascending,259.05
43.75,-1.0,ascending,281.0533
43.75,-0.75,ascending,285.48285
43.75,-0.5,ascending,286.58713
43.75,-0.25,ascending,286.79428
43.75,0.0,ascending,286.87
43.75,0.25,ascending,286.69284
43.75,0.5,ascending,286.7857
43.75,0.75,ascending,286.91748
43.75,1.0,ascending,286.81125
43.75,1.25,ascending,286.87997
43.75,1.5,ascending,287.8
43.75,1.75,ascending,288.66223
43.75,2.0,ascending,289.3822
43.75,2.25,ascending,290.0
43.75,2.5,ascending,290.96555
43.75,2.75,ascending,292.52222
43.75,3.0,ascending,293.635
43.75,3.25,ascending,293.3
43.75,3.5,ascending,292.41
43.75,3.75,ascending,291.8691
43.75,4.0,ascending,291.43152
43.75,4.25,ascending,289.35062
43.75,4.5,ascending,289.6945
43.75,4.75,ascending,288.0861
43.75,9.0,ascending,207.92
43.75,9.25,ascending,205.4294
43.75,9.5,ascending,204.49132
43.75,9.75,ascending,206.61427
43.75,10.0,ascending,214.54922
43.75,10.25,ascending,229.05817
43.75,10.5,ascending,250.84999
43.75,10.75,ascending,272.41635
43.75,11.0,ascending,284.5
43.75,11.25,ascending,289.6511
43.75,11.5,ascending,291.03
43.75,11.75,ascending,290.669
43.75,12.0,ascending,290.15427
43.75,12.25,ascending,289.86334
43.75,12.5,ascending,288.8775
43.75,12.75,ascending,281.44144
43.75,13.0,ascending,269.16876
43.75,13.25,ascending,244.64572
43.75,13.5,ascending,219.90714
43.75,13.75,ascending,202.30713
43.75,14.0,ascending,194.4157
43.75,14.25,ascending,192.72142
43.75,14.5,ascending,192.37143
43.75,14.75,ascending,192.70999
43.75,15.0,ascending,195.02666
43.75,15.25,ascending,203.56429
43.75,15.5,ascending,218.61665
43.75,15.75,ascending,242.18333
43.75,16.0,ascending,265.025
43.75,16.25,ascending,279.70428
43.75,16.5,ascending,283.96
43.75,16.75,ascending,285.02832
43.75,17.0,ascending,285.748
43.75,17.25,ascending,285.6557
43.75,17.5,ascending,284.9883
43.75,17.75,ascending,283.87
43.75,18.0,ascending,283.40164
43.75,18.25,ascending,283.31168
43.75,18.5,ascending,283.51855
43.75,18.75,ascending,283.8633
43.75,19.0,ascending,283.78198
43.75,19.25,ascending,283.58572
43.75,19.5,ascending,283.6875
43.75,19.75,ascending,284.06427
43.75,20.0,ascending,284.362
43.75,20.25,ascending,284.95667
43.75,20.5,ascending,285.55283
43.75,20.75,ascending,286.255
43.75,21.0,ascending,286.4675
43.75,21.25,ascending,286.99
43.75,21.5,ascending,287.15286
43.75,21.75,ascending,286.7457
43.75,22.0,ascending,287.01834
43.75,22.25,ascending,287.964
43.75,22.5,ascending,288.322
43.75,22.75,ascending,288.47333
43.75,23.0,ascending,288.6375
43.75,23.25,ascending,289.04834
43.75,23.5,ascending,289.17667
43.75,23.75,ascending,288.95428
43.75,24.0,ascending,289.37
43.75,24.25,ascending,289.04572
43.75,24.5,ascending,287.7757
43.75,24.75,ascending,286.94284
43.75,25.0,ascending,286.41873
43.75,25.25,ascending,284.75125
43.75,25.5,ascending,281.6825
43.75,25.75,ascending,279.40125
43.75,26.0,ascending,280.09857
43.75,26.25,ascending,281.88666
43.75,26.5,ascending,282.38666
43.75,26.75,ascending,281.52
43.75,27.0,ascending,281.06
43.75,27.25,ascending,281.62778
43.75,27.5,ascending,283.336
43.75,27.75,ascending,285.09888
43.75,28.0,ascending,283.6191
43.75,28.25,ascending,270.53818
43.75,28.5,ascending,241.48232
43.75,28.75,ascending,213.57924
43.75,29.0,ascending,198.32823
43.75,29.25,ascending,193.96631
43.75,29.5,ascending,193.211
43.75,33.75,ascending,194.73999
43.75,34.0,ascending,194.39
43.75,34.25,ascending,194.35374
43.75,34.5,ascending,194.32866
43.75,34.75,ascending,194.31273
43.75,35.0,ascending,194.20166
43.75,35.25,ascending,194.069
43.75,35.5,ascending,193.98634
43.75,35.75,ascending,193.775
43.75,36.0,ascending,193.75333
43.75,36.25,ascending,193.55888
43.75,36.5,ascending,193.6675
43.75,36.75,ascending,194.2175
43.75,37.0,ascending,194.98334
43.75,37.25,ascending,196.26714
43.75,37.5,ascending,196.83875
43.75,37.75,ascending,196.1757
43.75,38.0,ascending,196.444
44.0,-13.0,ascending,188.482
44.0,-12.75,ascending,188.57889
44.0,-12.5,ascending,188.81999
44.0,-12.25,ascending,189.17
44.0,-12.0,ascending,189.69221
44.0,-11.75,ascending,190.33571
44.0,-11.5,ascending,190.9025
44.0,-11.25,ascending,191.40999
44.0,-11.0,ascending,191.89374
44.0,-10.75,ascending,192.385
44.0,-10.5,ascending,192.80856
44.0,-10.25,ascending,193.22833
44.0,-10.0,ascending,193.53714
44.0,-9.75,ascending,194.18713
44.0,-9.5,ascending,194.78714
44.0,-9.25,ascending,195.29999
44.0,-9.0,ascending,195.77284
44.0,-8.75,ascending,196.34856
44.0,-8.5,ascending,197.635
44.0,-8.25,ascending,199.90857
44.0,-8.0,ascending,203.04834
44.0,-7.75,ascending,205.15714
44.0,-7.5,ascending,203.43666
44.0,-7.25,ascending,202.44167
44.0,-7.0,ascending,201.17334
44.0,-6.75,ascending,201.18333
44.0,-6.5,ascending,200.63571
44.0,-6.25,ascending,200.68999
44.0,-6.0,ascending,200.28598
44.0,-5.75,ascending,199.43333
44.0,-5.5,ascending,199.36429
44.0,-5.25,ascending,198.67142
44.0,-5.0,ascending,199.005
44.0,-4.75,ascending,199.35571
44.0,-4.5,ascending,199.504
44.0,-4.25,ascending,200.0743
44.0,-4.0,ascending,200.46715
44.0,-3.75,ascending,200.74834
44.0,-3.5,ascending,200.75427
44.0,-3.25,ascending,200.30284
44.0,-3.0,ascending,200.08858
44.0,-2.75,ascending,200.015
44.0,-2.5,ascending,200.0743
44.0,-2.25,ascending,200.26833
44.0,-2.0,ascending,200.64374
44.0,-1.75,ascending,202.88
44.0,-1.5,ascending,216.32999
44.0,-1.25,ascending,251.23143
44.0,-1.0,ascending,276.87857
44.0,-0.75,ascending,286.46
44.0,-0.5,ascending,288.19144
44.0,-0.25,ascending,288.7757
44.0,0.0,ascending,288.4875
44.0,0.25,ascending,287.91998
44.0,0.5,ascending,287.5825
44.0,0.75,ascending,287.70856
44.0,1.0,ascending,287.8743
44.0,1.25,ascending,288.08777
44.0,1.5,ascending,288.83334
44.0,1.75,ascending,289.69427
44.0,2.0,ascending,290.24
44.0,2.25,ascending,290.66223
44.0,2.5,ascending,291.09998
44.0,2.75,ascending,292.289
44.0,3.0,ascending,293.85364
44.0,3.25,ascending,294.25543
44.0,3.5,ascending,293.85416
44.0,3.75,ascending,294.66693
44.0,4.0,ascending,296.175
44.0,4.25,ascending,296.47687
44.0,4.5,ascending,295.3135
44.0,4.75,ascending,293.57953
44.0,9.0,ascending,212.94875
44.0,9.25,ascending,210.62498
44.0,9.5,ascending,210.23999
44.0,9.75,ascending,219.63213
44.0,10.0,ascending,234.48845
44.0,10.25,ascending,247.79
44.0,10.5,ascending,269.57584
44.0,10.75,ascending,281.94888
44.0,11.0,ascending,287.75998
44.0,11.25,ascending,290.09998
44.0,11.5,ascending,290.52554
44.0,11.75,ascending,290.6389
44.0,12.0,ascending,290.09998
44.0,12.25,ascending,286.5325
44.0,12.5,ascending,276.12375
44.0,12.75,ascending,253.94571
44.0,13.0,ascending,230.04124
44.0,13.25,ascending,209.19856
44.0,13.5,ascending,197.80249
44.0,13.75,ascending,193.30249
44.0,14.0,ascending,192.18375
44.0,14.25,ascending,192.10857
44.0,14.5,ascending,192.75
44.0,14.75,ascending,195.09332
44.0,15.0,ascending,202.22124
44.0,15.25,ascending,219.50665
44.0,15.5,ascending,245.16125
44.0,15.75,ascending,269.79
44.0,16.0,ascending,283.7575
44.0,16.25,ascending,288.19498
44.0,16.5,ascending,287.65286
44.0,16.75,ascending,286.57428
44.0,17.0,ascending,285.91165
44.0,17.25,ascending,285.24332
44.0,17.5,ascending,284.53833
44.0,17.75,ascending,284.10834
44.0,18.0,ascending,284.18
44.0,18.25,ascending,284.50833
44.0,18.5,ascending,284.756
44.0,18.75,ascending,284.94666
44.0,19.0,ascending,284.5275
44.0,19.25,ascending,284.15332
44.0,19.5,ascending,284.08856
44.0,19.75,ascending,284.875
44.0,20.0,ascending,285.44
44.0,20.25,ascending,286.50143
44.0,20.5,ascending,287.04666
44.0,20.75,ascending,287.44598
44.0,21.0,ascending,287.38715
44.0,21.25,ascending,287.37668
44.0,21.5,ascending,287.08713
44.0,21.75,ascending,286.19
44.0,22.0,ascending,286.52713
44.0,22.25,ascending,287.63333
44.0,22.5,ascending,288.2914
44.0,22.75,ascending,288.82285
44.0,23.0,ascending,289.62
44.0,23.25,ascending,290.26425
44.0,23.5,ascending,290.04623
44.0,23.75,ascending,289.55713
44.0,24.0,ascending,289.5875
44.0,24.25,ascending,289.02713
44.0,24.5,ascending,287.63
44.0,24.75,ascending,286.33
44.0,25.0,ascending,286.21713
44.0,25.25,ascending,284.56
44.0,25.5,ascending,280.85126
44.0,25.75,ascending,278.44165
44.0,26.0,ascending,279.18887
44.0,26.25,ascending,281.51428
44.0,26.5,ascending,282.83124
44.0,26.75,ascending,282.8925
44.0,27.0,ascending,282.62888
44.0,27.25,ascending,282.36398
44.0,27.5,ascending,282.601
44.0,27.75,ascending,284.08398
44.0,28.0,ascending,283.52844
44.0,28.25,ascending,273.10846
44.0,28.5,ascending,249.71666
44.0,28.75,ascending,221.924
44.0,29.0,ascending,203.17722
44.0,29.25,ascending,196.3421
44.0,29.5,ascending,194.53421
44.0,33.75,ascending,196.03444
44.0,34.0,ascending,194.75
44.0,34.25,ascending,194.27187
44.0,34.5,ascending,194.19308
44.0,34.75,ascending,194.11333
44.0,35.0,ascending,193.99165
44.0,35.25,ascending,193.66599
44.0,35.5,ascending,193.37271
44.0,35.75,ascending,193.108
44.0,36.0,ascending,192.93
44.0,36.25,ascending,192.68375
44.0,36.5,ascending,192.63556
44.0,36.75,ascending,192.73888
44.0,37.0,ascending,193.0325
44.0,37.25,ascending,193.37888
44.0,37.5,ascending,193.78
44.0,37.75,ascending,194.04428
44.0,38.0,ascending,194.53749
44.25,-13.0,ascending,188.76
44.25,-12.75,ascending,188.74374
44.25,-12.5,ascending,188.83374
44.25,-12.25,ascending,189.01
44.25,-12.0,ascending,189.2775
44.25,-11.75,ascending,189.72285
44.25,-11.5,ascending,190.19142
44.25,-11.25,ascending,190.75713
44.25,-11.0,ascending,191.41856
44.25,-10.75,ascending,192.00429
44.25,-10.5,ascending,192.39714
44.25,-10.25,ascending,192.67
44.25,-10.0,ascending,192.92833
44.25,-9.75,ascending,193.48167
44.25,-9.5,ascending,194.09001
44.25,-9.25,ascending,194.61856
44.25,-9.0,ascending,195.19429
44.25,-8.75,ascending,195.87999
44.25,-8.5,ascending,196.77144
44.25,-8.25,ascending,197.83
44.25,-8.0,ascending,198.95285
44.25,-7.75,ascending,199.91833
44.25,-7.5,ascending,200.125
44.25,-7.25,ascending,199.82332
44.25,-7.0,ascending,199.566
44.25,-6.75,ascending,199.30165
44.25,-6.5,ascending,198.99715
44.25,-6.25,ascending,198.65599
44.25,-6.0,ascending,198.20714
44.25,-5.75,ascending,197.778
44.25,-5.5,ascending,197.65833
44.25,-5.25,ascending,197.644
44.25,-5.0,ascending,197.89285
44.25,-4.75,ascending,198.45
44.25,-4.5,ascending,198.95166
44.25,-4.25,ascending,199.33667
44.25,-4.0,ascending,199.83714
44.25,-3.75,ascending,200.27666
44.25,-3.5,ascending,200.18199
44.25,-3.25,ascending,199.76
44.25,-3.0,ascending,199.67499
44.25,-2.75,ascending,199.8275
44.25,-2.5,ascending,200.18124
44.25,-2.25,ascending,200.48499
44.25,-2.0,ascending,200.72427
44.25,-1.75,ascending,201.88832
44.25,-1.5,ascending,212.27666
44.25,-1.25,ascending,241.7357
44.25,-1.0,ascending,275.22833
44.25,-0.75,ascending,286.41333
44.25,-0.5,ascending,289.055
44.25,-0.25,ascending,289.875
44.25,0.0,ascending,289.73715
44.25,0.25,ascending,289.21573
44.25,0.5,ascending,288.77286
44.25,0.75,ascending,288.78
44.25,1.0,ascending,288.77444
44.25,1.25,ascending,289.02832
44.25,1.5,ascending,289.46124
44.25,1.75,ascending,290.03598
44.25,2.0,ascending,290.53113
44.25,2.25,ascending,290.995
44.25,2.5,ascending,291.34
44.25,2.75,ascending,292.017
44.25,3.0,ascending,293.36798
44.25,3.25,ascending,294.48898
44.25,3.5,ascending,294.6277
44.25,3.75,ascending,294.97665
44.25,4.0,ascending,296.09692
44.25,4.25,ascending,296.72812
44.25,4.5,ascending,296.26578
44.25,4.75,ascending,295.60687
44.25,9.0,ascending,232.43823
44.25,9.25,ascending,230.97061
44.25,9.5,ascending,238.54066
44.25,9.75,ascending,255.58768
44.25,10.0,ascending,268.15915
44.25,10.25,ascending,277.33362
44.25,10.5,ascending,286.396
44.25,10.75,ascending,289.039
44.25,11.0,ascending,290.65802
44.25,11.25,ascending,291.45572
44.25,11.5,ascending,291.433
44.25,11.75,ascending,290.82
44.25,12.0,ascending,287.92
44.25,12.25,ascending,274.695
44.25,12.5,ascending,254.19998
44.25,12.75,ascending,226.81285
44.25,13.0,ascending,205.86374
44.25,13.25,ascending,196.22
44.25,13.5,ascending,193.29834
44.25,13.75,ascending,192.52286
44.25,14.0,ascending,192.46286
44.25,14.25,ascending,193.24666
44.25,14.5,ascending,196.23499
44.25,14.75,ascending,201.15332
44.25,15.0,ascending,213.51
44.25,15.25,ascending,238.78429
44.25,15.5,ascending,262.70334
44.25,15.75,ascending,280.51498
44.25,16.0,ascending,286.86398
44.25,16.25,ascending,287.19833
44.25,16.5,ascending,286.44333
44.25,16.75,ascending,285.84
44.25,17.0,ascending,285.54855
44.25,17.25,ascending,285.306
44.25,17.5,ascending,285.06143
44.25,17.75,ascending,284.96
44.25,18.0,ascending,285.34833
44.25,18.25,ascending,285.558
44.25,18.5,ascending,285.65143
44.25,18.75,ascending,285.45
44.25,19.0,ascending,285.31198
44.25,19.25,ascending,285.245
44.25,19.5,ascending,285.48666
44.25,19.75,ascending,286.318
44.25,20.0,ascending,286.89572
44.25,20.25,ascending,287.458
44.25,20.5,ascending,287.63333
44.25,20.75,ascending,287.71332
44.25,21.0,ascending,287.54715
44.25,21.25,ascending,287.3557
44.25,21.5,ascending,286.93332
44.25,21.75,ascending,285.71573
44.25,22.0,ascending,285.25858
44.25,22.25,ascending,286.20285
44.25,22.5,ascending,287.13834
44.25,22.75,ascending,288.378
44.25,23.0,ascending,290.27713
44.25,23.25,ascending,290.89166
44.25,23.5,ascending,289.86002
44.25,23.75,ascending,288.8583
44.25,24.0,ascending,288.275
44.25,24.25,ascending,287.96
44.25,24.5,ascending,286.56427
44.25,24.75,ascending,285.21335
44.25,25.0,ascending,284.77875
44.25,25.25,ascending,284.23502
44.25,25.5,ascending,281.37125
44.25,25.75,ascending,278.25
44.25,26.0,ascending,279.41873
44.25,26.25,ascending,282.48776
44.25,26.5,ascending,284.15887
44.25,26.75,ascending,284.40332
44.25,27.0,ascending,284.17557
44.25,27.25,ascending,283.5289
44.25,27.5,ascending,282.166
44.25,27.75,ascending,281.237
44.25,28.0,ascending,280.09726
44.25,28.25,ascending,273.64816
44.25,28.5,ascending,252.26714
44.25,28.75,ascending,225.88153
44.25,29.0,ascending,207.90938
44.25,29.25,ascending,199.36636
44.25,29.5,ascending,197.57384
44.25,33.5,ascending,205.47667
44.25,33.75,ascending,201.23888
44.25,34.0,ascending,199.73125
44.25,34.25,ascending,202.30165
44.25,34.5,ascending,199.46385
44.25,34.75,ascending,197.31273
44.25,35.0,ascending,196.44832
44.25,35.25,ascending,194.32
44.25,35.5,ascending,193.29099
44.25,35.75,ascending,192.8011
44.25,36.0,ascending,192.50333
44.25,36.25,ascending,192.4625
44.25,36.5,ascending,192.47333
44.25,36.75,ascending,192.73125
44.25,37.0,ascending,193.01749
44.25,37.25,ascending,193.41856
44.25,37.5,ascending,194.17874
44.25,37.75,ascending,195.28
44.25,38.0,ascending,199.122
44.5,-13.0,ascending,189.15332
44.5,-12.75,ascending,189.03142
44.5,-12.5,ascending,188.98334
44.5,-12.25,ascending,189.0275
44.5,-12.0,ascending,189.17374
44.5,-11.75,ascending,189.37125
44.5,-11.5,ascending,189.73572
44.5,-11.25,ascending,190.22285
44.5,-11.0,ascending,190.83875
44.5,-10.75,ascending,191.46999
44.5,-10.5,ascending,191.98125
44.5,-10.25,ascending,192.32143
44.5,-10.0,ascending,192.575
44.5,-9.75,ascending,192.91428
44.5,-9.5,ascending,193.36125
44.5,-9.25,ascending,193.922
44.5,-9.0,ascending,194.53333
44.5,-8.75,ascending,195.40141
44.5,-8.5,ascending,196.17
44.5,-8.25,ascending,196.90799
44.5,-8.0,ascending,197.76001
44.5,-7.75,ascending,198.55165
44.5,-7.5,ascending,198.99857
44.5,-7.25,ascending,198.87334
44.5,-7.0,ascending,198.88832
44.5,-6.75,ascending,198.80165
44.5,-6.5,ascending,198.75713
44.5,-6.25,ascending,198.39143
44.5,-6.0,ascending,197.818
44.5,-5.75,ascending,197.47571
44.5,-5.5,ascending,197.27666
44.5,-5.25,ascending,197.13
44.5,-5.0,ascending,197.02167
44.5,-4.75,ascending,197.62143
44.5,-4.5,ascending,198.28714
44.5,-4.25,ascending,198.91856
44.5,-4.0,ascending,199.57999
44.5,-3.75,ascending,199.94199
44.5,-3.5,ascending,199.5957
44.5,-3.25,ascending,199.15857
44.5,-3.0,ascending,199.33427
44.5,-2.75,ascending,199.86165
44.5,-2.5,ascending,200.37999
44.5,-2.25,ascending,200.53333
44.5,-2.0,ascending,200.55429
44.5,-1.75,ascending,201.24165
44.5,-1.5,ascending,209.79124
44.5,-1.25,ascending,237.73167
44.5,-1.0,ascending,269.2443
44.5,-0.75,ascending,285.11856
44.5,-0.5,ascending,288.66833
44.5,-0.25,ascending,290.26123
44.5,0.0,ascending,290.8
44.5,0.25,ascending,290.50427
44.5,0.5,ascending,290.2889
44.5,0.75,ascending,289.77426
44.5,1.0,ascending,288.91623
44.5,1.25,ascending,288.735
44.5,1.5,ascending,289.1211
44.5,1.75,ascending,289.57373
44.5,2.0,ascending,289.964
44.5,2.25,ascending,290.787
44.5,2.5,ascending,291.5411
44.5,2.75,ascending,292.19
44.5,3.0,ascending,293.192
44.5,3.25,ascending,294.3525
44.5,3.5,ascending,294.88498
44.5,3.75,ascending,294.9831
44.5,4.0,ascending,295.33588
44.5,4.25,ascending,295.85294
44.5,4.5,ascending,295.92273
44.5,4.75,ascending,295.63916
44.5,8.75,ascending,268.58197
44.5,9.0,ascending,268.66937
44.5,9.25,ascending,269.834
44.5,9.5,ascending,274.48358
44.5,9.75,ascending,283.5425
44.5,10.0,ascending,286.47546
44.5,10.25,ascending,289.32727
44.5,10.5,ascending,291.37454
44.5,10.75,ascending,291.9822
44.5,11.0,ascending,292.19333
44.5,11.25,ascending,291.87
44.5,11.5,ascending,290.90222
44.5,11.75,ascending,288.2375
44.5,12.0,ascending,280.75
44.5,12.25,ascending,264.32712
44.5,12.5,ascending,240.34442
44.5,12.75,ascending,215.55124
44.5,13.0,ascending,202.77571
44.5,13.25,ascending,196.21375
44.5,13.5,ascending,193.83
44.5,13.75,ascending,194.06857
44.5,14.0,ascending,196.14572
44.5,14.25,ascending,201.11856
44.5,14.5,ascending,207.88713
44.5,14.75,ascending,213.77
44.5,15.0,ascending,229.03856
44.5,15.25,ascending,254.78667
44.5,15.5,ascending,275.58142
44.5,15.75,ascending,284.44666
44.5,16.0,ascending,286.3557
44.5,16.25,ascending,286.2383
44.5,16.5,ascending,285.98285
44.5,16.75,ascending,285.855
44.5,17.0,ascending,285.94284
44.5,17.25,ascending,285.89166
44.5,17.5,ascending,286.02664
44.5,17.75,ascending,286.15332
44.5,18.0,ascending,286.38834
44.5,18.25,ascending,286.33572
44.5,18.5,ascending,286.27997
44.5,18.75,ascending,286.30142
44.5,19.0,ascending,286.25
44.5,19.25,ascending,286.50168
44.5,19.5,ascending,286.86
44.5,19.75,ascending,287.06427
44.5,20.0,ascending,287.04
44.5,20.25,ascending,287.165
44.5,20.5,ascending,286.78665
44.5,20.75,ascending,286.41428
44.5,21.0,ascending,286.59714
44.5,21.25,ascending,286.87
44.5,21.5,ascending,286.61285
44.5,21.75,ascending,285.4783
44.5,22.0,ascending,284.67142
44.5,22.25,ascending,284.88998
44.5,22.5,ascending,285.86856
44.5,22.75,ascending,287.52164
44.5,23.0,ascending,289.14856
44.5,23.25,ascending,289.76425
44.5,23.5,ascending,288.33167
44.5,23.75,ascending,287.00998
44.5,24.0,ascending,286.48624
44.5,24.25,ascending,286.18286
44.5,24.5,ascending,285.8
44.5,24.75,ascending,284.38666
44.5,25.0,ascending,283.62997
44.5,25.25,ascending,284.175
44.5,25.5,ascending,283.175
44.5,25.75,ascending,290.06
44.5,26.0,ascending,245.95874
44.5,26.25,ascending,282.87997
44.5,26.5,ascending,284.02875
44.5,26.75,ascending,284.09875
44.5,27.0,ascending,283.68198
44.5,27.25,ascending,283.04553
44.5,27.5,ascending,281.5691
44.5,27.75,ascending,278.999
44.5,28.0,ascending,276.66452
44.5,28.25,ascending,272.53333
44.5,28.5,ascending,260.21075
44.5,28.75,ascending,237.80666
44.5,29.0,ascending,217.18555
44.5,29.25,ascending,206.94524
44.5,29.5,ascending,205.177
44.5,33.5,ascending,219.58667
44.5,33.75,ascending,222.03705
44.5,34.0,ascending,227.79066
44.5,34.25,ascending,231.46231
44.5,34.5,ascending,223.21332
44.5,34.75,ascending,213.235
44.5,35.0,ascending,208.11299
44.5,35.25,ascending,199.737
44.5,35.5,ascending,197.715
44.5,35.75,ascending,195.93
44.5,36.0,ascending,194.097
44.5,36.25,ascending,193.67857
44.5,36.5,ascending,193.314
44.5,36.75,ascending,193.72427
44.5,37.0,ascending,194.12445
44.5,37.25,ascending,195.25
44.5,37.5,ascending,200.81375
44.5,37.75,ascending,211.14429
44.5,38.0,ascending,224.4675
44.75,-13.0,ascending,189.5475
44.75,-12.75,ascending,189.33714
44.75,-12.5,ascending,189.28125
44.75,-12.25,ascending,189.22714
44.75,-12.0,ascending,189.18285
44.75,-11.75,ascending,189.20857
44.75,-11.5,ascending,189.42857
44.75,-11.25,ascending,189.87
44.75,-11.0,ascending,190.46286
44.75,-10.75,ascending,191.04141
44.75,-10.5,ascending,191.57999
44.75,-10.25,ascending,191.88666
44.75,-10.0,ascending,192.09
44.75,-9.75,ascending,192.37666
44.75,-9.5,ascending,192.71599
44.75,-9.25,ascending,193.2357
44.75,-9.0,ascending,193.91142
44.75,-8.75,ascending,194.64667
44.75,-8.5,ascending,195.46143
44.75,-8.25,ascending,196.265
44.75,-8.0,ascending,196.96832
44.75,-7.75,ascending,197.32666
44.75,-7.5,ascending,197.65141
44.75,-7.25,ascending,197.93199
44.75,-7.0,ascending,198.19331
44.75,-6.75,ascending,198.41333
44.75,-6.5,ascending,198.44499
44.75,-6.25,ascending,198.19249
44.75,-6.0,ascending,197.61124
44.75,-5.75,ascending,197.275
44.75,-5.5,ascending,196.91286
44.75,-5.25,ascending,196.512
44.75,-5.0,ascending,196.43999
44.75,-4.75,ascending,196.81999
44.75,-4.5,ascending,197.58833
44.75,-4.25,ascending,198.25499
44.75,-4.0,ascending,198.86856
44.75,-3.75,ascending,199.23999
44.75,-3.5,ascending,198.97667
44.75,-3.25,ascending,198.82571
44.75,-3.0,ascending,199.21855
44.75,-2.75,ascending,199.86833
44.75,-2.5,ascending,200.33858
44.75,-2.25,ascending,200.31
44.75,-2.0,ascending,199.88857
44.75,-1.75,ascending,200.59143
44.75,-1.5,ascending,206.955
44.75,-1.25,ascending,231.04285
44.75,-1.0,ascending,263.78665
44.75,-0.75,ascending,282.23
44.75,-0.5,ascending,287.95166
44.75,-0.25,ascending,290.5257
44.75,0.0,ascending,291.685
44.75,0.25,ascending,291.70712
44.75,0.5,ascending,291.39856
44.75,0.75,ascending,290.6
44.75,1.0,ascending,289.48248
44.75,1.25,ascending,288.36374
44.75,1.5,ascending,288.30875
44.75,1.75,ascending,288.5175
44.75,2.0,ascending,289.01712
44.75,2.25,ascending,290.15222
44.75,2.5,ascending,291.405
44.75,2.75,ascending,292.294
44.75,3.0,ascending,293.26
44.75,3.25,ascending,294.397
44.75,3.5,ascending,295.38538
44.75,3.75,ascending,295.70383
44.75,4.0,ascending,295.46228
44.75,4.25,ascending,295.31998
44.75,4.5,ascending,295.31454
44.75,4.75,ascending,295.2657
44.75,8.5,ascending,286.84
44.75,8.75,ascending,285.76666
44.75,9.0,ascending,288.014
44.75,9.25,ascending,288.17285
44.75,9.5,ascending,289.23416
44.75,9.75,ascending,290.3791
44.75,10.0,ascending,290.8791
44.75,10.25,ascending,291.4691
44.75,10.5,ascending,291.75446
44.75,10.75,ascending,291.81335
44.75,11.0,ascending,291.10898
44.75,11.25,ascending,290.50998
44.75,11.5,ascending,289.16544
44.75,11.75,ascending,285.81427
44.75,12.0,ascending,278.16
44.75,12.25,ascending,261.98285
44.75,12.5,ascending,243.43001
44.75,12.75,ascending,220.3375
44.75,13.0,ascending,204.93333
44.75,13.25,ascending,197.55429
44.75,13.5,ascending,196.01
44.75,13.75,ascending,202.08333
44.75,14.0,ascending,211.34142
44.75,14.25,ascending,223.86165
44.75,14.5,ascending,228.58833
44.75,14.75,ascending,231.92857
44.75,15.0,ascending,247.10664
44.75,15.25,ascending,267.75333
44.75,15.5,ascending,281.1743
44.75,15.75,ascending,285.54712
44.75,16.0,ascending,286.24667
44.75,16.25,ascending,286.5757
44.75,16.5,ascending,286.59164
44.75,16.75,ascending,286.57333
44.75,17.0,ascending,286.61
44.75,17.25,ascending,286.68167
44.75,17.5,ascending,286.8033
44.75,17.75,ascending,286.995
44.75,18.0,ascending,286.92
44.75,18.25,ascending,286.83197
44.75,18.5,ascending,286.94284
44.75,18.75,ascending,287.042
44.75,19.0,ascending,286.94
44.75,19.25,ascending,286.974
44.75,19.5,ascending,287.04498
44.75,19.75,ascending,286.76
44.75,20.0,ascending,286.28665
44.75,20.25,ascending,285.98712
44.75,20.5,ascending,285.30283
44.75,20.75,ascending,285.422
44.75,21.0,ascending,286.3975
44.75,21.25,ascending,287.16
44.75,21.5,ascending,287.346
44.75,21.75,ascending,286.164
44.75,22.0,ascending,285.1575
44.75,22.25,ascending,285.14716
44.75,22.5,ascending,285.14285
44.75,22.75,ascending,286.19
44.75,23.0,ascending,287.226
44.75,23.25,ascending,287.51428
44.75,23.5,ascending,286.65665
44.75,23.75,ascending,285.24713
44.75,24.0,ascending,285.03
44.75,24.25,ascending,284.625
44.75,24.5,ascending,284.445
44.75,24.75,ascending,283.38168
44.75,25.0,ascending,282.82144
44.75,25.25,ascending,283.305
44.75,25.5,ascending,283.695
44.75,25.75,ascending,283.44333
44.75,26.0,ascending,283.34668
44.75,26.25,ascending,283.44125
44.75,26.5,ascending,282.116
44.75,26.75,ascending,280.66223
44.75,27.0,ascending,279.88498
44.75,27.25,ascending,279.673
44.75,27.5,ascending,278.72
44.75,27.75,ascending,277.4391
44.75,28.0,ascending,275.28
44.75,28.25,ascending,273.31638
44.75,28.5,ascending,267.19333
44.75,28.75,ascending,254.58643
44.75,29.0,ascending,242.56175
44.75,29.25,ascending,233.43153
44.75,29.5,ascending,226.92665
44.75,33.25,ascending,217.92801
44.75,33.5,ascending,224.87062
44.75,33.75,ascending,237.61533
44.75,34.0,ascending,250.41687
44.75,34.25,ascending,256.10083
44.75,34.5,ascending,249.5309
44.75,34.75,ascending,241.73183
44.75,35.0,ascending,234.097
44.75,35.25,ascending,221.84999
44.75,35.5,ascending,218.25
44.75,35.75,ascending,208.46555
44.75,36.0,ascending,202.6611
44.75,36.25,ascending,201.55374
44.75,36.5,ascending,201.745
44.75,36.75,ascending,200.35143
44.75,37.0,ascending,202.18625
44.75,37.25,ascending,205.50856
44.75,37.5,ascending,224.97856
44.75,37.75,ascending,242.29857
44.75,38.0,ascending,260.08
45.0,-13.0,ascending,189.96333
45.0,-12.75,ascending,189.82555
45.0,-12.5,ascending,189.70749
45.0,-12.25,ascending,189.52666
45.0,-12.0,ascending,189.35374
45.0,-11.75,ascending,189.25835
45.0,-11.5,ascending,189.33374
45.0,-11.25,ascending,189.685
45.0,-11.0,ascending,190.09714
45.0,-10.75,ascending,190.44167
45.0,-10.5,ascending,190.83499
45.0,-10.25,ascending,191.08
45.0,-10.0,ascending,191.26572
45.0,-9.75,ascending,191.67
45.0,-9.5,ascending,192.09428
45.0,-9.25,ascending,192.59166
45.0,-9.0,ascending,193.22333
45.0,-8.75,ascending,194.00166
45.0,-8.5,ascending,194.86
45.0,-8.25,ascending,195.67
45.0,-8.0,ascending,196.12
45.0,-7.75,ascending,196.252
45.0,-7.5,ascending,196.45833
45.0,-7.25,ascending,196.96571
45.0,-7.0,ascending,197.45667
45.0,-6.75,ascending,197.75334
45.0,-6.5,ascending,197.90857
45.0,-6.25,ascending,197.59332
45.0,-6.0,ascending,197.16667
45.0,-5.75,ascending,196.93428
45.0,-5.5,ascending,196.52832
45.0,-5.25,ascending,196.02832
45.0,-5.0,ascending,195.88713
45.0,-4.75,ascending,196.224
45.0,-4.5,ascending,197.114
45.0,-4.25,ascending,197.69429
45.0,-4.0,ascending,198.19666
45.0,-3.75,ascending,198.78429
45.0,-3.5,ascending,199.20999
45.0,-3.25,ascending,199.69165
45.0,-3.0,ascending,200.41713
45.0,-2.75,ascending,200.66833
45.0,-2.5,ascending,200.57143
45.0,-2.25,ascending,200.06857
45.0,-2.0,ascending,199.27167
45.0,-1.75,ascending,199.48856
45.0,-1.5,ascending,204.69165
45.0,-1.25,ascending,226.45143
45.0,-1.0,ascending,261.22858
45.0,-0.75,ascending,279.71832
45.0,-0.5,ascending,287.33875
45.0,-0.25,ascending,291.14166
45.0,0.0,ascending,292.1657
45.0,0.25,ascending,292.15427
45.0,0.5,ascending,291.77124
45.0,0.75,ascending,291.30856
45.0,1.0,ascending,290.3678
45.0,1.25,ascending,289.36
45.0,1.5,ascending,288.7111
45.0,1.75,ascending,288.43222
45.0,2.0,ascending,288.516
45.0,2.25,ascending,289.2825
45.0,2.5,ascending,290.67545
45.0,2.75,ascending,291.94888
45.0,3.0,ascending,292.97583
45.0,3.25,ascending,294.13538
45.0,3.5,ascending,295.20248
45.0,3.75,ascending,295.88998
45.0,4.0,ascending,295.87167
45.0,4.25,ascending,295.44528
45.0,4.5,ascending,295.12167
45.0,4.75,ascending,295.06332
45.0,8.5,ascending,288.44363
45.0,8.75,ascending,288.92554
45.0,9.0,ascending,289.6633
45.0,9.25,ascending,290.00583
45.0,9.5,ascending,289.79153
45.0,9.75,ascending,289.656
45.0,10.0,ascending,289.98907
45.0,10.25,ascending,289.486
45.0,10.5,ascending,289.59555
45.0,10.75,ascending,289.664
45.0,11.0,ascending,289.1178
45.0,11.25,ascending,288.86624
45.0,11.5,ascending,287.77625
45.0,11.75,ascending,285.68
45.0,12.0,ascending,279.88248
45.0,12.25,ascending,264.885
45.0,12.5,ascending,243.84999
45.0,12.75,ascending,220.5125
45.0,13.0,ascending,204.34499
45.0,13.25,ascending,199.57143
45.0,13.5,ascending,204.02713
45.0,13.75,ascending,221.0657
45.0,14.0,ascending,239.95375
45.0,14.25,ascending,249.88713
45.0,14.5,ascending,247.765
45.0,14.75,ascending,252.05333
45.0,15.0,ascending,264.43
45.0,15.25,ascending,279.11166
45.0,15.5,ascending,285.0
45.0,15.75,ascending,286.576
45.0,16.0,ascending,286.9814
45.0,16.25,ascending,287.232
45.0,16.5,ascending,287.21335
45.0,16.75,ascending,287.13168
45.0,17.0,ascending,287.00665
45.0,17.25,ascending,286.94333
45.0,17.5,ascending,287.06427
45.0,17.75,ascending,287.08334
45.0,18.0,ascending,287.06665
45.0,18.25,ascending,287.15427
45.0,18.5,ascending,287.34198
45.0,18.75,ascending,287.1557
45.0,19.0,ascending,286.76
45.0,19.25,ascending,286.66666
45.0,19.5,ascending,286.725
45.0,19.75,ascending,286.35333
45.0,20.0,ascending,286.07285
45.0,20.25,ascending,285.70834
45.0,20.5,ascending,285.138
45.0,20.75,ascending,285.81833
45.0,21.0,ascending,287.24286
45.0,21.25,ascending,288.565
45.0,21.5,ascending,288.94284
45.0,21.75,ascending,287.69666
45.0,22.0,ascending,286.22
45.0,22.25,ascending,285.58197
45.0,22.5,ascending,284.70712
45.0,22.75,ascending,284.44144
45.0,23.0,ascending,285.32834
45.0,23.25,ascending,284.99286
45.0,23.5,ascending,284.75858
45.0,23.75,ascending,284.07333
45.0,24.0,ascending,283.83124
45.0,24.25,ascending,283.30286
45.0,24.5,ascending,282.93286
45.0,24.75,ascending,282.66165
45.0,25.0,ascending,282.21124
45.0,25.25,ascending,282.24
45.0,25.5,ascending,282.3857
45.0,25.75,ascending,282.75
45.0,26.0,ascending,282.96124
45.0,26.25,ascending,282.59875
45.0,26.5,ascending,280.50998
45.0,26.75,ascending,278.05444
45.0,27.0,ascending,276.93
45.0,27.25,ascending,277.086
45.0,27.5,ascending,277.522
45.0,27.75,ascending,277.36636
45.0,28.0,ascending,276.0177
45.0,28.25,ascending,273.77536
45.0,28.5,ascending,271.31232
45.0,28.75,ascending,266.56937
45.0,29.0,ascending,261.0495
45.0,29.25,ascending,255.68904
45.0,29.5,ascending,245.44
45.0,33.25,ascending,219.31714
45.0,33.5,ascending,226.23067
45.0,33.75,ascending,241.15874
45.0,34.0,ascending,257.99075
45.0,34.25,ascending,267.25092
45.0,34.5,ascending,269.28543
45.0,34.75,ascending,270.72726
45.0,35.0,ascending,265.409
45.0,35.25,ascending,253.977
45.0,35.5,ascending,245.98553
45.0,35.75,ascending,233.28142
45.0,36.0,ascending,229.26799
45.0,36.25,ascending,228.9525
45.0,36.5,ascending,226.165
45.0,36.75,ascending,218.44858
45.0,37.0,ascending,222.28857
45.0,37.25,ascending,229.88777
45.0,37.5,ascending,247.44666
45.0,37.75,ascending,259.9025
45.0,38.0,ascending,268.715
45.25,-13.0,ascending,190.31665
45.25,-12.75,ascending,190.29713
45.25,-12.5,ascending,190.15428
45.25,-12.25,ascending,189.86874
45.25,-12.0,ascending,189.56624
45.25,-11.75,ascending,189.39143
45.25,-11.5,ascending,189.43166
45.25,-11.25,ascending,189.53572
45.25,-11.0,ascending,189.64667
45.25,-10.75,ascending,189.81667
45.25,-10.5,ascending,189.94167
45.25,-10.25,ascending,190.23167
45.25,-10.0,ascending,190.44429
45.25,-9.75,ascending,190.81714
45.25,-9.5,ascending,191.47166
45.25,-9.25,ascending,192.04
45.25,-9.0,ascending,192.68857
45.25,-8.75,ascending,193.43333
45.25,-8.5,ascending,194.34856
45.25,-8.25,ascending,195.096
45.25,-8.0,ascending,195.19334
45.25,-7.75,ascending,195.22667
45.25,-7.5,ascending,195.44499
45.25,-7.25,ascending,195.898
45.25,-7.0,ascending,196.48499
45.25,-6.75,ascending,197.17334
45.25,-6.5,ascending,197.246
45.25,-6.25,ascending,196.84143
45.25,-6.0,ascending,196.54399
45.25,-5.75,ascending,196.26332
45.25,-5.5,ascending,195.87334
45.25,-5.25,ascending,195.49666
45.25,-5.0,ascending,195.42
45.25,-4.75,ascending,195.88167
45.25,-4.5,ascending,196.77428
45.25,-4.25,ascending,197.53333
45.25,-4.0,ascending,198.08858
45.25,-3.75,ascending,198.84166
45.25,-3.5,ascending,199.84
45.25,-3.25,ascending,201.13428
45.25,-3.0,ascending,202.015
45.25,-2.75,ascending,201.91333
45.25,-2.5,ascending,201.1614
45.25,-2.25,ascending,200.14285
45.25,-2.0,ascending,199.156
45.25,-1.75,ascending,198.76143
45.25,-1.5,ascending,203.89856
45.25,-1.25,ascending,226.702
45.25,-1.0,ascending,255.97571
45.25,-0.75,ascending,278.05
45.25,-0.5,ascending,287.73
45.25,-0.25,ascending,291.5
45.25,0.0,ascending,292.34857
45.25,0.25,ascending,292.1857
45.25,0.5,ascending,291.88748
45.25,0.75,ascending,291.66498
45.25,1.0,ascending,291.42142
45.25,1.25,ascending,290.87283
45.25,1.5,ascending,290.37875
45.25,1.75,ascending,289.73712
45.25,2.0,ascending,289.2989
45.25,2.25,ascending,289.059
45.25,2.5,ascending,289.87375
45.25,2.75,ascending,291.41098
45.25,3.0,ascending,292.8218
45.25,3.25,ascending,293.89398
45.25,3.5,ascending,294.6023
45.25,3.75,ascending,295.0023
45.25,4.0,ascending,295.1213
45.25,4.25,ascending,294.8326
45.25,4.5,ascending,294.4854
45.25,8.25,ascending,286.75
45.25,8.5,ascending,287.28198
45.25,8.75,ascending,287.08398
45.25,9.0,ascending,287.41916
45.25,9.25,ascending,287.7423
45.25,9.5,ascending,287.68417
45.25,9.75,ascending,287.67902
45.25,10.0,ascending,287.87546
45.25,10.25,ascending,287.67
45.25,10.5,ascending,287.728
45.25,10.75,ascending,286.59875
45.25,11.0,ascending,286.0822
45.25,11.25,ascending,286.48123
45.25,11.5,ascending,286.75143
45.25,11.75,ascending,285.75125
45.25,12.0,ascending,278.5825
45.25,12.25,ascending,263.78665
45.25,12.5,ascending,242.22
45.25,12.75,ascending,225.15332
45.25,13.0,ascending,213.51857
45.25,13.25,ascending,210.43286
45.25,13.5,ascending,220.61333
45.25,13.75,ascending,242.25427
45.25,14.0,ascending,259.99832
45.25,14.25,ascending,266.85333
45.25,14.5,ascending,267.0557
45.25,14.75,ascending,271.5
45.25,15.0,ascending,280.778
45.25,15.25,ascending,285.31857
45.25,15.5,ascending,286.83142
45.25,15.75,ascending,287.33
45.25,16.0,ascending,287.4657
45.25,16.25,ascending,287.53
45.25,16.5,ascending,287.58835
45.25,16.75,ascending,287.49332
45.25,17.0,ascending,287.045
45.25,17.25,ascending,286.722
45.25,17.5,ascending,286.80856
45.25,17.75,ascending,287.11002
45.25,18.0,ascending,287.362
45.25,18.25,ascending,287.518
45.25,18.5,ascending,287.37857
45.25,18.75,ascending,286.97498
45.25,19.0,ascending,286.34283
45.25,19.25,ascending,286.47333
45.25,19.5,ascending,286.93997
45.25,19.75,ascending,286.77856
45.25,20.0,ascending,286.668
45.25,20.25,ascending,286.54498
45.25,20.5,ascending,286.21
45.25,20.75,ascending,286.53
45.25,21.0,ascending,287.73428
45.25,21.25,ascending,289.71857
45.25,21.5,ascending,290.35666
45.25,21.75,ascending,289.345
45.25,22.0,ascending,287.74
45.25,22.25,ascending,286.1
45.25,22.5,ascending,284.386
45.25,22.75,ascending,283.50858
45.25,23.0,ascending,283.38715
45.25,23.25,ascending,283.224
45.25,23.5,ascending,283.17572
45.25,23.75,ascending,283.2614
45.25,24.0,ascending,283.11166
45.25,24.25,ascending,282.2
45.25,24.5,ascending,281.625
45.25,24.75,ascending,281.66998
45.25,25.0,ascending,282.1125
45.25,25.25,ascending,282.145
45.25,25.5,ascending,281.56223
45.25,25.75,ascending,281.2357
45.25,26.0,ascending,281.39374
45.25,26.25,ascending,281.54666
45.25,26.5,ascending,280.68
45.25,26.75,ascending,279.37286
45.25,27.0,ascending,278.94666
45.25,27.25,ascending,279.3822
45.25,27.5,ascending,280.4011
45.25,27.75,ascending,280.44635
45.25,28.0,ascending,278.97546
45.25,28.25,ascending,275.8582
45.25,28.5,ascending,273.284
45.25,28.75,ascending,271.75867
45.25,29.0,ascending,269.6739
45.25,29.25,ascending,266.11523
45.25,33.0,ascending,237.75
45.25,33.25,ascending,238.65764
45.25,33.5,ascending,248.48466
45.25,33.75,ascending,260.25922
45.25,34.0,ascending,275.83167
45.25,34.25,ascending,280.64908
45.25,34.5,ascending,283.2958
45.25,34.75,ascending,283.751
45.25,35.0,ascending,278.22223
45.25,35.25,ascending,267.3089
45.25,35.5,ascending,253.85555
45.25,35.75,ascending,246.38124
45.25,36.0,ascending,241.665
45.25,36.25,ascending,242.65428
45.25,36.5,ascending,236.56375
45.25,36.75,ascending,229.88556
45.25,37.0,ascending,228.89429
45.25,37.25,ascending,231.90857
45.25,37.5,ascending,240.7957
45.25,37.75,ascending,244.93001
45.25,38.0,ascending,253.655
45.5,-13.0,ascending,190.4175
45.5,-12.75,ascending,190.42625
45.5,-12.5,ascending,190.30856
45.5,-12.25,ascending,190.10715
45.5,-12.0,ascending,189.88857
45.5,-11.75,ascending,189.79428
45.5,-11.5,ascending,189.71858
45.5,-11.25,ascending,189.6157
45.5,-11.0,ascending,189.50285
45.5,-10.75,ascending,189.47856
45.5,-10.5,ascending,189.55
45.5,-10.25,ascending,189.66875
45.5,-10.0,ascending,189.87
45.5,-9.75,ascending,190.27998
45.5,-9.5,ascending,190.85143
45.5,-9.25,ascending,191.31714
45.5,-9.0,ascending,191.96167
45.5,-8.75,ascending,192.665
45.5,-8.5,ascending,193.4557
45.5,-8.25,ascending,194.02998
45.5,-8.0,ascending,194.2
45.5,-7.75,ascending,194.24834
45.5,-7.5,ascending,194.38332
45.5,-7.25,ascending,194.90833
45.5,-7.0,ascending,195.91833
45.5,-6.75,ascending,196.62666
45.5,-6.5,ascending,196.53
45.5,-6.25,ascending,196.058
45.5,-6.0,ascending,195.76857
45.5,-5.75,ascending,195.51799
45.5,-5.5,ascending,195.21832
45.5,-5.25,ascending,194.94167
45.5,-5.0,ascending,195.03714
45.5,-4.75,ascending,195.44832
45.5,-4.5,ascending,196.4357
45.5,-4.25,ascending,197.49834
45.5,-4.0,ascending,198.0775
45.5,-3.75,ascending,198.70749
45.5,-3.5,ascending,199.95667
45.5,-3.25,ascending,201.228
45.5,-3.0,ascending,202.12999
45.5,-2.75,ascending,201.52498
45.5,-2.5,ascending,200.89833
45.5,-2.25,ascending,200.20857
45.5,-2.0,ascending,199.21715
45.5,-1.75,ascending,199.23499
45.5,-1.5,ascending,204.77428
45.5,-1.25,ascending,225.96124
45.5,-1.0,ascending,259.62
45.5,-0.75,ascending,279.25427
45.5,-0.5,ascending,288.17285
45.5,-0.25,ascending,291.65875
45.5,0.0,ascending,292.29623
45.5,0.25,ascending,292.16855
45.5,0.5,ascending,291.99
45.5,0.75,ascending,291.89285
45.5,1.0,ascending,291.84125
45.5,1.25,ascending,291.72446
45.5,1.5,ascending,291.4822
45.5,1.75,ascending,291.0789
45.5,2.0,ascending,290.7211
45.5,2.25,ascending,290.199
45.5,2.5,ascending,289.977
45.5,2.75,ascending,291.12
45.5,3.0,ascending,292.703
45.5,3.25,ascending,293.7375
45.5,3.5,ascending,294.04614
45.5,3.75,ascending,294.05075
45.5,4.0,ascending,294.03998
45.5,4.25,ascending,293.85895
45.5,4.5,ascending,293.65894
45.5,8.25,ascending,286.34073
45.5,8.5,ascending,286.25775
45.5,8.75,ascending,286.30917
45.5,9.0,ascending,286.51572
45.5,9.25,ascending,286.69583
45.5,9.5,ascending,286.8191
45.5,9.75,ascending,286.924
45.5,10.0,ascending,286.73297
45.5,10.25,ascending,285.46667
45.5,10.5,ascending,283.90665
45.5,10.75,ascending,281.99
45.5,11.0,ascending,282.45334
45.5,11.25,ascending,285.01443
45.5,11.5,ascending,286.8475
45.5,11.75,ascending,285.81714
45.5,12.0,ascending,280.63998
45.5,12.25,ascending,271.3625
45.5,12.5,ascending,259.5475
45.5,12.75,ascending,247.88142
45.5,13.0,ascending,241.3725
45.5,13.25,ascending,235.02428
45.5,13.5,ascending,242.48427
45.5,13.75,ascending,255.65001
45.5,14.0,ascending,270.38284
45.5,14.25,ascending,279.36713
45.5,14.5,ascending,282.90714
45.5,14.75,ascending,284.34833
45.5,15.0,ascending,286.21286
45.5,15.25,ascending,287.12833
45.5,15.5,ascending,287.3343
45.5,15.75,ascending,287.276
45.5,16.0,ascending,287.33
45.5,16.25,ascending,287.62
45.5,16.5,ascending,287.8643
45.5,16.75,ascending,287.67398
45.5,17.0,ascending,287.02832
45.5,17.25,ascending,286.69144
45.5,17.5,ascending,286.83572
45.5,17.75,ascending,287.29333
45.5,18.0,ascending,287.51572
45.5,18.25,ascending,287.33334
45.5,18.5,ascending,286.94833
45.5,18.75,ascending,286.4883
45.5,19.0,ascending,286.11
45.5,19.25,ascending,286.87668
45.5,19.5,ascending,287.50858
45.5,19.75,ascending,287.60602
45.5,20.0,ascending,287.63666
45.5,20.25,ascending,287.80286
45.5,20.5,ascending,287.94165
45.5,20.75,ascending,287.645
45.5,21.0,ascending,288.37427
45.5,21.25,ascending,290.11285
45.5,21.5,ascending,290.76572
45.5,21.75,ascending,290.08835
45.5,22.0,ascending,288.76498
45.5,22.25,ascending,286.7257
45.5,22.5,ascending,284.53998
45.5,22.75,ascending,283.375
45.5,23.0,ascending,282.52286
45.5,23.25,ascending,282.21286
45.5,23.5,ascending,282.95285
45.5,23.75,ascending,283.9883
45.5,24.0,ascending,283.69
45.5,24.25,ascending,282.88284
45.5,24.5,ascending,281.325
45.5,24.75,ascending,280.7957
45.5,25.0,ascending,281.62
45.5,25.25,ascending,281.84875
45.5,25.5,ascending,280.35428
45.5,25.75,ascending,279.52426
45.5,26.0,ascending,279.34625
45.5,26.25,ascending,280.14716
45.5,26.5,ascending,280.65
45.5,26.75,ascending,281.02
45.5,27.0,ascending,281.61218
45.5,27.25,ascending,283.06726
45.5,27.5,ascending,283.995
45.5,27.75,ascending,284.32
45.5,28.0,ascending,283.94693
45.5,28.25,ascending,282.44357
45.5,28.5,ascending,280.9946
45.5,28.75,ascending,280.49374
45.5,29.0,ascending,278.52182
45.5,29.25,ascending,276.055
45.5,33.0,ascending,247.28883
45.5,33.25,ascending,260.32532
45.5,33.5,ascending,271.615
45.5,33.75,ascending,279.98077
45.5,34.0,ascending,285.75415
45.5,34.25,ascending,288.1
45.5,34.5,ascending,286.8918
45.5,34.75,ascending,280.45224
45.5,35.0,ascending,269.01334
45.5,35.25,ascending,247.475
45.5,35.5,ascending,227.15
45.5,35.75,ascending,218.0211
45.5,36.0,ascending,214.94429
45.5,36.25,ascending,217.90999
45.5,36.5,ascending,213.565
45.5,36.75,ascending,211.29834
45.5,37.0,ascending,210.20374
45.5,37.25,ascending,210.19142
45.5,37.5,ascending,217.22556
45.5,37.75,ascending,228.31831
45.5,38.0,ascending,238.09
45.75,-13.0,ascending,190.11249
45.75,-12.75,ascending,190.185
45.75,-12.5,ascending,190.285
45.75,-12.25,ascending,190.29668
45.75,-12.0,ascending,190.27625
45.75,-11.75,ascending,190.21999
45.75,-11.5,ascending,190.01332
45.75,-11.25,ascending,189.78667
45.75,-11.0,ascending,189.54167
45.75,-10.75,ascending,189.38666
45.75,-10.5,ascending,189.36856
45.75,-10.25,ascending,189.43
45.75,-10.0,ascending,189.66713
45.75,-9.75,ascending,189.99834
45.75,-9.5,ascending,190.37
45.75,-9.25,ascending,190.74199
45.75,-9.0,ascending,191.21501
45.75,-8.75,ascending,191.86398
45.75,-8.5,ascending,192.30666
45.75,-8.25,ascending,192.72833
45.75,-8.0,ascending,193.12143
45.75,-7.75,ascending,193.33167
45.75,-7.5,ascending,193.608
45.75,-7.25,ascending,194.24666
45.75,-7.0,ascending,195.10167
45.75,-6.75,ascending,195.55333
45.75,-6.5,ascending,195.478
45.75,-6.25,ascending,195.14285
45.75,-6.0,ascending,194.824
45.75,-5.75,ascending,194.565
45.75,-5.5,ascending,194.42665
45.75,-5.25,ascending,194.40799
45.75,-5.0,ascending,194.55666
45.75,-4.75,ascending,194.96
45.75,-4.5,ascending,196.134
45.75,-4.25,ascending,197.27798
45.75,-4.0,ascending,197.72142
45.75,-3.75,ascending,198.435
45.75,-3.5,ascending,199.56714
45.75,-3.25,ascending,200.40498
45.75,-3.0,ascending,200.65572
45.75,-2.75,ascending,200.29999
45.75,-2.5,ascending,200.16333
45.75,-2.25,ascending,200.15833
45.75,-2.0,ascending,200.26143
45.75,-1.75,ascending,202.55666
45.75,-1.5,ascending,210.29167
45.75,-1.25,ascending,231.324
45.75,-1.0,ascending,259.21286
45.75,-0.75,ascending,283.41
45.75,-0.5,ascending,289.84
45.75,-0.25,ascending,291.835
45.75,0.0,ascending,292.32285
45.75,0.25,ascending,292.45142
45.75,0.5,ascending,292.44623
45.75,0.75,ascending,292.34125
45.75,1.0,ascending,292.12875
45.75,1.25,ascending,292.00998
45.75,1.5,ascending,292.01
45.75,1.75,ascending,291.87625
45.75,2.0,ascending,291.90125
45.75,2.25,ascending,292.0625
45.75,2.5,ascending,291.954
45.75,2.75,ascending,292.247
45.75,3.0,ascending,292.938
45.75,3.25,ascending,293.56363
45.75,3.5,ascending,293.66583
45.75,3.75,ascending,293.59
45.75,4.0,ascending,293.5906
45.75,4.25,ascending,293.5021
45.75,4.5,ascending,293.2807
45.75,8.0,ascending,284.6083
45.75,8.25,ascending,285.11664
45.75,8.5,ascending,284.20535
45.75,8.75,ascending,283.89078
45.75,9.0,ascending,284.39084
45.75,9.25,ascending,284.11545
45.75,9.5,ascending,284.6918
45.75,9.75,ascending,285.28113
45.75,10.0,ascending,285.253
45.75,10.25,ascending,284.46332
45.75,10.5,ascending,283.0411
45.75,10.75,ascending,283.505
45.75,11.0,ascending,284.21375
45.75,11.25,ascending,286.65375
45.75,11.5,ascending,287.62625
45.75,11.75,ascending,287.49374
45.75,12.0,ascending,285.44144
45.75,12.25,ascending,283.7457
45.75,12.5,ascending,279.17715
45.75,12.75,ascending,273.81332
45.75,13.0,ascending,270.72427
45.75,13.25,ascending,264.645
45.75,13.5,ascending,268.34
45.75,13.75,ascending,274.19144
45.75,14.0,ascending,284.11142
45.75,14.25,ascending,286.852
45.75,14.5,ascending,287.775
45.75,14.75,ascending,287.66855
45.75,15.0,ascending,287.61
45.75,15.25,ascending,287.636
45.75,15.5,ascending,287.46335
45.75,15.75,ascending,287.30167
45.75,16.0,ascending,287.362
45.75,16.25,ascending,287.53
45.75,16.5,ascending,287.585
45.75,16.75,ascending,287.245
45.75,17.0,ascending,286.9
45.75,17.25,ascending,286.95248
45.75,17.5,ascending,287.44144
45.75,17.75,ascending,287.78598
45.75,18.0,ascending,287.50998
45.75,18.25,ascending,286.985
45.75,18.5,ascending,286.84198
45.75,18.75,ascending,286.58572
45.75,19.0,ascending,286.50998
45.75,19.25,ascending,287.21667
45.75,19.5,ascending,287.694
45.75,19.75,ascending,288.1083
45.75,20.0,ascending,288.41666
45.75,20.25,ascending,288.71
45.75,20.5,ascending,289.01285
45.75,20.75,ascending,289.03998
45.75,21.0,ascending,289.4575
45.75,21.25,ascending,290.2525
45.75,21.5,ascending,290.46
45.75,21.75,ascending,289.91165
45.75,22.0,ascending,288.66855
45.75,22.25,ascending,286.58334
45.75,22.5,ascending,284.37997
45.75,22.75,ascending,283.12997
45.75,23.0,ascending,282.41855
45.75,23.25,ascending,282.10602
45.75,23.5,ascending,283.7314
45.75,23.75,ascending,285.62167
45.75,24.0,ascending,285.83124
45.75,24.25,ascending,284.88498
45.75,24.5,ascending,283.44855
45.75,24.75,ascending,281.875
45.75,25.0,ascending,282.095
45.75,25.25,ascending,281.90857
45.75,25.5,ascending,279.67856
45.75,25.75,ascending,277.315
45.75,26.0,ascending,276.88
45.75,26.25,ascending,278.1411
45.75,26.5,ascending,279.43875
45.75,26.75,ascending,280.61374
45.75,27.0,ascending,282.02454
45.75,27.25,ascending,284.04376
45.75,27.5,ascending,285.564
45.75,27.75,ascending,286.2118
45.75,28.0,ascending,286.357
45.75,28.25,ascending,286.44498
45.75,28.5,ascending,286.35248
45.75,28.75,ascending,286.228
45.75,29.0,ascending,285.23398
45.75,29.25,ascending,283.60748
45.75,32.75,ascending,220.33374
45.75,33.0,ascending,226.61777
45.75,33.25,ascending,239.12132
45.75,33.5,ascending,255.305
45.75,33.75,ascending,263.29767
45.75,34.0,ascending,271.52365
45.75,34.25,ascending,277.529
45.75,34.5,ascending,272.6527
45.75,34.75,ascending,259.71332
45.75,35.0,ascending,244.385
45.75,35.25,ascending,223.28667
45.75,35.5,ascending,207.72556
45.75,35.75,ascending,200.61249
45.75,36.0,ascending,198.99374
45.75,36.25,ascending,198.81142
45.75,36.5,ascending,198.12572
45.75,36.75,ascending,198.08499
45.75,37.0,ascending,198.38666
45.75,37.25,ascending,199.69429
45.75,37.5,ascending,205.31857
45.75,37.75,ascending,216.625
45.75,38.0,ascending,223.9375
46.0,-13.0,ascending,189.69666
46.0,-12.75,ascending,189.90428
46.0,-12.5,ascending,190.14624
46.0,-12.25,ascending,190.33571
46.0,-12.0,ascending,190.43166
46.0,-11.75,ascending,190.42624
46.0,-11.5,ascending,190.26285
46.0,-11.25,ascending,190.01
46.0,-11.0,ascending,189.72833
46.0,-10.75,ascending,189.47714
46.0,-10.5,ascending,189.33998
46.0,-10.25,ascending,189.38142
46.0,-10.0,ascending,189.56714
46.0,-9.75,ascending,189.812
46.0,-9.5,ascending,190.08286
46.0,-9.25,ascending,190.39166
46.0,-9.0,ascending,190.80165
46.0,-8.75,ascending,191.21
46.0,-8.5,ascending,191.51
46.0,-8.25,ascending,191.90833
46.0,-8.0,ascending,192.27498
46.0,-7.75,ascending,192.41833
46.0,-7.5,ascending,192.77498
46.0,-7.25,ascending,193.37
46.0,-7.0,ascending,193.99199
46.0,-6.75,ascending,194.03333
46.0,-6.5,ascending,194.24142
46.0,-6.25,ascending,193.99399
46.0,-6.0,ascending,193.64429
46.0,-5.75,ascending,193.33667
46.0,-5.5,ascending,193.43834
46.0,-5.25,ascending,193.54832
46.0,-5.0,ascending,193.9557
46.0,-4.75,ascending,194.762
46.0,-4.5,ascending,195.72166
46.0,-4.25,ascending,196.59666
46.0,-4.0,ascending,197.07143
46.0,-3.75,ascending,198.37572
46.0,-3.5,ascending,199.59833
46.0,-3.25,ascending,199.6657
46.0,-3.0,ascending,199.36165
46.0,-2.75,ascending,199.315
46.0,-2.5,ascending,199.86427
46.0,-2.25,ascending,201.33286
46.0,-2.0,ascending,204.01833
46.0,-1.75,ascending,210.90833
46.0,-1.5,ascending,222.575
46.0,-1.25,ascending,242.75667
46.0,-1.0,ascending,265.7143
46.0,-0.75,ascending,283.06
46.0,-0.5,ascending,289.96573
46.0,-0.25,ascending,291.58167
46.0,0.0,ascending,292.13428
46.0,0.25,ascending,292.55716
46.0,0.5,ascending,292.8675
46.0,0.75,ascending,293.04144
46.0,1.0,ascending,292.74625
46.0,1.25,ascending,292.46445
46.0,1.5,ascending,292.47998
46.0,1.75,ascending,292.61298
46.0,2.0,ascending,292.78333
46.0,2.25,ascending,293.18777
46.0,2.5,ascending,293.461
46.0,2.75,ascending,293.4282
46.0,3.0,ascending,293.53415
46.0,3.25,ascending,293.73767
46.0,3.5,ascending,293.69998
46.0,3.75,ascending,293.51306
46.0,4.0,ascending,293.47498
46.0,4.25,ascending,293.48907
46.0,4.5,ascending,293.359
46.0,7.75,ascending,282.51
46.0,8.0,ascending,282.49704
46.0,8.25,ascending,282.5806
46.0,8.5,ascending,282.05582
46.0,8.75,ascending,281.35416
46.0,9.0,ascending,281.06665
46.0,9.25,ascending,281.69727
46.0,9.5,ascending,282.675
46.0,9.75,ascending,284.149
46.0,10.0,ascending,285.38898
46.0,10.25,ascending,285.82285
46.0,10.5,ascending,285.8009
46.0,10.75,ascending,286.26428
46.0,11.0,ascending,286.84125
46.0,11.25,ascending,287.99875
46.0,11.5,ascending,288.55124
46.0,11.75,ascending,288.645
46.0,12.0,ascending,288.09778
46.0,12.25,ascending,287.33167
46.0,12.5,ascending,286.5275
46.0,12.75,ascending,285.22998
46.0,13.0,ascending,284.09332
46.0,13.25,ascending,283.43857
46.0,13.5,ascending,285.09
46.0,13.75,ascending,286.2543
46.0,14.0,ascending,287.66666
46.0,14.25,ascending,288.03833
46.0,14.5,ascending,288.09
46.0,14.75,ascending,287.96
46.0,15.0,ascending,287.88284
46.0,15.25,ascending,287.88165
46.0,15.5,ascending,287.85715
46.0,15.75,ascending,287.6783
46.0,16.0,ascending,287.35715
46.0,16.25,ascending,287.03998
46.0,16.5,ascending,286.87997
46.0,16.75,ascending,286.69666
46.0,17.0,ascending,286.86142
46.0,17.25,ascending,287.45667
46.0,17.5,ascending,287.97
46.0,17.75,ascending,287.796
46.0,18.0,ascending,287.02713
46.0,18.25,ascending,286.692
46.0,18.5,ascending,286.94998
46.0,18.75,ascending,286.942
46.0,19.0,ascending,286.90427
46.0,19.25,ascending,287.378
46.0,19.5,ascending,287.88666
46.0,19.75,ascending,288.46
46.0,20.0,ascending,288.67572
46.0,20.25,ascending,288.666
46.0,20.5,ascending,289.27
46.0,20.75,ascending,289.665
46.0,21.0,ascending,289.86002
46.0,21.25,ascending,290.20572
46.0,21.5,ascending,290.28998
46.0,21.75,ascending,289.65
46.0,22.0,ascending,288.38715
46.0,22.25,ascending,286.33286
46.0,22.5,ascending,283.94333
46.0,22.75,ascending,282.93
46.0,23.0,ascending,282.87714
46.0,23.25,ascending,282.62
46.0,23.5,ascending,284.58856
46.0,23.75,ascending,287.0357
46.0,24.0,ascending,287.67856
46.0,24.25,ascending,286.9114
46.0,24.5,ascending,285.38284
46.0,24.75,ascending,283.9
46.0,25.0,ascending,283.4075
46.0,25.25,ascending,282.87
46.0,25.5,ascending,280.45776
46.0,25.75,ascending,277.88
46.0,26.0,ascending,276.74625
46.0,26.25,ascending,277.28876
46.0,26.5,ascending,278.55444
46.0,26.75,ascending,279.86887
46.0,27.0,ascending,281.48666
46.0,27.25,ascending,283.701
46.0,27.5,ascending,285.81168
46.0,27.75,ascending,286.60544
46.0,28.0,ascending,286.66306
46.0,28.25,ascending,286.87845
46.0,28.5,ascending,287.33118
46.0,28.75,ascending,287.60236
46.0,29.0,ascending,287.24695
46.0,29.25,ascending,286.5357
46.0,32.5,ascending,228.32999
46.0,32.75,ascending,221.58
46.0,33.0,ascending,223.85466
46.0,33.25,ascending,226.78333
46.0,33.5,ascending,236.81357
46.0,33.75,ascending,248.06818
46.0,34.0,ascending,256.65726
46.0,34.25,ascending,259.921
46.0,34.5,ascending,254.906
46.0,34.75,ascending,243.75998
46.0,35.0,ascending,230.225
46.0,35.25,ascending,220.17874
46.0,35.5,ascending,208.6825
46.0,35.75,ascending,205.24571
46.0,36.0,ascending,199.74445
46.0,36.25,ascending,198.23375
46.0,36.5,ascending,196.84999
46.0,36.75,ascending,196.36427
46.0,37.0,ascending,196.27374
46.0,37.25,ascending,197.06999
46.0,37.5,ascending,199.51285
46.0,37.75,ascending,205.58499
46.0,38.0,ascending,213.17334
46.25,-13.0,ascending,189.51
46.25,-12.75,ascending,189.67833
46.25,-12.5,ascending,189.9475
46.25,-12.25,ascending,190.20285
46.25,-12.0,ascending,190.30286
46.25,-11.75,ascending,190.34666
46.25,-11.5,ascending,190.34833
46.25,-11.25,ascending,190.24666
46.25,-11.0,ascending,189.97667
46.25,-10.75,ascending,189.65332
46.25,-10.5,ascending,189.43143
46.25,-10.25,ascending,189.36398
46.25,-10.0,ascending,189.38666
46.25,-9.75,ascending,189.48999
46.25,-9.5,ascending,189.69331
46.25,-9.25,ascending,190.13284
46.25,-9.0,ascending,190.5743
46.25,-8.75,ascending,190.895
46.25,-8.5,ascending,191.11398
46.25,-8.25,ascending,191.392
46.25,-8.0,ascending,191.61333
46.25,-7.75,ascending,191.69
46.25,-7.5,ascending,191.92665
46.25,-7.25,ascending,192.17665
46.25,-7.0,ascending,192.55856
46.25,-6.75,ascending,192.85599
46.25,-6.5,ascending,192.952
46.25,-6.25,ascending,192.788
46.25,-6.0,ascending,192.415
46.25,-5.75,ascending,192.31999
46.25,-5.5,ascending,192.36333
46.25,-5.25,ascending,192.575
46.25,-5.0,ascending,193.44199
46.25,-4.75,ascending,194.13832
46.25,-4.5,ascending,195.05142
46.25,-4.25,ascending,195.91833
46.25,-4.0,ascending,196.54167
46.25,-3.75,ascending,197.81285
46.25,-3.5,ascending,199.35667
46.25,-3.25,ascending,199.63428
46.25,-3.0,ascending,199.14143
46.25,-2.75,ascending,199.295
46.25,-2.5,ascending,200.46799
46.25,-2.25,ascending,206.03
46.25,-2.0,ascending,214.88
46.25,-1.75,ascending,227.79199
46.25,-1.5,ascending,246.65572
46.25,-1.25,ascending,257.9283
46.25,-1.0,ascending,274.89835
46.25,-0.75,ascending,284.35428
46.25,-0.5,ascending,288.59332
46.25,-0.25,ascending,290.4025
46.25,0.0,ascending,291.41284
46.25,0.25,ascending,292.02142
46.25,0.5,ascending,292.6525
46.25,0.75,ascending,293.11856
46.25,1.0,ascending,293.0914
46.25,1.25,ascending,292.93
46.25,1.5,ascending,293.0
46.25,1.75,ascending,293.22998
46.25,2.0,ascending,293.41998
46.25,2.25,ascending,293.5789
46.25,2.5,ascending,293.80334
46.25,2.75,ascending,293.98907
46.25,3.0,ascending,294.05597
46.25,3.25,ascending,294.14273
46.25,3.5,ascending,294.20645
46.25,3.75,ascending,294.04
46.25,4.0,ascending,293.71118
46.25,4.25,ascending,293.58636
46.25,4.5,ascending,293.54166
46.25,7.75,ascending,283.47888
46.25,8.0,ascending,283.43332
46.25,8.25,ascending,283.725
46.25,8.5,ascending,283.96356
46.25,8.75,ascending,283.6782
46.25,9.0,ascending,283.55725
46.25,9.25,ascending,284.45798
46.25,9.5,ascending,284.58298
46.25,9.75,ascending,285.04666
46.25,10.0,ascending,285.17776
46.25,10.25,ascending,285.46375
46.25,10.5,ascending,285.71555
46.25,10.75,ascending,286.41876
46.25,11.0,ascending,287.665
46.25,11.25,ascending,289.04715
46.25,11.5,ascending,289.74374
46.25,11.75,ascending,289.58667
46.25,12.0,ascending,288.87997
46.25,12.25,ascending,287.98428
46.25,12.5,ascending,287.75427
46.25,12.75,ascending,287.65
46.25,13.0,ascending,287.74
46.25,13.25,ascending,288.13858
46.25,13.5,ascending,288.1367
46.25,13.75,ascending,287.86667
46.25,14.0,ascending,287.895
46.25,14.25,ascending,288.03333
46.25,14.5,ascending,288.11572
46.25,14.75,ascending,288.19998
46.25,15.0,ascending,288.24332
46.25,15.25,ascending,288.268
46.25,15.5,ascending,288.05667
46.25,15.75,ascending,287.61667
46.25,16.0,ascending,287.12332
46.25,16.25,ascending,286.88168
46.25,16.5,ascending,286.78143
46.25,16.75,ascending,287.02798
46.25,17.0,ascending,287.26334
46.25,17.25,ascending,287.404
46.25,17.5,ascending,286.8457
46.25,17.75,ascending,285.684
46.25,18.0,ascending,284.94
46.25,18.25,ascending,285.4757
46.25,18.5,ascending,286.654
46.25,18.75,ascending,287.19666
46.25,19.0,ascending,287.22
46.25,19.25,ascending,287.71335
46.25,19.5,ascending,288.46
46.25,19.75,ascending,289.01715
46.25,20.0,ascending,288.8275
46.25,20.25,ascending,288.674
46.25,20.5,ascending,289.20834
46.25,20.75,ascending,289.59
46.25,21.0,ascending,289.7383
46.25,21.25,ascending,290.12286
46.25,21.5,ascending,290.4157
46.25,21.75,ascending,289.998
46.25,22.0,ascending,288.73798
46.25,22.25,ascending,286.9157
46.25,22.5,ascending,284.4114
46.25,22.75,ascending,283.37
46.25,23.0,ascending,283.79
46.25,23.25,ascending,283.99
46.25,23.5,ascending,285.505
46.25,23.75,ascending,287.3643
46.25,24.0,ascending,288.00833
46.25,24.25,ascending,287.19144
46.25,24.5,ascending,286.01498
46.25,24.75,ascending,284.18427
46.25,25.0,ascending,283.22
46.25,25.25,ascending,283.00998
46.25,25.5,ascending,282.01285
46.25,25.75,ascending,280.275
46.25,26.0,ascending,279.07874
46.25,26.25,ascending,278.82
46.25,26.5,ascending,279.1575
46.25,26.75,ascending,280.32776
46.25,27.0,ascending,282.05402
46.25,27.25,ascending,284.132
46.25,27.5,ascending,285.887
46.25,27.75,ascending,286.59454
46.25,28.0,ascending,286.57834
46.25,28.25,ascending,286.50497
46.25,28.5,ascending,286.79428
46.25,28.75,ascending,287.15332
46.25,29.0,ascending,287.05862
46.25,29.25,ascending,287.08334
46.25,32.5,ascending,253.7275
46.25,32.75,ascending,259.29764
46.25,33.0,ascending,261.06
46.25,33.25,ascending,261.31168
46.25,33.5,ascending,264.9123
46.25,33.75,ascending,270.284
46.25,34.0,ascending,268.70273
46.25,34.25,ascending,267.089
46.25,34.5,ascending,267.8822
46.25,34.75,ascending,259.52374
46.25,35.0,ascending,252.852
46.25,35.25,ascending,242.14429
46.25,35.5,ascending,226.9825
46.25,35.75,ascending,219.7675
46.25,36.0,ascending,209.42749
46.25,36.25,ascending,205.04141
46.25,36.5,ascending,201.18001
46.25,36.75,ascending,199.60286
46.25,37.0,ascending,198.74428
46.25,37.25,ascending,197.47166
46.25,37.5,ascending,198.24165
46.25,37.75,ascending,202.06429
46.25,38.0,ascending,208.65666
46.5,-13.0,ascending,189.39333
46.5,-12.75,ascending,189.49284
46.5,-12.5,ascending,189.67714
46.5,-12.25,ascending,189.94286
46.5,-12.0,ascending,190.12285
46.5,-11.75,ascending,190.20166
46.5,-11.5,ascending,190.24857
46.5,-11.25,ascending,190.20714
46.5,-11.0,ascending,190.03
46.5,-10.75,ascending,189.78429
46.5,-10.5,ascending,189.5457
46.5,-10.25,ascending,189.36
46.5,-10.0,ascending,189.21713
46.5,-9.75,ascending,189.204
46.5,-9.5,ascending,189.44666
46.5,-9.25,ascending,189.866
46.5,-9.0,ascending,190.17499
46.5,-8.75,ascending,190.49333
46.5,-8.5,ascending,190.86165
46.5,-8.25,ascending,191.21858
46.5,-8.0,ascending,191.38832
46.5,-7.75,ascending,191.358
46.5,-7.5,ascending,191.325
46.5,-7.25,ascending,191.34666
46.5,-7.0,ascending,191.458
46.5,-6.75,ascending,191.61142
46.5,-6.5,ascending,191.89166
46.5,-6.25,ascending,191.705
46.5,-6.0,ascending,191.698
46.5,-5.75,ascending,191.67499
46.5,-5.5,ascending,191.63832
46.5,-5.25,ascending,192.01999
46.5,-5.0,ascending,192.79141
46.5,-4.75,ascending,193.35571
46.5,-4.5,ascending,194.01332
46.5,-4.25,ascending,195.25832
46.5,-4.0,ascending,196.23749
46.5,-3.75,ascending,196.97
46.5,-3.5,ascending,198.256
46.5,-3.25,ascending,199.12334
46.5,-3.0,ascending,199.05713
46.5,-2.75,ascending,199.65166
46.5,-2.5,ascending,202.80998
46.5,-2.25,ascending,215.515
46.5,-2.0,ascending,232.03166
46.5,-1.75,ascending,250.11284
46.5,-1.5,ascending,269.405
46.5,-1.25,ascending,276.4725
46.5,-1.0,ascending,281.94858
46.5,-0.75,ascending,285.70667
46.5,-0.5,ascending,287.755
46.5,-0.25,ascending,289.55286
46.5,0.0,ascending,290.5914
46.5,0.25,ascending,291.27124
46.5,0.5,ascending,291.96573
46.5,0.75,ascending,292.58124
46.5,1.0,ascending,292.46667
46.5,1.25,ascending,292.3222
46.5,1.5,ascending,292.84222
46.5,1.75,ascending,293.30997
46.5,2.0,ascending,293.6125
46.5,2.25,ascending,293.757
46.5,2.5,ascending,293.8218
46.5,2.75,ascending,293.998
46.5,3.0,ascending,294.29727
46.5,3.25,ascending,294.55923
46.5,3.5,ascending,294.7793
46.5,3.75,ascending,294.76846
46.5,4.0,ascending,294.3345
46.5,4.25,ascending,293.90042
46.5,4.5,ascending,293.77
46.5,7.5,ascending,284.68002
46.5,7.75,ascending,283.6378
46.5,8.0,ascending,282.91376
46.5,8.25,ascending,282.51923
46.5,8.5,ascending,282.83084
46.5,8.75,ascending,283.70697
46.5,9.0,ascending,284.44666
46.5,9.25,ascending,284.94998
46.5,9.5,ascending,285.18698
46.5,9.75,ascending,285.21698
46.5,10.0,ascending,285.29553
46.5,10.25,ascending,285.31873
46.5,10.5,ascending,285.77332
46.5,10.75,ascending,286.75143
46.5,11.0,ascending,288.16666
46.5,11.25,ascending,289.57834
46.5,11.5,ascending,290.26776
46.5,11.75,ascending,290.2075
46.5,12.0,ascending,289.69144
46.5,12.25,ascending,288.975
46.5,12.5,ascending,288.67
46.5,12.75,ascending,288.6957
46.5,13.0,ascending,288.88126
46.5,13.25,ascending,288.97858
46.5,13.5,ascending,288.81497
46.5,13.75,ascending,288.52664
46.5,14.0,ascending,288.3157
46.5,14.25,ascending,288.32
46.5,14.5,ascending,288.6057
46.5,14.75,ascending,288.818
46.5,15.0,ascending,288.7386
46.5,15.25,ascending,288.47165
46.5,15.5,ascending,288.09332
46.5,15.75,ascending,287.6
46.5,16.0,ascending,287.37997
46.5,16.25,ascending,287.628
46.5,16.5,ascending,287.9957
46.5,16.75,ascending,288.335
46.5,17.0,ascending,287.81
46.5,17.25,ascending,285.9883
46.5,17.5,ascending,283.418
46.5,17.75,ascending,281.395
46.5,18.0,ascending,281.78665
46.5,18.25,ascending,282.75333
46.5,18.5,ascending,285.955
46.5,18.75,ascending,287.31998
46.5,19.0,ascending,287.54166
46.5,19.25,ascending,288.235
46.5,19.5,ascending,289.18
46.5,19.75,ascending,289.505
46.5,20.0,ascending,289.11285
46.5,20.25,ascending,288.79144
46.5,20.5,ascending,289.21167
46.5,20.75,ascending,289.49332
46.5,21.0,ascending,289.6157
46.5,21.25,ascending,289.975
46.5,21.5,ascending,290.39142
46.5,21.75,ascending,290.10834
46.5,22.0,ascending,289.06998
46.5,22.25,ascending,287.24332
46.5,22.5,ascending,285.545
46.5,22.75,ascending,284.29855
46.5,23.0,ascending,284.80667
46.5,23.25,ascending,285.21857
46.5,23.5,ascending,286.1743
46.5,23.75,ascending,287.25998
46.5,24.0,ascending,287.2275
46.5,24.25,ascending,286.2383
46.5,24.5,ascending,285.2543
46.5,24.75,ascending,283.735
46.5,25.0,ascending,282.10333
46.5,25.25,ascending,282.06833
46.5,25.5,ascending,282.421
46.5,25.75,ascending,281.8514
46.5,26.0,ascending,281.0133
46.5,26.25,ascending,280.98373
46.5,26.5,ascending,281.70898
46.5,26.75,ascending,282.53223
46.5,27.0,ascending,283.38666
46.5,27.25,ascending,284.9
46.5,27.5,ascending,285.87582
46.5,27.75,ascending,286.14
46.5,28.0,ascending,285.86615
46.5,28.25,ascending,284.93286
46.5,28.5,ascending,284.26056
46.5,28.75,ascending,284.08765
46.5,29.0,ascending,284.23584
46.5,32.25,ascending,265.32
46.5,32.5,ascending,268.75262
46.5,32.75,ascending,275.51666
46.5,33.0,ascending,280.02664
46.5,33.25,ascending,282.29666
46.5,33.5,ascending,283.26584
46.5,33.75,ascending,283.648
46.5,34.0,ascending,282.996
46.5,34.25,ascending,282.34818
46.5,34.5,ascending,282.70776
46.5,34.75,ascending,279.39124
46.5,35.0,ascending,275.2111
46.5,35.25,ascending,265.02
46.5,35.5,ascending,253.61887
46.5,35.75,ascending,243.97285
46.5,36.0,ascending,235.36334
46.5,36.25,ascending,227.06831
46.5,36.5,ascending,221.9311
46.5,36.75,ascending,215.40666
46.5,37.0,ascending,214.32375
46.5,37.25,ascending,207.94142
46.5,37.5,ascending,206.9325
46.5,37.75,ascending,211.205
46.5,38.0,ascending,218.45
46.75,-13.0,ascending,189.34332
46.75,-12.75,ascending,189.36665
46.75,-12.5,ascending,189.55856
46.75,-12.25,ascending,189.80142
46.75,-12.0,ascending,189.95166
46.75,-11.75,ascending,190.0
46.75,-11.5,ascending,189.98833
46.75,-11.25,ascending,189.96501
46.75,-11.0,ascending,189.93143
46.75,-10.75,ascending,189.83
46.75,-10.5,ascending,189.67833
46.75,-10.25,ascending,189.48167
46.75,-10.0,ascending,189.235
46.75,-9.75,ascending,189.09999
46.75,-9.5,ascending,189.18834
46.75,-9.25,ascending,189.415
46.75,-9.0,ascending,189.72333
46.75,-8.75,ascending,190.16
46.75,-8.5,ascending,190.62715
46.75,-8.25,ascending,191.09
46.75,-8.0,ascending,191.30165
46.75,-7.75,ascending,191.34001
46.75,-7.5,ascending,191.17
46.75,-7.25,ascending,190.96333
46.75,-7.0,ascending,190.79428
46.75,-6.75,ascending,190.73999
46.75,-6.5,ascending,190.85571
46.75,-6.25,ascending,190.972
46.75,-6.0,ascending,191.07143
46.75,-5.75,ascending,191.09
46.75,-5.5,ascending,191.194
46.75,-5.25,ascending,191.495
46.75,-5.0,ascending,192.055
46.75,-4.75,ascending,192.35399
46.75,-4.5,ascending,192.91998
46.75,-4.25,ascending,194.67
46.75,-4.0,ascending,195.78499
46.75,-3.75,ascending,195.92714
46.75,-3.5,ascending,197.075
46.75,-3.25,ascending,198.745
46.75,-3.0,ascending,199.74333
46.75,-2.75,ascending,201.21
46.75,-2.5,ascending,207.78
46.75,-2.25,ascending,223.054
46.75,-2.0,ascending,249.07332
46.75,-1.75,ascending,269.5186
46.75,-1.5,ascending,281.50714
46.75,-1.25,ascending,284.93668
46.75,-1.0,ascending,286.30713
46.75,-0.75,ascending,287.15164
46.75,-0.5,ascending,288.46857
46.75,-0.25,ascending,289.48166
46.75,0.0,ascending,290.3522
46.75,0.25,ascending,290.82666
46.75,0.5,ascending,291.40625
46.75,0.75,ascending,291.97
46.75,1.0,ascending,292.0225
46.75,1.25,ascending,291.85666
46.75,1.5,ascending,292.28375
46.75,1.75,ascending,292.94223
46.75,2.0,ascending,293.28113
46.75,2.25,ascending,293.59332
46.75,2.5,ascending,293.85443
46.75,2.75,ascending,293.93597
46.75,3.0,ascending,294.12915
46.75,3.25,ascending,294.477
46.75,3.5,ascending,294.83066
46.75,3.75,ascending,295.05267
46.75,4.0,ascending,294.90945
46.75,4.25,ascending,294.42047
46.75,7.5,ascending,286.2747
46.75,7.75,ascending,285.30197
46.75,8.0,ascending,284.34357
46.75,8.25,ascending,284.02414
46.75,8.5,ascending,283.27585
46.75,8.75,ascending,283.34454
46.75,9.0,ascending,284.04544
46.75,9.25,ascending,285.06665
46.75,9.5,ascending,285.98666
46.75,9.75,ascending,286.435
46.75,10.0,ascending,286.30283
46.75,10.25,ascending,285.985
46.75,10.5,ascending,286.05
46.75,10.75,ascending,286.5914
46.75,11.0,ascending,286.95374
46.75,11.25,ascending,288.06284
46.75,11.5,ascending,288.95428
46.75,11.75,ascending,289.35715
46.75,12.0,ascending,289.16666
46.75,12.25,ascending,288.44855
46.75,12.5,ascending,288.2983
46.75,12.75,ascending,287.92166
46.75,13.0,ascending,287.98856
46.75,13.25,ascending,288.18167
46.75,13.5,ascending,288.24713
46.75,13.75,ascending,288.30402
46.75,14.0,ascending,288.60666
46.75,14.25,ascending,289.145
46.75,14.5,ascending,289.452
46.75,14.75,ascending,289.38284
46.75,15.0,ascending,289.12997
46.75,15.25,ascending,288.72427
46.75,15.5,ascending,288.13284
46.75,15.75,ascending,287.63202
46.75,16.0,ascending,287.74167
46.75,16.25,ascending,288.415
46.75,16.5,ascending,289.05167
46.75,16.75,ascending,289.20166
46.75,17.0,ascending,288.05167
46.75,17.25,ascending,285.72333
46.75,17.5,ascending,282.51855
46.75,17.75,ascending,280.0525
46.75,18.0,ascending,279.4883
46.75,18.25,ascending,282.306
46.75,18.5,ascending,286.0
46.75,18.75,ascending,287.52597
46.75,19.0,ascending,287.51834
46.75,19.25,ascending,288.244
46.75,19.5,ascending,289.46
46.75,19.75,ascending,289.56143
46.75,20.0,ascending,289.16165
46.75,20.25,ascending,288.78143
46.75,20.5,ascending,288.94333
46.75,20.75,ascending,289.31143
46.75,21.0,ascending,289.525
46.75,21.25,ascending,289.55832
46.75,21.5,ascending,289.51285
46.75,21.75,ascending,289.28
46.75,22.0,ascending,288.4
46.75,22.25,ascending,287.236
46.75,22.5,ascending,286.05
46.75,22.75,ascending,285.46573
46.75,23.0,ascending,285.90833
46.75,23.25,ascending,286.23666
46.75,23.5,ascending,286.6133
46.75,23.75,ascending,286.99
46.75,24.0,ascending,286.42667
46.75,24.25,ascending,285.19873
46.75,24.5,ascending,284.56332
46.75,24.75,ascending,283.47876
46.75,25.0,ascending,281.97714
46.75,25.25,ascending,282.03287
46.75,25.5,ascending,282.5543
46.75,25.75,ascending,282.27
46.75,26.0,ascending,281.80875
46.75,26.25,ascending,282.235
46.75,26.5,ascending,283.21573
46.75,26.75,ascending,283.7989
46.75,27.0,ascending,284.044
46.75,27.25,ascending,284.47778
46.75,27.5,ascending,284.85898
46.75,27.75,ascending,284.77728
46.75,28.0,ascending,283.75232
46.75,28.25,ascending,281.72916
46.75,28.5,ascending,279.45312
46.75,28.75,ascending,278.6126
46.75,29.0,ascending,279.1139
46.75,32.25,ascending,271.48334
46.75,32.5,ascending,275.43234
46.75,32.75,ascending,279.51462
46.75,33.0,ascending,282.03693
46.75,33.25,ascending,283.13455
46.75,33.5,ascending,282.66083
46.75,33.75,ascending,282.29553
46.75,34.0,ascending,282.8611
46.75,34.25,ascending,283.73776
46.75,34.5,ascending,284.92664
46.75,34.75,ascending,284.96857
46.75,35.0,ascending,283.274
46.75,35.25,ascending,279.1243
46.75,35.5,ascending,276.21625
46.75,35.75,ascending,269.08142
46.75,36.0,ascending,270.31143
46.75,36.25,ascending,259.0114
46.75,36.5,ascending,259.42142
46.75,36.75,ascending,248.97714
46.75,37.0,ascending,242.93834
46.75,37.25,ascending,235.02124
46.75,37.5,ascending,228.81
46.75,37.75,ascending,224.68834
46.75,38.0,ascending,226.35333
47.0,-13.0,ascending,189.52998
47.0,-12.75,ascending,189.46286
47.0,-12.5,ascending,189.48125
47.0,-12.25,ascending,189.62166
47.0,-12.0,ascending,189.70142
47.0,-11.75,ascending,189.75874
47.0,-11.5,ascending,189.80666
47.0,-11.25,ascending,189.81667
47.0,-11.0,ascending,189.79167
47.0,-10.75,ascending,189.78142
47.0,-10.5,ascending,189.754
47.0,-10.25,ascending,189.65144
47.0,-10.0,ascending,189.42833
47.0,-9.75,ascending,189.20833
47.0,-9.5,ascending,189.08571
47.0,-9.25,ascending,189.11665
47.0,-9.0,ascending,189.31
47.0,-8.75,ascending,189.68834
47.0,-8.5,ascending,190.15498
47.0,-8.25,ascending,190.66333
47.0,-8.0,ascending,190.99165
47.0,-7.75,ascending,191.172
47.0,-7.5,ascending,191.04668
47.0,-7.25,ascending,190.86833
47.0,-7.0,ascending,190.66333
47.0,-6.75,ascending,190.51332
47.0,-6.5,ascending,190.43333
47.0,-6.25,ascending,190.40428
47.0,-6.0,ascending,190.344
47.0,-5.75,ascending,190.40498
47.0,-5.5,ascending,190.45667
47.0,-5.25,ascending,190.74857
47.0,-5.0,ascending,191.22
47.0,-4.75,ascending,191.60333
47.0,-4.5,ascending,192.44334
47.0,-4.25,ascending,194.265
47.0,-4.0,ascending,195.70714
47.0,-3.75,ascending,196.17833
47.0,-3.5,ascending,198.07143
47.0,-3.25,ascending,201.27998
47.0,-3.0,ascending,203.51799
47.0,-2.75,ascending,209.54333
47.0,-2.5,ascending,220.9357
47.0,-2.25,ascending,237.65001
47.0,-2.0,ascending,264.49713
47.0,-1.75,ascending,279.86
47.0,-1.5,ascending,286.13428
47.0,-1.25,ascending,287.37332
47.0,-1.0,ascending,288.50668
47.0,-0.75,ascending,288.9675
47.0,-0.5,ascending,289.31625
47.0,-0.25,ascending,289.72998
47.0,0.0,ascending,289.995
47.0,0.25,ascending,290.46124
47.0,0.5,ascending,291.16125
47.0,0.75,ascending,291.8457
47.0,1.0,ascending,292.2111
47.0,1.25,ascending,292.2575
47.0,1.5,ascending,292.412
47.0,1.75,ascending,292.74
47.0,2.0,ascending,292.935
47.0,2.25,ascending,293.204
47.0,2.5,ascending,293.78818
47.0,2.75,ascending,294.18298
47.0,3.0,ascending,294.21332
47.0,3.25,ascending,294.4307
47.0,3.5,ascending,294.68643
47.0,3.75,ascending,294.92468
47.0,4.0,ascending,295.142
47.0,4.25,ascending,295.00412
47.0,7.25,ascending,285.79715
47.0,7.5,ascending,286.38
47.0,7.75,ascending,287.01465
47.0,8.0,ascending,287.04355
47.0,8.25,ascending,285.8309
47.0,8.5,ascending,284.17273
47.0,8.75,ascending,283.1909
47.0,9.0,ascending,283.43
47.0,9.25,ascending,284.58444
47.0,9.5,ascending,285.90222
47.0,9.75,ascending,286.67444
47.0,10.0,ascending,286.59
47.0,10.25,ascending,286.21445
47.0,10.5,ascending,285.97626
47.0,10.75,ascending,286.03375
47.0,11.0,ascending,286.35626
47.0,11.25,ascending,286.99286
47.0,11.5,ascending,287.53125
47.0,11.75,ascending,287.37427
47.0,12.0,ascending,286.7625
47.0,12.25,ascending,285.77664
47.0,12.5,ascending,285.66498
47.0,12.75,ascending,285.56714
47.0,13.0,ascending,285.805
47.0,13.25,ascending,286.4057
47.0,13.5,ascending,287.13998
47.0,13.75,ascending,287.95667
47.0,14.0,ascending,288.75
47.0,14.25,ascending,289.22333
47.0,14.5,ascending,289.38858
47.0,14.75,ascending,289.41998
47.0,15.0,ascending,289.17667
47.0,15.25,ascending,288.604
47.0,15.5,ascending,287.875
47.0,15.75,ascending,287.55167
47.0,16.0,ascending,287.795
47.0,16.25,ascending,288.53165
47.0,16.5,ascending,289.26666
47.0,16.75,ascending,289.504
47.0,17.0,ascending,288.88834
47.0,17.25,ascending,287.48666
47.0,17.5,ascending,285.825
47.0,17.75,ascending,283.73
47.0,18.0,ascending,281.96832
47.0,18.25,ascending,284.245
47.0,18.5,ascending,286.88397
47.0,18.75,ascending,287.56143
47.0,19.0,ascending,287.25168
47.0,19.25,ascending,288.21664
47.0,19.5,ascending,289.14163
47.0,19.75,ascending,289.25333
47.0,20.0,ascending,288.89285
47.0,20.25,ascending,288.5275
47.0,20.5,ascending,288.36398
47.0,20.75,ascending,288.74
47.0,21.0,ascending,289.23798
47.0,21.25,ascending,288.836
47.0,21.5,ascending,288.48
47.0,21.75,ascending,288.38165
47.0,22.0,ascending,287.89716
47.0,22.25,ascending,287.20166
47.0,22.5,ascending,286.61713
47.0,22.75,ascending,286.44666
47.0,23.0,ascending,286.92374
47.0,23.25,ascending,286.95166
47.0,23.5,ascending,286.69427
47.0,23.75,ascending,286.34125
47.0,24.0,ascending,285.5914
47.0,24.25,ascending,284.40427
47.0,24.5,ascending,284.145
47.0,24.75,ascending,283.73712
47.0,25.0,ascending,282.79
47.0,25.25,ascending,282.72247
47.0,25.5,ascending,282.99222
47.0,25.75,ascending,282.49625
47.0,26.0,ascending,282.14667
47.0,26.25,ascending,282.69888
47.0,26.5,ascending,283.57
47.0,26.75,ascending,283.83875
47.0,27.0,ascending,283.496
47.0,27.25,ascending,283.05402
47.0,27.5,ascending,282.858
47.0,27.75,ascending,282.317
47.0,28.0,ascending,280.84924
47.0,28.25,ascending,278.46268
47.0,28.5,ascending,275.6083
47.0,28.75,ascending,274.60895
47.0,29.0,ascending,275.15286
47.0,32.0,ascending,279.3722
47.0,32.25,ascending,279.83374
47.0,32.5,ascending,281.41937
47.0,32.75,ascending,282.785
47.0,33.0,ascending,283.41833
47.0,33.25,ascending,282.8809
47.0,33.5,ascending,281.331
47.0,33.75,ascending,279.912
47.0,34.0,ascending,279.776
47.0,34.25,ascending,280.388
47.0,34.5,ascending,282.05426
47.0,34.75,ascending,282.839
47.0,35.0,ascending,281.96875
47.0,35.25,ascending,282.17886
47.0,35.5,ascending,282.2543
47.0,35.75,ascending,282.0425
47.0,36.0,ascending,281.835
47.0,36.25,ascending,279.86142
47.0,36.5,ascending,278.00427
47.0,36.75,ascending,276.14716
47.0,37.0,ascending,269.33142
47.0,37.25,ascending,263.98
47.0,37.5,ascending,256.55856
47.0,37.75,ascending,247.16428
47.0,38.0,ascending,244.65999
47.25,-13.0,ascending,189.85
47.25,-12.75,ascending,189.67714
47.25,-12.5,ascending,189.50334
47.25,-12.25,ascending,189.48665
47.25,-12.0,ascending,189.55142
47.25,-11.75,ascending,189.66333
47.25,-11.5,ascending,189.73999
47.25,-11.25,ascending,189.73833
47.25,-11.0,ascending,189.73
47.25,-10.75,ascending,189.73499
47.25,-10.5,ascending,189.72142
47.25,-10.25,ascending,189.686
47.25,-10.0,ascending,189.50832
47.25,-9.75,ascending,189.274
47.25,-9.5,ascending,189.062
47.25,-9.25,ascending,188.90999
47.25,-9.0,ascending,188.99571
47.25,-8.75,ascending,189.305
47.25,-8.5,ascending,189.642
47.25,-8.25,ascending,189.94167
47.25,-8.0,ascending,190.208
47.25,-7.75,ascending,190.44331
47.25,-7.5,ascending,190.646
47.25,-7.25,ascending,190.69167
47.25,-7.0,ascending,190.64333
47.25,-6.75,ascending,190.5425
47.25,-6.5,ascending,190.335
47.25,-6.25,ascending,190.17
47.25,-6.0,ascending,189.96
47.25,-5.75,ascending,189.81999
47.25,-5.5,ascending,189.82166
47.25,-5.25,ascending,190.07
47.25,-5.0,ascending,190.49571
47.25,-4.75,ascending,191.11833
47.25,-4.5,ascending,193.09
47.25,-4.25,ascending,196.89833
47.25,-4.0,ascending,199.73833
47.25,-3.75,ascending,202.01332
47.25,-3.5,ascending,207.49428
47.25,-3.25,ascending,213.35333
47.25,-3.0,ascending,218.51714
47.25,-2.75,ascending,228.70749
47.25,-2.5,ascending,244.46832
47.25,-2.25,ascending,259.54166
47.25,-2.0,ascending,277.85333
47.25,-1.75,ascending,285.4814
47.25,-1.5,ascending,288.392
47.25,-1.25,ascending,288.9243
47.25,-1.0,ascending,289.65427
47.25,-0.75,ascending,289.90167
47.25,-0.5,ascending,289.65286
47.25,-0.25,ascending,289.64832
47.25,0.0,ascending,289.82855
47.25,0.25,ascending,290.3757
47.25,0.5,ascending,291.18124
47.25,0.75,ascending,291.97284
47.25,1.0,ascending,292.56284
47.25,1.25,ascending,292.70248
47.25,1.5,ascending,292.5575
47.25,1.75,ascending,292.5
47.25,2.0,ascending,292.692
47.25,2.25,ascending,293.08374
47.25,2.5,ascending,293.801
47.25,2.75,ascending,294.539
47.25,3.0,ascending,294.95334
47.25,3.25,ascending,295.09274
47.25,3.5,ascending,295.21
47.25,3.75,ascending,295.315
47.25,4.0,ascending,295.58157
47.25,4.25,ascending,295.7723
47.25,7.0,ascending,289.565
47.25,7.25,ascending,288.4475
47.25,7.5,ascending,288.49466
47.25,7.75,ascending,288.66614
47.25,8.0,ascending,288.57385
47.25,8.25,ascending,287.15414
47.25,8.5,ascending,285.26898
47.25,8.75,ascending,284.7218
47.25,9.0,ascending,285.21887
47.25,9.25,ascending,285.76553
47.25,9.5,ascending,285.93222
47.25,9.75,ascending,285.1625
47.25,10.0,ascending,285.32428
47.25,10.25,ascending,285.34
47.25,10.5,ascending,286.4325
47.25,10.75,ascending,287.275
47.25,11.0,ascending,287.51285
47.25,11.25,ascending,287.4757
47.25,11.5,ascending,287.22
47.25,11.75,ascending,286.76712
47.25,12.0,ascending,286.46
47.25,12.25,ascending,286.15286
47.25,12.5,ascending,286.22858
47.25,12.75,ascending,286.3033
47.25,13.0,ascending,286.24667
47.25,13.25,ascending,286.40665
47.25,13.5,ascending,286.81857
47.25,13.75,ascending,287.22797
47.25,14.0,ascending,287.44855
47.25,14.25,ascending,288.006
47.25,14.5,ascending,288.42334
47.25,14.75,ascending,288.675
47.25,15.0,ascending,288.38333
47.25,15.25,ascending,287.865
47.25,15.5,ascending,287.41666
47.25,15.75,ascending,287.314
47.25,16.0,ascending,287.61166
47.25,16.25,ascending,288.288
47.25,16.5,ascending,289.085
47.25,16.75,ascending,289.24332
47.25,17.0,ascending,288.71335
47.25,17.25,ascending,288.692
47.25,17.5,ascending,288.46
47.25,17.75,ascending,287.5
47.25,18.0,ascending,286.57715
47.25,18.25,ascending,287.2475
47.25,18.5,ascending,287.95142
47.25,18.75,ascending,287.83798
47.25,19.0,ascending,287.13397
47.25,19.25,ascending,287.525
47.25,19.5,ascending,288.64716
47.25,19.75,ascending,288.98248
47.25,20.0,ascending,288.74
47.25,20.25,ascending,288.23166
47.25,20.5,ascending,287.68832
47.25,20.75,ascending,287.55002
47.25,21.0,ascending,288.34283
47.25,21.25,ascending,288.414
47.25,21.5,ascending,287.952
47.25,21.75,ascending,288.24832
47.25,22.0,ascending,288.31668
47.25,22.25,ascending,287.92334
47.25,22.5,ascending,287.39835
47.25,22.75,ascending,287.11002
47.25,23.0,ascending,287.38748
47.25,23.25,ascending,287.13284
47.25,23.5,ascending,286.12332
47.25,23.75,ascending,285.13168
47.25,24.0,ascending,284.31143
47.25,24.25,ascending,283.25998
47.25,24.5,ascending,282.89426
47.25,24.75,ascending,283.34665
47.25,25.0,ascending,283.23776
47.25,25.25,ascending,283.1657
47.25,25.5,ascending,283.175
47.25,25.75,ascending,282.77832
47.25,26.0,ascending,282.215
47.25,26.25,ascending,282.3757
47.25,26.5,ascending,282.7322
47.25,26.75,ascending,282.64398
47.25,27.0,ascending,281.65887
47.25,27.25,ascending,280.82797
47.25,27.5,ascending,280.2018
47.25,27.75,ascending,279.39908
47.25,28.0,ascending,277.98856
47.25,28.25,ascending,276.53
47.25,28.5,ascending,275.37665
47.25,28.75,ascending,274.91092
47.25,29.0,ascending,275.02444
47.25,31.75,ascending,279.87
47.25,32.0,ascending,279.6581
47.25,32.25,ascending,279.52762
47.25,32.5,ascending,279.8346
47.25,32.75,ascending,280.87
47.25,33.0,ascending,281.80908
47.25,33.25,ascending,281.8491
47.25,33.5,ascending,280.36298
47.25,33.75,ascending,278.0011
47.25,34.0,ascending,275.4
47.25,34.25,ascending,272.80444
47.25,34.5,ascending,273.10748
47.25,34.75,ascending,272.13998
47.25,35.0,ascending,272.93332
47.25,35.25,ascending,273.1133
47.25,35.5,ascending,274.31125
47.25,35.75,ascending,277.66855
47.25,36.0,ascending,280.32285
47.25,36.25,ascending,282.73166
47.25,36.5,ascending,283.67285
47.25,36.75,ascending,284.4857
47.25,37.0,ascending,282.6971
47.25,37.25,ascending,279.975
47.25,37.5,ascending,277.81998
47.25,37.75,ascending,273.07333
47.25,38.0,ascending,269.626
47.5,-13.0,ascending,190.305
47.5,-12.75,ascending,189.92285
47.5,-12.5,ascending,189.56142
47.5,-12.25,ascending,189.39714
47.5,-12.0,ascending,189.45285
47.5,-11.75,ascending,189.575
47.5,-11.5,ascending,189.65714
47.5,-11.25,ascending,189.67
47.5,-11.0,ascending,189.65714
47.5,-10.75,ascending,189.56499
47.5,-10.5,ascending,189.48334
47.5,-10.25,ascending,189.45166
47.5,-10.0,ascending,189.37666
47.5,-9.75,ascending,189.23833
47.5,-9.5,ascending,188.96571
47.5,-9.25,ascending,188.7
47.5,-9.0,ascending,188.67
47.5,-8.75,ascending,188.73167
47.5,-8.5,ascending,188.87334
47.5,-8.25,ascending,188.99834
47.5,-8.0,ascending,189.335
47.5,-7.75,ascending,189.472
47.5,-7.5,ascending,189.95142
47.5,-7.25,ascending,190.252
47.5,-7.0,ascending,190.27
47.5,-6.75,ascending,190.30833
47.5,-6.5,ascending,190.14166
47.5,-6.25,ascending,190.01599
47.5,-6.0,ascending,189.84499
47.5,-5.75,ascending,189.66167
47.5,-5.5,ascending,189.558
47.5,-5.25,ascending,189.59286
47.5,-5.0,ascending,190.055
47.5,-4.75,ascending,192.02167
47.5,-4.5,ascending,198.76
47.5,-4.25,ascending,209.75
47.5,-4.0,ascending,216.54713
47.5,-3.75,ascending,223.745
47.5,-3.5,ascending,230.94167
47.5,-3.25,ascending,239.51666
47.5,-3.0,ascending,248.95714
47.5,-2.75,ascending,253.11333
47.5,-2.5,ascending,269.37286
47.5,-2.25,ascending,279.525
47.5,-2.0,ascending,286.31714
47.5,-1.75,ascending,289.07498
47.5,-1.5,ascending,289.74713
47.5,-1.25,ascending,289.79
47.5,-1.0,ascending,289.98712
47.5,-0.75,ascending,290.04834
47.5,-0.5,ascending,289.80283
47.5,-0.25,ascending,289.7333
47.5,0.0,ascending,290.07443
47.5,0.25,ascending,290.665
47.5,0.5,ascending,291.4243
47.5,0.75,ascending,292.33374
47.5,1.0,ascending,293.08398
47.5,1.25,ascending,293.36874
47.5,1.5,ascending,293.155
47.5,1.75,ascending,292.85333
47.5,2.0,ascending,292.95123
47.5,2.25,ascending,293.44543
47.5,2.5,ascending,294.0527
47.5,2.75,ascending,294.60544
47.5,3.0,ascending,295.09998
47.5,3.25,ascending,295.49847
47.5,3.5,ascending,295.74124
47.5,3.75,ascending,295.76813
47.5,4.0,ascending,295.67273
47.5,4.25,ascending,295.68555
47.5,7.0,ascending,289.9275
47.5,7.25,ascending,290.022
47.5,7.5,ascending,290.04
47.5,7.75,ascending,289.99152
47.5,8.0,ascending,289.83832
47.5,8.25,ascending,289.279
47.5,8.5,ascending,288.197
47.5,8.75,ascending,287.654
47.5,9.0,ascending,285.84778
47.5,9.25,ascending,283.70874
47.5,9.5,ascending,280.19098
47.5,9.75,ascending,278.86002
47.5,10.0,ascending,281.62625
47.5,10.25,ascending,285.55875
47.5,10.5,ascending,287.6925
47.5,10.75,ascending,288.20856
47.5,11.0,ascending,288.05124
47.5,11.25,ascending,287.74857
47.5,11.5,ascending,287.4025
47.5,11.75,ascending,287.42285
47.5,12.0,ascending,287.78714
47.5,12.25,ascending,288.01834
47.5,12.5,ascending,287.92
47.5,12.75,ascending,287.17715
47.5,13.0,ascending,286.60715
47.5,13.25,ascending,286.43427
47.5,13.5,ascending,286.30832
47.5,13.75,ascending,285.78998
47.5,14.0,ascending,285.93167
47.5,14.25,ascending,286.70834
47.5,14.5,ascending,287.335
47.5,14.75,ascending,287.52142
47.5,15.0,ascending,287.275
47.5,15.25,ascending,287.005
47.5,15.5,ascending,286.86166
47.5,15.75,ascending,286.92166
47.5,16.0,ascending,287.44165
47.5,16.25,ascending,288.26834
47.5,16.5,ascending,288.442
47.5,16.75,ascending,287.52664
47.5,17.0,ascending,286.84665
47.5,17.25,ascending,288.176
47.5,17.5,ascending,288.66666
47.5,17.75,ascending,288.23712
47.5,18.0,ascending,288.04248
47.5,18.25,ascending,288.2657
47.5,18.5,ascending,288.498
47.5,18.75,ascending,288.16666
47.5,19.0,ascending,287.4233
47.5,19.25,ascending,287.77856
47.5,19.5,ascending,288.74
47.5,19.75,ascending,289.03857
47.5,20.0,ascending,288.81332
47.5,20.25,ascending,288.31165
47.5,20.5,ascending,287.1614
47.5,20.75,ascending,286.44165
47.5,21.0,ascending,287.44333
47.5,21.25,ascending,288.03833
47.5,21.5,ascending,287.94427
47.5,21.75,ascending,288.594
47.5,22.0,ascending,288.99
47.5,22.25,ascending,288.67166
47.5,22.5,ascending,288.0014
47.5,22.75,ascending,287.50998
47.5,23.0,ascending,287.475
47.5,23.25,ascending,286.92667
47.5,23.5,ascending,285.57623
47.5,23.75,ascending,284.3867
47.5,24.0,ascending,283.2257
47.5,24.25,ascending,282.16284
47.5,24.5,ascending,281.5483
47.5,24.75,ascending,282.02
47.5,25.0,ascending,282.56427
47.5,25.25,ascending,282.80713
47.5,25.5,ascending,282.865
47.5,25.75,ascending,282.71332
47.5,26.0,ascending,282.35666
47.5,26.25,ascending,281.9833
47.5,26.5,ascending,281.36664
47.5,26.75,ascending,280.24667
47.5,27.0,ascending,278.876
47.5,27.25,ascending,278.07083
47.5,27.5,ascending,277.93082
47.5,27.75,ascending,277.83728
47.5,28.0,ascending,277.57
47.5,28.25,ascending,277.36856
47.5,28.5,ascending,277.27112
47.5,28.75,ascending,277.44318
47.5,29.0,ascending,277.205
47.5,31.75,ascending,279.98083
47.5,32.0,ascending,279.83066
47.5,32.25,ascending,280.01373
47.5,32.5,ascending,280.63
47.5,32.75,ascending,281.31726
47.5,33.0,ascending,282.03583
47.5,33.25,ascending,282.09998
47.5,33.5,ascending,280.38998
47.5,33.75,ascending,276.57776
47.5,34.0,ascending,271.6189
47.5,34.25,ascending,267.0825
47.5,34.5,ascending,264.68375
47.5,34.75,ascending,263.5975
47.5,35.0,ascending,262.675
47.5,35.25,ascending,264.14624
47.5,35.5,ascending,268.71573
47.5,35.75,ascending,275.88715
47.5,36.0,ascending,280.9457
47.5,36.25,ascending,283.72858
47.5,36.5,ascending,285.10498
47.5,36.75,ascending,285.51498
47.5,37.0,ascending,285.15
47.5,37.25,ascending,284.47427
47.5,37.5,ascending,283.92
47.5,37.75,ascending,282.71143
47.5,38.0,ascending,281.4025
47.75,-13.0,ascending,190.62334
47.75,-12.75,ascending,190.18666
47.75,-12.5,ascending,189.71999
47.75,-12.25,ascending,189.44832
47.75,-12.0,ascending,189.39166
47.75,-11.75,ascending,189.44286
47.75,-11.5,ascending,189.49834
47.75,-11.25,ascending,189.474
47.75,-11.0,ascending,189.44571
47.75,-10.75,ascending,189.338
47.75,-10.5,ascending,189.27667
47.75,-10.25,ascending,189.23286
47.75,-10.0,ascending,189.21501
47.75,-9.75,ascending,189.10999
47.75,-9.5,ascending,188.86165
47.75,-9.25,ascending,188.60667
47.75,-9.0,ascending,188.435
47.75,-8.75,ascending,188.205
47.75,-8.5,ascending,188.15498
47.75,-8.25,ascending,188.254
47.75,-8.0,ascending,188.47833
47.75,-7.75,ascending,188.756
47.75,-7.5,ascending,189.13199
47.75,-7.25,ascending,189.40572
47.75,-7.0,ascending,189.56749
47.75,-6.75,ascending,189.74142
47.75,-6.5,ascending,189.7775
47.75,-6.25,ascending,189.77428
47.75,-6.0,ascending,189.68
47.75,-5.75,ascending,189.56
47.75,-5.5,ascending,189.39166
47.75,-5.25,ascending,189.315
47.75,-5.0,ascending,190.09332
47.75,-4.75,ascending,194.53
47.75,-4.5,ascending,207.1875
47.75,-4.25,ascending,229.54599
47.75,-4.0,ascending,243.6525
47.75,-3.75,ascending,250.8825
47.75,-3.5,ascending,259.89334
47.75,-3.25,ascending,269.385
47.75,-3.0,ascending,274.08667
47.75,-2.75,ascending,277.12332
47.75,-2.5,ascending,283.44333
47.75,-2.25,ascending,286.42502
47.75,-2.0,ascending,288.298
47.75,-1.75,ascending,288.99667
47.75,-1.5,ascending,289.44855
47.75,-1.25,ascending,289.58286
47.75,-1.0,ascending,289.46832
47.75,-0.75,ascending,289.59286
47.75,-0.5,ascending,289.5
47.75,-0.25,ascending,289.69873
47.75,0.0,ascending,290.13998
47.75,0.25,ascending,290.81
47.75,0.5,ascending,291.68555
47.75,0.75,ascending,292.5483
47.75,1.0,ascending,293.24
47.75,1.25,ascending,293.8675
47.75,1.5,ascending,294.03552
47.75,1.75,ascending,293.88556
47.75,2.0,ascending,294.0
47.75,2.25,ascending,294.4611
47.75,2.5,ascending,294.75668
47.75,2.75,ascending,294.92728
47.75,3.0,ascending,294.97833
47.75,3.25,ascending,295.00726
47.75,3.5,ascending,295.07785
47.75,3.75,ascending,295.1089
47.75,4.0,ascending,294.9519
47.75,4.25,ascending,294.84335
47.75,6.75,ascending,290.7383
47.75,7.0,ascending,290.46066
47.75,7.25,ascending,290.48734
47.75,7.5,ascending,290.53
47.75,7.75,ascending,290.9223
47.75,8.0,ascending,291.05545
47.75,8.25,ascending,291.033
47.75,8.5,ascending,290.23727
47.75,8.75,ascending,288.89124
47.75,9.0,ascending,285.92886
47.75,9.25,ascending,282.03445
47.75,9.5,ascending,282.16376
47.75,9.75,ascending,283.65375
47.75,10.0,ascending,286.74554
47.75,10.25,ascending,288.94855
47.75,10.5,ascending,289.25
47.75,10.75,ascending,289.09833
47.75,11.0,ascending,288.45572
47.75,11.25,ascending,287.53714
47.75,11.5,ascending,286.82144
47.75,11.75,ascending,287.215
47.75,12.0,ascending,287.895
47.75,12.25,ascending,287.98428
47.75,12.5,ascending,287.19284
47.75,12.75,ascending,286.62167
47.75,13.0,ascending,286.71573
47.75,13.25,ascending,286.505
47.75,13.5,ascending,285.81
47.75,13.75,ascending,285.52332
47.75,14.0,ascending,285.96832
47.75,14.25,ascending,286.93283
47.75,14.5,ascending,287.346
47.75,14.75,ascending,287.322
47.75,15.0,ascending,287.16333
47.75,15.25,ascending,287.05
47.75,15.5,ascending,286.78
47.75,15.75,ascending,286.836
47.75,16.0,ascending,287.375
47.75,16.25,ascending,287.60602
47.75,16.5,ascending,287.01334
47.75,16.75,ascending,285.33835
47.75,17.0,ascending,286.19598
47.75,17.25,ascending,287.87833
47.75,17.5,ascending,288.124
47.75,17.75,ascending,288.128
47.75,18.0,ascending,288.40332
47.75,18.25,ascending,288.90164
47.75,18.5,ascending,289.072
47.75,18.75,ascending,288.69998
47.75,19.0,ascending,288.21335
47.75,19.25,ascending,288.495
47.75,19.5,ascending,289.20428
47.75,19.75,ascending,289.2333
47.75,20.0,ascending,288.92334
47.75,20.25,ascending,288.36285
47.75,20.5,ascending,287.13168
47.75,20.75,ascending,286.30667
47.75,21.0,ascending,287.11142
47.75,21.25,ascending,287.875
47.75,21.5,ascending,288.01166
47.75,21.75,ascending,288.52
47.75,22.0,ascending,289.1214
47.75,22.25,ascending,288.965
47.75,22.5,ascending,288.32
47.75,22.75,ascending,287.72665
47.75,23.0,ascending,287.37332
47.75,23.25,ascending,286.3986
47.75,23.5,ascending,284.98398
47.75,23.75,ascending,283.92285
47.75,24.0,ascending,282.93713
47.75,24.25,ascending,281.99
47.75,24.5,ascending,281.34
47.75,24.75,ascending,281.37997
47.75,25.0,ascending,281.78287
47.75,25.25,ascending,282.0914
47.75,25.5,ascending,282.23624
47.75,25.75,ascending,282.21
47.75,26.0,ascending,281.96857
47.75,26.25,ascending,281.45447
47.75,26.5,ascending,280.52875
47.75,26.75,ascending,278.91888
47.75,27.0,ascending,277.33002
47.75,27.25,ascending,277.1111
47.75,27.5,ascending,278.0491
47.75,27.75,ascending,278.61917
47.75,28.0,ascending,278.84857
47.75,28.25,ascending,278.86383
47.75,28.5,ascending,279.16833
47.75,28.75,ascending,279.3752
47.75,29.0,ascending,278.77
47.75,31.5,ascending,278.77
47.75,31.75,ascending,279.90704
47.75,32.0,ascending,281.15
47.75,32.25,ascending,282.02286
47.75,32.5,ascending,282.555
47.75,32.75,ascending,282.69
47.75,33.0,ascending,282.4075
47.75,33.25,ascending,281.79443
47.75,33.5,ascending,280.81445
47.75,33.75,ascending,278.68
47.75,34.0,ascending,277.58197
47.75,34.25,ascending,275.64856
47.75,34.5,ascending,274.6925
47.75,34.75,ascending,274.4125
47.75,35.0,ascending,272.22247
47.75,35.25,ascending,273.00375
47.75,35.5,ascending,276.03375
47.75,35.75,ascending,280.44427
47.75,36.0,ascending,282.89572
47.75,36.25,ascending,284.13333
47.75,36.5,ascending,284.31332
47.75,36.75,ascending,283.84143
47.75,37.0,ascending,283.29166
47.75,37.25,ascending,283.08
47.75,37.5,ascending,283.0114
47.75,37.75,ascending,282.522
47.75,38.0,ascending,282.002
48.0,-13.0,ascending,191.04999
48.0,-12.75,ascending,190.64
48.0,-12.5,ascending,190.02498
48.0,-12.25,ascending,189.62572
48.0,-12.0,ascending,189.35143
48.0,-11.75,ascending,189.24834
48.0,-11.5,ascending,189.23167
48.0,-11.25,ascending,189.25667
48.0,-11.0,ascending,189.25166
48.0,-10.75,ascending,189.20857
48.0,-10.5,ascending,189.18799
48.0,-10.25,ascending,189.146
48.0,-10.0,ascending,189.08667
48.0,-9.75,ascending,188.9825
48.0,-9.5,ascending,188.79001
48.0,-9.25,ascending,188.57166
48.0,-9.0,ascending,188.27666
48.0,-8.75,ascending,187.9975
48.0,-8.5,ascending,187.86165
48.0,-8.25,ascending,187.88142
48.0,-8.0,ascending,188.005
48.0,-7.75,ascending,188.092
48.0,-7.5,ascending,188.3
48.0,-7.25,ascending,188.534
48.0,-7.0,ascending,188.77167
48.0,-6.75,ascending,189.11
48.0,-6.5,ascending,189.26833
48.0,-6.25,ascending,189.31
48.0,-6.0,ascending,189.398
48.0,-5.75,ascending,189.39333
48.0,-5.5,ascending,189.27428
48.0,-5.25,ascending,189.366
48.0,-5.0,ascending,191.7925
48.0,-4.75,ascending,200.43857
48.0,-4.5,ascending,222.42332
48.0,-4.25,ascending,246.47833
48.0,-4.0,ascending,262.67166
48.0,-3.75,ascending,270.375
48.0,-3.5,ascending,276.4833
48.0,-3.25,ascending,280.91165
48.0,-3.0,ascending,281.61142
48.0,-2.75,ascending,281.63666
48.0,-2.5,ascending,281.57666
48.0,-2.25,ascending,282.1657
48.0,-2.0,ascending,284.26123
48.0,-1.75,ascending,284.94498
48.0,-1.5,ascending,287.01498
48.0,-1.25,ascending,288.17572
48.0,-1.0,ascending,288.57855
48.0,-0.75,ascending,288.6857
48.0,-0.5,ascending,288.69748
48.0,-0.25,ascending,288.75668
48.0,0.0,ascending,289.455
48.0,0.25,ascending,290.32428
48.0,0.5,ascending,291.35428
48.0,0.75,ascending,292.24
48.0,1.0,ascending,292.95108
48.0,1.25,ascending,293.74374
48.0,1.5,ascending,294.33887
48.0,1.75,ascending,294.5
48.0,2.0,ascending,294.68698
48.0,2.25,ascending,294.977
48.0,2.5,ascending,295.14398
48.0,2.75,ascending,295.069
48.0,3.0,ascending,294.92767
48.0,3.25,ascending,294.77286
48.0,3.5,ascending,294.40588
48.0,3.75,ascending,293.8741
48.0,4.0,ascending,293.56476
48.0,6.75,ascending,292.2813
48.0,7.0,ascending,291.91428
48.0,7.25,ascending,291.67734
48.0,7.5,ascending,291.49286
48.0,7.75,ascending,291.58398
48.0,8.0,ascending,291.81363
48.0,8.25,ascending,292.06
48.0,8.5,ascending,291.95798
48.0,8.75,ascending,291.64554
48.0,9.0,ascending,290.39874
48.0,9.25,ascending,289.324
48.0,9.5,ascending,289.93124
48.0,9.75,ascending,289.83856
48.0,10.0,ascending,290.06125
48.0,10.25,ascending,290.05374
48.0,10.5,ascending,289.86716
48.0,10.75,ascending,289.34857
48.0,11.0,ascending,288.21124
48.0,11.25,ascending,287.0357
48.0,11.5,ascending,286.8043
48.0,11.75,ascending,287.39856
48.0,12.0,ascending,287.97
48.0,12.25,ascending,287.9757
48.0,12.5,ascending,287.86832
48.0,12.75,ascending,288.08167
48.0,13.0,ascending,288.09833
48.0,13.25,ascending,287.6486
48.0,13.5,ascending,287.08667
48.0,13.75,ascending,287.37283
48.0,14.0,ascending,287.68
48.0,14.25,ascending,287.88
48.0,14.5,ascending,287.62997
48.0,14.75,ascending,287.62668
48.0,15.0,ascending,287.68832
48.0,15.25,ascending,287.40802
48.0,15.5,ascending,286.97
48.0,15.75,ascending,286.845
48.0,16.0,ascending,286.93
48.0,16.25,ascending,286.46664
48.0,16.5,ascending,285.73
48.0,16.75,ascending,285.93
48.0,17.0,ascending,287.47427
48.0,17.25,ascending,288.6725
48.0,17.5,ascending,288.82144
48.0,17.75,ascending,289.026
48.0,18.0,ascending,289.14713
48.0,18.25,ascending,289.455
48.0,18.5,ascending,289.44
48.0,18.75,ascending,289.11832
48.0,19.0,ascending,288.88998
48.0,19.25,ascending,289.22
48.0,19.5,ascending,289.40164
48.0,19.75,ascending,289.28165
48.0,20.0,ascending,288.94144
48.0,20.25,ascending,288.346
48.0,20.5,ascending,287.29333
48.0,20.75,ascending,286.71857
48.0,21.0,ascending,287.17502
48.0,21.25,ascending,287.47165
48.0,21.5,ascending,287.57
48.0,21.75,ascending,288.1133
48.0,22.0,ascending,288.37997
48.0,22.25,ascending,288.43
48.0,22.5,ascending,288.13715
48.0,22.75,ascending,287.34
48.0,23.0,ascending,286.62286
48.0,23.25,ascending,285.59332
48.0,23.5,ascending,284.3757
48.0,23.75,ascending,283.19855
48.0,24.0,ascending,282.57
48.0,24.25,ascending,282.09427
48.0,24.5,ascending,281.705
48.0,24.75,ascending,281.775
48.0,25.0,ascending,281.86374
48.0,25.25,ascending,281.8922
48.0,25.5,ascending,281.75623
48.0,25.75,ascending,281.405
48.0,26.0,ascending,280.80554
48.0,26.25,ascending,280.05875
48.0,26.5,ascending,279.11633
48.0,26.75,ascending,278.22446
48.0,27.0,ascending,277.598
48.0,27.25,ascending,277.66
48.0,27.5,ascending,278.57666
48.0,27.75,ascending,279.59082
48.0,28.0,ascending,280.11615
48.0,28.25,ascending,280.25732
48.0,28.5,ascending,280.9037
48.0,28.75,ascending,281.38397
48.0,31.25,ascending,275.51
48.0,31.5,ascending,276.9459
48.0,31.75,ascending,278.67398
48.0,32.0,ascending,279.67856
48.0,32.25,ascending,280.26334
48.0,32.5,ascending,280.97363
48.0,32.75,ascending,281.047
48.0,33.0,ascending,280.93
48.0,33.25,ascending,280.77124
48.0,33.5,ascending,280.75446
48.0,33.75,ascending,280.9236
48.0,34.0,ascending,281.46713
48.0,34.25,ascending,281.61
48.0,34.5,ascending,281.41498
48.0,34.75,ascending,280.54855
48.0,35.0,ascending,279.0225
48.0,35.25,ascending,278.4883
48.0,35.5,ascending,279.22626
48.0,35.75,ascending,281.01498
48.0,36.0,ascending,282.47125
48.0,36.25,ascending,283.2383
48.0,36.5,ascending,283.24625
48.0,36.75,ascending,282.8757
48.0,37.0,ascending,282.51166
48.0,37.25,ascending,282.35666
48.0,37.5,ascending,282.24332
48.0,37.75,ascending,282.05002
48.0,38.0,ascending,281.7375
48.25,-13.0,ascending,191.375
48.25,-12.75,ascending,191.02167
48.25,-12.5,ascending,190.3075
48.25,-12.25,ascending,189.71999
48.25,-12.0,ascending,189.38
48.25,-11.75,ascending,189.13428
48.25,-11.5,ascending,189.038
48.25,-11.25,ascending,189.04857
48.25,-11.0,ascending,189.066
48.25,-10.75,ascending,189.066
48.25,-10.5,ascending,189.05856
48.25,-10.25,ascending,189.04333
48.25,-10.0,ascending,188.99165
48.25,-9.75,ascending,188.90999
48.25,-9.5,ascending,188.816
48.25,-9.25,ascending,188.65498
48.25,-9.0,ascending,188.38165
48.25,-8.75,ascending,188.09833
48.25,-8.5,ascending,187.918
48.25,-8.25,ascending,187.846
48.25,-8.0,ascending,187.78166
48.25,-7.75,ascending,187.71599
48.25,-7.5,ascending,187.728
48.25,-7.25,ascending,187.86165
48.25,-7.0,ascending,188.068
48.25,-6.75,ascending,188.45
48.25,-6.5,ascending,188.62
48.25,-6.25,ascending,188.828
48.25,-6.0,ascending,188.96858
48.25,-5.75,ascending,189.04399
48.25,-5.5,ascending,189.065
48.25,-5.25,ascending,189.452
48.25,-5.0,ascending,192.83858
48.25,-4.75,ascending,205.67332
48.25,-4.5,ascending,226.745
48.25,-4.25,ascending,249.67285
48.25,-4.0,ascending,263.61832
48.25,-3.75,ascending,269.94165
48.25,-3.5,ascending,274.895
48.25,-3.25,ascending,276.37
48.25,-3.0,ascending,271.08835
48.25,-2.75,ascending,266.53
48.25,-2.5,ascending,266.15598
48.25,-2.25,ascending,264.24332
48.25,-2.0,ascending,268.314
48.25,-1.75,ascending,272.5557
48.25,-1.5,ascending,282.22165
48.25,-1.25,ascending,285.7383
48.25,-1.0,ascending,287.59857
48.25,-0.75,ascending,288.14667
48.25,-0.5,ascending,287.81143
48.25,-0.25,ascending,287.60858
48.25,0.0,ascending,287.93124
48.25,0.25,ascending,288.7757
48.25,0.5,ascending,289.985
48.25,0.75,ascending,291.2557
48.25,1.0,ascending,292.3325
48.25,1.25,ascending,293.19
48.25,1.5,ascending,293.92874
48.25,1.75,ascending,294.19125
48.25,2.0,ascending,294.08
48.25,2.25,ascending,294.46555
48.25,2.5,ascending,294.51498
48.25,2.75,ascending,294.47092
48.25,3.0,ascending,294.4075
48.25,3.25,ascending,294.49
48.25,3.5,ascending,294.392
48.25,3.75,ascending,293.67896
48.25,4.0,ascending,292.7333
48.25,6.5,ascending,293.5909
48.25,6.75,ascending,293.5356
48.25,7.0,ascending,293.28333
48.25,7.25,ascending,292.7423
48.25,7.5,ascending,292.19998
48.25,7.75,ascending,291.90363
48.25,8.0,ascending,292.05798
48.25,8.25,ascending,292.52112
48.25,8.5,ascending,292.792
48.25,8.75,ascending,292.705
48.25,9.0,ascending,292.19888
48.25,9.25,ascending,291.59125
48.25,9.5,ascending,291.04428
48.25,9.75,ascending,290.5175
48.25,10.0,ascending,290.10248
48.25,10.25,ascending,289.91333
48.25,10.5,ascending,289.72125
48.25,10.75,ascending,289.25668
48.25,11.0,ascending,288.70142
48.25,11.25,ascending,288.33
48.25,11.5,ascending,288.19144
48.25,11.75,ascending,288.3033
48.25,12.0,ascending,288.81
48.25,12.25,ascending,289.16666
48.25,12.5,ascending,289.40714
48.25,12.75,ascending,289.478
48.25,13.0,ascending,289.185
48.25,13.25,ascending,288.71286
48.25,13.5,ascending,288.532
48.25,13.75,ascending,288.69598
48.25,14.0,ascending,288.49857
48.25,14.25,ascending,287.91833
48.25,14.5,ascending,287.72165
48.25,14.75,ascending,288.1033
48.25,15.0,ascending,288.24832
48.25,15.25,ascending,287.82834
48.25,15.5,ascending,287.285
48.25,15.75,ascending,287.00168
48.25,16.0,ascending,286.76334
48.25,16.25,ascending,286.526
48.25,16.5,ascending,286.88834
48.25,16.75,ascending,288.386
48.25,17.0,ascending,289.24
48.25,17.25,ascending,289.74832
48.25,17.5,ascending,290.008
48.25,17.75,ascending,289.775
48.25,18.0,ascending,289.424
48.25,18.25,ascending,289.35165
48.25,18.5,ascending,289.32333
48.25,18.75,ascending,289.1925
48.25,19.0,ascending,289.19333
48.25,19.25,ascending,289.29428
48.25,19.5,ascending,289.166
48.25,19.75,ascending,289.03
48.25,20.0,ascending,288.6425
48.25,20.25,ascending,287.94598
48.25,20.5,ascending,287.32748
48.25,20.75,ascending,287.0225
48.25,21.0,ascending,287.19598
48.25,21.25,ascending,287.11166
48.25,21.5,ascending,286.98856
48.25,21.75,ascending,287.245
48.25,22.0,ascending,287.476
48.25,22.25,ascending,287.41
48.25,22.5,ascending,287.39667
48.25,22.75,ascending,286.36713
48.25,23.0,ascending,285.66833
48.25,23.25,ascending,284.61166
48.25,23.5,ascending,283.61142
48.25,23.75,ascending,282.69833
48.25,24.0,ascending,282.1743
48.25,24.25,ascending,282.13284
48.25,24.5,ascending,282.16
48.25,24.75,ascending,282.24142
48.25,25.0,ascending,282.3525
48.25,25.25,ascending,282.18
48.25,25.5,ascending,281.67715
48.25,25.75,ascending,280.87857
48.25,26.0,ascending,279.91666
48.25,26.25,ascending,279.1
48.25,26.5,ascending,278.34625
48.25,26.75,ascending,277.826
48.25,27.0,ascending,277.8911
48.25,27.25,ascending,278.49445
48.25,27.5,ascending,279.2775
48.25,27.75,ascending,279.80832
48.25,28.0,ascending,280.2707
48.25,28.25,ascending,280.724
48.25,28.5,ascending,281.4345
48.25,28.75,ascending,282.04868
48.25,31.25,ascending,275.13666
48.25,31.5,ascending,275.31
48.25,31.75,ascending,276.08286
48.25,32.0,ascending,276.75784
48.25,32.25,ascending,277.719
48.25,32.5,ascending,278.77908
48.25,32.75,ascending,279.58698
48.25,33.0,ascending,279.969
48.25,33.25,ascending,280.24667
48.25,33.5,ascending,280.41
48.25,33.75,ascending,280.45874
48.25,34.0,ascending,280.775
48.25,34.25,ascending,280.9943
48.25,34.5,ascending,280.18
48.25,34.75,ascending,279.10873
48.25,35.0,ascending,277.67123
48.25,35.25,ascending,277.37283
48.25,35.5,ascending,278.2857
48.25,35.75,ascending,280.1
48.25,36.0,ascending,281.40286
48.25,36.25,ascending,282.52167
48.25,36.5,ascending,282.78833
48.25,36.75,ascending,282.94333
48.25,37.0,ascending,282.8757
48.25,37.25,ascending,282.72833
48.25,37.5,ascending,282.57
48.25,37.75,ascending,282.374
48.25,38.0,ascending,282.07
48.5,-13.0,ascending,191.94
48.5,-12.75,ascending,191.30571
48.5,-12.5,ascending,190.62
48.5,-12.25,ascending,190.03333
48.5,-12.0,ascending,189.50427
48.5,-11.75,ascending,189.145
48.5,-11.5,ascending,188.94331
48.5,-11.25,ascending,188.84714
48.5,-11.0,ascending,188.82166
48.5,-10.75,ascending,188.81999
48.5,-10.5,ascending,188.87666
48.5,-10.25,ascending,188.94
48.5,-10.0,ascending,188.93286
48.5,-9.75,ascending,188.90799
48.5,-9.5,ascending,188.86665
48.5,-9.25,ascending,188.71333
48.5,-9.0,ascending,188.50835
48.5,-8.75,ascending,188.265
48.5,-8.5,ascending,188.06
48.5,-8.25,ascending,187.90332
48.5,-8.0,ascending,187.75334
48.5,-7.75,ascending,187.616
48.5,-7.5,ascending,187.50713
48.5,-7.25,ascending,187.49399
48.5,-7.0,ascending,187.65428
48.5,-6.75,ascending,187.88799
48.5,-6.5,ascending,188.15799
48.5,-6.25,ascending,188.3157
48.5,-6.0,ascending,188.524
48.5,-5.75,ascending,188.68
48.5,-5.5,ascending,188.68286
48.5,-5.25,ascending,189.09332
48.5,-5.0,ascending,191.705
48.5,-4.75,ascending,200.26332
48.5,-4.5,ascending,215.31285
48.5,-4.25,ascending,228.64833
48.5,-4.0,ascending,236.685
48.5,-3.75,ascending,243.03833
48.5,-3.5,ascending,253.38142
48.5,-3.25,ascending,257.93
48.5,-3.0,ascending,246.60999
48.5,-2.75,ascending,234.48286
48.5,-2.5,ascending,235.27167
48.5,-2.25,ascending,233.2557
48.5,-2.0,ascending,242.41667
48.5,-1.75,ascending,247.53714
48.5,-1.5,ascending,270.92572
48.5,-1.25,ascending,282.8043
48.5,-1.0,ascending,286.66165
48.5,-0.75,ascending,287.39142
48.5,-0.5,ascending,286.63998
48.5,-0.25,ascending,286.37
48.5,0.0,ascending,286.24713
48.5,0.25,ascending,286.8943
48.5,0.5,ascending,288.025
48.5,0.75,ascending,289.42874
48.5,1.0,ascending,291.06125
48.5,1.25,ascending,292.14572
48.5,1.5,ascending,292.826
48.5,1.75,ascending,292.85556
48.5,2.0,ascending,292.00775
48.5,2.25,ascending,292.16452
48.5,2.5,ascending,292.61365
48.5,2.75,ascending,293.63165
48.5,3.0,ascending,293.99152
48.5,3.25,ascending,294.07285
48.5,3.5,ascending,293.98352
48.5,3.75,ascending,293.72556
48.5,4.0,ascending,293.2575
48.5,6.25,ascending,292.72665
48.5,6.5,ascending,293.13
48.5,6.75,ascending,293.30066
48.5,7.0,ascending,293.2925
48.5,7.25,ascending,292.91666
48.5,7.5,ascending,292.23
48.5,7.75,ascending,291.66998
48.5,8.0,ascending,291.61298
48.5,8.25,ascending,292.0589
48.5,8.5,ascending,292.345
48.5,8.75,ascending,292.41556
48.5,9.0,ascending,292.025
48.5,9.25,ascending,291.49
48.5,9.5,ascending,290.91748
48.5,9.75,ascending,290.55334
48.5,10.0,ascending,290.39285
48.5,10.25,ascending,290.37375
48.5,10.5,ascending,290.21167
48.5,10.75,ascending,289.88873
48.5,11.0,ascending,289.7357
48.5,11.25,ascending,289.5914
48.5,11.5,ascending,289.37668
48.5,11.75,ascending,289.41284
48.5,12.0,ascending,289.70856
48.5,12.25,ascending,289.88428
48.5,12.5,ascending,289.82498
48.5,12.75,ascending,289.36
48.5,13.0,ascending,288.92142
48.5,13.25,ascending,288.674
48.5,13.5,ascending,288.9957
48.5,13.75,ascending,289.03333
48.5,14.0,ascending,288.46857
48.5,14.25,ascending,287.97
48.5,14.5,ascending,288.268
48.5,14.75,ascending,288.70334
48.5,15.0,ascending,288.525
48.5,15.25,ascending,288.13834
48.5,15.5,ascending,287.89667
48.5,15.75,ascending,287.925
48.5,16.0,ascending,288.0
48.5,16.25,ascending,288.20712
48.5,16.5,ascending,288.74332
48.5,16.75,ascending,289.23
48.5,17.0,ascending,289.62427
48.5,17.25,ascending,289.9675
48.5,17.5,ascending,289.95856
48.5,17.75,ascending,289.5625
48.5,18.0,ascending,289.15854
48.5,18.25,ascending,289.00397
48.5,18.5,ascending,289.044
48.5,18.75,ascending,289.0114
48.5,19.0,ascending,288.88834
48.5,19.25,ascending,288.905
48.5,19.5,ascending,288.666
48.5,19.75,ascending,288.38284
48.5,20.0,ascending,287.87167
48.5,20.25,ascending,287.44165
48.5,20.5,ascending,287.20834
48.5,20.75,ascending,287.04855
48.5,21.0,ascending,286.954
48.5,21.25,ascending,286.7675
48.5,21.5,ascending,286.75284
48.5,21.75,ascending,286.69998
48.5,22.0,ascending,286.43332
48.5,22.25,ascending,286.02856
48.5,22.5,ascending,285.905
48.5,22.75,ascending,284.905
48.5,23.0,ascending,284.45166
48.5,23.25,ascending,283.92142
48.5,23.5,ascending,283.34283
48.5,23.75,ascending,282.59
48.5,24.0,ascending,282.2383
48.5,24.25,ascending,282.37143
48.5,24.5,ascending,282.44626
48.5,24.75,ascending,282.5414
48.5,25.0,ascending,282.685
48.5,25.25,ascending,282.57855
48.5,25.5,ascending,282.0722
48.5,25.75,ascending,281.22223
48.5,26.0,ascending,280.3675
48.5,26.25,ascending,279.90875
48.5,26.5,ascending,279.79666
48.5,26.75,ascending,279.57098
48.5,27.0,ascending,279.28088
48.5,27.25,ascending,279.51544
48.5,27.5,ascending,280.38834
48.5,27.75,ascending,280.875
48.5,28.0,ascending,281.275
48.5,28.25,ascending,281.66376
48.5,28.5,ascending,281.90427
48.5,28.75,ascending,281.98917
48.5,31.0,ascending,277.42
48.5,31.25,ascending,276.92133
48.5,31.5,ascending,276.67267
48.5,31.75,ascending,276.835
48.5,32.0,ascending,277.35
48.5,32.25,ascending,277.58298
48.5,32.5,ascending,278.0609
48.5,32.75,ascending,278.659
48.5,33.0,ascending,278.96445
48.5,33.25,ascending,279.31873
48.5,33.5,ascending,279.5722
48.5,33.75,ascending,279.29874
48.5,34.0,ascending,279.05
48.5,34.25,ascending,277.71
48.5,34.5,ascending,275.25748
48.5,34.75,ascending,274.98856
48.5,35.0,ascending,275.45856
48.5,35.25,ascending,276.78427
48.5,35.5,ascending,278.54
48.5,35.75,ascending,279.55856
48.5,36.0,ascending,280.39835
48.5,36.25,ascending,281.38748
48.5,36.5,ascending,282.07858
48.5,36.75,ascending,282.40997
48.5,37.0,ascending,282.69998
48.5,37.25,ascending,282.9857
48.5,37.5,ascending,282.95428
48.5,37.75,ascending,282.65997
48.5,38.0,ascending,282.35498
48.75,-13.0,ascending,192.355
48.75,-12.75,ascending,191.82332
48.75,-12.5,ascending,190.93
48.75,-12.25,ascending,190.19331
48.75,-12.0,ascending,189.63199
48.75,-11.75,ascending,189.20999
48.75,-11.5,ascending,188.91399
48.75,-11.25,ascending,188.70999
48.75,-11.0,ascending,188.59625
48.75,-10.75,ascending,188.61
48.75,-10.5,ascending,188.74199
48.75,-10.25,ascending,188.83798
48.75,-10.0,ascending,188.815
48.75,-9.75,ascending,188.80333
48.75,-9.5,ascending,188.77
48.75,-9.25,ascending,188.678
48.75,-9.0,ascending,188.54
48.75,-8.75,ascending,188.33167
48.75,-8.5,ascending,188.11333
48.75,-8.25,ascending,188.00749
48.75,-8.0,ascending,187.86499
48.75,-7.75,ascending,187.66399
48.75,-7.5,ascending,187.52834
48.75,-7.25,ascending,187.42801
48.75,-7.0,ascending,187.44666
48.75,-6.75,ascending,187.61198
48.75,-6.5,ascending,187.73499
48.75,-6.25,ascending,187.894
48.75,-6.0,ascending,188.18399
48.75,-5.75,ascending,188.23833
48.75,-5.5,ascending,188.13832
48.75,-5.25,ascending,188.14667
48.75,-5.0,ascending,188.88666
48.75,-4.75,ascending,192.114
48.75,-4.5,ascending,198.7925
48.75,-4.25,ascending,201.30333
48.75,-4.0,ascending,204.78499
48.75,-3.75,ascending,208.77167
48.75,-3.5,ascending,216.56429
48.75,-3.25,ascending,223.77832
48.75,-3.0,ascending,219.904
48.75,-2.75,ascending,205.70833
48.75,-2.5,ascending,204.48833
48.75,-2.25,ascending,203.27167
48.75,-2.0,ascending,213.64143
48.75,-1.75,ascending,233.048
48.75,-1.5,ascending,257.21832
48.75,-1.25,ascending,277.00143
48.75,-1.0,ascending,282.3657
48.75,-0.75,ascending,281.98285
48.75,-0.5,ascending,282.02856
48.75,-0.25,ascending,282.52142
48.75,0.0,ascending,284.43668
48.75,0.25,ascending,285.46
48.75,0.5,ascending,286.2633
48.75,0.75,ascending,287.565
48.75,1.0,ascending,289.51553
48.75,1.25,ascending,291.19125
48.75,1.5,ascending,291.9625
48.75,1.75,ascending,291.801
48.75,2.0,ascending,290.71445
48.75,2.25,ascending,289.90665
48.75,2.5,ascending,290.41498
48.75,2.75,ascending,291.995
48.75,3.0,ascending,293.1123
48.75,3.25,ascending,293.48
48.75,3.5,ascending,293.25867
48.75,3.75,ascending,292.88
48.75,4.0,ascending,292.67
48.75,6.25,ascending,291.88214
48.75,6.5,ascending,292.00198
48.75,6.75,ascending,292.29
48.75,7.0,ascending,292.51248
48.75,7.25,ascending,292.49817
48.75,7.5,ascending,292.24
48.75,7.75,ascending,291.88666
48.75,8.0,ascending,291.6389
48.75,8.25,ascending,291.65497
48.75,8.5,ascending,291.6875
48.75,8.75,ascending,291.76373
48.75,9.0,ascending,291.4475
48.75,9.25,ascending,291.0825
48.75,9.5,ascending,290.9957
48.75,9.75,ascending,291.375
48.75,10.0,ascending,291.62332
48.75,10.25,ascending,291.8157
48.75,10.5,ascending,291.52426
48.75,10.75,ascending,291.30716
48.75,11.0,ascending,290.905
48.75,11.25,ascending,290.865
48.75,11.5,ascending,290.50858
48.75,11.75,ascending,290.51334
48.75,12.0,ascending,290.638
48.75,12.25,ascending,290.13165
48.75,12.5,ascending,289.27664
48.75,12.75,ascending,288.55
48.75,13.0,ascending,288.63666
48.75,13.25,ascending,289.29166
48.75,13.5,ascending,289.7557
48.75,13.75,ascending,289.408
48.75,14.0,ascending,288.848
48.75,14.25,ascending,288.52832
48.75,14.5,ascending,288.71335
48.75,14.75,ascending,288.61798
48.75,15.0,ascending,288.254
48.75,15.25,ascending,288.20334
48.75,15.5,ascending,288.61667
48.75,15.75,ascending,288.94333
48.75,16.0,ascending,289.246
48.75,16.25,ascending,289.39398
48.75,16.5,ascending,289.20834
48.75,16.75,ascending,288.91998
48.75,17.0,ascending,289.02197
48.75,17.25,ascending,289.255
48.75,17.5,ascending,289.11398
48.75,17.75,ascending,288.965
48.75,18.0,ascending,288.784
48.75,18.25,ascending,288.57834
48.75,18.5,ascending,288.49667
48.75,18.75,ascending,288.422
48.75,19.0,ascending,288.1925
48.75,19.25,ascending,287.99332
48.75,19.5,ascending,287.46286
48.75,19.75,ascending,287.24332
48.75,20.0,ascending,287.01166
48.75,20.25,ascending,286.95334
48.75,20.5,ascending,287.05286
48.75,20.75,ascending,286.83167
48.75,21.0,ascending,286.53333
48.75,21.25,ascending,286.49832
48.75,21.5,ascending,286.598
48.75,21.75,ascending,286.29166
48.75,22.0,ascending,285.49167
48.75,22.25,ascending,284.52167
48.75,22.5,ascending,284.33
48.75,22.75,ascending,284.01334
48.75,23.0,ascending,283.66333
48.75,23.25,ascending,283.44284
48.75,23.5,ascending,283.26334
48.75,23.75,ascending,282.83856
48.75,24.0,ascending,282.57428
48.75,24.25,ascending,282.5533
48.75,24.5,ascending,282.50873
48.75,24.75,ascending,282.39285
48.75,25.0,ascending,282.54855
48.75,25.25,ascending,282.47
48.75,25.5,ascending,282.15997
48.75,25.75,ascending,281.80286
48.75,26.0,ascending,281.51776
48.75,26.25,ascending,281.27777
48.75,26.5,ascending,281.67886
48.75,26.75,ascending,282.27
48.75,27.0,ascending,282.242
48.75,27.25,ascending,281.888
48.75,27.5,ascending,281.758
48.75,27.75,ascending,282.27078
48.75,28.0,ascending,282.75934
48.75,28.25,ascending,283.0193
48.75,28.5,ascending,282.8825
48.75,28.75,ascending,282.61887
48.75,30.75,ascending,279.78
48.75,31.0,ascending,279.27936
48.75,31.25,ascending,279.12616
48.75,31.5,ascending,278.98468
48.75,31.75,ascending,278.78537
48.75,32.0,ascending,278.48544
48.75,32.25,ascending,278.192
48.75,32.5,ascending,278.16498
48.75,32.75,ascending,278.095
48.75,33.0,ascending,277.78998
48.75,33.25,ascending,277.61664
48.75,33.5,ascending,276.69
48.75,33.75,ascending,274.44855
48.75,34.0,ascending,273.37
48.75,34.25,ascending,271.9325
48.75,34.5,ascending,272.74857
48.75,34.75,ascending,275.77426
48.75,35.0,ascending,278.7757
48.75,35.25,ascending,279.56
48.75,35.5,ascending,279.74
48.75,35.75,ascending,279.99667
48.75,36.0,ascending,280.54428
48.75,36.25,ascending,281.00833
48.75,36.5,ascending,281.18997
48.75,36.75,ascending,281.69833
48.75,37.0,ascending,282.36002
48.75,37.25,ascending,282.97333
48.75,37.5,ascending,282.75665
48.75,37.75,ascending,282.20166
48.75,38.0,ascending,281.90665
49.0,-13.0,ascending,192.89
49.0,-12.75,ascending,192.29668
49.0,-12.5,ascending,191.35715
49.0,-12.25,ascending,190.56665
49.0,-12.0,ascending,190.015
49.0,-11.75,ascending,189.47333
49.0,-11.5,ascending,189.09499
49.0,-11.25,ascending,188.82166
49.0,-11.0,ascending,188.616
49.0,-10.75,ascending,188.57832
49.0,-10.5,ascending,188.65714
49.0,-10.25,ascending,188.708
49.0,-10.0,ascending,188.63332
49.0,-9.75,ascending,188.62
49.0,-9.5,ascending,188.59666
49.0,-9.25,ascending,188.55165
49.0,-9.0,ascending,188.37
49.0,-8.75,ascending,188.21799
49.0,-8.5,ascending,188.10667
49.0,-8.25,ascending,188.04167
49.0,-8.0,ascending,187.915
49.0,-7.75,ascending,187.77666
49.0,-7.5,ascending,187.646
49.0,-7.25,ascending,187.58167
49.0,-7.0,ascending,187.5
49.0,-6.75,ascending,187.46571
49.0,-6.5,ascending,187.45
49.0,-6.25,ascending,187.62599
49.0,-6.0,ascending,187.85428
49.0,-5.75,ascending,187.815
49.0,-5.5,ascending,187.61499
49.0,-5.25,ascending,187.44499
49.0,-5.0,ascending,187.42749
49.0,-4.75,ascending,188.65999
49.0,-4.5,ascending,190.13
49.0,-4.25,ascending,189.75749
49.0,-4.0,ascending,190.65
49.0,-3.75,ascending,190.74165
49.0,-3.5,ascending,192.89714
49.0,-3.25,ascending,196.70332
49.0,-3.0,ascending,197.11165
49.0,-2.75,ascending,191.62856
49.0,-2.5,ascending,191.87834
49.0,-2.25,ascending,194.844
49.0,-2.0,ascending,204.85428
49.0,-1.75,ascending,225.65141
49.0,-1.5,ascending,251.55333
49.0,-1.25,ascending,266.02713
49.0,-1.0,ascending,267.54855
49.0,-0.75,ascending,264.124
49.0,-0.5,ascending,263.31284
49.0,-0.25,ascending,267.83142
49.0,0.0,ascending,274.15778
49.0,0.25,ascending,282.47165
49.0,0.5,ascending,285.31143
49.0,0.75,ascending,286.6357
49.0,1.0,ascending,288.18283
49.0,1.25,ascending,290.02332
49.0,1.5,ascending,291.2989
49.0,1.75,ascending,291.7489
49.0,2.0,ascending,291.43
49.0,2.25,ascending,290.77
49.0,2.5,ascending,290.6873
49.0,2.75,ascending,291.29498
49.0,3.0,ascending,292.06668
49.0,3.25,ascending,292.62643
49.0,3.5,ascending,292.6684
49.0,3.75,ascending,292.3165
49.0,4.0,ascending,292.07285
49.0,6.0,ascending,291.72668
49.0,6.25,ascending,291.70056
49.0,6.5,ascending,291.80582
49.0,6.75,ascending,292.02417
49.0,7.0,ascending,292.27585
49.0,7.25,ascending,292.47583
49.0,7.5,ascending,292.544
49.0,7.75,ascending,292.3622
49.0,8.0,ascending,291.96222
49.0,8.25,ascending,291.56
49.0,8.5,ascending,291.22
49.0,8.75,ascending,291.07373
49.0,9.0,ascending,290.96887
49.0,9.25,ascending,291.0843
49.0,9.5,ascending,291.5011
49.0,9.75,ascending,292.12332
49.0,10.0,ascending,292.57373
49.0,10.25,ascending,292.88666
49.0,10.5,ascending,292.70874
49.0,10.75,ascending,292.65665
49.0,11.0,ascending,292.28375
49.0,11.25,ascending,292.10666
49.0,11.5,ascending,292.04855
49.0,11.75,ascending,291.85
49.0,12.0,ascending,291.33667
49.0,12.25,ascending,290.61832
49.0,12.5,ascending,289.78427
49.0,12.75,ascending,289.866
49.0,13.0,ascending,290.27
49.0,13.25,ascending,290.56
49.0,13.5,ascending,290.455
49.0,13.75,ascending,290.05667
49.0,14.0,ascending,289.66165
49.0,14.25,ascending,289.3033
49.0,14.5,ascending,288.905
49.0,14.75,ascending,288.305
49.0,15.0,ascending,287.955
49.0,15.25,ascending,288.33197
49.0,15.5,ascending,288.86832
49.0,15.75,ascending,289.30832
49.0,16.0,ascending,289.57498
49.0,16.25,ascending,289.47665
49.0,16.5,ascending,288.995
49.0,16.75,ascending,288.60797
49.0,17.0,ascending,288.56
49.0,17.25,ascending,288.51398
49.0,17.5,ascending,288.45667
49.0,17.75,ascending,288.4833
49.0,18.0,ascending,288.442
49.0,18.25,ascending,288.08
49.0,18.5,ascending,287.775
49.0,18.75,ascending,287.65
49.0,19.0,ascending,287.15164
49.0,19.25,ascending,286.5533
49.0,19.5,ascending,286.0483
49.0,19.75,ascending,285.955
49.0,20.0,ascending,286.13168
49.0,20.25,ascending,286.35666
49.0,20.5,ascending,286.5186
49.0,20.75,ascending,286.33167
49.0,21.0,ascending,286.05167
49.0,21.25,ascending,286.14166
49.0,21.5,ascending,286.22
49.0,21.75,ascending,285.61832
49.0,22.0,ascending,284.67166
49.0,22.25,ascending,283.70667
49.0,22.5,ascending,283.18143
49.0,22.75,ascending,283.43832
49.0,23.0,ascending,283.5357
49.0,23.25,ascending,283.346
49.0,23.5,ascending,283.06427
49.0,23.75,ascending,282.78665
49.0,24.0,ascending,282.40143
49.0,24.25,ascending,282.23
49.0,24.5,ascending,281.92856
49.0,24.75,ascending,281.72998
49.0,25.0,ascending,281.6389
49.0,25.25,ascending,281.3157
49.0,25.5,ascending,281.0133
49.0,25.75,ascending,281.0825
49.0,26.0,ascending,281.6475
49.0,26.25,ascending,282.2989
49.0,26.5,ascending,282.633
49.0,26.75,ascending,282.9911
49.0,27.0,ascending,283.2291
49.0,27.25,ascending,283.06168
49.0,27.5,ascending,282.8
49.0,27.75,ascending,282.9046
49.0,28.0,ascending,283.13266
49.0,28.25,ascending,283.16116
49.0,28.5,ascending,282.84128
49.0,28.75,ascending,282.66333
49.0,30.75,ascending,280.07666
49.0,31.0,ascending,280.13867
49.0,31.25,ascending,280.08334
49.0,31.5,ascending,279.82437
49.0,31.75,ascending,279.45364
49.0,32.0,ascending,278.84818
49.0,32.25,ascending,277.98553
49.0,32.5,ascending,275.735
49.0,32.75,ascending,270.78998
49.0,33.0,ascending,266.66
49.0,33.25,ascending,265.68857
49.0,33.5,ascending,264.61298
49.0,33.75,ascending,267.71573
49.0,34.0,ascending,271.38
49.0,34.25,ascending,275.22498
49.0,34.5,ascending,278.52625
49.0,34.75,ascending,280.7357
49.0,35.0,ascending,281.07712
49.0,35.25,ascending,281.065
49.0,35.5,ascending,280.96143
49.0,35.75,ascending,281.30856
49.0,36.0,ascending,281.2314
49.0,36.25,ascending,280.84167
49.0,36.5,ascending,280.68
49.0,36.75,ascending,281.18283
49.0,37.0,ascending,281.9043
49.0,37.25,ascending,282.042
49.0,37.5,ascending,281.31427
49.0,37.75,ascending,280.50833
49.0,38.0,ascending,280.52332
49.25,-13.0,ascending,193.57666
49.25,-12.75,ascending,193.17801
49.25,-12.5,ascending,192.28166
49.25,-12.25,ascending,191.27333
49.25,-12.0,ascending,190.634
49.25,-11.75,ascending,190.04428
49.25,-11.5,ascending,189.574
49.25,-11.25,ascending,189.21399
49.25,-11.0,ascending,188.87666
49.25,-10.75,ascending,188.705
49.25,-10.5,ascending,188.64333
49.25,-10.25,ascending,188.60667
49.25,-10.0,ascending,188.55333
49.25,-9.75,ascending,188.50334
49.25,-9.5,ascending,188.43834
49.25,-9.25,ascending,188.38
49.25,-9.0,ascending,188.264
49.25,-8.75,ascending,188.13832
49.25,-8.5,ascending,188.068
49.25,-8.25,ascending,188.008
49.25,-8.0,ascending,187.925
49.25,-7.75,ascending,187.9025
49.25,-7.5,ascending,187.85143
49.25,-7.25,ascending,187.745
49.25,-7.0,ascending,187.61333
49.25,-6.75,ascending,187.48999
49.25,-6.5,ascending,187.392
49.25,-6.25,ascending,187.49333
49.25,-6.0,ascending,187.65666
49.25,-5.75,ascending,187.70999
49.25,-5.5,ascending,187.7775
49.25,-5.25,ascending,187.6843
49.25,-5.0,ascending,187.49333
49.25,-4.75,ascending,187.14
49.25,-4.5,ascending,186.93
49.25,-4.25,ascending,186.84666
49.25,-4.0,ascending,186.87834
49.25,-3.75,ascending,186.72499
49.25,-3.5,ascending,186.90833
49.25,-3.25,ascending,187.36665
49.25,-3.0,ascending,187.71
49.25,-2.75,ascending,187.602
49.25,-2.5,ascending,188.94429
49.25,-2.25,ascending,193.08998
49.25,-2.0,ascending,204.885
49.25,-1.75,ascending,225.71332
49.25,-1.5,ascending,246.44858
49.25,-1.25,ascending,247.59833
49.25,-1.0,ascending,236.78499
49.25,-0.75,ascending,235.71286
49.25,-0.5,ascending,229.50427
49.25,-0.25,ascending,237.18285
49.25,0.0,ascending,247.71167
49.25,0.25,ascending,268.99374
49.25,0.5,ascending,279.02
49.25,0.75,ascending,284.565
49.25,1.0,ascending,287.34
49.25,1.25,ascending,289.6257
49.25,1.5,ascending,291.1089
49.25,1.75,ascending,291.83124
49.25,2.0,ascending,292.02777
49.25,2.25,ascending,291.78445
49.25,2.5,ascending,291.50998
49.25,2.75,ascending,291.43417
49.25,3.0,ascending,291.71072
49.25,3.25,ascending,292.18076
49.25,3.5,ascending,292.54498
49.25,3.75,ascending,292.57092
49.25,4.0,ascending,292.435
49.25,5.75,ascending,292.14502
49.25,6.0,ascending,291.8872
49.25,6.25,ascending,291.68533
49.25,6.5,ascending,291.61084
49.25,6.75,ascending,291.725
49.25,7.0,ascending,291.94543
49.25,7.25,ascending,292.102
49.25,7.5,ascending,292.341
49.25,7.75,ascending,292.41333
49.25,8.0,ascending,292.16888
49.25,8.25,ascending,291.73624
49.25,8.5,ascending,291.17624
49.25,8.75,ascending,290.86124
49.25,9.0,ascending,290.9157
49.25,9.25,ascending,291.29248
49.25,9.5,ascending,292.0
49.25,9.75,ascending,292.57834
49.25,10.0,ascending,292.92874
49.25,10.25,ascending,293.07834
49.25,10.5,ascending,293.07144
49.25,10.75,ascending,292.99332
49.25,11.0,ascending,292.83
49.25,11.25,ascending,292.68832
49.25,11.5,ascending,292.68
49.25,11.75,ascending,292.615
49.25,12.0,ascending,292.155
49.25,12.25,ascending,291.822
49.25,12.5,ascending,291.46167
49.25,12.75,ascending,291.54666
49.25,13.0,ascending,291.52167
49.25,13.25,ascending,291.29333
49.25,13.5,ascending,291.07333
49.25,13.75,ascending,290.68332
49.25,14.0,ascending,290.16
49.25,14.25,ascending,289.685
49.25,14.5,ascending,289.26666
49.25,14.75,ascending,288.685
49.25,15.0,ascending,288.38666
49.25,15.25,ascending,288.534
49.25,15.5,ascending,288.9283
49.25,15.75,ascending,289.334
49.25,16.0,ascending,289.42166
49.25,16.25,ascending,289.2575
49.25,16.5,ascending,288.92334
49.25,16.75,ascending,288.604
49.25,17.0,ascending,288.435
49.25,17.25,ascending,288.224
49.25,17.5,ascending,288.16666
49.25,17.75,ascending,288.28998
49.25,18.0,ascending,287.97333
49.25,18.25,ascending,287.388
49.25,18.5,ascending,286.96
49.25,18.75,ascending,286.70572
49.25,19.0,ascending,285.91666
49.25,19.25,ascending,285.40332
49.25,19.5,ascending,285.09665
49.25,19.75,ascending,285.26248
49.25,20.0,ascending,285.4325
49.25,20.25,ascending,285.575
49.25,20.5,ascending,285.53998
49.25,20.75,ascending,285.29333
49.25,21.0,ascending,285.2683
49.25,21.25,ascending,285.495
49.25,21.5,ascending,285.636
49.25,21.75,ascending,285.12714
49.25,22.0,ascending,284.37668
49.25,22.25,ascending,283.504
49.25,22.5,ascending,283.02335
49.25,22.75,ascending,283.36
49.25,23.0,ascending,283.79144
49.25,23.25,ascending,283.5
49.25,23.5,ascending,282.93
49.25,23.75,ascending,282.39856
49.25,24.0,ascending,281.76572
49.25,24.25,ascending,281.5114
49.25,24.5,ascending,281.27
49.25,24.75,ascending,280.8725
49.25,25.0,ascending,280.40143
49.25,25.25,ascending,280.035
49.25,25.5,ascending,279.52856
49.25,25.75,ascending,279.955
49.25,26.0,ascending,281.17224
49.25,26.25,ascending,282.44144
49.25,26.5,ascending,282.84998
49.25,26.75,ascending,282.71198
49.25,27.0,ascending,282.638
49.25,27.25,ascending,282.83798
49.25,27.5,ascending,283.00726
49.25,27.75,ascending,283.1725
49.25,28.0,ascending,283.12466
49.25,28.25,ascending,282.77292
49.25,28.5,ascending,282.29572
49.25,30.5,ascending,280.01334
49.25,30.75,ascending,280.016
49.25,31.0,ascending,280.06998
49.25,31.25,ascending,279.9908
49.25,31.5,ascending,279.5
49.25,31.75,ascending,278.26498
49.25,32.0,ascending,275.517
49.25,32.25,ascending,270.70776
49.25,32.5,ascending,261.51498
49.25,32.75,ascending,251.9489
49.25,33.0,ascending,249.53285
49.25,33.25,ascending,254.87224
49.25,33.5,ascending,264.3875
49.25,33.75,ascending,272.21664
49.25,34.0,ascending,277.405
49.25,34.25,ascending,280.67624
49.25,34.5,ascending,281.5
49.25,34.75,ascending,281.68857
49.25,35.0,ascending,281.76498
49.25,35.25,ascending,282.00833
49.25,35.5,ascending,282.06427
49.25,35.75,ascending,281.9283
49.25,36.0,ascending,281.59427
49.25,36.25,ascending,281.21167
49.25,36.5,ascending,281.28998
49.25,36.75,ascending,281.25833
49.25,37.0,ascending,281.21664
49.25,37.25,ascending,280.775
49.25,37.5,ascending,279.93497
49.25,37.75,ascending,279.6
49.25,38.0,ascending,280.0825
49.5,-13.0,ascending,194.7475
49.5,-12.75,ascending,194.18
49.5,-12.5,ascending,193.385
49.5,-12.25,ascending,192.22427
49.5,-12.0,ascending,191.55333
49.5,-11.75,ascending,190.954
49.5,-11.5,ascending,190.35374
49.5,-11.25,ascending,189.77167
49.5,-11.0,ascending,189.274
49.5,-10.75,ascending,188.904
49.5,-10.5,ascending,188.69832
49.5,-10.25,ascending,188.608
49.5,-10.0,ascending,188.54333
49.5,-9.75,ascending,188.44331
49.5,-9.5,ascending,188.35599
49.5,-9.25,ascending,188.29999
49.5,-9.0,ascending,188.22833
49.5,-8.75,ascending,188.12999
49.5,-8.5,ascending,188.02284
49.5,-8.25,ascending,187.96599
49.5,-8.0,ascending,187.99666
49.5,-7.75,ascending,188.03499
49.5,-7.5,ascending,188.0
49.5,-7.25,ascending,187.88713
49.5,-7.0,ascending,187.758
49.5,-6.75,ascending,187.548
49.5,-6.5,ascending,187.47833
49.5,-6.25,ascending,187.60999
49.5,-6.0,ascending,187.774
49.5,-5.75,ascending,188.28833
49.5,-5.5,ascending,189.77498
49.5,-5.25,ascending,191.58333
49.5,-5.0,ascending,191.7
49.5,-4.75,ascending,189.74165
49.5,-4.5,ascending,187.90999
49.5,-4.25,ascending,187.12834
49.5,-4.0,ascending,187.04834
49.5,-3.75,ascending,186.97667
49.5,-3.5,ascending,186.72166
49.5,-3.25,ascending,186.17
49.5,-3.0,ascending,185.97333
49.5,-2.75,ascending,186.33167
49.5,-2.5,ascending,187.0457
49.5,-2.25,ascending,189.38666
49.5,-2.0,ascending,199.97427
49.5,-1.75,ascending,214.378
49.5,-1.5,ascending,225.5657
49.5,-1.25,ascending,222.34999
49.5,-1.0,ascending,212.3257
49.5,-0.75,ascending,204.16875
49.5,-0.5,ascending,203.85667
49.5,-0.25,ascending,205.70624
49.5,0.0,ascending,221.42665
49.5,0.25,ascending,240.81857
49.5,0.5,ascending,259.33142
49.5,0.75,ascending,273.71286
49.5,1.0,ascending,280.28622
49.5,1.25,ascending,286.9
49.5,1.5,ascending,290.43445
49.5,1.75,ascending,291.75552
49.5,2.0,ascending,292.03998
49.5,2.25,ascending,291.86725
49.5,2.5,ascending,291.4091
49.5,2.75,ascending,291.1108
49.5,3.0,ascending,291.17078
49.5,3.25,ascending,291.62933
49.5,3.5,ascending,292.1378
49.5,3.75,ascending,292.38763
49.5,5.75,ascending,292.595
49.5,6.0,ascending,292.335
49.5,6.25,ascending,292.06265
49.5,6.5,ascending,291.9175
49.5,6.75,ascending,291.94775
49.5,7.0,ascending,292.10916
49.5,7.25,ascending,292.43097
49.5,7.5,ascending,292.6378
49.5,7.75,ascending,292.725
49.5,8.0,ascending,292.57
49.5,8.25,ascending,292.07498
49.5,8.5,ascending,291.50748
49.5,8.75,ascending,291.34
49.5,9.0,ascending,291.78
49.5,9.25,ascending,292.24
49.5,9.5,ascending,292.49713
49.5,9.75,ascending,292.525
49.5,10.0,ascending,292.39142
49.5,10.25,ascending,292.40164
49.5,10.5,ascending,292.40427
49.5,10.75,ascending,292.50287
49.5,11.0,ascending,292.46857
49.5,11.25,ascending,292.51428
49.5,11.5,ascending,292.76
49.5,11.75,ascending,292.93332
49.5,12.0,ascending,292.78
49.5,12.25,ascending,292.59335
49.5,12.5,ascending,292.28427
49.5,12.75,ascending,292.128
49.5,13.0,ascending,292.07858
49.5,13.25,ascending,291.94498
49.5,13.5,ascending,291.508
49.5,13.75,ascending,291.026
49.5,14.0,ascending,290.5533
49.5,14.25,ascending,290.12332
49.5,14.5,ascending,289.60602
49.5,14.75,ascending,289.034
49.5,15.0,ascending,288.705
49.5,15.25,ascending,288.668
49.5,15.5,ascending,289.01834
49.5,15.75,ascending,289.268
49.5,16.0,ascending,289.02664
49.5,16.25,ascending,288.85333
49.5,16.5,ascending,288.7383
49.5,16.75,ascending,288.63498
49.5,17.0,ascending,288.3975
49.5,17.25,ascending,288.13858
49.5,17.5,ascending,288.0525
49.5,17.75,ascending,287.94498
49.5,18.0,ascending,287.36166
49.5,18.25,ascending,286.38397
49.5,18.5,ascending,285.82333
49.5,18.75,ascending,285.17667
49.5,19.0,ascending,284.54166
49.5,19.25,ascending,284.5475
49.5,19.5,ascending,284.6875
49.5,19.75,ascending,284.97165
49.5,20.0,ascending,285.03857
49.5,20.25,ascending,285.06833
49.5,20.5,ascending,284.966
49.5,20.75,ascending,284.692
49.5,21.0,ascending,284.8583
49.5,21.25,ascending,285.08334
49.5,21.5,ascending,285.11667
49.5,21.75,ascending,284.805
49.5,22.0,ascending,284.395
49.5,22.25,ascending,283.93716
49.5,22.5,ascending,283.61142
49.5,22.75,ascending,283.68198
49.5,23.0,ascending,283.96667
49.5,23.25,ascending,283.6925
49.5,23.5,ascending,282.8814
49.5,23.75,ascending,282.11856
49.5,24.0,ascending,281.51855
49.5,24.25,ascending,281.28857
49.5,24.5,ascending,281.17572
49.5,24.75,ascending,280.6243
49.5,25.0,ascending,279.96713
49.5,25.25,ascending,279.4989
49.5,25.5,ascending,279.38443
49.5,25.75,ascending,279.78125
49.5,26.0,ascending,280.72998
49.5,26.25,ascending,281.90298
49.5,26.5,ascending,282.36334
49.5,26.75,ascending,282.18597
49.5,27.0,ascending,282.02667
49.5,27.25,ascending,282.4309
49.5,27.5,ascending,282.75
49.5,27.75,ascending,282.64215
49.5,28.0,ascending,282.52997
49.5,28.25,ascending,282.245
49.5,28.5,ascending,281.91736
49.5,30.25,ascending,279.15
49.5,30.5,ascending,279.65875
49.5,30.75,ascending,279.856
49.5,31.0,ascending,279.93668
49.5,31.25,ascending,279.4323
49.5,31.5,ascending,277.682
49.5,31.75,ascending,275.094
49.5,32.0,ascending,270.034
49.5,32.25,ascending,263.52222
49.5,32.5,ascending,260.751
49.5,32.75,ascending,259.74713
49.5,33.0,ascending,262.04333
49.5,33.25,ascending,269.89777
49.5,33.5,ascending,276.37375
49.5,33.75,ascending,279.11166
49.5,34.0,ascending,280.72
49.5,34.25,ascending,281.28857
49.5,34.5,ascending,281.57874
49.5,34.75,ascending,281.83
49.5,35.0,ascending,282.04166
49.5,35.25,ascending,282.08713
49.5,35.5,ascending,281.81714
49.5,35.75,ascending,281.61856
49.5,36.0,ascending,281.52335
49.5,36.25,ascending,281.39142
49.5,36.5,ascending,280.89285
49.5,36.75,ascending,280.66
49.5,37.0,ascending,280.39285
49.5,37.25,ascending,280.104
49.5,37.5,ascending,279.8814
49.5,37.75,ascending,280.26398
49.5,38.0,ascending,280.91
49.75,-13.0,ascending,195.82999
49.75,-12.75,ascending,195.065
49.75,-12.5,ascending,194.318
49.75,-12.25,ascending,193.42857
49.75,-12.0,ascending,192.642
49.75,-11.75,ascending,191.99333
49.75,-11.5,ascending,191.394
49.75,-11.25,ascending,190.808
49.75,-11.0,ascending,189.9857
49.75,-10.75,ascending,189.256
49.75,-10.5,ascending,189.004
49.75,-10.25,ascending,188.734
49.75,-10.0,ascending,188.54999
49.75,-9.75,ascending,188.375
49.75,-9.5,ascending,188.30333
49.75,-9.25,ascending,188.31999
49.75,-9.0,ascending,188.28333
49.75,-8.75,ascending,188.15799
49.75,-8.5,ascending,188.05
49.75,-8.25,ascending,188.038
49.75,-8.0,ascending,188.10167
49.75,-7.75,ascending,188.11398
49.75,-7.5,ascending,188.086
49.75,-7.25,ascending,188.068
49.75,-7.0,ascending,187.91833
49.75,-6.75,ascending,187.71832
49.75,-6.5,ascending,187.702
49.75,-6.25,ascending,187.86499
49.75,-6.0,ascending,188.12334
49.75,-5.75,ascending,190.05666
49.75,-5.5,ascending,195.255
49.75,-5.25,ascending,201.90833
49.75,-5.0,ascending,204.51332
49.75,-4.75,ascending,200.54668
49.75,-4.5,ascending,195.62666
49.75,-4.25,ascending,193.55168
49.75,-4.0,ascending,193.84001
49.75,-3.75,ascending,193.71666
49.75,-3.5,ascending,191.25665
49.75,-3.25,ascending,187.90666
49.75,-3.0,ascending,186.10999
49.75,-2.75,ascending,185.80399
49.75,-2.5,ascending,186.17665
49.75,-2.25,ascending,186.77501
49.75,-2.0,ascending,189.78833
49.75,-1.75,ascending,197.4343
49.75,-1.5,ascending,202.566
49.75,-1.25,ascending,200.69429
49.75,-1.0,ascending,196.40857
49.75,-0.75,ascending,193.22
49.75,-0.5,ascending,193.13445
49.75,-0.25,ascending,194.498
49.75,0.0,ascending,200.65887
49.75,0.25,ascending,209.98
49.75,0.5,ascending,225.605
49.75,0.75,ascending,242.61874
49.75,1.0,ascending,252.6225
49.75,1.25,ascending,271.91284
49.75,1.5,ascending,283.4611
49.75,1.75,ascending,290.08667
49.75,2.0,ascending,291.3811
49.75,2.25,ascending,291.486
49.75,2.5,ascending,291.13397
49.75,2.75,ascending,290.74545
49.75,3.0,ascending,290.76865
49.75,3.25,ascending,291.12714
49.75,3.5,ascending,291.61945
49.75,3.75,ascending,291.9944
49.75,5.5,ascending,293.47125
49.75,5.75,ascending,293.40833
49.75,6.0,ascending,293.27417
49.75,6.25,ascending,293.04752
49.75,6.5,ascending,292.88666
49.75,6.75,ascending,292.76273
49.75,7.0,ascending,292.81833
49.75,7.25,ascending,292.80667
49.75,7.5,ascending,292.82556
49.75,7.75,ascending,292.79498
49.75,8.0,ascending,292.36334
49.75,8.25,ascending,291.9375
49.75,8.5,ascending,291.6425
49.75,8.75,ascending,291.6243
49.75,9.0,ascending,291.87143
49.75,9.25,ascending,291.9675
49.75,9.5,ascending,291.81497
49.75,9.75,ascending,291.69
49.75,10.0,ascending,291.48
49.75,10.25,ascending,291.6133
49.75,10.5,ascending,291.8033
49.75,10.75,ascending,292.01666
49.75,11.0,ascending,292.20667
49.75,11.25,ascending,292.57428
49.75,11.5,ascending,292.98166
49.75,11.75,ascending,293.256
49.75,12.0,ascending,293.085
49.75,12.25,ascending,292.62714
49.75,12.5,ascending,292.272
49.75,12.75,ascending,292.24667
49.75,13.0,ascending,292.32666
49.75,13.25,ascending,292.06598
49.75,13.5,ascending,291.71335
49.75,13.75,ascending,291.41
49.75,14.0,ascending,290.95667
49.75,14.25,ascending,290.20834
49.75,14.5,ascending,289.53598
49.75,14.75,ascending,289.06665
49.75,15.0,ascending,288.7983
49.75,15.25,ascending,288.784
49.75,15.5,ascending,288.912
49.75,15.75,ascending,288.8033
49.75,16.0,ascending,288.594
49.75,16.25,ascending,288.56598
49.75,16.5,ascending,288.57834
49.75,16.75,ascending,288.44998
49.75,17.0,ascending,288.15
49.75,17.25,ascending,287.82797
49.75,17.5,ascending,287.62167
49.75,17.75,ascending,287.358
49.75,18.0,ascending,286.762
49.75,18.25,ascending,285.97
49.75,18.5,ascending,285.36166
49.75,18.75,ascending,284.616
49.75,19.0,ascending,283.9575
49.75,19.25,ascending,284.05667
49.75,19.5,ascending,284.55667
49.75,19.75,ascending,285.0
49.75,20.0,ascending,285.06332
49.75,20.25,ascending,285.1733
49.75,20.5,ascending,285.14166
49.75,20.75,ascending,284.896
49.75,21.0,ascending,285.102
49.75,21.25,ascending,285.31668
49.75,21.5,ascending,285.25
49.75,21.75,ascending,285.00598
49.75,22.0,ascending,284.76834
49.75,22.25,ascending,284.542
49.75,22.5,ascending,284.46832
49.75,22.75,ascending,284.2143
49.75,23.0,ascending,284.33
49.75,23.25,ascending,284.04
49.75,23.5,ascending,283.11285
49.75,23.75,ascending,282.392
49.75,24.0,ascending,282.005
49.75,24.25,ascending,281.67667
49.75,24.5,ascending,281.50873
49.75,24.75,ascending,280.94714
49.75,25.0,ascending,280.2375
49.75,25.25,ascending,279.99832
49.75,25.5,ascending,280.2375
49.75,25.75,ascending,280.615
49.75,26.0,ascending,280.77875
49.75,26.25,ascending,281.18332
49.75,26.5,ascending,281.78125
49.75,26.75,ascending,281.88397
49.75,27.0,ascending,281.70334
49.75,27.25,ascending,281.93817
49.75,27.5,ascending,282.26584
49.75,27.75,ascending,282.02274
49.75,28.0,ascending,281.47412
49.75,28.25,ascending,281.17166
49.75,28.5,ascending,281.11642
49.75,30.25,ascending,278.41333
49.75,30.5,ascending,278.294
49.75,30.75,ascending,278.19214
49.75,31.0,ascending,277.7675
49.75,31.25,ascending,275.69748
49.75,31.5,ascending,274.0391
49.75,31.75,ascending,272.59
49.75,32.0,ascending,271.58667
49.75,32.25,ascending,271.33698
49.75,32.5,ascending,274.42624
49.75,32.75,ascending,274.87
49.75,33.0,ascending,276.54626
49.75,33.25,ascending,279.14124
49.75,33.5,ascending,280.1457
49.75,33.75,ascending,280.8986
49.75,34.0,ascending,281.50714
49.75,34.25,ascending,281.78833
49.75,34.5,ascending,282.14374
49.75,34.75,ascending,282.25
49.75,35.0,ascending,281.96124
49.75,35.25,ascending,281.45834
49.75,35.5,ascending,280.72998
49.75,35.75,ascending,280.37668
49.75,36.0,ascending,280.012
49.75,36.25,ascending,279.77832
49.75,36.5,ascending,279.26498
49.75,36.75,ascending,279.26498
49.75,37.0,ascending,279.24167
49.75,37.25,ascending,279.53833
49.75,37.5,ascending,280.18167
49.75,37.75,ascending,280.7983
49.75,38.0,ascending,281.01666
50.0,-13.0,ascending,196.485
50.0,-12.75,ascending,195.93143
50.0,-12.5,ascending,195.43666
50.0,-12.25,ascending,194.49428
50.0,-12.0,ascending,193.68834
50.0,-11.75,ascending,193.116
50.0,-11.5,ascending,192.52167
50.0,-11.25,ascending,191.90166
50.0,-11.0,ascending,191.14333
50.0,-10.75,ascending,190.325
50.0,-10.5,ascending,189.605
50.0,-10.25,ascending,189.06
50.0,-10.0,ascending,188.67
50.0,-9.75,ascending,188.47499
50.0,-9.5,ascending,188.46167
50.0,-9.25,ascending,188.50429
50.0,-9.0,ascending,188.44199
50.0,-8.75,ascending,188.278
50.0,-8.5,ascending,188.15498
50.0,-8.25,ascending,188.10399
50.0,-8.0,ascending,188.10834
50.0,-7.75,ascending,188.12999
50.0,-7.5,ascending,188.165
50.0,-7.25,ascending,188.168
50.0,-7.0,ascending,188.07166
50.0,-6.75,ascending,187.92168
50.0,-6.5,ascending,187.90201
50.0,-6.25,ascending,188.00667
50.0,-6.0,ascending,188.73167
50.0,-5.75,ascending,192.665
50.0,-5.5,ascending,201.34999
50.0,-5.25,ascending,212.9625
50.0,-5.0,ascending,218.4025
50.0,-4.75,ascending,215.44499
50.0,-4.5,ascending,213.656
50.0,-4.25,ascending,214.71
50.0,-4.0,ascending,216.39166
50.0,-3.75,ascending,214.53333
50.0,-3.5,ascending,204.105
50.0,-3.25,ascending,196.29167
50.0,-3.0,ascending,190.18166
50.0,-2.75,ascending,189.58286
50.0,-2.5,ascending,190.58167
50.0,-2.25,ascending,189.14833
50.0,-2.0,ascending,190.29668
50.0,-1.75,ascending,191.24857
50.0,-1.5,ascending,192.63571
50.0,-1.25,ascending,193.635
50.0,-1.0,ascending,193.16333
50.0,-0.75,ascending,192.76999
50.0,-0.5,ascending,192.95
50.0,-0.25,ascending,193.39499
50.0,0.0,ascending,194.51428
50.0,0.25,ascending,196.34666
50.0,0.5,ascending,201.49857
50.0,0.75,ascending,208.35571
50.0,1.0,ascending,221.76
50.0,1.25,ascending,244.25775
50.0,1.5,ascending,265.80222
50.0,1.75,ascending,283.325
50.0,2.0,ascending,289.51273
50.0,2.25,ascending,290.91092
50.0,2.5,ascending,291.10416
50.0,2.75,ascending,290.89166
50.0,3.0,ascending,290.8954
50.0,3.25,ascending,291.21133
50.0,3.5,ascending,291.65903
50.0,3.75,ascending,291.87332
50.0,5.25,ascending,294.46335
50.0,5.5,ascending,294.3605
50.0,5.75,ascending,294.35846
50.0,6.0,ascending,294.2225
50.0,6.25,ascending,294.04666
50.0,6.5,ascending,293.83908
50.0,6.75,ascending,293.714
50.0,7.0,ascending,293.472
50.0,7.25,ascending,293.025
50.0,7.5,ascending,292.5822
50.0,7.75,ascending,291.987
50.0,8.0,ascending,291.34125
50.0,8.25,ascending,290.97858
50.0,8.5,ascending,290.9
50.0,8.75,ascending,290.98
50.0,9.0,ascending,291.205
50.0,9.25,ascending,291.37997
50.0,9.5,ascending,291.53125
50.0,9.75,ascending,291.71283
50.0,10.0,ascending,291.72165
50.0,10.25,ascending,291.80875
50.0,10.5,ascending,291.96832
50.0,10.75,ascending,292.2614
50.0,11.0,ascending,292.6443
50.0,11.25,ascending,293.094
50.0,11.5,ascending,293.31143
50.0,11.75,ascending,293.22427
50.0,12.0,ascending,292.808
50.0,12.25,ascending,292.17166
50.0,12.5,ascending,291.96667
50.0,12.75,ascending,292.02
50.0,13.0,ascending,291.965
50.0,13.25,ascending,291.70334
50.0,13.5,ascending,291.52
50.0,13.75,ascending,291.3
50.0,14.0,ascending,290.77832
50.0,14.25,ascending,289.99667
50.0,14.5,ascending,289.40665
50.0,14.75,ascending,289.086
50.0,15.0,ascending,288.95
50.0,15.25,ascending,288.82666
50.0,15.5,ascending,288.63333
50.0,15.75,ascending,288.492
50.0,16.0,ascending,288.55856
50.0,16.25,ascending,288.44
50.0,16.5,ascending,288.235
50.0,16.75,ascending,287.90164
50.0,17.0,ascending,287.372
50.0,17.25,ascending,287.04666
50.0,17.5,ascending,286.81
50.0,17.75,ascending,286.96198
50.0,18.0,ascending,286.88333
50.0,18.25,ascending,286.685
50.0,18.5,ascending,286.26498
50.0,18.75,ascending,285.475
50.0,19.0,ascending,284.92
50.0,19.25,ascending,284.86
50.0,19.5,ascending,285.26166
50.0,19.75,ascending,285.78
50.0,20.0,ascending,285.96
50.0,20.25,ascending,286.09164
50.0,20.5,ascending,286.05002
50.0,20.75,ascending,285.75665
50.0,21.0,ascending,285.78333
50.0,21.25,ascending,285.97
50.0,21.5,ascending,285.955
50.0,21.75,ascending,285.75833
50.0,22.0,ascending,285.56714
50.0,22.25,ascending,285.2283
50.0,22.5,ascending,285.29166
50.0,22.75,ascending,285.13623
50.0,23.0,ascending,285.1
50.0,23.25,ascending,284.71832
50.0,23.5,ascending,284.01834
50.0,23.75,ascending,283.2425
50.0,24.0,ascending,283.07834
50.0,24.25,ascending,282.70624
50.0,24.5,ascending,282.27332
50.0,24.75,ascending,281.71857
50.0,25.0,ascending,281.4475
50.0,25.25,ascending,281.35248
50.0,25.5,ascending,281.4575
50.0,25.75,ascending,281.91626
50.0,26.0,ascending,281.75897
50.0,26.25,ascending,281.46375
50.0,26.5,ascending,281.76364
50.0,26.75,ascending,282.504
50.0,27.0,ascending,282.70908
50.0,27.25,ascending,282.8891
50.0,27.5,ascending,283.01428
50.0,27.75,ascending,282.73468
50.0,28.0,ascending,282.15625
50.0,28.25,ascending,281.74106
50.0,28.5,ascending,281.6736
50.0,30.0,ascending,278.63626
50.0,30.25,ascending,277.79498
50.0,30.5,ascending,276.54916
50.0,30.75,ascending,275.14084
50.0,31.0,ascending,273.38858
50.0,31.25,ascending,271.7218
50.0,31.5,ascending,271.121
50.0,31.75,ascending,272.15665
50.0,32.0,ascending,274.0711
50.0,32.25,ascending,276.68
50.0,32.5,ascending,277.935
50.0,32.75,ascending,278.55374
50.0,33.0,ascending,279.1389
50.0,33.25,ascending,279.84283
50.0,33.5,ascending,280.60248
50.0,33.75,ascending,281.21857
50.0,34.0,ascending,281.74625
50.0,34.25,ascending,282.08856
50.0,34.5,ascending,282.07666
50.0,34.75,ascending,281.7425
50.0,35.0,ascending,281.12167
50.0,35.25,ascending,280.4714
50.0,35.5,ascending,279.81833
50.0,35.75,ascending,279.30142
50.0,36.0,ascending,278.69427
50.0,36.25,ascending,278.28598
50.0,36.5,ascending,278.2914
50.0,36.75,ascending,278.61398
50.0,37.0,ascending,279.1657
50.0,37.25,ascending,279.94598
50.0,37.5,ascending,280.65714
50.0,37.75,ascending,280.85602
50.0,38.0,ascending,280.702
50.25,-13.0,ascending,197.29
50.25,-12.75,ascending,197.11198
50.25,-12.5,ascending,196.666
50.25,-12.25,ascending,195.65001
50.25,-12.0,ascending,194.76
50.25,-11.75,ascending,194.11665
50.25,-11.5,ascending,193.67499
50.25,-11.25,ascending,193.12166
50.25,-11.0,ascending,192.34833
50.25,-10.75,ascending,191.40799
50.25,-10.5,ascending,190.685
50.25,-10.25,ascending,189.98999
50.25,-10.0,ascending,189.29333
50.25,-9.75,ascending,188.92334
50.25,-9.5,ascending,188.892
50.25,-9.25,ascending,188.82599
50.25,-9.0,ascending,188.73999
50.25,-8.75,ascending,188.5
50.25,-8.5,ascending,188.2775
50.25,-8.25,ascending,188.15
50.25,-8.0,ascending,188.09833
50.25,-7.75,ascending,188.116
50.25,-7.5,ascending,188.14499
50.25,-7.25,ascending,188.16333
50.25,-7.0,ascending,188.116
50.25,-6.75,ascending,187.97
50.25,-6.5,ascending,187.90999
50.25,-6.25,ascending,187.93999
50.25,-6.0,ascending,188.61165
50.25,-5.75,ascending,192.3575
50.25,-5.5,ascending,199.77
50.25,-5.25,ascending,210.43399
50.25,-5.0,ascending,222.86856
50.25,-4.75,ascending,230.342
50.25,-4.5,ascending,235.426
50.25,-4.25,ascending,241.98
50.25,-4.0,ascending,249.22427
50.25,-3.75,ascending,249.618
50.25,-3.5,ascending,228.02
50.25,-3.25,ascending,212.235
50.25,-3.0,ascending,205.56166
50.25,-2.75,ascending,203.34799
50.25,-2.5,ascending,208.60832
50.25,-2.25,ascending,204.03285
50.25,-2.0,ascending,204.69666
50.25,-1.75,ascending,204.084
50.25,-1.5,ascending,202.30429
50.25,-1.25,ascending,202.09833
50.25,-1.0,ascending,200.87999
50.25,-0.75,ascending,200.38
50.25,-0.5,ascending,199.37428
50.25,-0.25,ascending,199.76428
50.25,0.0,ascending,199.59999
50.25,0.25,ascending,198.08125
50.25,0.5,ascending,197.42
50.25,0.75,ascending,198.59332
50.25,1.0,ascending,204.60713
50.25,1.25,ascending,221.24374
50.25,1.5,ascending,251.43889
50.25,1.75,ascending,275.20776
50.25,2.0,ascending,287.021
50.25,2.25,ascending,290.27777
50.25,2.5,ascending,290.94818
50.25,2.75,ascending,290.94748
50.25,3.0,ascending,290.97598
50.25,3.25,ascending,291.22266
50.25,3.5,ascending,291.5125
50.25,3.75,ascending,291.6625
50.25,5.0,ascending,294.16998
50.25,5.25,ascending,294.546
50.25,5.5,ascending,294.6556
50.25,5.75,ascending,294.7358
50.25,6.0,ascending,294.6825
50.25,6.25,ascending,294.56598
50.25,6.5,ascending,294.4236
50.25,6.75,ascending,294.169
50.25,7.0,ascending,293.71222
50.25,7.25,ascending,293.03876
50.25,7.5,ascending,292.27444
50.25,7.75,ascending,291.57498
50.25,8.0,ascending,291.2914
50.25,8.25,ascending,291.195
50.25,8.5,ascending,291.305
50.25,8.75,ascending,291.38165
50.25,9.0,ascending,291.52875
50.25,9.25,ascending,291.91
50.25,9.5,ascending,292.12997
50.25,9.75,ascending,292.40332
50.25,10.0,ascending,292.34167
50.25,10.25,ascending,292.41998
50.25,10.5,ascending,292.46
50.25,10.75,ascending,292.74
50.25,11.0,ascending,292.98166
50.25,11.25,ascending,293.15143
50.25,11.5,ascending,293.132
50.25,11.75,ascending,292.6843
50.25,12.0,ascending,292.125
50.25,12.25,ascending,291.71167
50.25,12.5,ascending,291.478
50.25,12.75,ascending,291.255
50.25,13.0,ascending,290.86166
50.25,13.25,ascending,290.722
50.25,13.5,ascending,290.688
50.25,13.75,ascending,290.616
50.25,14.0,ascending,290.27
50.25,14.25,ascending,289.768
50.25,14.5,ascending,289.404
50.25,14.75,ascending,289.29
50.25,15.0,ascending,289.19666
50.25,15.25,ascending,288.874
50.25,15.5,ascending,288.662
50.25,15.75,ascending,288.70834
50.25,16.0,ascending,288.5075
50.25,16.25,ascending,288.09198
50.25,16.5,ascending,287.525
50.25,16.75,ascending,286.94598
50.25,17.0,ascending,286.31
50.25,17.25,ascending,285.96198
50.25,17.5,ascending,286.256
50.25,17.75,ascending,287.06332
50.25,18.0,ascending,287.735
50.25,18.25,ascending,287.8425
50.25,18.5,ascending,287.61832
50.25,18.75,ascending,287.24667
50.25,19.0,ascending,286.845
50.25,19.25,ascending,286.66
50.25,19.5,ascending,286.94998
50.25,19.75,ascending,287.46167
50.25,20.0,ascending,287.755
50.25,20.25,ascending,287.77335
50.25,20.5,ascending,287.41333
50.25,20.75,ascending,286.88165
50.25,21.0,ascending,286.59
50.25,21.25,ascending,286.555
50.25,21.5,ascending,286.58167
50.25,21.75,ascending,286.46
50.25,22.0,ascending,286.28
50.25,22.25,ascending,285.95667
50.25,22.5,ascending,285.81598
50.25,22.75,ascending,285.674
50.25,23.0,ascending,285.52
50.25,23.25,ascending,285.19998
50.25,23.5,ascending,284.56857
50.25,23.75,ascending,284.07
50.25,24.0,ascending,283.88834
50.25,24.25,ascending,284.10165
50.25,24.5,ascending,283.61
50.25,24.75,ascending,283.32748
50.25,25.0,ascending,282.91333
50.25,25.25,ascending,283.00626
50.25,25.5,ascending,282.94666
50.25,25.75,ascending,283.005
50.25,26.0,ascending,282.79874
50.25,26.25,ascending,282.43375
50.25,26.5,ascending,282.472
50.25,26.75,ascending,283.16223
50.25,27.0,ascending,284.21634
50.25,27.25,ascending,284.75183
50.25,27.5,ascending,284.8582
50.25,27.75,ascending,284.68152
50.25,28.0,ascending,284.17355
50.25,28.25,ascending,283.736
50.25,28.5,ascending,283.33197
50.25,29.75,ascending,281.35666
50.25,30.0,ascending,279.9493
50.25,30.25,ascending,278.5993
50.25,30.5,ascending,276.9258
50.25,30.75,ascending,275.41916
50.25,31.0,ascending,275.13333
50.25,31.25,ascending,275.78998
50.25,31.5,ascending,276.4811
50.25,31.75,ascending,277.3522
50.25,32.0,ascending,278.155
50.25,32.25,ascending,278.62286
50.25,32.5,ascending,278.6725
50.25,32.75,ascending,278.95712
50.25,33.0,ascending,279.70624
50.25,33.25,ascending,280.37
50.25,33.5,ascending,280.76498
50.25,33.75,ascending,280.99
50.25,34.0,ascending,281.27164
50.25,34.25,ascending,281.42715
50.25,34.5,ascending,281.29572
50.25,34.75,ascending,280.96335
50.25,35.0,ascending,280.56
50.25,35.25,ascending,280.1014
50.25,35.5,ascending,279.545
50.25,35.75,ascending,278.97797
50.25,36.0,ascending,278.4943
50.25,36.25,ascending,278.36142
50.25,36.5,ascending,278.69598
50.25,36.75,ascending,279.19
50.25,37.0,ascending,279.828
50.25,37.25,ascending,280.36166
50.25,37.5,ascending,280.58798
50.25,37.75,ascending,280.366
50.25,38.0,ascending,280.00665
50.5,-13.0,ascending,197.80333
50.5,-12.75,ascending,197.78667
50.5,-12.5,ascending,197.346
50.5,-12.25,ascending,196.50166
50.5,-12.0,ascending,195.68143
50.5,-11.75,ascending,195.02832
50.5,-11.5,ascending,194.478
50.5,-11.25,ascending,193.9475
50.5,-11.0,ascending,193.35599
50.5,-10.75,ascending,192.566
50.5,-10.5,ascending,191.68999
50.5,-10.25,ascending,190.88832
50.5,-10.0,ascending,190.14667
50.5,-9.75,ascending,189.696
50.5,-9.5,ascending,189.52501
50.5,-9.25,ascending,189.32999
50.5,-9.0,ascending,189.134
50.5,-8.75,ascending,188.89667
50.5,-8.5,ascending,188.555
50.5,-8.25,ascending,188.316
50.5,-8.0,ascending,188.21999
50.5,-7.75,ascending,188.11499
50.5,-7.5,ascending,188.01666
50.5,-7.25,ascending,188.005
50.5,-7.0,ascending,188.002
50.5,-6.75,ascending,187.89333
50.5,-6.5,ascending,187.80833
50.5,-6.25,ascending,187.82999
50.5,-6.0,ascending,188.068
50.5,-5.75,ascending,188.96666
50.5,-5.5,ascending,191.63165
50.5,-5.25,ascending,198.28667
50.5,-5.0,ascending,210.745
50.5,-4.75,ascending,227.76332
50.5,-4.5,ascending,246.04668
50.5,-4.25,ascending,258.43198
50.5,-4.0,ascending,270.78165
50.5,-3.75,ascending,271.322
50.5,-3.5,ascending,258.40143
50.5,-3.25,ascending,236.89166
50.5,-3.0,ascending,234.73334
50.5,-2.75,ascending,231.15332
50.5,-2.5,ascending,242.17665
50.5,-2.25,ascending,240.96428
50.5,-2.0,ascending,238.90285
50.5,-1.75,ascending,231.50499
50.5,-1.5,ascending,228.18834
50.5,-1.25,ascending,231.91284
50.5,-1.0,ascending,225.19286
50.5,-0.75,ascending,222.44199
50.5,-0.5,ascending,221.0325
50.5,-0.25,ascending,221.85498
50.5,0.0,ascending,219.95427
50.5,0.25,ascending,218.68713
50.5,0.5,ascending,209.67714
50.5,0.75,ascending,205.32999
50.5,1.0,ascending,204.26799
50.5,1.25,ascending,215.0325
50.5,1.5,ascending,239.58798
50.5,1.75,ascending,266.45776
50.5,2.0,ascending,281.6322
50.5,2.25,ascending,288.37546
50.5,2.5,ascending,290.25305
50.5,2.75,ascending,290.65164
50.5,3.0,ascending,290.67142
50.5,3.25,ascending,290.90686
50.5,3.5,ascending,291.2559
50.5,3.75,ascending,291.3975
50.5,5.0,ascending,293.218
50.5,5.25,ascending,293.49057
50.5,5.5,ascending,293.64865
50.5,5.75,ascending,293.97415
50.5,6.0,ascending,294.154
50.5,6.25,ascending,294.194
50.5,6.5,ascending,293.925
50.5,6.75,ascending,293.3811
50.5,7.0,ascending,292.80667
50.5,7.25,ascending,292.11874
50.5,7.5,ascending,291.54373
50.5,7.75,ascending,291.30374
50.5,8.0,ascending,291.52426
50.5,8.25,ascending,291.705
50.5,8.5,ascending,291.76373
50.5,8.75,ascending,291.81
50.5,9.0,ascending,292.06668
50.5,9.25,ascending,292.43832
50.5,9.5,ascending,292.68124
50.5,9.75,ascending,292.7383
50.5,10.0,ascending,292.62286
50.5,10.25,ascending,292.58
50.5,10.5,ascending,292.63715
50.5,10.75,ascending,292.69998
50.5,11.0,ascending,292.68997
50.5,11.25,ascending,292.58667
50.5,11.5,ascending,292.30716
50.5,11.75,ascending,291.852
50.5,12.0,ascending,291.4883
50.5,12.25,ascending,291.11856
50.5,12.5,ascending,290.53333
50.5,12.75,ascending,290.014
50.5,13.0,ascending,289.496
50.5,13.25,ascending,289.415
50.5,13.5,ascending,289.41666
50.5,13.75,ascending,289.43832
50.5,14.0,ascending,289.396
50.5,14.25,ascending,289.22333
50.5,14.5,ascending,289.32666
50.5,14.75,ascending,289.50998
50.5,15.0,ascending,289.43597
50.5,15.25,ascending,289.09427
50.5,15.5,ascending,288.912
50.5,15.75,ascending,288.78
50.5,16.0,ascending,288.22665
50.5,16.25,ascending,287.57797
50.5,16.5,ascending,286.95834
50.5,16.75,ascending,286.318
50.5,17.0,ascending,285.922
50.5,17.25,ascending,285.874
50.5,17.5,ascending,286.72665
50.5,17.75,ascending,287.88333
50.5,18.0,ascending,288.41998
50.5,18.25,ascending,288.702
50.5,18.5,ascending,288.77
50.5,18.75,ascending,288.736
50.5,19.0,ascending,288.36002
50.5,19.25,ascending,287.9975
50.5,19.5,ascending,288.16248
50.5,19.75,ascending,288.655
50.5,20.0,ascending,288.995
50.5,20.25,ascending,289.05
50.5,20.5,ascending,288.43167
50.5,20.75,ascending,287.6133
50.5,21.0,ascending,287.09
50.5,21.25,ascending,286.87332
50.5,21.5,ascending,286.535
50.5,21.75,ascending,286.19998
50.5,22.0,ascending,285.954
50.5,22.25,ascending,285.85284
50.5,22.5,ascending,285.7257
50.5,22.75,ascending,285.54166
50.5,23.0,ascending,285.20166
50.5,23.25,ascending,285.01666
50.5,23.5,ascending,284.8457
50.5,23.75,ascending,284.61
50.5,24.0,ascending,284.77
50.5,24.25,ascending,285.00143
50.5,24.5,ascending,285.08142
50.5,24.75,ascending,284.74332
50.5,25.0,ascending,284.31
50.5,25.25,ascending,284.13284
50.5,25.5,ascending,283.88376
50.5,25.75,ascending,284.04715
50.5,26.0,ascending,283.89557
50.5,26.25,ascending,283.81198
50.5,26.5,ascending,284.08112
50.5,26.75,ascending,284.453
50.5,27.0,ascending,285.20364
50.5,27.25,ascending,285.7125
50.5,27.5,ascending,285.96213
50.5,27.75,ascending,285.8707
50.5,28.0,ascending,285.43176
50.5,28.25,ascending,284.9505
50.5,28.5,ascending,284.53
50.5,29.5,ascending,283.44998
50.5,29.75,ascending,282.26462
50.5,30.0,ascending,281.10376
50.5,30.25,ascending,279.62418
50.5,30.5,ascending,278.00748
50.5,30.75,ascending,276.83908
50.5,31.0,ascending,276.7682
50.5,31.25,ascending,277.52222
50.5,31.5,ascending,278.3511
50.5,31.75,ascending,278.7622
50.5,32.0,ascending,279.05798
50.5,32.25,ascending,279.125
50.5,32.5,ascending,279.43375
50.5,32.75,ascending,279.95874
50.5,33.0,ascending,280.495
50.5,33.25,ascending,280.69284
50.5,33.5,ascending,280.8822
50.5,33.75,ascending,281.06998
50.5,34.0,ascending,281.2257
50.5,34.25,ascending,281.30283
50.5,34.5,ascending,281.16428
50.5,34.75,ascending,280.79
50.5,35.0,ascending,280.19998
50.5,35.25,ascending,279.794
50.5,35.5,ascending,279.32712
50.5,35.75,ascending,278.9657
50.5,36.0,ascending,278.83798
50.5,36.25,ascending,278.95572
50.5,36.5,ascending,279.18167
50.5,36.75,ascending,279.49
50.5,37.0,ascending,279.88666
50.5,37.25,ascending,279.994
50.5,37.5,ascending,279.80667
50.5,37.75,ascending,279.51663
50.5,38.0,ascending,279.32333
50.75,-13.0,ascending,197.73
50.75,-12.75,ascending,197.88799
50.75,-12.5,ascending,197.66167
50.75,-12.25,ascending,197.048
50.75,-12.0,ascending,196.26666
50.75,-11.75,ascending,195.5575
50.75,-11.5,ascending,194.95667
50.75,-11.25,ascending,194.33833
50.75,-11.0,ascending,193.76666
50.75,-10.75,ascending,193.17833
50.75,-10.5,ascending,192.51166
50.75,-10.25,ascending,192.045
50.75,-10.0,ascending,191.42833
50.75,-9.75,ascending,190.91
50.75,-9.5,ascending,190.88832
50.75,-9.25,ascending,190.59799
50.75,-9.0,ascending,190.58333
50.75,-8.75,ascending,190.17
50.75,-8.5,ascending,189.42749
50.75,-8.25,ascending,189.04
50.75,-8.0,ascending,188.70601
50.75,-7.75,ascending,188.15332
50.75,-7.5,ascending,187.93999
50.75,-7.25,ascending,187.81
50.75,-7.0,ascending,187.745
50.75,-6.75,ascending,187.648
50.75,-6.5,ascending,187.595
50.75,-6.25,ascending,187.60599
50.75,-6.0,ascending,187.57832
50.75,-5.75,ascending,187.622
50.75,-5.5,ascending,187.95833
50.75,-5.25,ascending,189.795
50.75,-5.0,ascending,195.34166
50.75,-4.75,ascending,207.90334
50.75,-4.5,ascending,229.08833
50.75,-4.25,ascending,251.83667
50.75,-4.0,ascending,266.042
50.75,-3.75,ascending,270.862
50.75,-3.5,ascending,268.5014
50.75,-3.25,ascending,261.216
50.75,-3.0,ascending,262.81284
50.75,-2.75,ascending,263.275
50.75,-2.5,ascending,270.73398
50.75,-2.25,ascending,272.396
50.75,-2.0,ascending,271.098
50.75,-1.75,ascending,268.5757
50.75,-1.5,ascending,262.74167
50.75,-1.25,ascending,263.24667
50.75,-1.0,ascending,261.86
50.75,-0.75,ascending,256.71143
50.75,-0.5,ascending,257.71167
50.75,-0.25,ascending,253.65285
50.75,0.0,ascending,256.23666
50.75,0.25,ascending,254.06429
50.75,0.5,ascending,242.84001
50.75,0.75,ascending,230.02144
50.75,1.0,ascending,217.76999
50.75,1.25,ascending,212.08124
50.75,1.5,ascending,220.40666
50.75,1.75,ascending,244.85333
50.75,2.0,ascending,263.78
50.75,2.25,ascending,273.82
50.75,2.5,ascending,281.88455
50.75,2.75,ascending,287.51248
50.75,3.0,ascending,289.28665
50.75,3.25,ascending,289.2825
50.75,3.5,ascending,288.365
50.75,4.75,ascending,291.934
50.75,5.0,ascending,292.37778
50.75,5.25,ascending,292.34067
50.75,5.5,ascending,292.4208
50.75,5.75,ascending,292.5122
50.75,6.0,ascending,292.58
50.75,6.25,ascending,292.5289
50.75,6.5,ascending,291.594
50.75,6.75,ascending,290.86667
50.75,7.0,ascending,290.40625
50.75,7.25,ascending,290.24124
50.75,7.5,ascending,290.526
50.75,7.75,ascending,291.18573
50.75,8.0,ascending,291.6975
50.75,8.25,ascending,291.94666
50.75,8.5,ascending,292.12
50.75,8.75,ascending,292.26666
50.75,9.0,ascending,292.56714
50.75,9.25,ascending,292.71
50.75,9.5,ascending,292.65997
50.75,9.75,ascending,292.60333
50.75,10.0,ascending,292.43713
50.75,10.25,ascending,292.25665
50.75,10.5,ascending,292.19
50.75,10.75,ascending,292.068
50.75,11.0,ascending,291.98
50.75,11.25,ascending,291.714
50.75,11.5,ascending,291.50333
50.75,11.75,ascending,291.256
50.75,12.0,ascending,290.862
50.75,12.25,ascending,290.34665
50.75,12.5,ascending,289.52664
50.75,12.75,ascending,288.77832
50.75,13.0,ascending,288.38498
50.75,13.25,ascending,288.285
50.75,13.5,ascending,288.30667
50.75,13.75,ascending,288.416
50.75,14.0,ascending,288.55002
50.75,14.25,ascending,288.82834
50.75,14.5,ascending,289.06747
50.75,14.75,ascending,288.97
50.75,15.0,ascending,288.895
50.75,15.25,ascending,288.735
50.75,15.5,ascending,288.70667
50.75,15.75,ascending,288.33
50.75,16.0,ascending,287.8175
50.75,16.25,ascending,287.302
50.75,16.5,ascending,286.77832
50.75,16.75,ascending,286.55
50.75,17.0,ascending,286.51
50.75,17.25,ascending,286.95667
50.75,17.5,ascending,287.784
50.75,17.75,ascending,288.515
50.75,18.0,ascending,288.76498
50.75,18.25,ascending,289.10834
50.75,18.5,ascending,289.332
50.75,18.75,ascending,289.3425
50.75,19.0,ascending,289.15
50.75,19.25,ascending,288.91165
50.75,19.5,ascending,289.00833
50.75,19.75,ascending,289.296
50.75,20.0,ascending,289.49667
50.75,20.25,ascending,289.32498
50.75,20.5,ascending,288.45
50.75,20.75,ascending,287.47998
50.75,21.0,ascending,286.96664
50.75,21.25,ascending,286.72165
50.75,21.5,ascending,285.9883
50.75,21.75,ascending,285.41
50.75,22.0,ascending,285.22333
50.75,22.25,ascending,285.20334
50.75,22.5,ascending,285.00333
50.75,22.75,ascending,284.96167
50.75,23.0,ascending,284.7557
50.75,23.25,ascending,284.798
50.75,23.5,ascending,284.95834
50.75,23.75,ascending,285.12125
50.75,24.0,ascending,285.41666
50.75,24.25,ascending,285.6857
50.75,24.5,ascending,285.82855
50.75,24.75,ascending,285.7075
50.75,25.0,ascending,285.45447
50.75,25.25,ascending,285.10284
50.75,25.5,ascending,284.9533
50.75,25.75,ascending,285.21
50.75,26.0,ascending,285.3611
50.75,26.25,ascending,285.47998
50.75,26.5,ascending,285.56125
50.75,26.75,ascending,285.82898
50.75,27.0,ascending,286.02454
50.75,27.25,ascending,286.11
50.75,27.5,ascending,286.15665
50.75,27.75,ascending,286.1243
50.75,28.0,ascending,285.8837
50.75,28.25,ascending,285.57053
50.75,29.5,ascending,283.978
50.75,29.75,ascending,282.56644
50.75,30.0,ascending,280.94467
50.75,30.25,ascending,278.14166
50.75,30.5,ascending,275.854
50.75,30.75,ascending,274.14078
50.75,31.0,ascending,274.928
50.75,31.25,ascending,277.0975
50.75,31.5,ascending,278.81223
50.75,31.75,ascending,279.85666
50.75,32.0,ascending,280.5075
50.75,32.25,ascending,280.705
50.75,32.5,ascending,280.71857
50.75,32.75,ascending,280.8211
50.75,33.0,ascending,280.85666
50.75,33.25,ascending,280.9125
50.75,33.5,ascending,281.08667
50.75,33.75,ascending,281.25858
50.75,34.0,ascending,281.2825
50.75,34.25,ascending,281.09167
50.75,34.5,ascending,280.53165
50.75,34.75,ascending,279.7983
50.75,35.0,ascending,279.06998
50.75,35.25,ascending,278.99
50.75,35.5,ascending,278.99167
50.75,35.75,ascending,279.08
50.75,36.0,ascending,279.17
50.75,36.25,ascending,279.452
50.75,36.5,ascending,279.648
50.75,36.75,ascending,279.90164
50.75,37.0,ascending,280.10602
50.75,37.25,ascending,279.95166
50.75,37.5,ascending,279.73166
50.75,37.75,ascending,279.456
50.75,38.0,ascending,279.24667
51.0,-13.0,ascending,197.57999
51.0,-12.75,ascending,197.76332
51.0,-12.5,ascending,197.745
51.0,-12.25,ascending,197.23999
51.0,-12.0,ascending,196.54333
51.0,-11.75,ascending,195.80333
51.0,-11.5,ascending,195.13167
51.0,-11.25,ascending,194.66333
51.0,-11.0,ascending,194.325
51.0,-10.75,ascending,193.924
51.0,-10.5,ascending,193.85
51.0,-10.25,ascending,193.29167
51.0,-10.0,ascending,193.388
51.0,-9.75,ascending,193.71666
51.0,-9.5,ascending,195.91
51.0,-9.25,ascending,195.68799
51.0,-9.0,ascending,196.99165
51.0,-8.75,ascending,196.258
51.0,-8.5,ascending,193.795
51.0,-8.25,ascending,192.782
51.0,-8.0,ascending,190.59799
51.0,-7.75,ascending,189.565
51.0,-7.5,ascending,188.35399
51.0,-7.25,ascending,187.94832
51.0,-7.0,ascending,187.67801
51.0,-6.75,ascending,187.484
51.0,-6.5,ascending,187.37666
51.0,-6.25,ascending,187.27998
51.0,-6.0,ascending,187.18333
51.0,-5.75,ascending,187.17665
51.0,-5.5,ascending,187.445
51.0,-5.25,ascending,188.665
51.0,-5.0,ascending,191.72333
51.0,-4.75,ascending,198.04665
51.0,-4.5,ascending,211.07666
51.0,-4.25,ascending,230.335
51.0,-4.0,ascending,248.36665
51.0,-3.75,ascending,254.15799
51.0,-3.5,ascending,258.63333
51.0,-3.25,ascending,261.17166
51.0,-3.0,ascending,265.76666
51.0,-2.75,ascending,275.20166
51.0,-2.5,ascending,281.70285
51.0,-2.25,ascending,284.80667
51.0,-2.0,ascending,285.5257
51.0,-1.75,ascending,285.41333
51.0,-1.5,ascending,284.84375
51.0,-1.25,ascending,282.80713
51.0,-1.0,ascending,283.53
51.0,-0.75,ascending,283.38858
51.0,-0.5,ascending,281.40625
51.0,-0.25,ascending,280.4343
51.0,0.0,ascending,280.39667
51.0,0.25,ascending,276.60858
51.0,0.5,ascending,270.76443
51.0,0.75,ascending,258.15625
51.0,1.0,ascending,241.8125
51.0,1.25,ascending,222.148
51.0,1.5,ascending,211.17125
51.0,1.75,ascending,212.42099
51.0,2.0,ascending,224.0809
51.0,2.25,ascending,232.63364
51.0,2.5,ascending,245.09462
51.0,2.75,ascending,262.665
51.0,3.0,ascending,274.35733
51.0,3.25,ascending,281.2953
51.0,3.5,ascending,281.15823
51.0,4.5,ascending,288.77997
51.0,4.75,ascending,290.54562
51.0,5.0,ascending,291.09268
51.0,5.25,ascending,291.44922
51.0,5.5,ascending,291.52637
51.0,5.75,ascending,291.42453
51.0,6.0,ascending,291.016
51.0,6.25,ascending,290.43726
51.0,6.5,ascending,289.51553
51.0,6.75,ascending,288.90442
51.0,7.0,ascending,288.73376
51.0,7.25,ascending,289.17874
51.0,7.5,ascending,289.99
51.0,7.75,ascending,291.05
51.0,8.0,ascending,291.83624
51.0,8.25,ascending,292.2657
51.0,8.5,ascending,292.5657
51.0,8.75,ascending,292.61
51.0,9.0,ascending,292.495
51.0,9.25,ascending,292.31857
51.0,9.5,ascending,292.13834
51.0,9.75,ascending,292.08142
51.0,10.0,ascending,291.855
51.0,10.25,ascending,291.50833
51.0,10.5,ascending,291.27335
51.0,10.75,ascending,291.1
51.0,11.0,ascending,291.06168
51.0,11.25,ascending,290.96167
51.0,11.5,ascending,290.79
51.0,11.75,ascending,290.51834
51.0,12.0,ascending,290.02
51.0,12.25,ascending,289.19
51.0,12.5,ascending,288.4057
51.0,12.75,ascending,287.914
51.0,13.0,ascending,287.97333
51.0,13.25,ascending,288.18
51.0,13.5,ascending,288.336
51.0,13.75,ascending,288.512
51.0,14.0,ascending,288.642
51.0,14.25,ascending,288.495
51.0,14.5,ascending,288.07666
51.0,14.75,ascending,287.886
51.0,15.0,ascending,288.16998
51.0,15.25,ascending,288.69333
51.0,15.5,ascending,288.785
51.0,15.75,ascending,288.64398
51.0,16.0,ascending,288.10333
51.0,16.25,ascending,287.53198
51.0,16.5,ascending,287.41333
51.0,16.75,ascending,287.45667
51.0,17.0,ascending,287.55167
51.0,17.25,ascending,287.88168
51.0,17.5,ascending,288.354
51.0,17.75,ascending,288.70334
51.0,18.0,ascending,289.06168
51.0,18.25,ascending,289.385
51.0,18.5,ascending,289.576
51.0,18.75,ascending,289.668
51.0,19.0,ascending,289.80002
51.0,19.25,ascending,289.70166
51.0,19.5,ascending,289.58167
51.0,19.75,ascending,289.50998
51.0,20.0,ascending,289.20334
51.0,20.25,ascending,288.67334
51.0,20.5,ascending,287.81
51.0,20.75,ascending,286.52832
51.0,21.0,ascending,286.00833
51.0,21.25,ascending,285.8583
51.0,21.5,ascending,285.16
51.0,21.75,ascending,284.67166
51.0,22.0,ascending,284.545
51.0,22.25,ascending,284.73166
51.0,22.5,ascending,284.69666
51.0,22.75,ascending,284.51572
51.0,23.0,ascending,284.52332
51.0,23.25,ascending,284.7425
51.0,23.5,ascending,284.83334
51.0,23.75,ascending,284.98428
51.0,24.0,ascending,285.55286
51.0,24.25,ascending,286.03833
51.0,24.5,ascending,286.19284
51.0,24.75,ascending,286.15857
51.0,25.0,ascending,286.025
51.0,25.25,ascending,285.7514
51.0,25.5,ascending,285.72498
51.0,25.75,ascending,285.93875
51.0,26.0,ascending,286.21298
51.0,26.25,ascending,286.31335
51.0,26.5,ascending,286.324
51.0,26.75,ascending,286.412
51.0,27.0,ascending,286.466
51.0,27.25,ascending,286.3175
51.0,27.5,ascending,286.07285
51.0,27.75,ascending,285.8864
51.0,28.0,ascending,285.79526
51.0,28.25,ascending,285.684
51.0,29.25,ascending,284.974
51.0,29.5,ascending,284.63687
51.0,29.75,ascending,283.246
51.0,30.0,ascending,280.88416
51.0,30.25,ascending,277.58557
51.0,30.5,ascending,274.32214
51.0,30.75,ascending,273.47775
51.0,31.0,ascending,275.15887
51.0,31.25,ascending,277.77374
51.0,31.5,ascending,280.16888
51.0,31.75,ascending,281.695
51.0,32.0,ascending,282.00858
51.0,32.25,ascending,281.9471
51.0,32.5,ascending,281.59125
51.0,32.75,ascending,281.3475
51.0,33.0,ascending,281.07666
51.0,33.25,ascending,280.98553
51.0,33.5,ascending,280.94498
51.0,33.75,ascending,280.935
51.0,34.0,ascending,280.70667
51.0,34.25,ascending,280.36996
51.0,34.5,ascending,279.81143
51.0,34.75,ascending,279.21573
51.0,35.0,ascending,279.06332
51.0,35.25,ascending,279.13834
51.0,35.5,ascending,279.32498
51.0,35.75,ascending,279.5483
51.0,36.0,ascending,279.77142
51.0,36.25,ascending,280.056
51.0,36.5,ascending,280.14426
51.0,36.75,ascending,280.28165
51.0,37.0,ascending,280.3583
51.0,37.25,ascending,280.298
51.0,37.5,ascending,280.05402
51.0,37.75,ascending,279.61832
51.0,38.0,ascending,279.185
51.25,-13.0,ascending,196.92665
51.25,-12.75,ascending,197.27599
51.25,-12.5,ascending,197.258
51.25,-12.25,ascending,196.855
51.25,-12.0,ascending,196.284
51.25,-11.75,ascending,195.77798
51.25,-11.5,ascending,195.54199
51.25,-11.25,ascending,195.4
51.25,-11.0,ascending,195.43199
51.25,-10.75,ascending,195.22833
51.25,-10.5,ascending,194.99333
51.25,-10.25,ascending,195.57999
51.25,-10.0,ascending,198.252
51.25,-9.75,ascending,203.87999
51.25,-9.5,ascending,211.61198
51.25,-9.25,ascending,213.89333
51.25,-9.0,ascending,215.17
51.25,-8.75,ascending,212.25801
51.25,-8.5,ascending,208.68399
51.25,-8.25,ascending,202.28598
51.25,-8.0,ascending,197.976
51.25,-7.75,ascending,194.2425
51.25,-7.5,ascending,191.45833
51.25,-7.25,ascending,189.866
51.25,-7.0,ascending,188.35599
51.25,-6.75,ascending,187.78667
51.25,-6.5,ascending,187.44832
51.25,-6.25,ascending,187.14
51.25,-6.0,ascending,186.944
51.25,-5.75,ascending,187.06999
51.25,-5.5,ascending,188.28
51.25,-5.25,ascending,192.29
51.25,-5.0,ascending,197.295
51.25,-4.75,ascending,204.81831
51.25,-4.5,ascending,209.19499
51.25,-4.25,ascending,219.67
51.25,-4.0,ascending,233.55165
51.25,-3.75,ascending,244.715
51.25,-3.5,ascending,254.31331
51.25,-3.25,ascending,257.20834
51.25,-3.0,ascending,262.21167
51.25,-2.75,ascending,272.50333
51.25,-2.5,ascending,281.454
51.25,-2.25,ascending,286.03333
51.25,-2.0,ascending,287.77332
51.25,-1.75,ascending,288.50168
51.25,-1.5,ascending,288.81
51.25,-1.25,ascending,288.895
51.25,-1.0,ascending,288.86856
51.25,-0.75,ascending,288.87857
51.25,-0.5,ascending,288.17166
51.25,-0.25,ascending,287.05713
51.25,0.0,ascending,285.6825
51.25,0.25,ascending,281.8225
51.25,0.5,ascending,271.18573
51.25,0.75,ascending,255.24374
51.25,1.0,ascending,240.86874
51.25,1.25,ascending,226.3
51.25,1.5,ascending,211.78
51.25,1.75,ascending,202.26222
51.25,2.0,ascending,200.30399
51.25,2.25,ascending,201.73363
51.25,2.5,ascending,206.59299
51.25,2.75,ascending,216.81834
51.25,3.0,ascending,233.78267
51.25,3.25,ascending,250.36722
51.25,3.5,ascending,257.95065
51.25,4.5,ascending,284.09924
51.25,4.75,ascending,286.6441
51.25,5.0,ascending,288.44498
51.25,5.25,ascending,290.12833
51.25,5.5,ascending,290.94833
51.25,5.75,ascending,290.87778
51.25,6.0,ascending,290.25818
51.25,6.25,ascending,289.3678
51.25,6.5,ascending,288.66498
51.25,6.75,ascending,288.13498
51.25,7.0,ascending,288.09625
51.25,7.25,ascending,288.69446
51.25,7.5,ascending,289.74
51.25,7.75,ascending,290.76663
51.25,8.0,ascending,291.5575
51.25,8.25,ascending,292.06665
51.25,8.5,ascending,292.36374
51.25,8.75,ascending,292.19498
51.25,9.0,ascending,292.04
51.25,9.25,ascending,291.82498
51.25,9.5,ascending,291.68167
51.25,9.75,ascending,291.4943
51.25,10.0,ascending,291.21
51.25,10.25,ascending,290.76334
51.25,10.5,ascending,290.60602
51.25,10.75,ascending,290.50998
51.25,11.0,ascending,290.544
51.25,11.25,ascending,290.55667
51.25,11.5,ascending,290.37
51.25,11.75,ascending,289.95334
51.25,12.0,ascending,289.24167
51.25,12.25,ascending,288.43668
51.25,12.5,ascending,287.845
51.25,12.75,ascending,288.0725
51.25,13.0,ascending,288.56
51.25,13.25,ascending,289.21667
51.25,13.5,ascending,289.675
51.25,13.75,ascending,289.654
51.25,14.0,ascending,289.218
51.25,14.25,ascending,287.976
51.25,14.5,ascending,287.33167
51.25,14.75,ascending,287.858
51.25,15.0,ascending,289.05
51.25,15.25,ascending,289.626
51.25,15.5,ascending,289.826
51.25,15.75,ascending,289.64398
51.25,16.0,ascending,289.175
51.25,16.25,ascending,288.70334
51.25,16.5,ascending,288.556
51.25,16.75,ascending,288.28665
51.25,17.0,ascending,288.08002
51.25,17.25,ascending,287.97
51.25,17.5,ascending,288.24713
51.25,17.75,ascending,288.6275
51.25,18.0,ascending,289.11
51.25,18.25,ascending,289.54333
51.25,18.5,ascending,289.60666
51.25,18.75,ascending,289.64664
51.25,19.0,ascending,289.88168
51.25,19.25,ascending,289.82834
51.25,19.5,ascending,289.48166
51.25,19.75,ascending,288.91833
51.25,20.0,ascending,288.08334
51.25,20.25,ascending,287.08
51.25,20.5,ascending,286.18832
51.25,20.75,ascending,284.7475
51.25,21.0,ascending,283.9883
51.25,21.25,ascending,284.18997
51.25,21.5,ascending,284.1575
51.25,21.75,ascending,284.12
51.25,22.0,ascending,284.38165
51.25,22.25,ascending,284.83334
51.25,22.5,ascending,284.95166
51.25,22.75,ascending,284.63998
51.25,23.0,ascending,284.585
51.25,23.25,ascending,284.86166
51.25,23.5,ascending,284.67715
51.25,23.75,ascending,284.41165
51.25,24.0,ascending,284.88284
51.25,24.25,ascending,285.86856
51.25,24.5,ascending,286.29874
51.25,24.75,ascending,286.31625
51.25,25.0,ascending,286.16626
51.25,25.25,ascending,285.90375
51.25,25.5,ascending,285.70444
51.25,25.75,ascending,285.8625
51.25,26.0,ascending,286.16284
51.25,26.25,ascending,286.2425
51.25,26.5,ascending,286.13898
51.25,26.75,ascending,286.222
51.25,27.0,ascending,286.48364
51.25,27.25,ascending,286.57083
51.25,27.5,ascending,286.36
51.25,27.75,ascending,286.10065
51.25,28.0,ascending,285.86316
51.25,28.25,ascending,285.68082
51.25,29.0,ascending,285.05334
51.25,29.25,ascending,285.08786
51.25,29.5,ascending,284.94922
51.25,29.75,ascending,284.02
51.25,30.0,ascending,282.151
51.25,30.25,ascending,279.59637
51.25,30.5,ascending,278.1125
51.25,30.75,ascending,277.7989
51.25,31.0,ascending,278.8322
51.25,31.25,ascending,280.45874
51.25,31.5,ascending,281.996
51.25,31.75,ascending,282.5657
51.25,32.0,ascending,282.4375
51.25,32.25,ascending,282.14285
51.25,32.5,ascending,281.74625
51.25,32.75,ascending,281.48
51.25,33.0,ascending,281.31168
51.25,33.25,ascending,281.3225
51.25,33.5,ascending,281.20834
51.25,33.75,ascending,281.10748
51.25,34.0,ascending,280.87332
51.25,34.25,ascending,280.56332
51.25,34.5,ascending,280.21167
51.25,34.75,ascending,279.916
51.25,35.0,ascending,279.62167
51.25,35.25,ascending,279.46832
51.25,35.5,ascending,279.63397
51.25,35.75,ascending,279.955
51.25,36.0,ascending,280.10602
51.25,36.25,ascending,280.052
51.25,36.5,ascending,279.96573
51.25,36.75,ascending,280.218
51.25,37.0,ascending,280.37
51.25,37.25,ascending,280.215
51.25,37.5,ascending,279.75333
51.25,37.75,ascending,279.23
51.25,38.0,ascending,278.96667
51.5,-13.0,ascending,196.5
51.5,-12.75,ascending,197.01
51.5,-12.5,ascending,197.06667
51.5,-12.25,ascending,196.60599
51.5,-12.0,ascending,196.12166
51.5,-11.75,ascending,196.085
51.5,-11.5,ascending,196.53
51.5,-11.25,ascending,197.18666
51.5,-11.0,ascending,196.88832
51.5,-10.75,ascending,196.21599
51.5,-10.5,ascending,196.91
51.5,-10.25,ascending,201.015
51.5,-10.0,ascending,212.95667
51.5,-9.75,ascending,225.452
51.5,-9.5,ascending,233.89249
51.5,-9.25,ascending,243.60667
51.5,-9.0,ascending,243.50998
51.5,-8.75,ascending,242.90498
51.5,-8.5,ascending,231.88
51.5,-8.25,ascending,225.72333
51.5,-8.0,ascending,213.16399
51.5,-7.75,ascending,207.45
51.5,-7.5,ascending,202.06999
51.5,-7.25,ascending,195.364
51.5,-7.0,ascending,192.68333
51.5,-6.75,ascending,191.53499
51.5,-6.5,ascending,190.57666
51.5,-6.25,ascending,188.52998
51.5,-6.0,ascending,187.29199
51.5,-5.75,ascending,187.045
51.5,-5.5,ascending,189.21333
51.5,-5.25,ascending,197.61333
51.5,-5.0,ascending,208.554
51.5,-4.75,ascending,221.5875
51.5,-4.5,ascending,230.88501
51.5,-4.25,ascending,238.51666
51.5,-4.0,ascending,248.04668
51.5,-3.75,ascending,254.53598
51.5,-3.5,ascending,269.245
51.5,-3.25,ascending,270.565
51.5,-3.0,ascending,271.00998
51.5,-2.75,ascending,274.88333
51.5,-2.5,ascending,280.8857
51.5,-2.25,ascending,285.40332
51.5,-2.0,ascending,287.24167
51.5,-1.75,ascending,287.99
51.5,-1.5,ascending,288.53333
51.5,-1.25,ascending,288.90854
51.5,-1.0,ascending,289.16714
51.5,-0.75,ascending,289.055
51.5,-0.5,ascending,288.685
51.5,-0.25,ascending,288.02856
51.5,0.0,ascending,287.14554
51.5,0.25,ascending,284.84875
51.5,0.5,ascending,276.0475
51.5,0.75,ascending,259.39285
51.5,1.0,ascending,237.23799
51.5,1.25,ascending,217.11665
51.5,1.5,ascending,206.1018
51.5,1.75,ascending,200.36777
51.5,2.0,ascending,197.73907
51.5,2.25,ascending,196.20181
51.5,2.5,ascending,195.54213
51.5,2.75,ascending,197.15428
51.5,3.0,ascending,202.10875
51.5,3.25,ascending,213.76631
51.5,3.5,ascending,224.73698
51.5,4.25,ascending,268.6678
51.5,4.5,ascending,274.43832
51.5,4.75,ascending,278.455
51.5,5.0,ascending,283.90082
51.5,5.25,ascending,287.6825
51.5,5.5,ascending,289.52667
51.5,5.75,ascending,289.952
51.5,6.0,ascending,289.4418
51.5,6.25,ascending,289.0189
51.5,6.5,ascending,288.6
51.5,6.75,ascending,288.37875
51.5,7.0,ascending,288.645
51.5,7.25,ascending,289.44998
51.5,7.5,ascending,290.14874
51.5,7.75,ascending,290.78833
51.5,8.0,ascending,291.41666
51.5,8.25,ascending,291.775
51.5,8.5,ascending,291.98285
51.5,8.75,ascending,292.0
51.5,9.0,ascending,291.85373
51.5,9.25,ascending,291.63666
51.5,9.5,ascending,291.3743
51.5,9.75,ascending,291.06833
51.5,10.0,ascending,290.78998
51.5,10.25,ascending,290.58798
51.5,10.5,ascending,290.5043
51.5,10.75,ascending,290.52997
51.5,11.0,ascending,290.5957
51.5,11.25,ascending,290.56332
51.5,11.5,ascending,290.30402
51.5,11.75,ascending,289.868
51.5,12.0,ascending,289.385
51.5,12.25,ascending,288.834
51.5,12.5,ascending,288.69666
51.5,12.75,ascending,289.37167
51.5,13.0,ascending,290.34833
51.5,13.25,ascending,291.13834
51.5,13.5,ascending,291.33398
51.5,13.75,ascending,290.76334
51.5,14.0,ascending,289.43
51.5,14.25,ascending,288.476
51.5,14.5,ascending,288.525
51.5,14.75,ascending,289.404
51.5,15.0,ascending,290.18997
51.5,15.25,ascending,290.542
51.5,15.5,ascending,290.65
51.5,15.75,ascending,290.526
51.5,16.0,ascending,290.04333
51.5,16.25,ascending,289.65802
51.5,16.5,ascending,289.244
51.5,16.75,ascending,288.905
51.5,17.0,ascending,288.274
51.5,17.25,ascending,287.995
51.5,17.5,ascending,288.146
51.5,17.75,ascending,288.692
51.5,18.0,ascending,289.21832
51.5,18.25,ascending,289.40332
51.5,18.5,ascending,289.11667
51.5,18.75,ascending,288.91666
51.5,19.0,ascending,289.1783
51.5,19.25,ascending,289.104
51.5,19.5,ascending,288.70834
51.5,19.75,ascending,287.97665
51.5,20.0,ascending,286.875
51.5,20.25,ascending,285.5
51.5,20.5,ascending,283.93332
51.5,20.75,ascending,282.65332
51.5,21.0,ascending,281.67334
51.5,21.25,ascending,282.46167
51.5,21.5,ascending,283.47
51.5,21.75,ascending,284.33167
51.5,22.0,ascending,284.906
51.5,22.25,ascending,285.46832
51.5,22.5,ascending,285.71713
51.5,22.75,ascending,285.42166
51.5,23.0,ascending,285.28287
51.5,23.25,ascending,285.538
51.5,23.5,ascending,285.4675
51.5,23.75,ascending,284.78165
51.5,24.0,ascending,284.87143
51.5,24.25,ascending,285.44427
51.5,24.5,ascending,285.84
51.5,24.75,ascending,285.94833
51.5,25.0,ascending,285.85
51.5,25.25,ascending,285.5257
51.5,25.5,ascending,285.155
51.5,25.75,ascending,284.95374
51.5,26.0,ascending,285.241
51.5,26.25,ascending,285.56198
51.5,26.5,ascending,285.41727
51.5,26.75,ascending,285.487
51.5,27.0,ascending,285.84818
51.5,27.25,ascending,286.26334
51.5,27.5,ascending,286.51865
51.5,27.75,ascending,286.41373
51.5,28.0,ascending,286.2395
51.5,28.25,ascending,286.12997
51.5,29.0,ascending,284.82144
51.5,29.25,ascending,284.75616
51.5,29.5,ascending,284.356
51.5,29.75,ascending,283.62778
51.5,30.0,ascending,282.72083
51.5,30.25,ascending,281.54364
51.5,30.5,ascending,281.123
51.5,30.75,ascending,281.22498
51.5,31.0,ascending,281.53998
51.5,31.25,ascending,282.02374
51.5,31.5,ascending,282.30667
51.5,31.75,ascending,282.26715
51.5,32.0,ascending,282.08713
51.5,32.25,ascending,281.88
51.5,32.5,ascending,281.76874
51.5,32.75,ascending,281.75668
51.5,33.0,ascending,281.87
51.5,33.25,ascending,282.02
51.5,33.5,ascending,281.88748
51.5,33.75,ascending,281.7333
51.5,34.0,ascending,281.4283
51.5,34.25,ascending,281.30856
51.5,34.5,ascending,281.03143
51.5,34.75,ascending,280.49332
51.5,35.0,ascending,279.85666
51.5,35.25,ascending,279.46832
51.5,35.5,ascending,279.3414
51.5,35.75,ascending,279.38333
51.5,36.0,ascending,279.244
51.5,36.25,ascending,279.1733
51.5,36.5,ascending,279.30856
51.5,36.75,ascending,279.86798
51.5,37.0,ascending,279.88998
51.5,37.25,ascending,279.87
51.5,37.5,ascending,279.67715
51.5,37.75,ascending,279.47748
51.5,38.0,ascending,279.32333
51.75,-13.0,ascending,196.36
51.75,-12.75,ascending,196.894
51.75,-12.5,ascending,196.928
51.75,-12.25,ascending,196.53667
51.75,-12.0,ascending,196.55333
51.75,-11.75,ascending,197.512
51.75,-11.5,ascending,198.98332
51.75,-11.25,ascending,199.41667
51.75,-11.0,ascending,198.26599
51.75,-10.75,ascending,197.7
51.75,-10.5,ascending,201.37334
51.75,-10.25,ascending,213.4
51.75,-10.0,ascending,228.73
51.75,-9.75,ascending,243.29399
51.75,-9.5,ascending,258.29428
51.75,-9.25,ascending,265.524
51.75,-9.0,ascending,269.08667
51.75,-8.75,ascending,266.82
51.75,-8.5,ascending,260.3633
51.75,-8.25,ascending,252.07748
51.75,-8.0,ascending,241.76
51.75,-7.75,ascending,230.79999
51.75,-7.5,ascending,219.88799
51.75,-7.25,ascending,211.88332
51.75,-7.0,ascending,208.34332
51.75,-6.75,ascending,203.42334
51.75,-6.5,ascending,200.2625
51.75,-6.25,ascending,194.13165
51.75,-6.0,ascending,189.59499
51.75,-5.75,ascending,187.47
51.75,-5.5,ascending,189.43
51.75,-5.25,ascending,199.76
51.75,-5.0,ascending,218.07666
51.75,-4.75,ascending,233.375
51.75,-4.5,ascending,244.42
51.75,-4.25,ascending,256.866
51.75,-4.0,ascending,268.52664
51.75,-3.75,ascending,276.16333
51.75,-3.5,ascending,282.22998
51.75,-3.25,ascending,284.09665
51.75,-3.0,ascending,283.57498
51.75,-2.75,ascending,283.24
51.75,-2.5,ascending,284.205
51.75,-2.25,ascending,286.21832
51.75,-2.0,ascending,287.43832
51.75,-1.75,ascending,287.955
51.75,-1.5,ascending,288.19998
51.75,-1.25,ascending,288.485
51.75,-1.0,ascending,288.73
51.75,-0.75,ascending,288.8857
51.75,-0.5,ascending,288.92667
51.75,-0.25,ascending,288.94427
51.75,0.0,ascending,288.91165
51.75,0.25,ascending,288.225
51.75,0.5,ascending,284.8475
51.75,0.75,ascending,274.3675
51.75,1.0,ascending,256.01855
51.75,1.25,ascending,232.86124
51.75,1.5,ascending,213.71222
51.75,1.75,ascending,201.23999
51.75,2.0,ascending,198.05899
51.75,2.25,ascending,196.07452
51.75,2.5,ascending,194.46167
51.75,2.75,ascending,193.19615
51.75,3.0,ascending,193.37375
51.75,3.25,ascending,197.13316
51.75,3.5,ascending,201.17
51.75,4.0,ascending,242.20401
51.75,4.25,ascending,253.36945
51.75,4.5,ascending,259.77
51.75,4.75,ascending,269.1225
51.75,5.0,ascending,277.7983
51.75,5.25,ascending,283.22778
51.75,5.5,ascending,286.45544
51.75,5.75,ascending,287.89664
51.75,6.0,ascending,288.31775
51.75,6.25,ascending,288.8
51.75,6.5,ascending,289.26248
51.75,6.75,ascending,289.89124
51.75,7.0,ascending,290.83777
51.75,7.25,ascending,291.43573
51.75,7.5,ascending,291.77142
51.75,7.75,ascending,292.01248
51.75,8.0,ascending,292.2257
51.75,8.25,ascending,292.245
51.75,8.5,ascending,292.24286
51.75,8.75,ascending,292.06168
51.75,9.0,ascending,291.69498
51.75,9.25,ascending,291.27164
51.75,9.5,ascending,290.87332
51.75,9.75,ascending,290.576
51.75,10.0,ascending,290.45667
51.75,10.25,ascending,290.30426
51.75,10.5,ascending,290.324
51.75,10.75,ascending,290.33
51.75,11.0,ascending,290.48666
51.75,11.25,ascending,290.44598
51.75,11.5,ascending,290.275
51.75,11.75,ascending,290.02798
51.75,12.0,ascending,289.916
51.75,12.25,ascending,290.06
51.75,12.5,ascending,290.62167
51.75,12.75,ascending,291.31168
51.75,13.0,ascending,291.77997
51.75,13.25,ascending,291.965
51.75,13.5,ascending,291.63666
51.75,13.75,ascending,290.84198
51.75,14.0,ascending,289.80667
51.75,14.25,ascending,289.2983
51.75,14.5,ascending,289.71
51.75,14.75,ascending,290.21167
51.75,15.0,ascending,290.706
51.75,15.25,ascending,290.852
51.75,15.5,ascending,290.852
51.75,15.75,ascending,290.61798
51.75,16.0,ascending,290.276
51.75,16.25,ascending,289.944
51.75,16.5,ascending,289.694
51.75,16.75,ascending,289.19
51.75,17.0,ascending,288.55
51.75,17.25,ascending,288.278
51.75,17.5,ascending,288.486
51.75,17.75,ascending,288.915
51.75,18.0,ascending,289.11832
51.75,18.25,ascending,288.93832
51.75,18.5,ascending,288.51752
51.75,18.75,ascending,288.2425
51.75,19.0,ascending,288.3175
51.75,19.25,ascending,288.24
51.75,19.5,ascending,287.84335
51.75,19.75,ascending,286.918
51.75,20.0,ascending,285.85834
51.75,20.25,ascending,284.512
51.75,20.5,ascending,282.61667
51.75,20.75,ascending,280.955
51.75,21.0,ascending,280.57
51.75,21.25,ascending,281.84
51.75,21.5,ascending,283.544
51.75,21.75,ascending,285.245
51.75,22.0,ascending,285.82834
51.75,22.25,ascending,286.26
51.75,22.5,ascending,286.478
51.75,22.75,ascending,286.37833
51.75,23.0,ascending,286.4183
51.75,23.25,ascending,286.46875
51.75,23.5,ascending,286.5
51.75,23.75,ascending,286.16873
51.75,24.0,ascending,285.76334
51.75,24.25,ascending,285.73856
51.75,24.5,ascending,285.55777
51.75,24.75,ascending,285.29248
51.75,25.0,ascending,285.1557
51.75,25.25,ascending,285.03998
51.75,25.5,ascending,284.54623
51.75,25.75,ascending,284.05875
51.75,26.0,ascending,283.89886
51.75,26.25,ascending,284.25998
51.75,26.5,ascending,284.2211
51.75,26.75,ascending,284.059
51.75,27.0,ascending,283.89584
51.75,27.25,ascending,284.25
51.75,27.5,ascending,284.57
51.75,27.75,ascending,284.7431
51.75,28.0,ascending,284.9021
51.75,28.25,ascending,285.1475
51.75,28.75,ascending,284.32666
51.75,29.0,ascending,284.35065
51.75,29.25,ascending,284.055
51.75,29.5,ascending,283.50333
51.75,29.75,ascending,282.82748
51.75,30.0,ascending,282.28726
51.75,30.25,ascending,282.0618
51.75,30.5,ascending,282.0133
51.75,30.75,ascending,282.0133
51.75,31.0,ascending,282.08624
51.75,31.25,ascending,282.2
51.75,31.5,ascending,282.29126
51.75,31.75,ascending,282.37625
51.75,32.0,ascending,282.34167
51.75,32.25,ascending,282.29623
51.75,32.5,ascending,282.25998
51.75,32.75,ascending,282.225
51.75,33.0,ascending,282.2543
51.75,33.25,ascending,282.17166
51.75,33.5,ascending,282.07498
51.75,33.75,ascending,282.00333
51.75,34.0,ascending,281.9643
51.75,34.25,ascending,281.93597
51.75,34.5,ascending,281.625
51.75,34.75,ascending,280.875
51.75,35.0,ascending,280.095
51.75,35.25,ascending,279.40833
51.75,35.5,ascending,279.0
51.75,35.75,ascending,278.69333
51.75,36.0,ascending,278.40332
51.75,36.25,ascending,278.314
51.75,36.5,ascending,278.39667
51.75,36.75,ascending,278.938
51.75,37.0,ascending,279.28598
51.75,37.25,ascending,279.544
51.75,37.5,ascending,279.59
51.75,37.75,ascending,279.39667
51.75,38.0,ascending,279.09247
52.0,-13.0,ascending,195.35
52.0,-12.75,ascending,195.68
52.0,-12.5,ascending,195.78166
52.0,-12.25,ascending,196.05833
52.0,-12.0,ascending,196.974
52.0,-11.75,ascending,198.68799
52.0,-11.5,ascending,200.248
52.0,-11.25,ascending,200.16
52.0,-11.0,ascending,198.89
52.0,-10.75,ascending,199.22833
52.0,-10.5,ascending,205.55249
52.0,-10.25,ascending,215.366
52.0,-10.0,ascending,230.43399
52.0,-9.75,ascending,247.26833
52.0,-9.5,ascending,261.515
52.0,-9.25,ascending,271.89334
52.0,-9.0,ascending,276.478
52.0,-8.75,ascending,276.84164
52.0,-8.5,ascending,275.2575
52.0,-8.25,ascending,271.13333
52.0,-8.0,ascending,267.664
52.0,-7.75,ascending,255.58
52.0,-7.5,ascending,248.22833
52.0,-7.25,ascending,245.03398
52.0,-7.0,ascending,234.06999
52.0,-6.75,ascending,226.05333
52.0,-6.5,ascending,221.11499
52.0,-6.25,ascending,209.53398
52.0,-6.0,ascending,198.04167
52.0,-5.75,ascending,189.36499
52.0,-5.5,ascending,188.69832
52.0,-5.25,ascending,195.46
52.0,-5.0,ascending,208.19499
52.0,-4.75,ascending,219.65201
52.0,-4.5,ascending,235.09499
52.0,-4.25,ascending,251.87831
52.0,-4.0,ascending,270.94498
52.0,-3.75,ascending,282.904
52.0,-3.5,ascending,286.81
52.0,-3.25,ascending,288.08
52.0,-3.0,ascending,287.744
52.0,-2.75,ascending,287.32333
52.0,-2.5,ascending,287.04333
52.0,-2.25,ascending,287.35165
52.0,-2.0,ascending,287.7314
52.0,-1.75,ascending,287.97
52.0,-1.5,ascending,287.975
52.0,-1.25,ascending,288.1157
52.0,-1.0,ascending,288.26834
52.0,-0.75,ascending,288.35873
52.0,-0.5,ascending,288.62143
52.0,-0.25,ascending,288.67285
52.0,0.0,ascending,288.72998
52.0,0.25,ascending,288.5525
52.0,0.5,ascending,287.57
52.0,0.75,ascending,284.72998
52.0,1.0,ascending,275.73666
52.0,1.25,ascending,254.98553
52.0,1.5,ascending,230.79124
52.0,1.75,ascending,210.28545
52.0,2.0,ascending,200.36888
52.0,2.25,ascending,196.68272
52.0,2.5,ascending,194.45615
52.0,2.75,ascending,192.65285
52.0,3.0,ascending,191.70111
52.0,3.25,ascending,192.521
52.0,3.5,ascending,193.94
52.0,3.75,ascending,209.00499
52.0,4.0,ascending,222.17499
52.0,4.25,ascending,231.59267
52.0,4.5,ascending,244.18083
52.0,4.75,ascending,259.6275
52.0,5.0,ascending,272.47
52.0,5.25,ascending,279.9211
52.0,5.5,ascending,284.55
52.0,5.75,ascending,286.767
52.0,6.0,ascending,288.675
52.0,6.25,ascending,289.91248
52.0,6.5,ascending,290.90625
52.0,6.75,ascending,291.745
52.0,7.0,ascending,292.29288
52.0,7.25,ascending,292.405
52.0,7.5,ascending,292.4025
52.0,7.75,ascending,292.33167
52.0,8.0,ascending,292.35748
52.0,8.25,ascending,292.30286
52.0,8.5,ascending,292.03665
52.0,8.75,ascending,291.65164
52.0,9.0,ascending,291.10715
52.0,9.25,ascending,290.54333
52.0,9.5,ascending,290.21143
52.0,9.75,ascending,289.8533
52.0,10.0,ascending,289.44333
52.0,10.25,ascending,289.21835
52.0,10.5,ascending,289.3583
52.0,10.75,ascending,289.69598
52.0,11.0,ascending,290.16
52.0,11.25,ascending,290.43167
52.0,11.5,ascending,290.474
52.0,11.75,ascending,290.63834
52.0,12.0,ascending,291.20166
52.0,12.25,ascending,291.78
52.0,12.5,ascending,292.15802
52.0,12.75,ascending,292.012
52.0,13.0,ascending,291.59198
52.0,13.25,ascending,291.06497
52.0,13.5,ascending,290.048
52.0,13.75,ascending,289.116
52.0,14.0,ascending,288.862
52.0,14.25,ascending,288.89398
52.0,14.5,ascending,289.61285
52.0,14.75,ascending,290.15
52.0,15.0,ascending,290.3975
52.0,15.25,ascending,290.45334
52.0,15.5,ascending,290.396
52.0,15.75,ascending,290.06165
52.0,16.0,ascending,289.944
52.0,16.25,ascending,289.84332
52.0,16.5,ascending,289.664
52.0,16.75,ascending,289.215
52.0,17.0,ascending,288.81198
52.0,17.25,ascending,288.636
52.0,17.5,ascending,288.83167
52.0,17.75,ascending,288.92
52.0,18.0,ascending,288.5825
52.0,18.25,ascending,288.22998
52.0,18.5,ascending,287.85
52.0,18.75,ascending,287.628
52.0,19.0,ascending,287.32498
52.0,19.25,ascending,287.05832
52.0,19.5,ascending,286.56998
52.0,19.75,ascending,285.902
52.0,20.0,ascending,284.97998
52.0,20.25,ascending,283.84335
52.0,20.5,ascending,282.40164
52.0,20.75,ascending,281.02164
52.0,21.0,ascending,281.00168
52.0,21.25,ascending,282.54
52.0,21.5,ascending,284.77426
52.0,21.75,ascending,286.104
52.0,22.0,ascending,286.56375
52.0,22.25,ascending,286.63998
52.0,22.5,ascending,286.87332
52.0,22.75,ascending,287.02332
52.0,23.0,ascending,287.08832
52.0,23.25,ascending,287.01428
52.0,23.5,ascending,286.80832
52.0,23.75,ascending,286.632
52.0,24.0,ascending,286.3975
52.0,24.25,ascending,286.0483
52.0,24.5,ascending,285.55713
52.0,24.75,ascending,284.86166
52.0,25.0,ascending,284.435
52.0,25.25,ascending,284.315
52.0,25.5,ascending,284.22125
52.0,25.75,ascending,283.86334
52.0,26.0,ascending,283.52112
52.0,26.25,ascending,283.52112
52.0,26.5,ascending,283.5911
52.0,26.75,ascending,283.02182
52.0,27.0,ascending,282.12726
52.0,27.25,ascending,281.4675
52.0,27.5,ascending,281.352
52.0,27.75,ascending,281.61703
52.0,28.0,ascending,282.1852
52.0,28.5,ascending,281.78333
52.0,28.75,ascending,282.286
52.0,29.0,ascending,282.35538
52.0,29.25,ascending,282.55457
52.0,29.5,ascending,282.38333
52.0,29.75,ascending,282.33728
52.0,30.0,ascending,282.44333
52.0,30.25,ascending,282.50998
52.0,30.5,ascending,282.3175
52.0,30.75,ascending,282.02332
52.0,31.0,ascending,281.83286
52.0,31.25,ascending,281.741
52.0,31.5,ascending,281.98712
52.0,31.75,ascending,282.22714
52.0,32.0,ascending,282.3911
52.0,32.25,ascending,282.51498
52.0,32.5,ascending,282.62625
52.0,32.75,ascending,282.61285
52.0,33.0,ascending,282.52167
52.0,33.25,ascending,282.25858
52.0,33.5,ascending,282.11002
52.0,33.75,ascending,282.14398
52.0,34.0,ascending,282.0843
52.0,34.25,ascending,281.96832
52.0,34.5,ascending,281.57166
52.0,34.75,ascending,280.9714
52.0,35.0,ascending,280.344
52.0,35.25,ascending,279.62857
52.0,35.5,ascending,278.986
52.0,35.75,ascending,278.136
52.0,36.0,ascending,277.35
52.0,36.25,ascending,277.202
52.0,36.5,ascending,277.48856
52.0,36.75,ascending,278.1425
52.0,37.0,ascending,278.74167
52.0,37.25,ascending,279.18997
52.0,37.5,ascending,279.19165
52.0,37.75,ascending,278.74667
52.0,38.0,ascending,278.315
52.25,-13.0,ascending,193.98
52.25,-12.75,ascending,194.05
52.25,-12.5,ascending,194.602
52.25,-12.25,ascending,195.43999
52.25,-12.0,ascending,196.788
52.25,-11.75,ascending,198.31
52.25,-11.5,ascending,199.16599
52.25,-11.25,ascending,198.496
52.25,-11.0,ascending,198.118
52.25,-10.75,ascending,199.094
52.25,-10.5,ascending,202.722
52.25,-10.25,ascending,210.38832
52.25,-10.0,ascending,222.42801
52.25,-9.75,ascending,233.548
52.25,-9.5,ascending,252.52666
52.25,-9.25,ascending,264.68597
52.25,-9.0,ascending,274.002
52.25,-8.75,ascending,277.785
52.25,-8.5,ascending,279.06998
52.25,-8.25,ascending,279.52997
52.25,-8.0,ascending,277.776
52.25,-7.75,ascending,276.03598
52.25,-7.5,ascending,271.756
52.25,-7.25,ascending,267.29248
52.25,-7.0,ascending,260.96167
52.25,-6.75,ascending,257.414
52.25,-6.5,ascending,252.79832
52.25,-6.25,ascending,233.94167
52.25,-6.0,ascending,208.66333
52.25,-5.75,ascending,192.34999
52.25,-5.5,ascending,187.568
52.25,-5.25,ascending,188.17499
52.25,-5.0,ascending,192.34166
52.25,-4.75,ascending,199.37999
52.25,-4.5,ascending,210.73833
52.25,-4.25,ascending,230.724
52.25,-4.0,ascending,259.93668
52.25,-3.75,ascending,279.85602
52.25,-3.5,ascending,286.526
52.25,-3.25,ascending,288.18997
52.25,-3.0,ascending,288.19833
52.25,-2.75,ascending,287.6133
52.25,-2.5,ascending,287.302
52.25,-2.25,ascending,287.06665
52.25,-2.0,ascending,286.96167
52.25,-1.75,ascending,287.24832
52.25,-1.5,ascending,287.42166
52.25,-1.25,ascending,287.44666
52.25,-1.0,ascending,287.67123
52.25,-0.75,ascending,287.628
52.25,-0.5,ascending,287.2314
52.25,-0.25,ascending,286.80167
52.25,0.0,ascending,285.96713
52.25,0.25,ascending,285.62003
52.25,0.5,ascending,285.3875
52.25,0.75,ascending,284.1357
52.25,1.0,ascending,279.46445
52.25,1.25,ascending,268.14
52.25,1.5,ascending,245.37888
52.25,1.75,ascending,221.077
52.25,2.0,ascending,204.14499
52.25,2.25,ascending,197.79819
52.25,2.5,ascending,194.7423
52.25,2.75,ascending,192.74307
52.25,3.0,ascending,191.47437
52.25,3.25,ascending,191.23444
52.25,3.5,ascending,193.9
52.25,3.75,ascending,198.5825
52.25,4.0,ascending,203.78764
52.25,4.25,ascending,211.50665
52.25,4.5,ascending,226.65332
52.25,4.75,ascending,245.05635
52.25,5.0,ascending,258.93097
52.25,5.25,ascending,270.36667
52.25,5.5,ascending,276.727
52.25,5.75,ascending,278.38998
52.25,6.0,ascending,283.03625
52.25,6.25,ascending,287.615
52.25,6.5,ascending,289.5914
52.25,6.75,ascending,290.61
52.25,7.0,ascending,291.55573
52.25,7.25,ascending,291.91998
52.25,7.5,ascending,292.07623
52.25,7.75,ascending,292.23166
52.25,8.0,ascending,292.31165
52.25,8.25,ascending,292.25998
52.25,8.5,ascending,291.93665
52.25,8.75,ascending,291.46375
52.25,9.0,ascending,290.90665
52.25,9.25,ascending,290.32498
52.25,9.5,ascending,289.72998
52.25,9.75,ascending,289.21
52.25,10.0,ascending,288.952
52.25,10.25,ascending,289.26166
52.25,10.5,ascending,289.68
52.25,10.75,ascending,290.242
52.25,11.0,ascending,290.88
52.25,11.25,ascending,291.23398
52.25,11.5,ascending,291.6733
52.25,11.75,ascending,292.072
52.25,12.0,ascending,292.39398
52.25,12.25,ascending,292.25333
52.25,12.5,ascending,291.59
52.25,12.75,ascending,290.468
52.25,13.0,ascending,289.49667
52.25,13.25,ascending,288.49332
52.25,13.5,ascending,287.886
52.25,13.75,ascending,287.5275
52.25,14.0,ascending,287.83
52.25,14.25,ascending,288.725
52.25,14.5,ascending,289.2775
52.25,14.75,ascending,289.50397
52.25,15.0,ascending,289.71832
52.25,15.25,ascending,289.755
52.25,15.5,ascending,289.56168
52.25,15.75,ascending,289.3975
52.25,16.0,ascending,289.37668
52.25,16.25,ascending,289.395
52.25,16.5,ascending,289.34665
52.25,16.75,ascending,289.1725
52.25,17.0,ascending,289.022
52.25,17.25,ascending,288.90167
52.25,17.5,ascending,288.768
52.25,17.75,ascending,288.4375
52.25,18.0,ascending,287.642
52.25,18.25,ascending,287.11398
52.25,18.5,ascending,286.59164
52.25,18.75,ascending,286.165
52.25,19.0,ascending,285.5533
52.25,19.25,ascending,285.16666
52.25,19.5,ascending,285.02164
52.25,19.75,ascending,284.83798
52.25,20.0,ascending,284.53833
52.25,20.25,ascending,283.94
52.25,20.5,ascending,283.524
52.25,20.75,ascending,282.71664
52.25,21.0,ascending,282.642
52.25,21.25,ascending,284.38165
52.25,21.5,ascending,285.91998
52.25,21.75,ascending,286.882
52.25,22.0,ascending,286.90598
52.25,22.25,ascending,286.76498
52.25,22.5,ascending,286.965
52.25,22.75,ascending,287.39142
52.25,23.0,ascending,287.56998
52.25,23.25,ascending,287.448
52.25,23.5,ascending,287.13123
52.25,23.75,ascending,286.83167
52.25,24.0,ascending,286.67
52.25,24.25,ascending,286.1875
52.25,24.5,ascending,285.3775
52.25,24.75,ascending,284.4643
52.25,25.0,ascending,283.70248
52.25,25.25,ascending,283.2457
52.25,25.5,ascending,283.418
52.25,25.75,ascending,283.7625
52.25,26.0,ascending,283.94
52.25,26.25,ascending,283.91888
52.25,26.5,ascending,283.951
52.25,26.75,ascending,284.03
52.25,27.0,ascending,283.31082
52.25,27.25,ascending,282.58334
52.25,27.5,ascending,281.8457
52.25,27.75,ascending,281.7594
52.25,28.0,ascending,282.2041
52.25,28.25,ascending,281.67
52.25,28.5,ascending,281.46866
52.25,28.75,ascending,281.6046
52.25,29.0,ascending,281.71356
52.25,29.25,ascending,282.18555
52.25,29.5,ascending,282.52914
52.25,29.75,ascending,282.906
52.25,30.0,ascending,283.031
52.25,30.25,ascending,282.57623
52.25,30.5,ascending,281.98126
52.25,30.75,ascending,281.40625
52.25,31.0,ascending,281.1511
52.25,31.25,ascending,281.03857
52.25,31.5,ascending,281.32874
52.25,31.75,ascending,281.72
52.25,32.0,ascending,282.095
52.25,32.25,ascending,282.45334
52.25,32.5,ascending,282.65833
52.25,32.75,ascending,282.60666
52.25,33.0,ascending,282.34
52.25,33.25,ascending,281.85666
52.25,33.5,ascending,281.49332
52.25,33.75,ascending,281.45667
52.25,34.0,ascending,281.22
52.25,34.25,ascending,281.23166
52.25,34.5,ascending,281.02164
52.25,34.75,ascending,280.57
52.25,35.0,ascending,279.925
52.25,35.25,ascending,279.15665
52.25,35.5,ascending,278.33667
52.25,35.75,ascending,277.522
52.25,36.0,ascending,277.04333
52.25,36.25,ascending,277.01202
52.25,36.5,ascending,277.22333
52.25,36.75,ascending,277.782
52.25,37.0,ascending,278.38168
52.25,37.25,ascending,278.795
52.25,37.5,ascending,278.74
52.25,37.75,ascending,278.28598
52.25,38.0,ascending,278.06
52.5,-13.0,ascending,193.035
52.5,-12.75,ascending,193.13799
52.5,-12.5,ascending,193.89166
52.5,-12.25,ascending,194.85
52.5,-12.0,ascending,195.86499
52.5,-11.75,ascending,196.52798
52.5,-11.5,ascending,196.67665
52.5,-11.25,ascending,196.84799
52.5,-11.0,ascending,196.80399
52.5,-10.75,ascending,197.08798
52.5,-10.5,ascending,198.62334
52.5,-10.25,ascending,200.272
52.5,-10.0,ascending,207.04199
52.5,-9.75,ascending,220.26599
52.5,-9.5,ascending,236.078
52.5,-9.25,ascending,255.40999
52.5,-9.0,ascending,266.504
52.5,-8.75,ascending,274.78833
52.5,-8.5,ascending,278.128
52.5,-8.25,ascending,279.948
52.5,-8.0,ascending,280.32666
52.5,-7.75,ascending,280.622
52.5,-7.5,ascending,279.398
52.5,-7.25,ascending,278.41833
52.5,-7.0,ascending,277.706
52.5,-6.75,ascending,277.295
52.5,-6.5,ascending,270.71
52.5,-6.25,ascending,245.88249
52.5,-6.0,ascending,215.09
52.5,-5.75,ascending,195.68666
52.5,-5.5,ascending,188.3575
52.5,-5.25,ascending,186.8575
52.5,-5.0,ascending,188.45833
52.5,-4.75,ascending,193.35
52.5,-4.5,ascending,203.33667
52.5,-4.25,ascending,223.10167
52.5,-4.0,ascending,253.98164
52.5,-3.75,ascending,275.89398
52.5,-3.5,ascending,284.9243
52.5,-3.25,ascending,286.77332
52.5,-3.0,ascending,287.29166
52.5,-2.75,ascending,286.83334
52.5,-2.5,ascending,286.62
52.5,-2.25,ascending,286.34332
52.5,-2.0,ascending,286.25333
52.5,-1.75,ascending,286.56857
52.5,-1.5,ascending,286.94427
52.5,-1.25,ascending,287.10333
52.5,-1.0,ascending,287.24
52.5,-0.75,ascending,287.09375
52.5,-0.5,ascending,285.68
52.5,-0.25,ascending,282.45624
52.5,0.0,ascending,276.1275
52.5,0.25,ascending,275.75714
52.5,0.5,ascending,276.15125
52.5,0.75,ascending,274.84332
52.5,1.0,ascending,269.94
52.5,1.25,ascending,261.82333
52.5,1.5,ascending,245.39818
52.5,1.75,ascending,225.19667
52.5,2.0,ascending,209.45546
52.5,2.25,ascending,199.79584
52.5,2.5,ascending,195.74153
52.5,2.75,ascending,193.69933
52.5,3.0,ascending,192.26526
52.5,3.25,ascending,191.55533
52.5,3.5,ascending,192.01599
52.5,3.75,ascending,193.18332
52.5,4.0,ascending,195.8457
52.5,4.25,ascending,202.58499
52.5,4.5,ascending,214.28082
52.5,4.75,ascending,228.95554
52.5,5.0,ascending,241.28334
52.5,5.25,ascending,250.60501
52.5,5.5,ascending,256.391
52.5,5.75,ascending,261.51248
52.5,6.0,ascending,269.89713
52.5,6.25,ascending,278.32498
52.5,6.5,ascending,284.45444
52.5,6.75,ascending,287.87714
52.5,7.0,ascending,289.975
52.5,7.25,ascending,291.03888
52.5,7.5,ascending,291.52832
52.5,7.75,ascending,292.1
52.5,8.0,ascending,292.395
52.5,8.25,ascending,292.3583
52.5,8.5,ascending,292.05142
52.5,8.75,ascending,291.685
52.5,9.0,ascending,291.168
52.5,9.25,ascending,290.62286
52.5,9.5,ascending,290.07166
52.5,9.75,ascending,290.31833
52.5,10.0,ascending,290.65714
52.5,10.25,ascending,291.27997
52.5,10.5,ascending,291.45667
52.5,10.75,ascending,291.48166
52.5,11.0,ascending,291.668
52.5,11.25,ascending,291.95834
52.5,11.5,ascending,292.285
52.5,11.75,ascending,292.335
52.5,12.0,ascending,291.8633
52.5,12.25,ascending,291.04666
52.5,12.5,ascending,290.13998
52.5,12.75,ascending,289.192
52.5,13.0,ascending,288.39667
52.5,13.25,ascending,287.71198
52.5,13.5,ascending,287.38333
52.5,13.75,ascending,287.542
52.5,14.0,ascending,288.13602
52.5,14.25,ascending,288.37997
52.5,14.5,ascending,288.585
52.5,14.75,ascending,288.76202
52.5,15.0,ascending,288.91748
52.5,15.25,ascending,288.8533
52.5,15.5,ascending,288.742
52.5,15.75,ascending,288.90665
52.5,16.0,ascending,288.9625
52.5,16.25,ascending,289.09332
52.5,16.5,ascending,289.27
52.5,16.75,ascending,289.44333
52.5,17.0,ascending,289.41165
52.5,17.25,ascending,289.00998
52.5,17.5,ascending,288.48248
52.5,17.75,ascending,287.75668
52.5,18.0,ascending,286.83002
52.5,18.25,ascending,286.07834
52.5,18.5,ascending,285.66165
52.5,18.75,ascending,285.07166
52.5,19.0,ascending,284.235
52.5,19.25,ascending,283.878
52.5,19.5,ascending,284.32166
52.5,19.75,ascending,284.958
52.5,20.0,ascending,285.21835
52.5,20.25,ascending,285.16998
52.5,20.5,ascending,285.324
52.5,20.75,ascending,284.9883
52.5,21.0,ascending,284.82834
52.5,21.25,ascending,286.055
52.5,21.5,ascending,286.78598
52.5,21.75,ascending,287.31
52.5,22.0,ascending,287.20834
52.5,22.25,ascending,287.08667
52.5,22.5,ascending,287.235
52.5,22.75,ascending,287.58572
52.5,23.0,ascending,287.8443
52.5,23.25,ascending,287.7757
52.5,23.5,ascending,287.33
52.5,23.75,ascending,286.84625
52.5,24.0,ascending,286.68427
52.5,24.25,ascending,286.40143
52.5,24.5,ascending,285.64835
52.5,24.75,ascending,284.58713
52.5,25.0,ascending,283.94556
52.5,25.25,ascending,283.44
52.5,25.5,ascending,283.1425
52.5,25.75,ascending,283.065
52.5,26.0,ascending,283.647
52.5,26.25,ascending,284.03497
52.5,26.5,ascending,283.82834
52.5,26.75,ascending,283.529
52.5,27.0,ascending,283.63165
52.5,27.25,ascending,283.43
52.5,27.5,ascending,283.33798
52.5,27.75,ascending,283.24057
52.5,28.0,ascending,283.23846
52.5,28.25,ascending,282.5392
52.5,28.5,ascending,282.96
52.5,28.75,ascending,283.41693
52.5,29.0,ascending,283.7633
52.5,29.25,ascending,283.96
52.5,29.5,ascending,283.887
52.5,29.75,ascending,283.56818
52.5,30.0,ascending,282.90778
52.5,30.25,ascending,282.23123
52.5,30.5,ascending,281.64874
52.5,30.75,ascending,281.245
52.5,31.0,ascending,281.1189
52.5,31.25,ascending,281.03854
52.5,31.5,ascending,281.18286
52.5,31.75,ascending,281.46286
52.5,32.0,ascending,281.7125
52.5,32.25,ascending,281.94165
52.5,32.5,ascending,282.04285
52.5,32.75,ascending,281.95428
52.5,33.0,ascending,281.66
52.5,33.25,ascending,281.2757
52.5,33.5,ascending,280.85858
52.5,33.75,ascending,280.69
52.5,34.0,ascending,280.72833
52.5,34.25,ascending,280.785
52.5,34.5,ascending,280.60333
52.5,34.75,ascending,280.18
52.5,35.0,ascending,279.62833
52.5,35.25,ascending,279.10797
52.5,35.5,ascending,278.5043
52.5,35.75,ascending,277.954
52.5,36.0,ascending,277.55
52.5,36.25,ascending,277.235
52.5,36.5,ascending,277.17667
52.5,36.75,ascending,277.44833
52.5,37.0,ascending,277.95
52.5,37.25,ascending,278.285
52.5,37.5,ascending,278.146
52.5,37.75,ascending,277.908
52.5,38.0,ascending,277.75
52.75,-13.0,ascending,192.36665
52.75,-12.75,ascending,192.66833
52.75,-12.5,ascending,193.25
52.75,-12.25,ascending,193.895
52.75,-12.0,ascending,194.45332
52.75,-11.75,ascending,194.67801
52.75,-11.5,ascending,194.996
52.75,-11.25,ascending,195.22667
52.75,-11.0,ascending,195.355
52.75,-10.75,ascending,195.0
52.75,-10.5,ascending,195.148
52.75,-10.25,ascending,196.082
52.75,-10.0,ascending,200.378
52.75,-9.75,ascending,208.62166
52.75,-9.5,ascending,226.854
52.75,-9.25,ascending,244.4
52.75,-9.0,ascending,262.548
52.75,-8.75,ascending,271.392
52.75,-8.5,ascending,277.16
52.75,-8.25,ascending,278.692
52.75,-8.0,ascending,279.534
52.75,-7.75,ascending,280.6125
52.75,-7.5,ascending,281.1733
52.75,-7.25,ascending,281.402
52.75,-7.0,ascending,281.735
52.75,-6.75,ascending,281.2375
52.75,-6.5,ascending,275.5925
52.75,-6.25,ascending,258.924
52.75,-6.0,ascending,229.23999
52.75,-5.75,ascending,202.26799
52.75,-5.5,ascending,190.24165
52.75,-5.25,ascending,187.23
52.75,-5.0,ascending,188.795
52.75,-4.75,ascending,196.51666
52.75,-4.5,ascending,212.51001
52.75,-4.25,ascending,233.56499
52.75,-4.0,ascending,256.1125
52.75,-3.75,ascending,271.42166
52.75,-3.5,ascending,279.458
52.75,-3.25,ascending,282.27997
52.75,-3.0,ascending,284.315
52.75,-2.75,ascending,285.174
52.75,-2.5,ascending,285.745
52.75,-2.25,ascending,286.0843
52.75,-2.0,ascending,286.26498
52.75,-1.75,ascending,286.48798
52.75,-1.5,ascending,286.78833
52.75,-1.25,ascending,287.05
52.75,-1.0,ascending,287.09833
52.75,-0.75,ascending,286.79572
52.75,-0.5,ascending,284.88165
52.75,-0.25,ascending,277.45285
52.75,0.0,ascending,262.985
52.75,0.25,ascending,254.10428
52.75,0.5,ascending,247.94556
52.75,0.75,ascending,249.80856
52.75,1.0,ascending,248.04375
52.75,1.25,ascending,241.5575
52.75,1.5,ascending,231.429
52.75,1.75,ascending,220.33667
52.75,2.0,ascending,208.50092
52.75,2.25,ascending,200.99416
52.75,2.5,ascending,197.01538
52.75,2.75,ascending,195.15384
52.75,3.0,ascending,193.97525
52.75,3.25,ascending,193.00368
52.75,3.5,ascending,192.05789
52.75,3.75,ascending,192.3107
52.75,4.0,ascending,194.05899
52.75,4.25,ascending,198.27818
52.75,4.5,ascending,207.728
52.75,4.75,ascending,218.88445
52.75,5.0,ascending,229.4111
52.75,5.25,ascending,234.68727
52.75,5.5,ascending,241.24374
52.75,5.75,ascending,250.92375
52.75,6.0,ascending,262.96283
52.75,6.25,ascending,274.8425
52.75,6.5,ascending,282.94858
52.75,6.75,ascending,287.15427
52.75,7.0,ascending,289.07666
52.75,7.25,ascending,289.82748
52.75,7.5,ascending,290.75
52.75,7.75,ascending,291.63998
52.75,8.0,ascending,291.81665
52.75,8.25,ascending,292.045
52.75,8.5,ascending,291.84332
52.75,8.75,ascending,291.452
52.75,9.0,ascending,290.97375
52.75,9.25,ascending,290.8
52.75,9.5,ascending,291.32855
52.75,9.75,ascending,291.93597
52.75,10.0,ascending,292.51398
52.75,10.25,ascending,292.492
52.75,10.5,ascending,292.16998
52.75,10.75,ascending,291.638
52.75,11.0,ascending,291.42285
52.75,11.25,ascending,291.4675
52.75,11.5,ascending,291.502
52.75,11.75,ascending,291.32166
52.75,12.0,ascending,290.77332
52.75,12.25,ascending,290.3025
52.75,12.5,ascending,289.75998
52.75,12.75,ascending,289.178
52.75,13.0,ascending,288.3475
52.75,13.25,ascending,287.64835
52.75,13.5,ascending,287.63397
52.75,13.75,ascending,287.784
52.75,14.0,ascending,287.472
52.75,14.25,ascending,287.386
52.75,14.5,ascending,287.59
52.75,14.75,ascending,287.43
52.75,15.0,ascending,287.31833
52.75,15.25,ascending,287.44
52.75,15.5,ascending,287.8
52.75,15.75,ascending,288.2625
52.75,16.0,ascending,288.55832
52.75,16.25,ascending,288.892
52.75,16.5,ascending,289.404
52.75,16.75,ascending,289.64664
52.75,17.0,ascending,289.455
52.75,17.25,ascending,288.88
52.75,17.5,ascending,288.18
52.75,17.75,ascending,287.48798
52.75,18.0,ascending,286.87833
52.75,18.25,ascending,286.345
52.75,18.5,ascending,285.795
52.75,18.75,ascending,285.1
52.75,19.0,ascending,284.41165
52.75,19.25,ascending,284.204
52.75,19.5,ascending,284.81833
52.75,19.75,ascending,285.756
52.75,20.0,ascending,286.455
52.75,20.25,ascending,286.61166
52.75,20.5,ascending,286.72498
52.75,20.75,ascending,286.72
52.75,21.0,ascending,286.73
52.75,21.25,ascending,287.31
52.75,21.5,ascending,287.6083
52.75,21.75,ascending,287.75333
52.75,22.0,ascending,287.56998
52.75,22.25,ascending,287.47165
52.75,22.5,ascending,287.50665
52.75,22.75,ascending,287.586
52.75,23.0,ascending,287.63998
52.75,23.25,ascending,287.6314
52.75,23.5,ascending,287.20856
52.75,23.75,ascending,286.47333
52.75,24.0,ascending,286.2757
52.75,24.25,ascending,286.19284
52.75,24.5,ascending,285.93
52.75,24.75,ascending,285.46286
52.75,25.0,ascending,285.13998
52.75,25.25,ascending,284.76428
52.75,25.5,ascending,284.63873
52.75,25.75,ascending,283.99
52.75,26.0,ascending,283.7922
52.75,26.25,ascending,283.88666
52.75,26.5,ascending,283.70444
52.75,26.75,ascending,283.10635
52.75,27.0,ascending,282.65332
52.75,27.25,ascending,282.64417
52.75,27.5,ascending,282.84705
52.75,27.75,ascending,283.19333
52.75,28.0,ascending,282.87857
52.75,28.25,ascending,282.93616
52.75,28.5,ascending,283.47214
52.75,28.75,ascending,283.90332
52.75,29.0,ascending,284.09665
52.75,29.25,ascending,284.067
52.75,29.5,ascending,283.68582
52.75,29.75,ascending,283.175
52.75,30.0,ascending,282.74554
52.75,30.25,ascending,282.35376
52.75,30.5,ascending,282.10748
52.75,30.75,ascending,281.89124
52.75,31.0,ascending,281.7543
52.75,31.25,ascending,281.46124
52.75,31.5,ascending,281.31332
52.75,31.75,ascending,281.30573
52.75,32.0,ascending,281.3557
52.75,32.25,ascending,281.54166
52.75,32.5,ascending,281.7557
52.75,32.75,ascending,281.81
52.75,33.0,ascending,281.69
52.75,33.25,ascending,281.456
52.75,33.5,ascending,281.305
52.75,33.75,ascending,281.18665
52.75,34.0,ascending,281.074
52.75,34.25,ascending,280.935
52.75,34.5,ascending,280.636
52.75,34.75,ascending,280.306
52.75,35.0,ascending,279.77667
52.75,35.25,ascending,279.07797
52.75,35.5,ascending,278.418
52.75,35.75,ascending,277.688
52.75,36.0,ascending,277.215
52.75,36.25,ascending,276.97797
52.75,36.5,ascending,277.076
52.75,36.75,ascending,277.288
52.75,37.0,ascending,277.44833
52.75,37.25,ascending,277.568
52.75,37.5,ascending,277.60333
52.75,37.75,ascending,277.64166
52.75,38.0,ascending,277.58002
53.0,-13.0,ascending,191.845
53.0,-12.75,ascending,192.064
53.0,-12.5,ascending,192.484
53.0,-12.25,ascending,192.878
53.0,-12.0,ascending,193.0975
53.0,-11.75,ascending,193.496
53.0,-11.5,ascending,193.92801
53.0,-11.25,ascending,194.224
53.0,-11.0,ascending,194.01
53.0,-10.75,ascending,193.87
53.0,-10.5,ascending,194.006
53.0,-10.25,ascending,194.77249
53.0,-10.0,ascending,198.98665
53.0,-9.75,ascending,210.645
53.0,-9.5,ascending,227.34666
53.0,-9.25,ascending,246.246
53.0,-9.0,ascending,260.925
53.0,-8.75,ascending,271.41998
53.0,-8.5,ascending,277.37167
53.0,-8.25,ascending,279.13998
53.0,-8.0,ascending,279.464
53.0,-7.75,ascending,279.96832
53.0,-7.5,ascending,280.546
53.0,-7.25,ascending,281.03198
53.0,-7.0,ascending,281.74
53.0,-6.75,ascending,281.72998
53.0,-6.5,ascending,278.34833
53.0,-6.25,ascending,262.21667
53.0,-6.0,ascending,232.752
53.0,-5.75,ascending,204.15833
53.0,-5.5,ascending,190.46501
53.0,-5.25,ascending,187.748
53.0,-5.0,ascending,189.185
53.0,-4.75,ascending,199.724
53.0,-4.5,ascending,215.378
53.0,-4.25,ascending,233.10999
53.0,-4.0,ascending,248.55666
53.0,-3.75,ascending,250.722
53.0,-3.5,ascending,262.62332
53.0,-3.25,ascending,267.67142
53.0,-3.0,ascending,277.46332
53.0,-2.75,ascending,281.245
53.0,-2.5,ascending,284.452
53.0,-2.25,ascending,285.47165
53.0,-2.0,ascending,286.1133
53.0,-1.75,ascending,286.36142
53.0,-1.5,ascending,286.36832
53.0,-1.25,ascending,286.465
53.0,-1.0,ascending,286.5043
53.0,-0.75,ascending,285.81332
53.0,-0.5,ascending,282.95667
53.0,-0.25,ascending,273.88998
53.0,0.0,ascending,258.125
53.0,0.25,ascending,235.30624
53.0,0.5,ascending,217.59999
53.0,0.75,ascending,216.49333
53.0,1.0,ascending,215.28
53.0,1.25,ascending,216.15887
53.0,1.5,ascending,213.7025
53.0,1.75,ascending,211.64635
53.0,2.0,ascending,208.73907
53.0,2.25,ascending,204.65181
53.0,2.5,ascending,200.4907
53.0,2.75,ascending,197.918
53.0,3.0,ascending,196.14912
53.0,3.25,ascending,194.7208
53.0,3.5,ascending,193.47856
53.0,3.75,ascending,192.76666
53.0,4.0,ascending,192.94221
53.0,4.25,ascending,195.16908
53.0,4.5,ascending,200.3
53.0,4.75,ascending,208.45874
53.0,5.0,ascending,215.48099
53.0,5.25,ascending,220.455
53.0,5.5,ascending,233.44374
53.0,5.75,ascending,247.71858
53.0,6.0,ascending,262.32144
53.0,6.25,ascending,273.92667
53.0,6.5,ascending,281.03998
53.0,6.75,ascending,284.57166
53.0,7.0,ascending,285.66443
53.0,7.25,ascending,285.16666
53.0,7.5,ascending,286.97833
53.0,7.75,ascending,288.07498
53.0,8.0,ascending,289.69
53.0,8.25,ascending,290.43597
53.0,8.5,ascending,290.3943
53.0,8.75,ascending,289.61713
53.0,9.0,ascending,289.28998
53.0,9.25,ascending,290.41284
53.0,9.5,ascending,291.66
53.0,9.75,ascending,292.495
53.0,10.0,ascending,292.56168
53.0,10.25,ascending,291.87833
53.0,10.5,ascending,291.09
53.0,10.75,ascending,290.352
53.0,11.0,ascending,290.50833
53.0,11.25,ascending,290.612
53.0,11.5,ascending,290.62833
53.0,11.75,ascending,290.414
53.0,12.0,ascending,289.97
53.0,12.25,ascending,289.718
53.0,12.5,ascending,289.07166
53.0,12.75,ascending,287.486
53.0,13.0,ascending,286.175
53.0,13.25,ascending,285.7125
53.0,13.5,ascending,286.16165
53.0,13.75,ascending,286.55
53.0,14.0,ascending,286.55832
53.0,14.25,ascending,286.6
53.0,14.5,ascending,286.21
53.0,14.75,ascending,284.902
53.0,15.0,ascending,284.5
53.0,15.25,ascending,285.935
53.0,15.5,ascending,286.8925
53.0,15.75,ascending,287.4883
53.0,16.0,ascending,287.706
53.0,16.25,ascending,288.212
53.0,16.5,ascending,288.54333
53.0,16.75,ascending,288.7375
53.0,17.0,ascending,288.912
53.0,17.25,ascending,288.46832
53.0,17.5,ascending,288.002
53.0,17.75,ascending,287.62
53.0,18.0,ascending,287.254
53.0,18.25,ascending,286.71664
53.0,18.5,ascending,286.03
53.0,18.75,ascending,285.2175
53.0,19.0,ascending,284.70667
53.0,19.25,ascending,284.5725
53.0,19.5,ascending,285.046
53.0,19.75,ascending,285.83334
53.0,20.0,ascending,286.43
53.0,20.25,ascending,286.71832
53.0,20.5,ascending,286.81998
53.0,20.75,ascending,287.025
53.0,21.0,ascending,287.42166
53.0,21.25,ascending,287.61798
53.0,21.5,ascending,287.62833
53.0,21.75,ascending,287.56198
53.0,22.0,ascending,287.62665
53.0,22.25,ascending,287.54166
53.0,22.5,ascending,287.53833
53.0,22.75,ascending,287.51498
53.0,23.0,ascending,287.41
53.0,23.25,ascending,287.31332
53.0,23.5,ascending,286.93143
53.0,23.75,ascending,286.30286
53.0,24.0,ascending,285.7975
53.0,24.25,ascending,285.79333
53.0,24.5,ascending,285.755
53.0,24.75,ascending,285.75626
53.0,25.0,ascending,285.705
53.0,25.25,ascending,285.65778
53.0,25.5,ascending,285.45667
53.0,25.75,ascending,285.09555
53.0,26.0,ascending,284.66098
53.0,26.25,ascending,284.30112
53.0,26.5,ascending,284.19727
53.0,26.75,ascending,284.02908
53.0,27.0,ascending,283.7164
53.0,27.25,ascending,283.5392
53.0,27.5,ascending,283.59125
53.0,27.75,ascending,283.3648
53.0,28.0,ascending,282.83618
53.0,28.25,ascending,282.87152
53.0,28.5,ascending,283.3658
53.0,28.75,ascending,283.67444
53.0,29.0,ascending,283.76248
53.0,29.25,ascending,283.4609
53.0,29.5,ascending,283.05112
53.0,29.75,ascending,282.79248
53.0,30.0,ascending,282.6325
53.0,30.25,ascending,282.58374
53.0,30.5,ascending,282.50626
53.0,30.75,ascending,282.3811
53.0,31.0,ascending,282.215
53.0,31.25,ascending,282.00858
53.0,31.5,ascending,281.8557
53.0,31.75,ascending,281.82373
53.0,32.0,ascending,281.81332
53.0,32.25,ascending,281.90125
53.0,32.5,ascending,282.01498
53.0,32.75,ascending,282.00168
53.0,33.0,ascending,281.86667
53.0,33.25,ascending,281.70667
53.0,33.5,ascending,281.41714
53.0,33.75,ascending,281.13998
53.0,34.0,ascending,280.68283
53.0,34.25,ascending,280.328
53.0,34.5,ascending,279.89142
53.0,34.75,ascending,279.53
53.0,35.0,ascending,279.05
53.0,35.25,ascending,278.37833
53.0,35.5,ascending,277.61166
53.0,35.75,ascending,277.07498
53.0,36.0,ascending,276.88397
53.0,36.25,ascending,277.025
53.0,36.5,ascending,277.10165
53.0,36.75,ascending,276.99332
53.0,37.0,ascending,276.84198
53.0,37.25,ascending,276.82498
53.0,37.5,ascending,276.994
53.0,37.75,ascending,276.872
53.0,38.0,ascending,276.935
53.25,-13.0,ascending,191.31
53.25,-12.75,ascending,191.36249
53.25,-12.5,ascending,191.54333
53.25,-12.25,ascending,191.728
53.25,-12.0,ascending,192.14833
53.25,-11.75,ascending,192.694
53.25,-11.5,ascending,193.08798
53.25,-11.25,ascending,193.298
53.25,-11.0,ascending,193.21832
53.25,-10.75,ascending,193.17499
53.25,-10.5,ascending,193.898
53.25,-10.25,ascending,197.67332
53.25,-10.0,ascending,206.79399
53.25,-9.75,ascending,224.78
53.25,-9.5,ascending,240.62
53.25,-9.25,ascending,254.82166
53.25,-9.0,ascending,264.385
53.25,-8.75,ascending,274.14334
53.25,-8.5,ascending,279.222
53.25,-8.25,ascending,279.94998
53.25,-8.0,ascending,279.16998
53.25,-7.75,ascending,278.75
53.25,-7.5,ascending,279.38998
53.25,-7.25,ascending,280.216
53.25,-7.0,ascending,280.99667
53.25,-6.75,ascending,280.828
53.25,-6.5,ascending,275.925
53.25,-6.25,ascending,259.52798
53.25,-6.0,ascending,228.39166
53.25,-5.75,ascending,200.62834
53.25,-5.5,ascending,190.478
53.25,-5.25,ascending,188.19334
53.25,-5.0,ascending,188.824
53.25,-4.75,ascending,194.15399
53.25,-4.5,ascending,204.60199
53.25,-4.25,ascending,215.41167
53.25,-4.0,ascending,222.77167
53.25,-3.75,ascending,219.07999
53.25,-3.5,ascending,229.75667
53.25,-3.25,ascending,241.6925
53.25,-3.0,ascending,260.86667
53.25,-2.75,ascending,275.7383
53.25,-2.5,ascending,282.875
53.25,-2.25,ascending,284.8033
53.25,-2.0,ascending,285.58
53.25,-1.75,ascending,285.79715
53.25,-1.5,ascending,285.66428
53.25,-1.25,ascending,285.45166
53.25,-1.0,ascending,284.7825
53.25,-0.75,ascending,282.89334
53.25,-0.5,ascending,276.70334
53.25,-0.25,ascending,266.61667
53.25,0.0,ascending,247.43141
53.25,0.25,ascending,224.70667
53.25,0.5,ascending,206.75143
53.25,0.75,ascending,199.21571
53.25,1.0,ascending,197.62999
53.25,1.25,ascending,200.48334
53.25,1.5,ascending,203.13445
53.25,1.75,ascending,204.487
53.25,2.0,ascending,207.01
53.25,2.25,ascending,207.51416
53.25,2.5,ascending,206.34267
53.25,2.75,ascending,203.02116
53.25,3.0,ascending,198.99289
53.25,3.25,ascending,196.49823
53.25,3.5,ascending,194.69666
53.25,3.75,ascending,193.50908
53.25,4.0,ascending,192.819
53.25,4.25,ascending,193.01888
53.25,4.5,ascending,194.78333
53.25,4.75,ascending,198.56221
53.25,5.0,ascending,202.51799
53.25,5.25,ascending,209.47499
53.25,5.5,ascending,222.56429
53.25,5.75,ascending,236.07143
53.25,6.0,ascending,251.19875
53.25,6.25,ascending,251.81999
53.25,6.5,ascending,263.32
53.25,6.75,ascending,267.25998
53.25,7.0,ascending,265.54626
53.25,7.25,ascending,269.472
53.25,7.5,ascending,273.83142
53.25,7.75,ascending,277.516
53.25,8.0,ascending,283.1083
53.25,8.25,ascending,283.56833
53.25,8.5,ascending,282.19833
53.25,8.75,ascending,280.854
53.25,9.0,ascending,283.46664
53.25,9.25,ascending,286.97397
53.25,9.5,ascending,289.608
53.25,9.75,ascending,290.2457
53.25,10.0,ascending,289.87833
53.25,10.25,ascending,289.14398
53.25,10.5,ascending,288.92166
53.25,10.75,ascending,289.18
53.25,11.0,ascending,289.50998
53.25,11.25,ascending,289.51248
53.25,11.5,ascending,289.176
53.25,11.75,ascending,288.56332
53.25,12.0,ascending,287.95798
53.25,12.25,ascending,287.185
53.25,12.5,ascending,285.836
53.25,12.75,ascending,282.916
53.25,13.0,ascending,282.62668
53.25,13.25,ascending,283.938
53.25,13.5,ascending,285.38397
53.25,13.75,ascending,286.022
53.25,14.0,ascending,286.0
53.25,14.25,ascending,283.56198
53.25,14.5,ascending,281.288
53.25,14.75,ascending,278.938
53.25,15.0,ascending,280.854
53.25,15.25,ascending,284.356
53.25,15.5,ascending,286.378
53.25,15.75,ascending,286.56
53.25,16.0,ascending,286.66998
53.25,16.25,ascending,286.72
53.25,16.5,ascending,287.116
53.25,16.75,ascending,287.775
53.25,17.0,ascending,288.00998
53.25,17.25,ascending,287.948
53.25,17.5,ascending,287.64398
53.25,17.75,ascending,287.4
53.25,18.0,ascending,287.23398
53.25,18.25,ascending,286.85
53.25,18.5,ascending,286.06
53.25,18.75,ascending,285.18597
53.25,19.0,ascending,284.56668
53.25,19.25,ascending,284.28
53.25,19.5,ascending,284.305
53.25,19.75,ascending,284.72
53.25,20.0,ascending,284.91202
53.25,20.25,ascending,285.29
53.25,20.5,ascending,285.45248
53.25,20.75,ascending,285.59
53.25,21.0,ascending,286.31168
53.25,21.25,ascending,286.0
53.25,21.5,ascending,285.51498
53.25,21.75,ascending,285.72165
53.25,22.0,ascending,286.615
53.25,22.25,ascending,286.8
53.25,22.5,ascending,287.00665
53.25,22.75,ascending,287.11
53.25,23.0,ascending,287.19333
53.25,23.25,ascending,287.00998
53.25,23.5,ascending,286.49
53.25,23.75,ascending,285.76334
53.25,24.0,ascending,285.26666
53.25,24.25,ascending,285.31873
53.25,24.5,ascending,285.43668
53.25,24.75,ascending,285.73166
53.25,25.0,ascending,285.9575
53.25,25.25,ascending,285.99
53.25,25.5,ascending,285.75125
53.25,25.75,ascending,285.43665
53.25,26.0,ascending,285.12857
53.25,26.25,ascending,284.923
53.25,26.5,ascending,284.81445
53.25,26.75,ascending,284.83273
53.25,27.0,ascending,284.79666
53.25,27.25,ascending,284.58844
53.25,27.5,ascending,284.1086
53.25,27.75,ascending,283.80713
53.25,28.0,ascending,283.29855
53.25,28.25,ascending,283.32498
53.25,28.5,ascending,283.41165
53.25,28.75,ascending,283.32776
53.25,29.0,ascending,283.0909
53.25,29.25,ascending,282.777
53.25,29.5,ascending,282.56375
53.25,29.75,ascending,282.47125
53.25,30.0,ascending,282.41
53.25,30.25,ascending,282.4
53.25,30.5,ascending,282.33334
53.25,30.75,ascending,282.23666
53.25,31.0,ascending,282.18124
53.25,31.25,ascending,282.15164
53.25,31.5,ascending,282.03333
53.25,31.75,ascending,281.95667
53.25,32.0,ascending,281.89334
53.25,32.25,ascending,281.705
53.25,32.5,ascending,281.69666
53.25,32.75,ascending,281.615
53.25,33.0,ascending,281.40665
53.25,33.25,ascending,281.21167
53.25,33.5,ascending,280.708
53.25,33.75,ascending,280.36832
53.25,34.0,ascending,279.62198
53.25,34.25,ascending,279.17715
53.25,34.5,ascending,278.778
53.25,34.75,ascending,278.71835
53.25,35.0,ascending,278.47
53.25,35.25,ascending,277.95197
53.25,35.5,ascending,277.425
53.25,35.75,ascending,277.166
53.25,36.0,ascending,277.23666
53.25,36.25,ascending,277.34497
53.25,36.5,ascending,277.13998
53.25,36.75,ascending,276.69
53.25,37.0,ascending,276.3025
53.25,37.25,ascending,276.042
53.25,37.5,ascending,276.0075
53.25,37.75,ascending,275.775
53.25,38.0,ascending,275.68
53.5,-13.0,ascending,190.58667
53.5,-12.75,ascending,190.636
53.5,-12.5,ascending,190.77498
53.5,-12.25,ascending,191.01498
53.5,-12.0,ascending,191.37
53.5,-11.75,ascending,191.832
53.5,-11.5,ascending,192.29399
53.5,-11.25,ascending,192.35399
53.5,-11.0,ascending,192.21599
53.5,-10.75,ascending,192.47166
53.5,-10.5,ascending,194.25
53.5,-10.25,ascending,199.37749
53.5,-10.0,ascending,214.45833
53.5,-9.75,ascending,235.36398
53.5,-9.5,ascending,252.168
53.5,-9.25,ascending,262.49
53.5,-9.0,ascending,270.92
53.5,-8.75,ascending,276.55167
53.5,-8.5,ascending,279.26498
53.5,-8.25,ascending,279.27335
53.5,-8.0,ascending,278.152
53.5,-7.75,ascending,277.8075
53.5,-7.5,ascending,278.43668
53.5,-7.25,ascending,278.90802
53.5,-7.0,ascending,279.645
53.5,-6.75,ascending,279.71002
53.5,-6.5,ascending,274.31665
53.5,-6.25,ascending,254.15666
53.5,-6.0,ascending,222.56334
53.5,-5.75,ascending,200.99199
53.5,-5.5,ascending,191.81999
53.5,-5.25,ascending,188.962
53.5,-5.0,ascending,188.76399
53.5,-4.75,ascending,191.63
53.5,-4.5,ascending,195.24
53.5,-4.25,ascending,197.45332
53.5,-4.0,ascending,198.39333
53.5,-3.75,ascending,196.648
53.5,-3.5,ascending,203.53667
53.5,-3.25,ascending,218.70166
53.5,-3.0,ascending,244.33167
53.5,-2.75,ascending,269.84332
53.5,-2.5,ascending,281.84714
53.5,-2.25,ascending,284.47165
53.5,-2.0,ascending,285.19714
53.5,-1.75,ascending,285.376
53.5,-1.5,ascending,285.24713
53.5,-1.25,ascending,284.72714
53.5,-1.0,ascending,283.21198
53.5,-0.75,ascending,279.00623
53.5,-0.5,ascending,268.34875
53.5,-0.25,ascending,251.05624
53.5,0.0,ascending,229.97856
53.5,0.25,ascending,211.32999
53.5,0.5,ascending,199.72333
53.5,0.75,ascending,194.3125
53.5,1.0,ascending,193.85333
53.5,1.25,ascending,196.036
53.5,1.5,ascending,199.008
53.5,1.75,ascending,202.09799
53.5,2.0,ascending,205.21416
53.5,2.25,ascending,207.71544
53.5,2.5,ascending,208.96867
53.5,2.75,ascending,204.71875
53.5,3.0,ascending,204.896
53.5,3.25,ascending,197.135
53.5,3.5,ascending,195.83083
53.5,3.75,ascending,194.47333
53.5,4.0,ascending,193.221
53.5,4.25,ascending,192.32777
53.5,4.5,ascending,192.24445
53.5,4.75,ascending,192.84
53.5,5.0,ascending,194.29875
53.5,5.25,ascending,197.88857
53.5,5.5,ascending,204.015
53.5,5.75,ascending,212.03
53.5,6.0,ascending,215.23999
53.5,6.25,ascending,217.17332
53.5,6.5,ascending,223.26666
53.5,6.75,ascending,227.2957
53.5,7.0,ascending,231.2625
53.5,7.25,ascending,241.34
53.5,7.5,ascending,251.54428
53.5,7.75,ascending,256.41165
53.5,8.0,ascending,260.13428
53.5,8.25,ascending,260.46664
53.5,8.5,ascending,253.97833
53.5,8.75,ascending,262.09
53.5,9.0,ascending,268.38498
53.5,9.25,ascending,277.288
53.5,9.5,ascending,281.94144
53.5,9.75,ascending,283.612
53.5,10.0,ascending,285.59167
53.5,10.25,ascending,287.29
53.5,10.5,ascending,288.104
53.5,10.75,ascending,288.11667
53.5,11.0,ascending,287.138
53.5,11.25,ascending,286.0575
53.5,11.5,ascending,283.65332
53.5,11.75,ascending,281.50833
53.5,12.0,ascending,281.02997
53.5,12.25,ascending,281.58334
53.5,12.5,ascending,281.336
53.5,12.75,ascending,281.18497
53.5,13.0,ascending,282.788
53.5,13.25,ascending,284.376
53.5,13.5,ascending,285.266
53.5,13.75,ascending,284.546
53.5,14.0,ascending,279.982
53.5,14.25,ascending,271.494
53.5,14.5,ascending,264.745
53.5,14.75,ascending,266.35602
53.5,15.0,ascending,271.75665
53.5,15.25,ascending,280.194
53.5,15.5,ascending,281.835
53.5,15.75,ascending,284.22247
53.5,16.0,ascending,283.97
53.5,16.25,ascending,284.502
53.5,16.5,ascending,285.695
53.5,16.75,ascending,286.345
53.5,17.0,ascending,286.88834
53.5,17.25,ascending,287.2375
53.5,17.5,ascending,286.974
53.5,17.75,ascending,286.844
53.5,18.0,ascending,286.94666
53.5,18.25,ascending,286.904
53.5,18.5,ascending,286.19165
53.5,18.75,ascending,284.85165
53.5,19.0,ascending,283.61
53.5,19.25,ascending,282.822
53.5,19.5,ascending,282.784
53.5,19.75,ascending,282.92502
53.5,20.0,ascending,283.556
53.5,20.25,ascending,284.14334
53.5,20.5,ascending,284.276
53.5,20.75,ascending,284.085
53.5,21.0,ascending,284.235
53.5,21.25,ascending,283.374
53.5,21.5,ascending,281.3583
53.5,21.75,ascending,281.14166
53.5,22.0,ascending,283.48666
53.5,22.25,ascending,284.61
53.5,22.5,ascending,285.62714
53.5,22.75,ascending,285.71002
53.5,23.0,ascending,285.88
53.5,23.25,ascending,286.27164
53.5,23.5,ascending,285.9
53.5,23.75,ascending,285.3075
53.5,24.0,ascending,284.9857
53.5,24.25,ascending,285.05286
53.5,24.5,ascending,285.20123
53.5,24.75,ascending,285.41443
53.5,25.0,ascending,285.6743
53.5,25.25,ascending,285.83624
53.5,25.5,ascending,285.8425
53.5,25.75,ascending,285.59497
53.5,26.0,ascending,285.33182
53.5,26.25,ascending,285.21222
53.5,26.5,ascending,285.098
53.5,26.75,ascending,284.9275
53.5,27.0,ascending,284.8277
53.5,27.25,ascending,284.33176
53.5,27.5,ascending,283.77
53.5,27.75,ascending,283.64166
53.5,28.0,ascending,283.2125
53.5,28.25,ascending,283.1075
53.5,28.5,ascending,283.023
53.5,28.75,ascending,282.905
53.5,29.0,ascending,282.92636
53.5,29.25,ascending,283.02124
53.5,29.5,ascending,282.97668
53.5,29.75,ascending,282.8414
53.5,30.0,ascending,282.7175
53.5,30.25,ascending,282.46375
53.5,30.5,ascending,282.27426
53.5,30.75,ascending,282.00714
53.5,31.0,ascending,281.83167
53.5,31.25,ascending,281.72125
53.5,31.5,ascending,281.61713
53.5,31.75,ascending,281.54
53.5,32.0,ascending,281.40625
53.5,32.25,ascending,281.3025
53.5,32.5,ascending,281.30426
53.5,32.75,ascending,281.21713
53.5,33.0,ascending,281.016
53.5,33.25,ascending,280.69998
53.5,33.5,ascending,280.344
53.5,33.75,ascending,279.79572
53.5,34.0,ascending,279.13
53.5,34.25,ascending,278.73398
53.5,34.5,ascending,278.625
53.5,34.75,ascending,278.636
53.5,35.0,ascending,278.39667
53.5,35.25,ascending,277.82834
53.5,35.5,ascending,277.396
53.5,35.75,ascending,277.31332
53.5,36.0,ascending,277.33664
53.5,36.25,ascending,277.1925
53.5,36.5,ascending,276.55402
53.5,36.75,ascending,275.994
53.5,37.0,ascending,275.40332
53.5,37.25,ascending,275.002
53.5,37.5,ascending,274.74667
53.5,37.75,ascending,274.655
53.5,38.0,ascending,274.8325
53.75,-13.0,ascending,190.2
53.75,-12.75,ascending,190.326
53.75,-12.5,ascending,190.5275
53.75,-12.25,ascending,190.63332
53.75,-12.0,ascending,190.76999
53.75,-11.75,ascending,191.062
53.75,-11.5,ascending,191.23999
53.75,-11.25,ascending,191.26749
53.75,-11.0,ascending,191.034
53.75,-10.75,ascending,191.47499
53.75,-10.5,ascending,193.092
53.75,-10.25,ascending,199.885
53.75,-10.0,ascending,214.17
53.75,-9.75,ascending,237.93799
53.75,-9.5,ascending,255.36499
53.75,-9.25,ascending,265.62
53.75,-9.0,ascending,269.228
53.75,-8.75,ascending,271.3325
53.75,-8.5,ascending,273.41998
53.75,-8.25,ascending,275.585
53.75,-8.0,ascending,276.19
53.75,-7.75,ascending,276.94598
53.75,-7.5,ascending,277.47
53.75,-7.25,ascending,277.86
53.75,-7.0,ascending,278.58798
53.75,-6.75,ascending,278.225
53.75,-6.5,ascending,271.0575
53.75,-6.25,ascending,254.01335
53.75,-6.0,ascending,230.6275
53.75,-5.75,ascending,209.53667
53.75,-5.5,ascending,198.20332
53.75,-5.25,ascending,191.43399
53.75,-5.0,ascending,190.74333
53.75,-4.75,ascending,193.49666
53.75,-4.5,ascending,195.0775
53.75,-4.25,ascending,192.61
53.75,-4.0,ascending,190.06999
53.75,-3.75,ascending,192.59799
53.75,-3.5,ascending,201.04999
53.75,-3.25,ascending,218.722
53.75,-3.0,ascending,243.435
53.75,-2.75,ascending,267.86798
53.75,-2.5,ascending,280.87332
53.75,-2.25,ascending,284.90332
53.75,-2.0,ascending,285.54
53.75,-1.75,ascending,285.42285
53.75,-1.5,ascending,285.002
53.75,-1.25,ascending,284.03427
53.75,-1.0,ascending,281.56375
53.75,-0.75,ascending,275.156
53.75,-0.5,ascending,261.68286
53.75,-0.25,ascending,239.32666
53.75,0.0,ascending,216.86223
53.75,0.25,ascending,200.09
53.75,0.5,ascending,192.23749
53.75,0.75,ascending,191.19124
53.75,1.0,ascending,192.345
53.75,1.25,ascending,194.59
53.75,1.5,ascending,197.833
53.75,1.75,ascending,201.23999
53.75,2.0,ascending,204.25581
53.75,2.25,ascending,206.83998
53.75,2.5,ascending,205.40732
53.75,2.75,ascending,207.80064
53.75,3.0,ascending,208.72777
53.75,3.25,ascending,199.54
53.75,3.5,ascending,197.74916
53.75,3.75,ascending,195.81
53.75,4.0,ascending,194.08556
53.75,4.25,ascending,192.60875
53.75,4.5,ascending,191.69453
53.75,4.75,ascending,191.19142
53.75,5.0,ascending,191.2175
53.75,5.25,ascending,191.77428
53.75,5.5,ascending,193.15
53.75,5.75,ascending,194.47427
53.75,6.0,ascending,194.21375
53.75,6.25,ascending,196.31166
53.75,6.5,ascending,199.26666
53.75,6.75,ascending,200.76857
53.75,7.0,ascending,205.67499
53.75,7.25,ascending,212.97427
53.75,7.5,ascending,217.95143
53.75,7.75,ascending,222.30833
53.75,8.0,ascending,219.23999
53.75,8.25,ascending,219.90332
53.75,8.5,ascending,225.8
53.75,8.75,ascending,235.72667
53.75,9.0,ascending,250.58598
53.75,9.25,ascending,262.432
53.75,9.5,ascending,272.87833
53.75,9.75,ascending,281.6025
53.75,10.0,ascending,286.59
53.75,10.25,ascending,288.116
53.75,10.5,ascending,287.638
53.75,10.75,ascending,284.43597
53.75,11.0,ascending,279.4
53.75,11.25,ascending,273.44
53.75,11.5,ascending,268.096
53.75,11.75,ascending,265.876
53.75,12.0,ascending,267.845
53.75,12.25,ascending,272.64252
53.75,12.5,ascending,275.36
53.75,12.75,ascending,278.2975
53.75,13.0,ascending,280.79666
53.75,13.25,ascending,282.176
53.75,13.5,ascending,281.866
53.75,13.75,ascending,274.762
53.75,14.0,ascending,260.022
53.75,14.25,ascending,242.12798
53.75,14.5,ascending,238.69499
53.75,14.75,ascending,245.43001
53.75,15.0,ascending,254.52249
53.75,15.25,ascending,262.33835
53.75,15.5,ascending,268.535
53.75,15.75,ascending,273.612
53.75,16.0,ascending,274.016
53.75,16.25,ascending,278.0675
53.75,16.5,ascending,280.645
53.75,16.75,ascending,282.972
53.75,17.0,ascending,285.25
53.75,17.25,ascending,286.15997
53.75,17.5,ascending,285.96664
53.75,17.75,ascending,285.70798
53.75,18.0,ascending,285.84
53.75,18.25,ascending,285.86398
53.75,18.5,ascending,284.30667
53.75,18.75,ascending,280.806
53.75,19.0,ascending,278.41666
53.75,19.25,ascending,277.096
53.75,19.5,ascending,277.80167
53.75,19.75,ascending,279.75497
53.75,20.0,ascending,281.71332
53.75,20.25,ascending,284.034
53.75,20.5,ascending,284.59164
53.75,20.75,ascending,284.45502
53.75,21.0,ascending,284.06668
53.75,21.25,ascending,282.456
53.75,21.5,ascending,279.45834
53.75,21.75,ascending,277.78998
53.75,22.0,ascending,279.66
53.75,22.25,ascending,282.285
53.75,22.5,ascending,283.75665
53.75,22.75,ascending,284.20145
53.75,23.0,ascending,284.22
53.75,23.25,ascending,284.26126
53.75,23.5,ascending,284.64334
53.75,23.75,ascending,284.694
53.75,24.0,ascending,285.0757
53.75,24.25,ascending,285.44998
53.75,24.5,ascending,285.60715
53.75,24.75,ascending,285.48834
53.75,25.0,ascending,285.37778
53.75,25.25,ascending,285.38858
53.75,25.5,ascending,285.43887
53.75,25.75,ascending,285.38498
53.75,26.0,ascending,285.20776
53.75,26.25,ascending,285.0789
53.75,26.5,ascending,284.8691
53.75,26.75,ascending,284.43
53.75,27.0,ascending,283.88858
53.75,27.25,ascending,283.3863
53.75,27.5,ascending,283.465
53.75,27.75,ascending,283.37558
53.75,28.0,ascending,282.924
53.75,28.25,ascending,282.9858
53.75,28.5,ascending,283.124
53.75,28.75,ascending,283.278
53.75,29.0,ascending,283.53
53.75,29.25,ascending,283.67874
53.75,29.5,ascending,283.75998
53.75,29.75,ascending,283.62427
53.75,30.0,ascending,283.37286
53.75,30.25,ascending,282.9611
53.75,30.5,ascending,282.43143
53.75,30.75,ascending,281.9943
53.75,31.0,ascending,281.72
53.75,31.25,ascending,281.58
53.75,31.5,ascending,281.4575
53.75,31.75,ascending,281.36
53.75,32.0,ascending,281.3814
53.75,32.25,ascending,281.43668
53.75,32.5,ascending,281.41666
53.75,32.75,ascending,281.17
53.75,33.0,ascending,280.82
53.75,33.25,ascending,280.365
53.75,33.5,ascending,279.87332
53.75,33.75,ascending,279.294
53.75,34.0,ascending,278.77335
53.75,34.25,ascending,278.55
53.75,34.5,ascending,278.59
53.75,34.75,ascending,278.542
53.75,35.0,ascending,278.19598
53.75,35.25,ascending,277.7525
53.75,35.5,ascending,277.385
53.75,35.75,ascending,277.154
53.75,36.0,ascending,276.664
53.75,36.25,ascending,276.166
53.75,36.5,ascending,275.31665
53.75,36.75,ascending,274.524
53.75,37.0,ascending,274.12833
53.75,37.25,ascending,273.90997
53.75,37.5,ascending,273.896
53.75,37.75,ascending,273.824
53.75,38.0,ascending,273.8
54.0,-13.0,ascending,190.09
54.0,-12.75,ascending,190.19331
54.0,-12.5,ascending,190.28
54.0,-12.25,ascending,190.17801
54.0,-12.0,ascending,190.15
54.0,-11.75,ascending,190.134
54.0,-11.5,ascending,190.128
54.0,-11.25,ascending,189.98999
54.0,-11.0,ascending,189.90201
54.0,-10.75,ascending,190.618
54.0,-10.5,ascending,192.93399
54.0,-10.25,ascending,198.594
54.0,-10.0,ascending,213.024
54.0,-9.75,ascending,229.452
54.0,-9.5,ascending,246.58
54.0,-9.25,ascending,250.804
54.0,-9.0,ascending,253.05801
54.0,-8.75,ascending,253.27998
54.0,-8.5,ascending,256.918
54.0,-8.25,ascending,267.16666
54.0,-8.0,ascending,271.664
54.0,-7.75,ascending,275.04333
54.0,-7.5,ascending,276.402
54.0,-7.25,ascending,277.32748
54.0,-7.0,ascending,278.378
54.0,-6.75,ascending,277.516
54.0,-6.5,ascending,272.26166
54.0,-6.25,ascending,260.744
54.0,-6.0,ascending,243.63799
54.0,-5.75,ascending,225.12
54.0,-5.5,ascending,208.95248
54.0,-5.25,ascending,197.50499
54.0,-5.0,ascending,194.41333
54.0,-4.75,ascending,199.558
54.0,-4.5,ascending,200.85333
54.0,-4.25,ascending,197.55399
54.0,-4.0,ascending,192.548
54.0,-3.75,ascending,197.81834
54.0,-3.5,ascending,213.26
54.0,-3.25,ascending,232.74399
54.0,-3.0,ascending,250.52
54.0,-2.75,ascending,269.35715
54.0,-2.5,ascending,281.42
54.0,-2.25,ascending,285.10165
54.0,-2.0,ascending,285.61166
54.0,-1.75,ascending,284.50287
54.0,-1.5,ascending,282.65427
54.0,-1.25,ascending,280.03198
54.0,-1.0,ascending,274.71
54.0,-0.75,ascending,266.5543
54.0,-0.5,ascending,247.99374
54.0,-0.25,ascending,228.60428
54.0,0.0,ascending,206.89
54.0,0.25,ascending,193.54
54.0,0.5,ascending,189.20375
54.0,0.75,ascending,189.00111
54.0,1.0,ascending,190.83
54.0,1.25,ascending,193.95
54.0,1.5,ascending,198.52
54.0,1.75,ascending,203.48999
54.0,2.0,ascending,205.30214
54.0,2.25,ascending,203.44638
54.0,2.5,ascending,203.73
54.0,2.75,ascending,205.66356
54.0,3.0,ascending,206.72845
54.0,3.25,ascending,200.81
54.0,3.5,ascending,199.18777
54.0,3.75,ascending,197.31667
54.0,4.0,ascending,195.4211
54.0,4.25,ascending,193.66899
54.0,4.5,ascending,192.51
54.0,4.75,ascending,191.54428
54.0,5.0,ascending,191.0
54.0,5.25,ascending,190.86143
54.0,5.5,ascending,191.01714
54.0,5.75,ascending,191.24625
54.0,6.0,ascending,191.63
54.0,6.25,ascending,192.25
54.0,6.5,ascending,193.10875
54.0,6.75,ascending,194.04834
54.0,7.0,ascending,195.73665
54.0,7.25,ascending,195.87572
54.0,7.5,ascending,196.55333
54.0,7.75,ascending,197.65833
54.0,8.0,ascending,197.22667
54.0,8.25,ascending,201.92833
54.0,8.5,ascending,207.38666
54.0,8.75,ascending,219.72667
54.0,9.0,ascending,236.98999
54.0,9.25,ascending,259.74832
54.0,9.5,ascending,275.32
54.0,9.75,ascending,284.41666
54.0,10.0,ascending,287.39166
54.0,10.25,ascending,285.8025
54.0,10.5,ascending,281.29333
54.0,10.75,ascending,271.1733
54.0,11.0,ascending,260.16
54.0,11.25,ascending,248.6275
54.0,11.5,ascending,241.71167
54.0,11.75,ascending,239.776
54.0,12.0,ascending,246.38332
54.0,12.25,ascending,253.78398
54.0,12.5,ascending,262.03998
54.0,12.75,ascending,265.202
54.0,13.0,ascending,267.55
54.0,13.25,ascending,269.25
54.0,13.5,ascending,266.82
54.0,13.75,ascending,250.135
54.0,14.0,ascending,231.68399
54.0,14.25,ascending,217.446
54.0,14.5,ascending,214.10667
54.0,14.75,ascending,218.39499
54.0,15.0,ascending,226.32332
54.0,15.25,ascending,234.07999
54.0,15.5,ascending,241.13666
54.0,15.75,ascending,244.26599
54.0,16.0,ascending,252.854
54.0,16.25,ascending,257.95
54.0,16.5,ascending,264.942
54.0,16.75,ascending,275.638
54.0,17.0,ascending,279.714
54.0,17.25,ascending,282.20334
54.0,17.5,ascending,282.752
54.0,17.75,ascending,283.298
54.0,18.0,ascending,283.08
54.0,18.25,ascending,281.79666
54.0,18.5,ascending,275.296
54.0,18.75,ascending,267.28998
54.0,19.0,ascending,259.91833
54.0,19.25,ascending,259.098
54.0,19.5,ascending,259.47
54.0,19.75,ascending,268.06332
54.0,20.0,ascending,274.788
54.0,20.25,ascending,281.69833
54.0,20.5,ascending,285.038
54.0,20.75,ascending,285.54428
54.0,21.0,ascending,285.24667
54.0,21.25,ascending,283.905
54.0,21.5,ascending,281.06833
54.0,21.75,ascending,279.38333
54.0,22.0,ascending,280.60333
54.0,22.25,ascending,282.47833
54.0,22.5,ascending,283.27286
54.0,22.75,ascending,283.61832
54.0,23.0,ascending,283.54666
54.0,23.25,ascending,283.124
54.0,23.5,ascending,282.72125
54.0,23.75,ascending,283.19858
54.0,24.0,ascending,284.09714
54.0,24.25,ascending,285.21875
54.0,24.5,ascending,285.6925
54.0,24.75,ascending,285.8
54.0,25.0,ascending,285.61
54.0,25.25,ascending,285.41998
54.0,25.5,ascending,285.28113
54.0,25.75,ascending,285.12442
54.0,26.0,ascending,284.91498
54.0,26.25,ascending,284.7118
54.0,26.5,ascending,284.386
54.0,26.75,ascending,284.05667
54.0,27.0,ascending,283.03845
54.0,27.25,ascending,282.8876
54.0,27.5,ascending,283.0084
54.0,27.75,ascending,282.9032
54.0,28.0,ascending,282.5289
54.0,28.25,ascending,282.758
54.0,28.5,ascending,282.96
54.0,28.75,ascending,283.18445
54.0,29.0,ascending,283.45624
54.0,29.25,ascending,283.63623
54.0,29.5,ascending,283.71625
54.0,29.75,ascending,283.63998
54.0,30.0,ascending,283.19
54.0,30.25,ascending,282.63
54.0,30.5,ascending,282.1743
54.0,30.75,ascending,281.82166
54.0,31.0,ascending,281.53998
54.0,31.25,ascending,281.386
54.0,31.5,ascending,281.37283
54.0,31.75,ascending,281.49832
54.0,32.0,ascending,281.72665
54.0,32.25,ascending,281.76428
54.0,32.5,ascending,281.51166
54.0,32.75,ascending,280.93832
54.0,33.0,ascending,280.44427
54.0,33.25,ascending,279.66
54.0,33.5,ascending,279.21402
54.0,33.75,ascending,278.79666
54.0,34.0,ascending,278.74167
54.0,34.25,ascending,278.78
54.0,34.5,ascending,278.78598
54.0,34.75,ascending,278.58
54.0,35.0,ascending,278.115
54.0,35.25,ascending,277.66498
54.0,35.5,ascending,277.22665
54.0,35.75,ascending,276.56833
54.0,36.0,ascending,275.78198
54.0,36.25,ascending,274.90164
54.0,36.5,ascending,274.138
54.0,36.75,ascending,273.538
54.0,37.0,ascending,273.474
54.0,37.25,ascending,273.3867
54.0,37.5,ascending,273.22
54.0,37.75,ascending,273.132
54.0,38.0,ascending,273.34332
54.25,-13.0,ascending,189.54668
54.25,-12.75,ascending,189.622
54.25,-12.5,ascending,189.69165
54.25,-12.25,ascending,189.7475
54.25,-12.0,ascending,189.71799
54.25,-11.75,ascending,189.37999
54.25,-11.5,ascending,189.09499
54.25,-11.25,ascending,189.0275
54.25,-11.0,ascending,189.07199
54.25,-10.75,ascending,189.678
54.25,-10.5,ascending,190.894
54.25,-10.25,ascending,195.0925
54.25,-10.0,ascending,203.31601
54.25,-9.75,ascending,215.748
54.25,-9.5,ascending,221.804
54.25,-9.25,ascending,220.815
54.25,-9.0,ascending,222.47833
54.25,-8.75,ascending,229.28333
54.25,-8.5,ascending,238.93198
54.25,-8.25,ascending,254.81334
54.25,-8.0,ascending,266.426
54.25,-7.75,ascending,272.83
54.25,-7.5,ascending,275.58
54.25,-7.25,ascending,277.76166
54.25,-7.0,ascending,278.454
54.25,-6.75,ascending,276.892
54.25,-6.5,ascending,272.63666
54.25,-6.25,ascending,267.372
54.25,-6.0,ascending,259.34
54.25,-5.75,ascending,243.29199
54.25,-5.5,ascending,219.41167
54.25,-5.25,ascending,202.49666
54.25,-5.0,ascending,199.72166
54.25,-4.75,ascending,204.084
54.25,-4.5,ascending,207.54167
54.25,-4.25,ascending,205.996
54.25,-4.0,ascending,199.652
54.25,-3.75,ascending,207.12334
54.25,-3.5,ascending,225.86198
54.25,-3.25,ascending,250.22499
54.25,-3.0,ascending,266.70834
54.25,-2.75,ascending,277.02
54.25,-2.5,ascending,282.06332
54.25,-2.25,ascending,284.88998
54.25,-2.0,ascending,284.47833
54.25,-1.75,ascending,281.416
54.25,-1.5,ascending,274.18
54.25,-1.25,ascending,267.6
54.25,-1.0,ascending,257.81
54.25,-0.75,ascending,247.01855
54.25,-0.5,ascending,228.22499
54.25,-0.25,ascending,211.98874
54.25,0.0,ascending,196.93875
54.25,0.25,ascending,189.91286
54.25,0.5,ascending,187.32375
54.25,0.75,ascending,187.3
54.25,1.0,ascending,188.91779
54.25,1.25,ascending,191.72112
54.25,1.5,ascending,195.44444
54.25,1.75,ascending,200.73
54.25,2.0,ascending,202.22499
54.25,2.25,ascending,203.23558
54.25,2.5,ascending,203.54852
54.25,2.75,ascending,203.65724
54.25,3.0,ascending,203.13705
54.25,3.25,ascending,199.93272
54.25,3.5,ascending,198.535
54.25,3.75,ascending,197.13625
54.25,4.0,ascending,195.80333
54.25,4.25,ascending,194.61665
54.25,4.5,ascending,193.2625
54.25,4.75,ascending,192.09143
54.25,5.0,ascending,191.33858
54.25,5.25,ascending,190.96858
54.25,5.5,ascending,190.965
54.25,5.75,ascending,191.14
54.25,6.0,ascending,191.39166
54.25,6.25,ascending,191.71501
54.25,6.5,ascending,191.65999
54.25,6.75,ascending,191.78499
54.25,7.0,ascending,191.77144
54.25,7.25,ascending,191.635
54.25,7.5,ascending,192.298
54.25,7.75,ascending,192.86499
54.25,8.0,ascending,194.586
54.25,8.25,ascending,198.07858
54.25,8.5,ascending,205.17249
54.25,8.75,ascending,219.165
54.25,9.0,ascending,241.074
54.25,9.25,ascending,261.6
54.25,9.5,ascending,276.992
54.25,9.75,ascending,283.66202
54.25,10.0,ascending,281.56833
54.25,10.25,ascending,271.642
54.25,10.5,ascending,263.288
54.25,10.75,ascending,245.868
54.25,11.0,ascending,232.43166
54.25,11.25,ascending,222.976
54.25,11.5,ascending,218.78667
54.25,11.75,ascending,219.2375
54.25,12.0,ascending,224.08167
54.25,12.25,ascending,230.04599
54.25,12.5,ascending,237.93799
54.25,12.75,ascending,243.42833
54.25,13.0,ascending,241.72
54.25,13.25,ascending,241.67
54.25,13.5,ascending,240.094
54.25,13.75,ascending,224.50749
54.25,14.0,ascending,212.74199
54.25,14.25,ascending,200.69199
54.25,14.5,ascending,198.4725
54.25,14.75,ascending,199.336
54.25,15.0,ascending,203.1725
54.25,15.25,ascending,207.83833
54.25,15.5,ascending,211.73
54.25,15.75,ascending,212.0325
54.25,16.0,ascending,219.575
54.25,16.25,ascending,231.75
54.25,16.5,ascending,243.43999
54.25,16.75,ascending,253.346
54.25,17.0,ascending,262.16998
54.25,17.25,ascending,266.78198
54.25,17.5,ascending,273.5325
54.25,17.75,ascending,275.60748
54.25,18.0,ascending,276.275
54.25,18.25,ascending,271.61667
54.25,18.5,ascending,260.655
54.25,18.75,ascending,246.55333
54.25,19.0,ascending,228.70401
54.25,19.25,ascending,222.16667
54.25,19.5,ascending,227.40999
54.25,19.75,ascending,240.444
54.25,20.0,ascending,260.442
54.25,20.25,ascending,271.376
54.25,20.5,ascending,280.528
54.25,20.75,ascending,283.638
54.25,21.0,ascending,284.244
54.25,21.25,ascending,285.346
54.25,21.5,ascending,284.63498
54.25,21.75,ascending,283.648
54.25,22.0,ascending,283.52
54.25,22.25,ascending,284.28833
54.25,22.5,ascending,284.096
54.25,22.75,ascending,283.86
54.25,23.0,ascending,283.86713
54.25,23.25,ascending,283.48285
54.25,23.5,ascending,282.692
54.25,23.75,ascending,282.33286
54.25,24.0,ascending,282.975
54.25,24.25,ascending,283.7283
54.25,24.5,ascending,284.47665
54.25,24.75,ascending,285.0111
54.25,25.0,ascending,285.28143
54.25,25.25,ascending,285.4
54.25,25.5,ascending,285.19626
54.25,25.75,ascending,284.84222
54.25,26.0,ascending,284.4675
54.25,26.25,ascending,284.23102
54.25,26.5,ascending,283.85364
54.25,26.75,ascending,282.76382
54.25,27.0,ascending,282.6885
54.25,27.25,ascending,282.8208
54.25,27.5,ascending,283.14386
54.25,27.75,ascending,282.93118
54.25,28.0,ascending,282.3525
54.25,28.25,ascending,282.541
54.25,28.5,ascending,282.70334
54.25,28.75,ascending,282.85284
54.25,29.0,ascending,283.06113
54.25,29.25,ascending,283.21713
54.25,29.5,ascending,283.1614
54.25,29.75,ascending,282.83112
54.25,30.0,ascending,282.23285
54.25,30.25,ascending,282.00143
54.25,30.5,ascending,281.65665
54.25,30.75,ascending,281.42334
54.25,31.0,ascending,281.18875
54.25,31.25,ascending,281.22247
54.25,31.5,ascending,281.43857
54.25,31.75,ascending,281.75
54.25,32.0,ascending,281.94498
54.25,32.25,ascending,281.818
54.25,32.5,ascending,281.42334
54.25,32.75,ascending,280.84
54.25,33.0,ascending,280.09833
54.25,33.25,ascending,279.448
54.25,33.5,ascending,279.116
54.25,33.75,ascending,279.18198
54.25,34.0,ascending,279.38998
54.25,34.25,ascending,279.122
54.25,34.5,ascending,278.768
54.25,34.75,ascending,278.292
54.25,35.0,ascending,277.90332
54.25,35.25,ascending,277.495
54.25,35.5,ascending,276.84198
54.25,35.75,ascending,276.00668
54.25,36.0,ascending,275.104
54.25,36.25,ascending,274.202
54.25,36.5,ascending,273.5275
54.25,36.75,ascending,273.326
54.25,37.0,ascending,273.3975
54.25,37.25,ascending,273.294
54.25,37.5,ascending,273.07797
54.25,37.75,ascending,273.306
54.25,38.0,ascending,273.71
54.5,-13.0,ascending,188.98499
54.5,-12.75,ascending,189.21799
54.5,-12.5,ascending,189.60399
54.5,-12.25,ascending,189.87834
54.5,-12.0,ascending,189.51799
54.5,-11.75,ascending,188.95499
54.5,-11.5,ascending,188.558
54.5,-11.25,ascending,188.38332
54.5,-11.0,ascending,188.2825
54.5,-10.75,ascending,188.618
54.5,-10.5,ascending,189.538
54.5,-10.25,ascending,191.33833
54.5,-10.0,ascending,195.22
54.5,-9.75,ascending,197.075
54.5,-9.5,ascending,200.088
54.5,-9.25,ascending,197.868
54.5,-9.0,ascending,199.898
54.5,-8.75,ascending,210.81999
54.5,-8.5,ascending,225.085
54.5,-8.25,ascending,244.7
54.5,-8.0,ascending,262.3625
54.5,-7.75,ascending,271.51398
54.5,-7.5,ascending,274.64166
54.5,-7.25,ascending,275.948
54.5,-7.0,ascending,276.1083
54.5,-6.75,ascending,273.4
54.5,-6.5,ascending,269.43
54.5,-6.25,ascending,265.535
54.5,-6.0,ascending,258.76666
54.5,-5.75,ascending,240.88399
54.5,-5.5,ascending,221.49199
54.5,-5.25,ascending,207.83401
54.5,-5.0,ascending,211.30333
54.5,-4.75,ascending,216.354
54.5,-4.5,ascending,221.04
54.5,-4.25,ascending,223.446
54.5,-4.0,ascending,218.72667
54.5,-3.75,ascending,220.818
54.5,-3.5,ascending,240.755
54.5,-3.25,ascending,262.33832
54.5,-3.0,ascending,276.06332
54.5,-2.75,ascending,282.06198
54.5,-2.5,ascending,284.12997
54.5,-2.25,ascending,284.4643
54.5,-2.0,ascending,282.0
54.5,-1.75,ascending,275.1443
54.5,-1.5,ascending,261.46
54.5,-1.25,ascending,243.85715
54.5,-1.0,ascending,230.635
54.5,-0.75,ascending,217.57875
54.5,-0.5,ascending,209.07143
54.5,-0.25,ascending,197.05168
54.5,0.0,ascending,190.53125
54.5,0.25,ascending,187.41428
54.5,0.5,ascending,186.09888
54.5,0.75,ascending,186.44875
54.5,1.0,ascending,187.74445
54.5,1.25,ascending,189.90556
54.5,1.5,ascending,192.547
54.5,1.75,ascending,196.05316
54.5,2.0,ascending,198.28223
54.5,2.25,ascending,200.51
54.5,2.5,ascending,202.52399
54.5,2.75,ascending,203.81322
54.5,3.0,ascending,202.67213
54.5,3.25,ascending,199.70444
54.5,3.5,ascending,198.77222
54.5,3.75,ascending,197.63666
54.5,4.0,ascending,196.607
54.5,4.25,ascending,195.30998
54.5,4.5,ascending,193.83374
54.5,4.75,ascending,192.46428
54.5,5.0,ascending,191.58667
54.5,5.25,ascending,191.11874
54.5,5.5,ascending,190.97714
54.5,5.75,ascending,190.98334
54.5,6.0,ascending,191.01666
54.5,6.25,ascending,190.9325
54.5,6.5,ascending,190.70166
54.5,6.75,ascending,190.60667
54.5,7.0,ascending,190.62
54.5,7.25,ascending,190.96599
54.5,7.5,ascending,191.65857
54.5,7.75,ascending,192.74165
54.5,8.0,ascending,194.88167
54.5,8.25,ascending,199.04
54.5,8.5,ascending,209.51855
54.5,8.75,ascending,226.368
54.5,9.0,ascending,246.81331
54.5,9.25,ascending,263.248
54.5,9.5,ascending,277.46335
54.5,9.75,ascending,278.48334
54.5,10.0,ascending,267.836
54.5,10.25,ascending,249.24333
54.5,10.5,ascending,232.91
54.5,10.75,ascending,221.53166
54.5,11.0,ascending,216.62666
54.5,11.25,ascending,217.95
54.5,11.5,ascending,219.50998
54.5,11.75,ascending,222.076
54.5,12.0,ascending,224.25499
54.5,12.25,ascending,224.09799
54.5,12.5,ascending,221.825
54.5,12.75,ascending,218.9625
54.5,13.0,ascending,218.4
54.5,13.25,ascending,216.698
54.5,13.5,ascending,216.68999
54.5,13.75,ascending,206.33333
54.5,14.0,ascending,198.26
54.5,14.25,ascending,195.08499
54.5,14.5,ascending,193.81
54.5,14.75,ascending,194.058
54.5,15.0,ascending,195.926
54.5,15.25,ascending,196.48
54.5,15.5,ascending,197.02832
54.5,15.75,ascending,195.21399
54.5,16.0,ascending,197.522
54.5,16.25,ascending,208.48198
54.5,16.5,ascending,215.34001
54.5,16.75,ascending,220.86002
54.5,17.0,ascending,231.50601
54.5,17.25,ascending,243.14
54.5,17.5,ascending,252.01833
54.5,17.75,ascending,254.116
54.5,18.0,ascending,257.72
54.5,18.25,ascending,253.21165
54.5,18.5,ascending,240.23799
54.5,18.75,ascending,217.88832
54.5,19.0,ascending,200.42499
54.5,19.25,ascending,194.19499
54.5,19.5,ascending,198.10333
54.5,19.75,ascending,211.91
54.5,20.0,ascending,235.58167
54.5,20.25,ascending,251.254
54.5,20.5,ascending,266.22
54.5,20.75,ascending,271.0757
54.5,21.0,ascending,274.78
54.5,21.25,ascending,280.89285
54.5,21.5,ascending,284.882
54.5,21.75,ascending,286.12668
54.5,22.0,ascending,286.07333
54.5,22.25,ascending,285.91333
54.5,22.5,ascending,285.08835
54.5,22.75,ascending,284.54666
54.5,23.0,ascending,284.42596
54.5,23.25,ascending,284.44284
54.5,23.5,ascending,283.6614
54.5,23.75,ascending,282.95334
54.5,24.0,ascending,282.81998
54.5,24.25,ascending,283.2675
54.5,24.5,ascending,283.51498
54.5,24.75,ascending,283.64142
54.5,25.0,ascending,284.10126
54.5,25.25,ascending,284.49777
54.5,25.5,ascending,284.695
54.5,25.75,ascending,284.37555
54.5,26.0,ascending,283.62
54.5,26.25,ascending,282.61908
54.5,26.5,ascending,282.11737
54.5,26.75,ascending,282.188
54.5,27.0,ascending,282.40964
54.5,27.25,ascending,282.886
54.5,27.5,ascending,283.15533
54.5,27.75,ascending,282.555
54.5,28.0,ascending,282.4675
54.5,28.25,ascending,282.56888
54.5,28.5,ascending,282.45624
54.5,28.75,ascending,282.24875
54.5,29.0,ascending,281.88748
54.5,29.25,ascending,281.79428
54.5,29.5,ascending,281.4625
54.5,29.75,ascending,281.28748
54.5,30.0,ascending,281.36667
54.5,30.25,ascending,281.43997
54.5,30.5,ascending,281.33286
54.5,30.75,ascending,281.17856
54.5,31.0,ascending,281.16428
54.5,31.25,ascending,281.336
54.5,31.5,ascending,281.55713
54.5,31.75,ascending,281.71664
54.5,32.0,ascending,281.71664
54.5,32.25,ascending,281.45667
54.5,32.5,ascending,281.19666
54.5,32.75,ascending,280.83167
54.5,33.0,ascending,280.434
54.5,33.25,ascending,280.25143
54.5,33.5,ascending,280.1133
54.5,33.75,ascending,279.89166
54.5,34.0,ascending,279.42334
54.5,34.25,ascending,278.88748
54.5,34.5,ascending,278.3857
54.5,34.75,ascending,278.002
54.5,35.0,ascending,277.704
54.5,35.25,ascending,277.14166
54.5,35.5,ascending,276.36398
54.5,35.75,ascending,275.524
54.5,36.0,ascending,274.755
54.5,36.25,ascending,274.095
54.5,36.5,ascending,273.674
54.5,36.75,ascending,273.706
54.5,37.0,ascending,273.675
54.5,37.25,ascending,273.5925
54.5,37.5,ascending,273.524
54.5,37.75,ascending,273.75397
54.5,38.0,ascending,274.21667
54.75,-13.0,ascending,189.04999
54.75,-12.75,ascending,189.448
54.75,-12.5,ascending,189.868
54.75,-12.25,ascending,189.89
54.75,-12.0,ascending,189.33833
54.75,-11.75,ascending,188.7175
54.75,-11.5,ascending,188.246
54.75,-11.25,ascending,188.034
54.75,-11.0,ascending,187.976
54.75,-10.75,ascending,188.092
54.75,-10.5,ascending,188.392
54.75,-10.25,ascending,188.965
54.75,-10.0,ascending,189.80998
54.75,-9.75,ascending,190.15999
54.75,-9.5,ascending,190.34332
54.75,-9.25,ascending,190.27249
54.75,-9.0,ascending,193.608
54.75,-8.75,ascending,201.498
54.75,-8.5,ascending,216.50601
54.75,-8.25,ascending,237.58667
54.75,-8.0,ascending,254.92499
54.75,-7.75,ascending,263.902
54.75,-7.5,ascending,265.185
54.75,-7.25,ascending,265.006
54.75,-7.0,ascending,265.108
54.75,-6.75,ascending,264.336
54.75,-6.5,ascending,260.32834
54.75,-6.25,ascending,256.138
54.75,-6.0,ascending,247.705
54.75,-5.75,ascending,230.726
54.75,-5.5,ascending,215.51999
54.75,-5.25,ascending,209.63666
54.75,-5.0,ascending,221.8675
54.75,-4.75,ascending,239.66333
54.75,-4.5,ascending,247.48
54.75,-4.25,ascending,250.03749
54.75,-4.0,ascending,251.056
54.75,-3.75,ascending,243.75832
54.75,-3.5,ascending,256.048
54.75,-3.25,ascending,267.29834
54.75,-3.0,ascending,278.85666
54.75,-2.75,ascending,283.352
54.75,-2.5,ascending,284.635
54.75,-2.25,ascending,283.60834
54.75,-2.0,ascending,278.54166
54.75,-1.75,ascending,264.88998
54.75,-1.5,ascending,243.875
54.75,-1.25,ascending,221.93428
54.75,-1.0,ascending,206.42374
54.75,-0.75,ascending,197.47333
54.75,-0.5,ascending,192.85374
54.75,-0.25,ascending,189.95999
54.75,0.0,ascending,187.43428
54.75,0.25,ascending,185.96124
54.75,0.5,ascending,185.48375
54.75,0.75,ascending,185.83374
54.75,1.0,ascending,186.83875
54.75,1.25,ascending,188.48222
54.75,1.5,ascending,191.8594
54.75,1.75,ascending,193.80792
54.75,2.0,ascending,195.44798
54.75,2.25,ascending,197.23083
54.75,2.5,ascending,199.03769
54.75,2.75,ascending,200.61218
54.75,3.0,ascending,200.37799
54.75,3.25,ascending,199.77875
54.75,3.5,ascending,199.29999
54.75,3.75,ascending,198.599
54.75,4.0,ascending,197.56624
54.75,4.25,ascending,196.07286
54.75,4.5,ascending,194.53429
54.75,4.75,ascending,193.00143
54.75,5.0,ascending,191.8925
54.75,5.25,ascending,191.3657
54.75,5.5,ascending,191.12166
54.75,5.75,ascending,191.015
54.75,6.0,ascending,190.90445
54.75,6.25,ascending,190.73999
54.75,6.5,ascending,190.56166
54.75,6.75,ascending,190.4157
54.75,7.0,ascending,190.506
54.75,7.25,ascending,190.814
54.75,7.5,ascending,191.45166
54.75,7.75,ascending,192.526
54.75,8.0,ascending,195.01833
54.75,8.25,ascending,200.774
54.75,8.5,ascending,211.76001
54.75,8.75,ascending,229.444
54.75,9.0,ascending,252.16199
54.75,9.25,ascending,270.74667
54.75,9.5,ascending,276.822
54.75,9.75,ascending,268.4375
54.75,10.0,ascending,254.096
54.75,10.25,ascending,233.83398
54.75,10.5,ascending,223.762
54.75,10.75,ascending,224.45667
54.75,11.0,ascending,227.408
54.75,11.25,ascending,230.48999
54.75,11.5,ascending,230.70499
54.75,11.75,ascending,231.77167
54.75,12.0,ascending,233.55801
54.75,12.25,ascending,230.83499
54.75,12.5,ascending,223.056
54.75,12.75,ascending,211.435
54.75,13.0,ascending,204.122
54.75,13.25,ascending,202.6975
54.75,13.5,ascending,202.256
54.75,13.75,ascending,199.2275
54.75,14.0,ascending,197.696
54.75,14.25,ascending,195.7425
54.75,14.5,ascending,196.10599
54.75,14.75,ascending,198.04
54.75,15.0,ascending,200.1
54.75,15.25,ascending,199.392
54.75,15.5,ascending,194.79333
54.75,15.75,ascending,191.29668
54.75,16.0,ascending,191.574
54.75,16.25,ascending,193.892
54.75,16.5,ascending,196.14667
54.75,16.75,ascending,200.09666
54.75,17.0,ascending,208.685
54.75,17.25,ascending,213.06166
54.75,17.5,ascending,214.99399
54.75,17.75,ascending,220.74399
54.75,18.0,ascending,222.80168
54.75,18.25,ascending,221.88602
54.75,18.5,ascending,208.42165
54.75,18.75,ascending,194.736
54.75,19.0,ascending,188.76332
54.75,19.25,ascending,186.2125
54.75,19.5,ascending,186.654
54.75,19.75,ascending,194.55399
54.75,20.0,ascending,211.36665
54.75,20.25,ascending,227.1625
54.75,20.5,ascending,236.49333
54.75,20.75,ascending,244.898
54.75,21.0,ascending,250.87166
54.75,21.25,ascending,268.444
54.75,21.5,ascending,280.35333
54.75,21.75,ascending,286.15332
54.75,22.0,ascending,287.06427
54.75,22.25,ascending,286.906
54.75,22.5,ascending,286.31284
54.75,22.75,ascending,285.39166
54.75,23.0,ascending,284.9457
54.75,23.25,ascending,284.98334
54.75,23.5,ascending,284.64142
54.75,23.75,ascending,283.67502
54.75,24.0,ascending,283.24832
54.75,24.25,ascending,283.51834
54.75,24.5,ascending,284.0175
54.75,24.75,ascending,283.81857
54.75,25.0,ascending,283.26123
54.75,25.25,ascending,283.0843
54.75,25.5,ascending,283.24332
54.75,25.75,ascending,283.65125
54.75,26.0,ascending,283.12
54.75,26.25,ascending,281.03687
54.75,26.5,ascending,280.386
54.75,26.75,ascending,280.3904
54.75,27.0,ascending,281.2119
54.75,27.25,ascending,282.31458
54.75,27.5,ascending,282.91818
54.75,27.75,ascending,282.205
54.75,28.0,ascending,282.5822
54.75,28.25,ascending,282.62143
54.75,28.5,ascending,282.3289
54.75,28.75,ascending,281.73285
54.75,29.0,ascending,281.09143
54.75,29.25,ascending,280.64374
54.75,29.5,ascending,280.58286
54.75,29.75,ascending,280.78857
54.75,30.0,ascending,281.00833
54.75,30.25,ascending,281.07834
54.75,30.5,ascending,280.9911
54.75,30.75,ascending,280.985
54.75,31.0,ascending,281.16666
54.75,31.25,ascending,281.306
54.75,31.5,ascending,281.285
54.75,31.75,ascending,281.18167
54.75,32.0,ascending,280.93332
54.75,32.25,ascending,280.86
54.75,32.5,ascending,280.878
54.75,32.75,ascending,280.858
54.75,33.0,ascending,280.742
54.75,33.25,ascending,280.444
54.75,33.5,ascending,280.09198
54.75,33.75,ascending,279.692
54.75,34.0,ascending,279.21667
54.75,34.25,ascending,278.66165
54.75,34.5,ascending,278.278
54.75,34.75,ascending,277.9875
54.75,35.0,ascending,277.58
54.75,35.25,ascending,276.918
54.75,35.5,ascending,276.215
54.75,35.75,ascending,275.625
54.75,36.0,ascending,275.12997
54.75,36.25,ascending,274.642
54.75,36.5,ascending,274.32333
54.75,36.75,ascending,274.1475
54.75,37.0,ascending,274.002
54.75,37.25,ascending,273.806
54.75,37.5,ascending,273.494
54.75,37.75,ascending,273.33398
54.75,38.0,ascending,273.63333
55.0,-13.0,ascending,189.27998
55.0,-12.75,ascending,189.54001
55.0,-12.5,ascending,189.66599
55.0,-12.25,ascending,189.398
55.0,-12.0,ascending,188.88998
55.0,-11.75,ascending,188.49399
55.0,-11.5,ascending,188.24399
55.0,-11.25,ascending,188.07799
55.0,-11.0,ascending,188.01799
55.0,-10.75,ascending,187.96666
55.0,-10.5,ascending,188.08249
55.0,-10.25,ascending,188.40166
55.0,-10.0,ascending,188.71799
55.0,-9.75,ascending,188.79199
55.0,-9.5,ascending,188.786
55.0,-9.25,ascending,189.1875
55.0,-9.0,ascending,190.53833
55.0,-8.75,ascending,195.036
55.0,-8.5,ascending,207.71599
55.0,-8.25,ascending,221.168
55.0,-8.0,ascending,233.676
55.0,-7.75,ascending,237.46999
55.0,-7.5,ascending,238.568
55.0,-7.25,ascending,248.86665
55.0,-7.0,ascending,246.14
55.0,-6.75,ascending,243.39749
55.0,-6.5,ascending,242.69499
55.0,-6.25,ascending,236.4725
55.0,-6.0,ascending,230.51999
55.0,-5.75,ascending,220.92801
55.0,-5.5,ascending,211.54999
55.0,-5.25,ascending,211.58798
55.0,-5.0,ascending,226.135
55.0,-4.75,ascending,249.95
55.0,-4.5,ascending,266.20834
55.0,-4.25,ascending,271.57834
55.0,-4.0,ascending,273.616
55.0,-3.75,ascending,270.76428
55.0,-3.5,ascending,271.69598
55.0,-3.25,ascending,274.52167
55.0,-3.0,ascending,279.55
55.0,-2.75,ascending,282.66714
55.0,-2.5,ascending,283.60666
55.0,-2.25,ascending,281.678
55.0,-2.0,ascending,273.94998
55.0,-1.75,ascending,256.0114
55.0,-1.5,ascending,231.93286
55.0,-1.25,ascending,208.74399
55.0,-1.0,ascending,195.98332
55.0,-0.75,ascending,190.43999
55.0,-0.5,ascending,188.15001
55.0,-0.25,ascending,187.36287
55.0,0.0,ascending,186.625
55.0,0.25,ascending,185.94374
55.0,0.5,ascending,185.40666
55.0,0.75,ascending,185.41556
55.0,1.0,ascending,186.147
55.0,1.25,ascending,188.45714
55.0,1.5,ascending,191.0708
55.0,1.75,ascending,192.38695
55.0,2.0,ascending,193.87782
55.0,2.25,ascending,195.5469
55.0,2.5,ascending,197.0176
55.0,2.75,ascending,198.2792
55.0,3.0,ascending,199.5422
55.0,3.25,ascending,200.16333
55.0,3.5,ascending,200.415
55.0,3.75,ascending,199.995
55.0,4.0,ascending,198.56285
55.0,4.25,ascending,196.92
55.0,4.5,ascending,195.07857
55.0,4.75,ascending,193.4
55.0,5.0,ascending,192.35875
55.0,5.25,ascending,191.65666
55.0,5.5,ascending,191.33286
55.0,5.75,ascending,191.20833
55.0,6.0,ascending,191.04286
55.0,6.25,ascending,190.776
55.0,6.5,ascending,190.50665
55.0,6.75,ascending,190.28142
55.0,7.0,ascending,190.31601
55.0,7.25,ascending,190.67429
55.0,7.5,ascending,191.272
55.0,7.75,ascending,192.55165
55.0,8.0,ascending,195.34001
55.0,8.25,ascending,202.59799
55.0,8.5,ascending,212.772
55.0,8.75,ascending,233.04834
55.0,9.0,ascending,254.818
55.0,9.25,ascending,270.68
55.0,9.5,ascending,272.76666
55.0,9.75,ascending,261.822
55.0,10.0,ascending,248.298
55.0,10.25,ascending,242.25835
55.0,10.5,ascending,241.63249
55.0,10.75,ascending,246.09799
55.0,11.0,ascending,239.892
55.0,11.25,ascending,232.04832
55.0,11.5,ascending,232.528
55.0,11.75,ascending,239.11249
55.0,12.0,ascending,247.17499
55.0,12.25,ascending,244.28598
55.0,12.5,ascending,229.06198
55.0,12.75,ascending,214.1975
55.0,13.0,ascending,205.274
55.0,13.25,ascending,204.07166
55.0,13.5,ascending,205.27998
55.0,13.75,ascending,211.3
55.0,14.0,ascending,207.596
55.0,14.25,ascending,207.056
55.0,14.5,ascending,205.21199
55.0,14.75,ascending,206.25835
55.0,15.0,ascending,206.415
55.0,15.25,ascending,202.10167
55.0,15.5,ascending,194.9075
55.0,15.75,ascending,191.30666
55.0,16.0,ascending,190.43
55.0,16.25,ascending,190.425
55.0,16.5,ascending,190.55666
55.0,16.75,ascending,192.18
55.0,17.0,ascending,192.78499
55.0,17.25,ascending,193.10399
55.0,17.5,ascending,194.81665
55.0,17.75,ascending,195.92
55.0,18.0,ascending,197.108
55.0,18.25,ascending,194.49666
55.0,18.5,ascending,189.996
55.0,18.75,ascending,187.138
55.0,19.0,ascending,184.54167
55.0,19.25,ascending,183.814
55.0,19.5,ascending,184.09799
55.0,19.75,ascending,187.02667
55.0,20.0,ascending,195.38666
55.0,20.25,ascending,202.12
55.0,20.5,ascending,204.326
55.0,20.75,ascending,216.64
55.0,21.0,ascending,227.554
55.0,21.25,ascending,253.03198
55.0,21.5,ascending,274.13498
55.0,21.75,ascending,285.25833
55.0,22.0,ascending,287.34
55.0,22.25,ascending,287.43332
55.0,22.5,ascending,286.952
55.0,22.75,ascending,286.17285
55.0,23.0,ascending,285.59833
55.0,23.25,ascending,285.56168
55.0,23.5,ascending,285.45166
55.0,23.75,ascending,284.96375
55.0,24.0,ascending,284.41998
55.0,24.25,ascending,284.53287
55.0,24.5,ascending,284.95
55.0,24.75,ascending,284.68573
55.0,25.0,ascending,283.6011
55.0,25.25,ascending,281.985
55.0,25.5,ascending,281.06223
55.0,25.75,ascending,281.19
55.0,26.0,ascending,281.14932
55.0,26.25,ascending,280.866
55.0,26.5,ascending,280.465
55.0,26.75,ascending,280.1909
55.0,27.0,ascending,280.45502
55.0,27.25,ascending,281.3724
55.0,27.5,ascending,282.02924
55.0,27.75,ascending,281.5889
55.0,28.0,ascending,282.02332
55.0,28.25,ascending,282.02856
55.0,28.5,ascending,281.59125
55.0,28.75,ascending,281.13998
55.0,29.0,ascending,280.63998
55.0,29.25,ascending,280.22
55.0,29.5,ascending,280.2557
55.0,29.75,ascending,280.34714
55.0,30.0,ascending,280.52142
55.0,30.25,ascending,280.4943
55.0,30.5,ascending,280.455
55.0,30.75,ascending,280.655
55.0,31.0,ascending,280.858
55.0,31.25,ascending,280.8457
55.0,31.5,ascending,280.72665
55.0,31.75,ascending,280.525
55.0,32.0,ascending,280.35165
55.0,32.25,ascending,280.43597
55.0,32.5,ascending,280.46143
55.0,32.75,ascending,280.34164
55.0,33.0,ascending,280.13998
55.0,33.25,ascending,279.8633
55.0,33.5,ascending,279.654
55.0,33.75,ascending,279.504
55.0,34.0,ascending,279.19333
55.0,34.25,ascending,278.814
55.0,34.5,ascending,278.39667
55.0,34.75,ascending,278.06998
55.0,35.0,ascending,277.64398
55.0,35.25,ascending,276.91165
55.0,35.5,ascending,276.30798
55.0,35.75,ascending,275.904
55.0,36.0,ascending,275.502
55.0,36.25,ascending,274.982
55.0,36.5,ascending,274.534
55.0,36.75,ascending,274.13498
55.0,37.0,ascending,273.746
55.0,37.25,ascending,273.30402
55.0,37.5,ascending,272.83002
55.0,37.75,ascending,272.302
55.0,38.0,ascending,272.63333
55.25,-13.0,ascending,190.11499
55.25,-12.75,ascending,190.126
55.25,-12.5,ascending,189.824
55.25,-12.25,ascending,189.29199
55.25,-12.0,ascending,188.97
55.25,-11.75,ascending,188.715
55.25,-11.5,ascending,188.562
55.25,-11.25,ascending,188.528
55.25,-11.0,ascending,188.44499
55.25,-10.75,ascending,188.2625
55.25,-10.5,ascending,188.29
55.25,-10.25,ascending,188.45332
55.25,-10.0,ascending,188.545
55.25,-9.75,ascending,188.55
55.25,-9.5,ascending,188.53
55.25,-9.25,ascending,188.58798
55.25,-9.0,ascending,189.0275
55.25,-8.75,ascending,190.58499
55.25,-8.5,ascending,194.844
55.25,-8.25,ascending,201.002
55.25,-8.0,ascending,204.69832
55.25,-7.75,ascending,210.19331
55.25,-7.5,ascending,214.965
55.25,-7.25,ascending,224.35799
55.25,-7.0,ascending,221.04333
55.25,-6.75,ascending,217.278
55.25,-6.5,ascending,220.736
55.25,-6.25,ascending,222.4325
55.25,-6.0,ascending,219.125
55.25,-5.75,ascending,218.95401
55.25,-5.5,ascending,219.91333
55.25,-5.25,ascending,220.182
55.25,-5.0,ascending,226.324
55.25,-4.75,ascending,246.07999
55.25,-4.5,ascending,266.455
55.25,-4.25,ascending,277.2575
55.25,-4.0,ascending,280.622
55.25,-3.75,ascending,280.806
55.25,-3.5,ascending,280.30167
55.25,-3.25,ascending,280.142
55.25,-3.0,ascending,281.13834
55.25,-2.75,ascending,281.16833
55.25,-2.5,ascending,279.962
55.25,-2.25,ascending,274.94855
55.25,-2.0,ascending,264.75668
55.25,-1.75,ascending,244.574
55.25,-1.5,ascending,220.04857
55.25,-1.25,ascending,200.83624
55.25,-1.0,ascending,191.26
55.25,-0.75,ascending,188.33124
55.25,-0.5,ascending,187.50143
55.25,-0.25,ascending,187.10857
55.25,0.0,ascending,186.61499
55.25,0.25,ascending,186.03833
55.25,0.5,ascending,185.485
55.25,0.75,ascending,185.1975
55.25,1.0,ascending,186.37614
55.25,1.25,ascending,188.3041
55.25,1.5,ascending,189.52875
55.25,1.75,ascending,191.12653
55.25,2.0,ascending,192.61699
55.25,2.25,ascending,194.25653
55.25,2.5,ascending,195.61963
55.25,2.75,ascending,196.94136
55.25,3.0,ascending,199.34
55.25,3.25,ascending,199.79199
55.25,3.5,ascending,199.98375
55.25,3.75,ascending,199.19571
55.25,4.0,ascending,198.19142
55.25,4.25,ascending,196.54713
55.25,4.5,ascending,194.99834
55.25,4.75,ascending,193.65125
55.25,5.0,ascending,192.57286
55.25,5.25,ascending,191.87
55.25,5.5,ascending,191.49666
55.25,5.75,ascending,191.18857
55.25,6.0,ascending,190.88199
55.25,6.25,ascending,190.574
55.25,6.5,ascending,190.23125
55.25,6.75,ascending,190.01
55.25,7.0,ascending,190.05856
55.25,7.25,ascending,190.352
55.25,7.5,ascending,191.05165
55.25,7.75,ascending,192.36665
55.25,8.0,ascending,195.7
55.25,8.25,ascending,203.76166
55.25,8.5,ascending,219.024
55.25,8.75,ascending,243.53598
55.25,9.0,ascending,264.966
55.25,9.25,ascending,276.78
55.25,9.5,ascending,275.57498
55.25,9.75,ascending,265.185
55.25,10.0,ascending,260.23248
55.25,10.25,ascending,259.194
55.25,10.5,ascending,257.318
55.25,10.75,ascending,247.85333
55.25,11.0,ascending,234.43
55.25,11.25,ascending,230.42
55.25,11.5,ascending,241.874
55.25,11.75,ascending,256.216
55.25,12.0,ascending,263.76
55.25,12.25,ascending,255.08598
55.25,12.5,ascending,240.0175
55.25,12.75,ascending,223.08833
55.25,13.0,ascending,218.108
55.25,13.25,ascending,220.01
55.25,13.5,ascending,231.825
55.25,13.75,ascending,237.76
55.25,14.0,ascending,232.9925
55.25,14.25,ascending,228.202
55.25,14.5,ascending,221.48999
55.25,14.75,ascending,210.04999
55.25,15.0,ascending,203.26332
55.25,15.25,ascending,197.06749
55.25,15.5,ascending,192.575
55.25,15.75,ascending,191.36499
55.25,16.0,ascending,190.76999
55.25,16.25,ascending,190.45667
55.25,16.5,ascending,190.01
55.25,16.75,ascending,189.736
55.25,17.0,ascending,189.46333
55.25,17.25,ascending,189.26599
55.25,17.5,ascending,189.20999
55.25,17.75,ascending,188.834
55.25,18.0,ascending,187.89333
55.25,18.25,ascending,186.734
55.25,18.5,ascending,185.7
55.25,18.75,ascending,184.54199
55.25,19.0,ascending,183.894
55.25,19.25,ascending,183.65498
55.25,19.5,ascending,183.7425
55.25,19.75,ascending,184.1
55.25,20.0,ascending,185.67665
55.25,20.25,ascending,187.76
55.25,20.5,ascending,190.136
55.25,20.75,ascending,198.444
55.25,21.0,ascending,217.14833
55.25,21.25,ascending,244.92
55.25,21.5,ascending,271.355
55.25,21.75,ascending,284.052
55.25,22.0,ascending,287.35666
55.25,22.25,ascending,287.75497
55.25,22.5,ascending,287.42856
55.25,22.75,ascending,286.76
55.25,23.0,ascending,286.29428
55.25,23.25,ascending,286.26715
55.25,23.5,ascending,286.18668
55.25,23.75,ascending,285.87833
55.25,24.0,ascending,285.44498
55.25,24.25,ascending,285.44855
55.25,24.5,ascending,285.52713
55.25,24.75,ascending,285.38858
55.25,25.0,ascending,284.46
55.25,25.25,ascending,282.3775
55.25,25.5,ascending,280.2022
55.25,25.75,ascending,278.67728
55.25,26.0,ascending,278.55438
55.25,26.25,ascending,279.05093
55.25,26.5,ascending,279.59085
55.25,26.75,ascending,280.0323
55.25,27.0,ascending,280.71863
55.25,27.25,ascending,281.5968
55.25,27.5,ascending,281.83698
55.25,27.75,ascending,281.41998
55.25,28.0,ascending,281.44873
55.25,28.25,ascending,281.22998
55.25,28.5,ascending,280.64856
55.25,28.75,ascending,280.10858
55.25,29.0,ascending,279.73123
55.25,29.25,ascending,279.83167
55.25,29.5,ascending,280.0557
55.25,29.75,ascending,280.19833
55.25,30.0,ascending,280.14667
55.25,30.25,ascending,279.97
55.25,30.5,ascending,279.98
55.25,30.75,ascending,280.20667
55.25,31.0,ascending,280.29666
55.25,31.25,ascending,280.405
55.25,31.5,ascending,280.39398
55.25,31.75,ascending,280.02164
55.25,32.0,ascending,279.93597
55.25,32.25,ascending,279.77332
55.25,32.5,ascending,279.636
55.25,32.75,ascending,279.52798
55.25,33.0,ascending,279.418
55.25,33.25,ascending,279.448
55.25,33.5,ascending,279.53598
55.25,33.75,ascending,279.47797
55.25,34.0,ascending,279.202
55.25,34.25,ascending,278.85498
55.25,34.5,ascending,278.55167
55.25,34.75,ascending,278.052
55.25,35.0,ascending,277.41748
55.25,35.25,ascending,276.69498
55.25,35.5,ascending,276.115
55.25,35.75,ascending,275.7575
55.25,36.0,ascending,275.148
55.25,36.25,ascending,274.4875
55.25,36.5,ascending,274.06
55.25,36.75,ascending,273.564
55.25,37.0,ascending,273.026
55.25,37.25,ascending,272.408
55.25,37.5,ascending,271.576
55.25,37.75,ascending,270.4675
55.25,38.0,ascending,270.45667
55.5,-13.0,ascending,190.88
55.5,-12.75,ascending,190.59799
55.5,-12.5,ascending,189.99199
55.5,-12.25,ascending,189.5925
55.5,-12.0,ascending,189.5
55.5,-11.75,ascending,189.346
55.5,-11.5,ascending,189.38199
55.5,-11.25,ascending,189.326
55.5,-11.0,ascending,189.13998
55.5,-10.75,ascending,188.71599
55.5,-10.5,ascending,188.63998
55.5,-10.25,ascending,188.57199
55.5,-10.0,ascending,188.566
55.5,-9.75,ascending,188.472
55.5,-9.5,ascending,188.37
55.5,-9.25,ascending,188.31
55.5,-9.0,ascending,188.42665
55.5,-8.75,ascending,188.76
55.5,-8.5,ascending,189.602
55.5,-8.25,ascending,191.17
55.5,-8.0,ascending,192.25749
55.5,-7.75,ascending,195.6
55.5,-7.5,ascending,198.496
55.5,-7.25,ascending,199.74165
55.5,-7.0,ascending,199.082
55.5,-6.75,ascending,200.756
55.5,-6.5,ascending,205.34
55.5,-6.25,ascending,212.77167
55.5,-6.0,ascending,218.376
55.5,-5.75,ascending,224.608
55.5,-5.5,ascending,232.92665
55.5,-5.25,ascending,234.38998
55.5,-5.0,ascending,233.83598
55.5,-4.75,ascending,246.54167
55.5,-4.5,ascending,264.865
55.5,-4.25,ascending,277.03
55.5,-4.0,ascending,279.87833
55.5,-3.75,ascending,280.02798
55.5,-3.5,ascending,278.29166
55.5,-3.25,ascending,276.57166
55.5,-3.0,ascending,276.0533
55.5,-2.75,ascending,272.7683
55.5,-2.5,ascending,269.20667
55.5,-2.25,ascending,259.03165
55.5,-2.0,ascending,244.73143
55.5,-1.75,ascending,227.98167
55.5,-1.5,ascending,208.66202
55.5,-1.25,ascending,195.78499
55.5,-1.0,ascending,189.65857
55.5,-0.75,ascending,187.806
55.5,-0.5,ascending,187.44499
55.5,-0.25,ascending,187.22142
55.5,0.0,ascending,186.86142
55.5,0.25,ascending,186.25223
55.5,0.5,ascending,185.60666
55.5,0.75,ascending,185.37999
55.5,1.0,ascending,186.40666
55.5,1.25,ascending,187.15833
55.5,1.5,ascending,188.47545
55.5,1.75,ascending,189.93523
55.5,2.0,ascending,191.5359
55.5,2.25,ascending,193.16125
55.5,2.5,ascending,194.41702
55.5,2.75,ascending,195.67632
55.5,3.0,ascending,197.45
55.5,3.25,ascending,197.76
55.5,3.5,ascending,197.96625
55.5,3.75,ascending,197.50856
55.5,4.0,ascending,196.84143
55.5,4.25,ascending,195.79999
55.5,4.5,ascending,194.58444
55.5,4.75,ascending,193.44832
55.5,5.0,ascending,192.57166
55.5,5.25,ascending,191.91833
55.5,5.5,ascending,191.43857
55.5,5.75,ascending,191.07666
55.5,6.0,ascending,190.726
55.5,6.25,ascending,190.34856
55.5,6.5,ascending,189.995
55.5,6.75,ascending,189.834
55.5,7.0,ascending,189.93666
55.5,7.25,ascending,190.43666
55.5,7.5,ascending,191.54333
55.5,7.75,ascending,193.92
55.5,8.0,ascending,200.745
55.5,8.25,ascending,215.872
55.5,8.5,ascending,236.64856
55.5,8.75,ascending,257.9225
55.5,9.0,ascending,274.44998
55.5,9.25,ascending,281.638
55.5,9.5,ascending,279.416
55.5,9.75,ascending,273.638
55.5,10.0,ascending,265.95834
55.5,10.25,ascending,258.9225
55.5,10.5,ascending,248.17798
55.5,10.75,ascending,233.045
55.5,11.0,ascending,224.894
55.5,11.25,ascending,230.9775
55.5,11.5,ascending,246.72998
55.5,11.75,ascending,258.336
55.5,12.0,ascending,259.8075
55.5,12.25,ascending,254.012
55.5,12.5,ascending,243.46
55.5,12.75,ascending,236.4775
55.5,13.0,ascending,236.904
55.5,13.25,ascending,249.11665
55.5,13.5,ascending,261.7975
55.5,13.75,ascending,265.34833
55.5,14.0,ascending,259.90598
55.5,14.25,ascending,248.93799
55.5,14.5,ascending,227.43
55.5,14.75,ascending,211.346
55.5,15.0,ascending,201.435
55.5,15.25,ascending,196.594
55.5,15.5,ascending,195.528
55.5,15.75,ascending,195.164
55.5,16.0,ascending,193.726
55.5,16.25,ascending,192.474
55.5,16.5,ascending,191.08998
55.5,16.75,ascending,189.998
55.5,17.0,ascending,189.43399
55.5,17.25,ascending,189.00667
55.5,17.5,ascending,188.7525
55.5,17.75,ascending,188.03
55.5,18.0,ascending,186.9625
55.5,18.25,ascending,186.06334
55.5,18.5,ascending,185.34799
55.5,18.75,ascending,184.59799
55.5,19.0,ascending,184.08833
55.5,19.25,ascending,183.79599
55.5,19.5,ascending,183.668
55.5,19.75,ascending,183.668
55.5,20.0,ascending,183.97166
55.5,20.25,ascending,184.90999
55.5,20.5,ascending,187.13799
55.5,20.75,ascending,196.96501
55.5,21.0,ascending,221.198
55.5,21.25,ascending,251.14832
55.5,21.5,ascending,274.37668
55.5,21.75,ascending,285.07166
55.5,22.0,ascending,287.71713
55.5,22.25,ascending,287.85834
55.5,22.5,ascending,287.54666
55.5,22.75,ascending,287.00665
55.5,23.0,ascending,286.44498
55.5,23.25,ascending,286.34
55.5,23.5,ascending,286.47858
55.5,23.75,ascending,286.2914
55.5,24.0,ascending,285.9375
55.5,24.25,ascending,285.71664
55.5,24.5,ascending,285.73123
55.5,24.75,ascending,285.6314
55.5,25.0,ascending,285.05124
55.5,25.25,ascending,283.6778
55.5,25.5,ascending,281.21667
55.5,25.75,ascending,279.13522
55.5,26.0,ascending,277.91
55.5,26.25,ascending,277.0152
55.5,26.5,ascending,276.6384
55.5,26.75,ascending,276.44522
55.5,27.0,ascending,277.4176
55.5,27.25,ascending,278.81845
55.5,27.5,ascending,279.35117
55.5,27.75,ascending,279.5725
55.5,28.0,ascending,280.26373
55.5,28.25,ascending,280.64716
55.5,28.5,ascending,280.68286
55.5,28.75,ascending,280.5225
55.5,29.0,ascending,280.565
55.5,29.25,ascending,280.4857
55.5,29.5,ascending,280.275
55.5,29.75,ascending,279.97165
55.5,30.0,ascending,279.43875
55.5,30.25,ascending,279.12
55.5,30.5,ascending,279.16165
55.5,30.75,ascending,279.1133
55.5,31.0,ascending,279.01834
55.5,31.25,ascending,279.31833
55.5,31.5,ascending,279.31833
55.5,31.75,ascending,279.06833
55.5,32.0,ascending,278.96
55.5,32.25,ascending,278.81198
55.5,32.5,ascending,278.87167
55.5,32.75,ascending,278.84198
55.5,33.0,ascending,278.97333
55.5,33.25,ascending,279.18
55.5,33.5,ascending,279.28833
55.5,33.75,ascending,279.2175
55.5,34.0,ascending,279.005
55.5,34.25,ascending,278.72
55.5,34.5,ascending,278.2375
55.5,34.75,ascending,277.45667
55.5,35.0,ascending,276.466
55.5,35.25,ascending,275.69598
55.5,35.5,ascending,275.382
55.5,35.75,ascending,275.10602
55.5,36.0,ascending,274.49332
55.5,36.25,ascending,273.716
55.5,36.5,ascending,273.204
55.5,36.75,ascending,272.84998
55.5,37.0,ascending,272.25998
55.5,37.25,ascending,271.124
55.5,37.5,ascending,269.504
55.5,37.75,ascending,267.57
55.5,38.0,ascending,268.04
55.75,-13.0,ascending,191.215
55.75,-12.75,ascending,190.894
55.75,-12.5,ascending,190.386
55.75,-12.25,ascending,190.15332
55.75,-12.0,ascending,190.265
55.75,-11.75,ascending,190.2975
55.75,-11.5,ascending,190.488
55.75,-11.25,ascending,190.51
55.75,-11.0,ascending,189.782
55.75,-10.75,ascending,189.17749
55.75,-10.5,ascending,188.8
55.75,-10.25,ascending,188.665
55.75,-10.0,ascending,188.548
55.75,-9.75,ascending,188.398
55.75,-9.5,ascending,188.31
55.75,-9.25,ascending,188.265
55.75,-9.0,ascending,188.332
55.75,-8.75,ascending,188.43
55.75,-8.5,ascending,188.5725
55.75,-8.25,ascending,188.668
55.75,-8.0,ascending,188.75667
55.75,-7.75,ascending,189.206
55.75,-7.5,ascending,190.362
55.75,-7.25,ascending,191.312
55.75,-7.0,ascending,192.51666
55.75,-6.75,ascending,194.79
55.75,-6.5,ascending,201.76999
55.75,-6.25,ascending,212.31999
55.75,-6.0,ascending,221.78833
55.75,-5.75,ascending,230.2175
55.75,-5.5,ascending,242.4425
55.75,-5.25,ascending,248.13399
55.75,-5.0,ascending,250.82666
55.75,-4.75,ascending,258.785
55.75,-4.5,ascending,269.84167
55.75,-4.25,ascending,276.694
55.75,-4.0,ascending,278.242
55.75,-3.75,ascending,277.318
55.75,-3.5,ascending,272.89664
55.75,-3.25,ascending,266.15802
55.75,-3.0,ascending,261.16
55.75,-2.75,ascending,251.404
55.75,-2.5,ascending,246.77998
55.75,-2.25,ascending,234.205
55.75,-2.0,ascending,220.165
55.75,-1.75,ascending,207.64143
55.75,-1.5,ascending,197.24571
55.75,-1.25,ascending,190.93
55.75,-1.0,ascending,188.48572
55.75,-0.75,ascending,187.7175
55.75,-0.5,ascending,187.49715
55.75,-0.25,ascending,187.25856
55.75,0.0,ascending,186.87125
55.75,0.25,ascending,186.2475
55.75,0.5,ascending,185.611
55.75,0.75,ascending,185.5705
55.75,1.0,ascending,185.91
55.75,1.25,ascending,186.34334
55.75,1.5,ascending,187.5659
55.75,1.75,ascending,188.8955
55.75,2.0,ascending,190.56905
55.75,2.25,ascending,192.12044
55.75,2.5,ascending,193.44534
55.75,2.75,ascending,194.59785
55.75,3.0,ascending,196.39444
55.75,3.25,ascending,196.98143
55.75,3.5,ascending,197.0457
55.75,3.75,ascending,196.81831
55.75,4.0,ascending,196.26857
55.75,4.25,ascending,195.41
55.75,4.5,ascending,194.49666
55.75,4.75,ascending,193.545
55.75,5.0,ascending,192.67
55.75,5.25,ascending,191.93999
55.75,5.5,ascending,191.45714
55.75,5.75,ascending,191.00835
55.75,6.0,ascending,190.655
55.75,6.25,ascending,190.31429
55.75,6.5,ascending,190.035
55.75,6.75,ascending,189.97714
55.75,7.0,ascending,190.2275
55.75,7.25,ascending,190.72
55.75,7.5,ascending,192.34833
55.75,7.75,ascending,196.844
55.75,8.0,ascending,207.074
55.75,8.25,ascending,222.84
55.75,8.5,ascending,242.866
55.75,8.75,ascending,265.26334
55.75,9.0,ascending,279.012
55.75,9.25,ascending,283.836
55.75,9.5,ascending,282.13998
55.75,9.75,ascending,276.5925
55.75,10.0,ascending,267.22333
55.75,10.25,ascending,253.844
55.75,10.5,ascending,239.38998
55.75,10.75,ascending,226.46599
55.75,11.0,ascending,222.4325
55.75,11.25,ascending,226.54599
55.75,11.5,ascending,231.8425
55.75,11.75,ascending,239.53499
55.75,12.0,ascending,238.89333
55.75,12.25,ascending,241.54399
55.75,12.5,ascending,242.9175
55.75,12.75,ascending,241.486
55.75,13.0,ascending,252.68399
55.75,13.25,ascending,265.20667
55.75,13.5,ascending,277.36832
55.75,13.75,ascending,280.87
55.75,14.0,ascending,275.672
55.75,14.25,ascending,261.07748
55.75,14.5,ascending,240.57166
55.75,14.75,ascending,221.71333
55.75,15.0,ascending,212.14
55.75,15.25,ascending,211.98999
55.75,15.5,ascending,205.96999
55.75,15.75,ascending,209.26999
55.75,16.0,ascending,205.40166
55.75,16.25,ascending,201.29399
55.75,16.5,ascending,196.398
55.75,16.75,ascending,192.455
55.75,17.0,ascending,190.48332
55.75,17.25,ascending,189.2
55.75,17.5,ascending,188.77498
55.75,17.75,ascending,188.164
55.75,18.0,ascending,187.334
55.75,18.25,ascending,186.478
55.75,18.5,ascending,185.815
55.75,18.75,ascending,184.962
55.75,19.0,ascending,184.424
55.75,19.25,ascending,183.99399
55.75,19.5,ascending,183.7
55.75,19.75,ascending,183.60999
55.75,20.0,ascending,183.78667
55.75,20.25,ascending,184.49199
55.75,20.5,ascending,188.556
55.75,20.75,ascending,200.918
55.75,21.0,ascending,228.27167
55.75,21.25,ascending,260.40802
55.75,21.5,ascending,280.4883
55.75,21.75,ascending,287.136
55.75,22.0,ascending,288.094
55.75,22.25,ascending,288.035
55.75,22.5,ascending,287.775
55.75,22.75,ascending,287.16
55.75,23.0,ascending,286.47284
55.75,23.25,ascending,286.2143
55.75,23.5,ascending,286.35
55.75,23.75,ascending,286.3757
55.75,24.0,ascending,286.1014
55.75,24.25,ascending,285.815
55.75,24.5,ascending,285.7257
55.75,24.75,ascending,285.64874
55.75,25.0,ascending,285.36374
55.75,25.25,ascending,284.06775
55.75,25.5,ascending,282.09
55.75,25.75,ascending,280.79584
55.75,26.0,ascending,279.4884
55.75,26.25,ascending,278.4726
55.75,26.5,ascending,277.597
55.75,26.75,ascending,276.88287
55.75,27.0,ascending,276.89914
55.75,27.25,ascending,277.8946
55.75,27.5,ascending,277.82544
55.75,27.75,ascending,278.4275
55.75,28.0,ascending,279.49857
55.75,28.25,ascending,280.17572
55.75,28.5,ascending,280.3814
55.75,28.75,ascending,279.89142
55.75,29.0,ascending,279.41
55.75,29.25,ascending,278.95166
55.75,29.5,ascending,278.29715
55.75,29.75,ascending,277.91666
55.75,30.0,ascending,277.01334
55.75,30.25,ascending,276.97333
55.75,30.5,ascending,277.1
55.75,30.75,ascending,276.78598
55.75,31.0,ascending,277.295
55.75,31.25,ascending,277.646
55.75,31.5,ascending,277.87143
55.75,31.75,ascending,278.03998
55.75,32.0,ascending,278.07166
55.75,32.25,ascending,278.166
55.75,32.5,ascending,278.4
55.75,32.75,ascending,278.602
55.75,33.0,ascending,278.752
55.75,33.25,ascending,278.905
55.75,33.5,ascending,278.89163
55.75,33.75,ascending,278.80667
55.75,34.0,ascending,278.66498
55.75,34.25,ascending,278.164
55.75,34.5,ascending,277.168
55.75,34.75,ascending,276.044
55.75,35.0,ascending,275.03497
55.75,35.25,ascending,274.79
55.75,35.5,ascending,274.98398
55.75,35.75,ascending,274.848
55.75,36.0,ascending,274.2975
55.75,36.25,ascending,273.558
55.75,36.5,ascending,272.78833
55.75,36.75,ascending,272.354
55.75,37.0,ascending,271.4375
55.75,37.25,ascending,269.986
55.75,37.5,ascending,267.84
55.75,37.75,ascending,266.7875
55.75,38.0,ascending,267.56
56.0,-13.0,ascending,191.34999
56.0,-12.75,ascending,191.05399
56.0,-12.5,ascending,190.818
56.0,-12.25,ascending,190.79999
56.0,-12.0,ascending,190.98833
56.0,-11.75,ascending,191.46599
56.0,-11.5,ascending,191.852
56.0,-11.25,ascending,191.41599
56.0,-11.0,ascending,190.54
56.0,-10.75,ascending,189.49399
56.0,-10.5,ascending,188.87166
56.0,-10.25,ascending,188.59
56.0,-10.0,ascending,188.435
56.0,-9.75,ascending,188.315
56.0,-9.5,ascending,188.36
56.0,-9.25,ascending,188.51399
56.0,-9.0,ascending,188.725
56.0,-8.75,ascending,188.67749
56.0,-8.5,ascending,188.62666
56.0,-8.25,ascending,188.36
56.0,-8.0,ascending,188.202
56.0,-7.75,ascending,188.42
56.0,-7.5,ascending,189.48665
56.0,-7.25,ascending,190.958
56.0,-7.0,ascending,191.71399
56.0,-6.75,ascending,193.068
56.0,-6.5,ascending,199.46332
56.0,-6.25,ascending,211.824
56.0,-6.0,ascending,223.48398
56.0,-5.75,ascending,233.08199
56.0,-5.5,ascending,245.618
56.0,-5.25,ascending,258.58835
56.0,-5.0,ascending,264.748
56.0,-4.75,ascending,267.45334
56.0,-4.5,ascending,272.77335
56.0,-4.25,ascending,276.35248
56.0,-4.0,ascending,278.15665
56.0,-3.75,ascending,277.1133
56.0,-3.5,ascending,273.005
56.0,-3.25,ascending,263.75
56.0,-3.0,ascending,250.04
56.0,-2.75,ascending,233.78598
56.0,-2.5,ascending,220.40428
56.0,-2.25,ascending,209.20833
56.0,-2.0,ascending,200.5
56.0,-1.75,ascending,194.55333
56.0,-1.5,ascending,190.85333
56.0,-1.25,ascending,188.81999
56.0,-1.0,ascending,187.84799
56.0,-0.75,ascending,187.55374
56.0,-0.5,ascending,187.39143
56.0,-0.25,ascending,187.18001
56.0,0.0,ascending,186.74374
56.0,0.25,ascending,186.1725
56.0,0.5,ascending,185.6159
56.0,0.75,ascending,185.52286
56.0,1.0,ascending,185.61858
56.0,1.25,ascending,185.8521
56.0,1.5,ascending,186.88824
56.0,1.75,ascending,188.1655
56.0,2.0,ascending,189.72879
56.0,2.25,ascending,191.2912
56.0,2.5,ascending,192.29828
56.0,2.75,ascending,194.5175
56.0,3.0,ascending,195.61874
56.0,3.25,ascending,196.27286
56.0,3.5,ascending,196.50427
56.0,3.75,ascending,196.42499
56.0,4.0,ascending,196.00572
56.0,4.25,ascending,195.36714
56.0,4.5,ascending,194.37
56.0,4.75,ascending,193.418
56.0,5.0,ascending,192.57286
56.0,5.25,ascending,191.97833
56.0,5.5,ascending,191.49165
56.0,5.75,ascending,191.065
56.0,6.0,ascending,190.72856
56.0,6.25,ascending,190.39
56.0,6.5,ascending,190.165
56.0,6.75,ascending,190.13335
56.0,7.0,ascending,190.312
56.0,7.25,ascending,190.91
56.0,7.5,ascending,192.4925
56.0,7.75,ascending,196.48
56.0,8.0,ascending,205.762
56.0,8.25,ascending,222.72333
56.0,8.5,ascending,246.898
56.0,8.75,ascending,264.506
56.0,9.0,ascending,279.03833
56.0,9.25,ascending,283.78497
56.0,9.5,ascending,283.26
56.0,9.75,ascending,279.732
56.0,10.0,ascending,272.05
56.0,10.25,ascending,260.035
56.0,10.5,ascending,247.406
56.0,10.75,ascending,234.04167
56.0,11.0,ascending,224.55998
56.0,11.25,ascending,219.2525
56.0,11.5,ascending,215.51599
56.0,11.75,ascending,216.604
56.0,12.0,ascending,216.16998
56.0,12.25,ascending,221.722
56.0,12.5,ascending,228.858
56.0,12.75,ascending,236.944
56.0,13.0,ascending,252.304
56.0,13.25,ascending,272.06998
56.0,13.5,ascending,281.66748
56.0,13.75,ascending,283.792
56.0,14.0,ascending,279.59
56.0,14.25,ascending,271.674
56.0,14.5,ascending,260.40997
56.0,14.75,ascending,243.13599
56.0,15.0,ascending,241.24834
56.0,15.25,ascending,242.065
56.0,15.5,ascending,231.132
56.0,15.75,ascending,238.316
56.0,16.0,ascending,231.68333
56.0,16.25,ascending,216.28333
56.0,16.5,ascending,208.70999
56.0,16.75,ascending,200.036
56.0,17.0,ascending,194.02998
56.0,17.25,ascending,190.22
56.0,17.5,ascending,189.194
56.0,17.75,ascending,188.65999
56.0,18.0,ascending,187.98999
56.0,18.25,ascending,187.136
56.0,18.5,ascending,186.46599
56.0,18.75,ascending,185.61249
56.0,19.0,ascending,184.96599
56.0,19.25,ascending,184.374
56.0,19.5,ascending,183.94167
56.0,19.75,ascending,183.71
56.0,20.0,ascending,183.78499
56.0,20.25,ascending,184.63799
56.0,20.5,ascending,188.51332
56.0,20.75,ascending,202.46799
56.0,21.0,ascending,231.16713
56.0,21.25,ascending,263.608
56.0,21.5,ascending,282.35498
56.0,21.75,ascending,287.806
56.0,22.0,ascending,288.47
56.0,22.25,ascending,288.284
56.0,22.5,ascending,287.915
56.0,22.75,ascending,287.44666
56.0,23.0,ascending,286.895
56.0,23.25,ascending,286.55002
56.0,23.5,ascending,286.44144
56.0,23.75,ascending,286.36713
56.0,24.0,ascending,286.095
56.0,24.25,ascending,285.71713
56.0,24.5,ascending,285.56284
56.0,24.75,ascending,285.43375
56.0,25.0,ascending,285.02112
56.0,25.25,ascending,283.49042
56.0,25.5,ascending,283.12878
56.0,25.75,ascending,282.9987
56.0,26.0,ascending,282.45105
56.0,26.25,ascending,281.5687
56.0,26.5,ascending,280.49573
56.0,26.75,ascending,279.18762
56.0,27.0,ascending,278.16122
56.0,27.25,ascending,278.05
56.0,27.5,ascending,277.84
56.0,27.75,ascending,277.79855
56.0,28.0,ascending,278.12997
56.0,28.25,ascending,277.845
56.0,28.5,ascending,277.47748
56.0,28.75,ascending,276.6783
56.0,29.0,ascending,276.37143
56.0,29.25,ascending,276.16
56.0,29.5,ascending,275.91284
56.0,29.75,ascending,275.62332
56.0,30.0,ascending,275.414
56.0,30.25,ascending,275.43332
56.0,30.5,ascending,275.8175
56.0,30.75,ascending,276.16998
56.0,31.0,ascending,276.46167
56.0,31.25,ascending,276.46335
56.0,31.5,ascending,276.496
56.0,31.75,ascending,276.92142
56.0,32.0,ascending,277.502
56.0,32.25,ascending,278.06168
56.0,32.5,ascending,278.33798
56.0,32.75,ascending,278.50833
56.0,33.0,ascending,278.642
56.0,33.25,ascending,278.785
56.0,33.5,ascending,278.774
56.0,33.75,ascending,278.60602
56.0,34.0,ascending,278.13498
56.0,34.25,ascending,277.33
56.0,34.5,ascending,276.41498
56.0,34.75,ascending,275.51498
56.0,35.0,ascending,275.18
56.0,35.25,ascending,275.38748
56.0,35.5,ascending,275.595
56.0,35.75,ascending,275.324
56.0,36.0,ascending,274.494
56.0,36.25,ascending,273.38397
56.0,36.5,ascending,272.452
56.0,36.75,ascending,271.85
56.0,37.0,ascending,271.206
56.0,37.25,ascending,269.97797
56.0,37.5,ascending,268.77
56.0,37.75,ascending,268.47833
56.0,38.0,ascending,269.13
56.25,-13.0,ascending,191.23
56.25,-12.75,ascending,191.12999
56.25,-12.5,ascending,191.108
56.25,-12.25,ascending,191.108
56.25,-12.0,ascending,191.45999
56.25,-11.75,ascending,192.01498
56.25,-11.5,ascending,192.53749
56.25,-11.25,ascending,191.98799
56.25,-11.0,ascending,190.476
56.25,-10.75,ascending,189.46799
56.25,-10.5,ascending,188.95332
56.25,-10.25,ascending,188.676
56.25,-10.0,ascending,188.522
56.25,-9.75,ascending,188.405
56.25,-9.5,ascending,188.63167
56.25,-9.25,ascending,189.0025
56.25,-9.0,ascending,189.275
56.25,-8.75,ascending,189.146
56.25,-8.5,ascending,188.87166
56.25,-8.25,ascending,188.476
56.25,-8.0,ascending,188.36198
56.25,-7.75,ascending,188.725
56.25,-7.5,ascending,190.01
56.25,-7.25,ascending,191.17334
56.25,-7.0,ascending,192.28
56.25,-6.75,ascending,194.14
56.25,-6.5,ascending,200.444
56.25,-6.25,ascending,212.576
56.25,-6.0,ascending,226.592
56.25,-5.75,ascending,239.92
56.25,-5.5,ascending,251.872
56.25,-5.25,ascending,264.07
56.25,-5.0,ascending,269.83398
56.25,-4.75,ascending,272.52
56.25,-4.5,ascending,274.87332
56.25,-4.25,ascending,276.71
56.25,-4.0,ascending,278.378
56.25,-3.75,ascending,278.952
56.25,-3.5,ascending,277.305
56.25,-3.25,ascending,270.742
56.25,-3.0,ascending,257.60666
56.25,-2.75,ascending,240.04668
56.25,-2.5,ascending,214.48665
56.25,-2.25,ascending,198.81665
56.25,-2.0,ascending,191.51833
56.25,-1.75,ascending,189.05833
56.25,-1.5,ascending,188.15498
56.25,-1.25,ascending,187.75856
56.25,-1.0,ascending,187.62874
56.25,-0.75,ascending,187.48833
56.25,-0.5,ascending,187.37143
56.25,-0.25,ascending,187.13875
56.25,0.0,ascending,186.62334
56.25,0.25,ascending,156.5821
56.25,0.5,ascending,185.6519
56.25,0.75,ascending,185.49571
56.25,1.0,ascending,185.45749
56.25,1.25,ascending,185.74059
56.25,1.5,ascending,186.45827
56.25,1.75,ascending,187.55087
56.25,2.0,ascending,188.99454
56.25,2.25,ascending,190.34651
56.25,2.5,ascending,191.39641
56.25,2.75,ascending,194.33
56.25,3.0,ascending,195.27284
56.25,3.25,ascending,195.94142
56.25,3.5,ascending,196.22499
56.25,3.75,ascending,196.135
56.25,4.0,ascending,195.70427
56.25,4.25,ascending,195.01166
56.25,4.5,ascending,194.18999
56.25,4.75,ascending,193.31999
56.25,5.0,ascending,192.64429
56.25,5.25,ascending,192.084
56.25,5.5,ascending,191.61833
56.25,5.75,ascending,191.21799
56.25,6.0,ascending,190.83833
56.25,6.25,ascending,190.5
56.25,6.5,ascending,190.315
56.25,6.75,ascending,190.258
56.25,7.0,ascending,190.37666
56.25,7.25,ascending,190.886
56.25,7.5,ascending,192.65332
56.25,7.75,ascending,197.092
56.25,8.0,ascending,208.32199
56.25,8.25,ascending,225.0925
56.25,8.5,ascending,245.45601
56.25,8.75,ascending,263.31598
56.25,9.0,ascending,273.49
56.25,9.25,ascending,279.22165
56.25,9.5,ascending,281.1425
56.25,9.75,ascending,280.41748
56.25,10.0,ascending,277.18668
56.25,10.25,ascending,269.28598
56.25,10.5,ascending,260.5525
56.25,10.75,ascending,247.526
56.25,11.0,ascending,231.048
56.25,11.25,ascending,213.26833
56.25,11.5,ascending,202.42801
56.25,11.75,ascending,201.222
56.25,12.0,ascending,202.75749
56.25,12.25,ascending,204.88199
56.25,12.5,ascending,215.155
56.25,12.75,ascending,228.148
56.25,13.0,ascending,252.98499
56.25,13.25,ascending,269.3775
56.25,13.5,ascending,282.06598
56.25,13.75,ascending,284.71
56.25,14.0,ascending,282.784
56.25,14.25,ascending,280.01498
56.25,14.5,ascending,273.68
56.25,14.75,ascending,268.284
56.25,15.0,ascending,265.4275
56.25,15.25,ascending,265.6125
56.25,15.5,ascending,265.05
56.25,15.75,ascending,267.575
56.25,16.0,ascending,256.145
56.25,16.25,ascending,236.33598
56.25,16.5,ascending,227.528
56.25,16.75,ascending,213.94199
56.25,17.0,ascending,201.29199
56.25,17.25,ascending,192.99666
56.25,17.5,ascending,189.81198
56.25,17.75,ascending,189.254
56.25,18.0,ascending,189.008
56.25,18.25,ascending,188.976
56.25,18.5,ascending,187.855
56.25,18.75,ascending,186.4775
56.25,19.0,ascending,185.72
56.25,19.25,ascending,184.85399
56.25,19.5,ascending,184.25334
56.25,19.75,ascending,183.93333
56.25,20.0,ascending,183.81334
56.25,20.25,ascending,184.376
56.25,20.5,ascending,188.10399
56.25,20.75,ascending,201.29599
56.25,21.0,ascending,231.85333
56.25,21.25,ascending,265.58
56.25,21.5,ascending,281.482
56.25,21.75,ascending,287.4157
56.25,22.0,ascending,288.45
56.25,22.25,ascending,288.28
56.25,22.5,ascending,287.6783
56.25,22.75,ascending,286.89334
56.25,23.0,ascending,285.94427
56.25,23.25,ascending,285.65854
56.25,23.5,ascending,285.74142
56.25,23.75,ascending,285.7333
56.25,24.0,ascending,285.66748
56.25,24.25,ascending,285.3986
56.25,24.5,ascending,285.16998
56.25,24.75,ascending,284.24182
56.25,25.0,ascending,283.71838
56.25,25.25,ascending,283.62817
56.25,25.5,ascending,283.6014
56.25,25.75,ascending,283.49765
56.25,26.0,ascending,283.43738
56.25,26.25,ascending,283.016
56.25,26.5,ascending,282.34665
56.25,26.75,ascending,281.1019
56.25,27.0,ascending,279.4348
56.25,27.25,ascending,278.1971
56.25,27.5,ascending,277.66998
56.25,27.75,ascending,277.2214
56.25,28.0,ascending,277.02875
56.25,28.25,ascending,277.1257
56.25,28.5,ascending,276.9643
56.25,28.75,ascending,276.86667
56.25,29.0,ascending,276.60666
56.25,29.25,ascending,276.29
56.25,29.5,ascending,276.21286
56.25,29.75,ascending,275.92667
56.25,30.0,ascending,275.878
56.25,30.25,ascending,276.2443
56.25,30.5,ascending,276.882
56.25,30.75,ascending,277.03333
56.25,31.0,ascending,276.968
56.25,31.25,ascending,276.81332
56.25,31.5,ascending,276.874
56.25,31.75,ascending,277.156
56.25,32.0,ascending,277.664
56.25,32.25,ascending,278.07797
56.25,32.5,ascending,278.406
56.25,32.75,ascending,278.636
56.25,33.0,ascending,278.802
56.25,33.25,ascending,278.8075
56.25,33.5,ascending,278.69
56.25,33.75,ascending,278.35748
56.25,34.0,ascending,277.85498
56.25,34.25,ascending,277.25
56.25,34.5,ascending,276.57498
56.25,34.75,ascending,276.2825
56.25,35.0,ascending,276.194
56.25,35.25,ascending,276.1475
56.25,35.5,ascending,276.016
56.25,35.75,ascending,275.34
56.25,36.0,ascending,274.2525
56.25,36.25,ascending,272.685
56.25,36.5,ascending,271.466
56.25,36.75,ascending,270.876
56.25,37.0,ascending,270.55402
56.25,37.25,ascending,270.198
56.25,37.5,ascending,269.798
56.25,37.75,ascending,270.17
56.25,38.0,ascending,270.565
56.5,-13.0,ascending,190.89499
56.5,-12.75,ascending,190.92499
56.5,-12.5,ascending,190.87999
56.5,-12.25,ascending,190.8375
56.5,-12.0,ascending,191.04834
56.5,-11.75,ascending,191.795
56.5,-11.5,ascending,191.68834
56.5,-11.25,ascending,191.0625
56.5,-11.0,ascending,190.35399
56.5,-10.75,ascending,189.7425
56.5,-10.5,ascending,189.498
56.5,-10.25,ascending,189.2325
56.5,-10.0,ascending,188.924
56.5,-9.75,ascending,188.738
56.5,-9.5,ascending,188.89499
56.5,-9.25,ascending,189.618
56.5,-9.0,ascending,190.12
56.5,-8.75,ascending,189.946
56.5,-8.5,ascending,189.43799
56.5,-8.25,ascending,188.77333
56.5,-8.0,ascending,188.6725
56.5,-7.75,ascending,189.49399
56.5,-7.5,ascending,190.97
56.5,-7.25,ascending,192.11
56.5,-7.0,ascending,193.01
56.5,-6.75,ascending,194.875
56.5,-6.5,ascending,202.20401
56.5,-6.25,ascending,213.9025
56.5,-6.0,ascending,230.29
56.5,-5.75,ascending,246.54599
56.5,-5.5,ascending,256.18
56.5,-5.25,ascending,264.7383
56.5,-5.0,ascending,271.02997
56.5,-4.75,ascending,274.295
56.5,-4.5,ascending,275.34
56.5,-4.25,ascending,276.396
56.5,-4.0,ascending,278.02856
56.5,-3.75,ascending,279.642
56.5,-3.5,ascending,280.06
56.5,-3.25,ascending,277.72858
56.5,-3.0,ascending,271.192
56.5,-2.75,ascending,254.18333
56.5,-2.5,ascending,232.76
56.5,-2.25,ascending,207.254
56.5,-2.0,ascending,193.0457
56.5,-1.75,ascending,187.9857
56.5,-1.5,ascending,187.2
56.5,-1.25,ascending,187.13199
56.5,-1.0,ascending,187.16249
56.5,-0.75,ascending,187.24165
56.5,-0.5,ascending,187.29
56.5,-0.25,ascending,187.13249
56.5,0.0,ascending,176.73842
56.5,0.25,ascending,168.49666
56.5,0.5,ascending,185.888
56.5,0.75,ascending,185.66408
56.5,1.0,ascending,185.56955
56.5,1.25,ascending,185.715
56.5,1.5,ascending,186.08772
56.5,1.75,ascending,186.85545
56.5,2.0,ascending,188.08047
56.5,2.25,ascending,189.55696
56.5,2.5,ascending,190.65572
56.5,2.75,ascending,193.85428
56.5,3.0,ascending,194.83571
56.5,3.25,ascending,195.48833
56.5,3.5,ascending,195.8
56.5,3.75,ascending,195.6657
56.5,4.0,ascending,195.26572
56.5,4.25,ascending,194.784
56.5,4.5,ascending,194.13335
56.5,4.75,ascending,193.36874
56.5,5.0,ascending,192.69
56.5,5.25,ascending,192.22499
56.5,5.5,ascending,191.78142
56.5,5.75,ascending,191.4
56.5,6.0,ascending,191.02167
56.5,6.25,ascending,190.71501
56.5,6.5,ascending,190.574
56.5,6.75,ascending,190.46666
56.5,7.0,ascending,190.562
56.5,7.25,ascending,191.058
56.5,7.5,ascending,192.545
56.5,7.75,ascending,197.20999
56.5,8.0,ascending,205.94832
56.5,8.25,ascending,221.408
56.5,8.5,ascending,235.80798
56.5,8.75,ascending,249.79167
56.5,9.0,ascending,262.3125
56.5,9.25,ascending,267.68997
56.5,9.5,ascending,274.064
56.5,9.75,ascending,276.655
56.5,10.0,ascending,277.56665
56.5,10.25,ascending,271.694
56.5,10.5,ascending,258.48798
56.5,10.75,ascending,235.99199
56.5,11.0,ascending,217.066
56.5,11.25,ascending,204.1675
56.5,11.5,ascending,198.29199
56.5,11.75,ascending,195.896
56.5,12.0,ascending,195.76666
56.5,12.25,ascending,198.51332
56.5,12.5,ascending,207.42
56.5,12.75,ascending,229.682
56.5,13.0,ascending,254.81198
56.5,13.25,ascending,274.64398
56.5,13.5,ascending,283.318
56.5,13.75,ascending,283.756
56.5,14.0,ascending,282.40802
56.5,14.25,ascending,281.195
56.5,14.5,ascending,279.7333
56.5,14.75,ascending,277.44
56.5,15.0,ascending,275.996
56.5,15.25,ascending,278.59665
56.5,15.5,ascending,281.21002
56.5,15.75,ascending,279.4675
56.5,16.0,ascending,272.354
56.5,16.25,ascending,263.22998
56.5,16.5,ascending,246.02
56.5,16.75,ascending,226.28
56.5,17.0,ascending,208.102
56.5,17.25,ascending,196.34
56.5,17.5,ascending,190.93799
56.5,17.75,ascending,190.054
56.5,18.0,ascending,191.60667
56.5,18.25,ascending,193.844
56.5,18.5,ascending,192.254
56.5,18.75,ascending,189.028
56.5,19.0,ascending,187.038
56.5,19.25,ascending,185.922
56.5,19.5,ascending,184.79
56.5,19.75,ascending,184.168
56.5,20.0,ascending,183.984
56.5,20.25,ascending,184.19199
56.5,20.5,ascending,186.552
56.5,20.75,ascending,198.84001
56.5,21.0,ascending,226.13199
56.5,21.25,ascending,257.26202
56.5,21.5,ascending,278.50333
56.5,21.75,ascending,286.298
56.5,22.0,ascending,287.742
56.5,22.25,ascending,287.62
56.5,22.5,ascending,286.36142
56.5,22.75,ascending,284.496
56.5,23.0,ascending,281.85666
56.5,23.25,ascending,279.138
56.5,23.5,ascending,278.0557
56.5,23.75,ascending,281.47665
56.5,24.0,ascending,282.81427
56.5,24.25,ascending,284.31427
56.5,24.5,ascending,283.53
56.5,24.75,ascending,282.85248
56.5,25.0,ascending,283.20773
56.5,25.25,ascending,283.24945
56.5,25.5,ascending,283.09283
56.5,25.75,ascending,283.02386
56.5,26.0,ascending,283.01947
56.5,26.25,ascending,282.7805
56.5,26.5,ascending,282.32477
56.5,26.75,ascending,281.7614
56.5,27.0,ascending,281.0756
56.5,27.25,ascending,280.23737
56.5,27.5,ascending,279.28
56.5,27.75,ascending,279.06625
56.5,28.0,ascending,279.175
56.5,28.25,ascending,279.76498
56.5,28.5,ascending,279.88715
56.5,28.75,ascending,279.38834
56.5,29.0,ascending,278.615
56.5,29.25,ascending,277.85858
56.5,29.5,ascending,277.06998
56.5,29.75,ascending,276.54333
56.5,30.0,ascending,276.73798
56.5,30.25,ascending,277.26
56.5,30.5,ascending,277.8925
56.5,30.75,ascending,278.29623
56.5,31.0,ascending,278.328
56.5,31.25,ascending,278.228
56.5,31.5,ascending,278.06497
56.5,31.75,ascending,277.85
56.5,32.0,ascending,277.7383
56.5,32.25,ascending,277.814
56.5,32.5,ascending,277.98856
56.5,32.75,ascending,278.235
56.5,33.0,ascending,278.11667
56.5,33.25,ascending,277.7975
56.5,33.5,ascending,277.55167
56.5,33.75,ascending,277.19833
56.5,34.0,ascending,277.2575
56.5,34.25,ascending,277.05402
56.5,34.5,ascending,276.85333
56.5,34.75,ascending,276.6525
56.5,35.0,ascending,276.58
56.5,35.25,ascending,276.36002
56.5,35.5,ascending,275.972
56.5,35.75,ascending,275.16998
56.5,36.0,ascending,273.768
56.5,36.25,ascending,271.862
56.5,36.5,ascending,270.3725
56.5,36.75,ascending,269.918
56.5,37.0,ascending,269.5475
56.5,37.25,ascending,269.55402
56.5,37.5,ascending,269.905
56.5,37.75,ascending,270.59332
56.5,38.0,ascending,271.04498
56.75,-13.0,ascending,190.63
56.75,-12.75,ascending,190.44499
56.75,-12.5,ascending,190.276
56.75,-12.25,ascending,190.274
56.75,-12.0,ascending,190.37
56.75,-11.75,ascending,190.73
56.75,-11.5,ascending,190.605
56.75,-11.25,ascending,190.52249
56.75,-11.0,ascending,190.29399
56.75,-10.75,ascending,190.326
56.75,-10.5,ascending,190.1625
56.75,-10.25,ascending,189.808
56.75,-10.0,ascending,189.528
56.75,-9.75,ascending,189.13666
56.75,-9.5,ascending,189.37
56.75,-9.25,ascending,190.25
56.75,-9.0,ascending,191.15999
56.75,-8.75,ascending,190.76999
56.75,-8.5,ascending,189.84999
56.75,-8.25,ascending,189.124
56.75,-8.0,ascending,189.308
56.75,-7.75,ascending,190.818
56.75,-7.5,ascending,193.376
56.75,-7.25,ascending,195.65332
56.75,-7.0,ascending,195.11198
56.75,-6.75,ascending,196.12
56.75,-6.5,ascending,201.5575
56.75,-6.25,ascending,214.56749
56.75,-6.0,ascending,229.528
56.75,-5.75,ascending,245.306
56.75,-5.5,ascending,258.684
56.75,-5.25,ascending,267.60498
56.75,-5.0,ascending,272.58167
56.75,-4.75,ascending,274.58002
56.75,-4.5,ascending,275.2125
56.75,-4.25,ascending,276.08398
56.75,-4.0,ascending,277.605
56.75,-3.75,ascending,279.308
56.75,-3.5,ascending,280.298
56.75,-3.25,ascending,280.83398
56.75,-3.0,ascending,279.58835
56.75,-2.75,ascending,273.59198
56.75,-2.5,ascending,256.1783
56.75,-2.25,ascending,226.69142
56.75,-2.0,ascending,201.71599
56.75,-1.75,ascending,191.118
56.75,-1.5,ascending,187.38875
56.75,-1.25,ascending,186.85143
56.75,-1.0,ascending,186.81334
56.75,-0.75,ascending,186.95142
56.75,-0.5,ascending,187.14874
56.75,-0.25,ascending,187.0725
56.75,0.0,ascending,158.10306
56.75,0.25,ascending,186.50182
56.75,0.5,ascending,186.1425
56.75,0.75,ascending,185.87842
56.75,1.0,ascending,185.65388
56.75,1.25,ascending,185.67667
56.75,1.5,ascending,185.84369
56.75,1.75,ascending,186.37999
56.75,2.0,ascending,187.43173
56.75,2.25,ascending,188.68457
56.75,2.5,ascending,190.24187
56.75,2.75,ascending,193.41142
56.75,3.0,ascending,194.51572
56.75,3.25,ascending,195.20667
56.75,3.5,ascending,195.4475
56.75,3.75,ascending,195.34001
56.75,4.0,ascending,194.98833
56.75,4.25,ascending,194.496
56.75,4.5,ascending,193.91333
56.75,4.75,ascending,193.23999
56.75,5.0,ascending,192.65332
56.75,5.25,ascending,192.206
56.75,5.5,ascending,191.85428
56.75,5.75,ascending,191.49399
56.75,6.0,ascending,191.23
56.75,6.25,ascending,191.01
56.75,6.5,ascending,190.86
56.75,6.75,ascending,190.772
56.75,7.0,ascending,190.808
56.75,7.25,ascending,191.16399
56.75,7.5,ascending,192.2775
56.75,7.75,ascending,194.988
56.75,8.0,ascending,202.196
56.75,8.25,ascending,212.918
56.75,8.5,ascending,226.46799
56.75,8.75,ascending,237.9625
56.75,9.0,ascending,249.024
56.75,9.25,ascending,255.85
56.75,9.5,ascending,260.472
56.75,9.75,ascending,267.52597
56.75,10.0,ascending,269.684
56.75,10.25,ascending,260.86
56.75,10.5,ascending,245.1925
56.75,10.75,ascending,224.67749
56.75,11.0,ascending,209.9875
56.75,11.25,ascending,200.83499
56.75,11.5,ascending,197.064
56.75,11.75,ascending,195.20999
56.75,12.0,ascending,195.6725
56.75,12.25,ascending,204.21167
56.75,12.5,ascending,220.5475
56.75,12.75,ascending,246.2
56.75,13.0,ascending,269.578
56.75,13.25,ascending,280.60498
56.75,13.5,ascending,282.89398
56.75,13.75,ascending,281.54
56.75,14.0,ascending,280.36
56.75,14.25,ascending,280.655
56.75,14.5,ascending,280.27
56.75,14.75,ascending,279.28998
56.75,15.0,ascending,279.55402
56.75,15.25,ascending,281.505
56.75,15.5,ascending,284.41748
56.75,15.75,ascending,284.612
56.75,16.0,ascending,281.24
56.75,16.25,ascending,273.108
56.75,16.5,ascending,256.274
56.75,16.75,ascending,234.8525
56.75,17.0,ascending,211.13249
56.75,17.25,ascending,197.3
56.75,17.5,ascending,191.87334
56.75,17.75,ascending,191.58249
56.75,18.0,ascending,198.06198
56.75,18.25,ascending,205.00798
56.75,18.5,ascending,203.98999
56.75,18.75,ascending,197.50832
56.75,19.0,ascending,190.15799
56.75,19.25,ascending,186.905
56.75,19.5,ascending,185.534
56.75,19.75,ascending,184.68
56.75,20.0,ascending,184.36
56.75,20.25,ascending,184.33
56.75,20.5,ascending,185.746
56.75,20.75,ascending,192.444
56.75,21.0,ascending,210.70401
56.75,21.25,ascending,244.38165
56.75,21.5,ascending,269.93198
56.75,21.75,ascending,283.11798
56.75,22.0,ascending,286.37
56.75,22.25,ascending,286.306
56.75,22.5,ascending,284.226
56.75,22.75,ascending,278.27142
56.75,23.0,ascending,269.12143
56.75,23.25,ascending,260.7214
56.75,23.5,ascending,255.555
56.75,23.75,ascending,259.13126
56.75,24.0,ascending,269.19333
56.75,24.25,ascending,275.861
56.75,24.5,ascending,279.162
56.75,24.75,ascending,281.59473
56.75,25.0,ascending,282.52798
56.75,25.25,ascending,282.64685
56.75,25.5,ascending,282.78723
56.75,25.75,ascending,282.865
56.75,26.0,ascending,282.9663
56.75,26.25,ascending,282.83896
56.75,26.5,ascending,282.1733
56.75,26.75,ascending,281.54248
56.75,27.0,ascending,281.2392
56.75,27.25,ascending,280.8643
56.75,27.5,ascending,280.51123
56.75,27.75,ascending,281.2
56.75,28.0,ascending,281.75
56.75,28.25,ascending,281.85666
56.75,28.5,ascending,281.61832
56.75,28.75,ascending,280.97998
56.75,29.0,ascending,280.11124
56.75,29.25,ascending,279.215
56.75,29.5,ascending,278.19833
56.75,29.75,ascending,277.55
56.75,30.0,ascending,277.604
56.75,30.25,ascending,278.02
56.75,30.5,ascending,278.358
56.75,30.75,ascending,278.388
56.75,31.0,ascending,278.46832
56.75,31.25,ascending,278.24
56.75,31.5,ascending,277.9675
56.75,31.75,ascending,277.56998
56.75,32.0,ascending,277.2
56.75,32.25,ascending,277.01202
56.75,32.5,ascending,276.785
56.75,32.75,ascending,276.31
56.75,33.0,ascending,275.30798
56.75,33.25,ascending,274.75198
56.75,33.5,ascending,274.36
56.75,33.75,ascending,275.11002
56.75,34.0,ascending,276.13998
56.75,34.25,ascending,276.6275
56.75,34.5,ascending,276.94598
56.75,34.75,ascending,276.93198
56.75,35.0,ascending,276.622
56.75,35.25,ascending,276.18
56.75,35.5,ascending,275.7175
56.75,35.75,ascending,275.0
56.75,36.0,ascending,273.676
56.75,36.25,ascending,272.136
56.75,36.5,ascending,270.8375
56.75,36.75,ascending,269.89398
56.75,37.0,ascending,269.474
56.75,37.25,ascending,269.6925
56.75,37.5,ascending,270.284
56.75,37.75,ascending,270.71
56.75,38.0,ascending,270.90665
57.0,-13.0,ascending,190.19
57.0,-12.75,ascending,189.88
57.0,-12.5,ascending,189.764
57.0,-12.25,ascending,189.7825
57.0,-12.0,ascending,190.01
57.0,-11.75,ascending,190.23999
57.0,-11.5,ascending,190.308
57.0,-11.25,ascending,190.43199
57.0,-11.0,ascending,190.51399
57.0,-10.75,ascending,190.44499
57.0,-10.5,ascending,190.335
57.0,-10.25,ascending,190.08798
57.0,-10.0,ascending,189.78667
57.0,-9.75,ascending,189.59799
57.0,-9.5,ascending,190.24199
57.0,-9.25,ascending,191.28598
57.0,-9.0,ascending,191.9475
57.0,-8.75,ascending,191.288
57.0,-8.5,ascending,190.174
57.0,-8.25,ascending,189.512
57.0,-8.0,ascending,189.96399
57.0,-7.75,ascending,192.736
57.0,-7.5,ascending,197.91399
57.0,-7.25,ascending,202.37999
57.0,-7.0,ascending,200.532
57.0,-6.75,ascending,200.15
57.0,-6.5,ascending,209.02332
57.0,-6.25,ascending,221.31999
57.0,-6.0,ascending,233.374
57.0,-5.75,ascending,244.47249
57.0,-5.5,ascending,258.94168
57.0,-5.25,ascending,269.508
57.0,-5.0,ascending,273.706
57.0,-4.75,ascending,274.61798
57.0,-4.5,ascending,274.215
57.0,-4.25,ascending,274.526
57.0,-4.0,ascending,274.62497
57.0,-3.75,ascending,276.96167
57.0,-3.5,ascending,278.218
57.0,-3.25,ascending,278.92
57.0,-3.0,ascending,279.33002
57.0,-2.75,ascending,278.158
57.0,-2.5,ascending,269.37665
57.0,-2.25,ascending,248.71399
57.0,-2.0,ascending,220.62856
57.0,-1.75,ascending,198.28714
57.0,-1.5,ascending,189.66429
57.0,-1.25,ascending,187.05249
57.0,-1.0,ascending,186.79
57.0,-0.75,ascending,186.90999
57.0,-0.5,ascending,187.13304
57.0,-0.25,ascending,187.08038
57.0,0.0,ascending,158.94249
57.0,0.25,ascending,186.68893
57.0,0.5,ascending,186.36722
57.0,0.75,ascending,186.05167
57.0,1.0,ascending,185.7345
57.0,1.25,ascending,185.60118
57.0,1.5,ascending,185.6805
57.0,1.75,ascending,186.0815
57.0,2.0,ascending,187.02652
57.0,2.25,ascending,188.12834
57.0,2.5,ascending,189.73462
57.0,2.75,ascending,193.12
57.0,3.0,ascending,194.33714
57.0,3.25,ascending,195.05624
57.0,3.5,ascending,195.395
57.0,3.75,ascending,195.29
57.0,4.0,ascending,194.84332
57.0,4.25,ascending,194.18001
57.0,4.5,ascending,193.52713
57.0,4.75,ascending,192.928
57.0,5.0,ascending,192.46999
57.0,5.25,ascending,192.15833
57.0,5.5,ascending,191.915
57.0,5.75,ascending,191.67142
57.0,6.0,ascending,191.476
57.0,6.25,ascending,191.332
57.0,6.5,ascending,191.19
57.0,6.75,ascending,191.165
57.0,7.0,ascending,191.09856
57.0,7.25,ascending,191.198
57.0,7.5,ascending,191.90666
57.0,7.75,ascending,193.325
57.0,8.0,ascending,197.68166
57.0,8.25,ascending,205.70601
57.0,8.5,ascending,215.84799
57.0,8.75,ascending,222.16
57.0,9.0,ascending,229.51833
57.0,9.25,ascending,235.96399
57.0,9.5,ascending,240.21399
57.0,9.75,ascending,251.18
57.0,10.0,ascending,256.72165
57.0,10.25,ascending,253.448
57.0,10.5,ascending,240.96799
57.0,10.75,ascending,225.81999
57.0,11.0,ascending,212.248
57.0,11.25,ascending,202.49199
57.0,11.5,ascending,198.06
57.0,11.75,ascending,196.70749
57.0,12.0,ascending,202.16333
57.0,12.25,ascending,223.19666
57.0,12.5,ascending,242.986
57.0,12.75,ascending,268.84198
57.0,13.0,ascending,280.204
57.0,13.25,ascending,283.47998
57.0,13.5,ascending,283.095
57.0,13.75,ascending,281.32
57.0,14.0,ascending,281.26498
57.0,14.25,ascending,281.52
57.0,14.5,ascending,280.89398
57.0,14.75,ascending,280.766
57.0,15.0,ascending,280.945
57.0,15.25,ascending,282.56198
57.0,15.5,ascending,284.46335
57.0,15.75,ascending,285.072
57.0,16.0,ascending,283.112
57.0,16.25,ascending,274.62332
57.0,16.5,ascending,259.25333
57.0,16.75,ascending,234.354
57.0,17.0,ascending,214.024
57.0,17.25,ascending,200.252
57.0,17.5,ascending,192.65167
57.0,17.75,ascending,193.878
57.0,18.0,ascending,206.61333
57.0,18.25,ascending,219.565
57.0,18.5,ascending,225.805
57.0,18.75,ascending,214.374
57.0,19.0,ascending,197.67
57.0,19.25,ascending,190.10834
57.0,19.5,ascending,186.58798
57.0,19.75,ascending,185.24834
57.0,20.0,ascending,184.705
57.0,20.25,ascending,184.458
57.0,20.5,ascending,184.68999
57.0,20.75,ascending,187.08598
57.0,21.0,ascending,195.51666
57.0,21.25,ascending,219.97499
57.0,21.5,ascending,248.69832
57.0,21.75,ascending,271.92502
57.0,22.0,ascending,281.04
57.0,22.25,ascending,280.975
57.0,22.5,ascending,276.2386
57.0,22.75,ascending,267.36
57.0,23.0,ascending,250.48833
57.0,23.25,ascending,233.875
57.0,23.5,ascending,225.01332
57.0,23.75,ascending,222.96498
57.0,24.0,ascending,239.68364
57.0,24.25,ascending,256.872
57.0,24.5,ascending,268.22946
57.0,24.75,ascending,275.90698
57.0,25.0,ascending,279.2281
57.0,25.25,ascending,281.43222
57.0,25.5,ascending,282.26553
57.0,25.75,ascending,282.81525
57.0,26.0,ascending,283.25165
57.0,26.25,ascending,283.28998
57.0,26.5,ascending,283.13666
57.0,26.75,ascending,282.96283
57.0,27.0,ascending,282.75558
57.0,27.25,ascending,282.5431
57.0,27.5,ascending,282.7143
57.0,27.75,ascending,282.9883
57.0,28.0,ascending,283.03333
57.0,28.25,ascending,282.93668
57.0,28.5,ascending,282.615
57.0,28.75,ascending,282.01428
57.0,29.0,ascending,281.31
57.0,29.25,ascending,280.17502
57.0,29.5,ascending,279.174
57.0,29.75,ascending,278.63715
57.0,30.0,ascending,278.198
57.0,30.25,ascending,277.974
57.0,30.5,ascending,277.5357
57.0,30.75,ascending,277.3725
57.0,31.0,ascending,277.44833
57.0,31.25,ascending,277.46198
57.0,31.5,ascending,277.505
57.0,31.75,ascending,277.346
57.0,32.0,ascending,277.104
57.0,32.25,ascending,276.692
57.0,32.5,ascending,275.56332
57.0,32.75,ascending,273.815
57.0,33.0,ascending,272.15167
57.0,33.25,ascending,271.3425
57.0,33.5,ascending,272.18167
57.0,33.75,ascending,274.136
57.0,34.0,ascending,275.66248
57.0,34.25,ascending,276.666
57.0,34.5,ascending,276.96335
57.0,34.75,ascending,276.494
57.0,35.0,ascending,275.91998
57.0,35.25,ascending,275.47998
57.0,35.5,ascending,275.314
57.0,35.75,ascending,274.952
57.0,36.0,ascending,274.204
57.0,36.25,ascending,273.275
57.0,36.5,ascending,272.33835
57.0,36.75,ascending,271.285
57.0,37.0,ascending,271.422
57.0,37.25,ascending,271.074
57.0,37.5,ascending,270.85498
57.0,37.75,ascending,270.5
57.0,38.0,ascending,270.44
57.25,-13.0,ascending,189.56
57.25,-12.75,ascending,189.548
57.25,-12.5,ascending,189.686
57.25,-12.25,ascending,189.91399
57.25,-12.0,ascending,190.2
57.25,-11.75,ascending,190.232
57.25,-11.5,ascending,190.22
57.25,-11.25,ascending,190.176
57.25,-11.0,ascending,190.18
57.25,-10.75,ascending,190.06749
57.25,-10.5,ascending,190.04599
57.25,-10.25,ascending,189.965
57.25,-10.0,ascending,189.896
57.25,-9.75,ascending,190.076
57.25,-9.5,ascending,190.75249
57.25,-9.25,ascending,191.61665
57.25,-9.0,ascending,191.93166
57.25,-8.75,ascending,191.1175
57.25,-8.5,ascending,190.316
57.25,-8.25,ascending,189.74834
57.25,-8.0,ascending,190.37999
57.25,-7.75,ascending,193.2125
57.25,-7.5,ascending,200.44499
57.25,-7.25,ascending,207.328
57.25,-7.0,ascending,207.18198
57.25,-6.75,ascending,208.16599
57.25,-6.5,ascending,217.222
57.25,-6.25,ascending,225.314
57.25,-6.0,ascending,231.75
57.25,-5.75,ascending,242.096
57.25,-5.5,ascending,256.6
57.25,-5.25,ascending,268.32
57.25,-5.0,ascending,273.62
57.25,-4.75,ascending,274.912
57.25,-4.5,ascending,273.064
57.25,-4.25,ascending,269.50668
57.25,-4.0,ascending,265.366
57.25,-3.75,ascending,266.034
57.25,-3.5,ascending,266.49167
57.25,-3.25,ascending,267.376
57.25,-3.0,ascending,269.616
57.25,-2.75,ascending,268.99332
57.25,-2.5,ascending,264.4833
57.25,-2.25,ascending,253.91599
57.25,-2.0,ascending,231.82332
57.25,-1.75,ascending,206.63666
57.25,-1.5,ascending,193.036
57.25,-1.25,ascending,188.26332
57.25,-1.0,ascending,187.05899
57.25,-0.75,ascending,187.04106
57.25,-0.5,ascending,186.9955
57.25,-0.25,ascending,186.95444
57.25,0.0,ascending,157.35999
57.25,0.25,ascending,186.66118
57.25,0.5,ascending,186.35104
57.25,0.75,ascending,186.03125
57.25,1.0,ascending,185.74687
57.25,1.25,ascending,185.60947
57.25,1.5,ascending,185.69351
57.25,1.75,ascending,186.08473
57.25,2.0,ascending,186.81
57.25,2.25,ascending,187.8724
57.25,2.5,ascending,190.49124
57.25,2.75,ascending,193.1075
57.25,3.0,ascending,194.40428
57.25,3.25,ascending,195.30666
57.25,3.5,ascending,195.58667
57.25,3.75,ascending,195.372
57.25,4.0,ascending,194.884
57.25,4.25,ascending,194.28714
57.25,4.5,ascending,193.56667
57.25,4.75,ascending,193.0625
57.25,5.0,ascending,192.70142
57.25,5.25,ascending,192.46799
57.25,5.5,ascending,192.13199
57.25,5.75,ascending,191.918
57.25,6.0,ascending,191.74399
57.25,6.25,ascending,191.604
57.25,6.5,ascending,191.53333
57.25,6.75,ascending,191.41599
57.25,7.0,ascending,191.438
57.25,7.25,ascending,191.39749
57.25,7.5,ascending,191.73499
57.25,7.75,ascending,192.80249
57.25,8.0,ascending,194.10251
57.25,8.25,ascending,197.62666
57.25,8.5,ascending,201.86499
57.25,8.75,ascending,205.24165
57.25,9.0,ascending,206.896
57.25,9.25,ascending,213.7275
57.25,9.5,ascending,217.315
57.25,9.75,ascending,231.75601
57.25,10.0,ascending,243.066
57.25,10.25,ascending,244.75598
57.25,10.5,ascending,238.842
57.25,10.75,ascending,224.298
57.25,11.0,ascending,209.08
57.25,11.25,ascending,201.8425
57.25,11.5,ascending,198.56999
57.25,11.75,ascending,202.646
57.25,12.0,ascending,215.88249
57.25,12.25,ascending,241.67332
57.25,12.5,ascending,265.075
57.25,12.75,ascending,278.2775
57.25,13.0,ascending,283.40997
57.25,13.25,ascending,284.492
57.25,13.5,ascending,284.52332
57.25,13.75,ascending,283.76398
57.25,14.0,ascending,283.21997
57.25,14.25,ascending,282.2025
57.25,14.5,ascending,281.464
57.25,14.75,ascending,281.22333
57.25,15.0,ascending,281.805
57.25,15.25,ascending,282.76398
57.25,15.5,ascending,283.87332
57.25,15.75,ascending,284.53333
57.25,16.0,ascending,282.8725
57.25,16.25,ascending,276.10602
57.25,16.5,ascending,258.814
57.25,16.75,ascending,234.074
57.25,17.0,ascending,211.728
57.25,17.25,ascending,198.29
57.25,17.5,ascending,192.15
57.25,17.75,ascending,193.99199
57.25,18.0,ascending,206.03398
57.25,18.25,ascending,227.59
57.25,18.5,ascending,241.096
57.25,18.75,ascending,231.616
57.25,19.0,ascending,209.816
57.25,19.25,ascending,195.12749
57.25,19.5,ascending,187.835
57.25,19.75,ascending,185.43399
57.25,20.0,ascending,184.565
57.25,20.25,ascending,184.34
57.25,20.5,ascending,184.29
57.25,20.75,ascending,184.96599
57.25,21.0,ascending,188.092
57.25,21.25,ascending,199.57199
57.25,21.5,ascending,223.12334
57.25,21.75,ascending,248.08798
57.25,22.0,ascending,262.04
57.25,22.25,ascending,266.63
57.25,22.5,ascending,258.48
57.25,22.75,ascending,246.28572
57.25,23.0,ascending,228.48833
57.25,23.25,ascending,213.835
57.25,23.5,ascending,202.46124
57.25,23.75,ascending,202.38249
57.25,24.0,ascending,215.02667
57.25,24.25,ascending,231.18578
57.25,24.5,ascending,248.86787
57.25,24.75,ascending,261.43777
57.25,25.0,ascending,272.6422
57.25,25.25,ascending,278.1282
57.25,25.5,ascending,281.17334
57.25,25.75,ascending,282.83133
57.25,26.0,ascending,283.4545
57.25,26.25,ascending,283.78333
57.25,26.5,ascending,283.66095
57.25,26.75,ascending,283.33762
57.25,27.0,ascending,283.14606
57.25,27.25,ascending,283.11832
57.25,27.5,ascending,283.00287
57.25,27.75,ascending,282.985
57.25,28.0,ascending,283.02332
57.25,28.25,ascending,282.94998
57.25,28.5,ascending,282.59
57.25,28.75,ascending,282.08197
57.25,29.0,ascending,281.36166
57.25,29.25,ascending,280.365
57.25,29.5,ascending,279.53165
57.25,29.75,ascending,278.76666
57.25,30.0,ascending,278.1525
57.25,30.25,ascending,277.74
57.25,30.5,ascending,277.386
57.25,30.75,ascending,277.08667
57.25,31.0,ascending,277.21997
57.25,31.25,ascending,277.36
57.25,31.5,ascending,277.548
57.25,31.75,ascending,277.602
57.25,32.0,ascending,277.396
57.25,32.25,ascending,276.796
57.25,32.5,ascending,275.63
57.25,32.75,ascending,274.03748
57.25,33.0,ascending,272.366
57.25,33.25,ascending,271.628
57.25,33.5,ascending,272.556
57.25,33.75,ascending,274.3125
57.25,34.0,ascending,275.73
57.25,34.25,ascending,276.375
57.25,34.5,ascending,275.88333
57.25,34.75,ascending,274.8225
57.25,35.0,ascending,274.4025
57.25,35.25,ascending,274.3775
57.25,35.5,ascending,274.84198
57.25,35.75,ascending,274.945
57.25,36.0,ascending,274.7425
57.25,36.25,ascending,274.274
57.25,36.5,ascending,273.7525
57.25,36.75,ascending,273.242
57.25,37.0,ascending,272.742
57.25,37.25,ascending,272.1433
57.25,37.5,ascending,271.43665
57.25,37.75,ascending,270.79666
57.25,38.0,ascending,270.46335
57.5,-13.0,ascending,189.40332
57.5,-12.75,ascending,189.54668
57.5,-12.5,ascending,189.948
57.5,-12.25,ascending,190.41249
57.5,-12.0,ascending,190.60834
57.5,-11.75,ascending,190.34999
57.5,-11.5,ascending,189.87999
57.5,-11.25,ascending,189.56999
57.5,-11.0,ascending,189.50601
57.5,-10.75,ascending,189.514
57.5,-10.5,ascending,189.66199
57.5,-10.25,ascending,189.65599
57.5,-10.0,ascending,189.78
57.5,-9.75,ascending,190.1675
57.5,-9.5,ascending,190.84
57.5,-9.25,ascending,191.308
57.5,-9.0,ascending,191.054
57.5,-8.75,ascending,190.57199
57.5,-8.5,ascending,190.152
57.5,-8.25,ascending,190.064
57.5,-8.0,ascending,190.25334
57.5,-7.75,ascending,192.92249
57.5,-7.5,ascending,199.66
57.5,-7.25,ascending,206.95401
57.5,-7.0,ascending,211.752
57.5,-6.75,ascending,215.40799
57.5,-6.5,ascending,217.71599
57.5,-6.25,ascending,220.86398
57.5,-6.0,ascending,222.108
57.5,-5.75,ascending,230.04999
57.5,-5.5,ascending,249.32199
57.5,-5.25,ascending,264.5275
57.5,-5.0,ascending,271.2
57.5,-4.75,ascending,274.78665
57.5,-4.5,ascending,272.292
57.5,-4.25,ascending,263.906
57.5,-4.0,ascending,252.55142
57.5,-3.75,ascending,243.72
57.5,-3.5,ascending,240.07332
57.5,-3.25,ascending,238.23
57.5,-3.0,ascending,241.21167
57.5,-2.75,ascending,242.73167
57.5,-2.5,ascending,240.67
57.5,-2.25,ascending,234.56334
57.5,-2.0,ascending,221.8457
57.5,-1.75,ascending,207.29286
57.5,-1.5,ascending,194.6657
57.5,-1.25,ascending,188.96875
57.5,-1.0,ascending,187.76428
57.5,-0.75,ascending,187.29947
57.5,-0.5,ascending,187.06735
57.5,-0.25,ascending,186.87587
57.5,0.0,ascending,155.595
57.5,0.25,ascending,186.5211
57.5,0.5,ascending,186.2775
57.5,0.75,ascending,186.01813
57.5,1.0,ascending,185.77895
57.5,1.25,ascending,185.55055
57.5,1.5,ascending,185.659
57.5,1.75,ascending,185.975
57.5,2.0,ascending,186.53047
57.5,2.25,ascending,187.48375
57.5,2.5,ascending,191.3675
57.5,2.75,ascending,192.99571
57.5,3.0,ascending,194.54167
57.5,3.25,ascending,195.48
57.5,3.5,ascending,195.94499
57.5,3.75,ascending,195.88571
57.5,4.0,ascending,195.37999
57.5,4.25,ascending,194.84
57.5,4.5,ascending,194.20166
57.5,4.75,ascending,193.65001
57.5,5.0,ascending,193.332
57.5,5.25,ascending,192.86333
57.5,5.5,ascending,192.565
57.5,5.75,ascending,192.272
57.5,6.0,ascending,192.06
57.5,6.25,ascending,192.005
57.5,6.5,ascending,191.97
57.5,6.75,ascending,192.05333
57.5,7.0,ascending,192.298
57.5,7.25,ascending,193.02
57.5,7.5,ascending,193.305
57.5,7.75,ascending,194.71167
57.5,8.0,ascending,195.63167
57.5,8.25,ascending,196.39
57.5,8.5,ascending,196.80833
57.5,8.75,ascending,197.1875
57.5,9.0,ascending,197.2775
57.5,9.25,ascending,200.65
57.5,9.5,ascending,204.73999
57.5,9.75,ascending,211.826
57.5,10.0,ascending,222.17
57.5,10.25,ascending,224.01599
57.5,10.5,ascending,221.198
57.5,10.75,ascending,211.8125
57.5,11.0,ascending,203.72598
57.5,11.25,ascending,198.986
57.5,11.5,ascending,200.71399
57.5,11.75,ascending,213.17801
57.5,12.0,ascending,235.31999
57.5,12.25,ascending,261.75
57.5,12.5,ascending,274.02798
57.5,12.75,ascending,281.802
57.5,13.0,ascending,284.016
57.5,13.25,ascending,284.9375
57.5,13.5,ascending,285.05832
57.5,13.75,ascending,284.71335
57.5,14.0,ascending,283.25333
57.5,14.25,ascending,279.608
57.5,14.5,ascending,277.995
57.5,14.75,ascending,278.374
57.5,15.0,ascending,279.986
57.5,15.25,ascending,281.0
57.5,15.5,ascending,282.67334
57.5,15.75,ascending,283.20197
57.5,16.0,ascending,282.17334
57.5,16.25,ascending,277.38
57.5,16.5,ascending,262.61832
57.5,16.75,ascending,238.25499
57.5,17.0,ascending,214.69199
57.5,17.25,ascending,196.99834
57.5,17.5,ascending,190.956
57.5,17.75,ascending,192.515
57.5,18.0,ascending,202.58333
57.5,18.25,ascending,222.712
57.5,18.5,ascending,232.98398
57.5,18.75,ascending,234.01749
57.5,19.0,ascending,216.12
57.5,19.25,ascending,197.51399
57.5,19.5,ascending,189.09799
57.5,19.75,ascending,185.674
57.5,20.0,ascending,184.49666
57.5,20.25,ascending,184.034
57.5,20.5,ascending,183.85834
57.5,20.75,ascending,184.02666
57.5,21.0,ascending,185.02666
57.5,21.25,ascending,189.87666
57.5,21.5,ascending,203.94
57.5,21.75,ascending,217.68834
57.5,22.0,ascending,231.29199
57.5,22.25,ascending,237.205
57.5,22.5,ascending,232.02667
57.5,22.75,ascending,221.06665
57.5,23.0,ascending,208.65498
57.5,23.25,ascending,198.89667
57.5,23.5,ascending,192.53899
57.5,23.75,ascending,196.64046
57.5,24.0,ascending,205.90842
57.5,24.25,ascending,221.33556
57.5,24.5,ascending,240.71278
57.5,24.75,ascending,255.57611
57.5,25.0,ascending,269.48117
57.5,25.25,ascending,276.732
57.5,25.5,ascending,280.3289
57.5,25.75,ascending,282.43277
57.5,26.0,ascending,283.76443
57.5,26.25,ascending,284.00894
57.5,26.5,ascending,283.75092
57.5,26.75,ascending,283.26956
57.5,27.0,ascending,282.8118
57.5,27.25,ascending,282.75998
57.5,27.5,ascending,282.55
57.5,27.75,ascending,282.465
57.5,28.0,ascending,282.375
57.5,28.25,ascending,281.77142
57.5,28.5,ascending,281.29288
57.5,28.75,ascending,280.77832
57.5,29.0,ascending,280.54248
57.5,29.25,ascending,279.99124
57.5,29.5,ascending,279.695
57.5,29.75,ascending,279.40997
57.5,30.0,ascending,279.02142
57.5,30.25,ascending,278.724
57.5,30.5,ascending,278.215
57.5,30.75,ascending,277.83167
57.5,31.0,ascending,277.654
57.5,31.25,ascending,277.506
57.5,31.5,ascending,277.44598
57.5,31.75,ascending,277.15833
57.5,32.0,ascending,276.772
57.5,32.25,ascending,276.358
57.5,32.5,ascending,275.95334
57.5,32.75,ascending,274.99332
57.5,33.0,ascending,274.15
57.5,33.25,ascending,273.302
57.5,33.5,ascending,273.482
57.5,33.75,ascending,274.28497
57.5,34.0,ascending,274.906
57.5,34.25,ascending,274.80402
57.5,34.5,ascending,273.35797
57.5,34.75,ascending,272.7375
57.5,35.0,ascending,272.925
57.5,35.25,ascending,273.85498
57.5,35.5,ascending,274.3425
57.5,35.75,ascending,274.58197
57.5,36.0,ascending,274.626
57.5,36.25,ascending,274.4
57.5,36.5,ascending,273.92398
57.5,36.75,ascending,273.28998
57.5,37.0,ascending,272.84
57.5,37.25,ascending,272.55832
57.5,37.5,ascending,272.1125
57.5,37.75,ascending,271.47
57.5,38.0,ascending,271.00333
57.75,-13.0,ascending,189.29
57.75,-12.75,ascending,189.334
57.75,-12.5,ascending,189.708
57.75,-12.25,ascending,190.33499
57.75,-12.0,ascending,190.5
57.75,-11.75,ascending,190.18
57.75,-11.5,ascending,189.34999
57.75,-11.25,ascending,188.95999
57.75,-11.0,ascending,188.80666
57.75,-10.75,ascending,188.92334
57.75,-10.5,ascending,189.142
57.75,-10.25,ascending,189.11198
57.75,-10.0,ascending,189.46666
57.75,-9.75,ascending,190.022
57.75,-9.5,ascending,190.73001
57.75,-9.25,ascending,191.056
57.75,-9.0,ascending,190.806
57.75,-8.75,ascending,190.38667
57.75,-8.5,ascending,190.29999
57.75,-8.25,ascending,190.43333
57.75,-8.0,ascending,190.596
57.75,-7.75,ascending,192.07199
57.75,-7.5,ascending,196.1825
57.75,-7.25,ascending,204.44334
57.75,-7.0,ascending,215.245
57.75,-6.75,ascending,223.29
57.75,-6.5,ascending,221.13599
57.75,-6.25,ascending,214.154
57.75,-6.0,ascending,209.422
57.75,-5.75,ascending,214.3125
57.75,-5.5,ascending,231.63
57.75,-5.25,ascending,253.65799
57.75,-5.0,ascending,265.968
57.75,-4.75,ascending,273.012
57.75,-4.5,ascending,273.44598
57.75,-4.25,ascending,266.498
57.75,-4.0,ascending,252.54199
57.75,-3.75,ascending,233.37834
57.75,-3.5,ascending,218.63832
57.75,-3.25,ascending,209.262
57.75,-3.0,ascending,208.40201
57.75,-2.75,ascending,208.21167
57.75,-2.5,ascending,207.46667
57.75,-2.25,ascending,206.87999
57.75,-2.0,ascending,202.87
57.75,-1.75,ascending,198.324
57.75,-1.5,ascending,191.57555
57.75,-1.25,ascending,188.954
57.75,-1.0,ascending,188.03166
57.75,-0.75,ascending,187.44527
57.75,-0.5,ascending,187.05875
57.75,-0.25,ascending,186.75105
57.75,0.0,ascending,153.61588
57.75,0.25,ascending,186.384
57.75,0.5,ascending,186.20062
57.75,0.75,ascending,185.9894
57.75,1.0,ascending,185.8075
57.75,1.25,ascending,185.65887
57.75,1.5,ascending,185.75525
57.75,1.75,ascending,185.9289
57.75,2.0,ascending,186.31216
57.75,2.25,ascending,187.60143
57.75,2.5,ascending,191.43333
57.75,2.75,ascending,193.194
57.75,3.0,ascending,194.88332
57.75,3.25,ascending,196.26166
57.75,3.5,ascending,197.05571
57.75,3.75,ascending,197.16399
57.75,4.0,ascending,196.805
57.75,4.25,ascending,195.932
57.75,4.5,ascending,194.99165
57.75,4.75,ascending,194.54199
57.75,5.0,ascending,193.9025
57.75,5.25,ascending,193.41199
57.75,5.5,ascending,193.14166
57.75,5.75,ascending,192.76
57.75,6.0,ascending,192.79999
57.75,6.25,ascending,192.92249
57.75,6.5,ascending,193.71333
57.75,6.75,ascending,194.8525
57.75,7.0,ascending,197.226
57.75,7.25,ascending,204.34749
57.75,7.5,ascending,206.418
57.75,7.75,ascending,208.9475
57.75,8.0,ascending,209.76749
57.75,8.25,ascending,209.74399
57.75,8.5,ascending,204.976
57.75,8.75,ascending,201.56
57.75,9.0,ascending,199.555
57.75,9.25,ascending,198.57999
57.75,9.5,ascending,198.832
57.75,9.75,ascending,201.0
57.75,10.0,ascending,204.6625
57.75,10.25,ascending,203.3475
57.75,10.5,ascending,203.25
57.75,10.75,ascending,199.45999
57.75,11.0,ascending,197.056
57.75,11.25,ascending,199.584
57.75,11.5,ascending,208.6075
57.75,11.75,ascending,231.135
57.75,12.0,ascending,250.75499
57.75,12.25,ascending,269.79498
57.75,12.5,ascending,279.065
57.75,12.75,ascending,281.948
57.75,13.0,ascending,283.53
57.75,13.25,ascending,284.204
57.75,13.5,ascending,284.72
57.75,13.75,ascending,284.018
57.75,14.0,ascending,280.16248
57.75,14.25,ascending,274.42334
57.75,14.5,ascending,268.716
57.75,14.75,ascending,269.68
57.75,15.0,ascending,275.02
57.75,15.25,ascending,278.41
57.75,15.5,ascending,280.862
57.75,15.75,ascending,281.072
57.75,16.0,ascending,280.486
57.75,16.25,ascending,277.204
57.75,16.5,ascending,266.462
57.75,16.75,ascending,244.25
57.75,17.0,ascending,217.09799
57.75,17.25,ascending,198.834
57.75,17.5,ascending,191.15201
57.75,17.75,ascending,190.56999
57.75,18.0,ascending,194.208
57.75,18.25,ascending,204.76799
57.75,18.5,ascending,213.12
57.75,18.75,ascending,217.856
57.75,19.0,ascending,210.13998
57.75,19.25,ascending,199.76799
57.75,19.5,ascending,190.45
57.75,19.75,ascending,186.18999
57.75,20.0,ascending,184.52249
57.75,20.25,ascending,183.87166
57.75,20.5,ascending,183.674
57.75,20.75,ascending,183.706
57.75,21.0,ascending,184.13599
57.75,21.25,ascending,186.0
57.75,21.5,ascending,191.438
57.75,21.75,ascending,201.58667
57.75,22.0,ascending,211.26166
57.75,22.25,ascending,214.70166
57.75,22.5,ascending,209.51799
57.75,22.75,ascending,203.45833
57.75,23.0,ascending,196.09143
57.75,23.25,ascending,191.562
57.75,23.5,ascending,190.85611
57.75,23.75,ascending,195.02104
57.75,24.0,ascending,203.75111
57.75,24.25,ascending,219.18529
57.75,24.5,ascending,239.24736
57.75,24.75,ascending,257.32437
57.75,25.0,ascending,270.89188
57.75,25.25,ascending,275.26688
57.75,25.5,ascending,279.25446
57.75,25.75,ascending,281.81265
57.75,26.0,ascending,282.7345
57.75,26.25,ascending,283.16833
57.75,26.5,ascending,283.12906
57.75,26.75,ascending,282.6732
57.75,27.0,ascending,282.1705
57.75,27.25,ascending,282.035
57.75,27.5,ascending,281.55402
57.75,27.75,ascending,280.2383
57.75,28.0,ascending,276.49875
57.75,28.25,ascending,272.392
57.75,28.5,ascending,274.18
57.75,28.75,ascending,275.105
57.75,29.0,ascending,277.516
57.75,29.25,ascending,278.875
57.75,29.5,ascending,279.948
57.75,29.75,ascending,280.064
57.75,30.0,ascending,279.78833
57.75,30.25,ascending,279.31198
57.75,30.5,ascending,278.75
57.75,30.75,ascending,278.27
57.75,31.0,ascending,277.378
57.75,31.25,ascending,276.49
57.75,31.5,ascending,275.55
57.75,31.75,ascending,272.312
57.75,32.0,ascending,271.0925
57.75,32.25,ascending,271.336
57.75,32.5,ascending,274.0075
57.75,32.75,ascending,274.6
57.75,33.0,ascending,274.796
57.75,33.25,ascending,274.13748
57.75,33.5,ascending,273.898
57.75,33.75,ascending,274.03998
57.75,34.0,ascending,273.885
57.75,34.25,ascending,273.16998
57.75,34.5,ascending,272.538
57.75,34.75,ascending,272.758
57.75,35.0,ascending,273.44
57.75,35.25,ascending,273.862
57.75,35.5,ascending,274.126
57.75,35.75,ascending,274.425
57.75,36.0,ascending,274.548
57.75,36.25,ascending,274.188
57.75,36.5,ascending,273.465
57.75,36.75,ascending,273.016
57.75,37.0,ascending,272.922
57.75,37.25,ascending,272.8775
57.75,37.5,ascending,272.318
57.75,37.75,ascending,271.188
57.75,38.0,ascending,269.315
58.0,-13.0,ascending,188.67668
58.0,-12.75,ascending,188.7
58.0,-12.5,ascending,188.984
58.0,-12.25,ascending,189.505
58.0,-12.0,ascending,189.53749
58.0,-11.75,ascending,189.236
58.0,-11.5,ascending,188.638
58.0,-11.25,ascending,188.392
58.0,-11.0,ascending,188.415
58.0,-10.75,ascending,188.584
58.0,-10.5,ascending,188.64
58.0,-10.25,ascending,188.72333
58.0,-10.0,ascending,189.128
58.0,-9.75,ascending,189.722
58.0,-9.5,ascending,190.62999
58.0,-9.25,ascending,191.1725
58.0,-9.0,ascending,190.92
58.0,-8.75,ascending,190.524
58.0,-8.5,ascending,190.42
58.0,-8.25,ascending,190.59799
58.0,-8.0,ascending,190.82199
58.0,-7.75,ascending,191.258
58.0,-7.5,ascending,193.6675
58.0,-7.25,ascending,201.11165
58.0,-7.0,ascending,214.65201
58.0,-6.75,ascending,222.2225
58.0,-6.5,ascending,225.13199
58.0,-6.25,ascending,216.01599
58.0,-6.0,ascending,204.648
58.0,-5.75,ascending,201.92
58.0,-5.5,ascending,212.69199
58.0,-5.25,ascending,232.802
58.0,-5.0,ascending,250.42499
58.0,-4.75,ascending,264.912
58.0,-4.5,ascending,267.915
58.0,-4.25,ascending,267.922
58.0,-4.0,ascending,260.6
58.0,-3.75,ascending,246.53398
58.0,-3.5,ascending,227.15833
58.0,-3.25,ascending,208.37798
58.0,-3.0,ascending,197.30833
58.0,-2.75,ascending,192.234
58.0,-2.5,ascending,190.87999
58.0,-2.25,ascending,190.77832
58.0,-2.0,ascending,190.28857
58.0,-1.75,ascending,189.28899
58.0,-1.5,ascending,188.21472
58.0,-1.25,ascending,187.81052
58.0,-1.0,ascending,187.435
58.0,-0.75,ascending,187.02411
58.0,-0.5,ascending,186.76334
58.0,-0.25,ascending,186.50705
58.0,0.0,ascending,151.43625
58.0,0.25,ascending,186.305
58.0,0.5,ascending,186.22943
58.0,0.75,ascending,186.09563
58.0,1.0,ascending,185.92706
58.0,1.25,ascending,185.77388
58.0,1.5,ascending,185.7395
58.0,1.75,ascending,185.90599
58.0,2.0,ascending,186.42458
58.0,2.25,ascending,187.32059
58.0,2.5,ascending,191.14833
58.0,2.75,ascending,193.35667
58.0,3.0,ascending,195.60167
58.0,3.25,ascending,197.34
58.0,3.5,ascending,198.75856
58.0,3.75,ascending,199.43199
58.0,4.0,ascending,198.92332
58.0,4.25,ascending,198.19199
58.0,4.5,ascending,196.88142
58.0,4.75,ascending,196.21599
58.0,5.0,ascending,194.95999
58.0,5.25,ascending,194.56
58.0,5.5,ascending,194.12
58.0,5.75,ascending,194.14166
58.0,6.0,ascending,195.144
58.0,6.25,ascending,198.566
58.0,6.5,ascending,202.728
58.0,6.75,ascending,211.04199
58.0,7.0,ascending,220.772
58.0,7.25,ascending,233.948
58.0,7.5,ascending,241.29199
58.0,7.75,ascending,239.50499
58.0,8.0,ascending,240.09166
58.0,8.25,ascending,237.248
58.0,8.5,ascending,225.9025
58.0,8.75,ascending,220.272
58.0,9.0,ascending,211.568
58.0,9.25,ascending,205.325
58.0,9.5,ascending,200.25499
58.0,9.75,ascending,197.95999
58.0,10.0,ascending,197.076
58.0,10.25,ascending,196.39
58.0,10.5,ascending,196.234
58.0,10.75,ascending,195.746
58.0,11.0,ascending,197.34
58.0,11.25,ascending,202.4175
58.0,11.5,ascending,218.748
58.0,11.75,ascending,242.70401
58.0,12.0,ascending,264.546
58.0,12.25,ascending,276.75668
58.0,12.5,ascending,279.34164
58.0,12.75,ascending,279.49667
58.0,13.0,ascending,279.25
58.0,13.25,ascending,280.2825
58.0,13.5,ascending,280.83
58.0,13.75,ascending,279.924
58.0,14.0,ascending,275.395
58.0,14.25,ascending,267.784
58.0,14.5,ascending,259.01202
58.0,14.75,ascending,259.75
58.0,15.0,ascending,268.346
58.0,15.25,ascending,275.516
58.0,15.5,ascending,279.214
58.0,15.75,ascending,279.796
58.0,16.0,ascending,279.15598
58.0,16.25,ascending,277.00598
58.0,16.5,ascending,269.5025
58.0,16.75,ascending,250.22333
58.0,17.0,ascending,223.128
58.0,17.25,ascending,203.35599
58.0,17.5,ascending,193.33
58.0,17.75,ascending,190.60667
58.0,18.0,ascending,190.68999
58.0,18.25,ascending,194.0175
58.0,18.5,ascending,197.37999
58.0,18.75,ascending,197.144
58.0,19.0,ascending,198.874
58.0,19.25,ascending,195.896
58.0,19.5,ascending,189.70999
58.0,19.75,ascending,186.13
58.0,20.0,ascending,184.51833
58.0,20.25,ascending,184.0425
58.0,20.5,ascending,183.86499
58.0,20.75,ascending,183.84999
58.0,21.0,ascending,184.22667
58.0,21.25,ascending,185.87999
58.0,21.5,ascending,191.74666
58.0,21.75,ascending,201.91599
58.0,22.0,ascending,217.51332
58.0,22.25,ascending,223.96832
58.0,22.5,ascending,220.56714
58.0,22.75,ascending,210.0557
58.0,23.0,ascending,199.91667
58.0,23.25,ascending,195.32906
58.0,23.5,ascending,195.2665
58.0,23.75,ascending,198.95062
58.0,24.0,ascending,207.84
58.0,24.25,ascending,220.92706
58.0,24.5,ascending,239.35938
58.0,24.75,ascending,259.8853
58.0,25.0,ascending,267.7633
58.0,25.25,ascending,275.02823
58.0,25.5,ascending,277.43893
58.0,25.75,ascending,278.82578
58.0,26.0,ascending,279.73685
58.0,26.25,ascending,280.232
58.0,26.5,ascending,280.633
58.0,26.75,ascending,280.08652
58.0,27.0,ascending,279.815
58.0,27.25,ascending,278.62
58.0,27.5,ascending,275.05167
58.0,27.75,ascending,268.03854
58.0,28.0,ascending,263.05
58.0,28.25,ascending,261.9833
58.0,28.5,ascending,265.914
58.0,28.75,ascending,271.9471
58.0,29.0,ascending,276.535
58.0,29.25,ascending,279.076
58.0,29.5,ascending,279.84665
58.0,29.75,ascending,279.818
58.0,30.0,ascending,279.506
58.0,30.25,ascending,279.02997
58.0,30.5,ascending,278.48798
58.0,30.75,ascending,277.098
58.0,31.0,ascending,273.245
58.0,31.25,ascending,268.04498
58.0,31.5,ascending,261.76
58.0,31.75,ascending,258.1725
58.0,32.0,ascending,258.94333
58.0,32.25,ascending,265.145
58.0,32.5,ascending,271.73166
58.0,32.75,ascending,274.8775
58.0,33.0,ascending,275.322
58.0,33.25,ascending,274.748
58.0,33.5,ascending,274.2375
58.0,33.75,ascending,273.994
58.0,34.0,ascending,273.91998
58.0,34.25,ascending,273.80798
58.0,34.5,ascending,274.1575
58.0,34.75,ascending,274.52997
58.0,35.0,ascending,274.48398
58.0,35.25,ascending,274.128
58.0,35.5,ascending,274.09
58.0,35.75,ascending,274.3975
58.0,36.0,ascending,274.58
58.0,36.25,ascending,274.3325
58.0,36.5,ascending,273.91998
58.0,36.75,ascending,273.6125
58.0,37.0,ascending,273.6925
58.0,37.25,ascending,272.87396
58.0,37.5,ascending,271.128
58.0,37.75,ascending,267.2675
58.0,38.0,ascending,262.88
58.25,-13.0,ascending,188.19
58.25,-12.75,ascending,188.022
58.25,-12.5,ascending,188.135
58.25,-12.25,ascending,188.358
58.25,-12.0,ascending,188.418
58.25,-11.75,ascending,188.33
58.25,-11.5,ascending,188.282
58.25,-11.25,ascending,188.32666
58.25,-11.0,ascending,188.59799
58.25,-10.75,ascending,188.725
58.25,-10.5,ascending,188.7025
58.25,-10.25,ascending,188.62
58.25,-10.0,ascending,188.79399
58.25,-9.75,ascending,189.25499
58.25,-9.5,ascending,190.16667
58.25,-9.25,ascending,190.76399
58.25,-9.0,ascending,190.646
58.25,-8.75,ascending,190.26
58.25,-8.5,ascending,189.98499
58.25,-8.25,ascending,190.21799
58.25,-8.0,ascending,190.334
58.25,-7.75,ascending,190.40799
58.25,-7.5,ascending,191.332
58.25,-7.25,ascending,194.57199
58.25,-7.0,ascending,203.062
58.25,-6.75,ascending,211.31999
58.25,-6.5,ascending,214.94199
58.25,-6.25,ascending,210.302
58.25,-6.0,ascending,203.3425
58.25,-5.75,ascending,197.332
58.25,-5.5,ascending,200.555
58.25,-5.25,ascending,214.3725
58.25,-5.0,ascending,230.5725
58.25,-4.75,ascending,246.13199
58.25,-4.5,ascending,247.602
58.25,-4.25,ascending,252.86833
58.25,-4.0,ascending,252.62997
58.25,-3.75,ascending,250.56999
58.25,-3.5,ascending,240.566
58.25,-3.25,ascending,224.88832
58.25,-3.0,ascending,203.68
58.25,-2.75,ascending,192.20667
58.25,-2.5,ascending,188.51833
58.25,-2.25,ascending,187.65
58.25,-2.0,ascending,187.366
58.25,-1.75,ascending,187.13895
58.25,-1.5,ascending,186.97444
58.25,-1.25,ascending,186.82938
58.25,-1.0,ascending,186.70778
58.25,-0.75,ascending,186.59375
58.25,-0.5,ascending,186.46176
58.25,-0.25,ascending,186.34923
58.25,0.0,ascending,153.41118
58.25,0.25,ascending,186.27933
58.25,0.5,ascending,186.30562
58.25,0.75,ascending,186.25687
58.25,1.0,ascending,186.16687
58.25,1.25,ascending,186.01222
58.25,1.5,ascending,185.98999
58.25,1.75,ascending,186.15572
58.25,2.0,ascending,186.36435
58.25,2.25,ascending,187.47615
58.25,2.5,ascending,191.11499
58.25,2.75,ascending,193.448
58.25,3.0,ascending,196.14166
58.25,3.25,ascending,198.94666
58.25,3.5,ascending,201.63335
58.25,3.75,ascending,202.89749
58.25,4.0,ascending,202.83667
58.25,4.25,ascending,202.638
58.25,4.5,ascending,201.33798
58.25,4.75,ascending,198.91599
58.25,5.0,ascending,198.13428
58.25,5.25,ascending,197.01999
58.25,5.5,ascending,196.79399
58.25,5.75,ascending,201.238
58.25,6.0,ascending,206.00499
58.25,6.25,ascending,217.845
58.25,6.5,ascending,230.50998
58.25,6.75,ascending,249.476
58.25,7.0,ascending,260.43597
58.25,7.25,ascending,266.652
58.25,7.5,ascending,271.6875
58.25,7.75,ascending,269.89166
58.25,8.0,ascending,264.94
58.25,8.25,ascending,262.6475
58.25,8.5,ascending,251.87
58.25,8.75,ascending,242.69249
58.25,9.0,ascending,230.1375
58.25,9.25,ascending,219.422
58.25,9.5,ascending,208.818
58.25,9.75,ascending,202.8275
58.25,10.0,ascending,199.35599
58.25,10.25,ascending,196.91
58.25,10.5,ascending,196.288
58.25,10.75,ascending,196.16667
58.25,11.0,ascending,200.196
58.25,11.25,ascending,212.874
58.25,11.5,ascending,233.84
58.25,11.75,ascending,260.125
58.25,12.0,ascending,272.4375
58.25,12.25,ascending,277.904
58.25,12.5,ascending,276.72498
58.25,12.75,ascending,268.904
58.25,13.0,ascending,267.83
58.25,13.25,ascending,265.004
58.25,13.5,ascending,267.4075
58.25,13.75,ascending,269.185
58.25,14.0,ascending,269.374
58.25,14.25,ascending,263.298
58.25,14.5,ascending,255.43999
58.25,14.75,ascending,255.50249
58.25,15.0,ascending,262.39398
58.25,15.25,ascending,272.794
58.25,15.5,ascending,278.586
58.25,15.75,ascending,279.31332
58.25,16.0,ascending,278.66
58.25,16.25,ascending,277.0575
58.25,16.5,ascending,270.86
58.25,16.75,ascending,255.84833
58.25,17.0,ascending,235.52998
58.25,17.25,ascending,214.74666
58.25,17.5,ascending,200.765
58.25,17.75,ascending,196.79599
58.25,18.0,ascending,192.81999
58.25,18.25,ascending,191.34799
58.25,18.5,ascending,191.234
58.25,18.75,ascending,190.6325
58.25,19.0,ascending,190.81198
58.25,19.25,ascending,190.284
58.25,19.5,ascending,187.68399
58.25,19.75,ascending,185.836
58.25,20.0,ascending,184.772
58.25,20.25,ascending,184.265
58.25,20.5,ascending,184.15714
58.25,20.75,ascending,184.15599
58.25,21.0,ascending,184.444
58.25,21.25,ascending,185.52667
58.25,21.5,ascending,189.784
58.25,21.75,ascending,201.96167
58.25,22.0,ascending,218.47166
58.25,22.25,ascending,235.502
58.25,22.5,ascending,240.92833
58.25,22.75,ascending,229.88998
58.25,23.0,ascending,216.31174
58.25,23.25,ascending,212.654
58.25,23.5,ascending,213.16136
58.25,23.75,ascending,216.7919
58.25,24.0,ascending,225.075
58.25,24.25,ascending,232.85278
58.25,24.5,ascending,248.65295
58.25,24.75,ascending,259.14334
58.25,25.0,ascending,269.61166
58.25,25.25,ascending,276.09665
58.25,25.5,ascending,278.5682
58.25,25.75,ascending,277.34375
58.25,26.0,ascending,276.2328
58.25,26.25,ascending,275.8453
58.25,26.5,ascending,275.67285
58.25,26.75,ascending,274.91
58.25,27.0,ascending,275.25363
58.25,27.25,ascending,272.39398
58.25,27.5,ascending,264.5525
58.25,27.75,ascending,258.58398
58.25,28.0,ascending,256.74667
58.25,28.25,ascending,260.802
58.25,28.5,ascending,267.44666
58.25,28.75,ascending,273.06165
58.25,29.0,ascending,277.0825
58.25,29.25,ascending,278.714
58.25,29.5,ascending,279.0957
58.25,29.75,ascending,278.87
58.25,30.0,ascending,278.354
58.25,30.25,ascending,277.716
58.25,30.5,ascending,275.90598
58.25,30.75,ascending,272.336
58.25,31.0,ascending,264.542
58.25,31.25,ascending,256.314
58.25,31.5,ascending,250.1975
58.25,31.75,ascending,252.02832
58.25,32.0,ascending,259.0025
58.25,32.25,ascending,268.43198
58.25,32.5,ascending,273.63397
58.25,32.75,ascending,275.56598
58.25,33.0,ascending,275.44998
58.25,33.25,ascending,274.925
58.25,33.5,ascending,274.752
58.25,33.75,ascending,274.848
58.25,34.0,ascending,275.05
58.25,34.25,ascending,275.08798
58.25,34.5,ascending,275.152
58.25,34.75,ascending,274.95
58.25,35.0,ascending,274.41202
58.25,35.25,ascending,273.8725
58.25,35.5,ascending,273.934
58.25,35.75,ascending,274.4475
58.25,36.0,ascending,274.8
58.25,36.25,ascending,274.76398
58.25,36.5,ascending,274.58
58.25,36.75,ascending,274.43
58.25,37.0,ascending,273.752
58.25,37.25,ascending,272.26248
58.25,37.5,ascending,267.7525
58.25,37.75,ascending,262.58002
58.25,38.0,ascending,254.79999
58.5,-13.0,ascending,187.42332
58.5,-12.75,ascending,187.40332
58.5,-12.5,ascending,187.42
58.5,-12.25,ascending,187.488
58.5,-12.0,ascending,187.665
58.5,-11.75,ascending,187.83798
58.5,-11.5,ascending,188.11499
58.5,-11.25,ascending,188.438
58.5,-11.0,ascending,188.79599
58.5,-10.75,ascending,189.02249
58.5,-10.5,ascending,188.922
58.5,-10.25,ascending,188.68399
58.5,-10.0,ascending,188.635
58.5,-9.75,ascending,188.955
58.5,-9.5,ascending,189.54599
58.5,-9.25,ascending,189.8125
58.5,-9.0,ascending,189.984
58.5,-8.75,ascending,189.634
58.5,-8.5,ascending,189.458
58.5,-8.25,ascending,189.524
58.5,-8.0,ascending,189.53
58.5,-7.75,ascending,189.536
58.5,-7.5,ascending,189.70601
58.5,-7.25,ascending,190.245
58.5,-7.0,ascending,193.13998
58.5,-6.75,ascending,196.524
58.5,-6.5,ascending,199.65201
58.5,-6.25,ascending,200.18999
58.5,-6.0,ascending,198.58798
58.5,-5.75,ascending,194.73
58.5,-5.5,ascending,193.79399
58.5,-5.25,ascending,200.166
58.5,-5.0,ascending,209.28598
58.5,-4.75,ascending,216.98332
58.5,-4.5,ascending,218.54
58.5,-4.25,ascending,221.844
58.5,-4.0,ascending,224.07332
58.5,-3.75,ascending,231.2
58.5,-3.5,ascending,233.674
58.5,-3.25,ascending,227.51399
58.5,-3.0,ascending,213.33142
58.5,-2.75,ascending,197.736
58.5,-2.5,ascending,190.28333
58.5,-2.25,ascending,188.359
58.5,-2.0,ascending,187.6679
58.5,-1.75,ascending,187.06721
58.5,-1.5,ascending,186.71736
58.5,-1.25,ascending,186.52528
58.5,-1.0,ascending,186.46062
58.5,-0.75,ascending,186.43057
58.5,-0.5,ascending,186.35812
58.5,-0.25,ascending,186.32857
58.5,0.0,ascending,149.06467
58.5,0.25,ascending,186.394
58.5,0.5,ascending,186.4594
58.5,0.75,ascending,186.46646
58.5,1.0,ascending,186.44
58.5,1.25,ascending,186.32748
58.5,1.5,ascending,186.17332
58.5,1.75,ascending,186.2979
58.5,2.0,ascending,186.53839
58.5,2.25,ascending,188.1857
58.5,2.5,ascending,190.815
58.5,2.75,ascending,193.67833
58.5,3.0,ascending,196.88428
58.5,3.25,ascending,201.64998
58.5,3.5,ascending,205.33499
58.5,3.75,ascending,207.91167
58.5,4.0,ascending,208.26143
58.5,4.25,ascending,207.874
58.5,4.5,ascending,205.7425
58.5,4.75,ascending,203.77666
58.5,5.0,ascending,202.818
58.5,5.25,ascending,202.99333
58.5,5.5,ascending,206.972
58.5,5.75,ascending,216.446
58.5,6.0,ascending,233.305
58.5,6.25,ascending,245.304
58.5,6.5,ascending,261.50168
58.5,6.75,ascending,270.235
58.5,7.0,ascending,274.104
58.5,7.25,ascending,276.13397
58.5,7.5,ascending,276.74
58.5,7.75,ascending,276.60498
58.5,8.0,ascending,275.55402
58.5,8.25,ascending,273.942
58.5,8.5,ascending,268.6025
58.5,8.75,ascending,261.53598
58.5,9.0,ascending,249.73799
58.5,9.25,ascending,238.845
58.5,9.5,ascending,227.67801
58.5,9.75,ascending,215.304
58.5,10.0,ascending,208.80801
58.5,10.25,ascending,202.3375
58.5,10.5,ascending,202.19199
58.5,10.75,ascending,200.745
58.5,11.0,ascending,207.795
58.5,11.25,ascending,220.28
58.5,11.5,ascending,245.648
58.5,11.75,ascending,267.16998
58.5,12.0,ascending,277.876
58.5,12.25,ascending,276.79498
58.5,12.5,ascending,268.96002
58.5,12.75,ascending,255.25
58.5,13.0,ascending,249.46399
58.5,13.25,ascending,241.45401
58.5,13.5,ascending,249.37498
58.5,13.75,ascending,249.32199
58.5,14.0,ascending,254.67798
58.5,14.25,ascending,258.3825
58.5,14.5,ascending,257.194
58.5,14.75,ascending,256.586
58.5,15.0,ascending,264.7
58.5,15.25,ascending,272.83
58.5,15.5,ascending,278.54248
58.5,15.75,ascending,278.8475
58.5,16.0,ascending,277.585
58.5,16.25,ascending,276.7825
58.5,16.5,ascending,274.00998
58.5,16.75,ascending,265.406
58.5,17.0,ascending,248.824
58.5,17.25,ascending,228.674
58.5,17.5,ascending,217.12
58.5,17.75,ascending,215.91249
58.5,18.0,ascending,204.94199
58.5,18.25,ascending,200.112
58.5,18.5,ascending,193.80399
58.5,18.75,ascending,190.898
58.5,19.0,ascending,189.332
58.5,19.25,ascending,188.254
58.5,19.5,ascending,187.11
58.5,19.75,ascending,185.862
58.5,20.0,ascending,184.998
58.5,20.25,ascending,184.526
58.5,20.5,ascending,184.43199
58.5,20.75,ascending,184.476
58.5,21.0,ascending,184.61
58.5,21.25,ascending,185.045
58.5,21.5,ascending,187.27856
58.5,21.75,ascending,194.426
58.5,22.0,ascending,209.75331
58.5,22.25,ascending,224.705
58.5,22.5,ascending,232.75865
58.5,22.75,ascending,237.127
58.5,23.0,ascending,237.4011
58.5,23.25,ascending,237.80609
58.5,23.5,ascending,240.63312
58.5,23.75,ascending,250.62236
58.5,24.0,ascending,257.23798
58.5,24.25,ascending,267.79065
58.5,24.5,ascending,271.815
58.5,24.75,ascending,276.986
58.5,25.0,ascending,280.73294
58.5,25.25,ascending,282.40268
58.5,25.5,ascending,282.27
58.5,25.75,ascending,281.3075
58.5,26.0,ascending,279.5442
58.5,26.25,ascending,276.85
58.5,26.5,ascending,273.44952
58.5,26.75,ascending,269.74738
58.5,27.0,ascending,269.20428
58.5,27.25,ascending,261.66
58.5,27.5,ascending,249.17332
58.5,27.75,ascending,243.79399
58.5,28.0,ascending,246.57166
58.5,28.25,ascending,255.01399
58.5,28.5,ascending,264.60858
58.5,28.75,ascending,272.8425
58.5,29.0,ascending,276.646
58.5,29.25,ascending,278.21335
58.5,29.5,ascending,278.465
58.5,29.75,ascending,278.20398
58.5,30.0,ascending,277.66833
58.5,30.25,ascending,276.93
58.5,30.5,ascending,275.57666
58.5,30.75,ascending,272.616
58.5,31.0,ascending,267.732
58.5,31.25,ascending,263.34198
58.5,31.5,ascending,262.25598
58.5,31.75,ascending,267.03748
58.5,32.0,ascending,270.845
58.5,32.25,ascending,274.47
58.5,32.5,ascending,275.654
58.5,32.75,ascending,275.59747
58.5,33.0,ascending,275.202
58.5,33.25,ascending,275.096
58.5,33.5,ascending,275.28497
58.5,33.75,ascending,275.34198
58.5,34.0,ascending,275.11798
58.5,34.25,ascending,274.6325
58.5,34.5,ascending,274.4475
58.5,34.75,ascending,274.22247
58.5,35.0,ascending,274.128
58.5,35.25,ascending,274.044
58.5,35.5,ascending,274.5725
58.5,35.75,ascending,274.9225
58.5,36.0,ascending,275.0483
58.5,36.25,ascending,274.96
58.5,36.5,ascending,274.82166
58.5,36.75,ascending,274.4025
58.5,37.0,ascending,272.814
58.5,37.25,ascending,269.96
58.5,37.5,ascending,264.848
58.5,37.75,ascending,257.4
58.5,38.0,ascending,250.20332
58.75,-13.0,ascending,186.95999
58.75,-12.75,ascending,186.824
58.75,-12.5,ascending,186.86499
58.75,-12.25,ascending,186.9725
58.75,-12.0,ascending,187.215
58.75,-11.75,ascending,187.45999
58.75,-11.5,ascending,187.76399
58.75,-11.25,ascending,188.14499
58.75,-11.0,ascending,188.35333
58.75,-10.75,ascending,188.70999
58.75,-10.5,ascending,188.642
58.75,-10.25,ascending,188.7
58.75,-10.0,ascending,188.644
58.75,-9.75,ascending,188.624
58.75,-9.5,ascending,188.814
58.75,-9.25,ascending,188.92
58.75,-9.0,ascending,189.17
58.75,-8.75,ascending,189.034
58.75,-8.5,ascending,189.01599
58.75,-8.25,ascending,189.07999
58.75,-8.0,ascending,189.126
58.75,-7.75,ascending,189.16
58.75,-7.5,ascending,189.12799
58.75,-7.25,ascending,189.238
58.75,-7.0,ascending,189.772
58.75,-6.75,ascending,190.642
58.75,-6.5,ascending,192.01
58.75,-6.25,ascending,192.91
58.75,-6.0,ascending,193.34999
58.75,-5.75,ascending,192.89749
58.75,-5.5,ascending,191.734
58.75,-5.25,ascending,192.40799
58.75,-5.0,ascending,193.444
58.75,-4.75,ascending,195.756
58.75,-4.5,ascending,197.474
58.75,-4.25,ascending,198.93599
58.75,-4.0,ascending,198.9
58.75,-3.75,ascending,205.54399
58.75,-3.5,ascending,214.32166
58.75,-3.25,ascending,218.78598
58.75,-3.0,ascending,214.70798
58.75,-2.75,ascending,204.97166
58.75,-2.5,ascending,195.63646
58.75,-2.25,ascending,191.09782
58.75,-2.0,ascending,189.1859
58.75,-1.75,ascending,187.96158
58.75,-1.5,ascending,186.98125
58.75,-1.25,ascending,186.65125
58.75,-1.0,ascending,186.51
58.75,-0.75,ascending,186.46199
58.75,-0.5,ascending,186.45499
58.75,-0.25,ascending,186.44562
58.75,0.0,ascending,149.20134
58.75,0.25,ascending,186.61125
58.75,0.5,ascending,186.7089
58.75,0.75,ascending,186.71117
58.75,1.0,ascending,186.6447
58.75,1.25,ascending,186.49294
58.75,1.5,ascending,186.45667
58.75,1.75,ascending,186.49315
58.75,2.0,ascending,186.77818
58.75,2.25,ascending,188.85167
58.75,2.5,ascending,190.84499
58.75,2.75,ascending,193.44331
58.75,3.0,ascending,197.638
58.75,3.25,ascending,202.178
58.75,3.5,ascending,206.798
58.75,3.75,ascending,210.3243
58.75,4.0,ascending,211.86398
58.75,4.25,ascending,211.01
58.75,4.5,ascending,209.28499
58.75,4.75,ascending,208.274
58.75,5.0,ascending,208.205
58.75,5.25,ascending,212.804
58.75,5.5,ascending,222.37
58.75,5.75,ascending,234.25749
58.75,6.0,ascending,248.03
58.75,6.25,ascending,258.668
58.75,6.5,ascending,263.9325
58.75,6.75,ascending,268.97998
58.75,7.0,ascending,270.8125
58.75,7.25,ascending,271.7975
58.75,7.5,ascending,272.78998
58.75,7.75,ascending,273.78598
58.75,8.0,ascending,275.3425
58.75,8.25,ascending,275.82498
58.75,8.5,ascending,274.736
58.75,8.75,ascending,272.115
58.75,9.0,ascending,266.90598
58.75,9.25,ascending,257.08
58.75,9.5,ascending,247.62798
58.75,9.75,ascending,234.804
58.75,10.0,ascending,226.64
58.75,10.25,ascending,220.52249
58.75,10.5,ascending,217.1
58.75,10.75,ascending,213.22998
58.75,11.0,ascending,221.46799
58.75,11.25,ascending,241.38249
58.75,11.5,ascending,259.16998
58.75,11.75,ascending,275.08
58.75,12.0,ascending,278.1475
58.75,12.25,ascending,273.74
58.75,12.5,ascending,264.43
58.75,12.75,ascending,250.67
58.75,13.0,ascending,240.892
58.75,13.25,ascending,233.75
58.75,13.5,ascending,231.86201
58.75,13.75,ascending,231.42499
58.75,14.0,ascending,241.14333
58.75,14.25,ascending,253.776
58.75,14.5,ascending,262.556
58.75,14.75,ascending,267.17596
58.75,15.0,ascending,273.30667
58.75,15.25,ascending,277.46
58.75,15.5,ascending,278.796
58.75,15.75,ascending,277.08
58.75,16.0,ascending,275.21002
58.75,16.25,ascending,276.08
58.75,16.5,ascending,275.86398
58.75,16.75,ascending,272.724
58.75,17.0,ascending,264.315
58.75,17.25,ascending,254.29
58.75,17.5,ascending,244.6025
58.75,17.75,ascending,236.33333
58.75,18.0,ascending,228.876
58.75,18.25,ascending,219.31999
58.75,18.5,ascending,204.624
58.75,18.75,ascending,195.805
58.75,19.0,ascending,191.94666
58.75,19.25,ascending,188.42499
58.75,19.5,ascending,186.98999
58.75,19.75,ascending,185.936
58.75,20.0,ascending,185.18001
58.75,20.25,ascending,184.772
58.75,20.5,ascending,184.61398
58.75,20.75,ascending,184.642
58.75,21.0,ascending,184.724
58.75,21.25,ascending,184.79668
58.75,21.5,ascending,185.39333
58.75,21.75,ascending,188.39166
58.75,22.0,ascending,195.478
58.75,22.25,ascending,208.49687
58.75,22.5,ascending,216.01111
58.75,22.75,ascending,221.91667
58.75,23.0,ascending,225.39221
58.75,23.25,ascending,232.29866
58.75,23.5,ascending,242.58937
58.75,23.75,ascending,253.97867
58.75,24.0,ascending,267.24142
58.75,24.25,ascending,274.11533
58.75,24.5,ascending,279.34467
58.75,24.75,ascending,282.40155
58.75,25.0,ascending,283.92133
58.75,25.25,ascending,284.10065
58.75,25.5,ascending,283.9225
58.75,25.75,ascending,283.27112
58.75,26.0,ascending,281.9388
58.75,26.25,ascending,279.29388
58.75,26.5,ascending,273.52618
58.75,26.75,ascending,267.445
58.75,27.0,ascending,264.0757
58.75,27.25,ascending,250.36165
58.75,27.5,ascending,240.83
58.75,27.75,ascending,239.13399
58.75,28.0,ascending,245.92
58.75,28.25,ascending,256.48398
58.75,28.5,ascending,267.87668
58.75,28.75,ascending,274.574
58.75,29.0,ascending,277.112
58.75,29.25,ascending,277.7775
58.75,29.5,ascending,278.018
58.75,29.75,ascending,277.968
58.75,30.0,ascending,277.6825
58.75,30.25,ascending,277.00998
58.75,30.5,ascending,275.872
58.75,30.75,ascending,274.36
58.75,31.0,ascending,273.27798
58.75,31.25,ascending,272.455
58.75,31.5,ascending,272.864
58.75,31.75,ascending,273.9025
58.75,32.0,ascending,275.18
58.75,32.25,ascending,275.38397
58.75,32.5,ascending,275.2775
58.75,32.75,ascending,275.205
58.75,33.0,ascending,275.29498
58.75,33.25,ascending,275.35
58.75,33.5,ascending,275.255
58.75,33.75,ascending,274.84
58.75,34.0,ascending,274.145
58.75,34.25,ascending,273.642
58.75,34.5,ascending,273.84
58.75,34.75,ascending,274.22998
58.75,35.0,ascending,274.88
58.75,35.25,ascending,275.21667
58.75,35.5,ascending,275.43
58.75,35.75,ascending,275.33398
58.75,36.0,ascending,275.02332
58.75,36.25,ascending,274.848
58.75,36.5,ascending,274.53665
58.75,36.75,ascending,273.84
58.75,37.0,ascending,271.38
58.75,37.25,ascending,268.86
58.75,37.5,ascending,264.8675
58.75,37.75,ascending,259.296
58.75,38.0,ascending,253.415
59.0,-13.0,ascending,186.22667
59.0,-12.75,ascending,186.225
59.0,-12.5,ascending,186.444
59.0,-12.25,ascending,186.5575
59.0,-12.0,ascending,186.816
59.0,-11.75,ascending,186.975
59.0,-11.5,ascending,187.165
59.0,-11.25,ascending,187.46799
59.0,-11.0,ascending,187.624
59.0,-10.75,ascending,187.83798
59.0,-10.5,ascending,188.33333
59.0,-10.25,ascending,188.808
59.0,-10.0,ascending,188.978
59.0,-9.75,ascending,188.6675
59.0,-9.5,ascending,188.362
59.0,-9.25,ascending,188.29
59.0,-9.0,ascending,188.4075
59.0,-8.75,ascending,188.46333
59.0,-8.5,ascending,188.64
59.0,-8.25,ascending,188.76666
59.0,-8.0,ascending,188.97002
59.0,-7.75,ascending,189.11
59.0,-7.5,ascending,189.29
59.0,-7.25,ascending,189.41
59.0,-7.0,ascending,189.73167
59.0,-6.75,ascending,190.13998
59.0,-6.5,ascending,190.54167
59.0,-6.25,ascending,190.91
59.0,-6.0,ascending,191.18799
59.0,-5.75,ascending,191.5
59.0,-5.5,ascending,190.57799
59.0,-5.25,ascending,190.03333
59.0,-5.0,ascending,189.77249
59.0,-4.75,ascending,190.13998
59.0,-4.5,ascending,190.14667
59.0,-4.25,ascending,190.185
59.0,-4.0,ascending,190.61398
59.0,-3.75,ascending,193.40666
59.0,-3.5,ascending,199.674
59.0,-3.25,ascending,207.46501
59.0,-3.0,ascending,208.61714
59.0,-2.75,ascending,205.89066
59.0,-2.5,ascending,201.38881
59.0,-2.25,ascending,196.39833
59.0,-2.0,ascending,192.11293
59.0,-1.75,ascending,189.5575
59.0,-1.5,ascending,187.95221
59.0,-1.25,ascending,187.02895
59.0,-1.0,ascending,186.62999
59.0,-0.75,ascending,186.52466
59.0,-0.5,ascending,186.52943
59.0,-0.25,ascending,186.62352
59.0,0.0,ascending,176.35666
59.0,0.25,ascending,153.86412
59.0,0.5,ascending,186.9225
59.0,0.75,ascending,186.88249
59.0,1.0,ascending,186.79562
59.0,1.25,ascending,186.68555
59.0,1.5,ascending,186.62389
59.0,1.75,ascending,186.73428
59.0,2.0,ascending,187.04
59.0,2.25,ascending,188.674
59.0,2.5,ascending,190.30998
59.0,2.75,ascending,193.0575
59.0,3.0,ascending,196.96
59.0,3.25,ascending,202.36198
59.0,3.5,ascending,206.87
59.0,3.75,ascending,210.75
59.0,4.0,ascending,212.88332
59.0,4.25,ascending,212.735
59.0,4.5,ascending,211.99399
59.0,4.75,ascending,211.7775
59.0,5.0,ascending,214.135
59.0,5.25,ascending,219.6875
59.0,5.5,ascending,228.236
59.0,5.75,ascending,237.504
59.0,6.0,ascending,247.46399
59.0,6.25,ascending,254.668
59.0,6.5,ascending,261.19
59.0,6.75,ascending,264.434
59.0,7.0,ascending,266.41
59.0,7.25,ascending,267.748
59.0,7.5,ascending,269.60666
59.0,7.75,ascending,271.7875
59.0,8.0,ascending,273.26398
59.0,8.25,ascending,274.33
59.0,8.5,ascending,274.645
59.0,8.75,ascending,274.52
59.0,9.0,ascending,273.3475
59.0,9.25,ascending,269.0925
59.0,9.5,ascending,264.83
59.0,9.75,ascending,256.77
59.0,10.0,ascending,250.894
59.0,10.25,ascending,246.22249
59.0,10.5,ascending,238.415
59.0,10.75,ascending,232.3675
59.0,11.0,ascending,240.7675
59.0,11.25,ascending,254.36401
59.0,11.5,ascending,268.85
59.0,11.75,ascending,275.932
59.0,12.0,ascending,276.42798
59.0,12.25,ascending,272.8775
59.0,12.5,ascending,265.51202
59.0,12.75,ascending,261.006
59.0,13.0,ascending,248.355
59.0,13.25,ascending,243.7125
59.0,13.5,ascending,234.63599
59.0,13.75,ascending,232.0925
59.0,14.0,ascending,240.54
59.0,14.25,ascending,258.22797
59.0,14.5,ascending,268.72998
59.0,14.75,ascending,276.22498
59.0,15.0,ascending,278.86398
59.0,15.25,ascending,280.216
59.0,15.5,ascending,277.9375
59.0,15.75,ascending,274.534
59.0,16.0,ascending,273.28598
59.0,16.25,ascending,275.56598
59.0,16.5,ascending,277.03598
59.0,16.75,ascending,276.055
59.0,17.0,ascending,272.794
59.0,17.25,ascending,267.864
59.0,17.5,ascending,261.438
59.0,17.75,ascending,254.51999
59.0,18.0,ascending,253.318
59.0,18.25,ascending,244.885
59.0,18.5,ascending,225.45401
59.0,18.75,ascending,209.674
59.0,19.0,ascending,198.814
59.0,19.25,ascending,190.5025
59.0,19.5,ascending,187.73833
59.0,19.75,ascending,186.09499
59.0,20.0,ascending,185.26833
59.0,20.25,ascending,184.9175
59.0,20.5,ascending,184.765
59.0,20.75,ascending,184.73833
59.0,21.0,ascending,184.784
59.0,21.25,ascending,184.808
59.0,21.5,ascending,184.87334
59.0,21.75,ascending,186.44666
59.0,22.0,ascending,192.82706
59.0,22.25,ascending,197.73111
59.0,22.5,ascending,203.14685
59.0,22.75,ascending,208.98177
59.0,23.0,ascending,212.81801
59.0,23.25,ascending,219.23466
59.0,23.5,ascending,230.03882
59.0,23.75,ascending,245.545
59.0,24.0,ascending,259.255
59.0,24.25,ascending,268.77426
59.0,24.5,ascending,275.38333
59.0,24.75,ascending,279.65332
59.0,25.0,ascending,281.518
59.0,25.25,ascending,282.2673
59.0,25.5,ascending,282.70764
59.0,25.75,ascending,281.995
59.0,26.0,ascending,281.30765
59.0,26.25,ascending,279.36166
59.0,26.5,ascending,276.4252
59.0,26.75,ascending,271.74445
59.0,27.0,ascending,267.50168
59.0,27.25,ascending,260.204
59.0,27.5,ascending,256.275
59.0,27.75,ascending,257.61713
59.0,28.0,ascending,262.682
59.0,28.25,ascending,268.438
59.0,28.5,ascending,272.554
59.0,28.75,ascending,273.89285
59.0,29.0,ascending,276.024
59.0,29.25,ascending,277.39398
59.0,29.5,ascending,278.27664
59.0,29.75,ascending,278.36798
59.0,30.0,ascending,277.744
59.0,30.25,ascending,276.938
59.0,30.5,ascending,275.966
59.0,30.75,ascending,275.2383
59.0,31.0,ascending,274.835
59.0,31.25,ascending,274.9283
59.0,31.5,ascending,275.185
59.0,31.75,ascending,275.11
59.0,32.0,ascending,274.82
59.0,32.25,ascending,274.75397
59.0,32.5,ascending,275.018
59.0,32.75,ascending,275.425
59.0,33.0,ascending,275.76398
59.0,33.25,ascending,275.6775
59.0,33.5,ascending,275.268
59.0,33.75,ascending,274.5325
59.0,34.0,ascending,273.852
59.0,34.25,ascending,273.6325
59.0,34.5,ascending,273.88998
59.0,34.75,ascending,274.516
59.0,35.0,ascending,275.13666
59.0,35.25,ascending,275.57
59.0,35.5,ascending,275.574
59.0,35.75,ascending,275.28665
59.0,36.0,ascending,274.88666
59.0,36.25,ascending,274.60333
59.0,36.5,ascending,274.155
59.0,36.75,ascending,272.97998
59.0,37.0,ascending,271.836
59.0,37.25,ascending,269.7
59.0,37.5,ascending,267.892
59.0,37.75,ascending,264.3225
59.0,38.0,ascending,259.49332
59.25,-13.0,ascending,185.75
59.25,-12.75,ascending,185.64749
59.25,-12.5,ascending,185.8375
59.25,-12.25,ascending,185.9
59.25,-12.0,ascending,186.086
59.25,-11.75,ascending,186.34
59.25,-11.5,ascending,186.59999
59.25,-11.25,ascending,186.7425
59.25,-11.0,ascending,186.8725
59.25,-10.75,ascending,187.2225
59.25,-10.5,ascending,188.024
59.25,-10.25,ascending,188.92
59.25,-10.0,ascending,189.32999
59.25,-9.75,ascending,188.92
59.25,-9.5,ascending,188.33
59.25,-9.25,ascending,187.9325
59.25,-9.0,ascending,187.788
59.25,-8.75,ascending,187.9625
59.25,-8.5,ascending,188.09
59.25,-8.25,ascending,188.456
59.25,-8.0,ascending,188.79599
59.25,-7.75,ascending,189.1075
59.25,-7.5,ascending,189.62666
59.25,-7.25,ascending,189.982
59.25,-7.0,ascending,190.422
59.25,-6.75,ascending,190.50749
59.25,-6.5,ascending,190.63799
59.25,-6.25,ascending,190.515
59.25,-6.0,ascending,190.362
59.25,-5.75,ascending,190.16399
59.25,-5.5,ascending,189.52599
59.25,-5.25,ascending,189.32199
59.25,-5.0,ascending,189.4475
59.25,-4.75,ascending,189.582
59.25,-4.5,ascending,189.508
59.25,-4.25,ascending,189.18199
59.25,-4.0,ascending,189.10167
59.25,-3.75,ascending,189.545
59.25,-3.5,ascending,192.57666
59.25,-3.25,ascending,196.35333
59.25,-3.0,ascending,200.77176
59.25,-2.75,ascending,201.20555
59.25,-2.5,ascending,198.92221
59.25,-2.25,ascending,195.50732
59.25,-2.0,ascending,192.58624
59.25,-1.75,ascending,189.998
59.25,-1.5,ascending,188.25063
59.25,-1.25,ascending,187.20642
59.25,-1.0,ascending,186.69998
59.25,-0.75,ascending,186.52
59.25,-0.5,ascending,186.54866
59.25,-0.25,ascending,186.67154
59.25,0.0,ascending,186.844
59.25,0.25,ascending,149.59065
59.25,0.5,ascending,187.05142
59.25,0.75,ascending,186.99312
59.25,1.0,ascending,186.89937
59.25,1.25,ascending,186.80624
59.25,1.5,ascending,186.75699
59.25,1.75,ascending,186.78549
59.25,2.0,ascending,187.06686
59.25,2.25,ascending,188.59
59.25,2.5,ascending,190.20999
59.25,2.75,ascending,192.79668
59.25,3.0,ascending,196.96599
59.25,3.25,ascending,200.805
59.25,3.5,ascending,204.98
59.25,3.75,ascending,208.83598
59.25,4.0,ascending,211.73
59.25,4.25,ascending,212.528
59.25,4.5,ascending,212.6375
59.25,4.75,ascending,213.15
59.25,5.0,ascending,215.316
59.25,5.25,ascending,221.93001
59.25,5.5,ascending,232.27332
59.25,5.75,ascending,242.62749
59.25,6.0,ascending,250.425
59.25,6.25,ascending,256.55
59.25,6.5,ascending,260.97
59.25,6.75,ascending,263.44998
59.25,7.0,ascending,264.914
59.25,7.25,ascending,266.73248
59.25,7.5,ascending,268.3125
59.25,7.75,ascending,270.302
59.25,8.0,ascending,271.5525
59.25,8.25,ascending,272.63998
59.25,8.5,ascending,274.0475
59.25,8.75,ascending,275.01
59.25,9.0,ascending,275.77
59.25,9.25,ascending,275.11798
59.25,9.5,ascending,273.8275
59.25,9.75,ascending,271.2375
59.25,10.0,ascending,271.125
59.25,10.25,ascending,265.48798
59.25,10.5,ascending,255.87398
59.25,10.75,ascending,253.55249
59.25,11.0,ascending,259.56598
59.25,11.25,ascending,270.26498
59.25,11.5,ascending,275.50998
59.25,11.75,ascending,277.4625
59.25,12.0,ascending,276.2525
59.25,12.25,ascending,274.785
59.25,12.5,ascending,272.83398
59.25,12.75,ascending,270.34998
59.25,13.0,ascending,263.53198
59.25,13.25,ascending,259.0475
59.25,13.5,ascending,247.78
59.25,13.75,ascending,251.9375
59.25,14.0,ascending,257.176
59.25,14.25,ascending,268.68
59.25,14.5,ascending,275.0275
59.25,14.75,ascending,279.164
59.25,15.0,ascending,281.01498
59.25,15.25,ascending,281.096
59.25,15.5,ascending,278.994
59.25,15.75,ascending,275.974
59.25,16.0,ascending,276.35602
59.25,16.25,ascending,276.9
59.25,16.5,ascending,277.604
59.25,16.75,ascending,276.362
59.25,17.0,ascending,273.66998
59.25,17.25,ascending,270.6225
59.25,17.5,ascending,267.244
59.25,17.75,ascending,267.602
59.25,18.0,ascending,267.33
59.25,18.25,ascending,262.4675
59.25,18.5,ascending,247.29
59.25,18.75,ascending,226.5475
59.25,19.0,ascending,209.88599
59.25,19.25,ascending,194.96399
59.25,19.5,ascending,189.22
59.25,19.75,ascending,186.946
59.25,20.0,ascending,186.096
59.25,20.25,ascending,185.52249
59.25,20.5,ascending,185.46799
59.25,20.75,ascending,185.248
59.25,21.0,ascending,185.33167
59.25,21.25,ascending,185.38199
59.25,21.5,ascending,185.73167
59.25,21.75,ascending,186.82
59.25,22.0,ascending,187.30882
59.25,22.25,ascending,188.47874
59.25,22.5,ascending,190.10733
59.25,22.75,ascending,192.10643
59.25,23.0,ascending,194.43999
59.25,23.25,ascending,198.81937
59.25,23.5,ascending,205.334
59.25,23.75,ascending,217.67462
59.25,24.0,ascending,227.76375
59.25,24.25,ascending,244.24083
59.25,24.5,ascending,251.32933
59.25,24.75,ascending,256.3192
59.25,25.0,ascending,264.3
59.25,25.25,ascending,265.93857
59.25,25.5,ascending,268.41116
59.25,25.75,ascending,269.08066
59.25,26.0,ascending,269.68277
59.25,26.25,ascending,267.2895
59.25,26.5,ascending,263.43478
59.25,26.75,ascending,264.335
59.25,27.0,ascending,267.91666
59.25,27.25,ascending,265.3775
59.25,27.5,ascending,259.41855
59.25,27.75,ascending,256.09198
59.25,28.0,ascending,254.28398
59.25,28.25,ascending,257.75
59.25,28.5,ascending,260.1783
59.25,28.75,ascending,264.004
59.25,29.0,ascending,271.57797
59.25,29.25,ascending,275.0475
59.25,29.5,ascending,276.534
59.25,29.75,ascending,277.6875
59.25,30.0,ascending,277.376
59.25,30.25,ascending,276.86798
59.25,30.5,ascending,276.3375
59.25,30.75,ascending,275.8
59.25,31.0,ascending,275.574
59.25,31.25,ascending,275.5125
59.25,31.5,ascending,275.182
59.25,31.75,ascending,274.685
59.25,32.0,ascending,274.16498
59.25,32.25,ascending,274.325
59.25,32.5,ascending,274.798
59.25,32.75,ascending,275.73248
59.25,33.0,ascending,276.07
59.25,33.25,ascending,275.972
59.25,33.5,ascending,275.52
59.25,33.75,ascending,274.94666
59.25,34.0,ascending,274.428
59.25,34.25,ascending,273.942
59.25,34.5,ascending,273.88998
59.25,34.75,ascending,274.19333
59.25,35.0,ascending,274.58398
59.25,35.25,ascending,274.985
59.25,35.5,ascending,274.7825
59.25,35.75,ascending,274.83798
59.25,36.0,ascending,274.71335
59.25,36.25,ascending,274.63397
59.25,36.5,ascending,274.35666
59.25,36.75,ascending,273.604
59.25,37.0,ascending,272.87668
59.25,37.25,ascending,271.688
59.25,37.5,ascending,270.47998
59.25,37.75,ascending,267.6575
59.25,38.0,ascending,266.7333
59.5,-13.0,ascending,185.2
59.5,-12.75,ascending,185.17
59.5,-12.5,ascending,185.28499
59.5,-12.25,ascending,185.258
59.5,-12.0,ascending,185.465
59.5,-11.75,ascending,185.802
59.5,-11.5,ascending,186.07999
59.5,-11.25,ascending,186.265
59.5,-11.0,ascending,186.54999
59.5,-10.75,ascending,186.88799
59.5,-10.5,ascending,187.564
59.5,-10.25,ascending,188.556
59.5,-10.0,ascending,189.36
59.5,-9.75,ascending,189.37999
59.5,-9.5,ascending,188.634
59.5,-9.25,ascending,187.818
59.5,-9.0,ascending,187.4375
59.5,-8.75,ascending,187.444
59.5,-8.5,ascending,187.65799
59.5,-8.25,ascending,188.058
59.5,-8.0,ascending,188.46399
59.5,-7.75,ascending,188.855
59.5,-7.5,ascending,189.4825
59.5,-7.25,ascending,190.36
59.5,-7.0,ascending,190.84
59.5,-6.75,ascending,190.894
59.5,-6.5,ascending,190.736
59.5,-6.25,ascending,190.344
59.5,-6.0,ascending,189.925
59.5,-5.75,ascending,189.49399
59.5,-5.5,ascending,189.2
59.5,-5.25,ascending,189.13199
59.5,-5.0,ascending,189.29199
59.5,-4.75,ascending,189.52998
59.5,-4.5,ascending,189.522
59.5,-4.25,ascending,189.208
59.5,-4.0,ascending,188.91
59.5,-3.75,ascending,188.866
59.5,-3.5,ascending,189.75888
59.5,-3.25,ascending,191.59647
59.5,-3.0,ascending,191.97777
59.5,-2.75,ascending,192.29375
59.5,-2.5,ascending,192.0325
59.5,-2.25,ascending,191.54066
59.5,-2.0,ascending,190.57733
59.5,-1.75,ascending,189.84819
59.5,-1.5,ascending,188.96687
59.5,-1.25,ascending,187.68
59.5,-1.0,ascending,187.02641
59.5,-0.75,ascending,186.75713
59.5,-0.5,ascending,186.78734
59.5,-0.25,ascending,186.90732
59.5,0.0,ascending,187.04199
59.5,0.25,ascending,160.39285
59.5,0.5,ascending,175.47
59.5,0.75,ascending,187.12529
59.5,1.0,ascending,187.01875
59.5,1.25,ascending,186.89667
59.5,1.5,ascending,186.778
59.5,1.75,ascending,186.77954
59.5,2.0,ascending,187.08427
59.5,2.25,ascending,188.34999
59.5,2.5,ascending,189.552
59.5,2.75,ascending,191.98499
59.5,3.0,ascending,194.94499
59.5,3.25,ascending,198.4175
59.5,3.5,ascending,202.642
59.5,3.75,ascending,206.92
59.5,4.0,ascending,209.724
59.5,4.25,ascending,211.578
59.5,4.5,ascending,212.20601
59.5,4.75,ascending,213.324
59.5,5.0,ascending,218.21599
59.5,5.25,ascending,226.512
59.5,5.5,ascending,236.22499
59.5,5.75,ascending,245.31
59.5,6.0,ascending,252.568
59.5,6.25,ascending,257.88397
59.5,6.5,ascending,260.46
59.5,6.75,ascending,262.74
59.5,7.0,ascending,263.9675
59.5,7.25,ascending,265.395
59.5,7.5,ascending,267.0125
59.5,7.75,ascending,268.302
59.5,8.0,ascending,269.822
59.5,8.25,ascending,270.9075
59.5,8.5,ascending,272.56198
59.5,8.75,ascending,273.8325
59.5,9.0,ascending,275.34
59.5,9.25,ascending,276.44598
59.5,9.5,ascending,277.21198
59.5,9.75,ascending,277.4125
59.5,10.0,ascending,276.0
59.5,10.25,ascending,272.0775
59.5,10.5,ascending,267.595
59.5,10.75,ascending,265.93198
59.5,11.0,ascending,270.71667
59.5,11.25,ascending,274.818
59.5,11.5,ascending,277.725
59.5,11.75,ascending,278.306
59.5,12.0,ascending,277.9025
59.5,12.25,ascending,277.608
59.5,12.5,ascending,276.3625
59.5,12.75,ascending,274.736
59.5,13.0,ascending,273.13998
59.5,13.25,ascending,269.72998
59.5,13.5,ascending,267.412
59.5,13.75,ascending,271.48248
59.5,14.0,ascending,272.43
59.5,14.25,ascending,274.642
59.5,14.5,ascending,277.414
59.5,14.75,ascending,279.328
59.5,15.0,ascending,280.7725
59.5,15.25,ascending,281.482
59.5,15.5,ascending,280.94998
59.5,15.75,ascending,280.28
59.5,16.0,ascending,280.185
59.5,16.25,ascending,280.23248
59.5,16.5,ascending,279.76334
59.5,16.75,ascending,278.96
59.5,17.0,ascending,278.58798
59.5,17.25,ascending,276.22998
59.5,17.5,ascending,273.758
59.5,17.75,ascending,275.53
59.5,18.0,ascending,275.886
59.5,18.25,ascending,273.73798
59.5,18.5,ascending,261.94
59.5,18.75,ascending,241.51
59.5,19.0,ascending,221.874
59.5,19.25,ascending,202.85
59.5,19.5,ascending,193.628
59.5,19.75,ascending,190.752
59.5,20.0,ascending,190.004
59.5,20.25,ascending,189.19331
59.5,20.5,ascending,188.374
59.5,20.75,ascending,188.05165
59.5,21.0,ascending,188.04199
59.5,21.25,ascending,188.08124
59.5,21.5,ascending,187.16235
59.5,21.75,ascending,187.4047
59.5,22.0,ascending,188.11278
59.5,22.25,ascending,189.0475
59.5,22.5,ascending,190.01625
59.5,22.75,ascending,191.34
59.5,23.0,ascending,194.14383
59.5,23.25,ascending,192.52866
59.5,23.5,ascending,195.09308
59.5,23.75,ascending,196.41124
59.5,24.0,ascending,200.46083
59.5,24.25,ascending,205.76375
59.5,24.5,ascending,210.58499
59.5,24.75,ascending,215.23714
59.5,25.0,ascending,221.28188
59.5,25.25,ascending,226.57498
59.5,25.5,ascending,227.9375
59.5,25.75,ascending,230.00705
59.5,26.0,ascending,229.86198
59.5,26.25,ascending,227.04443
59.5,26.5,ascending,225.27545
59.5,26.75,ascending,230.98398
59.5,27.0,ascending,230.40999
59.5,27.25,ascending,219.36284
59.5,27.5,ascending,219.18333
59.5,27.75,ascending,215.276
59.5,28.0,ascending,221.41249
59.5,28.25,ascending,229.62334
59.5,28.5,ascending,237.95401
59.5,28.75,ascending,250.87999
59.5,29.0,ascending,258.72665
59.5,29.25,ascending,264.66333
59.5,29.5,ascending,269.2975
59.5,29.75,ascending,271.61
59.5,30.0,ascending,272.9275
59.5,30.25,ascending,271.43198
59.5,30.5,ascending,272.24
59.5,30.75,ascending,272.7975
59.5,31.0,ascending,272.31598
59.5,31.25,ascending,273.3175
59.5,31.5,ascending,272.18597
59.5,31.75,ascending,271.9
59.5,32.0,ascending,270.366
59.5,32.25,ascending,271.21402
59.5,32.5,ascending,272.81
59.5,32.75,ascending,274.594
59.5,33.0,ascending,274.88397
59.5,33.25,ascending,275.194
59.5,33.5,ascending,275.2125
59.5,33.75,ascending,274.9975
59.5,34.0,ascending,274.534
59.5,34.25,ascending,273.974
59.5,34.5,ascending,273.70334
59.5,34.75,ascending,273.666
59.5,35.0,ascending,273.654
59.5,35.25,ascending,273.7125
59.5,35.5,ascending,273.964
59.5,35.75,ascending,274.37668
59.5,36.0,ascending,274.7383
59.5,36.25,ascending,275.0
59.5,36.5,ascending,274.948
59.5,36.75,ascending,274.21335
59.5,37.0,ascending,273.15
59.5,37.25,ascending,271.7675
59.5,37.5,ascending,269.8025
59.5,37.75,ascending,267.916
59.5,38.0,ascending,265.27332
59.75,-13.0,ascending,185.05
59.75,-12.75,ascending,184.9975
59.75,-12.5,ascending,185.008
59.75,-12.25,ascending,185.07332
59.75,-12.0,ascending,185.31999
59.75,-11.75,ascending,185.6
59.75,-11.5,ascending,185.89667
59.75,-11.25,ascending,186.2425
59.75,-11.0,ascending,186.52249
59.75,-10.75,ascending,186.818
59.75,-10.5,ascending,187.23665
59.75,-10.25,ascending,188.12999
59.75,-10.0,ascending,189.1925
59.75,-9.75,ascending,189.60999
59.75,-9.5,ascending,189.048
59.75,-9.25,ascending,188.04399
59.75,-9.0,ascending,187.465
59.75,-8.75,ascending,187.26
59.75,-8.5,ascending,187.43399
59.75,-8.25,ascending,187.73749
59.75,-8.0,ascending,187.90799
59.75,-7.75,ascending,188.334
59.75,-7.5,ascending,189.176
59.75,-7.25,ascending,189.84332
59.75,-7.0,ascending,190.48
59.75,-6.75,ascending,190.86
59.75,-6.5,ascending,190.8275
59.75,-6.25,ascending,190.498
59.75,-6.0,ascending,189.914
59.75,-5.75,ascending,189.43
59.75,-5.5,ascending,189.28667
59.75,-5.25,ascending,189.272
59.75,-5.0,ascending,189.476
59.75,-4.75,ascending,189.556
59.75,-4.5,ascending,189.478
59.75,-4.25,ascending,189.20401
59.75,-4.0,ascending,188.878
59.75,-3.75,ascending,188.96889
59.75,-3.5,ascending,189.44705
59.75,-3.25,ascending,189.22295
59.75,-3.0,ascending,189.17589
59.75,-2.75,ascending,189.29938
59.75,-2.5,ascending,189.59467
59.75,-2.25,ascending,190.39313
59.75,-2.0,ascending,191.23267
59.75,-1.75,ascending,192.64615
59.75,-1.5,ascending,191.41713
59.75,-1.25,ascending,191.13846
59.75,-1.0,ascending,188.83786
59.75,-0.75,ascending,188.0577
59.75,-0.5,ascending,187.75784
59.75,-0.25,ascending,187.67921
59.75,0.0,ascending,187.61427
59.75,0.25,ascending,187.50285
59.75,0.5,ascending,149.89867
59.75,0.75,ascending,187.23643
59.75,1.0,ascending,187.10999
59.75,1.25,ascending,186.93176
59.75,1.5,ascending,186.71599
59.75,1.75,ascending,186.55957
59.75,2.0,ascending,187.01666
59.75,2.25,ascending,187.92801
59.75,2.5,ascending,189.26833
59.75,2.75,ascending,191.17
59.75,3.0,ascending,193.845
59.75,3.25,ascending,197.624
59.75,3.5,ascending,202.43001
59.75,3.75,ascending,206.45
59.75,4.0,ascending,210.318
59.75,4.25,ascending,212.29199
59.75,4.5,ascending,212.95401
59.75,4.75,ascending,214.64499
59.75,5.0,ascending,218.38399
59.75,5.25,ascending,225.41399
59.75,5.5,ascending,235.055
59.75,5.75,ascending,241.075
59.75,6.0,ascending,249.04199
59.75,6.25,ascending,254.01498
59.75,6.5,ascending,258.0
59.75,6.75,ascending,260.83398
59.75,7.0,ascending,262.69
59.75,7.25,ascending,263.92334
59.75,7.5,ascending,265.0533
59.75,7.75,ascending,266.29666
59.75,8.0,ascending,266.8375
59.75,8.25,ascending,267.504
59.75,8.5,ascending,269.268
59.75,8.75,ascending,270.86
59.75,9.0,ascending,273.228
59.75,9.25,ascending,275.642
59.75,9.5,ascending,277.58002
59.75,9.75,ascending,278.285
59.75,10.0,ascending,277.23
59.75,10.25,ascending,274.50668
59.75,10.5,ascending,271.676
59.75,10.75,ascending,271.82748
59.75,11.0,ascending,274.23798
59.75,11.25,ascending,277.145
59.75,11.5,ascending,278.4325
59.75,11.75,ascending,279.345
59.75,12.0,ascending,279.43
59.75,12.25,ascending,279.17
59.75,12.5,ascending,278.4625
59.75,12.75,ascending,278.16998
59.75,13.0,ascending,278.13748
59.75,13.25,ascending,277.294
59.75,13.5,ascending,276.9375
59.75,13.75,ascending,278.13333
59.75,14.0,ascending,278.03748
59.75,14.25,ascending,278.674
59.75,14.5,ascending,279.248
59.75,14.75,ascending,280.29
59.75,15.0,ascending,281.025
59.75,15.25,ascending,281.50333
59.75,15.5,ascending,281.66
59.75,15.75,ascending,281.63748
59.75,16.0,ascending,281.874
59.75,16.25,ascending,282.422
59.75,16.5,ascending,282.1725
59.75,16.75,ascending,282.72247
59.75,17.0,ascending,282.7625
59.75,17.25,ascending,281.91998
59.75,17.5,ascending,281.708
59.75,17.75,ascending,280.90997
59.75,18.0,ascending,280.445
59.75,18.25,ascending,274.21198
59.75,18.5,ascending,261.95
59.75,18.75,ascending,245.898
59.75,19.0,ascending,221.30801
59.75,19.25,ascending,205.94
59.75,19.5,ascending,200.258
59.75,19.75,ascending,199.222
59.75,20.0,ascending,201.456
59.75,20.25,ascending,198.762
59.75,20.5,ascending,196.24834
59.75,20.75,ascending,194.588
59.75,21.0,ascending,192.23232
59.75,21.25,ascending,190.36949
59.75,21.5,ascending,191.6774
59.75,21.75,ascending,192.90222
59.75,22.0,ascending,193.73932
59.75,22.25,ascending,197.06714
59.75,22.5,ascending,201.44533
59.75,22.75,ascending,203.88734
59.75,23.0,ascending,213.81615
59.75,23.25,ascending,210.21066
59.75,23.5,ascending,209.53847
59.75,23.75,ascending,211.38461
59.75,24.0,ascending,204.20265
59.75,24.25,ascending,204.75
59.75,24.5,ascending,200.98308
59.75,24.75,ascending,197.87572
59.75,25.0,ascending,196.04929
59.75,25.25,ascending,195.55823
59.75,25.5,ascending,195.37823
59.75,25.75,ascending,194.31133
59.75,26.0,ascending,193.61777
59.75,26.25,ascending,194.69832
59.75,26.5,ascending,196.53249
59.75,26.75,ascending,193.4925
59.75,27.0,ascending,190.94714
59.75,27.25,ascending,188.37999
59.75,27.5,ascending,189.912
59.75,27.75,ascending,193.8425
59.75,28.0,ascending,200.23167
59.75,28.25,ascending,206.05801
59.75,28.5,ascending,216.50249
59.75,28.75,ascending,227.66199
59.75,29.0,ascending,229.57199
59.75,29.25,ascending,240.8475
59.75,29.5,ascending,248.66167
59.75,29.75,ascending,250.64667
59.75,30.0,ascending,256.09198
59.75,30.25,ascending,256.405
59.75,30.5,ascending,259.41248
59.75,30.75,ascending,264.7383
59.75,31.0,ascending,267.5
59.75,31.25,ascending,264.77997
59.75,31.5,ascending,262.085
59.75,31.75,ascending,257.36398
59.75,32.0,ascending,261.0575
59.75,32.25,ascending,261.91
59.75,32.5,ascending,265.73248
59.75,32.75,ascending,267.046
59.75,33.0,ascending,268.3825
59.75,33.25,ascending,270.06198
59.75,33.5,ascending,273.3325
59.75,33.75,ascending,273.78
59.75,34.0,ascending,274.01498
59.75,34.25,ascending,273.7425
59.75,34.5,ascending,273.166
59.75,34.75,ascending,272.72
59.75,35.0,ascending,272.46664
59.75,35.25,ascending,272.558
59.75,35.5,ascending,273.06665
59.75,35.75,ascending,273.85
59.75,36.0,ascending,274.58
59.75,36.25,ascending,275.154
59.75,36.5,ascending,274.98666
59.75,36.75,ascending,274.076
59.75,37.0,ascending,272.0475
59.75,37.25,ascending,269.01752
59.75,37.5,ascending,262.464
59.75,37.75,ascending,259.88666
59.75,38.0,ascending,256.47498
60.0,-13.0,ascending,185.11499
60.0,-12.75,ascending,185.15599
60.0,-12.5,ascending,185.16
60.0,-12.25,ascending,185.232
60.0,-12.0,ascending,185.43399
60.0,-11.75,ascending,185.66667
60.0,-11.5,ascending,185.96799
60.0,-11.25,ascending,186.376
60.0,-11.0,ascending,186.6575
60.0,-10.75,ascending,186.89
60.0,-10.5,ascending,187.19199
60.0,-10.25,ascending,187.854
60.0,-10.0,ascending,188.795
60.0,-9.75,ascending,189.23799
60.0,-9.5,ascending,189.068
60.0,-9.25,ascending,188.405
60.0,-9.0,ascending,187.708
60.0,-8.75,ascending,187.262
60.0,-8.5,ascending,187.2275
60.0,-8.25,ascending,187.396
60.0,-8.0,ascending,187.474
60.0,-7.75,ascending,187.78
60.0,-7.5,ascending,188.20999
60.0,-7.25,ascending,189.06499
60.0,-7.0,ascending,189.522
60.0,-6.75,ascending,190.034
60.0,-6.5,ascending,190.37799
60.0,-6.25,ascending,190.295
60.0,-6.0,ascending,189.73999
60.0,-5.75,ascending,189.568
60.0,-5.5,ascending,189.6
60.0,-5.25,ascending,189.82166
60.0,-5.0,ascending,190.01999
60.0,-4.75,ascending,189.834
60.0,-4.5,ascending,189.62166
60.0,-4.25,ascending,189.036
60.0,-4.0,ascending,188.426
60.0,-3.75,ascending,188.36263
60.0,-3.5,ascending,188.37277
60.0,-3.25,ascending,188.42937
60.0,-3.0,ascending,188.60066
60.0,-2.75,ascending,188.85614
60.0,-2.5,ascending,189.38857
60.0,-2.25,ascending,190.61714
60.0,-2.0,ascending,193.70152
60.0,-1.75,ascending,197.734
60.0,-1.5,ascending,200.08383
60.0,-1.25,ascending,198.79999
60.0,-1.0,ascending,195.6825
60.0,-0.75,ascending,192.64307
60.0,-0.5,ascending,190.36769
60.0,-0.25,ascending,189.10428
60.0,0.0,ascending,188.235
60.0,0.25,ascending,187.90134
60.0,0.5,ascending,162.51266
60.0,0.75,ascending,166.46222
60.0,1.0,ascending,187.14352
60.0,1.25,ascending,186.98389
60.0,1.5,ascending,186.77904
60.0,1.75,ascending,186.5315
60.0,2.0,ascending,187.17
60.0,2.25,ascending,187.77713
60.0,2.5,ascending,188.86165
60.0,2.75,ascending,190.4975
60.0,3.0,ascending,193.10199
60.0,3.25,ascending,196.898
60.0,3.5,ascending,200.884
60.0,3.75,ascending,206.06198
60.0,4.0,ascending,210.346
60.0,4.25,ascending,212.23499
60.0,4.5,ascending,213.31198
60.0,4.75,ascending,214.626
60.0,5.0,ascending,218.202
60.0,5.25,ascending,224.04333
60.0,5.5,ascending,231.92833
60.0,5.75,ascending,241.08499
60.0,6.0,ascending,248.38
60.0,6.25,ascending,253.775
60.0,6.5,ascending,257.37997
60.0,6.75,ascending,259.82
60.0,7.0,ascending,261.406
60.0,7.25,ascending,262.914
60.0,7.5,ascending,263.9225
60.0,7.75,ascending,264.425
60.0,8.0,ascending,264.58398
60.0,8.25,ascending,265.0025
60.0,8.5,ascending,266.72598
60.0,8.75,ascending,269.4225
60.0,9.0,ascending,272.47
60.0,9.25,ascending,275.185
60.0,9.5,ascending,277.0175
60.0,9.75,ascending,277.796
60.0,10.0,ascending,276.9375
60.0,10.25,ascending,275.46198
60.0,10.5,ascending,274.0275
60.0,10.75,ascending,275.19
60.0,11.0,ascending,276.7975
60.0,11.25,ascending,278.2175
60.0,11.5,ascending,278.9575
60.0,11.75,ascending,279.33
60.0,12.0,ascending,279.7725
60.0,12.25,ascending,279.98798
60.0,12.5,ascending,280.125
60.0,12.75,ascending,280.4175
60.0,13.0,ascending,280.5125
60.0,13.25,ascending,280.3925
60.0,13.5,ascending,280.06598
60.0,13.75,ascending,280.046
60.0,14.0,ascending,280.3425
60.0,14.25,ascending,280.878
60.0,14.5,ascending,281.315
60.0,14.75,ascending,281.59332
60.0,15.0,ascending,281.58197
60.0,15.25,ascending,281.22397
60.0,15.5,ascending,281.00497
60.0,15.75,ascending,281.05
60.0,16.0,ascending,281.684
60.0,16.25,ascending,282.41748
60.0,16.5,ascending,283.056
60.0,16.75,ascending,282.854
60.0,17.0,ascending,282.57333
60.0,17.25,ascending,280.83798
60.0,17.5,ascending,278.538
60.0,17.75,ascending,278.235
60.0,18.0,ascending,273.22998
60.0,18.25,ascending,262.546
60.0,18.5,ascending,250.805
60.0,18.75,ascending,231.95
60.0,19.0,ascending,210.422
60.0,19.25,ascending,203.26599
60.0,19.5,ascending,202.78401
60.0,19.75,ascending,208.40498
60.0,20.0,ascending,212.305
60.0,20.25,ascending,208.40999
60.0,20.5,ascending,204.47833
60.0,20.75,ascending,200.95923
60.0,21.0,ascending,200.81262
60.0,21.25,ascending,200.99625
60.0,21.5,ascending,204.446
60.0,21.75,ascending,206.93562
60.0,22.0,ascending,210.52222
60.0,22.25,ascending,216.76125
60.0,22.5,ascending,225.14812
60.0,22.75,ascending,231.66615
60.0,23.0,ascending,238.61
60.0,23.25,ascending,245.21582
60.0,23.5,ascending,245.46062
60.0,23.75,ascending,246.27748
60.0,24.0,ascending,245.23438
60.0,24.25,ascending,237.39917
60.0,24.5,ascending,234.12799
60.0,24.75,ascending,226.002
60.0,25.0,ascending,220.27667
60.0,25.25,ascending,211.49687
60.0,25.5,ascending,206.46733
60.0,25.75,ascending,199.595
60.0,26.0,ascending,196.75055
60.0,26.25,ascending,194.86809
60.0,26.5,ascending,176.74
60.0,26.75,ascending,191.52167
60.0,27.0,ascending,191.01
60.0,27.25,ascending,188.918
60.0,27.5,ascending,188.0875
60.0,27.75,ascending,189.435
60.0,28.0,ascending,190.628
60.0,28.25,ascending,192.7
60.0,28.5,ascending,197.29999
60.0,28.75,ascending,203.18834
60.0,29.0,ascending,210.50499
60.0,29.25,ascending,220.905
60.0,29.5,ascending,228.504
60.0,29.75,ascending,238.93666
60.0,30.0,ascending,245.58398
60.0,30.25,ascending,254.50998
60.0,30.5,ascending,261.246
60.0,30.75,ascending,265.07498
60.0,31.0,ascending,260.84
60.0,31.25,ascending,248.29749
60.0,31.5,ascending,239.81999
60.0,31.75,ascending,233.545
60.0,32.0,ascending,239.50998
60.0,32.25,ascending,238.904
60.0,32.5,ascending,242.82199
60.0,32.75,ascending,244.73
60.0,33.0,ascending,255.14249
60.0,33.25,ascending,261.5875
60.0,33.5,ascending,269.444
60.0,33.75,ascending,271.92667
60.0,34.0,ascending,273.16998
60.0,34.25,ascending,272.835
60.0,34.5,ascending,272.3475
60.0,34.75,ascending,271.845
60.0,35.0,ascending,271.4
60.0,35.25,ascending,271.52
60.0,35.5,ascending,272.094
60.0,35.75,ascending,273.16248
60.0,36.0,ascending,273.542
60.0,36.25,ascending,274.38
60.0,36.5,ascending,274.1133
60.0,36.75,ascending,272.865
60.0,37.0,ascending,269.9125
60.0,37.25,ascending,264.398
60.0,37.5,ascending,255.3825
60.0,37.75,ascending,250.55249
60.0,38.0,ascending,250.77998
60.25,-13.0,ascending,185.45
60.25,-12.75,ascending,185.42
60.25,-12.5,ascending,185.42
60.25,-12.25,ascending,185.532
60.25,-12.0,ascending,185.60333
60.25,-11.75,ascending,185.8875
60.25,-11.5,ascending,186.18799
60.25,-11.25,ascending,186.59
60.25,-11.0,ascending,186.84332
60.25,-10.75,ascending,187.09999
60.25,-10.5,ascending,187.302
60.25,-10.25,ascending,187.67749
60.25,-10.0,ascending,188.124
60.25,-9.75,ascending,188.43799
60.25,-9.5,ascending,188.69998
60.25,-9.25,ascending,188.51
60.25,-9.0,ascending,187.93999
60.25,-8.75,ascending,187.33333
60.25,-8.5,ascending,187.01799
60.25,-8.25,ascending,187.026
60.25,-8.0,ascending,187.11499
60.25,-7.75,ascending,187.388
60.25,-7.5,ascending,187.7775
60.25,-7.25,ascending,188.36
60.25,-7.0,ascending,188.9775
60.25,-6.75,ascending,189.4025
60.25,-6.5,ascending,189.65399
60.25,-6.25,ascending,189.534
60.25,-6.0,ascending,189.3675
60.25,-5.75,ascending,189.586
60.25,-5.5,ascending,190.264
60.25,-5.25,ascending,190.76399
60.25,-5.0,ascending,190.64499
60.25,-4.75,ascending,190.25198
60.25,-4.5,ascending,189.27428
60.25,-4.25,ascending,188.452
60.25,-4.0,ascending,188.25055
60.25,-3.75,ascending,188.19055
60.25,-3.5,ascending,188.16055
60.25,-3.25,ascending,188.2775
60.25,-3.0,ascending,188.62532
60.25,-2.75,ascending,189.174
60.25,-2.5,ascending,189.80385
60.25,-2.25,ascending,191.78267
60.25,-2.0,ascending,195.48083
60.25,-1.75,ascending,200.34082
60.25,-1.5,ascending,207.17
60.25,-1.25,ascending,208.29584
60.25,-1.0,ascending,204.81923
60.25,-0.75,ascending,199.27583
60.25,-0.5,ascending,193.73071
60.25,-0.25,ascending,191.01384
60.25,0.0,ascending,188.92923
60.25,0.25,ascending,188.24733
60.25,0.5,ascending,187.63875
60.25,0.75,ascending,163.87187
60.25,1.0,ascending,176.14706
60.25,1.25,ascending,187.0425
60.25,1.5,ascending,186.89632
60.25,1.75,ascending,186.80186
60.25,2.0,ascending,187.23
60.25,2.25,ascending,187.676
60.25,2.5,ascending,188.4875
60.25,2.75,ascending,189.93399
60.25,3.0,ascending,192.26999
60.25,3.25,ascending,195.088
60.25,3.5,ascending,199.60599
60.25,3.75,ascending,204.63998
60.25,4.0,ascending,207.73398
60.25,4.25,ascending,211.29001
60.25,4.5,ascending,214.27332
60.25,4.75,ascending,217.3775
60.25,5.0,ascending,222.7875
60.25,5.25,ascending,231.065
60.25,5.5,ascending,239.96
60.25,5.75,ascending,248.09499
60.25,6.0,ascending,254.41
60.25,6.25,ascending,257.746
60.25,6.5,ascending,259.20334
60.25,6.75,ascending,260.44
60.25,7.0,ascending,262.0925
60.25,7.25,ascending,263.41248
60.25,7.5,ascending,264.22998
60.25,7.75,ascending,264.25998
60.25,8.0,ascending,264.35
60.25,8.25,ascending,265.044
60.25,8.5,ascending,267.25598
60.25,8.75,ascending,269.5533
60.25,9.0,ascending,271.88998
60.25,9.25,ascending,274.702
60.25,9.5,ascending,276.3925
60.25,9.75,ascending,276.98248
60.25,10.0,ascending,276.885
60.25,10.25,ascending,276.3725
60.25,10.5,ascending,276.04498
60.25,10.75,ascending,276.525
60.25,11.0,ascending,276.93198
60.25,11.25,ascending,276.8375
60.25,11.5,ascending,277.314
60.25,11.75,ascending,278.69333
60.25,12.0,ascending,279.89398
60.25,12.25,ascending,280.505
60.25,12.5,ascending,280.93198
60.25,12.75,ascending,281.424
60.25,13.0,ascending,281.745
60.25,13.25,ascending,281.74332
60.25,13.5,ascending,281.874
60.25,13.75,ascending,281.78198
60.25,14.0,ascending,281.83
60.25,14.25,ascending,282.0533
60.25,14.5,ascending,282.11002
60.25,14.75,ascending,281.82
60.25,15.0,ascending,281.206
60.25,15.25,ascending,281.03998
60.25,15.5,ascending,280.688
60.25,15.75,ascending,280.438
60.25,16.0,ascending,281.00998
60.25,16.25,ascending,281.82748
60.25,16.5,ascending,282.064
60.25,16.75,ascending,280.69
60.25,17.0,ascending,278.85602
60.25,17.25,ascending,272.63998
60.25,17.5,ascending,262.0725
60.25,17.75,ascending,260.398
60.25,18.0,ascending,249.646
60.25,18.25,ascending,238.2025
60.25,18.5,ascending,225.116
60.25,18.75,ascending,210.05801
60.25,19.0,ascending,197.31999
60.25,19.25,ascending,195.532
60.25,19.5,ascending,196.944
60.25,19.75,ascending,204.038
60.25,20.0,ascending,208.145
60.25,20.25,ascending,208.435
60.25,20.5,ascending,209.16312
60.25,20.75,ascending,208.1011
60.25,21.0,ascending,210.10562
60.25,21.25,ascending,213.81866
60.25,21.5,ascending,220.67624
60.25,21.75,ascending,227.21071
60.25,22.0,ascending,236.53812
60.25,22.25,ascending,245.96544
60.25,22.5,ascending,250.94788
60.25,22.75,ascending,260.29355
60.25,23.0,ascending,265.12766
60.25,23.25,ascending,270.24713
60.25,23.5,ascending,272.316
60.25,23.75,ascending,272.67065
60.25,24.0,ascending,272.3657
60.25,24.25,ascending,269.89865
60.25,24.5,ascending,268.19534
60.25,24.75,ascending,268.4
60.25,25.0,ascending,262.335
60.25,25.25,ascending,257.39267
60.25,25.5,ascending,246.77333
60.25,25.75,ascending,241.93875
60.25,26.0,ascending,230.94054
60.25,26.25,ascending,213.57248
60.25,26.5,ascending,193.83534
60.25,26.75,ascending,215.748
60.25,27.0,ascending,210.646
60.25,27.25,ascending,204.6525
60.25,27.5,ascending,203.85999
60.25,27.75,ascending,205.29599
60.25,28.0,ascending,201.8675
60.25,28.25,ascending,204.425
60.25,28.5,ascending,208.315
60.25,28.75,ascending,217.095
60.25,29.0,ascending,226.394
60.25,29.25,ascending,236.54399
60.25,29.5,ascending,245.75499
60.25,29.75,ascending,260.62
60.25,30.0,ascending,264.06198
60.25,30.25,ascending,268.195
60.25,30.5,ascending,268.062
60.25,30.75,ascending,259.63998
60.25,31.0,ascending,241.08499
60.25,31.25,ascending,225.1575
60.25,31.5,ascending,212.02998
60.25,31.75,ascending,207.54749
60.25,32.0,ascending,207.154
60.25,32.25,ascending,206.64749
60.25,32.5,ascending,214.0625
60.25,32.75,ascending,223.91333
60.25,33.0,ascending,238.06001
60.25,33.25,ascending,253.28598
60.25,33.5,ascending,265.4575
60.25,33.75,ascending,269.9225
60.25,34.0,ascending,272.40802
60.25,34.25,ascending,272.18997
60.25,34.5,ascending,271.724
60.25,34.75,ascending,271.185
60.25,35.0,ascending,271.03
60.25,35.25,ascending,270.96
60.25,35.5,ascending,271.09747
60.25,35.75,ascending,271.108
60.25,36.0,ascending,271.33
60.25,36.25,ascending,272.042
60.25,36.5,ascending,271.215
60.25,36.75,ascending,271.3425
60.25,37.0,ascending,269.126
60.25,37.25,ascending,263.43
60.25,37.5,ascending,257.715
60.25,37.75,ascending,255.01399
60.25,38.0,ascending,260.01
60.5,-13.0,ascending,185.62999
60.5,-12.75,ascending,185.674
60.5,-12.5,ascending,185.772
60.5,-12.25,ascending,185.85667
60.5,-12.0,ascending,185.946
60.5,-11.75,ascending,186.314
60.5,-11.5,ascending,186.58499
60.5,-11.25,ascending,186.93
60.5,-11.0,ascending,187.204
60.5,-10.75,ascending,187.6025
60.5,-10.5,ascending,187.79599
60.5,-10.25,ascending,188.0575
60.5,-10.0,ascending,187.985
60.5,-9.75,ascending,188.16667
60.5,-9.5,ascending,188.56331
60.5,-9.25,ascending,188.782
60.5,-9.0,ascending,188.25998
60.5,-8.75,ascending,187.52249
60.5,-8.5,ascending,186.97667
60.5,-8.25,ascending,186.8425
60.5,-8.0,ascending,187.054
60.5,-7.75,ascending,187.40999
60.5,-7.5,ascending,187.85
60.5,-7.25,ascending,188.36398
60.5,-7.0,ascending,188.944
60.5,-6.75,ascending,189.272
60.5,-6.5,ascending,189.332
60.5,-6.25,ascending,189.235
60.5,-6.0,ascending,189.308
60.5,-5.75,ascending,189.82999
60.5,-5.5,ascending,190.7825
60.5,-5.25,ascending,191.456
60.5,-5.0,ascending,191.40399
60.5,-4.75,ascending,189.86777
60.5,-4.5,ascending,188.73389
60.5,-4.25,ascending,188.41437
60.5,-4.0,ascending,188.31749
60.5,-3.75,ascending,188.28929
60.5,-3.5,ascending,188.37999
60.5,-3.25,ascending,188.49333
60.5,-3.0,ascending,189.01648
60.5,-2.75,ascending,189.62
60.5,-2.5,ascending,190.20363
60.5,-2.25,ascending,191.34462
60.5,-2.0,ascending,193.96466
60.5,-1.75,ascending,198.3225
60.5,-1.5,ascending,202.68
60.5,-1.25,ascending,207.29141
60.5,-1.0,ascending,206.3023
60.5,-0.75,ascending,200.90077
60.5,-0.5,ascending,195.92857
60.5,-0.25,ascending,191.96066
60.5,0.0,ascending,189.63933
60.5,0.25,ascending,188.3275
60.5,0.5,ascending,187.58571
60.5,0.75,ascending,187.33333
60.5,1.0,ascending,152.03125
60.5,1.25,ascending,187.01648
60.5,1.5,ascending,186.94228
60.5,1.75,ascending,186.91249
60.5,2.0,ascending,187.284
60.5,2.25,ascending,187.625
60.5,2.5,ascending,188.368
60.5,2.75,ascending,189.645
60.5,3.0,ascending,191.46599
60.5,3.25,ascending,194.446
60.5,3.5,ascending,198.25749
60.5,3.75,ascending,201.384
60.5,4.0,ascending,206.2125
60.5,4.25,ascending,211.94165
60.5,4.5,ascending,217.62999
60.5,4.75,ascending,223.8575
60.5,5.0,ascending,230.55
60.5,5.25,ascending,239.6925
60.5,5.5,ascending,247.34
60.5,5.75,ascending,254.69499
60.5,6.0,ascending,258.772
60.5,6.25,ascending,261.76
60.5,6.5,ascending,262.71
60.5,6.75,ascending,264.0225
60.5,7.0,ascending,264.37
60.5,7.25,ascending,264.8125
60.5,7.5,ascending,264.75748
60.5,7.75,ascending,264.524
60.5,8.0,ascending,264.74
60.5,8.25,ascending,265.6025
60.5,8.5,ascending,267.435
60.5,8.75,ascending,269.62
60.5,9.0,ascending,271.93198
60.5,9.25,ascending,273.98666
60.5,9.5,ascending,275.358
60.5,9.75,ascending,276.59497
60.5,10.0,ascending,277.06598
60.5,10.25,ascending,277.055
60.5,10.5,ascending,276.72998
60.5,10.75,ascending,276.03
60.5,11.0,ascending,275.055
60.5,11.25,ascending,274.674
60.5,11.5,ascending,276.65
60.5,11.75,ascending,279.226
60.5,12.0,ascending,280.7975
60.5,12.25,ascending,281.352
60.5,12.5,ascending,281.7375
60.5,12.75,ascending,281.97998
60.5,13.0,ascending,282.276
60.5,13.25,ascending,282.51248
60.5,13.5,ascending,282.9
60.5,13.75,ascending,282.85666
60.5,14.0,ascending,282.835
60.5,14.25,ascending,282.418
60.5,14.5,ascending,280.982
60.5,14.75,ascending,279.825
60.5,15.0,ascending,279.03598
60.5,15.25,ascending,280.055
60.5,15.5,ascending,280.392
60.5,15.75,ascending,280.4
60.5,16.0,ascending,281.06
60.5,16.25,ascending,282.008
60.5,16.5,ascending,281.76
60.5,16.75,ascending,278.74
60.5,17.0,ascending,271.85602
60.5,17.25,ascending,258.5925
60.5,17.5,ascending,242.9
60.5,17.75,ascending,227.55798
60.5,18.0,ascending,221.46199
60.5,18.25,ascending,214.6825
60.5,18.5,ascending,199.812
60.5,18.75,ascending,196.314
60.5,19.0,ascending,191.46599
60.5,19.25,ascending,188.90498
60.5,19.5,ascending,188.805
60.5,19.75,ascending,192.272
60.5,20.0,ascending,196.37375
60.5,20.25,ascending,200.07999
60.5,20.5,ascending,201.13611
60.5,20.75,ascending,204.07533
60.5,21.0,ascending,210.165
60.5,21.25,ascending,220.18307
60.5,21.5,ascending,231.04845
60.5,21.75,ascending,241.50928
60.5,22.0,ascending,254.07066
60.5,22.25,ascending,264.97665
60.5,22.5,ascending,270.68417
60.5,22.75,ascending,276.95334
60.5,23.0,ascending,281.40286
60.5,23.25,ascending,282.16922
60.5,23.5,ascending,281.7277
60.5,23.75,ascending,280.85233
60.5,24.0,ascending,280.13998
60.5,24.25,ascending,279.9307
60.5,24.5,ascending,280.29465
60.5,24.75,ascending,280.37332
60.5,25.0,ascending,279.91187
60.5,25.25,ascending,279.14383
60.5,25.5,ascending,276.46295
60.5,25.75,ascending,273.6175
60.5,26.0,ascending,269.792
60.5,26.25,ascending,228.10545
60.5,26.5,ascending,256.4275
60.5,26.75,ascending,252.374
60.5,27.0,ascending,249.67801
60.5,27.25,ascending,243.02333
60.5,27.5,ascending,245.824
60.5,27.75,ascending,241.04498
60.5,28.0,ascending,240.20166
60.5,28.25,ascending,245.73332
60.5,28.5,ascending,244.73198
60.5,28.75,ascending,250.95401
60.5,29.0,ascending,257.03598
60.5,29.25,ascending,264.055
60.5,29.5,ascending,269.758
60.5,29.75,ascending,271.66748
60.5,30.0,ascending,271.65
60.5,30.25,ascending,269.425
60.5,30.5,ascending,259.39398
60.5,30.75,ascending,244.75249
60.5,31.0,ascending,220.746
60.5,31.25,ascending,203.93
60.5,31.5,ascending,191.74399
60.5,31.75,ascending,187.4425
60.5,32.0,ascending,188.45
60.5,32.25,ascending,190.9075
60.5,32.5,ascending,197.61
60.5,32.75,ascending,210.4925
60.5,33.0,ascending,229.922
60.5,33.25,ascending,249.22499
60.5,33.5,ascending,263.20248
60.5,33.75,ascending,270.994
60.5,34.0,ascending,272.3425
60.5,34.25,ascending,272.05798
60.5,34.5,ascending,271.4025
60.5,34.75,ascending,270.8825
60.5,35.0,ascending,270.5275
60.5,35.25,ascending,269.78998
60.5,35.5,ascending,268.905
60.5,35.75,ascending,267.28748
60.5,36.0,ascending,264.994
60.5,36.25,ascending,264.095
60.5,36.5,ascending,265.84998
60.5,36.75,ascending,268.43597
60.5,37.0,ascending,269.56
60.5,37.25,ascending,268.8
60.5,37.5,ascending,267.364
60.5,37.75,ascending,267.07748
60.5,38.0,ascending,267.2
60.75,-13.0,ascending,185.96999
60.75,-12.75,ascending,186.075
60.75,-12.5,ascending,186.09334
60.75,-12.25,ascending,186.25749
60.75,-12.0,ascending,186.386
60.75,-11.75,ascending,186.6075
60.75,-11.5,ascending,186.82666
60.75,-11.25,ascending,187.15399
60.75,-11.0,ascending,187.582
60.75,-10.75,ascending,188.045
60.75,-10.5,ascending,188.325
60.75,-10.25,ascending,188.48999
60.75,-10.0,ascending,188.31198
60.75,-9.75,ascending,188.2525
60.75,-9.5,ascending,188.836
60.75,-9.25,ascending,189.33499
60.75,-9.0,ascending,189.172
60.75,-8.75,ascending,187.986
60.75,-8.5,ascending,187.1175
60.75,-8.25,ascending,186.87749
60.75,-8.0,ascending,187.11333
60.75,-7.75,ascending,187.59
60.75,-7.5,ascending,188.095
60.75,-7.25,ascending,188.698
60.75,-7.0,ascending,189.195
60.75,-6.75,ascending,189.4825
60.75,-6.5,ascending,189.312
60.75,-6.25,ascending,189.1075
60.75,-6.0,ascending,189.03
60.75,-5.75,ascending,189.428
60.75,-5.5,ascending,190.2325
60.75,-5.25,ascending,191.2
60.75,-5.0,ascending,190.24399
60.75,-4.75,ascending,189.38176
60.75,-4.5,ascending,188.91469
60.75,-4.25,ascending,188.58286
60.75,-4.0,ascending,188.42067
60.75,-3.75,ascending,188.3
60.75,-3.5,ascending,188.30429
60.75,-3.25,ascending,188.31544
60.75,-3.0,ascending,188.56999
60.75,-2.75,ascending,189.094
60.75,-2.5,ascending,189.47295
60.75,-2.25,ascending,190.02667
60.75,-2.0,ascending,191.04538
60.75,-1.75,ascending,192.25308
60.75,-1.5,ascending,194.65749
60.75,-1.25,ascending,196.79834
60.75,-1.0,ascending,197.746
60.75,-0.75,ascending,196.366
60.75,-0.5,ascending,193.92923
60.75,-0.25,ascending,191.25285
60.75,0.0,ascending,188.675
60.75,0.25,ascending,187.83078
60.75,0.5,ascending,187.436
60.75,0.75,ascending,187.24867
60.75,1.0,ascending,187.11235
60.75,1.25,ascending,147.59737
60.75,1.5,ascending,186.80904
60.75,1.75,ascending,186.91222
60.75,2.0,ascending,187.3125
60.75,2.25,ascending,187.71799
60.75,2.5,ascending,188.552
60.75,2.75,ascending,189.7825
60.75,3.0,ascending,191.582
60.75,3.25,ascending,193.69331
60.75,3.5,ascending,195.98
60.75,3.75,ascending,199.9425
60.75,4.0,ascending,205.39333
60.75,4.25,ascending,210.52
60.75,4.5,ascending,217.512
60.75,4.75,ascending,225.61398
60.75,5.0,ascending,234.25749
60.75,5.25,ascending,243.4375
60.75,5.5,ascending,251.92749
60.75,5.75,ascending,258.06
60.75,6.0,ascending,262.335
60.75,6.25,ascending,263.9575
60.75,6.5,ascending,264.705
60.75,6.75,ascending,264.594
60.75,7.0,ascending,264.284
60.75,7.25,ascending,263.8633
60.75,7.5,ascending,263.96
60.75,7.75,ascending,263.8075
60.75,8.0,ascending,264.52798
60.75,8.25,ascending,265.6825
60.75,8.5,ascending,267.18
60.75,8.75,ascending,268.9225
60.75,9.0,ascending,270.6325
60.75,9.25,ascending,272.405
60.75,9.5,ascending,274.306
60.75,9.75,ascending,276.02332
60.75,10.0,ascending,276.835
60.75,10.25,ascending,277.3875
60.75,10.5,ascending,277.1775
60.75,10.75,ascending,275.8725
60.75,11.0,ascending,274.97748
60.75,11.25,ascending,276.7333
60.75,11.5,ascending,279.01398
60.75,11.75,ascending,281.54666
60.75,12.0,ascending,281.9875
60.75,12.25,ascending,282.1925
60.75,12.5,ascending,282.44998
60.75,12.75,ascending,282.54666
60.75,13.0,ascending,282.772
60.75,13.25,ascending,283.03748
60.75,13.5,ascending,283.52664
60.75,13.75,ascending,283.598
60.75,14.0,ascending,283.60248
60.75,14.25,ascending,282.548
60.75,14.5,ascending,280.73248
60.75,14.75,ascending,278.482
60.75,15.0,ascending,278.56198
60.75,15.25,ascending,279.78998
60.75,15.5,ascending,280.85
60.75,15.75,ascending,281.0825
60.75,16.0,ascending,281.956
60.75,16.25,ascending,282.62
60.75,16.5,ascending,281.658
60.75,16.75,ascending,277.26
60.75,17.0,ascending,264.75
60.75,17.25,ascending,247.8675
60.75,17.5,ascending,223.0775
60.75,17.75,ascending,203.40799
60.75,18.0,ascending,199.42499
60.75,18.25,ascending,193.708
60.75,18.5,ascending,188.95401
60.75,18.75,ascending,188.70749
60.75,19.0,ascending,187.04599
60.75,19.25,ascending,186.65
60.75,19.5,ascending,186.71799
60.75,19.75,ascending,187.31615
60.75,20.0,ascending,188.58159
60.75,20.25,ascending,189.185
60.75,20.5,ascending,190.99812
60.75,20.75,ascending,194.87285
60.75,21.0,ascending,204.31999
60.75,21.25,ascending,221.25865
60.75,21.5,ascending,241.1475
60.75,21.75,ascending,252.74333
60.75,22.0,ascending,266.005
60.75,22.25,ascending,272.172
60.75,22.5,ascending,279.5377
60.75,22.75,ascending,282.65
60.75,23.0,ascending,283.63272
60.75,23.25,ascending,283.54166
60.75,23.5,ascending,282.3523
60.75,23.75,ascending,280.78415
60.75,24.0,ascending,279.81613
60.75,24.25,ascending,279.1158
60.75,24.5,ascending,279.51428
60.75,24.75,ascending,279.56693
60.75,25.0,ascending,279.82712
60.75,25.25,ascending,279.8643
60.75,25.5,ascending,279.25
60.75,25.75,ascending,262.75
60.75,26.0,ascending,233.04788
60.75,26.25,ascending,273.96576
60.75,26.5,ascending,273.11334
60.75,26.75,ascending,272.98398
60.75,27.0,ascending,271.802
60.75,27.25,ascending,271.386
60.75,27.5,ascending,270.355
60.75,27.75,ascending,268.41165
60.75,28.0,ascending,269.43
60.75,28.25,ascending,267.47998
60.75,28.5,ascending,267.148
60.75,28.75,ascending,267.854
60.75,29.0,ascending,269.70667
60.75,29.25,ascending,270.475
60.75,29.5,ascending,271.09
60.75,29.75,ascending,270.03998
60.75,30.0,ascending,267.2975
60.75,30.25,ascending,258.7575
60.75,30.5,ascending,242.73749
60.75,30.75,ascending,219.872
60.75,31.0,ascending,203.59001
60.75,31.25,ascending,192.32199
60.75,31.5,ascending,185.805
60.75,31.75,ascending,184.3275
60.75,32.0,ascending,185.02249
60.75,32.25,ascending,188.48999
60.75,32.5,ascending,199.11
60.75,32.75,ascending,213.89
60.75,33.0,ascending,235.342
60.75,33.25,ascending,258.122
60.75,33.5,ascending,270.94
60.75,33.75,ascending,273.385
60.75,34.0,ascending,273.23248
60.75,34.25,ascending,272.2625
60.75,34.5,ascending,271.2625
60.75,34.75,ascending,270.07498
60.75,35.0,ascending,269.0525
60.75,35.25,ascending,266.36
60.75,35.5,ascending,263.3425
60.75,35.75,ascending,253.66
60.75,36.0,ascending,250.04333
60.75,36.25,ascending,250.265
60.75,36.5,ascending,251.366
60.75,36.75,ascending,262.42334
60.75,37.0,ascending,268.07498
60.75,37.25,ascending,270.568
60.75,37.5,ascending,270.96997
60.75,37.75,ascending,271.652
60.75,38.0,ascending,272.87332
61.0,-13.0,ascending,186.57999
61.0,-12.75,ascending,186.59999
61.0,-12.5,ascending,186.54199
61.0,-12.25,ascending,186.642
61.0,-12.0,ascending,186.64333
61.0,-11.75,ascending,186.75
61.0,-11.5,ascending,186.95999
61.0,-11.25,ascending,187.332
61.0,-11.0,ascending,187.814
61.0,-10.75,ascending,188.295
61.0,-10.5,ascending,188.726
61.0,-10.25,ascending,188.83499
61.0,-10.0,ascending,188.71199
61.0,-9.75,ascending,188.62
61.0,-9.5,ascending,189.22
61.0,-9.25,ascending,189.76
61.0,-9.0,ascending,189.372
61.0,-8.75,ascending,188.2625
61.0,-8.5,ascending,187.28
61.0,-8.25,ascending,186.915
61.0,-8.0,ascending,187.128
61.0,-7.75,ascending,187.67749
61.0,-7.5,ascending,188.36398
61.0,-7.25,ascending,189.574
61.0,-7.0,ascending,190.1575
61.0,-6.75,ascending,190.836
61.0,-6.5,ascending,190.0975
61.0,-6.25,ascending,189.04399
61.0,-6.0,ascending,188.58833
61.0,-5.75,ascending,188.53
61.0,-5.5,ascending,189.006
61.0,-5.25,ascending,189.95142
61.0,-5.0,ascending,189.91118
61.0,-4.75,ascending,189.81882
61.0,-4.5,ascending,189.355
61.0,-4.25,ascending,188.926
61.0,-4.0,ascending,188.552
61.0,-3.75,ascending,188.25092
61.0,-3.5,ascending,188.04625
61.0,-3.25,ascending,187.90273
61.0,-3.0,ascending,187.88062
61.0,-2.75,ascending,187.9791
61.0,-2.5,ascending,188.15666
61.0,-2.25,ascending,188.434
61.0,-2.0,ascending,188.61812
61.0,-1.75,ascending,188.97076
61.0,-1.5,ascending,189.39532
61.0,-1.25,ascending,189.88666
61.0,-1.0,ascending,189.75581
61.0,-0.75,ascending,189.86356
61.0,-0.5,ascending,189.56923
61.0,-0.25,ascending,188.63713
61.0,0.0,ascending,187.88731
61.0,0.25,ascending,187.33078
61.0,0.5,ascending,187.13643
61.0,0.75,ascending,187.01334
61.0,1.0,ascending,186.94421
61.0,1.25,ascending,186.86665
61.0,1.5,ascending,161.24408
61.0,1.75,ascending,186.94499
61.0,2.0,ascending,187.368
61.0,2.25,ascending,187.81999
61.0,2.5,ascending,188.53
61.0,2.75,ascending,189.776
61.0,3.0,ascending,191.0675
61.0,3.25,ascending,192.74165
61.0,3.5,ascending,195.2775
61.0,3.75,ascending,198.582
61.0,4.0,ascending,201.58249
61.0,4.25,ascending,207.82199
61.0,4.5,ascending,214.41249
61.0,4.75,ascending,223.194
61.0,5.0,ascending,234.45801
61.0,5.25,ascending,244.116
61.0,5.5,ascending,252.31749
61.0,5.75,ascending,258.08
61.0,6.0,ascending,261.684
61.0,6.25,ascending,263.07
61.0,6.5,ascending,262.928
61.0,6.75,ascending,262.58334
61.0,7.0,ascending,262.318
61.0,7.25,ascending,262.3225
61.0,7.5,ascending,262.6825
61.0,7.75,ascending,263.35
61.0,8.0,ascending,264.46198
61.0,8.25,ascending,265.32333
61.0,8.5,ascending,266.26398
61.0,8.75,ascending,267.2
61.0,9.0,ascending,268.665
61.0,9.25,ascending,270.3275
61.0,9.5,ascending,272.15
61.0,9.75,ascending,274.41202
61.0,10.0,ascending,276.2725
61.0,10.25,ascending,277.25397
61.0,10.5,ascending,277.5
61.0,10.75,ascending,277.56
61.0,11.0,ascending,277.72748
61.0,11.25,ascending,280.06598
61.0,11.5,ascending,281.27664
61.0,11.75,ascending,281.85
61.0,12.0,ascending,282.13
61.0,12.25,ascending,282.49667
61.0,12.5,ascending,282.862
61.0,12.75,ascending,283.1375
61.0,13.0,ascending,283.4425
61.0,13.25,ascending,283.5975
61.0,13.5,ascending,283.88748
61.0,13.75,ascending,284.26398
61.0,14.0,ascending,284.775
61.0,14.25,ascending,284.166
61.0,14.5,ascending,283.12668
61.0,14.75,ascending,281.1125
61.0,15.0,ascending,280.97998
61.0,15.25,ascending,281.5725
61.0,15.5,ascending,281.76
61.0,15.75,ascending,281.7775
61.0,16.0,ascending,282.235
61.0,16.25,ascending,282.468
61.0,16.5,ascending,280.7775
61.0,16.75,ascending,275.05
61.0,17.0,ascending,258.03598
61.0,17.25,ascending,235.47499
61.0,17.5,ascending,211.16
61.0,17.75,ascending,194.86499
61.0,18.0,ascending,189.87
61.0,18.25,ascending,187.62
61.0,18.5,ascending,186.698
61.0,18.75,ascending,186.482
61.0,19.0,ascending,186.30249
61.0,19.25,ascending,186.26143
61.0,19.5,ascending,186.38374
61.0,19.75,ascending,186.28166
61.0,20.0,ascending,186.3189
61.0,20.25,ascending,186.76888
61.0,20.5,ascending,188.5407
61.0,20.75,ascending,192.23232
61.0,21.0,ascending,200.78384
61.0,21.25,ascending,215.61856
61.0,21.5,ascending,236.33363
61.0,21.75,ascending,250.90356
61.0,22.0,ascending,265.70273
61.0,22.25,ascending,271.91727
61.0,22.5,ascending,276.6154
61.0,22.75,ascending,279.73666
61.0,23.0,ascending,281.2715
61.0,23.25,ascending,281.39584
61.0,23.5,ascending,279.67307
61.0,23.75,ascending,277.3369
61.0,24.0,ascending,275.33398
61.0,24.25,ascending,274.24
61.0,24.5,ascending,274.0977
61.0,24.75,ascending,273.5469
61.0,25.0,ascending,273.26187
61.0,25.25,ascending,272.72705
61.0,25.5,ascending,271.97177
61.0,25.75,ascending,223.10764
61.0,26.0,ascending,269.83054
61.0,26.25,ascending,268.64044
61.0,26.5,ascending,269.706
61.0,26.75,ascending,269.586
61.0,27.0,ascending,269.73798
61.0,27.25,ascending,270.695
61.0,27.5,ascending,270.43167
61.0,27.75,ascending,268.84665
61.0,28.0,ascending,267.544
61.0,28.25,ascending,264.366
61.0,28.5,ascending,262.882
61.0,28.75,ascending,262.15
61.0,29.0,ascending,263.77335
61.0,29.25,ascending,265.54666
61.0,29.5,ascending,268.00497
61.0,29.75,ascending,267.19998
61.0,30.0,ascending,260.36832
61.0,30.25,ascending,248.34749
61.0,30.5,ascending,230.40201
61.0,30.75,ascending,212.295
61.0,31.0,ascending,197.936
61.0,31.25,ascending,190.81749
61.0,31.5,ascending,188.50749
61.0,31.75,ascending,188.095
61.0,32.0,ascending,193.376
61.0,32.25,ascending,207.76999
61.0,32.5,ascending,221.66
61.0,32.75,ascending,239.20999
61.0,33.0,ascending,260.86002
61.0,33.25,ascending,271.07
61.0,33.5,ascending,274.44666
61.0,33.75,ascending,274.43597
61.0,34.0,ascending,273.60748
61.0,34.25,ascending,272.77
61.0,34.5,ascending,271.044
61.0,34.75,ascending,268.90665
61.0,35.0,ascending,266.16
61.0,35.25,ascending,258.755
61.0,35.5,ascending,250.575
61.0,35.75,ascending,237.9675
61.0,36.0,ascending,225.79399
61.0,36.25,ascending,226.056
61.0,36.5,ascending,237.25
61.0,36.75,ascending,255.03
61.0,37.0,ascending,265.5825
61.0,37.25,ascending,270.35
61.0,37.5,ascending,271.814
61.0,37.75,ascending,272.7775
61.0,38.0,ascending,273.56665
61.25,-13.0,ascending,186.93
61.25,-12.75,ascending,186.87999
61.25,-12.5,ascending,186.76
61.25,-12.25,ascending,186.67665
61.25,-12.0,ascending,186.72
61.25,-11.75,ascending,186.93999
61.25,-11.5,ascending,187.276
61.25,-11.25,ascending,187.63998
61.25,-11.0,ascending,188.17
61.25,-10.75,ascending,188.66
61.25,-10.5,ascending,189.25198
61.25,-10.25,ascending,189.27
61.25,-10.0,ascending,189.01599
61.25,-9.75,ascending,188.83249
61.25,-9.5,ascending,189.122
61.25,-9.25,ascending,189.4375
61.25,-9.0,ascending,188.912
61.25,-8.75,ascending,188.06499
61.25,-8.5,ascending,187.302
61.25,-8.25,ascending,187.0275
61.25,-8.0,ascending,187.32999
61.25,-7.75,ascending,188.31
61.25,-7.5,ascending,189.372
61.25,-7.25,ascending,191.775
61.25,-7.0,ascending,193.024
61.25,-6.75,ascending,194.5975
61.25,-6.5,ascending,192.28749
61.25,-6.25,ascending,190.09799
61.25,-6.0,ascending,188.56
61.25,-5.75,ascending,188.57625
61.25,-5.5,ascending,189.01631
61.25,-5.25,ascending,189.3555
61.25,-5.0,ascending,189.51944
61.25,-4.75,ascending,189.645
61.25,-4.5,ascending,189.45142
61.25,-4.25,ascending,189.1
61.25,-4.0,ascending,188.786
61.25,-3.75,ascending,188.519
61.25,-3.5,ascending,188.29285
61.25,-3.25,ascending,188.06454
61.25,-3.0,ascending,187.89691
61.25,-2.75,ascending,187.79915
61.25,-2.5,ascending,187.8623
61.25,-2.25,ascending,187.93819
61.25,-2.0,ascending,188.00273
61.25,-1.75,ascending,188.09
61.25,-1.5,ascending,187.97166
61.25,-1.25,ascending,188.03416
61.25,-1.0,ascending,187.83308
61.25,-0.75,ascending,187.71832
61.25,-0.5,ascending,187.6275
61.25,-0.25,ascending,187.40582
61.25,0.0,ascending,187.25928
61.25,0.25,ascending,187.06999
61.25,0.5,ascending,186.88866
61.25,0.75,ascending,186.74722
61.25,1.0,ascending,186.68199
61.25,1.25,ascending,186.64262
61.25,1.5,ascending,186.56262
61.25,1.75,ascending,74.824
61.25,2.0,ascending,156.09
61.25,2.25,ascending,187.69
61.25,2.5,ascending,188.452
61.25,2.75,ascending,189.44666
61.25,3.0,ascending,190.636
61.25,3.25,ascending,192.5025
61.25,3.5,ascending,194.83333
61.25,3.75,ascending,196.86665
61.25,4.0,ascending,200.26999
61.25,4.25,ascending,204.5875
61.25,4.5,ascending,211.064
61.25,4.75,ascending,220.62
61.25,5.0,ascending,229.68799
61.25,5.25,ascending,241.59332
61.25,5.5,ascending,249.3925
61.25,5.75,ascending,256.795
61.25,6.0,ascending,260.63333
61.25,6.25,ascending,262.41998
61.25,6.5,ascending,262.78
61.25,6.75,ascending,262.6425
61.25,7.0,ascending,262.55664
61.25,7.25,ascending,262.63998
61.25,7.5,ascending,263.246
61.25,7.75,ascending,263.77664
61.25,8.0,ascending,264.28598
61.25,8.25,ascending,264.57748
61.25,8.5,ascending,264.88998
61.25,8.75,ascending,265.0275
61.25,9.0,ascending,266.485
61.25,9.25,ascending,268.65
61.25,9.5,ascending,271.385
61.25,9.75,ascending,273.865
61.25,10.0,ascending,275.76498
61.25,10.25,ascending,277.27664
61.25,10.5,ascending,278.06
61.25,10.75,ascending,279.33
61.25,11.0,ascending,280.404
61.25,11.25,ascending,281.10666
61.25,11.5,ascending,281.30402
61.25,11.75,ascending,281.1033
61.25,12.0,ascending,281.3125
61.25,12.25,ascending,281.72
61.25,12.5,ascending,282.16248
61.25,12.75,ascending,283.00333
61.25,13.0,ascending,283.34
61.25,13.25,ascending,283.48798
61.25,13.5,ascending,283.6475
61.25,13.75,ascending,284.502
61.25,14.0,ascending,285.40497
61.25,14.25,ascending,285.54
61.25,14.5,ascending,284.54333
61.25,14.75,ascending,284.034
61.25,15.0,ascending,283.3075
61.25,15.25,ascending,283.242
61.25,15.5,ascending,282.6975
61.25,15.75,ascending,282.68597
61.25,16.0,ascending,282.585
61.25,16.25,ascending,282.0675
61.25,16.5,ascending,279.39334
61.25,16.75,ascending,273.358
61.25,17.0,ascending,258.6225
61.25,17.25,ascending,234.28598
61.25,17.5,ascending,210.03749
61.25,17.75,ascending,196.04749
61.25,18.0,ascending,189.21599
61.25,18.25,ascending,186.98999
61.25,18.5,ascending,186.5275
61.25,18.75,ascending,186.37
61.25,19.0,ascending,186.11124
61.25,19.25,ascending,186.04764
61.25,19.5,ascending,186.13467
61.25,19.75,ascending,186.22186
61.25,20.0,ascending,186.36
61.25,20.25,ascending,186.75784
61.25,20.5,ascending,187.79375
61.25,20.75,ascending,190.99333
61.25,21.0,ascending,198.91635
61.25,21.25,ascending,212.41333
61.25,21.5,ascending,233.545
61.25,21.75,ascending,249.89845
61.25,22.0,ascending,262.16855
61.25,22.25,ascending,272.35
61.25,22.5,ascending,276.37
61.25,22.75,ascending,278.401
61.25,23.0,ascending,278.39615
61.25,23.25,ascending,277.4046
61.25,23.5,ascending,275.1218
61.25,23.75,ascending,272.60083
61.25,24.0,ascending,270.83914
61.25,24.25,ascending,268.94333
61.25,24.5,ascending,267.38428
61.25,24.75,ascending,266.06467
61.25,25.0,ascending,264.35562
61.25,25.25,ascending,243.45384
61.25,25.5,ascending,210.45932
61.25,25.75,ascending,263.92233
61.25,26.0,ascending,264.71524
61.25,26.25,ascending,264.74667
61.25,26.5,ascending,263.926
61.25,26.75,ascending,265.034
61.25,27.0,ascending,266.005
61.25,27.25,ascending,265.85333
61.25,27.5,ascending,263.84665
61.25,27.75,ascending,261.176
61.25,28.0,ascending,255.99199
61.25,28.25,ascending,253.3425
61.25,28.5,ascending,251.1275
61.25,28.75,ascending,254.99666
61.25,29.0,ascending,259.53333
61.25,29.25,ascending,264.25
61.25,29.5,ascending,265.96667
61.25,29.75,ascending,263.83798
61.25,30.0,ascending,256.43997
61.25,30.25,ascending,244.84499
61.25,30.5,ascending,232.4175
61.25,30.75,ascending,219.285
61.25,31.0,ascending,209.0875
61.25,31.25,ascending,201.98
61.25,31.5,ascending,204.548
61.25,31.75,ascending,212.7475
61.25,32.0,ascending,227.34799
61.25,32.25,ascending,244.09999
61.25,32.5,ascending,255.45598
61.25,32.75,ascending,268.2225
61.25,33.0,ascending,272.1925
61.25,33.25,ascending,273.255
61.25,33.5,ascending,273.104
61.25,33.75,ascending,273.40332
61.25,34.0,ascending,273.45798
61.25,34.25,ascending,272.8825
61.25,34.5,ascending,270.8675
61.25,34.75,ascending,264.414
61.25,35.0,ascending,257.45334
61.25,35.25,ascending,241.53
61.25,35.5,ascending,229.165
61.25,35.75,ascending,209.975
61.25,36.0,ascending,205.8325
61.25,36.25,ascending,213.56665
61.25,36.5,ascending,234.3225
61.25,36.75,ascending,254.022
61.25,37.0,ascending,268.28
61.25,37.25,ascending,271.63748
61.25,37.5,ascending,272.81598
61.25,37.75,ascending,273.43668
61.25,38.0,ascending,273.755
61.5,-13.0,ascending,187.03
61.5,-12.75,ascending,186.89499
61.5,-12.5,ascending,186.73332
61.5,-12.25,ascending,186.76799
61.5,-12.0,ascending,187.038
61.5,-11.75,ascending,187.45332
61.5,-11.5,ascending,187.75499
61.5,-11.25,ascending,188.01
61.5,-11.0,ascending,188.63199
61.5,-10.75,ascending,189.2025
61.5,-10.5,ascending,189.67
61.5,-10.25,ascending,189.5675
61.5,-10.0,ascending,189.2125
61.5,-9.75,ascending,188.888
61.5,-9.5,ascending,188.9725
61.5,-9.25,ascending,189.022
61.5,-9.0,ascending,188.785
61.5,-8.75,ascending,188.148
61.5,-8.5,ascending,187.7125
61.5,-8.25,ascending,187.478
61.5,-8.0,ascending,187.9975
61.5,-7.75,ascending,188.805
61.5,-7.5,ascending,192.004
61.5,-7.25,ascending,194.64
61.5,-7.0,ascending,198.412
61.5,-6.75,ascending,198.97
61.5,-6.5,ascending,195.826
61.5,-6.25,ascending,191.424
61.5,-6.0,ascending,189.70181
61.5,-5.75,ascending,188.86765
61.5,-5.5,ascending,188.548
61.5,-5.25,ascending,188.59438
61.5,-5.0,ascending,188.80142
61.5,-4.75,ascending,189.00562
61.5,-4.5,ascending,189.06929
61.5,-4.25,ascending,188.95384
61.5,-4.0,ascending,188.78539
61.5,-3.75,ascending,188.69908
61.5,-3.5,ascending,188.61333
61.5,-3.25,ascending,188.47667
61.5,-3.0,ascending,188.29584
61.5,-2.75,ascending,188.09583
61.5,-2.5,ascending,187.92
61.5,-2.25,ascending,187.8023
61.5,-2.0,ascending,187.79384
61.5,-1.75,ascending,187.66417
61.5,-1.5,ascending,187.58833
61.5,-1.25,ascending,187.46916
61.5,-1.0,ascending,187.32924
61.5,-0.75,ascending,187.20273
61.5,-0.5,ascending,186.99466
61.5,-0.25,ascending,186.82538
61.5,0.0,ascending,186.73286
61.5,0.25,ascending,186.65562
61.5,0.5,ascending,186.53499
61.5,0.75,ascending,186.47063
61.5,1.0,ascending,186.43411
61.5,1.25,ascending,186.36334
61.5,1.5,ascending,186.36765
61.5,1.75,ascending,186.78833
61.5,2.0,ascending,93.485
61.5,2.25,ascending,150.126
61.5,2.5,ascending,188.47333
61.5,2.75,ascending,189.4475
61.5,3.0,ascending,190.7025
61.5,3.25,ascending,192.32199
61.5,3.5,ascending,193.6825
61.5,3.75,ascending,195.96399
61.5,4.0,ascending,198.22499
61.5,4.25,ascending,201.436
61.5,4.5,ascending,206.255
61.5,4.75,ascending,213.51001
61.5,5.0,ascending,222.795
61.5,5.25,ascending,235.09
61.5,5.5,ascending,245.814
61.5,5.75,ascending,254.3675
61.5,6.0,ascending,259.266
61.5,6.25,ascending,261.65
61.5,6.5,ascending,262.86667
61.5,6.75,ascending,263.09198
61.5,7.0,ascending,263.4225
61.5,7.25,ascending,263.6
61.5,7.5,ascending,263.83
61.5,7.75,ascending,263.9775
61.5,8.0,ascending,264.12997
61.5,8.25,ascending,264.21335
61.5,8.5,ascending,264.4675
61.5,8.75,ascending,265.45
61.5,9.0,ascending,266.93997
61.5,9.25,ascending,269.33398
61.5,9.5,ascending,272.1975
61.5,9.75,ascending,274.16998
61.5,10.0,ascending,275.8025
61.5,10.25,ascending,277.086
61.5,10.5,ascending,278.895
61.5,10.75,ascending,280.2675
61.5,11.0,ascending,281.10333
61.5,11.25,ascending,280.97998
61.5,11.5,ascending,280.2725
61.5,11.75,ascending,279.565
61.5,12.0,ascending,279.0925
61.5,12.25,ascending,278.754
61.5,12.5,ascending,279.77
61.5,12.75,ascending,281.642
61.5,13.0,ascending,282.3275
61.5,13.25,ascending,282.90997
61.5,13.5,ascending,283.3867
61.5,13.75,ascending,284.44998
61.5,14.0,ascending,285.28748
61.5,14.25,ascending,285.098
61.5,14.5,ascending,284.70502
61.5,14.75,ascending,284.00998
61.5,15.0,ascending,283.8
61.5,15.25,ascending,283.5775
61.5,15.5,ascending,283.55
61.5,15.75,ascending,283.5575
61.5,16.0,ascending,283.13998
61.5,16.25,ascending,282.03497
61.5,16.5,ascending,279.642
61.5,16.75,ascending,274.6875
61.5,17.0,ascending,264.34497
61.5,17.25,ascending,243.95401
61.5,17.5,ascending,215.656
61.5,17.75,ascending,198.3375
61.5,18.0,ascending,190.15
61.5,18.25,ascending,187.298
61.5,18.5,ascending,186.816
61.5,18.75,ascending,186.69499
61.5,19.0,ascending,186.41052
61.5,19.25,ascending,186.344
61.5,19.5,ascending,186.34933
61.5,19.75,ascending,186.40768
61.5,20.0,ascending,186.48232
61.5,20.25,ascending,186.81467
61.5,20.5,ascending,187.87614
61.5,20.75,ascending,190.84132
61.5,21.0,ascending,198.52333
61.5,21.25,ascending,208.89
61.5,21.5,ascending,227.46909
61.5,21.75,ascending,244.7409
61.5,22.0,ascending,260.64417
61.5,22.25,ascending,268.71
61.5,22.5,ascending,274.82083
61.5,22.75,ascending,277.24307
61.5,23.0,ascending,277.00497
61.5,23.25,ascending,275.00415
61.5,23.5,ascending,272.63583
61.5,23.75,ascending,270.535
61.5,24.0,ascending,269.20923
61.5,24.25,ascending,268.228
61.5,24.5,ascending,267.28265
61.5,24.75,ascending,265.6469
61.5,25.0,ascending,222.58153
61.5,25.25,ascending,225.99733
61.5,25.5,ascending,259.40375
61.5,25.75,ascending,260.20276
61.5,26.0,ascending,261.2525
61.5,26.25,ascending,262.01715
61.5,26.5,ascending,262.38
61.5,26.75,ascending,262.84
61.5,27.0,ascending,263.00168
61.5,27.25,ascending,261.92
61.5,27.5,ascending,260.65802
61.5,27.75,ascending,258.72833
61.5,28.0,ascending,256.16998
61.5,28.25,ascending,255.42749
61.5,28.5,ascending,256.45834
61.5,28.75,ascending,258.79666
61.5,29.0,ascending,259.68832
61.5,29.25,ascending,260.74
61.5,29.5,ascending,260.146
61.5,29.75,ascending,259.33398
61.5,30.0,ascending,256.188
61.5,30.25,ascending,250.56001
61.5,30.5,ascending,245.45999
61.5,30.75,ascending,237.57999
61.5,31.0,ascending,230.67499
61.5,31.25,ascending,229.72249
61.5,31.5,ascending,240.46399
61.5,31.75,ascending,253.6375
61.5,32.0,ascending,258.725
61.5,32.25,ascending,267.62332
61.5,32.5,ascending,272.54498
61.5,32.75,ascending,273.37668
61.5,33.0,ascending,272.22
61.5,33.25,ascending,269.60248
61.5,33.5,ascending,269.4275
61.5,33.75,ascending,270.695
61.5,34.0,ascending,271.77
61.5,34.25,ascending,269.85748
61.5,34.5,ascending,261.5225
61.5,34.75,ascending,251.43
61.5,35.0,ascending,234.53667
61.5,35.25,ascending,216.58333
61.5,35.5,ascending,207.80249
61.5,35.75,ascending,202.33
61.5,36.0,ascending,207.80249
61.5,36.25,ascending,223.56499
61.5,36.5,ascending,249.474
61.5,36.75,ascending,263.26666
61.5,37.0,ascending,270.204
61.5,37.25,ascending,272.8075
61.5,37.5,ascending,273.3975
61.5,37.75,ascending,273.7425
61.5,38.0,ascending,273.53333
61.75,-13.0,ascending,187.19
61.75,-12.75,ascending,187.14333
61.75,-12.5,ascending,186.95999
61.75,-12.25,ascending,187.2775
61.75,-12.0,ascending,187.62
61.75,-11.75,ascending,188.02667
61.75,-11.5,ascending,188.332
61.75,-11.25,ascending,188.5125
61.75,-11.0,ascending,188.998
61.75,-10.75,ascending,189.47
61.75,-10.5,ascending,189.7775
61.75,-10.25,ascending,189.685
61.75,-10.0,ascending,189.375
61.75,-9.75,ascending,189.2475
61.75,-9.5,ascending,189.42499
61.75,-9.25,ascending,189.7975
61.75,-9.0,ascending,189.61398
61.75,-8.75,ascending,189.1075
61.75,-8.5,ascending,188.66399
61.75,-8.25,ascending,188.545
61.75,-8.0,ascending,188.88998
61.75,-7.75,ascending,190.982
61.75,-7.5,ascending,196.66333
61.75,-7.25,ascending,201.11198
61.75,-7.0,ascending,206.2775
61.75,-6.75,ascending,205.278
61.75,-6.5,ascending,199.04167
61.75,-6.25,ascending,193.59999
61.75,-6.0,ascending,191.4
61.75,-5.75,ascending,189.88066
61.75,-5.5,ascending,189.13333
61.75,-5.25,ascending,188.4493
61.75,-5.0,ascending,188.45357
61.75,-4.75,ascending,188.49857
61.75,-4.5,ascending,188.57846
61.75,-4.25,ascending,188.48856
61.75,-4.0,ascending,188.42818
61.75,-3.75,ascending,188.37091
61.75,-3.5,ascending,188.375
61.75,-3.25,ascending,188.36363
61.75,-3.0,ascending,188.30083
61.75,-2.75,ascending,188.15454
61.75,-2.5,ascending,187.943
61.75,-2.25,ascending,187.74916
61.75,-2.0,ascending,187.59499
61.75,-1.75,ascending,187.54167
61.75,-1.5,ascending,187.43272
61.75,-1.25,ascending,187.30415
61.75,-1.0,ascending,187.19666
61.75,-0.75,ascending,187.00916
61.75,-0.5,ascending,186.80923
61.75,-0.25,ascending,186.6
61.75,0.0,ascending,186.40213
61.75,0.25,ascending,186.22307
61.75,0.5,ascending,186.16867
61.75,0.75,ascending,186.17285
61.75,1.0,ascending,186.20125
61.75,1.25,ascending,186.237
61.75,1.5,ascending,186.27693
61.75,1.75,ascending,186.625
61.75,2.0,ascending,187.024
61.75,2.25,ascending,125.04
61.75,2.5,ascending,62.836666
61.75,2.75,ascending,189.23749
61.75,3.0,ascending,190.64333
61.75,3.25,ascending,191.96333
61.75,3.5,ascending,193.65
61.75,3.75,ascending,195.3775
61.75,4.0,ascending,197.232
61.75,4.25,ascending,199.85333
61.75,4.5,ascending,203.09
61.75,4.75,ascending,209.3575
61.75,5.0,ascending,217.6175
61.75,5.25,ascending,228.0925
61.75,5.5,ascending,237.4975
61.75,5.75,ascending,248.354
61.75,6.0,ascending,252.80666
61.75,6.25,ascending,257.635
61.75,6.5,ascending,259.636
61.75,6.75,ascending,261.305
61.75,7.0,ascending,262.38
61.75,7.25,ascending,262.93997
61.75,7.5,ascending,263.418
61.75,7.75,ascending,263.85498
61.75,8.0,ascending,264.4425
61.75,8.25,ascending,264.995
61.75,8.5,ascending,265.835
61.75,8.75,ascending,266.9225
61.75,9.0,ascending,268.435
61.75,9.25,ascending,270.59
61.75,9.5,ascending,272.448
61.75,9.75,ascending,273.9325
61.75,10.0,ascending,274.9675
61.75,10.25,ascending,276.6033
61.75,10.5,ascending,278.44
61.75,10.75,ascending,280.275
61.75,11.0,ascending,280.78198
61.75,11.25,ascending,280.08334
61.75,11.5,ascending,278.50665
61.75,11.75,ascending,276.556
61.75,12.0,ascending,274.6325
61.75,12.25,ascending,275.37332
61.75,12.5,ascending,277.145
61.75,12.75,ascending,279.72
61.75,13.0,ascending,281.1275
61.75,13.25,ascending,282.4875
61.75,13.5,ascending,283.52664
61.75,13.75,ascending,284.15802
61.75,14.0,ascending,284.3775
61.75,14.25,ascending,283.594
61.75,14.5,ascending,283.27
61.75,14.75,ascending,283.0
61.75,15.0,ascending,283.112
61.75,15.25,ascending,283.1925
61.75,15.5,ascending,283.556
61.75,15.75,ascending,283.505
61.75,16.0,ascending,283.094
61.75,16.25,ascending,282.0275
61.75,16.5,ascending,280.11
61.75,16.75,ascending,276.2425
61.75,17.0,ascending,268.035
61.75,17.25,ascending,250.478
61.75,17.5,ascending,224.1025
61.75,17.75,ascending,204.424
61.75,18.0,ascending,192.4675
61.75,18.25,ascending,189.19875
61.75,18.5,ascending,188.03764
61.75,18.75,ascending,187.17294
61.75,19.0,ascending,186.79466
61.75,19.25,ascending,186.58865
61.75,19.5,ascending,186.5657
61.75,19.75,ascending,186.54141
61.75,20.0,ascending,186.70134
61.75,20.25,ascending,187.16
61.75,20.5,ascending,188.65999
61.75,20.75,ascending,193.00092
61.75,21.0,ascending,199.10083
61.75,21.25,ascending,211.67691
61.75,21.5,ascending,228.88213
61.75,21.75,ascending,250.10817
61.75,22.0,ascending,260.8
61.75,22.25,ascending,272.4
61.75,22.5,ascending,276.40833
61.75,22.75,ascending,278.85333
61.75,23.0,ascending,278.09915
61.75,23.25,ascending,276.7383
61.75,23.5,ascending,274.67142
61.75,23.75,ascending,272.63583
61.75,24.0,ascending,271.88
61.75,24.25,ascending,272.45847
61.75,24.5,ascending,272.1046
61.75,24.75,ascending,208.42845
61.75,25.0,ascending,268.0557
61.75,25.25,ascending,264.98428
61.75,25.5,ascending,263.59875
61.75,25.75,ascending,262.9341
61.75,26.0,ascending,263.0858
61.75,26.25,ascending,262.536
61.75,26.5,ascending,262.208
61.75,26.75,ascending,262.15
61.75,27.0,ascending,262.6
61.75,27.25,ascending,263.04
61.75,27.5,ascending,264.09198
61.75,27.75,ascending,265.22665
61.75,28.0,ascending,264.6975
61.75,28.25,ascending,262.97
61.75,28.5,ascending,260.91666
61.75,28.75,ascending,258.36
61.75,29.0,ascending,254.2425
61.75,29.25,ascending,253.92749
61.75,29.5,ascending,253.01
61.75,29.75,ascending,254.14998
61.75,30.0,ascending,254.9525
61.75,30.25,ascending,255.81
61.75,30.5,ascending,257.68
61.75,30.75,ascending,257.22
61.75,31.0,ascending,256.41202
61.75,31.25,ascending,261.746
61.75,31.5,ascending,265.54333
61.75,31.75,ascending,269.53748
61.75,32.0,ascending,273.42
61.75,32.25,ascending,274.616
61.75,32.5,ascending,274.005
61.75,32.75,ascending,272.22336
61.75,33.0,ascending,269.36798
61.75,33.25,ascending,266.14334
61.75,33.5,ascending,266.668
61.75,33.75,ascending,268.7825
61.75,34.0,ascending,268.68332
61.75,34.25,ascending,263.47498
61.75,34.5,ascending,250.7775
61.75,34.75,ascending,235.64499
61.75,35.0,ascending,221.83249
61.75,35.25,ascending,211.01749
61.75,35.5,ascending,207.576
61.75,35.75,ascending,214.68333
61.75,36.0,ascending,225.19499
61.75,36.25,ascending,242.6375
61.75,36.5,ascending,261.22998
61.75,36.75,ascending,268.62
61.75,37.0,ascending,271.00665
61.75,37.25,ascending,272.0475
61.75,37.5,ascending,273.21
61.75,37.75,ascending,273.5225
61.75,38.0,ascending,273.11
62.0,-13.0,ascending,187.525
62.0,-12.75,ascending,187.48999
62.0,-12.5,ascending,187.435
62.0,-12.25,ascending,187.83249
62.0,-12.0,ascending,188.28499
62.0,-11.75,ascending,188.70749
62.0,-11.5,ascending,189.08798
62.0,-11.25,ascending,189.08249
62.0,-11.0,ascending,189.372
62.0,-10.75,ascending,189.60999
62.0,-10.5,ascending,189.855
62.0,-10.25,ascending,189.90799
62.0,-10.0,ascending,189.7625
62.0,-9.75,ascending,189.94
62.0,-9.5,ascending,190.20401
62.0,-9.25,ascending,190.83
62.0,-9.0,ascending,190.65999
62.0,-8.75,ascending,190.54
62.0,-8.5,ascending,189.9975
62.0,-8.25,ascending,190.1
62.0,-8.0,ascending,190.3675
62.0,-7.75,ascending,192.93399
62.0,-7.5,ascending,197.81198
62.0,-7.25,ascending,206.226
62.0,-7.0,ascending,211.61499
62.0,-6.75,ascending,208.74416
62.0,-6.5,ascending,202.83167
62.0,-6.25,ascending,197.62411
62.0,-6.0,ascending,194.20786
62.0,-5.75,ascending,192.06929
62.0,-5.5,ascending,190.25642
62.0,-5.25,ascending,189.29845
62.0,-5.0,ascending,188.46
62.0,-4.75,ascending,188.42714
62.0,-4.5,ascending,188.36082
62.0,-4.25,ascending,188.26334
62.0,-4.0,ascending,188.10667
62.0,-3.75,ascending,188.01
62.0,-3.5,ascending,187.97583
62.0,-3.25,ascending,187.97636
62.0,-3.0,ascending,188.02
62.0,-2.75,ascending,187.97499
62.0,-2.5,ascending,187.86
62.0,-2.25,ascending,187.75455
62.0,-2.0,ascending,187.61728
62.0,-1.75,ascending,187.52748
62.0,-1.5,ascending,187.46
62.0,-1.25,ascending,187.35667
62.0,-1.0,ascending,187.17076
62.0,-0.75,ascending,186.97266
62.0,-0.5,ascending,186.72076
62.0,-0.25,ascending,186.43785
62.0,0.0,ascending,186.20692
62.0,0.25,ascending,186.06866
62.0,0.5,ascending,185.97786
62.0,0.75,ascending,185.96889
62.0,1.0,ascending,185.9925
62.0,1.25,ascending,186.00749
62.0,1.5,ascending,186.18333
62.0,1.75,ascending,186.61398
62.0,2.0,ascending,186.96832
62.0,2.25,ascending,187.41667
62.0,2.5,ascending,188.0
62.0,2.75,ascending,94.53666
62.0,3.0,ascending,126.91333
62.0,3.25,ascending,191.974
62.0,3.5,ascending,193.755
62.0,3.75,ascending,195.512
62.0,4.0,ascending,197.125
62.0,4.25,ascending,198.868
62.0,4.5,ascending,201.55249
62.0,4.75,ascending,205.5925
62.0,5.0,ascending,212.11499
62.0,5.25,ascending,220.03598
62.0,5.5,ascending,227.5925
62.0,5.75,ascending,236.1175
62.0,6.0,ascending,244.1875
62.0,6.25,ascending,248.805
62.0,6.5,ascending,251.986
62.0,6.75,ascending,255.94331
62.0,7.0,ascending,257.8
62.0,7.25,ascending,260.16
62.0,7.5,ascending,261.81598
62.0,7.75,ascending,262.89664
62.0,8.0,ascending,263.83
62.0,8.25,ascending,264.986
62.0,8.5,ascending,265.88333
62.0,8.75,ascending,266.7675
62.0,9.0,ascending,268.172
62.0,9.25,ascending,269.1825
62.0,9.5,ascending,270.59
62.0,9.75,ascending,271.942
62.0,10.0,ascending,273.9375
62.0,10.25,ascending,276.206
62.0,10.5,ascending,278.00665
62.0,10.75,ascending,279.285
62.0,11.0,ascending,279.3925
62.0,11.25,ascending,278.2675
62.0,11.5,ascending,276.07
62.0,11.75,ascending,273.17667
62.0,12.0,ascending,271.385
62.0,12.25,ascending,272.595
62.0,12.5,ascending,274.48798
62.0,12.75,ascending,277.595
62.0,13.0,ascending,279.93332
62.0,13.25,ascending,281.76
62.0,13.5,ascending,282.945
62.0,13.75,ascending,283.598
62.0,14.0,ascending,283.57
62.0,14.25,ascending,283.09497
62.0,14.5,ascending,282.822
62.0,14.75,ascending,282.56
62.0,15.0,ascending,282.36398
62.0,15.25,ascending,282.14252
62.0,15.5,ascending,282.6875
62.0,15.75,ascending,283.008
62.0,16.0,ascending,282.91998
62.0,16.25,ascending,282.53497
62.0,16.5,ascending,281.51398
62.0,16.75,ascending,279.335
62.0,17.0,ascending,273.326
62.0,17.25,ascending,259.97748
62.0,17.5,ascending,234.99399
62.0,17.75,ascending,214.2275
62.0,18.0,ascending,199.57274
62.0,18.25,ascending,193.35999
62.0,18.5,ascending,190.18666
62.0,18.75,ascending,188.41278
62.0,19.0,ascending,187.29666
62.0,19.25,ascending,186.95923
62.0,19.5,ascending,186.86154
62.0,19.75,ascending,186.84637
62.0,20.0,ascending,186.98787
62.0,20.25,ascending,187.64365
62.0,20.5,ascending,189.74908
62.0,20.75,ascending,194.46844
62.0,21.0,ascending,206.1123
62.0,21.25,ascending,223.54749
62.0,21.5,ascending,238.63571
62.0,21.75,ascending,255.1623
62.0,22.0,ascending,266.31857
62.0,22.25,ascending,275.16153
62.0,22.5,ascending,279.97357
62.0,22.75,ascending,281.0554
62.0,23.0,ascending,281.19617
62.0,23.25,ascending,279.78833
62.0,23.5,ascending,278.0175
62.0,23.75,ascending,275.75693
62.0,24.0,ascending,274.33713
62.0,24.25,ascending,224.14545
62.0,24.5,ascending,234.84427
62.0,24.75,ascending,273.7225
62.0,25.0,ascending,272.43533
62.0,25.25,ascending,270.3583
62.0,25.5,ascending,268.1275
62.0,25.75,ascending,267.45175
62.0,26.0,ascending,267.55093
62.0,26.25,ascending,267.39832
62.0,26.5,ascending,266.72797
62.0,26.75,ascending,266.86996
62.0,27.0,ascending,266.96
62.0,27.25,ascending,267.86
62.0,27.5,ascending,268.14398
62.0,27.75,ascending,267.66
62.0,28.0,ascending,265.88333
62.0,28.25,ascending,262.1133
62.0,28.5,ascending,257.50668
62.0,28.75,ascending,254.1825
62.0,29.0,ascending,252.565
62.0,29.25,ascending,252.53201
62.0,29.5,ascending,252.09999
62.0,29.75,ascending,252.418
62.0,30.0,ascending,254.70248
62.0,30.25,ascending,259.55
62.0,30.5,ascending,264.55
62.0,30.75,ascending,267.33002
62.0,31.0,ascending,270.0075
62.0,31.25,ascending,271.5325
62.0,31.5,ascending,272.36667
62.0,31.75,ascending,273.48398
62.0,32.0,ascending,274.0925
62.0,32.25,ascending,273.84198
62.0,32.5,ascending,272.67667
62.0,32.75,ascending,270.9925
62.0,33.0,ascending,268.352
62.0,33.25,ascending,267.6925
62.0,33.5,ascending,267.76248
62.0,33.75,ascending,267.9025
62.0,34.0,ascending,264.85748
62.0,34.25,ascending,258.60248
62.0,34.5,ascending,247.6975
62.0,34.75,ascending,236.95798
62.0,35.0,ascending,227.92249
62.0,35.25,ascending,226.26999
62.0,35.5,ascending,224.43333
62.0,35.75,ascending,228.528
62.0,36.0,ascending,239.74333
62.0,36.25,ascending,255.125
62.0,36.5,ascending,265.5825
62.0,36.75,ascending,268.292
62.0,37.0,ascending,268.53665
62.0,37.25,ascending,269.148
62.0,37.5,ascending,272.1175
62.0,37.75,ascending,273.94
62.0,38.0,ascending,274.01498
62.25,-13.0,ascending,187.965
62.25,-12.75,ascending,187.85999
62.25,-12.5,ascending,187.91333
62.25,-12.25,ascending,188.34999
62.25,-12.0,ascending,188.885
62.25,-11.75,ascending,189.38
62.25,-11.5,ascending,189.76
62.25,-11.25,ascending,189.73
62.25,-11.0,ascending,189.77666
62.25,-10.75,ascending,189.7475
62.25,-10.5,ascending,189.89
62.25,-10.25,ascending,190.066
62.25,-10.0,ascending,190.155
62.25,-9.75,ascending,190.23
62.25,-9.5,ascending,190.55399
62.25,-9.25,ascending,190.78749
62.25,-9.0,ascending,190.95749
62.25,-8.75,ascending,190.915
62.25,-8.5,ascending,191.04199
62.25,-8.25,ascending,191.18
62.25,-8.0,ascending,191.122
62.25,-7.75,ascending,192.045
62.25,-7.5,ascending,195.35999
62.25,-7.25,ascending,200.55713
62.25,-7.0,ascending,207.73428
62.25,-6.75,ascending,208.86066
62.25,-6.5,ascending,206.57117
62.25,-6.25,ascending,203.28786
62.25,-6.0,ascending,198.21933
62.25,-5.75,ascending,195.01
62.25,-5.5,ascending,191.77155
62.25,-5.25,ascending,189.97667
62.25,-5.0,ascending,189.15201
62.25,-4.75,ascending,188.69214
62.25,-4.5,ascending,188.29637
62.25,-4.25,ascending,188.19635
62.25,-4.0,ascending,188.124
62.25,-3.75,ascending,187.96643
62.25,-3.5,ascending,187.82909
62.25,-3.25,ascending,187.725
62.25,-3.0,ascending,187.64908
62.25,-2.75,ascending,187.623
62.25,-2.5,ascending,187.60384
62.25,-2.25,ascending,187.58727
62.25,-2.0,ascending,187.55833
62.25,-1.75,ascending,187.53082
62.25,-1.5,ascending,187.47427
62.25,-1.25,ascending,187.33998
62.25,-1.0,ascending,187.18584
62.25,-0.75,ascending,186.96748
62.25,-0.5,ascending,186.70583
62.25,-0.25,ascending,186.43916
62.25,0.0,ascending,187.29
62.25,0.25,ascending,185.99643
62.25,0.5,ascending,185.93
62.25,0.75,ascending,185.886
62.25,1.0,ascending,185.85648
62.25,1.25,ascending,185.87367
62.25,1.5,ascending,186.18
62.25,1.75,ascending,186.49666
62.25,2.0,ascending,186.8525
62.25,2.25,ascending,187.25334
62.25,2.5,ascending,187.90167
62.25,2.75,ascending,188.7
62.25,3.0,ascending,151.93199
62.25,3.25,ascending,95.8275
62.25,3.5,ascending,154.894
62.25,3.75,ascending,195.14
62.25,4.0,ascending,196.05249
62.25,4.25,ascending,197.165
62.25,4.5,ascending,198.6225
62.25,4.75,ascending,201.1375
62.25,5.0,ascending,204.524
62.25,5.25,ascending,209.09999
62.25,5.5,ascending,214.7775
62.25,5.75,ascending,221.27666
62.25,6.0,ascending,228.346
62.25,6.25,ascending,233.434
62.25,6.5,ascending,240.37
62.25,6.75,ascending,247.30334
62.25,7.0,ascending,250.38249
62.25,7.25,ascending,254.41667
62.25,7.5,ascending,257.595
62.25,7.75,ascending,260.09665
62.25,8.0,ascending,261.51666
62.25,8.25,ascending,263.17398
62.25,8.5,ascending,264.5825
62.25,8.75,ascending,265.26
62.25,9.0,ascending,265.91998
62.25,9.25,ascending,267.07
62.25,9.5,ascending,268.98248
62.25,9.75,ascending,270.87
62.25,10.0,ascending,272.905
62.25,10.25,ascending,274.87668
62.25,10.5,ascending,276.41748
62.25,10.75,ascending,277.3775
62.25,11.0,ascending,277.17334
62.25,11.25,ascending,275.66998
62.25,11.5,ascending,273.89334
62.25,11.75,ascending,271.09998
62.25,12.0,ascending,269.78
62.25,12.25,ascending,270.2675
62.25,12.5,ascending,272.1875
62.25,12.75,ascending,275.66666
62.25,13.0,ascending,278.374
62.25,13.25,ascending,280.4575
62.25,13.5,ascending,282.04498
62.25,13.75,ascending,282.86002
62.25,14.0,ascending,283.175
62.25,14.25,ascending,282.5625
62.25,14.5,ascending,282.3075
62.25,14.75,ascending,281.51498
62.25,15.0,ascending,280.73666
62.25,15.25,ascending,280.344
62.25,15.5,ascending,281.175
62.25,15.75,ascending,282.1525
62.25,16.0,ascending,282.454
62.25,16.25,ascending,282.4375
62.25,16.5,ascending,281.9025
62.25,16.75,ascending,280.9725
62.25,17.0,ascending,277.79498
62.25,17.25,ascending,269.2975
62.25,17.5,ascending,247.54857
62.25,17.75,ascending,224.49307
62.25,18.0,ascending,211.63293
62.25,18.25,ascending,201.625
62.25,18.5,ascending,195.77144
62.25,18.75,ascending,191.02614
62.25,19.0,ascending,188.80293
62.25,19.25,ascending,187.61182
62.25,19.5,ascending,187.27538
62.25,19.75,ascending,187.15636
62.25,20.0,ascending,187.24928
62.25,20.25,ascending,188.063
62.25,20.5,ascending,190.96582
62.25,20.75,ascending,197.81909
62.25,21.0,ascending,210.4409
62.25,21.25,ascending,227.2291
62.25,21.5,ascending,244.84908
62.25,21.75,ascending,260.1709
62.25,22.0,ascending,271.6191
62.25,22.25,ascending,279.07
62.25,22.5,ascending,282.65726
62.25,22.75,ascending,283.63727
62.25,23.0,ascending,283.1783
62.25,23.25,ascending,281.73666
62.25,23.5,ascending,280.197
62.25,23.75,ascending,255.34583
62.25,24.0,ascending,231.395
62.25,24.25,ascending,251.46909
62.25,24.5,ascending,276.4123
62.25,24.75,ascending,276.08734
62.25,25.0,ascending,275.3146
62.25,25.25,ascending,274.07922
62.25,25.5,ascending,271.82248
62.25,25.75,ascending,269.4388
62.25,26.0,ascending,268.3332
62.25,26.25,ascending,270.04666
62.25,26.5,ascending,268.968
62.25,26.75,ascending,268.53998
62.25,27.0,ascending,267.902
62.25,27.25,ascending,267.95
62.25,27.5,ascending,267.49667
62.25,27.75,ascending,265.39398
62.25,28.0,ascending,262.49667
62.25,28.25,ascending,259.464
62.25,28.5,ascending,257.65
62.25,28.75,ascending,256.3225
62.25,29.0,ascending,256.166
62.25,29.25,ascending,255.02666
62.25,29.5,ascending,253.33199
62.25,29.75,ascending,253.4175
62.25,30.0,ascending,256.9375
62.25,30.25,ascending,262.33667
62.25,30.5,ascending,267.63998
62.25,30.75,ascending,271.55667
62.25,31.0,ascending,273.3325
62.25,31.25,ascending,273.44333
62.25,31.5,ascending,273.01398
62.25,31.75,ascending,272.9225
62.25,32.0,ascending,273.15
62.25,32.25,ascending,273.60602
62.25,32.5,ascending,273.425
62.25,32.75,ascending,272.75
62.25,33.0,ascending,271.87
62.25,33.25,ascending,271.16666
62.25,33.5,ascending,270.0125
62.25,33.75,ascending,267.235
62.25,34.0,ascending,262.5925
62.25,34.25,ascending,256.195
62.25,34.5,ascending,251.2
62.25,34.75,ascending,246.32666
62.25,35.0,ascending,241.39499
62.25,35.25,ascending,239.46333
62.25,35.5,ascending,236.658
62.25,35.75,ascending,242.435
62.25,36.0,ascending,251.1025
62.25,36.25,ascending,261.565
62.25,36.5,ascending,267.9175
62.25,36.75,ascending,267.39334
62.25,37.0,ascending,266.85
62.25,37.25,ascending,269.1375
62.25,37.5,ascending,272.7375
62.25,37.75,ascending,275.43332
62.25,38.0,ascending,275.41
62.5,-13.0,ascending,188.33
62.5,-12.75,ascending,188.48999
62.5,-12.5,ascending,188.5275
62.5,-12.25,ascending,188.748
62.5,-12.0,ascending,189.13
62.5,-11.75,ascending,189.575
62.5,-11.5,ascending,190.0325
62.5,-11.25,ascending,190.135
62.5,-11.0,ascending,189.94199
62.5,-10.75,ascending,189.6925
62.5,-10.5,ascending,189.65
62.5,-10.25,ascending,189.6675
62.5,-10.0,ascending,189.872
62.5,-9.75,ascending,189.7225
62.5,-9.5,ascending,189.73749
62.5,-9.25,ascending,189.905
62.5,-9.0,ascending,189.952
62.5,-8.75,ascending,190.5025
62.5,-8.5,ascending,190.82999
62.5,-8.25,ascending,191.04
62.5,-8.0,ascending,190.915
62.5,-7.75,ascending,190.81999
62.5,-7.5,ascending,191.846
62.5,-7.25,ascending,194.086
62.5,-7.0,ascending,196.275
62.5,-6.75,ascending,196.6375
62.5,-6.5,ascending,196.29001
62.5,-6.25,ascending,195.80666
62.5,-6.0,ascending,194.37285
62.5,-5.75,ascending,191.58545
62.5,-5.5,ascending,190.24199
62.5,-5.25,ascending,188.98364
62.5,-5.0,ascending,188.527
62.5,-4.75,ascending,188.09856
62.5,-4.5,ascending,187.7425
62.5,-4.25,ascending,187.704
62.5,-4.0,ascending,187.70091
62.5,-3.75,ascending,187.686
62.5,-3.5,ascending,187.68538
62.5,-3.25,ascending,187.53769
62.5,-3.0,ascending,187.395
62.5,-2.75,ascending,187.29153
62.5,-2.5,ascending,187.23726
62.5,-2.25,ascending,187.22928
62.5,-2.0,ascending,187.24924
62.5,-1.75,ascending,187.27701
62.5,-1.5,ascending,187.235
62.5,-1.25,ascending,187.1609
62.5,-1.0,ascending,187.03152
62.5,-0.75,ascending,186.87917
62.5,-0.5,ascending,186.66142
62.5,-0.25,ascending,186.3946
62.5,0.0,ascending,187.38866
62.5,0.25,ascending,186.05466
62.5,0.5,ascending,185.91383
62.5,0.75,ascending,185.8247
62.5,1.0,ascending,185.7563
62.5,1.25,ascending,185.78157
62.5,1.5,ascending,186.305
62.5,1.75,ascending,186.52249
62.5,2.0,ascending,186.81
62.5,2.25,ascending,187.168
62.5,2.5,ascending,187.72499
62.5,2.75,ascending,188.5275
62.5,3.0,ascending,189.68799
62.5,3.25,ascending,190.8675
62.5,3.5,ascending,143.8425
62.5,3.75,ascending,116.12999
62.5,4.0,ascending,145.9375
62.5,4.25,ascending,195.2425
62.5,4.5,ascending,196.185
62.5,4.75,ascending,197.23
62.5,5.0,ascending,198.525
62.5,5.25,ascending,202.038
62.5,5.5,ascending,204.27332
62.5,5.75,ascending,209.066
62.5,6.0,ascending,213.4225
62.5,6.25,ascending,219.04
62.5,6.5,ascending,228.33333
62.5,6.75,ascending,234.126
62.5,7.0,ascending,240.89
62.5,7.25,ascending,245.52332
62.5,7.5,ascending,249.16199
62.5,7.75,ascending,254.39499
62.5,8.0,ascending,258.15
62.5,8.25,ascending,259.36
62.5,8.5,ascending,261.24
62.5,8.75,ascending,262.615
62.5,9.0,ascending,264.5575
62.5,9.25,ascending,266.485
62.5,9.5,ascending,268.7125
62.5,9.75,ascending,270.926
62.5,10.0,ascending,272.97
62.5,10.25,ascending,274.646
62.5,10.5,ascending,275.47
62.5,10.75,ascending,275.6625
62.5,11.0,ascending,274.96
62.5,11.25,ascending,274.05002
62.5,11.5,ascending,272.82748
62.5,11.75,ascending,270.72397
62.5,12.0,ascending,269.20248
62.5,12.25,ascending,269.54333
62.5,12.5,ascending,271.735
62.5,12.75,ascending,274.20248
62.5,13.0,ascending,276.546
62.5,13.25,ascending,278.51
62.5,13.5,ascending,280.1725
62.5,13.75,ascending,281.065
62.5,14.0,ascending,281.80997
62.5,14.25,ascending,280.75
62.5,14.5,ascending,279.426
62.5,14.75,ascending,278.94
62.5,15.0,ascending,278.12
62.5,15.25,ascending,278.53665
62.5,15.5,ascending,279.585
62.5,15.75,ascending,280.9775
62.5,16.0,ascending,281.53998
62.5,16.25,ascending,281.684
62.5,16.5,ascending,281.2975
62.5,16.75,ascending,280.792
62.5,17.0,ascending,278.44333
62.5,17.25,ascending,268.13333
62.5,17.5,ascending,255.38799
62.5,17.75,ascending,244.44437
62.5,18.0,ascending,231.60875
62.5,18.25,ascending,216.18846
62.5,18.5,ascending,206.32498
62.5,18.75,ascending,197.485
62.5,19.0,ascending,192.57999
62.5,19.25,ascending,189.99117
62.5,19.5,ascending,188.28363
62.5,19.75,ascending,187.778
62.5,20.0,ascending,187.72333
62.5,20.25,ascending,188.80182
62.5,20.5,ascending,192.75455
62.5,20.75,ascending,201.30453
62.5,21.0,ascending,216.53749
62.5,21.25,ascending,236.65273
62.5,21.5,ascending,254.00816
62.5,21.75,ascending,265.327
62.5,22.0,ascending,275.51614
62.5,22.25,ascending,281.15637
62.5,22.5,ascending,283.384
62.5,22.75,ascending,284.52585
62.5,23.0,ascending,284.12546
62.5,23.25,ascending,231.84726
62.5,23.5,ascending,235.25417
62.5,23.75,ascending,259.33307
62.5,24.0,ascending,279.7192
62.5,24.25,ascending,278.965
62.5,24.5,ascending,278.26062
62.5,24.75,ascending,277.3583
62.5,25.0,ascending,275.735
62.5,25.25,ascending,273.1
62.5,25.5,ascending,271.37766
62.5,25.75,ascending,269.23895
62.5,26.0,ascending,267.31686
62.5,26.25,ascending,267.6133
62.5,26.5,ascending,265.558
62.5,26.75,ascending,264.675
62.5,27.0,ascending,263.7525
62.5,27.25,ascending,263.666
62.5,27.5,ascending,262.916
62.5,27.75,ascending,261.91333
62.5,28.0,ascending,260.285
62.5,28.25,ascending,258.935
62.5,28.5,ascending,258.325
62.5,28.75,ascending,257.96198
62.5,29.0,ascending,257.8
62.5,29.25,ascending,256.968
62.5,29.5,ascending,256.47748
62.5,29.75,ascending,256.3633
62.5,30.0,ascending,259.64398
62.5,30.25,ascending,264.5325
62.5,30.5,ascending,268.9275
62.5,30.75,ascending,271.56
62.5,31.0,ascending,272.1475
62.5,31.25,ascending,271.84
62.5,31.5,ascending,272.01202
62.5,31.75,ascending,273.25333
62.5,32.0,ascending,274.3425
62.5,32.25,ascending,274.882
62.5,32.5,ascending,274.37668
62.5,32.75,ascending,273.54248
62.5,33.0,ascending,272.516
62.5,33.25,ascending,271.6
62.5,33.5,ascending,269.60748
62.5,33.75,ascending,266.91333
62.5,34.0,ascending,263.34247
62.5,34.25,ascending,260.52
62.5,34.5,ascending,256.3
62.5,34.75,ascending,251.35999
62.5,35.0,ascending,246.01999
62.5,35.25,ascending,244.52249
62.5,35.5,ascending,246.55249
62.5,35.75,ascending,253.5625
62.5,36.0,ascending,262.0075
62.5,36.25,ascending,268.6875
62.5,36.5,ascending,271.1475
62.5,36.75,ascending,270.42
62.5,37.0,ascending,270.502
62.5,37.25,ascending,272.08
62.5,37.5,ascending,274.6
62.5,37.75,ascending,276.216
62.5,38.0,ascending,276.685
62.75,-13.0,ascending,189.095
62.75,-12.75,ascending,189.3275
62.75,-12.5,ascending,189.136
62.75,-12.25,ascending,189.02666
62.75,-12.0,ascending,189.04333
62.75,-11.75,ascending,189.4475
62.75,-11.5,ascending,189.6825
62.75,-11.25,ascending,189.8175
62.75,-11.0,ascending,189.6975
62.75,-10.75,ascending,189.308
62.75,-10.5,ascending,189.17749
62.75,-10.25,ascending,189.11249
62.75,-10.0,ascending,189.226
62.75,-9.75,ascending,189.13249
62.75,-9.5,ascending,189.1175
62.75,-9.25,ascending,189.165
62.75,-9.0,ascending,189.26999
62.75,-8.75,ascending,189.7275
62.75,-8.5,ascending,189.94
62.75,-8.25,ascending,190.26749
62.75,-8.0,ascending,190.17778
62.75,-7.75,ascending,190.72691
62.75,-7.5,ascending,190.73466
62.75,-7.25,ascending,190.75215
62.75,-7.0,ascending,190.66785
62.75,-6.75,ascending,190.73154
62.75,-6.5,ascending,190.24538
62.75,-6.25,ascending,189.64383
62.75,-6.0,ascending,189.15251
62.75,-5.75,ascending,188.49571
62.75,-5.5,ascending,188.03416
62.75,-5.25,ascending,187.76399
62.75,-5.0,ascending,187.58545
62.75,-4.75,ascending,187.42181
62.75,-4.5,ascending,187.32832
62.75,-4.25,ascending,187.298
62.75,-4.0,ascending,187.39583
62.75,-3.75,ascending,187.50908
62.75,-3.5,ascending,187.53183
62.75,-3.25,ascending,187.426
62.75,-3.0,ascending,187.204
62.75,-2.75,ascending,186.99727
62.75,-2.5,ascending,186.87453
62.75,-2.25,ascending,186.829
62.75,-2.0,ascending,186.85083
62.75,-1.75,ascending,186.9791
62.75,-1.5,ascending,186.95091
62.75,-1.25,ascending,186.87666
62.75,-1.0,ascending,186.74727
62.75,-0.75,ascending,186.64818
62.75,-0.5,ascending,186.46251
62.75,-0.25,ascending,186.32153
62.75,0.0,ascending,187.82437
62.75,0.25,ascending,185.98769
62.75,0.5,ascending,185.915
62.75,0.75,ascending,185.82785
62.75,1.0,ascending,185.79349
62.75,1.25,ascending,185.65141
62.75,1.5,ascending,186.255
62.75,1.75,ascending,186.39333
62.75,2.0,ascending,186.54
62.75,2.25,ascending,186.9
62.75,2.5,ascending,187.46999
62.75,2.75,ascending,188.052
62.75,3.0,ascending,188.81
62.75,3.25,ascending,189.84334
62.75,3.5,ascending,190.70749
62.75,3.75,ascending,191.935
62.75,4.0,ascending,144.715
62.75,4.25,ascending,97.13249
62.75,4.5,ascending,117.26599
62.75,4.75,ascending,196.28667
62.75,5.0,ascending,197.5125
62.75,5.25,ascending,198.98999
62.75,5.5,ascending,200.958
62.75,5.75,ascending,203.63666
62.75,6.0,ascending,206.51
62.75,6.25,ascending,212.29
62.75,6.5,ascending,217.03
62.75,6.75,ascending,221.926
62.75,7.0,ascending,227.81
62.75,7.25,ascending,232.67749
62.75,7.5,ascending,238.824
62.75,7.75,ascending,245.93333
62.75,8.0,ascending,248.106
62.75,8.25,ascending,250.43666
62.75,8.5,ascending,255.00998
62.75,8.75,ascending,259.65997
62.75,9.0,ascending,263.26248
62.75,9.25,ascending,266.70334
62.75,9.5,ascending,268.8875
62.75,9.75,ascending,271.37668
62.75,10.0,ascending,273.22998
62.75,10.25,ascending,274.44998
62.75,10.5,ascending,274.9075
62.75,10.75,ascending,274.352
62.75,11.0,ascending,273.51
62.75,11.25,ascending,272.87
62.75,11.5,ascending,271.992
62.75,11.75,ascending,270.76
62.75,12.0,ascending,269.28998
62.75,12.25,ascending,269.3425
62.75,12.5,ascending,270.4225
62.75,12.75,ascending,272.19
62.75,13.0,ascending,274.1325
62.75,13.25,ascending,276.04666
62.75,13.5,ascending,277.84665
62.75,13.75,ascending,279.27
62.75,14.0,ascending,278.71002
62.75,14.25,ascending,277.33
62.75,14.5,ascending,274.54248
62.75,14.75,ascending,274.91
62.75,15.0,ascending,276.03
62.75,15.25,ascending,277.455
62.75,15.5,ascending,278.63
62.75,15.75,ascending,280.1775
62.75,16.0,ascending,281.1425
62.75,16.25,ascending,281.585
62.75,16.5,ascending,281.6575
62.75,16.75,ascending,280.42572
62.75,17.0,ascending,276.516
62.75,17.25,ascending,275.61124
62.75,17.5,ascending,270.57352
62.75,17.75,ascending,261.5554
62.75,18.0,ascending,252.95285
62.75,18.25,ascending,237.98634
62.75,18.5,ascending,224.02141
62.75,18.75,ascending,211.18001
62.75,19.0,ascending,202.88615
62.75,19.25,ascending,195.33272
62.75,19.5,ascending,192.04167
62.75,19.75,ascending,189.33272
62.75,20.0,ascending,188.52818
62.75,20.25,ascending,188.9209
62.75,20.5,ascending,191.83691
62.75,20.75,ascending,198.74777
62.75,21.0,ascending,210.93182
62.75,21.25,ascending,227.74199
62.75,21.5,ascending,247.124
62.75,21.75,ascending,262.177
62.75,22.0,ascending,272.568
62.75,22.25,ascending,279.79272
62.75,22.5,ascending,283.02084
62.75,22.75,ascending,226.82199
62.75,23.0,ascending,231.81544
62.75,23.25,ascending,282.66092
62.75,23.5,ascending,282.1446
62.75,23.75,ascending,281.56454
62.75,24.0,ascending,280.8633
62.75,24.25,ascending,279.60666
62.75,24.5,ascending,277.955
62.75,24.75,ascending,276.12714
62.75,25.0,ascending,273.985
62.75,25.25,ascending,271.46213
62.75,25.5,ascending,269.035
62.75,25.75,ascending,266.36652
62.75,26.0,ascending,264.82083
62.75,26.25,ascending,263.1575
62.75,26.5,ascending,261.274
62.75,26.75,ascending,259.97333
62.75,27.0,ascending,260.28665
62.75,27.25,ascending,260.59665
62.75,27.5,ascending,260.5825
62.75,27.75,ascending,259.62997
62.75,28.0,ascending,258.46
62.75,28.25,ascending,257.8025
62.75,28.5,ascending,259.33398
62.75,28.75,ascending,261.0
62.75,29.0,ascending,262.366
62.75,29.25,ascending,264.0175
62.75,29.5,ascending,263.62
62.75,29.75,ascending,262.5875
62.75,30.0,ascending,263.45248
62.75,30.25,ascending,265.15747
62.75,30.5,ascending,267.055
62.75,30.75,ascending,268.615
62.75,31.0,ascending,269.9375
62.75,31.25,ascending,271.53748
62.75,31.5,ascending,273.4
62.75,31.75,ascending,274.815
62.75,32.0,ascending,274.645
62.75,32.25,ascending,273.25
62.75,32.5,ascending,271.8675
62.75,32.75,ascending,270.82
62.75,33.0,ascending,270.68
62.75,33.25,ascending,270.32748
62.75,33.5,ascending,268.3425
62.75,33.75,ascending,265.85498
62.75,34.0,ascending,263.8033
62.75,34.25,ascending,261.28998
62.75,34.5,ascending,259.48334
62.75,34.75,ascending,256.22998
62.75,35.0,ascending,253.96799
62.75,35.25,ascending,254.67668
62.75,35.5,ascending,258.53497
62.75,35.75,ascending,266.62
62.75,36.0,ascending,271.14
62.75,36.25,ascending,274.01
62.75,36.5,ascending,274.6125
62.75,36.75,ascending,274.03198
62.75,37.0,ascending,273.88
62.75,37.25,ascending,274.41998
62.75,37.5,ascending,275.542
62.75,37.75,ascending,276.1225
62.75,38.0,ascending,276.26498
63.0,-13.0,ascending,189.755
63.0,-12.75,ascending,189.696
63.0,-12.5,ascending,189.31
63.0,-12.25,ascending,189.0
63.0,-12.0,ascending,188.92749
63.0,-11.75,ascending,189.01799
63.0,-11.5,ascending,189.0375
63.0,-11.25,ascending,189.03499
63.0,-11.0,ascending,189.005
63.0,-10.75,ascending,188.84799
63.0,-10.5,ascending,188.905
63.0,-10.25,ascending,188.95749
63.0,-10.0,ascending,188.9975
63.0,-9.75,ascending,189.0275
63.0,-9.5,ascending,189.12
63.0,-9.25,ascending,189.165
63.0,-9.0,ascending,189.25
63.0,-8.75,ascending,189.308
63.0,-8.5,ascending,189.41249
63.0,-8.25,ascending,189.40298
63.0,-8.0,ascending,189.41124
63.0,-7.75,ascending,189.62
63.0,-7.5,ascending,189.71823
63.0,-7.25,ascending,189.81
63.0,-7.0,ascending,189.71571
63.0,-6.75,ascending,189.71727
63.0,-6.5,ascending,189.16501
63.0,-6.25,ascending,188.49272
63.0,-6.0,ascending,188.01817
63.0,-5.75,ascending,187.82187
63.0,-5.5,ascending,187.39183
63.0,-5.25,ascending,187.26181
63.0,-5.0,ascending,187.1709
63.0,-4.75,ascending,187.076
63.0,-4.5,ascending,187.02
63.0,-4.25,ascending,186.98898
63.0,-4.0,ascending,187.051
63.0,-3.75,ascending,187.14099
63.0,-3.5,ascending,187.23363
63.0,-3.25,ascending,187.17915
63.0,-3.0,ascending,187.03363
63.0,-2.75,ascending,186.81332
63.0,-2.5,ascending,186.67271
63.0,-2.25,ascending,186.60362
63.0,-2.0,ascending,186.595
63.0,-1.75,ascending,186.67415
63.0,-1.5,ascending,186.70499
63.0,-1.25,ascending,186.61182
63.0,-1.0,ascending,186.49924
63.0,-0.75,ascending,186.40929
63.0,-0.5,ascending,186.34143
63.0,-0.25,ascending,186.267
63.0,0.0,ascending,186.18153
63.0,0.25,ascending,186.08571
63.0,0.5,ascending,185.97943
63.0,0.75,ascending,185.8847
63.0,1.0,ascending,185.80647
63.0,1.25,ascending,185.782
63.0,1.5,ascending,186.005
63.0,1.75,ascending,186.09001
63.0,2.0,ascending,186.34799
63.0,2.25,ascending,186.685
63.0,2.5,ascending,187.15498
63.0,2.75,ascending,187.77998
63.0,3.0,ascending,188.418
63.0,3.25,ascending,189.26999
63.0,3.5,ascending,190.33
63.0,3.75,ascending,191.23
63.0,4.0,ascending,192.5025
63.0,4.25,ascending,194.03
63.0,4.5,ascending,195.5625
63.0,4.75,ascending,98.4
63.0,5.0,ascending,98.81
63.0,5.25,ascending,159.11398
63.0,5.5,ascending,199.42499
63.0,5.75,ascending,201.07498
63.0,6.0,ascending,203.54
63.0,6.25,ascending,206.97499
63.0,6.5,ascending,210.19199
63.0,6.75,ascending,213.43999
63.0,7.0,ascending,216.50749
63.0,7.25,ascending,219.565
63.0,7.5,ascending,224.47
63.0,7.75,ascending,229.63249
63.0,8.0,ascending,230.63335
63.0,8.25,ascending,237.415
63.0,8.5,ascending,244.96999
63.0,8.75,ascending,251.6225
63.0,9.0,ascending,258.615
63.0,9.25,ascending,263.8675
63.0,9.5,ascending,267.065
63.0,9.75,ascending,268.65497
63.0,10.0,ascending,269.66248
63.0,10.25,ascending,270.655
63.0,10.5,ascending,270.255
63.0,10.75,ascending,270.67334
63.0,11.0,ascending,270.572
63.0,11.25,ascending,271.1875
63.0,11.5,ascending,271.85498
63.0,11.75,ascending,271.22665
63.0,12.0,ascending,270.43597
63.0,12.25,ascending,269.6325
63.0,12.5,ascending,269.935
63.0,12.75,ascending,270.7333
63.0,13.0,ascending,272.7525
63.0,13.25,ascending,274.09497
63.0,13.5,ascending,275.6375
63.0,13.75,ascending,276.6575
63.0,14.0,ascending,275.192
63.0,14.25,ascending,272.9475
63.0,14.5,ascending,271.78998
63.0,14.75,ascending,273.5975
63.0,15.0,ascending,276.624
63.0,15.25,ascending,278.5025
63.0,15.5,ascending,279.39252
63.0,15.75,ascending,280.335
63.0,16.0,ascending,281.112
63.0,16.25,ascending,282.0525
63.0,16.5,ascending,281.249
63.0,16.75,ascending,280.33685
63.0,17.0,ascending,280.1206
63.0,17.25,ascending,279.82144
63.0,17.5,ascending,278.27692
63.0,17.75,ascending,274.6325
63.0,18.0,ascending,268.04538
63.0,18.25,ascending,257.73077
63.0,18.5,ascending,248.10333
63.0,18.75,ascending,233.34181
63.0,19.0,ascending,220.6843
63.0,19.25,ascending,209.27545
63.0,19.5,ascending,201.064
63.0,19.75,ascending,195.39923
63.0,20.0,ascending,191.1275
63.0,20.25,ascending,190.219
63.0,20.5,ascending,191.444
63.0,20.75,ascending,195.57909
63.0,21.0,ascending,204.17818
63.0,21.25,ascending,216.75182
63.0,21.5,ascending,233.02998
63.0,21.75,ascending,250.965
63.0,22.0,ascending,238.66998
63.0,22.25,ascending,216.556
63.0,22.5,ascending,230.6725
63.0,22.75,ascending,280.60364
63.0,23.0,ascending,280.91144
63.0,23.25,ascending,281.175
63.0,23.5,ascending,280.4075
63.0,23.75,ascending,280.09232
63.0,24.0,ascending,280.235
63.0,24.25,ascending,279.8123
63.0,24.5,ascending,278.57306
63.0,24.75,ascending,276.32532
63.0,25.0,ascending,273.63235
63.0,25.25,ascending,270.62686
63.0,25.5,ascending,268.252
63.0,25.75,ascending,267.2965
63.0,26.0,ascending,265.99222
63.0,26.25,ascending,263.852
63.0,26.5,ascending,262.96
63.0,26.75,ascending,262.98
63.0,27.0,ascending,263.82333
63.0,27.25,ascending,263.428
63.0,27.5,ascending,263.5
63.0,27.75,ascending,263.6133
63.0,28.0,ascending,263.96
63.0,28.25,ascending,264.675
63.0,28.5,ascending,266.66
63.0,28.75,ascending,268.22598
63.0,29.0,ascending,270.59
63.0,29.25,ascending,269.72665
63.0,29.5,ascending,267.15
63.0,29.75,ascending,262.71
63.0,30.0,ascending,260.72748
63.0,30.25,ascending,262.02
63.0,30.5,ascending,265.3075
63.0,30.75,ascending,269.0925
63.0,31.0,ascending,272.20502
63.0,31.25,ascending,274.0925
63.0,31.5,ascending,274.91748
63.0,31.75,ascending,274.4175
63.0,32.0,ascending,273.28333
63.0,32.25,ascending,271.86398
63.0,32.5,ascending,271.07
63.0,32.75,ascending,270.55667
63.0,33.0,ascending,269.7425
63.0,33.25,ascending,267.705
63.0,33.5,ascending,262.955
63.0,33.75,ascending,259.505
63.0,34.0,ascending,257.978
63.0,34.25,ascending,259.31332
63.0,34.5,ascending,261.12
63.0,34.75,ascending,260.648
63.0,35.0,ascending,260.21664
63.0,35.25,ascending,261.20248
63.0,35.5,ascending,265.48398
63.0,35.75,ascending,270.71335
63.0,36.0,ascending,273.935
63.0,36.25,ascending,275.31
63.0,36.5,ascending,275.456
63.0,36.75,ascending,275.20334
63.0,37.0,ascending,274.88
63.0,37.25,ascending,274.925
63.0,37.5,ascending,275.256
63.0,37.75,ascending,274.7225
63.0,38.0,ascending,274.925
63.25,-13.0,ascending,189.79
63.25,-12.75,ascending,189.70332
63.25,-12.5,ascending,189.48999
63.25,-12.25,ascending,189.285
63.25,-12.0,ascending,189.35599
63.25,-11.75,ascending,189.1925
63.25,-11.5,ascending,189.1575
63.25,-11.25,ascending,188.86499
63.25,-11.0,ascending,188.6975
63.25,-10.75,ascending,188.655
63.25,-10.5,ascending,188.825
63.25,-10.25,ascending,189.01999
63.25,-10.0,ascending,189.1675
63.25,-9.75,ascending,189.255
63.25,-9.5,ascending,189.522
63.25,-9.25,ascending,189.63249
63.25,-9.0,ascending,189.68
63.25,-8.75,ascending,189.65332
63.25,-8.5,ascending,189.8457
63.25,-8.25,ascending,189.59438
63.25,-8.0,ascending,189.46858
63.25,-7.75,ascending,189.30461
63.25,-7.5,ascending,189.22076
63.25,-7.25,ascending,189.06642
63.25,-7.0,ascending,188.95166
63.25,-6.75,ascending,188.72333
63.25,-6.5,ascending,188.44
63.25,-6.25,ascending,188.04666
63.25,-6.0,ascending,187.62001
63.25,-5.75,ascending,187.32666
63.25,-5.5,ascending,187.07785
63.25,-5.25,ascending,186.91182
63.25,-5.0,ascending,186.84181
63.25,-4.75,ascending,186.83624
63.25,-4.5,ascending,186.81273
63.25,-4.25,ascending,186.81728
63.25,-4.0,ascending,186.81084
63.25,-3.75,ascending,186.837
63.25,-3.5,ascending,186.87001
63.25,-3.25,ascending,186.881
63.25,-3.0,ascending,186.86084
63.25,-2.75,ascending,186.76999
63.25,-2.5,ascending,186.65909
63.25,-2.25,ascending,186.56999
63.25,-2.0,ascending,186.48
63.25,-1.75,ascending,186.52583
63.25,-1.5,ascending,186.52614
63.25,-1.25,ascending,186.51082
63.25,-1.0,ascending,186.50092
63.25,-0.75,ascending,186.46544
63.25,-0.5,ascending,186.44415
63.25,-0.25,ascending,186.37999
63.25,0.0,ascending,186.29538
63.25,0.25,ascending,186.14313
63.25,0.5,ascending,186.01857
63.25,0.75,ascending,185.92133
63.25,1.0,ascending,185.83524
63.25,1.25,ascending,185.77666
63.25,1.5,ascending,185.806
63.25,1.75,ascending,185.98
63.25,2.0,ascending,186.18799
63.25,2.25,ascending,186.5025
63.25,2.5,ascending,186.98
63.25,2.75,ascending,187.45401
63.25,3.0,ascending,188.0425
63.25,3.25,ascending,188.82666
63.25,3.5,ascending,189.66399
63.25,3.75,ascending,190.75334
63.25,4.0,ascending,192.11398
63.25,4.25,ascending,193.59666
63.25,4.5,ascending,195.01
63.25,4.75,ascending,196.12334
63.25,5.0,ascending,196.808
63.25,5.25,ascending,131.33667
63.25,5.5,ascending,99.005
63.25,5.75,ascending,133.51332
63.25,6.0,ascending,151.9925
63.25,6.25,ascending,204.7775
63.25,6.5,ascending,206.035
63.25,6.75,ascending,206.8175
63.25,7.0,ascending,206.7475
63.25,7.25,ascending,207.26666
63.25,7.5,ascending,210.19199
63.25,7.75,ascending,213.9
63.25,8.0,ascending,217.7325
63.25,8.25,ascending,225.56
63.25,8.5,ascending,233.36499
63.25,8.75,ascending,242.67499
63.25,9.0,ascending,247.8375
63.25,9.25,ascending,253.26
63.25,9.5,ascending,254.47
63.25,9.75,ascending,256.37
63.25,10.0,ascending,259.90997
63.25,10.25,ascending,259.65
63.25,10.5,ascending,260.93332
63.25,10.75,ascending,263.08
63.25,11.0,ascending,264.714
63.25,11.25,ascending,268.10666
63.25,11.5,ascending,271.03
63.25,11.75,ascending,272.11002
63.25,12.0,ascending,271.94
63.25,12.25,ascending,271.1225
63.25,12.5,ascending,270.18
63.25,12.75,ascending,270.06998
63.25,13.0,ascending,270.85498
63.25,13.25,ascending,271.73248
63.25,13.5,ascending,273.85748
63.25,13.75,ascending,275.1525
63.25,14.0,ascending,274.38397
63.25,14.25,ascending,272.77002
63.25,14.5,ascending,274.025
63.25,14.75,ascending,276.4025
63.25,15.0,ascending,278.69
63.25,15.25,ascending,279.896
63.25,15.5,ascending,279.8675
63.25,15.75,ascending,279.82248
63.25,16.0,ascending,281.01443
63.25,16.25,ascending,281.30875
63.25,16.5,ascending,281.7775
63.25,16.75,ascending,281.94232
63.25,17.0,ascending,281.75385
63.25,17.25,ascending,281.45074
63.25,17.5,ascending,280.98154
63.25,17.75,ascending,279.555
63.25,18.0,ascending,276.90155
63.25,18.25,ascending,272.26917
63.25,18.5,ascending,267.192
63.25,18.75,ascending,258.253
63.25,19.0,ascending,248.85083
63.25,19.25,ascending,236.1391
63.25,19.5,ascending,222.98363
63.25,19.75,ascending,214.85555
63.25,20.0,ascending,204.32999
63.25,20.25,ascending,198.85545
63.25,20.5,ascending,195.36461
63.25,20.75,ascending,195.14583
63.25,21.0,ascending,198.662
63.25,21.25,ascending,182.79778
63.25,21.5,ascending,171.22699
63.25,21.75,ascending,202.51181
63.25,22.0,ascending,214.375
63.25,22.25,ascending,248.76384
63.25,22.5,ascending,260.7918
63.25,22.75,ascending,268.4791
63.25,23.0,ascending,275.8791
63.25,23.25,ascending,277.29544
63.25,23.5,ascending,278.93402
63.25,23.75,ascending,279.52182
63.25,24.0,ascending,279.94916
63.25,24.25,ascending,280.15768
63.25,24.5,ascending,279.74924
63.25,24.75,ascending,278.10364
63.25,25.0,ascending,276.46143
63.25,25.25,ascending,273.54187
63.25,25.5,ascending,271.7394
63.25,25.75,ascending,270.98798
63.25,26.0,ascending,270.22
63.25,26.25,ascending,269.214
63.25,26.5,ascending,269.2425
63.25,26.75,ascending,269.2075
63.25,27.0,ascending,269.75
63.25,27.25,ascending,269.88748
63.25,27.5,ascending,270.0525
63.25,27.75,ascending,270.8325
63.25,28.0,ascending,272.21335
63.25,28.25,ascending,271.8975
63.25,28.5,ascending,273.558
63.25,28.75,ascending,274.02335
63.25,29.0,ascending,272.4325
63.25,29.25,ascending,269.245
63.25,29.5,ascending,264.25
63.25,29.75,ascending,260.55
63.25,30.0,ascending,262.6775
63.25,30.25,ascending,266.15665
63.25,30.5,ascending,270.12598
63.25,30.75,ascending,272.875
63.25,31.0,ascending,273.25665
63.25,31.25,ascending,273.418
63.25,31.5,ascending,273.29498
63.25,31.75,ascending,273.72998
63.25,32.0,ascending,274.235
63.25,32.25,ascending,273.9975
63.25,32.5,ascending,274.3975
63.25,32.75,ascending,272.1025
63.25,33.0,ascending,268.67
63.25,33.25,ascending,262.71
63.25,33.5,ascending,257.23666
63.25,33.75,ascending,254.155
63.25,34.0,ascending,255.39499
63.25,34.25,ascending,260.0525
63.25,34.5,ascending,261.16998
63.25,34.75,ascending,258.95334
63.25,35.0,ascending,254.92
63.25,35.25,ascending,256.73248
63.25,35.5,ascending,262.76666
63.25,35.75,ascending,269.29248
63.25,36.0,ascending,272.855
63.25,36.25,ascending,274.61002
63.25,36.5,ascending,274.13666
63.25,36.75,ascending,273.75
63.25,37.0,ascending,272.95
63.25,37.25,ascending,270.2025
63.25,37.5,ascending,270.306
63.25,37.75,ascending,270.97998
63.25,38.0,ascending,271.49
63.5,-13.0,ascending,189.82498
63.5,-12.75,ascending,189.845
63.5,-12.5,ascending,189.82999
63.5,-12.25,ascending,189.95
63.5,-12.0,ascending,190.276
63.5,-11.75,ascending,190.17
63.5,-11.5,ascending,189.875
63.5,-11.25,ascending,189.59334
63.5,-11.0,ascending,189.15999
63.5,-10.75,ascending,188.9425
63.5,-10.5,ascending,189.174
63.5,-10.25,ascending,189.2825
63.5,-10.0,ascending,189.57332
63.5,-9.75,ascending,189.7475
63.5,-9.5,ascending,190.1375
63.5,-9.25,ascending,190.355
63.5,-9.0,ascending,190.18286
63.5,-8.75,ascending,190.06705
63.5,-8.5,ascending,189.86998
63.5,-8.25,ascending,189.64845
63.5,-8.0,ascending,189.43768
63.5,-7.75,ascending,189.15083
63.5,-7.5,ascending,188.912
63.5,-7.25,ascending,188.79
63.5,-7.0,ascending,188.665
63.5,-6.75,ascending,188.41922
63.5,-6.5,ascending,188.149
63.5,-6.25,ascending,187.8209
63.5,-6.0,ascending,187.41
63.5,-5.75,ascending,187.146
63.5,-5.5,ascending,186.88332
63.5,-5.25,ascending,186.81665
63.5,-5.0,ascending,186.82166
63.5,-4.75,ascending,186.79749
63.5,-4.5,ascending,186.793
63.5,-4.25,ascending,186.849
63.5,-4.0,ascending,186.85889
63.5,-3.75,ascending,186.824
63.5,-3.5,ascending,186.819
63.5,-3.25,ascending,186.83777
63.5,-3.0,ascending,186.871
63.5,-2.75,ascending,186.91
63.5,-2.5,ascending,186.8607
63.5,-2.25,ascending,186.72833
63.5,-2.0,ascending,186.65285
63.5,-1.75,ascending,186.56667
63.5,-1.5,ascending,186.469
63.5,-1.25,ascending,186.52692
63.5,-1.0,ascending,186.53271
63.5,-0.75,ascending,186.55249
63.5,-0.5,ascending,186.53929
63.5,-0.25,ascending,186.4669
63.5,0.0,ascending,186.35071
63.5,0.25,ascending,186.19571
63.5,0.5,ascending,186.02234
63.5,0.75,ascending,185.92188
63.5,1.0,ascending,185.84094
63.5,1.25,ascending,185.64333
63.5,1.5,ascending,185.63335
63.5,1.75,ascending,185.67665
63.5,2.0,ascending,185.86665
63.5,2.25,ascending,186.20999
63.5,2.5,ascending,186.552
63.5,2.75,ascending,187.08
63.5,3.0,ascending,187.47499
63.5,3.25,ascending,188.172
63.5,3.5,ascending,189.03749
63.5,3.75,ascending,190.2025
63.5,4.0,ascending,191.4325
63.5,4.25,ascending,193.09799
63.5,4.5,ascending,194.25667
63.5,4.75,ascending,195.306
63.5,5.0,ascending,196.18666
63.5,5.25,ascending,197.225
63.5,5.5,ascending,198.705
63.5,5.75,ascending,200.45
63.5,6.0,ascending,151.2225
63.5,6.25,ascending,101.03999
63.5,6.5,ascending,152.01
63.5,6.75,ascending,101.34
63.5,7.0,ascending,201.17
63.5,7.25,ascending,201.2775
63.5,7.5,ascending,202.94499
63.5,7.75,ascending,204.1525
63.5,8.0,ascending,208.7
63.5,8.25,ascending,214.6075
63.5,8.5,ascending,222.5875
63.5,8.75,ascending,227.72
63.5,9.0,ascending,232.87
63.5,9.25,ascending,233.602
63.5,9.5,ascending,234.04999
63.5,9.75,ascending,239.99998
63.5,10.0,ascending,244.41998
63.5,10.25,ascending,251.6275
63.5,10.5,ascending,255.5125
63.5,10.75,ascending,258.735
63.5,11.0,ascending,261.91998
63.5,11.25,ascending,265.81998
63.5,11.5,ascending,268.88397
63.5,11.75,ascending,271.4575
63.5,12.0,ascending,272.86
63.5,12.25,ascending,272.4
63.5,12.5,ascending,270.628
63.5,12.75,ascending,268.78
63.5,13.0,ascending,268.305
63.5,13.25,ascending,269.0025
63.5,13.5,ascending,271.6825
63.5,13.75,ascending,273.985
63.5,14.0,ascending,274.60797
63.5,14.25,ascending,274.895
63.5,14.5,ascending,276.21
63.5,14.75,ascending,278.055
63.5,15.0,ascending,279.3375
63.5,15.25,ascending,278.95248
63.5,15.5,ascending,278.57712
63.5,15.75,ascending,279.3
63.5,16.0,ascending,279.4947
63.5,16.25,ascending,279.95
63.5,16.5,ascending,280.82874
63.5,16.75,ascending,281.25613
63.5,17.0,ascending,281.00427
63.5,17.25,ascending,280.6825
63.5,17.5,ascending,280.75092
63.5,17.75,ascending,280.55917
63.5,18.0,ascending,280.11002
63.5,18.25,ascending,279.15726
63.5,18.5,ascending,277.386
63.5,18.75,ascending,275.04666
63.5,19.0,ascending,270.71198
63.5,19.25,ascending,264.21362
63.5,19.5,ascending,255.95181
63.5,19.75,ascending,245.68546
63.5,20.0,ascending,233.61299
63.5,20.25,ascending,223.918
63.5,20.5,ascending,171.12
63.5,20.75,ascending,171.8125
63.5,21.0,ascending,181.43182
63.5,21.25,ascending,183.0646
63.5,21.5,ascending,197.73584
63.5,21.75,ascending,199.89111
63.5,22.0,ascending,205.2725
63.5,22.25,ascending,218.193
63.5,22.5,ascending,235.08636
63.5,22.75,ascending,250.32637
63.5,23.0,ascending,262.17902
63.5,23.25,ascending,272.17908
63.5,23.5,ascending,276.22165
63.5,23.75,ascending,279.2723
63.5,24.0,ascending,280.2125
63.5,24.25,ascending,281.0282
63.5,24.5,ascending,280.835
63.5,24.75,ascending,280.15427
63.5,25.0,ascending,279.18466
63.5,25.25,ascending,277.8181
63.5,25.5,ascending,276.58942
63.5,25.75,ascending,275.37
63.5,26.0,ascending,276.188
63.5,26.25,ascending,275.0925
63.5,26.5,ascending,275.27
63.5,26.75,ascending,274.88
63.5,27.0,ascending,275.232
63.5,27.25,ascending,276.1275
63.5,27.5,ascending,276.1325
63.5,27.75,ascending,275.94
63.5,28.0,ascending,276.10748
63.5,28.25,ascending,276.646
63.5,28.5,ascending,276.7333
63.5,28.75,ascending,276.0
63.5,29.0,ascending,274.0525
63.5,29.25,ascending,271.8775
63.5,29.5,ascending,269.675
63.5,29.75,ascending,270.935
63.5,30.0,ascending,272.83667
63.5,30.25,ascending,273.75998
63.5,30.5,ascending,273.5225
63.5,30.75,ascending,272.20334
63.5,31.0,ascending,271.016
63.5,31.25,ascending,270.7475
63.5,31.5,ascending,272.10666
63.5,31.75,ascending,274.41998
63.5,32.0,ascending,276.28665
63.5,32.25,ascending,276.9575
63.5,32.5,ascending,276.142
63.5,32.75,ascending,273.09665
63.5,33.0,ascending,269.016
63.5,33.25,ascending,264.3433
63.5,33.5,ascending,260.685
63.5,33.75,ascending,261.335
63.5,34.0,ascending,264.0675
63.5,34.25,ascending,263.5375
63.5,34.5,ascending,258.18665
63.5,34.75,ascending,252.96599
63.5,35.0,ascending,252.565
63.5,35.25,ascending,257.21664
63.5,35.5,ascending,263.4225
63.5,35.75,ascending,268.60248
63.5,36.0,ascending,271.57748
63.5,36.25,ascending,272.16748
63.5,36.5,ascending,267.6025
63.5,36.75,ascending,263.82748
63.5,37.0,ascending,257.35
63.5,37.25,ascending,255.74666
63.5,37.5,ascending,255.89333
63.5,37.75,ascending,260.3825
63.5,38.0,ascending,258.69
63.75,-13.0,ascending,190.475
63.75,-12.75,ascending,190.36499
63.75,-12.5,ascending,190.15
63.75,-12.25,ascending,190.30249
63.75,-12.0,ascending,190.64333
63.75,-11.75,ascending,190.76332
63.75,-11.5,ascending,190.5125
63.75,-11.25,ascending,190.2525
63.75,-11.0,ascending,189.89749
63.75,-10.75,ascending,189.725
63.75,-10.5,ascending,189.98749
63.75,-10.25,ascending,190.092
63.75,-10.0,ascending,190.41
63.75,-9.75,ascending,190.59666
63.75,-9.5,ascending,190.96555
63.75,-9.25,ascending,190.88072
63.75,-9.0,ascending,190.76334
63.75,-8.75,ascending,190.47874
63.75,-8.5,ascending,190.01143
63.75,-8.25,ascending,189.8725
63.75,-8.0,ascending,189.34384
63.75,-7.75,ascending,189.11333
63.75,-7.5,ascending,188.749
63.75,-7.25,ascending,188.62166
63.75,-7.0,ascending,188.47076
63.75,-6.75,ascending,188.172
63.75,-6.5,ascending,187.959
63.75,-6.25,ascending,187.54637
63.75,-6.0,ascending,187.29399
63.75,-5.75,ascending,187.06299
63.75,-5.5,ascending,186.89091
63.75,-5.25,ascending,186.86777
63.75,-5.0,ascending,186.846
63.75,-4.75,ascending,186.9109
63.75,-4.5,ascending,186.98099
63.75,-4.25,ascending,186.97691
63.75,-4.0,ascending,186.99416
63.75,-3.75,ascending,186.95332
63.75,-3.5,ascending,186.92749
63.75,-3.25,ascending,186.935
63.75,-3.0,ascending,186.97076
63.75,-2.75,ascending,187.02222
63.75,-2.5,ascending,187.01
63.75,-2.25,ascending,186.96777
63.75,-2.0,ascending,186.851
63.75,-1.75,ascending,186.73
63.75,-1.5,ascending,186.651
63.75,-1.25,ascending,186.59273
63.75,-1.0,ascending,186.57182
63.75,-0.75,ascending,186.61307
63.75,-0.5,ascending,186.53363
63.75,-0.25,ascending,186.48462
63.75,0.0,ascending,186.34499
63.75,0.25,ascending,186.18538
63.75,0.5,ascending,186.04941
63.75,0.75,ascending,185.9047
63.75,1.0,ascending,185.87143
63.75,1.25,ascending,185.69199
63.75,1.5,ascending,185.5775
63.75,1.75,ascending,185.54668
63.75,2.0,ascending,185.612
63.75,2.25,ascending,185.81999
63.75,2.5,ascending,186.09666
63.75,2.75,ascending,186.55249
63.75,3.0,ascending,186.9325
63.75,3.25,ascending,187.68
63.75,3.5,ascending,188.3175
63.75,3.75,ascending,189.11
63.75,4.0,ascending,190.245
63.75,4.25,ascending,191.55666
63.75,4.5,ascending,192.948
63.75,4.75,ascending,194.36333
63.75,5.0,ascending,195.896
63.75,5.25,ascending,197.43
63.75,5.5,ascending,198.435
63.75,5.75,ascending,199.0425
63.75,6.0,ascending,199.18
63.75,6.25,ascending,199.09
63.75,6.5,ascending,198.67499
63.75,6.75,ascending,198.70332
63.75,7.0,ascending,148.95
63.75,7.25,ascending,66.166664
63.75,7.5,ascending,149.48499
63.75,7.75,ascending,100.604996
63.75,8.0,ascending,162.532
63.75,8.25,ascending,208.26
63.75,8.5,ascending,211.2
63.75,8.75,ascending,215.23999
63.75,9.0,ascending,217.12999
63.75,9.25,ascending,215.86499
63.75,9.5,ascending,218.25
63.75,9.75,ascending,225.58249
63.75,10.0,ascending,237.02332
63.75,10.25,ascending,244.08249
63.75,10.5,ascending,252.5575
63.75,10.75,ascending,258.51666
63.75,11.0,ascending,262.15997
63.75,11.25,ascending,264.5225
63.75,11.5,ascending,267.8125
63.75,11.75,ascending,271.495
63.75,12.0,ascending,273.57748
63.75,12.25,ascending,273.4275
63.75,12.5,ascending,271.434
63.75,12.75,ascending,268.9225
63.75,13.0,ascending,267.505
63.75,13.25,ascending,267.9225
63.75,13.5,ascending,269.6225
63.75,13.75,ascending,271.78998
63.75,14.0,ascending,272.5825
63.75,14.25,ascending,273.5875
63.75,14.5,ascending,274.73798
63.75,14.75,ascending,276.2025
63.75,15.0,ascending,277.1825
63.75,15.25,ascending,276.60373
63.75,15.5,ascending,277.14188
63.75,15.75,ascending,276.9164
63.75,16.0,ascending,276.8425
63.75,16.25,ascending,277.25998
63.75,16.5,ascending,277.80197
63.75,16.75,ascending,278.73636
63.75,17.0,ascending,278.58832
63.75,17.25,ascending,278.742
63.75,17.5,ascending,279.06305
63.75,17.75,ascending,279.647
63.75,18.0,ascending,279.81363
63.75,18.25,ascending,279.99908
63.75,18.5,ascending,279.89
63.75,18.75,ascending,279.591
63.75,19.0,ascending,278.783
63.75,19.25,ascending,252.0809
63.75,19.5,ascending,212.26111
63.75,19.75,ascending,237.51749
63.75,20.0,ascending,218.21089
63.75,20.25,ascending,232.47272
63.75,20.5,ascending,244.18698
63.75,20.75,ascending,230.84001
63.75,21.0,ascending,215.34
63.75,21.25,ascending,203.64
63.75,21.5,ascending,197.16544
63.75,21.75,ascending,194.5411
63.75,22.0,ascending,193.92636
63.75,22.25,ascending,198.9775
63.75,22.5,ascending,206.12999
63.75,22.75,ascending,222.06699
63.75,23.0,ascending,237.57726
63.75,23.25,ascending,250.57909
63.75,23.5,ascending,263.79166
63.75,23.75,ascending,270.953
63.75,24.0,ascending,276.65714
63.75,24.25,ascending,280.73727
63.75,24.5,ascending,281.31918
63.75,24.75,ascending,281.95615
63.75,25.0,ascending,281.95667
63.75,25.25,ascending,282.04065
63.75,25.5,ascending,281.23895
63.75,25.75,ascending,280.63385
63.75,26.0,ascending,280.852
63.75,26.25,ascending,280.21667
63.75,26.5,ascending,279.80667
63.75,26.75,ascending,279.935
63.75,27.0,ascending,279.67
63.75,27.25,ascending,279.17667
63.75,27.5,ascending,278.8325
63.75,27.75,ascending,277.7425
63.75,28.0,ascending,276.7475
63.75,28.25,ascending,276.49332
63.75,28.5,ascending,276.518
63.75,28.75,ascending,276.42
63.75,29.0,ascending,276.1225
63.75,29.25,ascending,275.9925
63.75,29.5,ascending,275.72
63.75,29.75,ascending,275.83334
63.75,30.0,ascending,275.402
63.75,30.25,ascending,274.49332
63.75,30.5,ascending,273.33667
63.75,30.75,ascending,271.79
63.75,31.0,ascending,270.47
63.75,31.25,ascending,271.37668
63.75,31.5,ascending,273.14334
63.75,31.75,ascending,275.8033
63.75,32.0,ascending,277.1725
63.75,32.25,ascending,277.335
63.75,32.5,ascending,276.6033
63.75,32.75,ascending,274.336
63.75,33.0,ascending,271.96667
63.75,33.25,ascending,269.03497
63.75,33.5,ascending,267.66248
63.75,33.75,ascending,268.91333
63.75,34.0,ascending,269.72998
63.75,34.25,ascending,267.02
63.75,34.5,ascending,260.38397
63.75,34.75,ascending,259.06665
63.75,35.0,ascending,260.48666
63.75,35.25,ascending,262.3725
63.75,35.5,ascending,265.1375
63.75,35.75,ascending,265.87332
63.75,36.0,ascending,265.14252
63.75,36.25,ascending,260.23248
63.75,36.5,ascending,245.625
63.75,36.75,ascending,241.23665
63.75,37.0,ascending,235.21
63.75,37.25,ascending,229.31999
63.75,37.5,ascending,230.70749
63.75,37.75,ascending,237.25
63.75,38.0,ascending,239.495
64.0,-13.0,ascending,191.29
64.0,-12.75,ascending,190.98
64.0,-12.5,ascending,190.4925
64.0,-12.25,ascending,190.42499
64.0,-12.0,ascending,190.568
64.0,-11.75,ascending,190.7275
64.0,-11.5,ascending,190.65
64.0,-11.25,ascending,190.305
64.0,-11.0,ascending,190.1075
64.0,-10.75,ascending,190.1525
64.0,-10.5,ascending,190.435
64.0,-10.25,ascending,190.73
64.0,-10.0,ascending,190.86333
64.0,-9.75,ascending,191.01462
64.0,-9.5,ascending,191.284
64.0,-9.25,ascending,191.46693
64.0,-9.0,ascending,191.41364
64.0,-8.75,ascending,191.06778
64.0,-8.5,ascending,190.60306
64.0,-8.25,ascending,190.14499
64.0,-8.0,ascending,189.50084
64.0,-7.75,ascending,189.0311
64.0,-7.5,ascending,188.53166
64.0,-7.25,ascending,188.20714
64.0,-7.0,ascending,188.074
64.0,-6.75,ascending,187.86
64.0,-6.5,ascending,187.47182
64.0,-6.25,ascending,187.24222
64.0,-6.0,ascending,186.975
64.0,-5.75,ascending,186.7825
64.0,-5.5,ascending,186.78111
64.0,-5.25,ascending,186.842
64.0,-5.0,ascending,186.89111
64.0,-4.75,ascending,186.92429
64.0,-4.5,ascending,186.9357
64.0,-4.25,ascending,186.96332
64.0,-4.0,ascending,186.95285
64.0,-3.75,ascending,186.98444
64.0,-3.5,ascending,187.00832
64.0,-3.25,ascending,187.0211
64.0,-3.0,ascending,187.04666
64.0,-2.75,ascending,187.06667
64.0,-2.5,ascending,187.069
64.0,-2.25,ascending,187.06699
64.0,-2.0,ascending,186.985
64.0,-1.75,ascending,186.89099
64.0,-1.5,ascending,186.786
64.0,-1.25,ascending,186.73222
64.0,-1.0,ascending,186.6
64.0,-0.75,ascending,186.58363
64.0,-0.5,ascending,186.55077
64.0,-0.25,ascending,186.47777
64.0,0.0,ascending,186.38615
64.0,0.25,ascending,186.25613
64.0,0.5,ascending,186.13153
64.0,0.75,ascending,186.05937
64.0,1.0,ascending,185.999
64.0,1.25,ascending,185.98999
64.0,1.5,ascending,185.845
64.0,1.75,ascending,185.67
64.0,2.0,ascending,185.59
64.0,2.25,ascending,185.59999
64.0,2.5,ascending,185.77998
64.0,2.75,ascending,186.0675
64.0,3.0,ascending,186.48665
64.0,3.25,ascending,187.03333
64.0,3.5,ascending,187.6375
64.0,3.75,ascending,188.47333
64.0,4.0,ascending,189.19499
64.0,4.25,ascending,190.54333
64.0,4.5,ascending,191.51
64.0,4.75,ascending,193.2275
64.0,5.0,ascending,194.70332
64.0,5.25,ascending,196.06
64.0,5.5,ascending,196.46999
64.0,5.75,ascending,196.48999
64.0,6.0,ascending,196.935
64.0,6.25,ascending,197.02
64.0,6.5,ascending,197.17665
64.0,6.75,ascending,197.56
64.0,7.0,ascending,197.60333
64.0,7.25,ascending,197.90999
64.0,7.5,ascending,198.17249
64.0,7.75,ascending,199.11333
64.0,8.0,ascending,201.02998
64.0,8.25,ascending,67.86667
64.0,8.5,ascending,155.04
64.0,8.75,ascending,69.746666
64.0,9.0,ascending,138.94
64.0,9.25,ascending,157.0625
64.0,9.5,ascending,211.00667
64.0,9.75,ascending,217.29999
64.0,10.0,ascending,226.75499
64.0,10.25,ascending,238.27332
64.0,10.5,ascending,248.65332
64.0,10.75,ascending,256.06
64.0,11.0,ascending,260.755
64.0,11.25,ascending,263.70667
64.0,11.5,ascending,267.94666
64.0,11.75,ascending,271.255
64.0,12.0,ascending,273.0
64.0,12.25,ascending,273.13333
64.0,12.5,ascending,272.025
64.0,12.75,ascending,270.73334
64.0,13.0,ascending,268.87332
64.0,13.25,ascending,268.385
64.0,13.5,ascending,268.71335
64.0,13.75,ascending,269.84332
64.0,14.0,ascending,270.525
64.0,14.25,ascending,271.08334
64.0,14.5,ascending,272.49
64.0,14.75,ascending,273.44998
64.0,15.0,ascending,274.395
64.0,15.25,ascending,274.63416
64.0,15.5,ascending,274.55927
64.0,15.75,ascending,274.31927
64.0,16.0,ascending,274.43918
64.0,16.25,ascending,275.37778
64.0,16.5,ascending,276.13373
64.0,16.75,ascending,277.0069
64.0,17.0,ascending,277.195
64.0,17.25,ascending,277.395
64.0,17.5,ascending,277.91
64.0,17.75,ascending,278.5122
64.0,18.0,ascending,239.10143
64.0,18.25,ascending,248.2589
64.0,18.5,ascending,223.648
64.0,18.75,ascending,244.83499
64.0,19.0,ascending,223.974
64.0,19.25,ascending,280.22775
64.0,19.5,ascending,280.163
64.0,19.75,ascending,279.30698
64.0,20.0,ascending,277.67334
64.0,20.25,ascending,274.247
64.0,20.5,ascending,266.0543
64.0,20.75,ascending,253.21599
64.0,21.0,ascending,234.644
64.0,21.25,ascending,220.67125
64.0,21.5,ascending,207.60898
64.0,21.75,ascending,198.19667
64.0,22.0,ascending,193.39667
64.0,22.25,ascending,192.31332
64.0,22.5,ascending,194.177
64.0,22.75,ascending,198.422
64.0,23.0,ascending,206.99199
64.0,23.25,ascending,223.92
64.0,23.5,ascending,235.83615
64.0,23.75,ascending,253.87332
64.0,24.0,ascending,265.3325
64.0,24.25,ascending,273.44666
64.0,24.5,ascending,276.72
64.0,24.75,ascending,281.96545
64.0,25.0,ascending,281.39734
64.0,25.25,ascending,282.6369
64.0,25.5,ascending,282.7575
64.0,25.75,ascending,282.73776
64.0,26.0,ascending,282.7333
64.0,26.25,ascending,282.51
64.0,26.5,ascending,281.985
64.0,26.75,ascending,281.25665
64.0,27.0,ascending,279.945
64.0,27.25,ascending,276.4075
64.0,27.5,ascending,273.36667
64.0,27.75,ascending,272.41666
64.0,28.0,ascending,269.71335
64.0,28.25,ascending,271.9575
64.0,28.5,ascending,272.24332
64.0,28.75,ascending,274.1925
64.0,29.0,ascending,274.89334
64.0,29.25,ascending,275.02332
64.0,29.5,ascending,274.0575
64.0,29.75,ascending,273.9
64.0,30.0,ascending,273.56665
64.0,30.25,ascending,273.72748
64.0,30.5,ascending,273.6033
64.0,30.75,ascending,272.912
64.0,31.0,ascending,273.1825
64.0,31.25,ascending,274.13333
64.0,31.5,ascending,275.335
64.0,31.75,ascending,276.21997
64.0,32.0,ascending,276.03
64.0,32.25,ascending,275.03333
64.0,32.5,ascending,274.94998
64.0,32.75,ascending,273.97
64.0,33.0,ascending,272.72333
64.0,33.25,ascending,271.90332
64.0,33.5,ascending,271.47498
64.0,33.75,ascending,271.93665
64.0,34.0,ascending,271.72
64.0,34.25,ascending,269.68
64.0,34.5,ascending,267.57666
64.0,34.75,ascending,267.04498
64.0,35.0,ascending,265.59665
64.0,35.25,ascending,262.69666
64.0,35.5,ascending,258.83
64.0,35.75,ascending,250.33499
64.0,36.0,ascending,246.85999
64.0,36.25,ascending,236.59001
64.0,36.5,ascending,217.37666
64.0,36.75,ascending,214.1375
64.0,37.0,ascending,211.51749
64.0,37.25,ascending,210.7475
64.0,37.5,ascending,215.7125
64.0,37.75,ascending,224.79668
64.0,38.0,ascending,236.51
